t_ns,rel_s,proc_cpu_pct,rss_bytes,vms_bytes,nthreads,cpu_freq_mhz,sys_cpu_pct,sys_used_bytes,sys_available_bytes,gpu_busy_pct,gtt_used_bytes,vram_used_bytes,gpu_temp_c,gpu_power_w,cpu_temp_c,rapl_energy_uj
60360627616214,0.000289623,0.0,1126047744,15910486016,98,2373.0,0.0,4233572352,96767684608,8,307625984,1252663296,60.0,39.003,97.375,
60360736065702,0.108739111,958.7,1351426048,46713618432,129,4010.0,61.5,4309442560,96691814400,8,307625984,1252663296,61.0,39.068,97.5,
60360801816753,0.174490162,1536.7,1753829376,46713618432,129,4220.0,47.4,4498894848,96502362112,8,307625984,1252663296,60.0,40.039,97.625,
60360854472714,0.227146123,1443.0,2083635200,46713618432,129,4048.0,45.2,4660793344,96340463616,7,307625984,1252663296,60.0,41.006,97.75,
60360910793860,0.283467269,1740.7,2669441024,46713618432,129,4046.0,57.6,4942888960,96058368000,7,307625984,1252663296,60.0,41.09,97.875,
60360970649424,0.343322833,1119.4,3117793280,46713618432,129,4020.0,36.7,5154856960,95846400000,7,307625984,1252663296,61.0,42.055,98.125,
60361043734559,0.416407968,1395.1,3498938368,46713618432,129,4122.0,48.3,5335535616,95665721344,7,305860608,1252663296,60.0,43.01,98.125,
60361100655549,0.473328958,1301.5,3875278848,46713618432,129,4041.0,39.7,5512929280,95488327680,7,305860608,1252663296,60.0,43.056,98.25,
60361153578662,0.526252071,1076.9,4258361344,46713618432,129,4147.0,36.1,5690986496,95310270464,7,305860608,1252663296,60.0,44.001,98.25,
60361210030122,0.582703531,1806.8,4505047040,46713618432,129,4231.0,59.8,5810491392,95190765568,7,305860608,1252663296,60.0,44.092,98.0,
60361263488869,0.636162278,654.3,4977381376,46713618432,129,4136.0,22.4,6057504768,94943752192,7,305860608,1252663296,60.0,45.024,97.875,
60361317613085,0.690286494,1423.5,5242990592,46713618432,129,4272.0,48.2,6186438656,94814818304,7,305860608,1252663296,60.0,45.089,97.25,
60361370684335,0.743357744,1186.7,5557547008,46713618432,129,4228.0,42.1,6363889664,94637367296,7,322306048,1265025024,60.0,46.081,96.75,
60361428596014,0.801269423,828.4,5980360704,46713618432,129,4245.0,35.5,6575706112,94425550848,8,324403200,1267142656,61.0,47.077,96.625,
60361483610869,0.856284278,1782.1,6182060032,46714667008,129,4194.0,60.5,6676529152,94324727808,8,324403200,1267142656,60.0,48.037,96.75,
60361535550748,0.908224157,847.2,6550659072,46714667008,129,3890.0,28.8,6864453632,94136803328,8,324403200,1267142656,61.0,48.042,97.0,
60361589042277,0.961715686,1009.4,6852952064,46714667008,129,4038.0,35.4,7015403520,93985853440,8,324403200,1267142656,61.0,48.082,97.125,
60361646690751,1.01936416,1561.6,7106482176,46714667008,129,4070.0,52.0,7138250752,93863006208,8,324403200,1267142656,61.0,49.01,97.25,
60361702552746,1.075226155,1074.1,7531876352,46714667008,129,4180.0,35.6,7352848384,93648408576,8,324403200,1267142656,61.0,49.01,97.375,
60361760680098,1.133353507,1393.6,7889584128,46714667008,129,4093.0,47.0,7532482560,93468774400,8,324403200,1267142656,61.0,49.024,97.625,
60361822566140,1.195239549,1066.3,8321101824,46714667008,129,3953.0,35.6,7751516160,93249740800,8,324403200,1267142656,61.0,49.017,97.75,
60361885681217,1.258354626,1441.4,8730525696,46714667008,129,4102.0,51.0,7950639104,93050617856,8,324403200,1267142656,61.0,49.03,97.875,
60361939698672,1.312372081,1351.5,9101115392,46714667008,129,3960.0,42.9,8137986048,92863270912,8,324403200,1267142656,61.0,49.04,98.0,
60361992595215,1.365268624,1096.8,9469927424,46714667008,129,4158.0,37.3,8323862528,92677394432,8,324403200,1267142656,61.0,49.051,98.125,
60362056033427,1.428706836,1765.6,9737203712,46714667008,129,4128.0,59.9,8454418432,92546838528,8,324403200,1267142656,61.0,49.065,98.25,
60362110044510,1.482717919,1739.6,10473025536,46714667008,129,4154.0,58.7,8889856000,92111400960,8,324403200,1267142656,61.0,50.008,98.25,
60362171035434,1.543708843,2984.4,11481251840,46714667008,129,4151.0,98.4,9409589248,91591667712,8,324403200,1267142656,61.0,50.089,98.375,
60362235036682,1.607710091,3047.4,13021818880,46714667008,129,4138.0,98.5,10211942400,90789314560,8,324403200,1267142656,61.0,51.044,98.5,
60362288027602,1.660701011,2943.9,13959176192,46714667008,129,4144.0,97.6,10710409216,90290847744,8,324403200,1267142656,61.0,51.091,98.5,
60362341050251,1.71372366,3054.1,14935580672,46714667008,129,4135.0,99.4,11211685888,89789571072,8,324403200,1267142656,60.0,52.036,98.625,
60362394047263,1.766720672,3073.8,16355856384,46714667008,129,4124.0,99.4,11985866752,89015390208,8,324403200,1267142656,61.0,52.09,98.75,
60362447025148,1.819698557,3061.0,17381941248,46714667008,129,4143.0,100.0,12446343168,88554913792,8,324403200,1267142656,61.0,53.027,98.75,
60362502580747,1.875254156,3023.1,18323349504,46714667008,129,4131.0,99.4,12904517632,88096739328,8,322637824,1267142656,61.0,53.058,98.875,
60362554613801,1.92728721,3035.8,19254308864,46714667008,129,4051.0,100.0,13359919104,87641337856,8,322637824,1267142656,60.0,53.066,98.75,
60362607028189,1.979701598,3053.8,20199452672,46714667008,129,4031.0,98.3,13897486336,87103770624,8,322637824,1267142656,61.0,53.061,98.5,
60362665578746,2.038252155,3023.4,21677350912,46714667008,129,3996.0,100.0,14632284160,86368972800,8,322637824,1267142656,61.0,53.048,98.25,
60362718039541,2.09071295,3046.7,22651355136,46714667008,129,4039.0,98.8,15128768512,85872488448,8,322637824,1267142656,61.0,53.031,97.875,
60362771026523,2.143699932,3040.7,23555481600,46714667008,129,4067.0,98.2,15554473984,85446782976,8,322637824,1267142656,61.0,53.02,97.625,
60362823580013,2.196253422,2778.6,24427503616,46714667008,129,4073.0,93.4,15997542400,85003714560,8,322637824,1267142656,60.0,53.012,97.5,
60362878029357,2.250702766,3048.8,25432784896,46714667008,129,4068.0,97.7,16482152448,84519104512,8,322637824,1267142656,61.0,53.011,97.375,
60362931031758,2.303705167,3018.6,26699636736,46714667008,129,4019.0,98.2,17133821952,83867435008,8,322637824,1267142656,61.0,53.014,97.125,
60362984036885,2.356710294,2885.4,27781570560,46714667008,129,4017.0,94.6,17685159936,83316097024,8,322637824,1267142656,61.0,53.011,97.0,
60363037068080,2.409741489,2977.9,28692271104,46714667008,129,4044.0,97.6,18159747072,82841509888,8,322637824,1267142656,61.0,53.004,96.875,
60363094038132,2.466711541,2880.6,29593645056,46714667008,129,4027.0,99.4,18626519040,82374737920,8,322637824,1267142656,60.0,51.022,97.125,
60363309039498,2.681712907,902.3,15373561856,34511814656,129,4152.0,36.0,18636705792,82364551168,8,322637824,1267142656,60.0,51.037,97.25,
60363365121154,2.737794563,2995.5,15383875584,34511814656,129,4149.0,97.6,18637737984,82363518976,8,322637824,1267142656,61.0,51.059,97.375,
60363418029298,2.790702707,3062.1,15414362112,34501193728,129,4138.0,98.8,18647310336,82353946624,8,307625984,1267142656,61.0,51.089,97.625,
60363478036977,2.850710386,2916.6,15500111872,34416226304,129,4139.0,95.3,18689609728,82311647232,8,307625984,1267142656,60.0,52.017,97.75,
60363531049096,2.903722505,2998.6,15565049856,34373750784,129,4135.0,96.5,18747285504,82253971456,8,307625984,1267142656,61.0,52.036,97.875,
60363583049408,2.955722817,3096.2,15730503680,34238386176,129,4121.0,100.0,18897469440,82103787520,8,307625984,1267142656,61.0,52.066,98.0,
60363652227235,3.024900644,3079.1,15951560704,33999507456,129,4123.0,98.7,19146973184,81854283776,8,307625984,1267142656,61.0,52.091,98.125,
60363706617218,3.079290627,3052.0,16004165632,33927835648,129,4151.0,98.2,19175874560,81825382400,8,307625984,1267142656,60.0,53.003,98.125,
60363758757071,3.13143048,3107.1,16031133696,33927835648,129,4157.0,99.4,19196518400,81804738560,8,307625984,1267142656,61.0,53.02,98.25,
60363814668719,3.187342128,3112.5,16043466752,33927835648,129,4141.0,99.4,19204001792,81797255168,8,307625984,1267142656,60.0,53.023,98.375,
60363869059824,3.241733233,3161.9,16046567424,33927835648,129,4154.0,100.0,19212718080,81788538880,8,307625984,1267142656,60.0,53.022,98.375,
60363922046095,3.294719504,3152.4,16050634752,33927835648,129,4144.0,100.0,19213492224,81787764736,8,307625984,1267142656,61.0,53.02,98.5,
60363980759045,3.353432454,3066.4,16087662592,33927835648,129,4138.0,98.8,19211919360,81789337600,8,305860608,1267142656,61.0,53.017,98.625,
60364035041677,3.407715086,3075.9,16173711360,33927835648,129,4147.0,97.7,19211919360,81789337600,8,305860608,1267142656,60.0,53.018,98.625,
60364087710513,3.460383922,3018.5,16257896448,33927835648,129,4147.0,98.8,19211919360,81789337600,8,305860608,1267142656,61.0,53.018,98.75,
60364141033275,3.513706684,3150.5,16451100672,33927835648,129,4147.0,100.0,19211919360,81789337600,8,305860608,1267142656,60.0,53.024,98.75,
60364197705719,3.570379128,3070.4,16646856704,33927835648,129,4145.0,100.0,19212660736,81788596224,8,305860608,1267142656,60.0,53.029,98.875,
60364251027949,3.623701358,3113.5,16700661760,33927835648,129,4142.0,99.4,19212660736,81788596224,8,305860608,1267142656,61.0,53.022,98.875,
60364304033787,3.676707196,3130.6,16714362880,33927835648,129,4125.0,100.0,19212660736,81788596224,8,305860608,1267142656,60.0,53.012,99.0,
60364362295141,3.73496855,2284.4,16726761472,33958305792,129,2782.0,60.7,19217551360,81783705600,8,305860608,1260851200,61.0,52.061,99.0,
60364575234869,3.947908278,196.9,16732680192,33293844480,37,2780.0,9.6,19248263168,81752993792,8,307625984,1247162368,61.0,49.09,99.25,
60364634743311,4.00741672,219.4,16763023360,40869531648,37,2523.0,9.2,19284594688,81716662272,8,307625984,1247162368,61.0,49.028,99.25,
60364696752935,4.069426344,193.6,16781938688,40869531648,37,2549.0,9.7,19300438016,81700818944,8,307625984,1247162368,61.0,48.068,99.375,
60364751696396,4.124369805,218.4,16791556096,41138806784,41,2461.0,10.2,19317268480,81683988480,8,307625984,1247162368,61.0,48.018,99.375,
60364809621990,4.182295399,707.8,17158430720,41927446528,68,2923.0,27.8,19316559872,81684697088,8,307625984,1247162368,61.0,48.073,99.375,
60364867577680,4.240251089,396.9,17240612864,41927446528,68,3256.0,19.0,19315433472,81685823488,8,307625984,1247162368,61.0,48.084,99.375,
60364926644213,4.299317622,253.9,17331449856,41927446528,68,3212.0,14.4,19313242112,81688014848,8,305860608,1247162368,61.0,48.083,99.375,
60364984777437,4.357450846,395.6,17427263488,41927446528,68,3181.0,14.8,19310641152,81690615808,8,305860608,1247162368,61.0,48.051,99.5,
60365050866751,4.42354016,227.0,17527402496,41927446528,68,3059.0,11.3,19309449216,81691807744,8,305860608,1247162368,60.0,48.029,99.0,
60365103818196,4.476491605,358.7,17598050304,41927446528,68,3087.0,15.3,19311108096,81690148864,8,305860608,1247162368,61.0,48.031,98.875,
60365160129563,4.532802972,603.6,17905217536,41927446528,68,3541.0,23.8,19311009792,81690247168,7,305860608,1247162368,60.0,48.045,99.0,
60365217460922,4.590134331,1169.3,18487111680,41927446528,68,3084.0,40.1,19311173632,81690083328,8,305860608,1247162368,61.0,48.09,99.0,
60365293868467,4.666541876,379.5,18602323968,41927446528,68,3314.0,14.0,19309912064,81691344896,7,307957760,1247162368,61.0,48.069,99.125,
60365346753017,4.719426426,245.8,18700890112,41927446528,68,3152.0,9.7,19313012736,81688244224,8,312152064,1245065216,61.0,48.032,99.125,
60365411905755,4.784579164,383.7,18814005248,41927446528,68,3002.0,16.8,19312885760,81688371200,8,313917440,1245065216,61.0,48.037,99.25,
60365467660367,4.840333776,251.1,18912702464,41927446528,68,3186.0,13.1,19312979968,81688276992,8,313917440,1245065216,61.0,48.014,99.25,
60365531444729,4.904118138,439.1,19018084352,41927446528,68,3246.0,15.8,19312758784,81688498176,8,313917440,1245065216,61.0,47.089,99.25,
60365583672627,4.956346036,191.5,19099353088,41927446528,68,2927.0,10.7,19311628288,81689628672,8,313917440,1245065216,61.0,47.03,99.375,
60365635694709,5.008368118,441.8,19186122752,41927446528,68,2880.0,17.4,19312148480,81689108480,8,313917440,1245065216,61.0,47.016,99.375,
60365698656327,5.071329736,285.7,19303170048,41927446528,68,3063.0,14.6,19311329280,81689927680,8,313917440,1245065216,60.0,47.013,99.25,
60365759197657,5.131871066,396.7,19403177984,41927446528,68,3303.0,16.1,19310858240,81690398720,8,313917440,1245065216,61.0,46.079,99.25,
60365817773961,5.19044737,239.0,19509346304,41927446528,68,2984.0,11.3,19311497216,81689759744,8,313917440,1245065216,60.0,46.077,98.875,
60365874465520,5.247138929,370.2,19585236992,41927446528,68,2787.0,12.8,19311960064,81689296896,8,313917440,1245065216,61.0,46.072,99.0,
60365935776353,5.308449762,228.4,19665190912,41927446528,68,3048.0,9.8,19310927872,81690329088,8,313917440,1245065216,61.0,46.02,99.0,
60365989869809,5.362543218,369.7,19729678336,41927446528,68,3534.0,17.5,19309350912,81691906048,8,313917440,1245065216,61.0,45.09,99.125,
60366042791970,5.415465379,226.8,19799932928,41927446528,68,3019.0,8.9,19309043712,81692213248,8,313917440,1245065216,61.0,45.03,99.125,
60366101159182,5.473832591,188.5,19875823616,41927446528,68,2280.0,9.7,19309109248,81692147712,8,313917440,1245065216,60.0,44.072,99.25,
60366168856131,5.54152954,398.7,19962986496,41927446528,68,3245.0,14.7,19308728320,81692528640,8,313917440,1245065216,61.0,44.036,99.25,
60366224788787,5.597462196,250.3,20038352896,41927446528,68,3140.0,10.7,19308146688,81693110272,8,313917440,1245065216,61.0,43.098,99.25,
60366276839182,5.649512591,403.4,20107689984,41927446528,68,2974.0,15.4,19308548096,81692708864,8,313917440,1245065216,60.0,43.074,99.25,
60366332042471,5.70471588,235.6,20180959232,41927446528,68,3392.0,12.9,19308462080,81692794880,8,313917440,1245065216,60.0,43.054,99.375,
60366386370998,5.759044407,184.1,20253048832,41927446528,68,3202.0,9.9,19309625344,81691631616,8,309723136,1245065216,60.0,43.035,99.375,
60366440982306,5.813655715,439.2,20327759872,41927446528,68,3194.0,21.5,19309768704,81691488256,8,309723136,1245065216,60.0,43.059,99.5,
60366493722585,5.866395994,170.8,20398538752,41927446528,68,3048.0,7.9,19310215168,81691041792,8,309723136,1245065216,60.0,43.037,99.5,
60366546899053,5.919572462,244.6,20464992256,41927446528,68,3468.0,10.1,19310620672,81690636288,8,309723136,1245065216,60.0,43.004,99.5,
60366601639262,5.974312671,365.4,20533608448,41927446528,68,3124.0,13.8,19309244416,81692012544,8,309723136,1245065216,60.0,42.088,99.5,
60366659784027,6.032457436,240.6,20609957888,41927446528,68,3237.0,11.1,19309395968,81691860992,8,309723136,1245065216,60.0,42.049,99.625,
60366718788744,6.091462153,373.0,20685717504,41927446528,68,3338.0,14.4,19309326336,81691930624,8,309723136,1245065216,60.0,42.028,99.625,
60366775876356,6.148549765,245.1,20763049984,41927446528,68,3157.0,11.0,19309613056,81691643904,8,309723136,1245065216,61.0,42.015,99.625,
60366828852658,6.201526067,188.8,20843528192,41927446528,68,2922.0,9.4,19309178880,81692078080,8,309723136,1245065216,60.0,41.092,99.625,
60366880768581,6.25344199,423.8,20913782784,41927446528,68,3675.0,16.7,19309416448,81691840512,8,309723136,1245065216,60.0,42.013,99.75,
60366938726295,6.311399704,224.3,20991639552,41927446528,68,3294.0,11.5,19309842432,81691414528,8,309723136,1245065216,60.0,42.017,99.75,
60367008803227,6.381476636,385.1,21085487104,41927446528,68,3140.0,14.3,19309699072,81691557888,8,309723136,1245065216,60.0,42.024,99.375,
60367085052635,6.457726044,236.1,21190344704,41927446528,68,3182.0,11.2,19314323456,81686933504,8,309723136,1245065216,60.0,42.018,99.5,
60367147870103,6.520543512,350.1,21274886144,41927446528,68,2947.0,15.7,19314061312,81687195648,8,309723136,1245065216,61.0,42.018,99.5,
60367200905054,6.573578463,245.3,21347893248,41927446528,68,3046.0,10.1,19313848320,81687408640,8,309723136,1245065216,60.0,42.011,99.5,
60367253638150,6.626311559,189.8,21415919616,41927446528,68,2648.0,9.1,19313647616,81687609344,8,309723136,1245065216,61.0,42.001,99.625,
60367305856701,6.67853011,440.0,21482373120,41927446528,68,2946.0,16.3,19313545216,81687711744,8,309723136,1245065216,60.0,42.013,99.625,
60367359806448,6.732479857,185.3,21557739520,41927446528,68,2927.0,9.4,19313213440,81688043520,8,309723136,1245065216,60.0,41.096,99.625,
60367411919891,6.7845933,460.3,21646213120,41927446528,68,3688.0,21.4,19314573312,81686683648,8,307625984,1245065216,60.0,42.016,99.625,
60367474304287,6.846977696,240.5,21756575744,41927446528,68,2837.0,11.2,19313487872,81687769088,8,307625984,1245065216,61.0,42.024,99.625,
60367526804806,6.899478215,514.4,21855010816,41927446528,68,3097.0,18.2,19313602560,81687654400,8,307625984,1245065216,61.0,42.029,99.75,
60367593924262,6.966597671,238.3,21974941696,41927446528,68,2979.0,10.3,19313668096,81687588864,8,307625984,1245065216,60.0,42.017,99.75,
60367653938372,7.026611781,416.6,22069182464,41927446528,68,3729.0,14.1,19312484352,81688772608,8,307625984,1245065216,60.0,42.034,99.75,
60367728962161,7.10163557,239.9,22195011584,41927446528,68,2863.0,10.5,19311546368,81689710592,8,307625984,1245065216,60.0,42.022,99.75,
60367784914003,7.157587412,411.2,22290628608,41927446528,68,2813.0,16.7,19310571520,81690685440,8,307625984,1245065216,60.0,42.024,99.875,
60367843928519,7.216601928,304.9,22396076032,41927446528,68,2992.0,10.8,19311501312,81689755648,8,307625984,1245065216,60.0,42.021,99.875,
60367909421444,7.282094853,397.0,22512992256,41927446528,68,3024.0,14.4,19309314048,81691942912,8,307625984,1245065216,60.0,41.099,99.25,
60367963844919,7.336518328,238.9,22589145088,41927446528,68,3194.0,12.4,19309670400,81691586560,8,307625984,1245065216,60.0,41.076,98.625,
60368020153009,7.392826418,355.4,22674866176,41927446528,68,3723.0,13.1,19309346816,81691910144,8,307625984,1245065216,60.0,42.035,98.125,
60368076410825,7.449084234,248.8,22774087680,41927446528,68,2577.0,9.9,19309871104,81691385856,8,307625984,1245065216,60.0,42.022,98.25,
60368128692674,7.501366083,440.0,22860136448,41927446528,68,2830.0,15.2,19310022656,81691234304,8,307625984,1245065216,60.0,42.053,98.25,
60368184752248,7.557425657,231.9,22970040320,41927446528,68,3113.0,11.2,19310174208,81691082752,8,307625984,1245065216,60.0,42.053,98.375,
60368244082897,7.616756306,471.7,23081058304,41927446528,68,2988.0,14.8,19308097536,81693159424,8,305860608,1245065216,60.0,42.069,98.5,
60368301931295,7.674604704,432.6,23191289856,41927446528,68,3581.0,16.9,19306840064,81694416896,8,305860608,1245065216,60.0,42.089,98.625,
60368360481270,7.733154679,239.1,23290511360,41927446528,68,2745.0,10.2,19305689088,81695567872,8,305860608,1245065216,60.0,42.091,98.625,
60368418979467,7.791652876,239.3,23369867264,41927446528,68,2956.0,11.8,19306278912,81694978048,8,307625984,1245065216,60.0,42.082,98.75,
60368473175856,7.845849265,350.7,23447547904,41927446528,68,2692.0,17.1,19306741760,81694515200,8,307625984,1245065216,60.0,42.096,98.875,
60368552056609,7.924730018,342.2,23560642560,41927446528,68,3106.0,12.9,19305504768,81695752192,8,307625984,1245065216,60.0,42.069,98.875,
60368605935443,7.978608852,315.4,23644205056,41927446528,68,2983.0,12.2,19306090496,81695166464,8,307625984,1245065216,60.0,42.048,98.875,
60368660583579,8.033256988,201.4,23728373760,41927446528,68,2804.0,8.7,19306242048,81695014912,8,307625984,1245065216,60.0,42.037,99.0,
60368721931872,8.094605281,179.3,23820959744,41927446528,68,3011.0,9.3,19306414080,81694842880,8,307625984,1245065216,60.0,42.026,99.125,
60368776976803,8.149650212,145.3,23902486528,41927446528,68,2598.0,7.9,19305881600,81695375360,8,307625984,1245065216,60.0,42.009,99.125,
60368830901382,8.203574791,129.8,23993057280,41927446528,68,2782.0,7.0,19306299392,81694957568,8,307625984,1245065216,60.0,41.091,99.125,
60368893197131,8.26587054,144.5,24098111488,41927446528,68,2921.0,7.1,19306086400,81695170560,8,307625984,1245065216,60.0,41.083,99.25,
60368955890426,8.328563835,143.5,24195039232,41927446528,68,2602.0,7.5,19305934848,81695322112,8,307625984,1245065216,60.0,41.072,99.25,
60369011908322,8.384581731,125.0,24274599936,41927446528,68,2815.0,6.2,19307044864,81694212096,7,307625984,1245065216,60.0,41.057,99.375,
60369067979978,8.440653387,178.3,24366784512,41927446528,68,3124.0,10.1,19306717184,81694539776,7,307625984,1245065216,60.0,41.068,99.375,
60369132994055,8.505667464,507.6,24402489344,50279395328,70,3851.0,18.7,19315597312,81685659648,7,307625984,1245065216,60.0,42.041,99.375,
60369198469758,8.571143167,381.8,24441147392,50924838912,70,3066.0,13.9,19341094912,81660162048,8,307625984,1245065216,60.0,42.05,99.5,
60369250887702,8.623561111,133.7,24512581632,50924838912,70,2663.0,6.6,19341225984,81660030976,8,307625984,1245065216,60.0,42.02,99.5,
60369310881143,8.683554552,133.3,24592535552,50924838912,70,2847.0,6.8,19341553664,81659703296,7,309723136,1245065216,60.0,41.092,98.875,
60369362974699,8.735648108,134.4,24662921216,50924838912,70,2680.0,7.8,19345256448,81656000512,8,313917440,1230041088,60.0,41.082,98.5,
60369416011324,8.788684733,132.0,24741564416,50924838912,70,2687.0,8.2,19344846848,81656410112,8,313917440,1230041088,60.0,41.094,98.5,
60369468881235,8.841554644,113.5,24824991744,50924838912,70,3416.0,7.8,19345924096,81655332864,8,313917440,1230041088,60.0,41.097,98.625,
60369521980117,8.894653526,131.7,24904093696,50924838912,70,2537.0,7.0,19345526784,81655730176,8,313917440,1230041088,60.0,41.065,98.625,
60369727144339,9.099817748,253.5,24486457344,51508948992,74,2931.0,10.0,19421216768,81580040192,8,313917440,1230041088,60.0,42.012,98.5,
60369923027367,9.295700776,653.2,17327808512,46364798976,104,3677.0,65.7,19672117248,81329139712,8,313917440,1230041088,60.0,43.065,98.25,
60369978171153,9.350844562,1687.0,18085666816,46770401280,104,3814.0,59.8,20076994560,80924262400,8,313917440,1230041088,60.0,45.0,97.625,
60370032133894,9.404807303,1705.0,18720366592,47113547776,104,3698.0,61.6,20388200448,80613056512,8,313917440,1230041088,60.0,46.035,97.0,
60370086090043,9.458763452,1685.6,19322859520,47378157568,104,2948.0,61.1,20672311296,80328945664,8,313917440,1230041088,60.0,47.019,96.25,
60370141151435,9.513824844,1708.6,20093722624,47764058112,104,3233.0,61.6,21033906176,79967350784,8,313917440,1230041088,60.0,47.06,95.5,
60370195295616,9.567969025,1680.8,20641771520,48082845696,104,3261.0,61.7,21298900992,79702355968,8,313917440,1230041088,61.0,48.025,94.875,
60370249183657,9.621857066,1685.8,21250011136,48342908928,104,3184.0,62.2,21586366464,79414890496,8,313917440,1230041088,60.0,48.094,94.125,
60370303200069,9.675873478,1723.7,22020870144,48728809472,104,3376.0,61.3,21975470080,79025786880,8,313917440,1230041088,60.0,49.049,93.5,
60370357202996,9.729876405,1703.7,22757412864,49097932800,104,3484.0,61.0,22351933440,78649323520,8,313917440,1230041088,60.0,49.098,92.875,
60370411155718,9.783829127,1705.3,23328182272,49383161856,104,3303.0,62.3,22639759360,78361497600,8,313917440,1230041088,60.0,50.054,92.25,
60370465191596,9.837865005,1682.5,23949279232,49693560832,104,3276.0,62.4,22953504768,78047752192,8,313917440,1230041088,60.0,51.01,91.75,
60370519124021,9.89179743,1707.6,24720343040,50079465472,104,3381.0,61.2,23350382592,77650874368,9,313917440,1230041088,60.0,51.055,91.125,
60370573196598,9.945870007,1701.7,25482543104,50465366016,104,3549.0,61.6,23740035072,77261221888,9,313917440,1230041088,60.0,51.092,90.625,
60370627238988,9.999912397,1701.9,26060083200,50784153600,104,3401.0,64.0,24015888384,76985368576,9,313917440,1230041088,60.0,52.036,90.0,
60370681120036,10.053793445,1708.0,26682990592,51069382656,104,3290.0,61.2,24327839744,76673417216,9,313917440,1230041088,60.0,52.08,89.5,
60370735157006,10.107830415,1701.6,27420815360,51430117376,104,3311.0,61.8,24682369024,76318887936,9,313917440,1230041088,60.0,53.023,89.0,
60370789163890,10.161837299,1702.1,28192452608,51816017920,104,3465.0,62.1,25061310464,75939946496,9,313917440,1230041088,60.0,53.055,88.5,
60370843214827,10.215888236,1685.8,28952072192,52202676224,104,3471.0,61.5,25461669888,75539587072,9,313917440,1230041088,60.0,53.082,88.0,
60370897331737,10.270005146,1718.5,29557374976,52522979328,104,3048.0,62.6,25769381888,75231875072,9,313917440,1230041088,60.0,54.005,87.625,
60370951178460,10.323851869,1687.5,30121541632,52784562176,104,2905.0,61.8,26047307776,74953949184,9,313917440,1230041088,61.0,53.072,87.0,
60371011390822,10.384064231,1679.5,31030751232,53851996160,104,3168.0,61.5,26566090752,74435166208,9,313917440,1230041088,61.0,53.034,86.5,
60371065195446,10.437868855,1636.0,32115044352,53964693504,104,3177.0,57.3,27068649472,73932607488,9,313917440,1230041088,60.0,53.022,86.0,
60371118201914,10.490875323,1396.2,32336748544,54077128704,104,3096.0,52.7,27299913728,73701343232,9,313917440,1230041088,61.0,52.091,85.5,
60371171446599,10.544120008,1387.1,32284811264,53971771392,104,3515.0,73.6,27346714624,73654542336,9,313917440,1230041088,60.0,52.09,85.125,
60371226283499,10.598956908,1735.3,32284815360,53971771392,104,3350.0,63.4,27347746816,73653510144,9,313917440,1230041088,60.0,52.084,84.75,
60371280109654,10.652783063,1689.1,32284872704,53972819968,104,3472.0,64.5,27346776064,73654480896,9,312152064,1230041088,61.0,52.086,84.375,
60371334519143,10.707192552,239.2,32309694464,54196514816,104,3305.0,12.4,27522945024,73478311936,10,714813440,1230467072,60.0,51.088,84.5,
60371400314685,10.772988094,212.9,31705706496,54196502528,104,2650.0,10.1,27542794240,73458462720,12,1117466624,1231265792,61.0,51.047,85.125,
60371457801315,10.830474724,191.4,31303049216,54196494336,104,3038.0,12.7,27537342464,73463914496,14,1521885184,1232412672,61.0,51.036,86.125,
60371523942375,10.896615784,226.7,30699057152,54196482048,104,3096.0,11.7,27919904768,73081352192,15,2125864960,1233268736,61.0,51.024,86.625,
60371580229805,10.952903214,195.6,30095065088,54196469760,104,2949.0,9.6,28189396992,72811859968,16,2729844736,1234472960,61.0,51.042,87.25,
60371637057048,11.009730457,193.5,29491073024,54196457472,104,2957.0,10.4,28536324096,72464932864,17,3333824512,1235673088,62.0,51.051,87.875,
60371695311037,11.067984446,206.1,28887080960,54196445184,104,2692.0,10.3,28407369728,72593887232,17,3937804288,1236873216,62.0,51.05,88.5,
60371748040715,11.120714124,208.6,28484423680,54196436992,104,3081.0,9.6,28544983040,72456273920,18,4340457472,1238073344,62.0,51.038,89.125,
60371813050484,11.185723893,215.2,27679100928,53995094016,104,2964.0,10.2,28606562304,72394694656,19,5145763840,1239273472,62.0,51.033,89.75,
60371873080603,11.245754012,199.9,27276443648,54196412416,104,2770.0,9.6,28733784064,72267472896,19,5548417024,1240408064,62.0,51.01,90.25,
60371927136469,11.299809878,203.6,26672451584,53995073536,104,2793.0,9.4,28659306496,72341950464,20,6152396800,1241272320,61.0,50.092,90.75,
60371978971610,11.351645019,192.8,26269790208,54196391936,104,2924.0,10.2,28839677952,72161579008,20,6555049984,1242386432,62.0,50.072,91.25,
60372040218621,11.41289203,212.3,25867128832,54129274880,104,2806.0,9.7,28776583168,72224673792,20,6991257600,1242873856,62.0,50.039,91.875,
60372111119418,11.483792827,225.7,25330237440,54095699968,104,2778.0,10.2,28880273408,72120983552,21,7494574080,1242779648,61.0,50.022,92.375,
60372183069552,11.555742961,222.2,24826900480,54095679488,104,2737.0,10.8,28944474112,72056782848,21,7997890560,1242873856,62.0,50.013,93.0,
60372271334703,11.644008112,238.0,24021561344,54095646720,104,2806.0,11.3,28953452544,72047804416,22,8702533632,1242873856,62.0,50.017,93.375,
60372335111048,11.707784457,204.1,23518224384,53994962944,104,2526.0,10.8,28923527168,72077729792,22,9306513408,1242746880,62.0,50.002,93.875,
60372403220380,11.775893789,220.0,23014891520,54095605760,104,2948.0,11.1,28982222848,72019034112,23,9709166592,1242873856,61.0,49.095,94.125,
60372455049689,11.827723098,192.9,22612230144,54095589376,104,3741.0,23.8,28931993600,72069263360,23,10212483072,1242873856,61.0,50.053,94.625,
60372535074717,11.907748126,224.9,22108860416,54028427264,104,2620.0,14.9,28918915072,72082341888,23,10816462848,1242861568,61.0,50.037,95.125,
60372625924465,11.998597874,231.2,21504806912,54028353536,104,2793.0,11.1,28919046144,72082210816,24,11185561600,1242783744,62.0,50.022,95.375,
60372681130417,12.053803826,199.2,21102104576,54028304384,104,2984.0,10.2,28920168448,72081088512,24,11755986944,1242816512,62.0,50.02,95.625,
60372757198915,12.129872324,223.6,20464492544,54028226560,104,2697.0,10.6,28926390272,72074866688,24,12225748992,1242812416,62.0,50.012,95.875,
60372813031613,12.185705022,197.0,20028231680,54028173312,104,2473.0,9.8,28926828544,72074428416,25,12829728768,1242734592,62.0,49.093,96.125,
60372892126916,12.264800325,227.4,19424178176,54028099584,104,2696.0,12.0,28901531648,72099725312,25,13366599680,1242779648,62.0,49.081,96.5,
60372965139132,12.337812541,219.2,18887241728,54028034048,104,2868.0,10.3,28845993984,72155262976,25,14004133888,1242763264,62.0,49.063,96.75,
60373045181853,12.417855262,224.8,18316746752,54027964416,104,2631.0,10.8,28872531968,72128724992,25,14507450368,1242677248,62.0,49.044,96.875,
60373127166355,12.499839764,231.8,18117861376,54062686208,104,2990.0,11.5,28870815744,72130441216,24,14575071232,1242697728,61.0,49.003,97.125,
60373193141344,12.565814753,591.5,18136649728,54172532736,105,4188.0,21.5,28884430848,72116826112,23,14703927296,1242472448,61.0,48.069,97.375,
60373293298397,12.665971806,239.5,18240974848,54386626560,105,2915.0,11.0,29001875456,71999381504,22,14760833024,1242370048,61.0,48.013,97.75,
60373456538464,12.829211873,257.3,18303864832,54512848896,105,3113.0,13.7,29066018816,71935238144,20,14778408960,1242345472,61.0,48.007,97.875,
60373535454552,12.908127961,240.6,18352214016,54622564352,105,2538.0,14.5,29130977280,71870279680,20,14833012736,1242243072,61.0,47.099,98.0,
60373592419843,12.965093252,193.1,18383040512,54663385088,105,2949.0,9.9,29139509248,71861747712,20,14843531264,1242247168,61.0,47.087,98.125,
60373650458618,13.023132027,206.7,18424324096,54985793536,105,2690.0,11.9,29452771328,71548485632,21,15154126848,1241710592,66.0,48.063,98.125,
60373708197801,13.08087121,208.2,18424385536,55287881728,105,2724.0,10.8,29756411904,71244845056,24,15456165888,1241128960,67.0,49.071,97.875,
60373762259938,13.134933347,850.5,18424397824,55287881728,105,2505.0,29.2,29756362752,71244894208,29,15456165888,1241128960,68.0,50.083,97.25,
60373820320744,13.192994153,223.8,18424401920,55287881728,105,1799.0,13.2,29756362752,71244894208,32,15456165888,1241128960,68.0,51.019,96.5,
60373874180952,13.246854361,185.7,18424401920,55287881728,105,1913.0,9.2,29756362752,71244894208,36,15456165888,1241128960,69.0,51.072,95.75,
60373928241006,13.300914415,203.5,18424401920,55287881728,105,1813.0,11.2,29722935296,71278321664,39,15456165888,1241128960,69.0,52.009,95.0,
60373982172498,13.354845907,222.5,18424401920,55287881728,105,1784.0,11.6,29722935296,71278321664,43,15456165888,1241128960,70.0,52.057,94.375,
60374036210139,13.408883548,203.4,18424406016,55287881728,105,1859.0,9.3,29722935296,71278321664,46,15456165888,1241128960,68.0,52.08,93.625,
60374090156098,13.462829507,204.0,18424406016,55287881728,105,1817.0,12.2,29722935296,71278321664,48,15456165888,1241128960,69.0,53.009,93.0,
60374144219988,13.516893397,203.5,18424406016,55287881728,105,1807.0,9.9,29723193344,71278063616,51,15456165888,1241128960,69.0,53.065,92.375,
60374198160838,13.570834247,203.9,18424406016,55287881728,105,1772.0,13.3,29723422720,71277834240,54,15456165888,1241128960,68.0,53.076,91.75,
60374252188681,13.62486209,203.5,18424406016,55287881728,105,1873.0,9.9,29723422720,71277834240,56,15456165888,1241128960,68.0,53.069,91.125,
60374306056283,13.678729692,204.3,18424406016,55287881728,105,1889.0,9.1,29723422720,71277834240,58,15456165888,1241128960,67.0,53.041,90.5,
60374361244001,13.73391741,217.3,18424406016,55287881728,105,1840.0,11.6,29723422720,71277834240,61,15456165888,1241128960,67.0,53.006,89.875,
60374415192104,13.787865513,204.0,18424406016,55287881728,105,1875.0,11.5,29723410432,71277846528,63,15456165888,1241128960,68.0,53.013,89.375,
60374469330744,13.842004153,203.0,18424406016,55287881728,105,1815.0,13.5,29723152384,71278104576,65,15456165888,1241128960,67.0,53.004,88.75,
60374523198306,13.895871715,204.3,18424406016,55287881728,105,1795.0,11.8,29723152384,71278104576,67,15456165888,1241128960,67.0,52.067,88.25,
60374577089513,13.949762922,222.6,18424410112,55287881728,105,1861.0,10.4,29723152384,71278104576,68,15456165888,1241128960,68.0,52.088,87.625,
60374631212905,14.003886314,203.4,18424414208,55287881728,105,1803.0,11.0,29723152384,71278104576,70,15456165888,1241128960,68.0,52.09,87.125,
60374685212204,14.057885613,203.7,18424414208,55287881728,105,1863.0,11.0,29723152384,71278104576,72,15456165888,1241128960,68.0,52.071,86.625,
60374740273033,14.112946442,199.7,18424414208,55287881728,105,1840.0,10.1,29723115520,71278141440,73,15456165888,1241128960,68.0,52.082,86.125,
60374794204425,14.166877834,222.5,18424414208,55287881728,105,1845.0,11.2,29723115520,71278141440,74,15456165888,1241128960,67.0,52.059,85.625,
60374848241535,14.220914944,203.6,18424414208,55287881728,105,1919.0,8.6,29715599360,71285657600,76,15456165888,1241128960,68.0,52.079,85.25,
60374902267745,14.274941154,203.6,18424414208,55287881728,105,1806.0,11.7,29715599360,71285657600,77,15456165888,1241128960,68.0,52.081,84.75,
60374956119777,14.328793186,204.3,18424414208,55287881728,105,1832.0,11.0,29689565184,71311691776,78,15456165888,1241128960,68.0,52.071,84.25,
60375010241817,14.382915226,203.2,18424414208,55287881728,105,1841.0,10.4,29689561088,71311695872,79,15456165888,1241128960,68.0,52.075,83.875,
60375064225837,14.436899246,222.3,18424414208,55287881728,105,1795.0,12.4,29681557504,71319699456,81,15456165888,1241128960,67.0,52.06,83.5,
60375118082459,14.490755868,204.2,18424418304,55287881728,105,1861.0,11.6,29681557504,71319699456,82,15456165888,1241128960,68.0,52.075,83.0,
60375172062411,14.54473582,203.9,18424418304,55287881728,105,1783.0,10.7,29681557504,71319699456,83,15456165888,1241128960,68.0,52.066,82.625,
60375225326161,14.59799957,187.7,18424422400,55287881728,105,1839.0,11.0,29681557504,71319699456,83,15456165888,1241128960,68.0,52.076,82.25,
60375279360416,14.652033825,221.9,18424422400,55287881728,105,1811.0,11.1,29681262592,71319994368,84,15456165888,1241128960,68.0,52.075,81.875,
60375333177623,14.705851032,204.8,18424422400,55287881728,105,1861.0,11.2,29681778688,71319478272,85,15456165888,1241128960,68.0,52.069,81.5,
60375386244143,14.758917552,206.9,18424422400,55287881728,105,1860.0,10.5,29682036736,71319220224,86,15456165888,1241128960,67.0,52.074,81.125,
60375439295745,14.811969154,207.8,18424422400,55287881728,105,1847.0,12.0,29682253824,71319003136,87,15456165888,1241128960,68.0,52.061,80.875,
60375492177328,14.864850737,207.7,18424422400,55287881728,105,1807.0,12.9,29682483200,71318773760,87,15456165888,1241128960,68.0,52.082,80.5,
60375545034775,14.917708184,189.5,18424422400,55287881728,105,1849.0,11.3,29682483200,71318773760,88,15456165888,1241128960,68.0,52.067,80.125,
60375598038958,14.970712367,207.5,18424422400,55287881728,105,1901.0,8.4,29682712576,71318544384,89,15456165888,1241128960,68.0,52.082,79.875,
60375651132047,15.023805456,226.0,18424426496,55287881728,105,1826.0,10.6,29683195904,71318061056,89,15456165888,1241128960,68.0,52.082,79.5,
60375704153472,15.076826881,207.5,18424426496,55287881728,105,1778.0,9.5,29683167232,71318089728,90,15456165888,1241128960,68.0,52.074,79.25,
60375757189605,15.129863014,207.4,18424430592,55287881728,105,1877.0,8.9,29683167232,71318089728,90,15456165888,1241128960,68.0,52.075,79.0,
60375810138915,15.182812324,207.8,18424430592,55287881728,105,1805.0,10.6,29683396608,71317860352,91,15456165888,1241128960,68.0,52.059,78.625,
60375863174877,15.235848286,188.5,18424430592,55287881728,105,1874.0,8.9,29683625984,71317630976,91,15456165888,1241128960,68.0,52.084,78.375,
60375916038446,15.288711855,208.1,18424430592,55287881728,105,1822.0,10.6,29641531392,71359725568,92,15456165888,1241128960,68.0,52.067,78.125,
60375969216775,15.341890184,206.9,18424430592,55287881728,105,1892.0,8.9,29641531392,71359725568,92,15456165888,1241128960,68.0,52.085,77.875,
60376022060748,15.394734157,208.2,18424430592,55287881728,105,1826.0,11.2,29642014720,71359242240,93,15456165888,1241128960,67.0,52.081,77.625,
60376075146864,15.447820273,206.9,18424430592,55287881728,105,1872.0,9.9,29642272768,71358984192,93,15456165888,1241128960,68.0,52.077,77.375,
60376128216078,15.500889487,188.7,18424430592,55287881728,105,1880.0,9.0,29642272768,71358984192,93,15456165888,1241128960,68.0,52.076,77.125,
60376181328735,15.554002144,225.6,18424434688,55287881728,105,1820.0,10.3,29642502144,71358754816,94,15456165888,1241128960,68.0,52.065,76.875,
60376235287648,15.607961057,203.8,18424434688,55287881728,105,1870.0,8.2,29642760192,71358496768,94,15456165888,1241128960,67.0,52.081,76.625,
60376289333855,15.662007264,203.5,18424434688,55287881728,105,1858.0,11.4,29642989568,71358267392,94,15456165888,1241128960,68.0,52.063,76.375,
60376343323005,15.715996414,203.7,18424438784,55287881728,105,1847.0,8.8,29643218944,71358038016,95,15456165888,1241128960,68.0,52.085,76.25,
60376397157274,15.769830683,204.5,18424438784,55287881728,105,1831.0,11.6,29643993088,71357263872,95,15456165888,1241128960,68.0,52.072,76.0,
60376451313026,15.823986435,203.1,18424438784,55287881728,105,1815.0,17.2,29678526464,71322730496,95,15456165888,1241128960,68.0,52.092,75.75,
60376505325730,15.877999139,221.9,18424438784,55287881728,105,1748.0,30.1,29678784512,71322472448,95,15456165888,1241128960,68.0,52.097,75.625,
60376560203627,15.932877036,200.8,18424438784,55287881728,105,1780.0,21.5,29678768128,71322488832,96,15456165888,1241128960,67.0,52.065,75.375,
60376613223108,15.985896517,207.2,18424438784,55287881728,105,1826.0,15.3,29666463744,71334793216,96,15456165888,1241128960,68.0,52.082,75.125,
60376666199629,16.038873038,208.1,18424438784,55287881728,105,1780.0,11.9,29666463744,71334793216,96,15456165888,1241128960,68.0,52.059,75.0,
60376719207769,16.091881178,207.2,18424442880,55287881728,105,1856.0,9.9,29666193408,71335063552,96,15456165888,1241128960,68.0,52.082,74.875,
60376772221098,16.144894507,207.8,18424442880,55287881728,105,1839.0,9.6,29666193408,71335063552,96,15456165888,1241128960,68.0,52.073,74.625,
60376825183402,16.197856811,188.9,18424442880,55287881728,105,1888.0,9.5,29666676736,71334580224,97,15456165888,1241128960,68.0,52.077,74.5,
60376878177266,16.250850675,207.5,18424442880,55287881728,105,1891.0,9.9,29666906112,71334350848,97,15456165888,1241128960,68.0,52.079,74.375,
60376931162893,16.303836302,207.6,18424446976,55287881728,105,1857.0,9.5,29641220096,71360036864,97,15456165888,1241128960,68.0,52.069,74.125,
60376984209596,16.356883005,207.4,18424446976,55287881728,105,1865.0,9.4,29633220608,71368036352,97,15456165888,1241128960,67.0,52.079,74.0,
60377037302314,16.409975723,207.2,18424446976,55287881728,105,1851.0,9.9,29625192448,71376064512,97,15456165888,1241128960,67.0,52.059,73.875,
60377091425926,16.464099335,202.9,18424446976,55287881728,105,1861.0,10.3,29625679872,71375577088,97,15456165888,1241128960,68.0,52.084,73.75,
60377145253904,16.517927313,204.4,18424446976,55287881728,105,1859.0,10.0,29625679872,71375577088,98,15456165888,1241128960,68.0,52.066,73.5,
60377199355634,16.572029043,221.4,18424451072,55287881728,105,1904.0,9.1,29625880576,71375376384,98,15456165888,1241128960,68.0,52.084,73.375,
60377254317218,16.626990627,200.5,18424455168,55287881728,105,1844.0,11.0,29625880576,71375376384,98,15456165888,1241128960,68.0,52.077,73.25,
60377308291540,16.680964949,203.8,18424455168,55287881728,105,1873.0,9.4,29625880576,71375376384,98,15456165888,1241128960,68.0,52.082,73.125,
60377362318340,16.734991749,203.6,18424455168,55287881728,105,1839.0,11.5,29625880576,71375376384,98,15454068736,1241128960,68.0,52.081,73.0,
60377416353266,16.789026675,203.6,18424455168,55287881728,105,1834.0,11.7,29625868288,71375388672,98,15454068736,1241128960,69.0,52.074,72.875,
60377470444287,16.843117696,203.3,18424455168,55287881728,105,1877.0,12.1,29625868288,71375388672,98,15451971584,1241128960,68.0,52.081,72.75,
60377524432294,16.897105703,222.4,18424455168,55287881728,105,1781.0,13.5,29626355712,71374901248,98,15451971584,1241128960,67.0,52.063,72.625,
60377578367603,16.951041012,203.9,18424455168,55287881728,105,1834.0,11.0,29626613760,71374643200,98,15451971584,1241128960,68.0,52.088,72.5,
60377632335592,17.005009001,203.8,18424455168,55287881728,105,1806.0,12.9,29623517184,71377739776,99,15451971584,1241128960,68.0,52.073,72.375,
60377686293954,17.058967363,222.4,18424459264,55287881728,105,1864.0,10.4,29623595008,71377661952,99,15451971584,1241128960,68.0,52.09,72.25,
60377740430330,17.113103739,203.3,18424532992,55287947264,105,1825.0,12.6,29623595008,71377661952,98,15452004352,1241133056,68.0,52.078,72.125,
60377797780493,17.170453902,191.9,18424541184,55287947264,105,1807.0,10.6,29623595008,71377661952,98,15452004352,1241133056,68.0,52.09,72.0,
60377854819061,17.22749247,927.9,18424635392,55292141568,105,1742.0,35.4,29619531776,71381725184,98,15456198656,1241137152,68.0,52.091,72.0,
60377908300669,17.280974078,187.4,18424635392,55292141568,105,1746.0,11.9,29602754560,71398502400,98,15456198656,1241137152,68.0,52.074,71.875,
60377961280716,17.333954125,226.5,18424635392,55292141568,105,1825.0,8.9,29586264064,71414992896,99,15456198656,1241137152,68.0,52.086,71.75,
60378014337597,17.387011006,207.3,18424635392,55292141568,105,1786.0,13.0,29585903616,71415353344,99,15456198656,1241137152,68.0,52.066,71.625,
60378067187250,17.439860659,189.2,18424635392,55292141568,105,1811.0,10.1,29585469440,71415787520,99,15456198656,1241137152,68.0,52.088,71.625,
60378119339775,17.492013184,210.8,18424635392,55292141568,105,1842.0,12.6,29585461248,71415795712,99,15456198656,1241137152,68.0,52.073,71.5,
60378172323169,17.544996578,207.2,18424635392,55292141568,105,1851.0,11.1,29585690624,71415566336,99,15456198656,1241137152,68.0,52.089,71.375,
60378225290101,17.59796351,189.2,18424639488,55292141568,105,1830.0,12.6,29586178048,71415078912,99,15456198656,1241137152,68.0,52.087,71.375,
60378278218612,17.650892021,226.7,18424639488,55292141568,105,1841.0,10.7,29585489920,71415767040,99,15456198656,1241137152,68.0,52.08,71.25,
60378330371798,17.703045207,210.6,18424639488,55292141568,105,1802.0,10.2,29585489920,71415767040,99,15456198656,1241137152,68.0,52.079,71.125,
60378383296632,17.755970041,189.3,18424639488,55292141568,105,1845.0,13.6,29585973248,71415283712,99,15456198656,1241137152,68.0,52.068,71.125,
60378436259306,17.808932715,207.3,18424639488,55292141568,105,1837.0,10.6,29586190336,71415066624,99,15456198656,1241137152,68.0,52.092,71.0,
60378489273448,17.861946857,207.9,18424639488,55292141568,105,1825.0,13.7,29586190336,71415066624,99,15456198656,1241137152,68.0,52.065,71.0,
60378542626995,17.915300404,187.1,18424639488,55292141568,105,1831.0,11.0,29586415616,71414841344,99,15456198656,1241137152,68.0,52.086,70.875,
60378596299721,17.96897313,223.7,18424639488,55292141568,105,1774.0,11.8,29585895424,71415361536,99,15456198656,1241137152,68.0,52.073,70.875,
60378649293864,18.021967273,207.9,18424639488,55292141568,105,1840.0,9.5,29585633280,71415623680,99,15456198656,1241137152,68.0,52.09,70.75,
60378703540898,18.076214307,202.3,18424639488,55292141568,105,1816.0,12.5,29585338368,71415918592,99,15456198656,1241137152,68.0,52.083,70.75,
60378757373043,18.130046452,223.0,18424643584,55292141568,105,1836.0,11.6,29585567744,71415689216,99,15456198656,1241137152,68.0,52.083,70.625,
60378811515209,18.184188618,203.2,18424643584,55292141568,105,1826.0,10.9,29585567744,71415689216,99,15456198656,1241137152,68.0,52.081,70.625,
60378865370738,18.238044147,204.5,18424643584,55292141568,105,1799.0,11.8,29585788928,71415468032,99,15456198656,1241137152,68.0,52.077,70.5,
60378918356445,18.291029854,188.3,18424643584,55292141568,105,1809.0,11.8,29543751680,71457505280,99,15456198656,1241137152,68.0,52.08,70.5,
60378972295812,18.344969221,223.1,18424643584,55292141568,105,1780.0,12.9,29544009728,71457247232,99,15456198656,1241137152,68.0,52.065,70.375,
60379025266701,18.39794011,188.5,18424643584,55292141568,105,1829.0,11.1,29544005632,71457251328,99,15456198656,1241137152,69.0,52.087,70.375,
60379078259933,18.450933342,207.9,18424643584,55292141568,105,1794.0,12.6,29544005632,71457251328,100,15456198656,1241137152,68.0,52.069,70.25,
60379131352551,18.50402596,225.6,18424643584,55292141568,105,1893.0,9.8,29541965824,71459291136,100,15456198656,1241137152,68.0,52.088,70.25,
60379185360947,18.558034356,204.1,18424643584,55292141568,105,1849.0,12.4,29542195200,71459061760,100,15456198656,1241137152,68.0,52.079,70.25,
60379238229946,18.610903355,189.2,18424643584,55292141568,105,1850.0,10.7,29542449152,71458807808,100,15456198656,1241137152,69.0,52.085,70.125,
60379290434067,18.663107476,210.4,18424647680,55292141568,105,1867.0,10.7,29542420480,71458836480,100,15456198656,1241137152,68.0,52.082,70.125,
60379343355054,18.716028463,208.1,18424647680,55292141568,105,1772.0,12.0,29542420480,71458836480,100,15456198656,1241137152,68.0,52.075,70.125,
60379396380756,18.769054165,207.1,18424647680,55292141568,105,1841.0,12.6,29542420480,71458836480,100,15456198656,1241137152,67.0,52.082,70.0,
60379450532611,18.82320602,203.1,18424647680,55292141568,105,1854.0,12.9,29542617088,71458639872,100,15456198656,1241137152,67.0,52.065,70.0,
60379504459103,18.877132512,204.0,18424647680,55292141568,105,1846.0,11.6,29542871040,71458385920,100,15456198656,1241137152,68.0,52.087,70.0,
60379558336012,18.931009421,204.1,18424647680,55292141568,105,1873.0,10.0,29543100416,71458156544,100,15456198656,1241137152,68.0,52.066,69.875,
60379612410761,18.98508417,221.5,18424647680,55292141568,105,1877.0,9.2,29543100416,71458156544,100,15456198656,1241137152,68.0,52.087,69.875,
60379669511396,19.042184805,210.6,18424647680,55292141568,105,1839.0,10.9,29543100416,71458156544,100,15456198656,1241137152,68.0,52.072,69.875,
60379723395398,19.096068807,185.6,18424647680,55292141568,105,1863.0,9.3,29543329792,71457927168,100,15456198656,1241137152,69.0,52.09,69.875,
60379777489294,19.150162703,221.8,18424647680,55292141568,105,1839.0,10.5,29543329792,71457927168,100,15456198656,1241137152,68.0,52.081,69.75,
60379831379868,19.204053277,204.2,18424655872,55292141568,105,1837.0,9.3,29537652736,71463604224,100,15456198656,1241137152,68.0,52.085,69.75,
60379885443788,19.258117197,203.3,18424655872,55292141568,105,1824.0,10.4,29528956928,71472300032,100,15456198656,1241137152,68.0,52.084,69.75,
60379939410315,19.312083724,222.5,18424655872,55292141568,105,1867.0,9.9,29505392640,71495864320,100,15456198656,1241137152,68.0,52.077,69.75,
60379993383103,19.366056512,203.8,18424655872,55292141568,105,1889.0,9.8,29497135104,71504121856,100,15456198656,1241137152,68.0,52.078,69.625,
60380047423298,19.420096707,203.6,18424655872,55292141568,105,1838.0,9.9,29497135104,71504121856,100,15456198656,1241137152,68.0,52.068,69.625,
60380101405414,19.474078823,185.3,18424655872,55292141568,105,1835.0,9.4,29497135104,71504121856,100,15456198656,1241137152,68.0,52.088,69.625,
60380155351703,19.528025112,222.4,18424655872,55292141568,105,1887.0,10.3,29497135104,71504121856,100,15456198656,1241137152,68.0,52.066,69.625,
60380209392219,19.582065628,203.5,18424655872,55292141568,105,1827.0,9.8,29497135104,71504121856,100,15456198656,1241137152,68.0,52.089,69.625,
60380263403690,19.636077099,203.7,18424655872,55292141568,105,1839.0,9.9,29496877056,71504379904,100,15456198656,1241137152,68.0,52.073,69.5,
60380317451490,19.690124899,222.1,18424655872,55292141568,105,1882.0,8.7,29497135104,71504121856,100,15456198656,1241137152,68.0,52.089,69.5,
60380371414169,19.744087578,185.2,18424659968,55292141568,105,1848.0,11.1,29497135104,71504121856,100,15456198656,1241137152,68.0,52.079,69.5,
60380425437733,19.798111142,203.4,18424659968,55292141568,105,1826.0,10.7,29497122816,71504134144,100,15456198656,1241137152,69.0,52.09,69.5,
60380480563334,19.853236743,235.8,18424664064,55293190144,105,1830.0,13.6,29467099136,71534157824,100,15456198656,1241137152,68.0,52.09,69.5,
60380535493708,19.908167117,200.4,18424664064,55293190144,105,1848.0,9.9,29467099136,71534157824,100,15456198656,1241137152,68.0,52.078,69.375,
60380589439225,19.962112634,203.8,18424664064,55293190144,105,1883.0,10.3,29467099136,71534157824,100,15456198656,1241137152,68.0,52.08,69.375,
60380643356399,20.016029808,204.1,18424664064,55293190144,105,1864.0,10.5,29467099136,71534157824,100,15456198656,1241137152,68.0,52.071,69.375,
60380697410671,20.07008408,222.1,18424664064,55293190144,105,1889.0,8.7,29467357184,71533899776,100,15456198656,1241137152,68.0,52.085,69.375,
60380751424166,20.124097575,203.6,18424664064,55293190144,105,1795.0,11.4,29467357184,71533899776,100,15456198656,1241137152,68.0,52.065,69.375,
60380805563567,20.178236976,203.1,18424664064,55293190144,105,1857.0,9.4,29467357184,71533899776,100,15456198656,1241137152,68.0,52.089,69.375,
60380859387045,20.232060454,185.7,18424664064,55293190144,105,1798.0,11.5,29442846720,71558410240,100,15456198656,1241137152,68.0,52.07,69.25,
60380913475591,20.286149,221.5,18424668160,55293190144,105,1896.0,10.5,29442146304,71559110656,100,15456198656,1241137152,68.0,52.089,69.25,
60380970375889,20.343049298,211.7,18424672256,55293190144,105,1817.0,10.1,29425631232,71575625728,100,15456198656,1241137152,68.0,52.075,69.25,
60381023371405,20.396044814,207.6,18424672256,55293190144,105,1950.0,8.9,29417373696,71583883264,100,15456198656,1241137152,68.0,52.089,69.25,
60381076322968,20.448996377,188.5,18424672256,55293190144,105,1954.0,11.2,29417631744,71583625216,100,15456198656,1241137152,68.0,52.088,69.25,
60381129375571,20.50204898,226.4,18424672256,55293190144,105,1877.0,9.5,29417631744,71583625216,100,15456198656,1241137152,68.0,52.083,69.25,
60381182453311,20.55512672,207.0,18424672256,55293190144,105,1882.0,9.4,29417631744,71583625216,100,15456198656,1241137152,68.0,52.081,69.25,
60381235459116,20.608132525,207.7,18424672256,55293190144,105,1834.0,10.7,29417631744,71583625216,100,15456198656,1241137152,68.0,52.07,69.25,
60381288392225,20.661065634,189.0,18424672256,55293190144,105,1870.0,8.4,29417631744,71583625216,100,15456198656,1241137152,68.0,52.087,69.25,
60381343345081,20.71601849,200.2,18424672256,55293190144,105,1839.0,11.9,29417365504,71583891456,100,15456198656,1241137152,68.0,52.067,69.125,
60381396427380,20.769100789,206.9,18424672256,55293190144,105,1868.0,10.5,29417852928,71583404032,100,15456198656,1241137152,68.0,52.089,69.125,
60381449424689,20.822098098,226.8,18424676352,55293190144,105,1817.0,12.6,29417840640,71583416320,100,15456198656,1241137152,68.0,52.073,69.125,
60381502619108,20.875292517,205.7,18424676352,55293190144,105,1879.0,12.1,29417840640,71583416320,100,15456198656,1241137152,68.0,52.087,69.125,
60381557916721,20.93059013,199.6,18427293696,55301705728,105,1819.0,12.2,29417525248,71583731712,98,15462150144,1241128960,69.0,52.046,69.125,
60381616859890,20.989533299,882.9,18427305984,55301705728,105,1901.0,36.2,29417893888,71583363072,98,15462150144,1241128960,69.0,52.097,69.125,
60381670492340,21.043165749,335.5,18427305984,55301705728,105,1873.0,11.0,29417893888,71583363072,98,15462150144,1241128960,68.0,52.096,69.125,
60381724554115,21.097227524,222.1,18427305984,55301705728,105,1827.0,11.6,29417598976,71583657984,98,15462150144,1241128960,68.0,52.075,69.125,
60381778602696,21.151276105,203.5,18427305984,55301705728,105,1843.0,10.5,29415690240,71585566720,99,15462150144,1241128960,68.0,52.092,69.125,
60381832486167,21.205159576,204.0,18427305984,55301705728,105,1872.0,11.6,29415948288,71585308672,99,15462150144,1241128960,68.0,52.069,69.125,
60381886629184,21.259302593,203.1,18427305984,55301705728,105,1806.0,10.7,29366403072,71634853888,99,15462150144,1241128960,68.0,52.09,69.0,
60381941411872,21.314085281,201.1,18427305984,55301705728,105,1786.0,11.3,29361917952,71639339008,99,15462150144,1241128960,68.0,52.072,69.0,
60381994815833,21.367489242,223.6,18427310080,55301705728,105,1864.0,10.3,29361659904,71639597056,99,15462150144,1241128960,68.0,52.089,69.0,
60382048532201,21.42120561,205.9,18427310080,55301705728,105,1832.0,11.4,29361913856,71639343104,99,15462150144,1241128960,68.0,52.08,69.0,
60382101513820,21.474187229,188.7,18427310080,55301705728,105,1873.0,9.5,29362401280,71638855680,99,15462150144,1241128960,69.0,52.086,69.0,
60382154454653,21.527128062,207.5,18427310080,55301705728,105,1818.0,10.7,29362651136,71638605824,99,15462150144,1241128960,69.0,52.09,69.0,
60382207472821,21.58014623,188.7,18427310080,55301705728,105,1802.0,12.4,29362651136,71638605824,99,15462150144,1241128960,69.0,52.082,69.0,
60382260488425,21.633161834,207.4,18427310080,55301705728,105,1858.0,10.0,29363109888,71638147072,99,15462150144,1241128960,68.0,52.087,69.0,
60382313563720,21.686237129,207.3,18427314176,55301705728,105,1853.0,10.8,29363109888,71638147072,99,15462150144,1241128960,68.0,52.072,69.0,
60382366515263,21.739188672,207.6,18427314176,55301705728,105,1856.0,9.4,29363109888,71638147072,99,15462150144,1241128960,68.0,52.086,69.0,
60382419572304,21.792245713,207.4,18427314176,55301705728,105,1860.0,14.2,29363322880,71637934080,99,15462150144,1241128960,68.0,52.069,69.0,
60382472449448,21.845122857,208.0,18427314176,55301705728,105,1868.0,11.9,29363810304,71637446656,99,15462150144,1241128960,68.0,52.093,69.0,
60382525451225,21.898124634,188.9,18427318272,55301705728,105,1802.0,13.2,29363810304,71637446656,99,15462150144,1241128960,68.0,52.071,69.0,
60382578410011,21.95108342,207.7,18427318272,55301705728,105,1910.0,9.4,29363810304,71637446656,99,15462150144,1241128960,68.0,52.087,69.0,
60382632487596,22.005161005,222.0,18427318272,55301705728,105,1794.0,11.1,29363810304,71637446656,99,15462150144,1241128960,68.0,52.081,68.875,
60382685357757,22.058031166,189.2,18427318272,55301705728,105,1918.0,8.9,29364068352,71637188608,99,15462150144,1241128960,68.0,52.094,69.0,
60382737593998,22.110267407,210.0,18427318272,55301705728,105,1805.0,12.4,29364318208,71636938752,99,15464247296,1241128960,68.0,52.092,68.875,
60382792560450,22.165233859,200.7,18427318272,55301705728,105,1872.0,10.9,29364318208,71636938752,99,15464247296,1241128960,69.0,52.088,68.875,
60382845456318,22.218129727,226.5,18427322368,55301705728,105,1848.0,10.1,29351931904,71649325056,99,15464247296,1241128960,68.0,52.093,68.875,
60382898506566,22.271179975,188.8,18427322368,55301705728,105,1845.0,12.0,29339648000,71661608960,100,15464247296,1241128960,69.0,52.079,68.875,
60382951430067,22.324103476,207.8,18427322368,55301705728,105,1818.0,10.6,29317341184,71683915776,100,15464247296,1241128960,68.0,52.088,68.875,
60383004451621,22.37712503,207.5,18427322368,55301705728,105,1870.0,11.3,29317599232,71683657728,100,15464247296,1241128960,68.0,52.07,68.875,
60383057566521,22.43023993,187.9,18427326464,55301705728,105,1859.0,10.5,29318295552,71682961408,100,15464247296,1241128960,68.0,52.093,68.875,
60383110560203,22.483233612,207.6,18427326464,55301705728,105,1808.0,13.0,29318553600,71682703360,100,15464247296,1241128960,68.0,52.071,68.875,
60383163537835,22.536211244,207.6,18427326464,55301705728,105,1866.0,10.0,29318553600,71682703360,100,15464247296,1241128960,68.0,52.092,68.875,
60383216584105,22.589257514,226.2,18427326464,55301705728,105,1834.0,11.8,29318553600,71682703360,100,15464247296,1241128960,68.0,52.076,68.875,
60383269808801,22.64248221,206.6,18427326464,55301705728,105,1881.0,10.0,29318811648,71682445312,100,15464247296,1241128960,69.0,52.092,68.875,
60383323682894,22.696356303,204.2,18427326464,55301705728,105,1833.0,11.7,29318811648,71682445312,100,15464247296,1241128960,68.0,52.085,68.875,
60383377442542,22.750115951,204.9,18427326464,55301705728,105,1855.0,10.6,29318811648,71682445312,100,15464247296,1241128960,69.0,52.089,68.875,
60383430495956,22.803169365,188.3,18427330560,55301705728,105,1795.0,11.1,29318803456,71682453504,100,15464247296,1241128960,68.0,52.096,68.875,
60383483514695,22.856188104,207.6,18427330560,55301705728,105,1838.0,11.4,29319032832,71682224128,100,15464247296,1241128960,68.0,52.083,68.875,
60383536551989,22.909225398,207.2,18427330560,55301705728,105,1847.0,10.6,29318766592,71682490368,100,15464247296,1241128960,69.0,52.088,68.875,
60383589575196,22.962248605,207.6,18427334656,55301705728,105,1848.0,10.6,29318594560,71682662400,100,15464247296,1241128960,68.0,52.07,68.875,
60383642621877,23.015295286,207.2,18427334656,55301705728,105,1849.0,8.9,29318594560,71682662400,100,15464247296,1241128960,68.0,52.091,68.875,
60383695546159,23.068219568,208.1,18427334656,55301705728,105,1801.0,11.3,29318823936,71682433024,100,15464247296,1241128960,68.0,52.071,68.875,
60383748546273,23.121219682,188.5,18427334656,55301705728,105,1866.0,8.8,29319053312,71682203648,100,15464247296,1241128960,68.0,52.093,69.0,
60383802709108,23.175382517,221.5,18427338752,55301705728,105,1841.0,12.0,29318537216,71682719744,100,15464247296,1241128960,68.0,52.073,69.0,
60383857661423,23.230334832,200.3,18427338752,55301705728,105,1862.0,9.3,29318537216,71682719744,100,15464247296,1241128960,68.0,52.091,69.0,
60383911525547,23.284198956,204.3,18427338752,55301705728,105,1816.0,10.5,29272100864,71729156096,100,15464247296,1241128960,68.0,52.077,69.0,
60383965561764,23.338235173,203.7,18427338752,55301705728,105,1871.0,9.3,29272580096,71728676864,100,15464247296,1241128960,70.0,52.093,69.0,
60384020474745,23.393148154,218.1,18427342848,55301705728,105,1839.0,10.2,29272580096,71728676864,100,15464247296,1241128960,68.0,52.083,69.0,
60384074745292,23.447418701,202.9,18427342848,55301705728,105,1864.0,9.9,29273067520,71728189440,100,15464247296,1241128960,68.0,52.088,69.0,
60384128607232,23.501280641,204.2,18427346944,55301705728,105,1865.0,9.9,29273067520,71728189440,100,15464247296,1241128960,68.0,52.093,69.0,
60384182667965,23.555341374,203.5,18427346944,55301705728,105,1812.0,11.0,29273296896,71727960064,100,15464247296,1241128960,69.0,52.085,69.0,
60384236572755,23.609246164,204.1,18427346944,55301705728,105,1861.0,9.9,29273526272,71727730688,100,15464247296,1241128960,68.0,52.092,69.0,
60384290703009,23.663376418,203.2,18427346944,55301705728,105,1832.0,9.9,29273526272,71727730688,100,15464247296,1241128960,69.0,52.078,69.0,
60384344643607,23.717317016,222.3,18427346944,55301705728,105,1844.0,10.5,29273624576,71727632384,100,15464247296,1241128960,68.0,52.086,69.0,
60384398621284,23.771294693,203.9,18427346944,55301705728,105,1906.0,10.5,29271502848,71729754112,100,15462150144,1241128960,69.0,52.071,69.0,
60384452625330,23.825298739,203.7,18427346944,55301705728,105,1864.0,11.0,29271711744,71729545216,100,15462150144,1241128960,68.0,52.094,69.0,
60384506552012,23.879225421,203.8,18427346944,55301705728,105,1866.0,13.8,29271711744,71729545216,100,15462150144,1241128960,68.0,52.069,69.0,
60384560568652,23.933242061,203.7,18427351040,55301705728,105,1882.0,9.4,29272162304,71729094656,100,15462150144,1241128960,68.0,52.092,69.0,
60384614630727,23.987304136,221.9,18427351040,55301705728,105,1890.0,10.5,29272129536,71729127424,100,15462150144,1241128960,68.0,52.071,69.0,
60384668633201,24.04130661,203.8,18427351040,55301705728,105,1877.0,9.3,29271715840,71729541120,100,15462150144,1241128960,68.0,52.09,69.0,
60384722659249,24.095332658,203.5,18427355136,55301705728,105,1873.0,11.0,29271142400,71730114560,100,15462150144,1241128960,68.0,52.077,69.0,
60384776611438,24.149284847,204.3,18427355136,55301705728,105,1886.0,8.2,29270880256,71730376704,100,15462150144,1241128960,69.0,52.091,69.0,
60384829726017,24.202399426,206.6,18427355136,55301705728,105,1871.0,10.5,29266989056,71734267904,100,15462150144,1241128960,68.0,52.088,69.0,
60384883658749,24.256332158,204.4,18427355136,55301705728,105,1922.0,9.4,29266464768,71734792192,100,15462150144,1241128960,69.0,52.085,69.0,
60384936598410,24.309271819,207.6,18427355136,55301705728,105,1822.0,10.5,29229383680,71771873280,100,15462150144,1241128960,68.0,52.093,69.0,
60384990614569,24.363287978,203.7,18427355136,55301705728,105,1863.0,8.8,29228597248,71772659712,100,15462150144,1241128960,69.0,52.078,69.0,
60385043633158,24.416306567,207.5,18427355136,55301705728,105,1882.0,9.5,29229109248,71772147712,100,15462150144,1241128960,67.0,52.086,69.0,
60385096622952,24.469296361,207.5,18427355136,55301705728,105,1936.0,10.2,29229338624,71771918336,100,15462150144,1241128960,68.0,52.071,69.0,
60385149590465,24.522263874,188.8,18427359232,55301705728,105,1895.0,9.4,29230084096,71771172864,100,15462150144,1241128960,68.0,52.093,69.0,
60385202509416,24.575182825,208.0,18427363328,55301705728,105,1854.0,11.2,29219397632,71781859328,100,15462150144,1241128960,68.0,52.069,69.0,
60385255643682,24.628317091,206.7,18427363328,55301705728,105,1875.0,8.9,29219397632,71781859328,100,15462150144,1241128960,68.0,52.092,69.0,
60385308576339,24.681249748,227.1,18427367424,55301705728,105,1862.0,11.1,29212680192,71788576768,100,15462150144,1241128960,68.0,52.075,69.0,
60385365039718,24.737713127,956.6,18427387904,55301705728,105,1892.0,36.3,29209636864,71791620096,100,15462150144,1241128960,68.0,52.096,69.0,
60385417546917,24.790220326,190.1,18427387904,55301705728,105,1844.0,12.6,29209608192,71791648768,100,15466344448,1241128960,68.0,52.089,68.875,
60385470568000,24.843241409,207.9,18427387904,55301705728,105,1855.0,13.6,29209608192,71791648768,100,15466344448,1241128960,68.0,52.09,68.875,
60385523562684,24.896236093,207.2,18427387904,55301705728,105,1865.0,14.0,29209567232,71791689728,100,15466344448,1241128960,69.0,52.091,68.875,
60385576631266,24.949304675,188.5,18427387904,55301705728,105,1834.0,12.0,29209796608,71791460352,100,15466344448,1241128960,68.0,52.079,68.875,
60385629686072,25.002359481,207.2,18427392000,55301705728,105,1806.0,10.6,29209796608,71791460352,100,15466344448,1241128960,68.0,52.091,68.875,
60385683607514,25.056280923,223.1,18427392000,55301705728,105,1798.0,12.5,29209796608,71791460352,100,15466344448,1241128960,68.0,52.079,68.875,
60385736876221,25.10954963,206.0,18427392000,55301705728,105,1874.0,9.9,29210025984,71791230976,100,15466344448,1241128960,68.0,52.095,68.875,
60385790610852,25.163284261,205.2,18427392000,55301705728,105,1755.0,13.5,29210025984,71791230976,100,15466344448,1241128960,68.0,52.072,68.875,
60385843516118,25.216189527,189.0,18427392000,55301705728,105,1865.0,11.2,29210255360,71791001600,100,15466344448,1241128960,68.0,53.002,68.875,
60385895557614,25.268231023,211.4,18427392000,55301705728,105,1789.0,11.5,29193134080,71808122880,100,15466344448,1241128960,68.0,52.078,68.875,
60385947698977,25.320372386,210.2,18427396096,55301705728,105,1887.0,8.9,29171515392,71829741568,100,15466344448,1241128960,68.0,52.095,68.875,
60386001629336,25.374302745,204.4,18427396096,55301705728,105,1852.0,10.7,29171515392,71829741568,100,15466344448,1241128960,68.0,52.083,68.875,
60386054602348,25.427275757,208.0,18427396096,55301705728,105,1879.0,9.6,29170876416,71830380544,100,15466344448,1241128960,69.0,52.095,68.875,
60386107479572,25.480152981,208.0,18427396096,55301705728,105,1912.0,11.3,29170876416,71830380544,100,15466344448,1241128960,68.0,52.093,68.875,
60386160502228,25.533175637,188.6,18427400192,55301705728,105,1906.0,10.7,29170876416,71830380544,100,15466344448,1241128960,68.0,52.089,68.875,
60386212566015,25.585239424,211.3,18427400192,55301705728,105,1852.0,10.2,29170876416,71830380544,100,15466344448,1241128960,69.0,52.095,68.875,
60386265657851,25.63833126,207.1,18427400192,55301705728,105,1910.0,10.7,29171134464,71830122496,100,15466344448,1241128960,69.0,52.084,68.875,
60386318602200,25.691275609,207.8,18427400192,55301705728,105,1882.0,10.0,29171134464,71830122496,100,15466344448,1241128960,68.0,52.089,68.875,
60386371511223,25.744184632,208.0,18427400192,55301705728,105,1855.0,13.0,29171134464,71830122496,100,15466344448,1241128960,68.0,52.074,68.875,
60386423532291,25.7962057,192.2,18427400192,55301705728,105,1867.0,10.9,29171879936,71829377024,100,15466344448,1241128960,68.0,52.099,68.875,
60386475591189,25.848264598,211.3,18427400192,55301705728,105,1819.0,12.7,29172137984,71829118976,100,15466344448,1241128960,68.0,52.078,68.875,
60386528521261,25.90119467,189.0,18427400192,55301705728,105,1912.0,11.7,29172367360,71828889600,100,15466344448,1241128960,68.0,52.093,68.875,
60386581590224,25.954263633,226.1,18427400192,55301705728,105,1907.0,11.9,29172367360,71828889600,100,15466344448,1241128960,68.0,52.081,68.875,
60386634593123,26.007266532,207.6,18427400192,55301705728,105,1948.0,10.1,29172367360,71828889600,100,15466344448,1241128960,69.0,52.092,68.875,
60386686656850,26.059330259,191.8,18427404288,55301705728,105,1828.0,11.9,29172596736,71828660224,100,15466344448,1241128960,69.0,52.095,68.875,
60386739705445,26.112378854,207.5,18427404288,55301705728,105,1906.0,10.7,29172568064,71828688896,100,15466344448,1241128960,68.0,52.086,68.875,
60386792790738,26.165464147,207.1,18427404288,55301705728,105,1877.0,10.7,29172785152,71828471808,100,15466344448,1241128960,69.0,52.092,68.875,
60386845810048,26.218483457,207.5,18427404288,55301705728,105,1916.0,10.7,29170495488,71830761472,100,15466344448,1241128960,69.0,52.078,68.875,
60386898776919,26.271450328,188.2,18427404288,55301705728,105,1872.0,9.9,29142302720,71858954240,100,15466344448,1241128960,68.0,52.087,68.875,
60386952736231,26.32540964,204.4,18427404288,55301705728,105,1830.0,12.1,29139525632,71861731328,100,15466344448,1241128960,69.0,52.074,68.875,
60387006748252,26.379421661,222.4,18427404288,55301705728,105,1835.0,9.4,29139783680,71861473280,100,15466344448,1241128960,68.0,52.096,69.0,
60387060604171,26.43327758,204.1,18427408384,55301705728,105,1804.0,12.1,29139783680,71861473280,100,15466344448,1241128960,68.0,52.069,69.0,
60387114787393,26.487460802,203.0,18427408384,55301705728,105,1833.0,11.0,29140013056,71861243904,100,15466344448,1241128960,68.0,52.092,69.0,
60387168870588,26.541543997,203.3,18427408384,55301705728,105,1798.0,11.5,29140271104,71860985856,100,15466344448,1241128960,68.0,52.073,69.0,
60387223826098,26.596499507,199.9,18427412480,55301705728,105,1866.0,9.8,29140271104,71860985856,100,15466344448,1241128960,69.0,52.091,69.0,
60387277685323,26.650358732,223.4,18427412480,55301705728,105,1794.0,11.8,29140271104,71860985856,100,15466344448,1241128960,68.0,52.077,69.0,
60387330940746,26.703614155,206.1,18427412480,55301705728,105,1894.0,9.8,29140271104,71860985856,100,15466344448,1241128960,69.0,52.093,69.0,
60387388089870,26.760763279,210.1,18427412480,55301705728,105,1816.0,13.7,29140529152,71860727808,100,15466344448,1241128960,68.0,52.082,69.0,
60387441757535,26.814430944,205.1,18427412480,55301705728,105,1835.0,11.6,29140742144,71860514816,100,15466344448,1241128960,69.0,52.096,69.0,
60387496954699,26.869628108,217.3,18427412480,55301705728,105,1802.0,13.1,29140742144,71860514816,100,15466344448,1241128960,69.0,52.093,69.0,
60387550708265,26.923381674,186.1,18427412480,55301705728,105,1826.0,9.9,29140742144,71860514816,100,15466344448,1241128960,69.0,52.086,69.0,
60387604794616,26.977468025,203.4,18427412480,55301705728,105,1822.0,10.0,29140742144,71860514816,100,15466344448,1241128960,69.0,52.092,69.0,
60387658765219,27.031438628,222.4,18427416576,55301705728,105,1899.0,9.8,29140480000,71860776960,100,15466344448,1241128960,69.0,52.08,69.0,
60387712765288,27.085438697,203.6,18427416576,55301705728,105,1866.0,9.2,29140738048,71860518912,100,15466344448,1241128960,68.0,52.09,69.0,
60387766743145,27.139416554,222.5,18427420672,55301705728,105,1913.0,9.8,29140738048,71860518912,100,15466344448,1241128960,69.0,52.077,69.0,
60387822225423,27.194898832,198.5,18427420672,55301705728,105,1891.0,8.6,29140738048,71860518912,100,15466344448,1241128960,68.0,52.088,69.0,
60387875824841,27.24849825,205.2,18427420672,55301705728,105,1846.0,11.5,29128712192,71872544768,100,15466344448,1241128960,69.0,52.073,69.0,
60387929601029,27.302274438,204.5,18427420672,55301705728,105,1882.0,8.7,29103218688,71898038272,100,15466344448,1241128960,68.0,52.091,69.0,
60387983826821,27.35650023,221.2,18427424768,55301705728,105,1894.0,9.8,29103243264,71898013696,100,15466344448,1241128960,68.0,52.066,69.0,
60388037852067,27.410525476,203.8,18427424768,55301705728,105,1826.0,8.9,29100572672,71900684288,100,15466344448,1241128960,68.0,52.094,69.0,
60388091644457,27.464317866,185.7,18427424768,55301705728,105,1867.0,9.7,29100572672,71900684288,100,15466344448,1241128960,68.0,52.07,69.0,
60388146787388,27.519460797,217.5,18427424768,55301705728,105,1863.0,9.9,29100572672,71900684288,100,15466344448,1241128960,68.0,52.093,69.0,
60388200793919,27.573467328,203.7,18427428864,55301705728,105,1857.0,11.3,29100802048,71900454912,100,15466344448,1241128960,68.0,52.075,69.0,
60388255725745,27.628399154,218.6,18427428864,55301705728,105,1891.0,9.9,29100544000,71900712960,100,15466344448,1241128960,68.0,52.094,69.0,
60388309731865,27.682405274,203.7,18427432960,55301705728,105,1847.0,11.6,29100249088,71901007872,100,15466344448,1241128960,68.0,52.077,69.0,
60388363724660,27.736398069,203.8,18427432960,55301705728,105,1876.0,8.8,29100249088,71901007872,100,15466344448,1241128960,69.0,52.093,69.0,
60388417801202,27.790474611,203.3,18427432960,55301705728,105,1802.0,13.9,29097320448,71903936512,100,15466344448,1241128960,68.0,52.085,69.0,
60388471814506,27.844487915,203.6,18427432960,55301705728,105,1873.0,13.3,29097320448,71903936512,100,15466344448,1241128960,69.0,52.092,69.0,
60388528011875,27.900685284,213.5,18427432960,55301705728,105,1858.0,11.7,29097320448,71903936512,100,15466344448,1241128960,68.0,52.091,69.0,
60388582875132,27.955548541,200.7,18427432960,55301705728,105,1877.0,9.2,29097549824,71903707136,100,15466344448,1241128960,69.0,52.084,69.0,
60388635834800,28.008508209,207.5,18427432960,55301705728,105,1851.0,11.2,29097803776,71903453184,100,15466344448,1241128960,69.0,52.091,69.0,
60388689650402,28.062323811,223.2,18427432960,55301705728,105,1851.0,11.1,29098033152,71903223808,100,15466344448,1241128960,69.0,52.088,69.0,
60388742761444,28.115434853,188.2,18427432960,55301705728,105,1871.0,8.3,29098033152,71903223808,100,15466344448,1241128960,68.0,52.098,69.0,
60388796793312,28.169466721,222.1,18427437056,55301705728,105,1844.0,10.5,29098033152,71903223808,100,15466344448,1241128960,69.0,52.084,69.0,
60388850734580,28.223407989,185.4,18427437056,55301705728,105,1849.0,9.4,29098545152,71902711808,100,15466344448,1241128960,68.0,52.095,69.0,
60388904803468,28.277476877,203.3,18427441152,55301705728,105,1854.0,11.0,29068890112,71932366848,100,15466344448,1241128960,68.0,52.077,69.0,
60388958724087,28.331397496,222.6,18427441152,55301705728,105,1854.0,9.2,29065306112,71935950848,100,15466344448,1241128960,68.0,52.095,69.0,
60389012878385,28.385551794,203.2,18427449344,55301705728,105,1851.0,12.8,29065330688,71935926272,100,15466344448,1241128960,69.0,52.074,69.0,
60389068875679,28.441549088,1000.1,18427457536,55301705728,105,1890.0,34.1,29065330688,71935926272,100,15466344448,1241128960,68.0,53.0,69.0,
60389122626490,28.495299899,204.7,18427457536,55301705728,105,1881.0,9.9,29065330688,71935926272,100,15466344448,1241128960,68.0,52.08,69.0,
60389175812121,28.54848553,206.8,18427457536,55301705728,105,1893.0,8.8,29065330688,71935926272,100,15466344448,1241128960,68.0,52.097,69.0,
60389232948552,28.605621961,227.5,18427457536,55301705728,105,1883.0,9.9,29066047488,71935209472,100,15466344448,1241128960,68.0,52.082,69.0,
60389286876866,28.659550275,204.0,18427457536,55301705728,105,1909.0,9.2,29066047488,71935209472,100,15466344448,1241128960,70.0,52.097,69.0,
60389342868409,28.715541818,196.4,18427457536,55301705728,105,1862.0,10.7,29066047488,71935209472,100,15466344448,1241128960,68.0,52.086,69.0,
60389396827982,28.769501391,203.8,18427461632,55301705728,105,1881.0,11.6,29065850880,71935406080,100,15464247296,1241128960,70.0,52.095,69.125,
60389453931460,28.826604869,227.6,18427461632,55301705728,105,1780.0,13.7,29066289152,71934967808,100,15464247296,1241128960,68.0,52.097,69.125,
60389507804881,28.88047829,185.6,18427461632,55301705728,105,1853.0,12.2,29066510336,71934746624,100,15464247296,1241128960,69.0,52.091,69.125,
60389561811922,28.934485331,222.4,18427465728,55301705728,105,1826.0,11.6,29066510336,71934746624,100,15464247296,1241128960,68.0,52.096,69.0,
60389615833120,28.988506529,203.4,18427465728,55301705728,105,1835.0,11.6,29066477568,71934779392,100,15464247296,1241128960,68.0,52.084,69.0,
60389669838719,29.042512128,203.7,18427465728,55301705728,105,1817.0,10.5,29066735616,71934521344,100,15464247296,1241128960,69.0,52.096,69.0,
60389723813470,29.096486879,203.8,18427465728,55301705728,105,1815.0,12.7,29066735616,71934521344,100,15464247296,1241128960,69.0,52.083,69.0,
60389777969651,29.15064306,203.1,18427465728,55301705728,105,1816.0,9.5,29066735616,71934521344,100,15464247296,1241128960,69.0,52.099,69.125,
60389831823155,29.204496564,222.8,18427465728,55301705728,105,1775.0,13.4,29065232384,71936024576,100,15464247296,1241128960,69.0,52.078,69.125,
60389885832941,29.25850635,203.6,18427465728,55301705728,105,1817.0,11.5,29033369600,71967887360,100,15464247296,1241128960,69.0,53.001,69.125,
60389939950931,29.31262434,203.2,18427469824,55301705728,105,1783.0,12.4,29031321600,71969935360,100,15464247296,1241128960,68.0,52.081,69.125,
60389993888181,29.36656159,203.8,18427469824,55301705728,105,1842.0,10.4,29030592512,71970664448,100,15464247296,1241128960,68.0,53.0,69.125,
60390053341677,29.426015086,218.9,18427469824,55301705728,105,1808.0,11.4,29030846464,71970410496,100,15464247296,1241128960,68.0,52.08,69.125,
60390106890128,29.479563537,204.7,18427469824,55301705728,105,1868.0,9.2,29030846464,71970410496,100,15464247296,1241128960,69.0,52.098,69.125,
60390160777235,29.533450644,186.4,18427473920,55301705728,105,1784.0,12.9,29031333888,71969923072,100,15464247296,1241128960,68.0,52.09,69.125,
60390214036855,29.586710264,206.2,18427478016,55301705728,105,1850.0,9.4,29031071744,71970185216,100,15464247296,1241128960,69.0,52.096,69.125,
60390267820527,29.640493936,223.1,18427478016,55301705728,105,1824.0,11.1,29031301120,71969955840,100,15464247296,1241128960,68.0,52.097,69.125,
60390321928608,29.694602017,203.3,18427478016,55301705728,105,1847.0,10.6,29027811328,71973445632,100,15464247296,1241128960,69.0,52.091,69.125,
60390375898250,29.748571659,203.7,18427478016,55301705728,105,1886.0,11.6,29027418112,71973838848,100,15464247296,1241128960,68.0,52.099,69.125,
60390429926200,29.802599609,203.7,18427478016,55301705728,105,1886.0,11.0,29027405824,71973851136,100,15464247296,1241128960,69.0,52.086,69.125,
60390483828445,29.856501854,222.5,18427482112,55301705728,105,1866.0,12.8,29027405824,71973851136,100,15464247296,1241128960,68.0,52.099,69.125,
60390537883416,29.910556825,203.5,18427482112,55301705728,105,1854.0,12.8,29027405824,71973851136,100,15464247296,1241128960,68.0,52.072,69.125,
60390591851685,29.964525094,203.2,18427482112,55301705728,105,1878.0,10.4,29027405824,71973851136,100,15464247296,1241128960,68.0,52.095,69.125,
60390645864958,30.018538367,204.3,18427482112,55301705728,105,1858.0,13.2,29027663872,71973593088,100,15464247296,1241128960,68.0,52.072,69.125,
60390699902096,30.072575505,222.0,18427482112,55301705728,105,1847.0,10.9,29027663872,71973593088,100,15464247296,1241128960,68.0,52.095,69.125,
60390753916421,30.12658983,204.0,18427486208,55301705728,105,1848.0,11.9,29027663872,71973593088,100,15464247296,1241128960,68.0,52.078,69.125,
60390806754340,30.179427749,189.4,18427486208,55301705728,105,1881.0,10.7,29027663872,71973593088,100,15464247296,1241128960,69.0,52.096,69.125,
60390861767939,30.234441348,218.1,18427486208,55301705728,105,1832.0,11.4,29014503424,71986753536,100,15464247296,1241128960,68.0,52.085,69.125,
60390914808257,30.287481666,188.5,18427486208,55301705728,105,1891.0,9.5,29002297344,71998959616,100,15464247296,1241128960,69.0,52.092,69.125,
60390967822126,30.340495535,226.3,18427486208,55301705728,105,1814.0,12.2,29002522624,71998734336,100,15464247296,1241128960,69.0,52.098,69.125,
60391020957102,30.393630511,206.6,18427490304,55301705728,105,1875.0,11.2,29002280960,71998976000,100,15464247296,1241128960,68.0,52.084,69.125,
60391074902017,30.447575426,204.0,18427490304,55301705728,105,1825.0,11.6,29002342400,71998914560,100,15464247296,1241128960,69.0,52.094,69.125,
60391129975658,30.502649067,199.7,18427490304,55301705728,105,1857.0,11.9,29002342400,71998914560,100,15464247296,1241128960,69.0,52.08,69.125,
60391184098226,30.556771635,203.1,18427490304,55301705728,105,1863.0,10.9,29002342400,71998914560,100,15464247296,1241128960,68.0,52.092,69.125,
60391237940869,30.610614278,204.3,18427490304,55301705728,105,1867.0,12.4,29002342400,71998914560,100,15464247296,1241128960,69.0,52.074,69.125,
60391291910681,30.66458409,222.5,18427494400,55301705728,105,1834.0,10.5,29002592256,71998664704,100,15464247296,1241128960,68.0,52.093,69.125,
60391346952462,30.719625871,199.6,18427494400,55301705728,105,1810.0,12.9,29002592256,71998664704,100,15464247296,1241128960,68.0,52.073,69.125,
60391400889222,30.773562631,204.1,18427494400,55301705728,105,1876.0,10.4,29002821632,71998435328,100,15464247296,1241128960,69.0,52.094,69.125,
60391454902435,30.827575844,203.6,18427494400,55301705728,105,1783.0,15.3,29006680064,71994576896,100,15464247296,1241128960,68.0,52.081,69.125,
60391509923778,30.882597187,218.1,18427494400,55301705728,105,1922.0,11.6,29019066368,71982190592,100,15464247296,1241128960,69.0,52.094,69.125,
60391564067716,30.936741125,203.2,18427498496,55301705728,105,1914.0,9.4,29018284032,71982972928,100,15464247296,1241128960,68.0,52.081,69.125,
60391617955734,30.990629143,204.2,18427498496,55301705728,105,1898.0,8.8,29018284032,71982972928,100,15464247296,1241128960,69.0,52.091,69.125,
60391671898595,31.044572004,222.5,18427498496,55301705728,105,1895.0,10.6,29017030656,71984226304,100,15464247296,1241128960,68.0,52.095,69.125,
60391725882373,31.098555782,203.9,18427498496,55301705728,105,1932.0,8.8,29016633344,71984623616,100,15464247296,1241128960,69.0,52.098,69.125,
60391778963197,31.151636606,188.2,18427498496,55301705728,105,1871.0,8.9,29016141824,71985115136,100,15464247296,1241128960,69.0,53.002,69.125,
60391832999102,31.205672511,203.5,18427498496,55301705728,105,1863.0,9.8,29015101440,71986155520,100,15464247296,1241128960,69.0,52.093,69.125,
60391886981136,31.259654545,203.7,18427502592,55301705728,105,1868.0,8.8,28993302528,72007954432,100,15464247296,1241128960,69.0,52.099,69.125,
60391940909610,31.313583019,204.0,18427502592,55301705728,105,1874.0,9.9,28992040960,72009216000,100,15464247296,1241128960,69.0,52.082,69.125,
60391994983056,31.367656465,203.2,18427502592,55301705728,105,1830.0,9.2,28988784640,72012472320,100,15464247296,1241128960,68.0,52.096,69.125,
60392048821661,31.42149507,223.3,18427502592,55301705728,105,1868.0,9.9,28988592128,72012664832,100,15464247296,1241128960,68.0,52.079,69.125,
60392102986859,31.475660268,203.0,18427506688,55301705728,105,1872.0,7.6,28988579840,72012677120,100,15464247296,1241128960,69.0,53.003,69.125,
60392156863456,31.529536865,204.2,18427506688,55301705728,105,1882.0,9.9,28988579840,72012677120,100,15464247296,1241128960,68.0,52.073,69.125,
60392210962419,31.583635828,203.3,18427506688,55301705728,105,1886.0,8.7,28988313600,72012943360,100,15464247296,1241128960,69.0,52.099,69.125,
60392264925678,31.637599087,222.4,18427506688,55301705728,105,1880.0,9.3,28988030976,72013225984,100,15464247296,1241128960,68.0,52.078,69.125,
60392318912021,31.69158543,203.9,18427506688,55301705728,105,1900.0,9.4,28988030976,72013225984,100,15464247296,1241128960,68.0,53.0,69.125,
60392372042268,31.744715677,206.9,18427506688,55301705728,105,1930.0,10.7,28988030976,72013225984,100,15464247296,1241128960,68.0,52.087,69.125,
60392425952818,31.798626227,204.1,18427510784,55301705728,105,1868.0,9.8,28985663488,72015593472,100,15462150144,1241128960,69.0,52.098,69.125,
60392480049467,31.852722876,203.3,18427510784,55301705728,105,1895.0,11.6,28985663488,72015593472,100,15462150144,1241128960,68.0,52.097,69.125,
60392533994041,31.90666745,222.4,18427514880,55301705728,105,1880.0,12.8,28985405440,72015851520,100,15462150144,1241128960,68.0,52.089,69.125,
60392587923417,31.960596826,203.8,18427514880,55301705728,105,1869.0,8.7,28985864192,72015392768,100,15462150144,1241128960,68.0,52.094,69.125,
60392644244788,32.016918197,195.5,18427518976,55301705728,105,1906.0,10.6,28985864192,72015392768,100,15462150144,1241128960,69.0,52.084,69.125,
60392698103721,32.07077713,204.2,18427518976,55301705728,105,1863.0,9.3,28985712640,72015544320,100,15462150144,1241128960,68.0,52.084,69.125,
60392756423720,32.129097129,771.8,18427527168,55301705728,105,1753.0,33.0,28985970688,72015286272,100,15462150144,1241128960,69.0,52.093,69.125,
60392810997905,32.183671314,403.1,18427527168,55301705728,105,1870.0,9.4,28986007552,72015249408,100,15462150144,1241128960,68.0,52.099,69.125,
60392864835759,32.237509168,185.9,18427527168,55301705728,105,1871.0,11.0,28977881088,72023375872,100,15462150144,1241128960,69.0,52.081,69.125,
60392918786975,32.291460384,222.5,18427527168,55301705728,105,1878.0,8.2,28963844096,72037412864,100,15462150144,1241128960,68.0,53.002,69.125,
60392971932871,32.34460628,206.8,18427527168,55301705728,105,1867.0,10.1,28963106816,72038150144,100,15462150144,1241128960,68.0,52.078,69.125,
60393025028022,32.397701431,188.2,18427527168,55301705728,105,1864.0,9.4,28962844672,72038412288,100,15462150144,1241128960,68.0,53.004,69.125,
60393078849425,32.451522834,204.5,18427527168,55301705728,105,1851.0,11.0,28963360768,72037896192,100,15462150144,1241128960,68.0,52.084,69.125,
60393132888607,32.505562016,222.1,18427527168,55301705728,105,1883.0,9.4,28964089856,72037167104,100,15462150144,1241128960,68.0,52.098,69.125,
60393186015727,32.558689136,207.1,18427531264,55301705728,105,1911.0,9.0,28964024320,72037232640,100,15462150144,1241128960,68.0,52.085,69.125,
60393238967680,32.611641089,207.6,18427531264,55301705728,105,1904.0,8.9,28961894400,72039362560,100,15462150144,1241128960,69.0,52.099,69.125,
60393293045684,32.665719093,203.3,18427531264,55301705728,105,1854.0,9.2,28961857536,72039399424,100,15462150144,1241128960,68.0,52.09,69.125,
60393346931107,32.719604516,204.1,18427531264,55301705728,105,1868.0,8.8,28961857536,72039399424,100,15462150144,1241128960,69.0,52.096,69.125,
60393400993051,32.77366646,221.8,18427531264,55301705728,105,1795.0,13.1,28963143680,72038113280,100,15466344448,1241128960,68.0,52.095,69.125,
60393456988080,32.829661489,196.6,18427531264,55301705728,105,1838.0,12.9,28963905536,72037351424,100,15466344448,1241128960,69.0,52.096,69.125,
60393511011361,32.88368477,203.6,18427531264,55301705728,105,1840.0,11.8,28963905536,72037351424,100,15466344448,1241128960,68.0,52.097,69.125,
60393564970112,32.937643521,203.9,18427531264,55301705728,105,1863.0,11.1,28963905536,72037351424,100,15466344448,1241128960,69.0,52.086,69.125,
60393618943880,32.991617289,203.9,18427531264,55301705728,105,1833.0,10.4,28963905536,72037351424,100,15466344448,1241128960,68.0,52.093,69.125,
60393671975522,33.044648931,207.5,18427535360,55301705728,105,1865.0,10.1,28963102720,72038154240,100,15466344448,1241128960,68.0,52.076,69.125,
60393726062703,33.098736112,221.9,18427539456,55301705728,105,1855.0,9.3,28963303424,72037953536,100,15466344448,1241128960,68.0,52.094,69.125,
60393779970919,33.152644328,204.0,18427539456,55301705728,105,1866.0,11.1,28963532800,72037724160,100,15466344448,1241128960,68.0,52.07,69.125,
60393833094974,33.205768383,207.2,18427539456,55301705728,105,1879.0,9.9,28963246080,72038010880,100,15466344448,1241128960,69.0,53.0,69.125,
60393886931084,33.259604493,204.1,18427539456,55301705728,105,1855.0,10.6,28948459520,72052797440,100,15466344448,1241128960,68.0,52.078,69.125,
60393941016773,33.313690182,203.6,18427539456,55301705728,105,1864.0,10.5,28927082496,72074174464,100,15466344448,1241128960,68.0,52.095,69.125,
60393995029995,33.367703404,203.7,18427539456,55301705728,105,1873.0,10.5,28927340544,72073916416,100,15466344448,1241128960,68.0,52.079,69.125,
60394047946351,33.42061976,207.9,18427539456,55301705728,105,1901.0,8.3,28926816256,72074440704,100,15466344448,1241128960,69.0,52.096,69.125,
60394101097276,33.473770685,225.8,18427539456,55301705728,105,1827.0,12.4,28926390272,72074866688,100,15466344448,1241128960,68.0,52.087,69.125,
60394153981331,33.52665474,189.0,18427539456,55301705728,105,1864.0,10.0,28926640128,72074616832,100,15466344448,1241128960,69.0,52.094,69.125,
60394208115491,33.5807889,203.1,18427543552,55301705728,105,1837.0,11.0,28926640128,72074616832,100,15466344448,1241128960,69.0,52.097,69.125,
60394261981868,33.634655277,204.2,18427547648,55301705728,105,1834.0,11.6,28926869504,72074387456,100,15466344448,1241128960,69.0,52.087,69.125,
60394316098604,33.688772013,221.8,18427551744,55301705728,105,1796.0,11.0,28927610880,72073646080,100,15466344448,1241128960,68.0,52.092,69.125,
60394370050261,33.74272367,204.0,18427551744,55301705728,105,1842.0,11.7,28928126976,72073129984,100,15466344448,1241128960,68.0,52.082,69.125,
60394424071459,33.796744868,203.5,18427551744,55301705728,105,1832.0,10.9,28919869440,72081387520,100,15466344448,1241128960,68.0,52.091,69.125,
60394480031512,33.852704921,214.2,18427551744,55301705728,105,1811.0,13.9,28918808576,72082448384,100,15466344448,1241128960,68.0,52.078,69.125,
60394535158142,33.907831551,199.6,18427551744,55301705728,105,1861.0,12.6,28920516608,72080740352,100,15466344448,1241128960,68.0,52.093,69.125,
60394589044367,33.961717776,204.3,18427551744,55301705728,105,1837.0,11.8,28920254464,72081002496,100,15466344448,1241128960,68.0,52.073,69.125,
60394643016071,34.01568948,222.3,18427551744,55301705728,105,1844.0,9.8,28920512512,72080744448,100,15466344448,1241128960,68.0,52.093,69.125,
60394699070732,34.071744141,196.2,18427551744,55301705728,105,1820.0,12.3,28920512512,72080744448,100,15466344448,1241128960,68.0,52.072,69.125,
60394753060350,34.125733759,222.3,18427555840,55301705728,105,1843.0,11.0,28920741888,72080515072,100,15466344448,1241128960,69.0,52.094,69.125,
60394807143634,34.179817043,203.5,18427555840,55301705728,105,1893.0,10.5,28919894016,72081362944,100,15466344448,1241128960,68.0,52.078,69.125,
60394861027113,34.233700522,204.2,18427555840,55301705728,105,1875.0,9.9,28917850112,72083406848,100,15466344448,1241128960,69.0,52.094,69.125,
60394915063098,34.287736507,203.4,18427559936,55301705728,105,1857.0,13.2,28909281280,72091975680,100,15466344448,1241128960,68.0,52.085,69.125,
60394969055251,34.34172866,203.8,18427559936,55301705728,105,1859.0,9.9,28909281280,72091975680,100,15466344448,1241128960,69.0,52.094,69.125,
60395023071699,34.395745108,222.2,18427564032,55301705728,105,1825.0,12.1,28909281280,72091975680,100,15466344448,1241128960,68.0,52.094,69.125,
60395077053964,34.449727373,203.8,18427564032,55301705728,105,1875.0,11.2,28910022656,72091234304,100,15466344448,1241128960,69.0,52.089,69.125,
60395131060724,34.503734133,203.7,18427564032,55301705728,105,1827.0,9.3,28910022656,72091234304,100,15466344448,1241128960,68.0,52.093,69.125,
60395188190962,34.560864371,192.6,18427564032,55301705728,105,1846.0,11.0,28909760512,72091496448,100,15466344448,1241128960,69.0,52.085,69.0,
60395242129815,34.614803224,222.3,18427564032,55301705728,105,1831.0,10.3,28907556864,72093700096,100,15466344448,1241128960,69.0,52.094,69.125,
60395296206907,34.668880316,203.5,18427568128,55301705728,105,1840.0,11.7,28907556864,72093700096,100,15466344448,1241128960,68.0,52.078,69.0,
60395350091548,34.722764957,204.0,18427568128,55301705728,105,1829.0,10.9,28906528768,72094728192,100,15466344448,1241128960,68.0,52.09,69.125,
60395404072750,34.776746159,204.1,18427568128,55301705728,105,1788.0,12.5,28906270720,72094986240,100,15466344448,1241128960,69.0,52.074,69.0,
60395456981902,34.829655311,208.0,18427572224,55301705728,105,1799.0,11.9,28906516480,72094740480,100,15466344448,1241128960,68.0,52.099,69.125,
60395509969261,34.88264267,207.2,18427572224,55301705728,105,1801.0,14.2,28903239680,72098017280,100,15466344448,1241128960,68.0,52.072,69.0,
60395563094828,34.935768237,207.1,18427572224,55301705728,105,1841.0,9.4,28903497728,72097759232,100,15466344448,1241128960,69.0,52.094,69.0,
60395618081035,34.990754444,218.4,18427572224,55301705728,105,1817.0,9.8,28903497728,72097759232,100,15466344448,1241128960,68.0,52.074,69.0,
60395671194219,35.043867628,206.5,18427572224,55301705728,105,1841.0,9.4,28903464960,72097792000,100,15466344448,1241128960,68.0,52.092,69.0,
60395725067439,35.097740848,204.7,18427572224,55301705728,105,1804.0,10.5,28903464960,72097792000,100,15466344448,1241128960,68.0,52.087,69.0,
60395778290710,35.150964119,187.8,18427572224,55301705728,105,1915.0,8.8,28903661568,72097595392,100,15466344448,1241128960,69.0,53.004,69.125,
60395832069933,35.204743342,223.3,18427576320,55301705728,105,1818.0,11.1,28897234944,72104022016,100,15466344448,1241128960,68.0,52.095,69.0,
60395885123847,35.257797256,207.7,18427576320,55301705728,105,1830.0,8.5,28886753280,72114503680,100,15466344448,1241128960,69.0,52.098,69.125,
60395938074456,35.310747865,207.3,18427576320,55301705728,105,1853.0,9.9,28840980480,72160276480,100,15466344448,1241128960,69.0,53.001,69.125,
60395991085238,35.363758647,207.8,18427576320,55301705728,105,1841.0,10.7,28840722432,72160534528,100,15466344448,1241128960,69.0,52.092,69.125,
60396044033313,35.416706722,207.5,18427580416,55301705728,105,1834.0,8.9,28840722432,72160534528,100,15466344448,1241128960,69.0,52.099,69.125,
60396097049235,35.469722644,188.8,18427580416,55301705728,105,1819.0,10.7,28840943616,72160313344,100,15466344448,1241128960,68.0,52.083,69.125,
60396150124499,35.522797908,188.2,18427580416,55301705728,105,1835.0,9.4,28840943616,72160313344,100,15466344448,1241128960,68.0,52.095,69.125,
60396203193861,35.57586727,207.5,18427580416,55301705728,105,1838.0,10.2,28840505344,72160751616,100,15466344448,1241128960,69.0,52.076,69.125,
60396256057828,35.628731237,227.3,18427580416,55301705728,105,1822.0,9.6,28840476672,72160780288,100,15466344448,1241128960,68.0,53.0,69.125,
60396308141792,35.680815201,191.8,18427580416,55301705728,105,1840.0,11.2,28840509440,72160747520,100,15466344448,1241128960,68.0,52.077,69.125,
60396361102180,35.733775589,207.5,18427584512,55301705728,105,1866.0,10.5,28840738816,72160518144,100,15466344448,1241128960,69.0,52.099,69.125,
60396416173226,35.788846635,200.0,18427588608,55301705728,105,1869.0,12.0,28840820736,72160436224,100,15462150144,1241128960,68.0,52.083,69.125,
60396472173414,35.844846823,946.3,18427600896,55301705728,105,1912.0,35.9,28841058304,72160198656,100,15462150144,1241128960,69.0,53.005,69.125,
60396525095270,35.897768679,207.6,18427600896,55301705728,105,1873.0,12.3,28841058304,72160198656,100,15462150144,1241128960,68.0,52.095,69.125,
60396580192424,35.952865833,199.9,18427600896,55301705728,105,1888.0,9.2,28841058304,72160198656,100,15462150144,1241128960,69.0,52.091,69.125,
60396633039690,36.005713099,208.0,18427600896,55301705728,105,1896.0,8.9,28840796160,72160460800,100,15462150144,1241128960,69.0,52.098,69.125,
60396691168921,36.06384233,206.4,18427600896,55301705728,105,1906.0,11.1,28840796160,72160460800,100,15462150144,1241128960,69.0,52.089,69.125,
60396745051779,36.117725188,204.3,18427600896,55301705728,105,1871.0,8.8,28840796160,72160460800,100,15462150144,1241128960,69.0,52.097,69.125,
60396800598717,36.173272126,215.9,18427604992,55301705728,105,1824.0,10.7,28840796160,72160460800,100,15462150144,1241128960,69.0,52.084,69.125,
60396854206378,36.226879787,205.2,18427604992,55301705728,105,1860.0,10.4,28840943616,72160313344,100,15462150144,1241128960,68.0,52.094,69.125,
60396908022421,36.28069583,204.7,18427609088,55301705728,105,1897.0,11.2,28825235456,72176021504,100,15462150144,1241128960,69.0,52.075,69.125,
60396961047330,36.333720739,207.5,18427609088,55301705728,105,1833.0,9.5,28824326144,72176930816,100,15462150144,1241128960,68.0,52.095,69.125,
60397013951392,36.386624801,207.8,18427609088,55301705728,105,1869.0,9.5,28824064000,72177192960,100,15462150144,1241128960,68.0,52.072,69.125,
60397067144095,36.439817504,206.5,18427609088,55301705728,105,1898.0,9.4,28823773184,72177483776,100,15462150144,1241128960,68.0,52.098,69.125,
60397121133723,36.493807132,204.2,18427609088,55301705728,105,1888.0,11.2,28823773184,72177483776,100,15462150144,1241128960,68.0,52.076,69.125,
60397174148803,36.546822212,206.6,18427609088,55301705728,105,1880.0,9.2,28823511040,72177745920,100,15462150144,1241128960,68.0,52.093,69.125,
60397228375045,36.601048454,203.4,18427609088,55301705728,105,1852.0,11.2,28823511040,72177745920,100,15462150144,1241128960,68.0,52.084,69.125,
60397281182746,36.653856155,208.3,18427609088,55301705728,105,1881.0,8.8,28823760896,72177496064,100,15462150144,1241128960,69.0,52.095,69.125,
60397334183910,36.706857319,207.6,18427609088,55301705728,105,1854.0,11.2,28823760896,72177496064,100,15462150144,1241128960,68.0,52.091,69.125,
60397387220471,36.75989388,207.4,18427613184,55301705728,105,1882.0,11.2,28828119040,72173137920,100,15466344448,1241128960,69.0,52.091,69.125,
60397440228858,36.812902267,188.7,18427617280,55301705728,105,1839.0,11.9,28828622848,72172634112,100,15466344448,1241128960,69.0,52.098,69.25,
60397493144843,36.865818252,208.3,18427617280,55301705728,105,1866.0,13.2,28828610560,72172646400,100,15466344448,1241128960,69.0,52.085,69.125,
60397546089381,36.91876279,207.4,18427617280,55301705728,105,1851.0,12.1,28828184576,72173072384,100,15466344448,1241128960,68.0,52.088,69.25,
60397599060679,36.971734088,208.0,18427617280,55301705728,105,1847.0,12.0,28828442624,72172814336,100,15466344448,1241128960,68.0,52.071,69.125,
60397651158038,37.023831447,211.1,18427617280,55301705728,105,1877.0,9.7,28828110848,72173146112,100,15466344448,1241128960,68.0,52.094,69.25,
60397708061029,37.080734438,210.9,18427617280,55301705728,105,1871.0,12.6,28828356608,72172900352,100,15466344448,1241128960,68.0,52.075,69.25,
60397760130876,37.132804285,191.6,18427617280,55301705728,105,1851.0,10.2,28828585984,72172670976,100,15466344448,1241128960,68.0,52.095,69.25,
60397813225295,37.185898704,207.5,18427617280,55301705728,105,1907.0,11.3,28828585984,72172670976,100,15466344448,1241128960,68.0,52.08,69.125,
60397866031494,37.238704903,208.5,18427617280,55301705728,105,1921.0,9.5,28827619328,72173637632,100,15466344448,1241128960,69.0,52.096,69.25,
60397920066917,37.292740326,203.5,18427621376,55301705728,105,1847.0,12.8,28820389888,72180867072,100,15466344448,1241128960,68.0,52.087,69.25,
60397972069789,37.344743198,211.5,18427625472,55301705728,105,1844.0,10.8,28820647936,72180609024,100,15466344448,1241128960,69.0,52.09,69.25,
60398024131101,37.39680451,210.8,18427625472,55301705728,105,1850.0,10.1,28820647936,72180609024,100,15466344448,1241128960,68.0,52.095,69.25,
60398077157382,37.449830791,189.1,18427625472,55301705728,105,1867.0,12.0,28819697664,72181559296,100,15466344448,1241128960,69.0,52.083,69.25,
60398129276291,37.5019497,210.5,18427625472,55301705728,105,1832.0,10.7,28817375232,72183881728,100,15466344448,1241128960,68.0,52.092,69.25,
60398182558262,37.555231671,187.7,18427625472,55301705728,105,1839.0,12.5,28817375232,72183881728,100,15466344448,1241128960,69.0,52.075,69.25,
60398236161175,37.608834584,223.9,18427625472,55301705728,105,1858.0,12.7,28817375232,72183881728,100,15466344448,1241128960,68.0,52.094,69.25,
60398290263193,37.662936602,203.7,18427625472,55301705728,105,1785.0,12.3,28807307264,72193949696,100,15466344448,1241128960,68.0,52.071,69.25,
60398343096132,37.715769541,188.9,18427625472,55301705728,105,1859.0,10.5,28807536640,72193720320,100,15466344448,1241128960,68.0,52.095,69.25,
60398396281551,37.76895496,206.9,18427625472,55301705728,105,1792.0,13.1,28808024064,72193232896,100,15466344448,1241128960,68.0,52.079,69.25,
60398449545989,37.822219398,205.8,18427625472,55301705728,105,1840.0,14.5,28808142848,72193114112,100,15466344448,1241128960,69.0,52.098,69.25,
60398503312138,37.875985547,224.1,18427633664,55301705728,105,1803.0,13.6,28808142848,72193114112,100,15466344448,1241128960,68.0,52.088,69.125,
60398556256615,37.928930024,188.7,18427633664,55301705728,105,1855.0,11.2,28808372224,72192884736,100,15466344448,1241128960,69.0,52.09,69.125,
60398609309035,37.981982444,207.4,18427633664,55301705728,105,1871.0,11.8,28808372224,72192884736,100,15466344448,1241128960,68.0,52.095,69.125,
60398663187234,38.035860643,204.2,18427633664,55301705728,105,1829.0,11.8,28808372224,72192884736,100,15466344448,1241128960,69.0,52.084,69.125,
60398717338304,38.090011713,221.6,18427633664,55301705728,105,1873.0,11.5,28808372224,72192884736,100,15466344448,1241128960,69.0,52.093,69.125,
60398771255055,38.143928464,204.0,18427633664,55301705728,105,1851.0,11.7,28808630272,72192626688,100,15466344448,1241128960,69.0,52.084,69.125,
60398829228954,38.201902363,207.0,18427633664,55301705728,105,1840.0,10.4,28808622080,72192634880,100,15466344448,1241128960,69.0,52.094,69.25,
60398883196761,38.25587017,203.8,18427633664,55301705728,105,1870.0,13.9,28805656576,72195600384,100,15466344448,1241128960,68.0,52.074,69.25,
60398937223378,38.309896787,203.8,18427633664,55301705728,105,1848.0,8.2,28803301376,72197955584,100,15466344448,1241128960,68.0,52.091,69.25,
60398992369023,38.365042432,199.4,18427633664,55301705728,105,1834.0,15.2,28802043904,72199213056,100,15466344448,1241128960,68.0,52.072,69.25,
60399046255067,38.418928476,222.7,18427637760,55301705728,105,1864.0,12.2,28805656576,72195600384,100,15466344448,1241128960,69.0,52.097,69.25,
60399100176757,38.472850166,203.9,18427641856,55301705728,105,1859.0,12.4,28805906432,72195350528,100,15466344448,1241128960,68.0,52.074,69.125,
60399154484852,38.527158261,202.5,18427641856,55301705728,105,1867.0,11.4,28806135808,72195121152,100,15466344448,1241128960,68.0,52.094,69.25,
60399208381024,38.581054433,204.2,18427641856,55301705728,105,1838.0,12.4,28805873664,72195383296,100,15466344448,1241128960,68.0,52.081,69.25,
60399262297665,38.634971074,204.0,18427641856,55301705728,105,1903.0,10.5,28806361088,72194895872,100,15466344448,1241128960,69.0,52.096,69.25,
60399316321216,38.688994625,222.2,18427641856,55301705728,105,1869.0,11.2,28806361088,72194895872,100,15466344448,1241128960,68.0,52.089,69.25,
60399370425238,38.743098647,203.2,18427645952,55301705728,105,1875.0,13.1,28806287360,72194969600,100,15466344448,1241128960,69.0,52.093,69.25,
60399424249576,38.796922985,204.3,18427645952,55301705728,105,1878.0,12.1,28806758400,72194498560,100,15466344448,1241128960,68.0,52.097,69.25,
60399478390848,38.851064257,203.1,18427645952,55301705728,105,1871.0,28.6,28806701056,72194555904,100,15466344448,1241128960,69.0,52.097,69.25,
60399533395298,38.906068707,199.9,18427645952,55301705728,105,1834.0,21.5,28806918144,72194338816,100,15466344448,1241128960,68.0,52.093,69.25,
60399587199057,38.959872466,223.1,18427650048,55301705728,105,1874.0,17.0,28756492288,72244764672,100,15466344448,1241128960,68.0,52.065,69.25,
60399641409769,39.014083178,203.0,18427654144,55301705728,105,1851.0,9.3,28756492288,72244764672,100,15466344448,1241128960,69.0,52.091,69.25,
60399695148997,39.067822406,204.7,18427654144,55301705728,105,1853.0,10.5,28756492288,72244764672,100,15466344448,1241128960,68.0,52.07,69.25,
60399749249011,39.12192242,203.3,18427654144,55301705728,105,1848.0,9.2,28755976192,72245280768,100,15466344448,1241128960,68.0,52.092,69.25,
60399803296067,39.175969476,203.6,18427654144,55301705728,105,1840.0,11.0,28755337216,72245919744,100,15466344448,1241128960,68.0,52.075,69.25,
60399857367618,39.230041027,203.4,18427654144,55301705728,105,1882.0,9.8,28755451904,72245805056,100,15466344448,1241128960,69.0,52.094,69.25,
60399912261381,39.28493479,218.6,18427654144,55301705728,105,1843.0,11.0,28740472832,72260784128,100,15466344448,1241128960,69.0,52.081,69.25,
60399966298287,39.338971696,203.6,18427654144,55301705728,105,1882.0,8.7,28739026944,72262230016,100,15466344448,1241128960,69.0,52.097,69.25,
60400021489027,39.394162436,199.3,18427654144,55301705728,105,1790.0,11.3,28737118208,72264138752,100,15466344448,1241128960,68.0,52.088,69.25,
60400075430714,39.448104123,222.4,18427658240,55301705728,105,1906.0,9.4,28737011712,72264245248,100,15466344448,1241128960,70.0,52.09,69.25,
60400129304344,39.501977753,204.3,18427662336,55301705728,105,1867.0,10.0,28736860160,72264396800,100,15466344448,1241128960,69.0,52.085,69.25,
60400186633614,39.559307023,854.5,18427682816,55301705728,105,1901.0,31.2,28736790528,72264466432,100,15466344448,1241128960,69.0,52.089,69.25,
60400240302761,39.61297617,223.7,18427682816,55301705728,105,1903.0,9.9,28736790528,72264466432,100,15466344448,1241128960,68.0,52.092,69.25,
60400294222818,39.666896227,185.3,18427682816,55301705728,105,1877.0,11.0,28736790528,72264466432,100,15466344448,1241128960,69.0,52.081,69.25,
60400348303105,39.720976514,203.2,18427682816,55301705728,105,1852.0,10.2,28737019904,72264237056,100,15466344448,1241128960,68.0,52.088,69.25,
60400402402318,39.775075727,221.9,18427682816,55301705728,105,1872.0,12.4,28737249280,72264007680,100,15460052992,1241128960,69.0,52.077,69.25,
60400456377969,39.829051378,203.8,18427682816,55301705728,105,1807.0,11.6,28737495040,72263761920,100,15460052992,1241128960,69.0,53.0,69.25,
60400510393465,39.883066874,203.7,18427682816,55301705728,105,1817.0,13.4,28737978368,72263278592,100,15460052992,1241128960,68.0,52.07,69.25,
60400564397850,39.937071259,203.7,18427686912,55301705728,105,1856.0,11.6,28738207744,72263049216,100,15460052992,1241128960,69.0,52.094,69.25,
60400618442320,39.991115729,203.5,18427686912,55301705728,105,1810.0,10.5,28738207744,72263049216,100,15460052992,1241128960,68.0,52.073,69.25,
60400672325528,40.044998937,222.7,18427686912,55301705728,105,1827.0,8.7,28738437120,72262819840,100,15460052992,1241128960,68.0,52.095,69.25,
60400726394013,40.099067422,203.5,18427686912,55301705728,105,1821.0,11.0,28738379776,72262877184,100,15460052992,1241128960,69.0,52.077,69.25,
60400780347944,40.153021353,203.7,18427686912,55301705728,105,1882.0,9.7,28737810432,72263446528,100,15460052992,1241128960,68.0,52.094,69.25,
60400837463824,40.210137233,227.8,18427686912,55301705728,105,1878.0,10.1,28735770624,72265486336,100,15460052992,1241128960,68.0,52.079,69.25,
60400891359595,40.264033004,204.1,18427686912,55301705728,105,1928.0,8.7,28726067200,72275189760,100,15460052992,1241128960,69.0,52.094,69.25,
60400945578703,40.318252112,202.7,18427686912,55301705728,105,1824.0,11.0,28722323456,72278933504,100,15460052992,1241128960,68.0,52.085,69.25,
60400999314965,40.371988374,205.2,18427686912,55301705728,105,1903.0,8.8,28722135040,72279121920,100,15460052992,1241128960,69.0,52.092,69.25,
60401052433068,40.425106477,188.2,18427691008,55301705728,105,1881.0,10.1,28722135040,72279121920,100,15460052992,1241128960,69.0,52.094,69.25,
60401107326620,40.480000029,218.5,18427695104,55301705728,105,1862.0,9.7,28723417088,72277839872,100,15460052992,1241128960,69.0,52.09,69.25,
60401160343443,40.533016852,207.5,18427695104,55301705728,105,1865.0,10.1,28723646464,72277610496,100,15460052992,1241128960,69.0,52.095,69.25,
60401213263054,40.585936463,207.9,18427695104,55301705728,105,1904.0,10.0,28722073600,72279183360,100,15460052992,1241128960,69.0,52.085,69.25,
60401266322056,40.638995465,207.3,18427695104,55301705728,105,1896.0,8.2,28722073600,72279183360,100,15460052992,1241128960,68.0,52.09,69.25,
60401320346980,40.693020389,203.6,18427695104,55301705728,105,1850.0,9.9,28722302976,72278953984,100,15460052992,1241128960,69.0,52.079,69.25,
60401374328912,40.747002321,222.2,18427695104,55301705728,105,1830.0,10.5,28723044352,72278212608,100,15464247296,1241128960,68.0,52.092,69.25,
60401428398510,40.801071919,184.8,18427695104,55301705728,105,1795.0,12.1,28720902144,72280354816,100,15464247296,1241128960,69.0,52.073,69.25,
60401482343974,40.855017383,222.4,18427695104,55301705728,105,1850.0,12.7,28707979264,72293277696,100,15464247296,1241128960,69.0,53.0,69.25,
60401536232291,40.9089057,204.2,18427695104,55301705728,105,1820.0,13.5,28708216832,72293040128,100,15464247296,1241128960,68.0,52.074,69.25,
60401590409480,40.963082889,203.0,18427699200,55301705728,105,1829.0,11.4,28708151296,72293105664,100,15464247296,1241128960,68.0,52.094,69.25,
60401645394705,41.018068114,218.3,18427699200,55301705728,105,1804.0,12.6,28708409344,72292847616,100,15464247296,1241128960,68.0,52.076,69.25,
60401699418576,41.072091985,203.2,18427703296,55301705728,105,1861.0,9.8,28708610048,72292646912,100,15464247296,1241128960,69.0,52.093,69.25,
60401754354618,41.127028027,200.6,18427703296,55301705728,105,1774.0,12.1,28708806656,72292450304,100,15464247296,1241128960,68.0,52.084,69.25,
60401808347942,41.181021351,222.0,18427703296,55301705728,105,1889.0,9.4,28707389440,72293867520,100,15464247296,1241128960,70.0,52.099,69.25,
60401862446383,41.235119792,203.5,18427703296,55301705728,105,1755.0,11.6,28694204416,72307052544,100,15464247296,1241128960,68.0,52.091,69.25,
60401916362022,41.289035431,204.0,18427703296,55301705728,105,1865.0,10.4,28684861440,72316395520,100,15464247296,1241128960,69.0,52.095,69.25,
60401970367569,41.343040978,203.7,18427703296,55301705728,105,1790.0,11.7,28685090816,72316166144,100,15464247296,1241128960,69.0,52.099,69.25,
60402024353790,41.397027199,203.8,18427703296,55301705728,105,1870.0,10.9,28685033472,72316223488,100,15464247296,1241128960,69.0,52.09,69.25,
60402078354518,41.451027927,222.3,18427703296,55301705728,105,1822.0,10.5,28684660736,72316596224,100,15464247296,1241128960,69.0,52.096,69.25,
60402132319749,41.504993158,203.7,18427703296,55301705728,105,1883.0,11.5,28684627968,72316628992,100,15464247296,1241128960,69.0,52.086,69.25,
60402186438268,41.559111677,203.2,18427711488,55301705728,105,1835.0,9.9,28684627968,72316628992,100,15464247296,1241128960,69.0,52.093,69.25,
60402240421693,41.613095102,203.5,18427711488,55301705728,105,1877.0,11.7,28684627968,72316628992,100,15464247296,1241128960,68.0,52.076,69.25,
60402294401071,41.66707448,204.1,18427711488,55301705728,105,1821.0,10.3,28684316672,72316940288,100,15464247296,1241128960,68.0,52.095,69.25,
60402348511154,41.721184563,221.7,18427711488,55301705728,105,1831.0,12.8,28685062144,72316194816,100,15464247296,1241128960,68.0,52.069,69.25,
60402402470755,41.775144164,203.9,18427711488,55301705728,105,1818.0,12.2,28685062144,72316194816,100,15464247296,1241128960,69.0,52.098,69.25,
60402456386013,41.829059422,204.0,18427711488,55301705728,105,1806.0,13.4,28685246464,72316010496,100,15464247296,1241128960,68.0,52.079,69.25,
60402510410606,41.883084015,185.1,18427711488,55301705728,105,1852.0,12.3,28685504512,72315752448,100,15464247296,1241128960,68.0,52.096,69.25,
60402564393199,41.937066608,222.3,18427711488,55301705728,105,1826.0,12.2,28686249984,72315006976,100,15464247296,1241128960,68.0,52.077,69.25,
60402618437539,41.991110948,203.1,18427711488,55301705728,105,1859.0,10.3,28686475264,72314781696,100,15464247296,1241128960,68.0,52.096,69.25,
60402673358843,42.046032252,218.9,18427711488,55301705728,105,1839.0,12.1,28686475264,72314781696,100,15464247296,1241128960,69.0,52.084,69.25,
60402727534329,42.100207738,203.1,18427719680,55301705728,105,1899.0,9.9,28686180352,72315076608,100,15464247296,1241128960,69.0,52.097,69.25,
60402785522304,42.158195713,224.2,18427719680,55301705728,105,1814.0,11.9,28686696448,72314560512,100,15464247296,1241128960,68.0,52.092,69.25,
60402839412144,42.212085553,204.1,18427719680,55301705728,105,1891.0,9.9,28686127104,72315129856,100,15464247296,1241128960,69.0,53.003,69.25,
60402896491345,42.269164754,210.1,18427719680,55301705728,105,1829.0,10.9,28673847296,72327409664,100,15464247296,1241128960,68.0,52.094,69.25,
60402951478352,42.324151761,200.2,18427719680,55301705728,105,1833.0,11.6,28669808640,72331448320,100,15464247296,1241128960,69.0,53.003,69.25,
60403014906680,42.387580089,220.6,18427719680,55301705728,105,1773.0,12.1,28668833792,72332423168,100,15464247296,1241128960,68.0,52.09,69.25,
60403070580125,42.443253534,197.7,18427719680,55301705728,105,1871.0,10.9,28673191936,72328065024,100,15464247296,1241128960,69.0,53.002,69.25,
60403125486851,42.49816026,218.7,18427719680,55301705728,105,1792.0,13.1,28674482176,72326774784,100,15464247296,1241128960,68.0,52.095,69.25,
60403179431975,42.552105384,203.9,18427719680,55301705728,105,1845.0,11.0,28674482176,72326774784,100,15464247296,1241128960,69.0,52.098,69.25,
60403233398008,42.606071417,203.8,18427719680,55301705728,105,1830.0,12.4,28674691072,72326565888,100,15464247296,1241128960,68.0,53.002,69.25,
60403286480734,42.659154143,226.5,18427723776,55301705728,105,1834.0,11.9,28674691072,72326565888,100,15464247296,1241128960,69.0,52.091,69.25,
60403339249812,42.711923221,207.9,18427731968,55301705728,105,1804.0,10.7,28674347008,72326909952,100,15464247296,1241128960,68.0,52.098,69.25,
60403394334633,42.767008042,200.3,18427736064,55301705728,105,1837.0,13.1,28674834432,72326422528,100,15464247296,1241128960,69.0,52.081,69.25,
60403447523969,42.820197378,187.5,18427740160,55301705728,105,1827.0,10.5,28674822144,72326434816,100,15464247296,1241128960,68.0,52.096,69.25,
60403501467951,42.87414136,222.9,18427740160,55301705728,105,1850.0,14.1,28677615616,72323641344,100,15464247296,1241128960,69.0,52.083,69.25,
60403554489843,42.927163252,207.2,18427740160,55301705728,105,1878.0,10.6,28677603328,72323653632,100,15464247296,1241128960,68.0,52.097,69.25,
60403608427883,42.981101292,204.3,18427740160,55301705728,105,1840.0,11.7,28677603328,72323653632,100,15464247296,1241128960,68.0,52.074,69.25,
60403661366319,43.034039728,207.3,18427740160,55301705728,105,1884.0,8.8,28678086656,72323170304,100,15464247296,1241128960,68.0,52.099,69.25,
60403715439182,43.088112591,203.9,18427740160,55301705728,105,1846.0,11.0,28678602752,72322654208,100,15464247296,1241128960,68.0,52.078,69.25,
60403768514113,43.141187522,206.5,18427740160,55301705728,105,1858.0,9.4,28678602752,72322654208,100,15464247296,1241128960,68.0,52.096,69.25,
60403822515592,43.195189001,223.0,18427752448,55301705728,105,1854.0,11.0,28678602752,72322654208,100,15464247296,1241128960,68.0,52.084,69.25,
60403878514497,43.251187906,1106.8,18427756544,55301705728,105,1857.0,40.5,28665548800,72335708160,100,15464247296,1241128960,69.0,53.002,69.25,
60403931472169,43.304145578,188.6,18427756544,55301705728,105,1941.0,9.9,28664774656,72336482304,100,15464247296,1241128960,69.0,52.099,69.25,
60403984375439,43.357048848,208.0,18427756544,55301705728,105,1903.0,10.1,28664774656,72336482304,100,15464247296,1241128960,69.0,52.091,69.25,
60404037494212,43.410167621,206.9,18427756544,55301705728,105,1880.0,8.9,28664684544,72336572416,100,15464247296,1241128960,69.0,52.098,69.25,
60404091527551,43.46420096,222.3,18427756544,55301705728,105,1919.0,11.0,28664684544,72336572416,100,15464247296,1241128960,68.0,52.082,69.25,
60404144470135,43.517143544,188.6,18427756544,55301705728,105,1883.0,8.8,28664684544,72336572416,100,15464247296,1241128960,68.0,52.092,69.25,
60404197513768,43.570187177,207.5,18427756544,55301705728,105,1904.0,10.8,28664938496,72336318464,100,15464247296,1241128960,69.0,52.079,69.25,
60404250456201,43.62312961,207.7,18427756544,55301705728,105,1866.0,9.5,28664336384,72336920576,100,15464247296,1241128960,69.0,52.098,69.25,
60404303417589,43.676090998,207.7,18427756544,55301705728,105,1855.0,11.8,28664565760,72336691200,100,15464247296,1241128960,68.0,52.073,69.25,
60404356421337,43.729094746,207.6,18427756544,55301705728,105,1895.0,8.9,28664565760,72336691200,100,15464247296,1241128960,68.0,52.097,69.25,
60404409389920,43.782063329,189.1,18427756544,55301705728,105,1852.0,12.0,28658749440,72342507520,100,15460052992,1241128960,68.0,52.079,69.25,
60404461428367,43.834101776,211.3,18427760640,55301705728,105,1911.0,11.3,28658950144,72342306816,100,15460052992,1241128960,69.0,53.003,69.25,
60404514469295,43.887142704,226.2,18427760640,55301705728,105,1957.0,13.0,28658950144,72342306816,100,15460052992,1241128960,68.0,52.09,69.25,
60404567299808,43.939973217,189.4,18427760640,55301705728,105,1917.0,9.5,28658950144,72342306816,100,15460052992,1241128960,69.0,52.092,69.25,
60404619452019,43.992125428,210.5,18427764736,55301705728,105,1822.0,10.7,28658950144,72342306816,100,15460052992,1241128960,68.0,52.097,69.25,
60404672419780,44.045093189,189.1,18427764736,55301705728,105,1896.0,10.2,28658950144,72342306816,100,15460052992,1241128960,69.0,52.084,69.25,
60404724405178,44.097078587,211.2,18427764736,55301705728,105,1837.0,8.9,28658671616,72342585344,100,15460052992,1241128960,69.0,52.094,69.25,
60404777332763,44.150006172,208.3,18427764736,55301705728,105,1862.0,11.3,28658671616,72342585344,100,15460052992,1241128960,69.0,52.075,69.25,
60404829559384,44.202232793,210.2,18427764736,55301705728,105,1889.0,9.0,28659187712,72342069248,100,15460052992,1241128960,69.0,52.095,69.25,
60404882493090,44.255166499,208.2,18427764736,55301705728,105,1878.0,11.2,28657459200,72343797760,100,15460052992,1241128960,69.0,52.073,69.25,
60404935563924,44.308237333,188.1,18427764736,55301705728,105,1899.0,8.9,28655173632,72346083328,100,15460052992,1241128960,69.0,52.098,69.25,
60404989405593,44.362079002,204.3,18427768832,55301705728,105,1927.0,9.3,28646522880,72354734080,100,15460052992,1241128960,68.0,52.075,69.25,
60405043481772,44.416155181,203.3,18427768832,55301705728,105,1891.0,10.9,28647555072,72353701888,100,15460052992,1241128960,69.0,52.096,69.375,
60405097433228,44.470106637,204.1,18427768832,55301705728,105,1877.0,10.5,28653203456,72348053504,100,15460052992,1241128960,68.0,52.083,69.25,
60405151542218,44.524215627,221.9,18427772928,55301705728,105,1932.0,8.1,28653690880,72347566080,100,15460052992,1241128960,69.0,52.098,69.25,
60405205588050,44.578261459,203.4,18427772928,55301705728,105,1892.0,10.3,28653420544,72347836416,100,15460052992,1241128960,68.0,52.088,69.25,
60405259614827,44.632288236,203.6,18427772928,55301705728,105,1872.0,8.7,28653420544,72347836416,100,15460052992,1241128960,69.0,52.093,69.375,
60405313506209,44.686179618,204.0,18427772928,55301705728,105,1875.0,9.7,28653649920,72347607040,100,15460052992,1241128960,69.0,52.096,69.375,
60405370622760,44.743296169,227.6,18427772928,55301705728,105,1862.0,12.2,28653907968,72347348992,100,15464247296,1241128960,69.0,52.092,69.25,
60405424455583,44.797128992,204.5,18427772928,55301705728,105,1812.0,11.9,28653756416,72347500544,100,15464247296,1241128960,69.0,52.098,69.25,
60405479426530,44.852099939,200.3,18427772928,55301705728,105,1843.0,13.5,28653756416,72347500544,100,15464247296,1241128960,69.0,52.086,69.25,
60405532574207,44.905247616,206.8,18427777024,55301705728,105,1866.0,11.8,28654272512,72346984448,100,15464247296,1241128960,68.0,52.092,69.25,
60405585385044,44.958058453,227.6,18427777024,55301705728,105,1853.0,12.6,28654501888,72346755072,100,15464247296,1241128960,68.0,52.073,69.25,
60405637488152,45.010161561,191.7,18427777024,55301705728,105,1853.0,10.1,28654751744,72346505216,100,15464247296,1241128960,68.0,52.096,69.25,
60405690435875,45.063109284,208.0,18427777024,55301705728,105,1850.0,12.0,28653719552,72347537408,100,15464247296,1241128960,68.0,52.074,69.25,
60405743423543,45.116096952,207.2,18427781120,55301705728,105,1851.0,9.4,28653740032,72347516928,100,15464247296,1241128960,68.0,52.097,69.25,
60405796408876,45.169082285,188.7,18427781120,55301705728,105,1840.0,11.9,28653481984,72347774976,100,15464247296,1241128960,68.0,52.087,69.25,
60405849372839,45.222046248,208.0,18427781120,55301705728,105,1905.0,9.6,28650586112,72350670848,100,15464247296,1241128960,69.0,53.004,69.25,
60405902311675,45.274985084,207.8,18427781120,55301705728,105,1851.0,12.2,28639535104,72361721856,100,15464247296,1241128960,68.0,52.093,69.25,
60405955551085,45.328224494,206.4,18427781120,55301705728,105,1896.0,9.4,28639793152,72361463808,100,15464247296,1241128960,69.0,52.098,69.25,
60406009635479,45.382308888,203.3,18427781120,55301705728,105,1881.0,11.6,28639793152,72361463808,100,15464247296,1241128960,69.0,53.003,69.25,
60406063483290,45.436156699,222.9,18427785216,55301705728,105,1882.0,11.2,28640051200,72361205760,100,15464247296,1241128960,69.0,52.092,69.25,
60406117555993,45.490229402,185.0,18427785216,55301705728,105,1872.0,9.8,28639789056,72361467904,100,15464247296,1241128960,68.0,52.096,69.25,
60406171537203,45.544210612,203.8,18427785216,55301705728,105,1870.0,11.1,28639526912,72361730048,100,15464247296,1241128960,69.0,52.085,69.25,
60406225613262,45.598286671,221.5,18427785216,55301705728,105,1862.0,9.9,28639133696,72362123264,100,15464247296,1241128960,68.0,52.096,69.25,
60406279657010,45.652330419,204.2,18427785216,55301705728,105,1859.0,11.8,28639649792,72361607168,100,15464247296,1241128960,68.0,52.075,69.25,
60406332424786,45.705098195,208.1,18427789312,55301705728,105,1876.0,10.7,28639649792,72361607168,100,15464247296,1241128960,68.0,53.0,69.25,
60406385320862,45.757994271,208.3,18427789312,55301705728,105,1916.0,11.4,28639649792,72361607168,100,15464247296,1241128960,68.0,52.078,69.25,
60406437353368,45.810026777,192.1,18427789312,55301705728,105,1887.0,13.1,28640927744,72360329216,100,15464247296,1241128960,69.0,53.0,69.25,
60406489566172,45.862239581,210.4,18427789312,55301705728,105,1876.0,17.5,28648431616,72352825344,100,15464247296,1241128960,68.0,52.096,69.25,
60406542445156,45.915118565,208.3,18427789312,55301705728,105,1887.0,11.8,28649172992,72352083968,100,15466344448,1241128960,69.0,52.094,69.25,
60406595750540,45.968423949,206.1,18427793408,55301705728,105,1867.0,10.3,28649660416,72351596544,100,15466344448,1241128960,69.0,52.098,69.25,
60406649581589,46.022254998,204.2,18427793408,55301705728,105,1999.0,11.0,28649660416,72351596544,100,15466344448,1241128960,69.0,52.09,69.25,
60406703514849,46.076188258,204.1,18427793408,55301705728,105,1947.0,9.9,28649889792,72351367168,100,15466344448,1241128960,69.0,52.096,69.25,
60406757703018,46.130376427,202.9,18427793408,55301705728,105,1987.0,9.4,28650119168,72351137792,100,15466344448,1241128960,69.0,52.082,69.25,
60406811533917,46.184207326,204.4,18427797504,55301705728,105,1928.0,8.7,28649562112,72351694848,100,15466344448,1241128960,68.0,52.091,69.25,
60406865609264,46.238282673,203.4,18427801600,55301705728,105,1996.0,10.4,28639326208,72361930752,100,15466344448,1241128960,68.0,52.075,69.25,
60406919530352,46.292203761,203.9,18427801600,55301705728,105,1931.0,8.2,28637966336,72363290624,100,15466344448,1241128960,69.0,52.097,69.25,
60406973722679,46.346396088,203.0,18427801600,55301705728,105,1886.0,11.0,28637966336,72363290624,100,15466344448,1241128960,68.0,52.076,69.25,
60407027577683,46.400251092,222.9,18427801600,55301705728,105,1906.0,11.0,28638138368,72363118592,100,15466344448,1241128960,69.0,53.0,69.25,
60407081570846,46.454244255,203.8,18427801600,55301705728,105,1888.0,12.1,28643815424,72357441536,100,15466344448,1241128960,68.0,52.077,69.25,
60407135583836,46.508257245,203.4,18427805696,55301705728,105,1878.0,10.4,28644073472,72357183488,100,15466344448,1241128960,68.0,52.096,69.25,
60407189597378,46.562270787,204.1,18427805696,55301705728,105,1965.0,11.8,28644327424,72356929536,100,15466344448,1241128960,68.0,52.087,69.25,
60407242591918,46.615265327,226.5,18427805696,55301705728,105,1914.0,10.1,28644327424,72356929536,100,15466344448,1241128960,69.0,52.097,69.25,
60407295487643,46.668161052,188.8,18427805696,55301705728,105,1830.0,11.7,28644327424,72356929536,100,15466344448,1241128960,68.0,52.097,69.25,
60407349606382,46.722279791,203.2,18427805696,55301705728,105,1871.0,12.1,28644294656,72356962304,100,15466344448,1241128960,69.0,52.092,69.25,
60407403550303,46.776223712,222.5,18427805696,55301705728,105,1903.0,9.4,28644294656,72356962304,100,15466344448,1241128960,69.0,52.096,69.25,
60407457520863,46.830194272,203.8,18427809792,55301705728,105,1933.0,11.6,28644274176,72356982784,100,15466344448,1241128960,69.0,52.086,69.25,
60407511567527,46.884240936,203.7,18427809792,55301705728,105,1865.0,11.1,28644532224,72356724736,100,15466344448,1241128960,68.0,52.091,69.25,
60407564640895,46.937314304,414.5,18427834368,55301705728,105,1914.0,22.2,28620275712,72380981248,100,15466344448,1241128960,68.0,52.074,69.25,
60407618549279,46.991222688,909.2,18427834368,55301705728,105,1868.0,26.3,28619857920,72381399040,100,15466344448,1241128960,68.0,52.098,69.25,
60407671480030,47.044153439,207.6,18427834368,55301705728,105,1908.0,10.0,28620382208,72380874752,100,15466344448,1241128960,68.0,52.076,69.25,
60407725560226,47.098233635,222.1,18427834368,55301705728,105,1938.0,9.9,28620611584,72380645376,100,15466344448,1241128960,68.0,52.098,69.25,
60407779547317,47.152220726,203.8,18427834368,55301705728,105,1907.0,9.9,28620611584,72380645376,100,15466344448,1241128960,68.0,52.081,69.25,
60407832686369,47.205359778,207.0,18427834368,55301705728,105,1919.0,8.8,28619321344,72381935616,100,15466344448,1241128960,69.0,52.097,69.25,
60407890504815,47.263178224,207.4,18427834368,55301705728,105,1934.0,10.3,28605489152,72395767808,100,15466344448,1241128960,68.0,52.083,69.25,
60407944515020,47.317188429,222.3,18427834368,55301705728,105,1933.0,8.2,28597129216,72404127744,100,15466344448,1241128960,69.0,52.095,69.25,
60407997670122,47.370343531,188.0,18427834368,55301705728,105,1884.0,10.1,28597645312,72403611648,100,15466344448,1241128960,68.0,52.089,69.25,
60408051584968,47.424258377,204.0,18427834368,55301705728,105,1909.0,9.9,28597383168,72403873792,100,15466344448,1241128960,69.0,52.094,69.25,
60408105735877,47.478409286,203.1,18427834368,55301705728,105,1855.0,11.5,28597088256,72404168704,100,15466344448,1241128960,69.0,52.098,69.25,
60408159612080,47.532285489,222.7,18427834368,55301705728,105,1887.0,9.8,28596498432,72404758528,100,15466344448,1241128960,69.0,52.088,69.25,
60408213609511,47.58628292,203.7,18427834368,55301705728,105,1934.0,8.8,28596498432,72404758528,100,15466344448,1241128960,69.0,52.095,69.25,
60408267542842,47.640216251,203.9,18427838464,55301705728,105,1903.0,10.4,28597014528,72404242432,100,15466344448,1241128960,68.0,52.085,69.25,
60408321710102,47.694383511,203.0,18427838464,55301705728,105,1873.0,9.3,28596097024,72405159936,100,15466344448,1241128960,68.0,52.095,69.25,
60408375717611,47.74839102,222.2,18427838464,55301705728,105,1866.0,11.0,28595834880,72405422080,100,15466344448,1241128960,69.0,52.077,69.25,
60408429596801,47.80227021,204.4,18427838464,55301705728,105,1852.0,9.2,28595834880,72405422080,100,15466344448,1241128960,68.0,52.095,69.25,
60408483554006,47.856227415,203.6,18427838464,55301705728,105,1856.0,12.3,28596051968,72405204992,100,15466344448,1241128960,68.0,52.078,69.25,
60408537599277,47.910272686,203.6,18427838464,55301705728,105,1838.0,11.7,28595511296,72405745664,100,15466344448,1241128960,68.0,52.095,69.25,
60408594702732,47.967376141,210.1,18427838464,55301705728,105,1806.0,12.4,28595740672,72405516288,100,15466344448,1241128960,68.0,52.07,69.125,
60408648525626,48.021199035,204.4,18427842560,55301705728,105,1852.0,9.8,28595740672,72405516288,100,15466344448,1241128960,69.0,52.097,69.25,
60408702554045,48.075227454,203.6,18427842560,55301705728,105,1842.0,11.0,28595740672,72405516288,100,15466344448,1241128960,68.0,52.075,69.125,
60408756725843,48.129399252,221.6,18427846656,55301705728,105,1881.0,8.7,28595998720,72405258240,100,15466344448,1241128960,69.0,52.097,69.25,
60408810637733,48.183311142,204.0,18427850752,55301705728,105,1841.0,10.5,28595482624,72405774336,100,15466344448,1241128960,68.0,52.083,69.125,
60408864781348,48.237454757,203.0,18427850752,55301705728,105,1881.0,8.7,28595470336,72405786624,100,15466344448,1241128960,68.0,53.002,69.25,
60408920700413,48.293373822,196.8,18427850752,55301705728,105,1796.0,11.8,28586291200,72414965760,100,15466344448,1241128960,68.0,52.088,69.125,
60408974647950,48.347321359,222.4,18427850752,55301705728,105,1897.0,8.8,28586520576,72414736384,100,15466344448,1241128960,68.0,53.001,69.25,
60409034622720,48.407296129,216.9,18427850752,55301705728,105,1850.0,10.1,28586094592,72415162368,100,15466344448,1241128960,68.0,52.086,69.125,
60409088592710,48.461266119,204.0,18427850752,55301705728,105,1902.0,9.4,28589965312,72411291648,100,15466344448,1241128960,70.0,53.001,69.25,
60409143739476,48.516412885,217.5,18427850752,55301705728,105,1828.0,10.7,28590424064,72410832896,100,15466344448,1241128960,68.0,52.093,69.125,
60409196623078,48.569296487,188.9,18427854848,55301705728,105,1877.0,10.1,28590424064,72410832896,100,15466344448,1241128960,69.0,52.097,69.125,
60409251930626,48.624604035,235.0,18427854848,55301705728,105,1849.0,11.2,28590653440,72410603520,100,15466344448,1241128960,68.0,52.098,69.25,
60409307728944,48.680402353,197.1,18427854848,55301705728,105,1814.0,9.6,28591136768,72410120192,100,15466344448,1241128960,69.0,52.095,69.25,
60409361673536,48.734346945,204.0,18427854848,55301705728,105,1841.0,9.9,28590604288,72410652672,100,15464247296,1241128960,69.0,53.001,69.25,
60409415671127,48.788344536,222.2,18427858944,55301705728,105,1858.0,12.1,28590833664,72410423296,100,15464247296,1241128960,69.0,52.092,69.125,
60409471743949,48.844417358,196.1,18427858944,55301705728,105,1869.0,11.8,28591063040,72410193920,100,15464247296,1241128960,69.0,52.099,69.25,
60409525706595,48.898380004,203.9,18427858944,55301705728,105,1935.0,12.8,28591292416,72409964544,100,15464247296,1241128960,69.0,52.086,69.125,
60409579750132,48.952423541,203.3,18427858944,55301705728,105,1824.0,10.3,28591292416,72409964544,100,15464247296,1241128960,68.0,52.09,69.125,
60409633550293,49.006223702,204.7,18427858944,55301705728,105,1845.0,12.4,28590080000,72411176960,100,15464247296,1241128960,68.0,52.077,69.125,
60409687734434,49.060407843,221.6,18427858944,55301705728,105,1856.0,9.9,28590309376,72410947584,100,15464247296,1241128960,68.0,52.098,69.125,
60409741663536,49.114336945,203.9,18427863040,55301705728,105,1828.0,12.8,28590309376,72410947584,100,15464247296,1241128960,68.0,52.074,69.125,
60409795755284,49.168428693,203.4,18427863040,55301705728,105,1870.0,10.5,28590661632,72410595328,100,15464247296,1241128960,69.0,53.0,69.125,
60409849655462,49.222328871,204.0,18427863040,55301705728,105,1792.0,13.1,28591149056,72410107904,100,15464247296,1241128960,68.0,52.084,69.125,
60409903810128,49.276483537,221.6,18427863040,55301705728,105,1868.0,10.0,28580855808,72420401152,100,15464247296,1241128960,69.0,53.003,69.125,
60409957687073,49.330360482,185.6,18427863040,55301705728,105,1867.0,12.2,28581113856,72420143104,100,15464247296,1241128960,68.0,52.089,69.125,
60410011746259,49.384419668,222.1,18427867136,55301705728,105,1880.0,9.2,28581113856,72420143104,100,15464247296,1241128960,69.0,53.005,69.125,
60410065658210,49.438331619,204.0,18427867136,55301705728,105,1864.0,13.5,28581109760,72420147200,100,15464247296,1241128960,68.0,52.097,69.125,
60410119692510,49.492365919,203.6,18427867136,55301705728,105,1845.0,10.5,28581044224,72420212736,100,15464247296,1241128960,69.0,53.0,69.125,
60410175808163,49.548481572,213.8,18427867136,55301705728,105,1861.0,11.2,28580708352,72420548608,100,15464247296,1241128960,68.0,53.003,69.125,
60410229791367,49.602464776,222.4,18427867136,55301705728,105,1857.0,11.6,28580708352,72420548608,100,15464247296,1241128960,69.0,52.096,69.125,
60410283782215,49.656455624,203.7,18427871232,55301705728,105,1816.0,12.5,28581167104,72420089856,100,15464247296,1241128960,68.0,53.003,69.125,
60410338838962,49.711512371,199.7,18427871232,55301705728,105,1862.0,11.9,28580765696,72420491264,100,15464247296,1241128960,69.0,52.093,69.125,
60410393718407,49.766391816,218.7,18427871232,55301705728,105,1893.0,9.4,28580765696,72420491264,100,15464247296,1241128960,69.0,52.096,69.125,
60410447643993,49.820317402,204.1,18427871232,55301705728,105,1803.0,13.4,28581281792,72419975168,100,15464247296,1241128960,69.0,52.083,69.125,
60410502022478,49.874695887,202.4,18427871232,55301705728,105,1841.0,11.6,28581011456,72420245504,100,15464247296,1241128960,68.0,53.001,69.125,
60410555772245,49.928445654,204.7,18427875328,55301705728,105,1833.0,12.3,28581781504,72419475456,100,15464247296,1241128960,68.0,52.073,69.125,
60410609809971,49.98248338,222.2,18427875328,55301705728,105,1892.0,9.4,28582039552,72419217408,100,15464247296,1241128960,69.0,52.099,69.125,
60410662799381,50.03547279,207.3,18427875328,55301705728,105,1792.0,11.6,28582555648,72418701312,100,15464247296,1241128960,68.0,52.079,69.125,
60410717805684,50.090479093,200.0,18427875328,55301705728,105,1864.0,10.3,28582813696,72418443264,100,15464247296,1241128960,68.0,53.0,69.125,
60410772953211,50.14562662,199.6,18427875328,55301705728,105,1824.0,12.1,28582637568,72418619392,100,15464247296,1241128960,68.0,52.083,69.125,
60410826733033,50.199406442,204.5,18427883520,55301705728,105,1903.0,10.4,28582887424,72418369536,100,15464247296,1241128960,69.0,53.0,69.125,
60410881847148,50.254520557,217.7,18427883520,55301705728,105,1803.0,11.5,28581167104,72420089856,100,15464247296,1241128960,68.0,52.086,69.125,
60410935711840,50.308385249,204.2,18427883520,55301705728,105,1868.0,10.4,28572831744,72428425216,100,15464247296,1241128960,69.0,52.098,69.125,
60410989848021,50.36252143,203.1,18427883520,55301705728,105,1807.0,11.6,28571570176,72429686784,100,15464247296,1241128960,68.0,52.094,69.125,
60411043710228,50.416383637,204.5,18427883520,55301705728,105,1868.0,9.9,28571799552,72429457408,100,15464247296,1241128960,69.0,52.094,69.125,
60411097707067,50.470380476,222.1,18427883520,55301705728,105,1883.0,12.1,28575670272,72425586688,100,15464247296,1241128960,68.0,52.098,69.125,
60411151901487,50.524574896,202.9,18427887616,55301705728,105,1851.0,11.0,28575670272,72425586688,100,15464247296,1241128960,69.0,52.089,69.125,
60411205750970,50.578424379,204.2,18427891712,55301705728,105,1815.0,12.1,28575670272,72425586688,100,15464247296,1241128960,68.0,52.081,69.125,
60411264048936,50.636722345,789.2,18427904000,55301705728,105,1914.0,34.4,28575670272,72425586688,100,15464247296,1241128960,69.0,52.087,69.125,
60411318908513,50.691581922,346.2,18427904000,55301705728,105,1830.0,12.1,28575928320,72425328640,100,15464247296,1241128960,68.0,52.094,69.125,
60411375998944,50.748672353,210.3,18427908096,55301705728,105,1782.0,14.3,28576186368,72425070592,100,15464247296,1241128960,68.0,52.073,69.125,
60411429716941,50.80239035,204.9,18427908096,55301705728,105,1847.0,9.4,28576186368,72425070592,100,15464247296,1241128960,69.0,53.001,69.125,
60411483733186,50.856406595,203.6,18427908096,55301705728,105,1853.0,13.5,28573667328,72427589632,100,15464247296,1241128960,68.0,52.081,69.125,
60411537829833,50.910503242,203.3,18427908096,55301705728,105,1871.0,12.6,28573667328,72427589632,100,15464247296,1241128960,68.0,52.097,69.125,
60411595915710,50.968589119,224.1,18427908096,55301705728,105,1863.0,9.8,28573667328,72427589632,100,15464247296,1241128960,69.0,52.075,69.125,
60411649777076,51.022450485,204.2,18427908096,55301705728,105,1856.0,8.8,28573667328,72427589632,100,15464247296,1241128960,68.0,52.095,69.125,
60411702695723,51.075369132,207.9,18427908096,55301705728,105,1813.0,10.0,28573667328,72427589632,100,15464247296,1241128960,68.0,52.083,69.125,
60411755714148,51.128387557,188.4,18427908096,55301705728,105,1857.0,9.4,28573667328,72427589632,100,15464247296,1241128960,69.0,52.098,69.125,
60411809778293,51.182451702,240.5,18427908096,55301705728,105,1800.0,10.5,28573667328,72427589632,100,15464247296,1241128960,68.0,52.094,69.125,
60411863806151,51.23647956,203.6,18427908096,55301705728,105,1783.0,10.4,28565782528,72435474432,100,15464247296,1241128960,69.0,53.003,69.125,
60411917788994,51.290462403,203.7,18427916288,55301705728,105,1847.0,9.9,28565254144,72436002816,100,15464247296,1241128960,68.0,53.005,69.125,
60411975861967,51.348535376,206.7,18427916288,55301705728,105,1850.0,10.8,28564992000,72436264960,100,15464247296,1241128960,70.0,53.0,69.125,
60412029789196,51.402462605,203.9,18427916288,55301705728,105,1849.0,11.6,28563197952,72438059008,100,15464247296,1241128960,69.0,53.007,69.125,
60412083794351,51.45646776,203.7,18427916288,55301705728,105,1848.0,11.0,28563197952,72438059008,100,15464247296,1241128960,69.0,52.094,69.125,
60412137740515,51.510413924,203.9,18427916288,55301705728,105,1788.0,9.4,28563197952,72438059008,100,15464247296,1241128960,68.0,53.003,69.125,
60412191815942,51.564489351,221.7,18427916288,55301705728,105,1858.0,11.5,28563197952,72438059008,100,15464247296,1241128960,69.0,52.086,69.125,
60412245871031,51.61854444,203.9,18427916288,55301705728,105,1820.0,8.2,28562935808,72438321152,100,15464247296,1241128960,68.0,53.002,69.125,
60412298831587,51.671504996,207.7,18427916288,55301705728,105,1801.0,11.2,28562673664,72438583296,100,15464247296,1241128960,68.0,52.081,69.125,
60412351879036,51.724552445,207.3,18427916288,55301705728,105,1777.0,9.9,28562927616,72438329344,100,15464247296,1241128960,69.0,53.005,69.25,
60412405691950,51.778365359,185.7,18427916288,55301705728,105,1841.0,12.3,28562124800,72439132160,100,15462150144,1241128960,68.0,52.082,69.25,
60412459906838,51.832580247,239.6,18427920384,55301705728,105,1842.0,12.3,28562128896,72439128064,100,15462150144,1241128960,68.0,53.006,69.25,
60412513740752,51.886414161,186.0,18427924480,55301705728,105,1792.0,14.0,28562128896,72439128064,100,15462150144,1241128960,68.0,52.088,69.25,
60412567837899,51.940511308,203.4,18427924480,55301705728,105,1920.0,9.3,28562128896,72439128064,100,15462150144,1241128960,69.0,53.001,69.25,
60412622889356,51.995562765,217.8,18427924480,55301705728,105,1827.0,10.7,28561735680,72439521280,100,15462150144,1241128960,68.0,52.091,69.25,
60412676871177,52.049544586,203.9,18427924480,55301705728,105,1847.0,8.7,28561965056,72439291904,100,15462150144,1241128960,69.0,52.097,69.25,
60412730813835,52.103487244,203.9,18427924480,55301705728,105,1780.0,11.6,28561956864,72439300096,100,15462150144,1241128960,68.0,52.099,69.25,
60412786856471,52.15952988,214.2,18427924480,55301705728,105,1859.0,10.1,28561694720,72439562240,100,15462150144,1241128960,69.0,52.098,69.25,
60412844793920,52.217467329,207.1,18427924480,55301705728,105,1834.0,10.3,28561285120,72439971840,100,15462150144,1241128960,69.0,53.005,69.25,
60412898852264,52.271525673,203.5,18427924480,55301705728,105,1872.0,9.8,28549128192,72452128768,100,15462150144,1241128960,69.0,53.003,69.25,
60412952845076,52.325518485,203.7,18427928576,55301705728,105,1858.0,9.3,28548648960,72452608000,100,15462150144,1241128960,69.0,53.01,69.25,
60413006821256,52.379494665,222.4,18427932672,55301705728,105,1845.0,10.4,28548362240,72452894720,100,15462150144,1241128960,69.0,52.097,69.25,
60413061921505,52.434594914,217.7,18427936768,55301705728,105,1785.0,10.2,28548878336,72452378624,100,15462150144,1241128960,69.0,53.007,69.25,
60413115787298,52.488460707,185.7,18427936768,55301705728,105,1873.0,10.6,28550942720,72450314240,100,15462150144,1241128960,69.0,52.088,69.25,
60413169819444,52.542492853,203.5,18427936768,55301705728,105,1839.0,9.2,28550942720,72450314240,100,15462150144,1241128960,68.0,53.0,69.25,
60413223835108,52.596508517,222.3,18427936768,55301705728,105,1823.0,11.6,28550942720,72450314240,100,15462150144,1241128960,70.0,52.082,69.25,
60413277853127,52.650526536,203.7,18427936768,55301705728,105,1859.0,7.6,28550942720,72450314240,100,15462150144,1241128960,68.0,53.004,69.25,
60413331744308,52.704417717,203.9,18427936768,55301705728,105,1845.0,10.9,28550942720,72450314240,100,15462150144,1241128960,69.0,52.079,69.25,
60413385944038,52.758617447,203.0,18427936768,55301705728,105,1840.0,12.1,28550811648,72450445312,100,15466344448,1245339648,68.0,53.006,69.25,
60413439781518,52.812454927,204.3,18427936768,55301705728,105,1766.0,12.3,28551315456,72449941504,100,15466344448,1241128960,68.0,52.086,69.25,
60413493963885,52.866637294,221.3,18427936768,55301705728,105,1845.0,12.1,28551049216,72450207744,100,15466344448,1241128960,68.0,53.006,69.25,
60413547860336,52.920533745,204.4,18427940864,55301705728,105,1783.0,13.1,28551049216,72450207744,100,15466344448,1241128960,68.0,52.09,69.25,
60413600780276,52.973453685,189.0,18427940864,55301705728,105,1865.0,11.6,28551049216,72450207744,100,15466344448,1241128960,68.0,53.0,69.25,
60413653893167,53.026566576,206.9,18427944960,55301705728,105,1786.0,11.3,28551307264,72449949696,100,15466344448,1241128960,69.0,53.002,69.25,
60413707867194,53.080540603,204.2,18427944960,55301705728,105,1828.0,12.1,28551565312,72449691648,100,15466344448,1241128960,69.0,52.096,69.25,
60413761817866,53.134491275,222.0,18427944960,55301705728,105,1798.0,10.5,28552048640,72449208320,100,15466344448,1241128960,69.0,53.002,69.25,
60413815931013,53.188604422,203.3,18427944960,55301705728,105,1816.0,12.7,28551790592,72449466368,100,15466344448,1241128960,69.0,52.09,69.25,
60413869940446,53.242613855,203.6,18427944960,55301705728,105,1796.0,11.0,28551536640,72449720320,100,15466344448,1241128960,68.0,52.097,69.25,
60413923851855,53.296525264,204.1,18427944960,55301705728,105,1786.0,13.4,28542136320,72459120640,100,15466344448,1241128960,69.0,52.082,69.125,
60413977833746,53.350507155,203.8,18427944960,55301705728,105,1810.0,9.9,28541239296,72460017664,100,15466344448,1241128960,68.0,53.001,69.125,
60414032931570,53.405604979,199.6,18427944960,55301705728,105,1826.0,12.1,28540948480,72460308480,100,15466344448,1241128960,68.0,52.075,69.125,
60414086876351,53.45954976,241.0,18427949056,55301705728,105,1863.0,11.0,28540948480,72460308480,100,15466344448,1241128960,68.0,53.002,69.125,
60414140914999,53.513588408,185.0,18427949056,55301705728,105,1771.0,12.1,28540948480,72460308480,100,15466344448,1241128960,68.0,52.079,69.125,
60414194825005,53.567498414,204.1,18427949056,55301705728,105,1816.0,10.5,28540682240,72460574720,100,15466344448,1241128960,69.0,53.002,69.125,
60414255981170,53.628654579,228.8,18427953152,55301705728,105,1786.0,13.3,28541198336,72460058624,100,15466344448,1241128960,68.0,52.081,69.125,
60414309992426,53.682665835,203.5,18427953152,55301705728,105,1845.0,9.7,28541714432,72459542528,100,15466344448,1241128960,69.0,53.0,69.125,
60414366058956,53.738732365,214.2,18427953152,55301705728,105,1784.0,12.4,28540657664,72460599296,100,15466344448,1241128960,68.0,52.081,69.125,
60414421971228,53.794644637,214.2,18427953152,55301705728,105,1843.0,13.3,28541173760,72460083200,100,15466344448,1241128960,69.0,52.099,69.125,
60414477907984,53.850581393,197.2,18427953152,55301705728,105,1831.0,13.3,28541173760,72460083200,100,15466344448,1241128960,68.0,52.09,69.125,
60414531892230,53.904565639,222.3,18427953152,55301705728,105,1880.0,11.7,28541403136,72459853824,100,15466344448,1241128960,69.0,53.0,69.125,
60414590031948,53.962705357,189.2,18427953152,55301705728,105,1860.0,13.4,28542148608,72459108352,100,15466344448,1241128960,68.0,52.089,69.125,
60414643851063,54.016524472,223.0,18427957248,55301705728,105,1844.0,9.9,28542148608,72459108352,100,15466344448,1241128960,69.0,52.099,69.125,
60414700828993,54.073502402,193.1,18427957248,55301705728,105,1812.0,11.5,28542406656,72458850304,100,15466344448,1241128960,68.0,52.095,69.125,
60414754832564,54.127505973,203.8,18427957248,55301705728,105,1793.0,10.5,28542922752,72458334208,100,15466344448,1241128960,70.0,52.093,69.125,
60414807809922,54.180483331,226.4,18427961344,55301705728,105,1846.0,10.7,28543180800,72458076160,100,15466344448,1241128960,69.0,52.098,69.25,
60414861996797,54.234670206,203.0,18427961344,55301705728,105,1827.0,11.6,28539355136,72461901824,100,15466344448,1241128960,69.0,52.09,69.125,
60414914975486,54.287648895,207.0,18427961344,55301705728,105,1869.0,11.1,28539600896,72461656064,100,15466344448,1241128960,67.0,52.08,69.125,
60414972053874,54.344727283,737.4,18427990016,55301705728,105,1909.0,36.8,28539600896,72461656064,100,15466344448,1241128960,69.0,52.091,69.125,
60415031975424,54.404648833,583.7,18427990016,55301705728,105,1896.0,10.8,28540346368,72460910592,100,15466344448,1241128960,68.0,52.096,69.125,
60415087047679,54.459721088,218.0,18427994112,55301705728,105,1828.0,12.7,28545736704,72455520256,100,15466344448,1241128960,69.0,52.08,69.125,
60415141897708,54.514571117,200.5,18427994112,55301705728,105,1808.0,10.3,28546252800,72455004160,100,15466344448,1241128960,68.0,53.0,69.125,
60415197034275,54.569707684,199.5,18427994112,55301705728,105,1875.0,11.4,28546252800,72455004160,100,15466344448,1241128960,68.0,52.077,69.125,
60415251085325,54.623758734,203.5,18427994112,55301705728,105,1815.0,10.5,28546252800,72455004160,100,15466344448,1241128960,68.0,53.002,69.125,
60415304916433,54.677589842,241.2,18427994112,55301705728,105,1811.0,11.5,28546510848,72454746112,100,15466344448,1241128960,68.0,52.078,69.125,
60415359900644,54.732574053,200.2,18427994112,55301705728,105,1776.0,11.5,28546510848,72454746112,100,15466344448,1241128960,68.0,53.001,69.125,
60415415011352,54.787684761,199.7,18427994112,55301705728,105,1803.0,12.4,28546768896,72454488064,100,15466344448,1241128960,68.0,52.079,69.125,
60415468990778,54.841664187,203.5,18427994112,55301705728,105,1865.0,11.5,28546756608,72454500352,100,15466344448,1241128960,68.0,53.002,69.125,
60415526910744,54.899584153,207.5,18427994112,55301705728,105,1844.0,13.8,28546756608,72454500352,100,15466344448,1241128960,68.0,52.084,69.125,
60415580974087,54.953647496,203.5,18427994112,55301705728,105,1861.0,9.2,28546240512,72455016448,100,15466344448,1241128960,69.0,52.099,69.125,
60415638086489,55.010759898,227.3,18427998208,55301705728,105,1857.0,12.4,28546240512,72455016448,100,15466344448,1241128960,68.0,52.083,69.125,
60415692905980,55.065579389,200.8,18427998208,55301705728,105,1843.0,9.9,28546240512,72455016448,100,15466344448,1241128960,68.0,52.098,69.125,
60415746876420,55.119549829,222.3,18427998208,55301705728,105,1840.0,9.9,28546498560,72454758400,100,15466344448,1241128960,68.0,52.091,69.125,
60415800924725,55.173598134,203.6,18427998208,55301705728,105,1893.0,10.9,28546498560,72454758400,100,15466344448,1241128960,69.0,52.098,69.125,
60415855052179,55.227725588,203.2,18427998208,55301705728,105,1850.0,9.9,28546105344,72455151616,100,15466344448,1241128960,68.0,53.003,69.125,
60415908891202,55.281564611,186.0,18427998208,55301705728,105,1871.0,9.4,28540825600,72460431360,100,15466344448,1241128960,69.0,53.003,69.125,
60415961831028,55.334504437,207.7,18427998208,55301705728,105,1851.0,9.5,28540825600,72460431360,100,15466344448,1241128960,69.0,53.009,69.125,
60416014914705,55.387588114,206.9,18427998208,55301705728,105,1846.0,10.7,28540686336,72460570624,100,15466344448,1241128960,69.0,52.099,69.125,
60416068906684,55.441580093,222.3,18427998208,55301705728,105,1876.0,10.4,28540915712,72460341248,100,15466344448,1241128960,68.0,53.008,69.125,
60416123010714,55.495684123,203.6,18427998208,55301705728,105,1870.0,9.4,28540915712,72460341248,100,15466344448,1241128960,69.0,52.091,69.125,
60416175971691,55.5486451,207.7,18428002304,55301705728,105,1888.0,8.3,28541145088,72460111872,100,15466344448,1241128960,68.0,52.098,69.125,
60416228965689,55.601639098,188.6,18428006400,55301705728,105,1879.0,10.1,28541145088,72460111872,100,15466344448,1241128960,69.0,52.08,69.125,
60416281868225,55.654541634,208.0,18428006400,55301705728,105,1882.0,8.8,28541374464,72459882496,100,15466344448,1241128960,68.0,53.004,69.125,
60416335872047,55.708545456,222.0,18428006400,55301705728,105,1864.0,11.0,28540317696,72460939264,100,15466344448,1241128960,69.0,52.082,69.125,
60416390042482,55.762715891,203.0,18428006400,55301705728,105,1860.0,11.0,28540317696,72460939264,100,15466344448,1241128960,69.0,53.005,69.125,
60416443891323,55.816564732,204.3,18428006400,55301705728,105,1820.0,12.1,28540305408,72460951552,100,15462150144,1241128960,68.0,52.085,69.125,
60416497953434,55.870626843,203.3,18428006400,55301705728,105,1848.0,12.7,28540305408,72460951552,100,15462150144,1241128960,69.0,53.004,69.125,
60416551970882,55.924644291,222.2,18428006400,55301705728,105,1809.0,12.9,28540043264,72461213696,100,15462150144,1241128960,68.0,52.088,69.125,
60416605968001,55.97864141,203.7,18428006400,55301705728,105,1888.0,9.9,28539248640,72462008320,100,15462150144,1241128960,69.0,53.007,69.125,
60416660065127,56.032738536,203.3,18428006400,55301705728,105,1875.0,13.3,28538388480,72462868480,100,15462150144,1241128960,68.0,52.099,69.125,
60416713926242,56.086599651,204.3,18428010496,55301705728,105,1869.0,12.3,28538900480,72462356480,100,15462150144,1241128960,69.0,53.002,69.125,
60416767935093,56.140608502,222.1,18428014592,55301705728,105,1859.0,13.2,28539797504,72461459456,100,15462150144,1241128960,68.0,53.002,69.125,
60416824059902,56.196733311,196.1,18428014592,55301705728,105,1888.0,9.0,28539887616,72461369344,100,15462150144,1241128960,69.0,52.092,69.125,
60416877982131,56.25065554,203.9,18428018688,55301705728,105,1857.0,9.9,28539928576,72461328384,100,15462150144,1241128960,69.0,53.0,69.125,
60416933063283,56.305736692,217.9,18428018688,55301705728,105,1886.0,10.3,28536381440,72464875520,100,15462150144,1241128960,69.0,52.093,69.125,
60416986959142,56.359632551,204.1,18428018688,55301705728,105,1840.0,9.4,28536381440,72464875520,100,15462150144,1241128960,68.0,52.099,69.125,
60417040993672,56.413667081,222.0,18428018688,55301705728,105,1834.0,13.6,28536602624,72464654336,100,15462150144,1241128960,69.0,52.088,69.125,
60417095083946,56.467757355,203.5,18428018688,55301705728,105,1854.0,8.8,28533829632,72467427328,100,15462150144,1241128960,68.0,52.096,69.125,
60417149024088,56.521697497,203.9,18428018688,55301705728,105,1846.0,10.6,28534288384,72466968576,100,15462150144,1241128960,69.0,52.08,69.125,
60417203060451,56.57573386,203.6,18428018688,55301705728,105,1845.0,10.5,28533477376,72467779584,100,15462150144,1241128960,68.0,53.001,69.125,
60417259282933,56.631956342,195.5,18428022784,55301705728,105,1864.0,11.2,28533731328,72467525632,100,15462150144,1241128960,69.0,52.079,69.125,
60417315150921,56.68782433,214.9,18428022784,55301705728,105,1845.0,8.4,28533960704,72467296256,100,15462150144,1241128960,69.0,53.001,69.125,
60417369028716,56.741702125,204.2,18428026880,55301705728,105,1855.0,12.7,28537573376,72463683584,100,15466344448,1241128960,68.0,52.079,69.125,
60417423073705,56.795747114,203.5,18428026880,55301705728,105,1831.0,10.9,28538060800,72463196160,100,15466344448,1241128960,68.0,53.001,69.125,
60417477072498,56.849745907,203.7,18428026880,55301705728,105,1836.0,13.6,28536221696,72465035264,100,15466344448,1241128960,68.0,52.085,69.125,
60417531018461,56.90369187,222.4,18428026880,55301705728,105,1886.0,11.7,28536451072,72464805888,100,15466344448,1241128960,69.0,53.002,69.125,
60417584950848,56.957624257,203.8,18428026880,55301705728,105,1841.0,13.2,28536680448,72464576512,100,15466344448,1241128960,68.0,52.084,69.125,
60417639145107,57.011818516,203.1,18428026880,55301705728,105,1872.0,10.5,28536680448,72464576512,100,15466344448,1241128960,69.0,53.002,69.125,
60417692972308,57.065645717,204.4,18428026880,55301705728,105,1810.0,11.8,28536909824,72464347136,100,15466344448,1241128960,68.0,52.091,69.125,
60417746969808,57.119643217,222.2,18428026880,55301705728,105,1880.0,11.0,28537139200,72464117760,100,15466344448,1241128960,69.0,52.099,69.125,
60417800878200,57.173551609,185.4,18428030976,55301705728,105,1831.0,11.7,28535332864,72465924096,100,15466344448,1241128960,69.0,53.003,69.125,
60417855150105,57.227823514,221.2,18428030976,55301705728,105,1839.0,12.1,28532731904,72468525056,100,15466344448,1241128960,69.0,52.093,69.125,
60417909101218,57.281774627,203.9,18428030976,55301705728,105,1849.0,11.6,28532731904,72468525056,100,15466344448,1241128960,68.0,53.001,69.125,
60417963011213,57.335684622,204.1,18428035072,55301705728,105,1903.0,11.0,28532473856,72468783104,100,15466344448,1241128960,69.0,52.087,69.125,
60418017057765,57.389731174,203.4,18428035072,55301705728,105,1836.0,10.4,28532473856,72468783104,100,15466344448,1241128960,68.0,52.096,69.125,
60418071057840,57.443731249,203.8,18428035072,55301705728,105,1824.0,11.2,28531687424,72469569536,100,15466344448,1241128960,69.0,52.08,69.125,
60418125096196,57.497769605,203.6,18428035072,55301705728,105,1870.0,9.3,28532170752,72469086208,100,15466344448,1241128960,68.0,52.098,69.125,
60418179141456,57.551814865,222.0,18428035072,55301705728,105,1810.0,12.2,28532420608,72468836352,100,15466344448,1241128960,68.0,52.077,69.125,
60418233051832,57.605725241,204.0,18428035072,55301705728,105,1773.0,10.4,28532588544,72468668416,100,15466344448,1241128960,69.0,53.0,69.125,
60418286953823,57.659627232,204.0,18428035072,55301705728,105,1824.0,11.8,28532588544,72468668416,100,15466344448,1241128960,68.0,52.081,69.125,
60418341070356,57.713743765,203.4,18428039168,55301705728,105,1863.0,9.8,28532817920,72468439040,100,15466344448,1241128960,69.0,53.0,69.125,
60418400063243,57.772736652,203.3,18428039168,55301705728,105,1854.0,13.2,28533071872,72468185088,100,15466344448,1241128960,68.0,52.082,69.125,
60418454122809,57.826796218,203.3,18428039168,55301705728,105,1861.0,10.4,28533071872,72468185088,100,15466344448,1241128960,68.0,53.0,69.125,
60418507981940,57.880655349,241.6,18428043264,55301705728,105,1821.0,13.0,28533301248,72467955712,100,15466344448,1241128960,68.0,52.089,69.125,
60418562076571,57.93474998,184.9,18428043264,55301705728,105,1884.0,10.5,28533301248,72467955712,100,15466344448,1241128960,69.0,52.097,69.125,
60418616067589,57.988740998,203.8,18428047360,55301705728,105,1881.0,12.2,28533301248,72467955712,100,15466344448,1241128960,68.0,52.091,69.125,
60418673281580,58.045954989,978.7,18428047360,55301705728,105,1909.0,35.1,28533039104,72468217856,100,15466344448,1241128960,69.0,52.097,69.125,
60418727072703,58.099746112,204.4,18428047360,55301705728,105,1955.0,9.9,28533039104,72468217856,100,15466344448,1241128960,69.0,52.099,69.125,
60418786059309,58.158732718,203.5,18428047360,55301705728,105,1944.0,11.3,28533039104,72468217856,100,15466344448,1241128960,69.0,52.09,69.125,
60418840133863,58.212807272,203.4,18428047360,55301705728,105,1913.0,10.9,28533288960,72467968000,100,15466344448,1241128960,68.0,52.096,69.125,
60418894049279,58.266722688,222.7,18428047360,55301705728,105,1929.0,10.5,28528697344,72472559616,100,15466344448,1241128960,69.0,52.084,69.125,
60418948012604,58.320686013,203.9,18428047360,55301705728,105,1941.0,9.4,28528230400,72473026560,100,15466344448,1241128960,68.0,53.0,69.125,
60419002092007,58.374765416,203.4,18428051456,55301705728,105,1978.0,11.6,28527714304,72473542656,100,15466344448,1241128960,68.0,52.081,69.125,
60419056062787,58.428736196,185.3,18428051456,55301705728,105,1923.0,9.4,28530925568,72470331392,100,15466344448,1241128960,68.0,53.003,69.125,
60419110023327,58.482696736,222.4,18428051456,55301705728,105,1957.0,11.6,28533506048,72467750912,100,15466344448,1241128960,68.0,52.079,69.125,
60419164068697,58.536742106,203.5,18428051456,55301705728,105,1962.0,9.9,28533506048,72467750912,100,15466344448,1241128960,68.0,53.003,69.125,
60419218035860,58.590709269,222.3,18428051456,55301705728,105,1999.0,10.5,28533735424,72467521536,100,15466344448,1241128960,68.0,52.083,69.125,
60419272198659,58.644872068,202.9,18428051456,55301705728,105,1969.0,9.8,28533964800,72467292160,100,15466344448,1241128960,68.0,53.001,69.125,
60419327039040,58.699712449,200.9,18428051456,55301705728,105,2001.0,10.3,28534218752,72467038208,100,15466344448,1241128960,68.0,52.089,69.125,
60419381029707,58.753703116,203.7,18428051456,55301705728,105,1998.0,8.8,28534464512,72466792448,100,15466344448,1241128960,69.0,53.004,69.125,
60419435076298,58.807749707,222.0,18428051456,55301705728,105,1903.0,10.4,28534452224,72466804736,100,15466344448,1241128960,68.0,52.094,69.125,
60419489081542,58.861754951,203.7,18428051456,55301705728,105,1976.0,11.6,28534681600,72466575360,100,15466344448,1241128960,69.0,53.002,69.125,
60419544362659,58.917036068,198.9,18428055552,55301705728,105,1861.0,12.5,28534681600,72466575360,100,15466344448,1241128960,69.0,53.002,69.125,
60419598149634,58.970823043,204.5,18428055552,55301705728,105,1983.0,9.9,28534681600,72466575360,100,15466344448,1241128960,69.0,52.089,69.125,
60419652213768,59.024887177,203.5,18428055552,55301705728,105,1934.0,8.8,28534910976,72466345984,100,15466344448,1241128960,68.0,52.097,69.125,
60419706076355,59.078749764,204.3,18428055552,55301705728,105,1901.0,9.9,28535140352,72466116608,100,15466344448,1241128960,69.0,52.085,69.125,
60419760163062,59.132836471,203.2,18428055552,55301705728,105,1862.0,10.3,28535140352,72466116608,100,15466344448,1241128960,69.0,52.096,69.125,
60419814110167,59.186783576,222.5,18428055552,55301705728,105,1885.0,10.0,28535369728,72465887232,100,15466344448,1241128960,69.0,52.082,69.125,
60419868125500,59.240798909,203.8,18428055552,55301705728,105,1897.0,8.8,28533256192,72468000768,100,15466344448,1241128960,69.0,53.0,69.125,
60419921178338,59.293851747,207.1,18428055552,55301705728,105,1866.0,10.1,28532420608,72468836352,100,15466344448,1241128960,69.0,52.085,69.125,
60419975104183,59.347777592,204.1,18428055552,55301705728,105,1846.0,9.8,28532649984,72468606976,100,15466344448,1241128960,69.0,53.009,69.25,
60420029110449,59.401783858,203.6,18428055552,55301705728,105,1911.0,9.9,28532649984,72468606976,100,15466344448,1241128960,68.0,52.083,69.25,
60420083109822,59.455783231,222.3,18428059648,55301705728,105,1883.0,8.2,28532879360,72468377600,100,15466344448,1241128960,69.0,53.006,69.25,
60420137179547,59.509852956,203.4,18428063744,55301705728,105,1912.0,9.9,28533108736,72468148224,100,15466344448,1241128960,68.0,52.089,69.25,
60420191115832,59.563789241,203.7,18428063744,55301705728,105,1902.0,9.2,28531044352,72470212608,100,15466344448,1241128960,68.0,53.005,69.25,
60420246197895,59.618871304,199.8,18428067840,55301705728,105,1848.0,11.5,28531044352,72470212608,100,15466344448,1241128960,68.0,52.094,69.25,
60420300118440,59.672791849,204.2,18428067840,55301705728,105,1902.0,8.2,28531044352,72470212608,100,15466344448,1241128960,69.0,53.003,69.25,
60420353286755,59.725960164,225.2,18428067840,55301705728,105,1915.0,11.0,28530520064,72470736896,100,15466344448,1241128960,68.0,53.002,69.25,
60420407154211,59.77982762,204.5,18428067840,55301705728,105,1938.0,9.4,28530597888,72470659072,100,15462150144,1241128960,69.0,52.099,69.25,
60420461176427,59.833849836,203.5,18428067840,55301705728,105,1851.0,11.6,28529778688,72471478272,100,15462150144,1241128960,69.0,53.006,69.25,
60420515169378,59.887842787,203.8,18428067840,55301705728,105,1909.0,12.4,28529762304,72471494656,100,15462150144,1241128960,69.0,52.097,69.25,
60420569145397,59.941818806,203.8,18428067840,55301705728,105,1866.0,9.8,28530237440,72471019520,100,15462150144,1241128960,68.0,52.097,69.25,
60420623171981,59.99584539,203.6,18428071936,55301705728,105,1936.0,9.9,28529942528,72471314432,100,15462150144,1241128960,69.0,52.082,69.25,
60420677163659,60.049837068,222.4,18428071936,55301705728,105,1908.0,8.7,28529942528,72471314432,100,15462150144,1241128960,69.0,53.001,69.25,
60420731055881,60.10372929,204.0,18428076032,55301705728,105,1956.0,12.0,28529262592,72471994368,100,15462150144,1241128960,68.0,52.078,69.25,
60420785067797,60.157741206,203.8,18428076032,55301705728,105,1908.0,8.8,28529258496,72471998464,100,15462150144,1241128960,68.0,53.003,69.25,
60420839127323,60.211800732,203.4,18428076032,55301705728,105,1847.0,11.0,28529258496,72471998464,100,15462150144,1241128960,68.0,52.082,69.25,
60420893172682,60.265846091,203.4,18428076032,55301705728,105,1882.0,9.8,28524646400,72476610560,100,15462150144,1241128960,69.0,53.002,69.25,
60420947128053,60.319801462,204.0,18428076032,55301705728,105,1850.0,11.0,28522668032,72478588928,100,15462150144,1241128960,68.0,52.086,69.25,
60421001063516,60.373736925,204.0,18428076032,55301705728,105,1884.0,8.2,28522897408,72478359552,100,15462150144,1241128960,69.0,53.0,69.25,
60421054443738,60.427117147,205.9,18428076032,55301705728,105,1913.0,10.6,28522897408,72478359552,100,15462150144,1241128960,68.0,52.096,69.25,
60421108176341,60.48084975,204.8,18428076032,55301705728,105,1906.0,9.9,28526768128,72474488832,100,15462150144,1241128960,69.0,53.001,69.25,
60421165134722,60.537808131,210.6,18428080128,55301705728,105,1917.0,11.4,28526768128,72474488832,100,15462150144,1241128960,68.0,53.0,69.25,
60421219201552,60.591874961,203.6,18428080128,55301705728,105,1899.0,9.9,28526505984,72474750976,100,15462150144,1241128960,70.0,52.096,69.25,
60421274211369,60.646884778,218.1,18428080128,55301705728,105,1887.0,9.2,28526243840,72475013120,100,15462150144,1241128960,69.0,53.003,69.25,
60421328154196,60.700827605,203.9,18428084224,55301705728,105,1888.0,11.0,28525981696,72475275264,100,15462150144,1241128960,69.0,52.092,69.25,
60421382150794,60.754824203,203.6,18428084224,55301705728,105,1909.0,11.6,28526227456,72475029504,100,15466344448,1241128960,69.0,53.0,69.25,
60421436151179,60.808824588,203.7,18428084224,55301705728,105,1854.0,12.9,28526227456,72475029504,100,15466344448,1241128960,68.0,52.085,69.25,
60421490182502,60.862855911,203.6,18428084224,55301705728,105,1891.0,17.0,28537294848,72463962112,100,15466344448,1241128960,68.0,53.007,69.25,
60421544165975,60.916839384,203.7,18428084224,55301705728,105,1846.0,13.3,28538929152,72462327808,100,15466344448,1241128960,68.0,52.074,69.25,
60421598175026,60.970848435,222.2,18428084224,55301705728,105,1903.0,9.9,28539187200,72462069760,100,15466344448,1241128960,68.0,52.099,69.25,
60421652134774,61.024808183,203.9,18428084224,55301705728,105,1824.0,11.1,28539445248,72461811712,100,15466344448,1241128960,68.0,52.079,69.25,
60421706183419,61.078856828,203.5,18428088320,55301705728,105,1868.0,10.4,28541739008,72459517952,100,15466344448,1241128960,68.0,52.099,69.25,
60421760394439,61.133067848,203.0,18428088320,55301705728,105,1812.0,11.7,28541968384,72459288576,100,15466344448,1241128960,68.0,52.084,69.25,
60421814133955,61.186807364,204.7,18428088320,55301705728,105,1884.0,9.8,28541968384,72459288576,100,15466344448,1241128960,68.0,53.0,69.25,
60421875626810,61.248300219,227.6,18428092416,55301705728,105,1806.0,12.2,28541968384,72459288576,100,15466344448,1241128960,68.0,52.086,69.25,
60421929224239,61.301897648,205.4,18428092416,55301705728,105,1880.0,8.9,28540391424,72460865536,100,15466344448,1241128960,69.0,53.001,69.25,
60421984355224,61.357028633,217.5,18428092416,55301705728,105,1921.0,11.9,28540248064,72461008896,100,15466344448,1241128960,68.0,52.091,69.125,
60422038225695,61.410899104,185.6,18428092416,55301705728,105,1953.0,9.4,28540477440,72460779520,100,15466344448,1241128960,69.0,52.098,69.125,
60422092261586,61.464934995,203.5,18428092416,55301705728,105,1987.0,11.0,28540469248,72460787712,100,15466344448,1241128960,69.0,53.003,69.125,
60422146191769,61.518865178,204.1,18428092416,55301705728,105,1978.0,10.6,28540952576,72460304384,100,15466344448,1241128960,69.0,52.093,69.125,
60422200252827,61.572926236,203.5,18428092416,55301705728,105,1933.0,10.4,28541181952,72460075008,100,15466344448,1241128960,68.0,52.098,69.125,
60422254169365,61.626842774,222.6,18428096512,55301705728,105,2007.0,11.0,28541181952,72460075008,100,15466344448,1241128960,68.0,52.083,69.125,
60422307136622,61.679810031,207.7,18428096512,55301705728,105,1910.0,8.9,28541411328,72459845632,100,15466344448,1241128960,68.0,52.097,69.125,
60422360153643,61.732827052,301.6,18428116992,55301705728,105,1791.0,18.8,28541894656,72459362304,100,15466344448,1241128960,68.0,52.082,69.125,
60422415225146,61.787898555,944.1,18428116992,55301705728,105,1898.0,30.1,28541894656,72459362304,100,15466344448,1241128960,68.0,53.003,69.125,
60422469157143,61.841830552,203.9,18428116992,55301705728,105,1847.0,12.4,28541624320,72459632640,100,15466344448,1241128960,68.0,52.084,69.125,
60422523296929,61.895970338,202.8,18428116992,55301705728,105,1914.0,12.1,28541624320,72459632640,100,15466344448,1241128960,68.0,52.099,69.125,
60422577294969,61.949968378,204.0,18428116992,55301705728,105,1860.0,12.3,28541362176,72459894784,100,15466344448,1241128960,68.0,52.087,69.125,
60422631408195,62.004081604,203.3,18428116992,55301705728,105,1930.0,19.9,28541050880,72460206080,100,15466344448,1241128960,69.0,53.01,69.125,
60422685251014,62.057924423,222.7,18428125184,55301705728,105,1879.0,28.0,28543524864,72457732096,100,15466344448,1241128960,68.0,53.011,69.125,
60422740336964,62.113010373,199.6,18428125184,55301705728,105,1864.0,22.0,28543471616,72457785344,100,15466344448,1241128960,68.0,52.091,69.125,
60422796231280,62.168904689,197.2,18428125184,55301705728,105,1914.0,11.0,28543471616,72457785344,100,15466344448,1241128960,68.0,52.087,69.125,
60422848981080,62.221654489,208.4,18428125184,55301705728,105,1947.0,11.9,28542697472,72458559488,100,15466344448,1241128960,68.0,52.078,69.125,
60422902121883,62.274795292,207.2,18428125184,55301705728,105,1914.0,8.3,28542697472,72458559488,100,15466344448,1241128960,68.0,52.098,69.125,
60422955131940,62.327805349,226.5,18428125184,55301705728,105,1847.0,13.5,28542705664,72458551296,100,15466344448,1241128960,68.0,52.077,69.125,
60423008157767,62.380831176,207.0,18428125184,55301705728,105,1810.0,9.5,28542705664,72458551296,100,15466344448,1241128960,69.0,53.005,69.125,
60423061106880,62.433780289,189.3,18428125184,55301705728,105,1814.0,12.0,28546834432,72454422528,100,15466344448,1241128960,68.0,52.084,69.125,
60423114191197,62.486864606,206.8,18428125184,55301705728,105,1812.0,11.0,28548612096,72452644864,100,15466344448,1241128960,68.0,53.002,69.125,
60423167267759,62.539941168,188.8,18428125184,55301705728,105,1808.0,13.8,28548870144,72452386816,100,15466344448,1241128960,68.0,52.09,69.125,
60423220515452,62.593188861,224.9,18428125184,55301705728,105,1863.0,8.8,28549128192,72452128768,100,15466344448,1241128960,69.0,53.004,69.125,
60423278216186,62.650889595,208.4,18428125184,55301705728,105,1808.0,13.2,28549128192,72452128768,100,15466344448,1241128960,68.0,52.092,69.125,
60423331162284,62.703835693,207.8,18428129280,55301705728,105,1855.0,11.8,28549644288,72451612672,100,15466344448,1241128960,69.0,53.003,69.125,
60423385293243,62.757966652,202.8,18428129280,55301705728,105,1790.0,11.5,28549902336,72451354624,100,15466344448,1241128960,69.0,53.004,69.125,
60423438210396,62.810883805,208.3,18428129280,55301705728,105,1792.0,10.7,28549902336,72451354624,100,15466344448,1241128960,69.0,52.095,69.125,
60423491089829,62.863763238,207.5,18428129280,55301705728,105,1820.0,13.4,28549885952,72451371008,100,15466344448,1241128960,69.0,53.006,69.125,
60423545149675,62.917823084,203.9,18428129280,55301705728,105,1784.0,10.8,28549885952,72451371008,100,15466344448,1241128960,68.0,52.087,69.125,
60423597357578,62.970030987,191.1,18428129280,55301705728,105,1828.0,9.4,28550373376,72450883584,100,15466344448,1241128960,68.0,52.096,69.125,
60423651221697,63.023895106,204.7,18428129280,55301705728,105,1798.0,11.6,28550373376,72450883584,100,15466344448,1241128960,69.0,52.084,69.125,
60423705248791,63.0779222,221.7,18428129280,55301705728,105,1824.0,8.2,28550373376,72450883584,100,15466344448,1241128960,68.0,53.0,69.125,
60423759271668,63.131945077,203.6,18428133376,55301705728,105,1775.0,11.6,28550373376,72450883584,100,15466344448,1241128960,69.0,52.077,69.125,
60423813335261,63.18600867,203.4,18428137472,55301705728,105,1818.0,10.9,28550373376,72450883584,100,15466344448,1241128960,68.0,53.004,69.125,
60423867424341,63.24009775,203.4,18428137472,55301705728,105,1791.0,10.9,28548632576,72452624384,100,15466344448,1241128960,68.0,52.081,69.125,
60423922311298,63.294984707,218.7,18428137472,55301705728,105,1820.0,9.9,28548632576,72452624384,100,15466344448,1241128960,68.0,53.004,69.125,
60423977343448,63.350016857,199.8,18428137472,55301705728,105,1819.0,11.4,28548861952,72452395008,100,15466344448,1241128960,68.0,52.083,69.125,
60424031459539,63.404132948,203.3,18428137472,55301705728,105,1891.0,8.7,28548960256,72452296704,100,15466344448,1241128960,69.0,53.001,69.125,
60424085300454,63.457973863,204.4,18428137472,55301705728,105,1871.0,10.0,28548960256,72452296704,100,15466344448,1241128960,69.0,52.088,69.125,
60424139271324,63.511944733,222.4,18428141568,55301705728,105,1887.0,7.6,28548960256,72452296704,100,15466344448,1241128960,69.0,53.002,69.25,
60424194266463,63.566939872,199.9,18428141568,55301705728,105,1854.0,11.9,28548960256,72452296704,100,15466344448,1241128960,68.0,52.09,69.25,
60424248368188,63.621041597,203.3,18428141568,55301705728,105,1887.0,9.8,28548960256,72452296704,100,15466344448,1241128960,70.0,52.099,69.25,
60424302437261,63.67511067,221.7,18428145664,55301705728,105,1839.0,11.0,28549218304,72452038656,100,15466344448,1241128960,68.0,52.099,69.25,
60424356321658,63.728995067,204.3,18428145664,55301705728,105,1856.0,9.9,28548726784,72452530176,100,15466344448,1241128960,69.0,52.098,69.25,
60424410288490,63.782961899,203.8,18428149760,55301705728,105,1839.0,11.1,28545937408,72455319552,100,15460052992,1241128960,69.0,53.002,69.25,
60424464323058,63.836996467,203.6,18428149760,55301705728,105,1929.0,13.6,28546154496,72455102464,100,15460052992,1241128960,69.0,52.096,69.25,
60424518311460,63.890984869,222.2,18428149760,55301705728,105,1869.0,11.1,28546154496,72455102464,100,15460052992,1241128960,69.0,53.0,69.25,
60424573374748,63.946048157,199.8,18428149760,55301705728,105,1859.0,13.1,28546412544,72454844416,100,15460052992,1241128960,69.0,52.086,69.25,
60424627322613,63.999996022,203.9,18428149760,55301705728,105,1860.0,10.4,28546641920,72454615040,100,15460052992,1241128960,69.0,52.096,69.25,
60424681290557,64.053963966,203.8,18428149760,55301705728,105,1857.0,10.5,28546641920,72454615040,100,15460052992,1241128960,69.0,52.082,69.25,
60424735440542,64.108113951,221.9,18428149760,55301705728,105,1848.0,8.7,28546641920,72454615040,100,15460052992,1241128960,68.0,52.097,69.25,
60424789381935,64.162055344,203.9,18428149760,55301705728,105,1824.0,11.1,28546641920,72454615040,100,15460052992,1241128960,69.0,52.077,69.25,
60424843336354,64.216009763,203.9,18428153856,55301705728,105,1859.0,9.2,28546641920,72454615040,100,15460052992,1241128960,69.0,53.001,69.25,
60424897293256,64.269966665,203.8,18428153856,55301705728,105,1842.0,11.0,28546830336,72454426624,100,15460052992,1241128960,68.0,52.078,69.25,
60424951329468,64.324002877,203.6,18428153856,55301705728,105,1823.0,10.4,28546830336,72454426624,100,15460052992,1241128960,69.0,53.003,69.25,
60425005354328,64.378027737,203.5,18428157952,55301705728,105,1852.0,10.5,28546830336,72454426624,100,15460052992,1241128960,68.0,52.081,69.25,
60425059423832,64.432097241,203.4,18428157952,55301705728,105,1844.0,10.4,28550443008,72450813952,100,15460052992,1241128960,69.0,53.0,69.25,
60425113354395,64.486027804,222.6,18428157952,55301705728,105,1819.0,11.1,28551487488,72449769472,100,15460052992,1241128960,68.0,52.086,69.25,
60425167368565,64.540041974,203.7,18428157952,55301705728,105,1856.0,9.3,28551487488,72449769472,100,15460052992,1241128960,69.0,53.002,69.25,
60425222416604,64.595090013,218.0,18428157952,55301705728,105,1843.0,11.5,28551487488,72449769472,100,15460052992,1241128960,68.0,52.09,69.25,
60425276357096,64.649030505,203.9,18428157952,55301705728,105,1867.0,10.4,28551487488,72449769472,100,15460052992,1241128960,69.0,53.0,69.25,
60425331420183,64.704093592,199.6,18428157952,55301705728,105,1853.0,12.0,28551487488,72449769472,100,15460052992,1241128960,68.0,52.095,69.25,
60425385337522,64.758010931,204.1,18428162048,55301705728,105,1848.0,11.0,28555358208,72445898752,100,15464247296,1241128960,69.0,52.097,69.25,
60425439309363,64.811982772,222.4,18428162048,55301705728,105,1850.0,11.2,28555358208,72445898752,100,15464247296,1241128960,68.0,53.003,69.25,
60425493354972,64.866028381,203.5,18428162048,55301705728,105,1897.0,13.9,28555345920,72445911040,100,15464247296,1241128960,69.0,52.095,69.25,
60425547356178,64.920029587,185.2,18428166144,55301705728,105,1846.0,11.7,28555345920,72445911040,100,15464247296,1241128960,68.0,52.098,69.25,
60425601331154,64.974004563,222.6,18428166144,55301705728,105,1863.0,12.2,28555345920,72445911040,100,15464247296,1241128960,69.0,52.084,69.25,
60425654253807,65.026927216,207.9,18428166144,55301705728,105,1865.0,8.4,28555862016,72445394944,100,15464247296,1241128960,69.0,52.097,69.25,
60425707291917,65.079965326,207.1,18428166144,55301705728,105,1809.0,12.3,28555862016,72445394944,100,15464247296,1241128960,68.0,52.075,69.25,
60425761343567,65.134016976,203.6,18428166144,55301705728,105,1886.0,10.4,28556120064,72445136896,100,15464247296,1241128960,68.0,52.099,69.25,
60425815220089,65.187893498,222.6,18428166144,55301705728,105,1916.0,11.7,28555431936,72445825024,100,15464247296,1241128960,68.0,52.079,69.25,
60425869417503,65.242090912,184.7,18428166144,55301705728,105,1901.0,9.8,28555956224,72445300736,100,15464247296,1241128960,68.0,53.001,69.25,
60425923305366,65.295978775,204.0,18428170240,55301705728,105,1940.0,11.0,28556345344,72444911616,100,15464247296,1241128960,68.0,52.087,69.25,
60425977367306,65.350040715,221.7,18428170240,55301705728,105,1874.0,9.8,28556345344,72444911616,100,15464247296,1241128960,69.0,53.007,69.25,
60426033758223,65.406431632,213.2,18428178432,55301705728,105,1954.0,10.8,28556345344,72444911616,100,15464247296,1241128960,68.0,52.095,69.25,
60426090585328,65.463258737,950.2,18428198912,55301705728,105,1922.0,34.9,28556861440,72444395520,100,15464247296,1241128960,69.0,53.01,69.25,
60426144312820,65.516986229,204.5,18428198912,55301705728,105,1866.0,10.5,28556861440,72444395520,100,15464247296,1241128960,69.0,53.007,69.25,
60426198416117,65.571089526,203.4,18428198912,55301705728,105,1936.0,10.5,28555485184,72445771776,100,15464247296,1241128960,68.0,52.099,69.25,
60426252348374,65.625021783,222.4,18428198912,55301705728,105,1922.0,9.9,28555485184,72445771776,100,15464247296,1241128960,69.0,53.007,69.25,
60426306453745,65.679127154,203.4,18428198912,55301705728,105,1944.0,11.6,28555485184,72445771776,100,15464247296,1241128960,69.0,52.092,69.25,
60426360386001,65.73305941,204.1,18428198912,55301705728,105,1866.0,8.8,28556001280,72445255680,100,15464247296,1241128960,68.0,53.001,69.25,
60426414503265,65.787176674,203.1,18428198912,55301705728,105,1934.0,12.1,28556517376,72444739584,100,15464247296,1241128960,69.0,52.086,69.25,
60426468432305,65.841105714,222.5,18428203008,55301705728,105,1974.0,11.6,28557033472,72444223488,100,15464247296,1241128960,69.0,53.011,69.25,
60426522342680,65.895016089,204.1,18428203008,55301705728,105,1974.0,12.3,28557033472,72444223488,100,15464247296,1241128960,68.0,52.082,69.25,
60426576446067,65.949119476,203.5,18428203008,55301705728,105,1977.0,9.9,28557262848,72443994112,100,15464247296,1241128960,69.0,53.006,69.25,
60426629327894,66.002001303,189.2,18428203008,55301705728,105,1960.0,10.2,28557492224,72443764736,100,15464247296,1241128960,68.0,52.088,69.25,
60426682345164,66.055018573,207.5,18428203008,55301705728,105,1958.0,8.8,28557475840,72443781120,100,15464247296,1241128960,69.0,53.002,69.25,
60426742477998,66.115151407,216.0,18428203008,55301705728,105,1987.0,11.5,28557705216,72443551744,100,15464247296,1241128960,68.0,52.091,69.25,
60426795467857,66.168141266,226.5,18428203008,55301705728,105,1905.0,9.5,28558221312,72443035648,100,15464247296,1241128960,69.0,53.002,69.25,
60426848460271,66.22113368,207.6,18428203008,55301705728,105,1924.0,11.2,28558221312,72443035648,100,15464247296,1241128960,69.0,53.004,69.25,
60426901471991,66.2741454,188.6,18428207104,55301705728,105,1899.0,10.7,28558708736,72442548224,100,15464247296,1241128960,69.0,52.097,69.25,
60426958586996,66.331260405,227.6,18428207104,55301705728,105,1868.0,10.4,28558708736,72442548224,100,15464247296,1241128960,69.0,53.008,69.25,
60427013317149,66.385990558,201.0,18428211200,55301705728,105,1879.0,10.4,28558708736,72442548224,100,15464247296,1241128960,69.0,52.098,69.25,
60427066453292,66.439126701,206.9,18428211200,55301705728,105,1893.0,10.1,28564873216,72436383744,100,15464247296,1241128960,68.0,53.004,69.25,
60427120502748,66.493176157,221.9,18428211200,55301705728,105,1846.0,11.6,28564873216,72436383744,100,15464247296,1241128960,68.0,52.087,69.25,
60427174463838,66.547137247,185.3,18428211200,55301705728,105,1892.0,9.3,28565131264,72436125696,100,15464247296,1241128960,68.0,53.005,69.25,
60427229558615,66.602232024,217.7,18428211200,55301705728,105,1858.0,13.6,28564897792,72436359168,100,15464247296,1241128960,68.0,52.082,69.25,
60427283409138,66.656082547,204.4,18428211200,55301705728,105,1911.0,9.9,28564897792,72436359168,100,15464247296,1241128960,68.0,53.007,69.25,
60427337500382,66.710173791,203.3,18428211200,55301705728,105,1866.0,11.1,28564897792,72436359168,100,15464247296,1241128960,68.0,52.087,69.25,
60427391645748,66.764319157,221.4,18428211200,55301705728,105,1874.0,10.8,28564897792,72436359168,100,15464247296,1241128960,69.0,53.004,69.25,
60427446507047,66.819180456,200.9,18428211200,55301705728,105,1891.0,10.5,28564885504,72436371456,100,15464247296,1241128960,68.0,52.093,69.25,
60427500436878,66.873110287,203.8,18428215296,55301705728,105,1886.0,12.2,28564885504,72436371456,100,15464247296,1241128960,69.0,53.008,69.25,
60427555465480,66.928138889,200.0,18428219392,55301705728,105,1892.0,13.1,28564885504,72436371456,100,15464247296,1241128960,68.0,53.002,69.25,
60427609401584,66.982074993,222.7,18428219392,55301705728,105,1866.0,8.8,28564885504,72436371456,100,15464247296,1241128960,69.0,52.099,69.25,
60427669513899,67.042187308,199.3,18428219392,55301705728,105,1843.0,9.9,28564885504,72436371456,100,15464247296,1241128960,70.0,53.004,69.25,
60427723439613,67.096113022,222.6,18428219392,55301705728,105,1881.0,9.9,28564885504,72436371456,100,15464247296,1241128960,69.0,52.096,69.25,
60427777397307,67.150070716,203.9,18428219392,55301705728,105,1840.0,9.8,28564885504,72436371456,100,15464247296,1241128960,69.0,53.003,69.25,
60427831599910,67.204273319,202.9,18428219392,55301705728,105,1892.0,10.4,28564885504,72436371456,100,15464247296,1241128960,69.0,52.088,69.25,
60427885508251,67.25818166,204.0,18428219392,55301705728,105,1863.0,9.3,28564885504,72436371456,100,15464247296,1241128960,69.0,53.0,69.25,
60427942549958,67.315223367,227.9,18428219392,55301705728,105,1904.0,11.0,28564852736,72436404224,100,15464247296,1241128960,68.0,52.083,69.25,
60427996461636,67.369135045,204.2,18428219392,55301705728,105,1895.0,8.8,28564852736,72436404224,100,15464247296,1241128960,68.0,53.001,69.25,
60428050450719,67.423124128,203.6,18428223488,55301705728,105,1943.0,11.0,28564852736,72436404224,100,15464247296,1241128960,69.0,52.082,69.25,
60428104565587,67.477238996,203.3,18428227584,55301705728,105,1875.0,9.4,28565082112,72436174848,100,15464247296,1241128960,69.0,53.004,69.25,
60428158536306,67.531209715,203.8,18428227584,55301705728,105,1927.0,10.5,28565336064,72435920896,100,15464247296,1241128960,68.0,52.082,69.25,
60428212448624,67.585122033,203.9,18428227584,55301705728,105,1912.0,9.8,28565336064,72435920896,100,15464247296,1241128960,69.0,53.003,69.25,
60428273605809,67.646279218,229.1,18428227584,55301705728,105,1910.0,10.3,28565336064,72435920896,100,15464247296,1241128960,68.0,52.083,69.25,
60428327415225,67.700088634,204.5,18428227584,55301705728,105,1905.0,8.8,28565336064,72435920896,100,15464247296,1241128960,69.0,53.003,69.25,
60428388386581,67.76105999,213.1,18428227584,55301705728,105,1866.0,11.5,28563787776,72437469184,100,15460052992,1241128960,69.0,52.085,69.25,
60428442626795,67.815300204,202.5,18428227584,55301705728,105,1930.0,9.7,28563529728,72437727232,100,15460052992,1241128960,69.0,53.004,69.25,
60428496580391,67.8692538,204.2,18428227584,55301705728,105,1947.0,13.5,28563529728,72437727232,100,15460052992,1241128960,68.0,52.096,69.25,
60428550548845,67.923222254,222.4,18428231680,55301705728,105,1905.0,10.5,28563152896,72438104064,100,15460052992,1241128960,69.0,53.001,69.25,
60428608387146,67.981060555,207.5,18428231680,55301705728,105,1887.0,10.3,28563152896,72438104064,100,15460052992,1241128960,68.0,52.096,69.25,
60428661408994,68.034082403,207.5,18428239872,55301705728,105,1881.0,8.9,28563382272,72437874688,100,15460052992,1241128960,69.0,52.095,69.25,
60428714424251,68.08709766,207.1,18428239872,55301705728,105,1893.0,10.0,28563865600,72437391360,100,15460052992,1241128960,68.0,53.001,69.25,
60428769551147,68.142224556,199.7,18428239872,55301705728,105,1880.0,10.9,28563865600,72437391360,100,15460052992,1241128960,69.0,52.092,69.25,
60428823560888,68.196234297,203.6,18428239872,55301705728,105,1888.0,10.4,28563603456,72437653504,100,15460052992,1241128960,69.0,53.0,69.25,
60428877415900,68.250089309,222.8,18428239872,55301705728,105,1851.0,11.6,28562522112,72438734848,100,15460052992,1241128960,68.0,52.081,69.25,
60428931483690,68.304157099,203.6,18428239872,55301705728,105,1873.0,8.2,28562751488,72438505472,100,15460052992,1241128960,69.0,52.099,69.25,
60428985526623,68.358200032,203.5,18428239872,55301705728,105,1851.0,12.1,28561334272,72439922688,100,15460052992,1241128960,69.0,52.086,69.25,
60429039443901,68.41211731,204.1,18428239872,55301705728,105,1879.0,8.7,28561498112,72439758848,100,15460052992,1241128960,69.0,53.009,69.25,
60429094623687,68.467297096,217.3,18428239872,55301705728,105,1866.0,26.8,28564336640,72436920320,100,15460052992,1241128960,68.0,52.093,69.25,
60429149579121,68.52225253,218.3,18428239872,55301705728,105,1793.0,26.0,28564594688,72436662272,100,15460052992,1241128960,69.0,53.013,69.25,
60429205601958,68.578275367,196.2,18428243968,55301705728,105,1853.0,17.4,28537757696,72463499264,100,15460052992,1241128960,68.0,52.097,69.25,
60429261431171,68.63410458,215.3,18428248064,55301705728,105,1905.0,9.2,28498841600,72502415360,100,15460052992,1241128960,69.0,53.005,69.25,
60429315430543,68.688103952,203.6,18428248064,55301705728,105,1839.0,11.0,28498841600,72502415360,100,15460052992,1241128960,68.0,52.096,69.25,
60429369530664,68.742204073,203.3,18428248064,55301705728,105,1826.0,11.6,28500647936,72500609024,100,15464247296,1241128960,69.0,53.002,69.25,
60429423618953,68.796292362,203.4,18428248064,55301705728,105,1863.0,12.7,28501106688,72500150272,100,15464247296,1241128960,69.0,53.006,69.25,
60429477545858,68.850219267,204.0,18428248064,55301705728,105,1847.0,12.8,28501352448,72499904512,100,15464247296,1241128960,69.0,52.099,69.25,
60429531516486,68.904189895,203.8,18428248064,55301705728,105,1816.0,14.0,28502126592,72499130368,100,15464247296,1241128960,68.0,53.005,69.25,
60429585435087,68.958108496,222.3,18428248064,55301705728,105,1863.0,12.1,28502126592,72499130368,100,15464247296,1241128960,68.0,52.081,69.25,
60429639474514,69.012147923,203.9,18428248064,55301705728,105,1804.0,9.4,28502126592,72499130368,100,15464247296,1241128960,68.0,53.001,69.25,
60429693507498,69.066180907,203.4,18428248064,55301705728,105,1813.0,14.0,28502622208,72498634752,100,15464247296,1241128960,68.0,52.082,69.25,
60429747599724,69.120273133,203.4,18428252160,55301705728,105,1816.0,10.5,28502851584,72498405376,100,15464247296,1241128960,68.0,53.005,69.25,
60429801516862,69.174190271,204.2,18428256256,55301705728,105,1857.0,11.1,28502851584,72498405376,100,15464247296,1241128960,68.0,52.083,69.25,
60429858800282,69.231473691,959.5,18428272640,55301705728,105,1893.0,35.2,28502851584,72498405376,100,15464247296,1241128960,68.0,53.003,69.25,
60429912477199,69.285150608,205.0,18428272640,55301705728,105,1843.0,12.4,28502470656,72498786304,100,15464247296,1241128960,68.0,52.093,69.25,
60429966462244,69.339135653,203.9,18428272640,55301705728,105,1869.0,9.9,28502700032,72498556928,100,15464247296,1241128960,69.0,53.002,69.25,
60430019583349,69.392256758,188.0,18428272640,55301705728,105,1860.0,11.2,28502700032,72498556928,100,15464247296,1241128960,68.0,52.099,69.25,
60430074687322,69.447360731,217.8,18428272640,55301705728,105,1902.0,10.9,28502700032,72498556928,100,15464247296,1241128960,69.0,53.0,69.25,
60430128544918,69.501218327,204.1,18428272640,55301705728,105,1836.0,10.9,28502700032,72498556928,100,15464247296,1241128960,69.0,53.005,69.25,
60430182644297,69.555317706,221.9,18428276736,55301705728,105,1856.0,10.7,28502700032,72498556928,100,15464247296,1241128960,69.0,52.098,69.25,
60430236581102,69.609254511,204.1,18428276736,55301705728,105,1949.0,9.9,28502921216,72498335744,100,15464247296,1241128960,68.0,52.099,69.25,
60430290452944,69.663126353,204.2,18428276736,55301705728,105,1934.0,9.9,28503150592,72498106368,100,15464247296,1241128960,69.0,52.089,69.25,
60430343468121,69.71614153,207.5,18428276736,55301705728,105,1876.0,10.6,28503408640,72497848320,100,15464247296,1241128960,68.0,52.097,69.25,
60430396494458,69.769167867,188.3,18428276736,55301705728,105,1901.0,22.4,28503891968,72497364992,100,15464247296,1241128960,69.0,52.089,69.25,
60430450627430,69.823300839,203.3,18428276736,55301705728,105,1860.0,27.3,28503621632,72497635328,100,15464247296,1241128960,68.0,53.016,69.25,
60430504475828,69.877149237,222.9,18428276736,55301705728,105,1959.0,17.4,28502286336,72498970624,100,15464247296,1241128960,68.0,52.087,69.25,
60430558561282,69.931234691,203.3,18428276736,55301705728,105,1868.0,9.9,28503031808,72498225152,100,15464247296,1241128960,68.0,52.098,69.25,
60430614600759,69.987274168,214.4,18428280832,55301705728,105,1868.0,11.7,28502704128,72498552832,100,15464247296,1241128960,68.0,52.082,69.25,
60430669503705,70.042177114,218.5,18428280832,55301705728,105,1889.0,10.1,28502704128,72498552832,100,15464247296,1241128960,68.0,52.099,69.25,
60430725544605,70.098218014,196.4,18428284928,55301705728,105,1978.0,12.0,28503187456,72498069504,100,15464247296,1241128960,68.0,52.089,69.25,
60430778519495,70.151192904,207.7,18428284928,55301705728,105,1874.0,9.5,28500533248,72500723712,100,15464247296,1241128960,69.0,53.001,69.25,
60430831522439,70.204195848,207.2,18428284928,55301705728,105,1940.0,11.7,28500533248,72500723712,100,15464247296,1241128960,68.0,52.097,69.25,
60430885616848,70.258290257,203.4,18428284928,55301705728,105,1873.0,10.6,28501020672,72500236288,100,15464247296,1241128960,69.0,52.099,69.25,
60430942613631,70.31528704,210.5,18428284928,55301705728,105,1873.0,12.6,28500791296,72500465664,100,15464247296,1241128960,69.0,53.004,69.25,
60430996517253,70.369190662,204.2,18428284928,55301705728,105,1872.0,10.5,28501020672,72500236288,100,15464247296,1241128960,69.0,53.002,69.25,
60431049563397,70.422236806,207.3,18428284928,55301705728,105,1870.0,11.0,28501508096,72499748864,100,15464247296,1241128960,68.0,53.007,69.25,
60431103468903,70.476142312,222.5,18428284928,55301705728,105,1877.0,12.9,28506120192,72495136768,100,15464247296,1241128960,69.0,52.096,69.25,
60431157551731,70.53022514,203.6,18428284928,55301705728,105,1909.0,9.8,28506120192,72495136768,100,15464247296,1241128960,68.0,53.004,69.25,
60431211586960,70.584260369,203.4,18428289024,55301705728,105,1872.0,11.1,28502712320,72498544640,100,15464247296,1241128960,68.0,52.084,69.25,
60431265550214,70.638223623,203.8,18428293120,55301705728,105,1877.0,9.3,28502425600,72498831360,100,15464247296,1241128960,68.0,53.004,69.25,
60431319696551,70.69236996,203.1,18428293120,55301705728,105,1814.0,13.2,28502654976,72498601984,100,15464247296,1241128960,68.0,52.08,69.25,
60431373694660,70.746368069,203.7,18428293120,55301705728,105,1851.0,10.5,28502654976,72498601984,100,15464247296,1241128960,68.0,53.006,69.25,
60431427509556,70.800182965,223.0,18428293120,55301705728,105,1845.0,11.6,28502876160,72498380800,100,15464247296,1241128960,68.0,52.084,69.25,
60431481604517,70.854277926,203.2,18428293120,55301705728,105,1878.0,11.5,28503093248,72498163712,100,15464247296,1241128960,69.0,53.007,69.25,
60431535564054,70.908237463,204.0,18428293120,55301705728,105,1921.0,12.9,28502831104,72498425856,100,15464247296,1241128960,68.0,52.089,69.25,
60431589722373,70.962395782,203.2,18428293120,55301705728,105,1909.0,8.7,28502831104,72498425856,100,15464247296,1241128960,68.0,53.001,69.25,
60431646678048,71.019351457,210.8,18428293120,55301705728,105,1937.0,10.6,28502306816,72498950144,100,15464247296,1241128960,68.0,52.09,69.25,
60431699601222,71.072274631,207.8,18428293120,55301705728,105,1913.0,8.9,28502306816,72498950144,100,15464247296,1241128960,69.0,53.003,69.25,
60431752606960,71.125280369,207.5,18428297216,55301705728,105,1850.0,10.0,28502306816,72498950144,100,15464247296,1241128960,69.0,52.097,69.25,
60431806494893,71.179168302,222.7,18428297216,55301705728,105,1886.0,8.8,28502306816,72498950144,100,15464247296,1241128960,69.0,53.0,69.25,
60431860710830,71.233384239,202.9,18428301312,55301705728,105,1901.0,10.3,28501938176,72499318784,100,15464247296,1241128960,69.0,53.005,69.25,
60431914510096,71.287183505,204.5,18428301312,55301705728,105,1892.0,10.4,28501925888,72499331072,100,15464247296,1241128960,69.0,52.097,69.25,
60431967512198,71.340185607,188.6,18428301312,55301705728,105,1867.0,9.4,28501401600,72499855360,100,15464247296,1241128960,69.0,53.007,69.25,
60432021486312,71.394159721,203.9,18428301312,55301705728,105,1870.0,10.0,28501401600,72499855360,100,15464247296,1241128960,70.0,53.001,69.25,
60432074616594,71.447290003,225.8,18428301312,55301705728,105,1913.0,8.2,28501172224,72500084736,100,15464247296,1241128960,68.0,53.007,69.25,
60432128636714,71.501310123,203.6,18428301312,55301705728,105,1916.0,10.5,28500123648,72501133312,100,15464247296,1241128960,68.0,52.094,69.25,
60432181520894,71.554194303,189.1,18428301312,55301705728,105,1895.0,8.3,28499664896,72501592064,100,15464247296,1241128960,68.0,53.007,69.25,
60432234739943,71.607413352,206.6,18428301312,55301705728,105,1889.0,9.9,28499664896,72501592064,100,15464247296,1241128960,69.0,52.089,69.25,
60432288513571,71.66118698,204.7,18428301312,55301705728,105,1871.0,8.8,28499664896,72501592064,100,15464247296,1241128960,69.0,53.009,69.25,
60432341695339,71.714368748,206.7,18428309504,55301705728,105,1901.0,10.1,28499664896,72501592064,100,15464247296,1241128960,68.0,52.085,69.25,
60432394571755,71.767245164,208.1,18428309504,55301705728,105,1858.0,10.6,28499894272,72501362688,100,15464247296,1241128960,69.0,53.009,69.25,
60432448637831,71.82131124,222.0,18428309504,55301705728,105,1918.0,10.4,28499894272,72501362688,100,15464247296,1241128960,68.0,52.089,69.25,
60432501526550,71.874199959,188.9,18428309504,55301705728,105,1867.0,12.9,28500123648,72501133312,100,15464247296,1241128960,69.0,53.011,69.25,
60432555599149,71.928272558,203.4,18428313600,55301705728,105,1894.0,12.8,28489908224,72511348736,100,15464247296,1241128960,68.0,52.093,69.25,
60432609599682,71.982273091,204.0,18428313600,55301705728,105,1885.0,8.8,28489908224,72511348736,100,15464247296,1241128960,69.0,53.006,69.25,
60432662582938,72.035256347,207.6,18428313600,55301705728,105,1898.0,8.9,28489908224,72511348736,100,15464247296,1241128960,68.0,53.0,69.25,
60432715576454,72.088249863,226.2,18428313600,55301705728,105,1922.0,9.5,28489908224,72511348736,100,15464247296,1241128960,69.0,53.003,69.25,
60432769611331,72.14228474,203.5,18428313600,55301705728,105,1898.0,10.4,28489875456,72511381504,100,15464247296,1241128960,69.0,53.007,69.375,
60432823800258,72.196473667,203.1,18428313600,55301705728,105,1911.0,10.3,28489875456,72511381504,100,15464247296,1241128960,69.0,52.099,69.375,
60432877613250,72.250286659,204.3,18428321792,55301705728,105,1873.0,9.9,28490104832,72511152128,100,15464247296,1241128960,69.0,53.003,69.375,
60432931654861,72.30432827,203.6,18428321792,55301705728,105,1873.0,9.4,28489031680,72512225280,100,15464247296,1241128960,69.0,52.094,69.375,
60432985761894,72.358435303,221.7,18428321792,55301705728,105,1888.0,9.8,28489031680,72512225280,100,15464247296,1241128960,69.0,53.008,69.375,
60433039611625,72.412285034,185.7,18428321792,55301705728,105,1876.0,10.5,28489031680,72512225280,100,15464247296,1241128960,69.0,53.001,69.375,
60433093753133,72.466426542,221.6,18428321792,55301705728,105,1852.0,10.5,28493676544,72507580416,100,15464247296,1241128960,68.0,53.009,69.375,
60433147771660,72.520445069,203.6,18428321792,55301705728,105,1873.0,10.4,28493905920,72507351040,100,15464247296,1241128960,68.0,52.091,69.375,
60433201723643,72.574397052,204.0,18428321792,55301705728,105,1883.0,8.3,28493975552,72507281408,100,15464247296,1241128960,68.0,53.01,69.375,
60433255705030,72.628378439,203.7,18428321792,55301705728,105,1874.0,10.5,28493975552,72507281408,100,15464247296,1241128960,68.0,52.085,69.375,
60433309743445,72.682416854,203.7,18428321792,55301705728,105,1864.0,9.2,28493152256,72508104704,100,15464247296,1241128960,69.0,53.012,69.375,
60433363567307,72.736240716,204.3,18428321792,55301705728,105,1886.0,11.0,28493152256,72508104704,100,15462150144,1241128960,69.0,52.089,69.375,
60433417773667,72.790447076,221.3,18428325888,55301705728,105,1865.0,11.5,28493152256,72508104704,100,15462150144,1241128960,69.0,53.011,69.375,
60433471805609,72.844479018,203.8,18428334080,55301705728,105,1872.0,13.5,28493139968,72508116992,100,15462150144,1241128960,68.0,52.096,69.375,
60433527987653,72.900661062,961.0,18428334080,55301705728,105,1858.0,37.0,28493139968,72508116992,100,15462150144,1241128960,69.0,53.016,69.375,
60433581628492,72.954301901,205.1,18428334080,55301705728,105,1918.0,11.8,28493914112,72507342848,100,15462150144,1241128960,68.0,53.003,69.25,
60433635648542,73.008321951,203.8,18428334080,55301705728,105,1915.0,10.5,28493914112,72507342848,100,15462150144,1241128960,69.0,53.0,69.25,
60433688731736,73.061405145,207.1,18428334080,55301705728,105,1912.0,10.6,28493914112,72507342848,100,15462150144,1241128960,68.0,53.008,69.25,
60433743755398,73.116428807,218.0,18428334080,55301705728,105,1902.0,10.3,28493914112,72507342848,100,15462150144,1241128960,69.0,52.098,69.25,
60433797690879,73.170364288,204.1,18428334080,55301705728,105,1892.0,9.9,28493914112,72507342848,100,15462150144,1241128960,69.0,53.007,69.25,
60433853566689,73.226240098,214.8,18428334080,55301705728,105,1928.0,11.2,28492963840,72508293120,100,15462150144,1241128960,69.0,52.093,69.25,
60433906657426,73.279330835,207.1,18428334080,55301705728,105,1969.0,8.9,28492275712,72508981248,100,15462150144,1241128960,68.0,53.0,69.25,
60433960656898,73.333330307,203.6,18428334080,55301705728,105,1914.0,11.0,28492763136,72508493824,100,15462150144,1241128960,69.0,52.085,69.25,
60434014655628,73.387329037,203.9,18428334080,55301705728,105,1889.0,10.5,28492402688,72508854272,100,15462150144,1241128960,68.0,53.008,69.25,
60434067725376,73.440398785,188.4,18428338176,55301705728,105,1916.0,11.8,28492402688,72508854272,100,15462150144,1241128960,68.0,52.085,69.25,
60434120686210,73.493359619,207.7,18428338176,55301705728,105,1875.0,10.0,28492660736,72508596224,100,15462150144,1241128960,68.0,53.006,69.25,
60434174785619,73.547459028,203.3,18428338176,55301705728,105,1952.0,11.0,28492890112,72508366848,100,15462150144,1241128960,68.0,52.09,69.25,
60434227742204,73.600415613,226.6,18428338176,55301705728,105,1907.0,9.4,28492890112,72508366848,100,15462150144,1241128960,69.0,53.007,69.25,
60434280805130,73.653478539,207.3,18428338176,55301705728,105,1970.0,11.2,28491571200,72509685760,100,15462150144,1241128960,68.0,52.098,69.25,
60434333740846,73.706414255,188.9,18428338176,55301705728,105,1974.0,10.1,28491571200,72509685760,100,15462150144,1241128960,70.0,53.0,69.25,
60434386752566,73.759425975,207.4,18428338176,55301705728,105,1892.0,11.2,28491341824,72509915136,100,15462150144,1241128960,68.0,53.006,69.25,
60434440668921,73.81334233,203.9,18428338176,55301705728,105,1923.0,11.0,28491571200,72509685760,100,15462150144,1241128960,69.0,52.096,69.25,
60434494681066,73.867354475,203.7,18428338176,55301705728,105,1935.0,12.2,28491558912,72509698048,100,15462150144,1241128960,70.0,53.009,69.25,
60434548688733,73.921362142,222.3,18428338176,55301705728,105,1929.0,12.8,28491558912,72509698048,100,15462150144,1241128960,69.0,52.088,69.25,
60434602677835,73.975351244,203.7,18428342272,55301705728,105,1914.0,9.3,28491558912,72509698048,100,15462150144,1241128960,69.0,52.097,69.25,
60434656705790,74.029379199,203.5,18428342272,55301705728,105,1895.0,12.1,28491558912,72509698048,100,15462150144,1241128960,69.0,52.079,69.25,
60434710717914,74.083391323,203.8,18428342272,55301705728,105,1904.0,9.9,28491558912,72509698048,100,15462150144,1241128960,69.0,53.004,69.25,
60434764811612,74.137485021,203.3,18428342272,55301705728,105,1921.0,11.5,28491558912,72509698048,100,15462150144,1241128960,69.0,52.084,69.25,
60434818763244,74.191436653,203.9,18428342272,55301705728,105,1879.0,9.4,28491788288,72509468672,100,15462150144,1241128960,69.0,53.003,69.25,
60434875684064,74.248357473,228.3,18428342272,55301705728,105,1923.0,11.0,28491706368,72509550592,100,15462150144,1241128960,68.0,52.082,69.25,
60434929721456,74.302394865,203.4,18428342272,55301705728,105,1863.0,9.8,28491706368,72509550592,100,15462150144,1241128960,69.0,53.003,69.375,
60434983724965,74.356398374,203.9,18428342272,55301705728,105,1896.0,11.0,28491935744,72509321216,100,15462150144,1241128960,69.0,52.092,69.375,
60435037654856,74.410328265,204.0,18428342272,55301705728,105,1879.0,8.8,28492193792,72509063168,100,15462150144,1241128960,70.0,53.013,69.375,
60435094792722,74.467466131,210.0,18428346368,55302754304,105,1914.0,12.7,28496035840,72505221120,100,15462150144,1241128960,68.0,53.001,69.375,
60435147789583,74.520462992,207.6,18428350464,55302754304,105,1863.0,11.1,28496265216,72504991744,100,15462150144,1241128960,70.0,53.009,69.375,
60435202776647,74.575450056,200.0,18428350464,55302754304,105,1905.0,11.4,28497006592,72504250368,100,15464247296,1241128960,68.0,53.008,69.375,
60435257729817,74.630403226,200.2,18428350464,55302754304,105,1862.0,10.7,28496941056,72504315904,100,15464247296,1241128960,69.0,53.005,69.375,
60435313753263,74.686426672,231.9,18428350464,55302754304,105,1875.0,12.2,28497170432,72504086528,100,15464247296,1241128960,68.0,53.01,69.375,
60435368800489,74.741473898,199.9,18428350464,55302754304,105,1912.0,11.6,28497170432,72504086528,100,15464247296,1241128960,69.0,53.001,69.375,
60435422744847,74.795418256,204.0,18428350464,55302754304,105,1917.0,9.8,28497399808,72503857152,100,15464247296,1241128960,69.0,53.005,69.375,
60435476696769,74.849370178,222.2,18428350464,55302754304,105,1958.0,11.7,28497870848,72503386112,100,15464247296,1241128960,69.0,52.094,69.375,
60435530677155,74.903350564,203.9,18428350464,55302754304,105,1949.0,12.9,28498100224,72503156736,100,15464247296,1241128960,69.0,53.009,69.375,
60435584747088,74.957420497,203.3,18428350464,55302754304,105,1916.0,10.5,28498329600,72502927360,100,15464247296,1241128960,69.0,52.08,69.375,
60435638740919,75.011414328,203.7,18428350464,55302754304,105,1887.0,9.3,28498067456,72503189504,100,15464247296,1241128960,69.0,53.008,69.375,
60435692761630,75.065435039,203.6,18428358656,55302754304,105,1851.0,10.4,28498038784,72503218176,100,15464247296,1241128960,69.0,52.082,69.375,
60435746899961,75.11957337,221.6,18428358656,55302754304,105,1883.0,11.0,28498268160,72502988800,100,15464247296,1241128960,68.0,53.007,69.375,
60435800730977,75.173404386,185.8,18428358656,55302754304,105,1844.0,11.6,28498497536,72502759424,100,15464247296,1241128960,69.0,52.09,69.375,
60435854895317,75.227568726,203.0,18428362752,55302754304,105,1900.0,9.2,28498497536,72502759424,100,15464247296,1241128960,68.0,53.004,69.375,
60435912944452,75.285617861,223.9,18428362752,55302754304,105,1869.0,12.0,28497813504,72503443456,100,15464247296,1241128960,68.0,52.092,69.375,
60435966855728,75.339529137,204.1,18428362752,55302754304,105,1888.0,8.8,28496842752,72504414208,100,15464247296,1241128960,69.0,53.005,69.375,
60436020747557,75.393420966,204.1,18428362752,55302754304,105,1845.0,11.0,28496809984,72504446976,100,15464247296,1241128960,69.0,53.004,69.375,
60436074819585,75.447492994,203.4,18428362752,55302754304,105,1886.0,8.8,28496809984,72504446976,100,15464247296,1241128960,69.0,53.01,69.375,
60436128804238,75.501477647,222.3,18428362752,55302754304,105,1824.0,9.9,28496809984,72504446976,100,15464247296,1241128960,69.0,53.011,69.375,
60436184949613,75.557623022,195.9,18428362752,55302754304,105,1919.0,11.7,28496547840,72504709120,100,15464247296,1241128960,69.0,53.009,69.375,
60436238757926,75.611431335,204.5,18428366848,55302754304,105,1895.0,9.9,28496547840,72504709120,100,15464247296,1241128960,69.0,53.013,69.375,
60436292858397,75.665531806,203.4,18428370944,55302754304,105,1933.0,10.3,28496547840,72504709120,100,15464247296,1241128960,69.0,52.096,69.375,
60436346750527,75.719423936,222.6,18428370944,55302754304,105,1921.0,9.9,28496547840,72504709120,100,15464247296,1241128960,69.0,53.007,69.375,
60436400764675,75.773438084,203.7,18428370944,55302754304,105,1877.0,11.8,28495515648,72505741312,100,15462150144,1241128960,69.0,52.091,69.375,
60436454859044,75.827532453,203.4,18428370944,55302754304,105,1904.0,11.0,28501966848,72499290112,100,15462150144,1241128960,68.0,53.011,69.375,
60436508796289,75.881469698,203.9,18428370944,55302754304,105,1943.0,16.4,28511100928,72490156032,100,15462150144,1241128960,68.0,52.091,69.375,
60436562788506,75.935461915,222.2,18428370944,55302754304,105,1876.0,10.5,28510834688,72490422272,100,15462150144,1241128960,69.0,53.006,69.375,
60436616665087,75.989338496,204.2,18428370944,55302754304,105,1843.0,10.5,28510834688,72490422272,100,15462150144,1241128960,69.0,52.084,69.375,
60436670904578,76.043577987,202.6,18428370944,55302754304,105,1872.0,8.7,28510834688,72490422272,100,15462150144,1241128960,68.0,53.004,69.375,
60436724816515,76.097489924,204.4,18428370944,55302754304,105,1873.0,11.1,28510081024,72491175936,100,15462150144,1241128960,68.0,52.092,69.375,
60436778770741,76.15144415,204.0,18428375040,55302754304,105,1883.0,8.7,28509818880,72491438080,100,15462150144,1241128960,69.0,53.008,69.375,
60436832847066,76.205520475,221.0,18428379136,55302754304,105,1834.0,11.5,28509523968,72491732992,100,15462150144,1241128960,69.0,52.098,69.375,
60436886902092,76.259575501,185.7,18428379136,55302754304,105,1900.0,8.8,28508844032,72492412928,100,15462150144,1241128960,69.0,53.003,69.375,
60436940768603,76.313442012,204.1,18428379136,55302754304,105,1879.0,10.7,28508307456,72492949504,100,15462150144,1241128960,69.0,53.006,69.375,
60436996968962,76.369642371,213.6,18428379136,55302754304,105,1906.0,10.2,28507783168,72493473792,100,15462150144,1241128960,69.0,53.0,69.375,
60437053937781,76.42661119,228.1,18428379136,55302754304,105,1874.0,10.4,28507521024,72493735936,100,15462150144,1241128960,70.0,53.008,69.5,
60437107990702,76.480664111,203.5,18428379136,55302754304,105,1906.0,11.7,28511391744,72489865216,100,15462150144,1241128960,69.0,52.097,69.5,
60437161822729,76.534496138,204.4,18428383232,55302754304,105,1901.0,10.0,28510355456,72490901504,100,15462150144,1241128960,69.0,52.091,69.5,
60437218933595,76.591607004,823.0,18428403712,55302754304,105,1909.0,34.4,28510355456,72490901504,100,15462150144,1241128960,69.0,52.098,69.375,
60437275906301,76.64857971,350.9,18428403712,55302754304,105,1964.0,10.9,28510584832,72490672128,100,15462150144,1241128960,68.0,53.0,69.375,
60437329859886,76.702533295,204.0,18428403712,55302754304,105,1945.0,8.9,28510584832,72490672128,100,15462150144,1241128960,69.0,52.085,69.375,
60437383805276,76.756478685,203.9,18428403712,55302754304,105,1890.0,9.9,28512391168,72488865792,100,15466344448,1241128960,69.0,53.006,69.375,
60437437734425,76.810407834,222.3,18428403712,55302754304,105,1875.0,12.0,28512391168,72488865792,100,15466344448,1241128960,69.0,52.08,69.375,
60437493032842,76.865706251,198.9,18428403712,55302754304,105,1866.0,12.6,28512641024,72488615936,100,15466344448,1241128960,69.0,53.011,69.375,
60437547731665,76.920405074,201.2,18428403712,55302754304,105,1920.0,14.5,28512641024,72488615936,100,15466344448,1241128960,68.0,52.086,69.375,
60437601837495,76.974510904,221.8,18428403712,55302754304,105,1903.0,9.4,28512870400,72488386560,100,15466344448,1241128960,69.0,53.003,69.375,
60437655911405,77.028584814,184.9,18428407808,55302754304,105,1941.0,10.5,28513353728,72487903232,100,15466344448,1241128960,69.0,52.088,69.375,
60437709813474,77.082486883,222.7,18428407808,55302754304,105,1927.0,11.4,28513353728,72487903232,100,15466344448,1241128960,69.0,53.005,69.375,
60437763942648,77.136616057,203.2,18428411904,55302754304,105,1885.0,12.1,28513353728,72487903232,100,15466344448,1241128960,68.0,52.094,69.375,
60437817869372,77.190542781,222.7,18428411904,55302754304,105,1926.0,9.4,28513353728,72487903232,100,15466344448,1241128960,69.0,53.002,69.375,
60437872871934,77.245545343,199.9,18428411904,55302754304,105,1940.0,10.9,28512288768,72488968192,100,15466344448,1241128960,68.0,53.0,69.375,
60437927996916,77.300670325,199.6,18428411904,55302754304,105,1912.0,11.3,28511281152,72489975808,100,15466344448,1241128960,69.0,52.099,69.375,
60437981825506,77.354498915,222.9,18428411904,55302754304,105,1942.0,11.0,28511281152,72489975808,100,15466344448,1241128960,69.0,53.005,69.375,
60438035841979,77.408515388,203.7,18428411904,55302754304,105,1991.0,10.6,28511510528,72489746432,100,15466344448,1241128960,70.0,52.099,69.375,
60438089843083,77.462516492,203.7,18428411904,55302754304,105,1976.0,10.3,28511510528,72489746432,100,15466344448,1241128960,69.0,53.007,69.375,
60438143945457,77.516618866,203.3,18428411904,55302754304,105,2007.0,10.6,28509937664,72491319296,100,15466344448,1241128960,69.0,52.094,69.375,
60438197931322,77.570604731,203.7,18428411904,55302754304,105,1940.0,9.9,28509925376,72491331584,100,15466344448,1241128960,68.0,53.003,69.375,
60438251825897,77.624499306,222.7,18428420096,55302754304,105,1971.0,11.0,28509925376,72491331584,100,15466344448,1241128960,70.0,52.085,69.375,
60438305838042,77.678511451,203.8,18428424192,55302754304,105,1913.0,11.0,28509925376,72491331584,100,15466344448,1241128960,69.0,53.005,69.375,
60438359945615,77.732619024,203.1,18428428288,55302754304,105,1929.0,11.1,28510154752,72491102208,100,15466344448,1241128960,68.0,52.082,69.375,
60438413916963,77.786590372,203.8,18428428288,55302754304,105,1900.0,11.6,28510154752,72491102208,100,15466344448,1241128960,68.0,53.006,69.375,
60438467782443,77.840455852,204.4,18428428288,55302754304,105,1967.0,13.4,28507983872,72493273088,100,15466344448,1241128960,68.0,52.089,69.375,
60438521829223,77.894502632,221.9,18428428288,55302754304,105,1942.0,11.6,28507848704,72493408256,100,15466344448,1241128960,68.0,53.005,69.375,
60438575952796,77.948626205,185.0,18428428288,55302754304,105,1910.0,11.1,28508078080,72493178880,100,15466344448,1241128960,68.0,52.089,69.375,
60438629789973,78.002463382,204.3,18428428288,55302754304,105,1934.0,9.3,28508078080,72493178880,100,15466344448,1241128960,70.0,53.003,69.375,
60438682791382,78.055464791,226.3,18428428288,55302754304,105,1938.0,11.8,28508307456,72492949504,100,15466344448,1241128960,68.0,52.098,69.375,
60438735861610,78.108535019,207.4,18428428288,55302754304,105,1923.0,9.5,28503523328,72497733632,100,15466344448,1241128960,69.0,53.001,69.375,
60438788859673,78.161533082,207.3,18428432384,55302754304,105,1991.0,12.1,28503236608,72498020352,100,15466344448,1241128960,69.0,53.006,69.375,
60438842836531,78.21550994,203.9,18428436480,55302754304,105,1932.0,9.4,28503465984,72497790976,100,15466344448,1241128960,69.0,52.096,69.375,
60438896891907,78.269565316,203.5,18428436480,55302754304,105,1965.0,9.8,28502933504,72498323456,100,15466344448,1241128960,69.0,53.004,69.375,
60438950729033,78.323402442,185.9,18428436480,55302754304,105,1980.0,10.9,28502360064,72498896896,100,15466344448,1241128960,69.0,52.092,69.375,
60439005027966,78.377701375,239.4,18428436480,55302754304,105,1972.0,8.8,28502360064,72498896896,100,15466344448,1241128960,69.0,53.002,69.375,
60439058852960,78.431526369,185.6,18428436480,55302754304,105,1983.0,11.2,28502073344,72499183616,100,15466344448,1241128960,69.0,52.092,69.375,
60439111894634,78.484568043,207.4,18428436480,55302754304,105,1919.0,8.9,28502073344,72499183616,100,15466344448,1241128960,68.0,53.009,69.5,
60439164816695,78.537490104,226.7,18428436480,55302754304,105,1913.0,10.8,28502073344,72499183616,100,15466344448,1241128960,69.0,52.088,69.375,
60439217834685,78.590508094,207.5,18428436480,55302754304,105,1922.0,9.5,28502302720,72498954240,100,15466344448,1241128960,69.0,53.011,69.5,
60439270729134,78.643402543,189.1,18428436480,55302754304,105,1972.0,10.7,28502532096,72498724864,100,15466344448,1241128960,68.0,52.089,69.375,
60439323842212,78.696515621,206.7,18428436480,55302754304,105,1918.0,9.4,28502474752,72498782208,100,15466344448,1241128960,69.0,53.008,69.5,
60439376973375,78.749646784,207.4,18428444672,55302754304,105,1938.0,11.9,28502728704,72498528256,100,15466344448,1241128960,69.0,52.098,69.5,
60439429866301,78.80253971,189.3,18428444672,55302754304,105,1940.0,8.4,28502958080,72498298880,100,15466344448,1241128960,70.0,53.008,69.5,
60439482951858,78.855625267,207.0,18428444672,55302754304,105,1989.0,11.8,28503433216,72497823744,100,15466344448,1241128960,68.0,53.007,69.5,
60439537098935,78.909772344,203.2,18428444672,55302754304,105,1959.0,11.6,28503433216,72497823744,100,15466344448,1241128960,69.0,53.004,69.375,
60439589820590,78.962493999,227.5,18428444672,55302754304,105,1952.0,8.4,28503400448,72497856512,100,15466344448,1241128960,69.0,53.005,69.375,
60439643996451,79.01666986,203.1,18428444672,55302754304,105,1907.0,9.8,28502974464,72498282496,100,15466344448,1241128960,69.0,52.096,69.375,
60439696878727,79.069552136,207.8,18428444672,55302754304,105,1941.0,9.5,28503203840,72498053120,100,15466344448,1241128960,68.0,53.004,69.375,
60439749853386,79.122526795,188.9,18428444672,55302754304,105,1902.0,10.1,28503175168,72498081792,100,15466344448,1241128960,69.0,52.086,69.375,
60439803241490,79.175914899,205.9,18428444672,55302754304,105,1914.0,8.2,28503404544,72497852416,100,15466344448,1241128960,69.0,53.002,69.5,
60439856902686,79.229576095,204.9,18428444672,55302754304,105,1963.0,10.5,28503404544,72497852416,100,15466344448,1241128960,69.0,52.083,69.375,
60439909892744,79.282566153,207.7,18428456960,55302754304,105,1950.0,8.8,28501913600,72499343360,100,15466344448,1241128960,69.0,53.006,69.5,
60439962908480,79.335581889,207.6,18428456960,55302754304,105,1930.0,9.5,28502167552,72499089408,100,15466344448,1241128960,69.0,52.085,69.5,
60440016012792,79.388686201,207.1,18428456960,55302754304,105,1893.0,8.8,28502650880,72498606080,100,15466344448,1241128960,69.0,53.011,69.5,
60440068917941,79.44159135,207.9,18428456960,55302754304,105,1909.0,9.9,28502650880,72498606080,100,15466344448,1241128960,69.0,52.094,69.5,
60440122986681,79.49566009,203.7,18428456960,55302754304,105,1948.0,8.8,28502536192,72498720768,100,15466344448,1241128960,69.0,53.011,69.5,
60440175834663,79.548508072,189.2,18428456960,55302754304,105,1913.0,10.1,28502536192,72498720768,100,15466344448,1241128960,68.0,52.097,69.5,
60440228895153,79.601568562,207.3,18428456960,55302754304,105,1896.0,7.7,28502536192,72498720768,100,15466344448,1241128960,69.0,53.01,69.5,
60440281912171,79.65458558,207.5,18428456960,55302754304,105,1912.0,11.0,28502536192,72498720768,100,15466344448,1241128960,68.0,53.004,69.5,
60440335937741,79.70861115,222.1,18428456960,55302754304,105,1939.0,8.8,28502536192,72498720768,100,15466344448,1241128960,69.0,53.007,69.5,
60440388867135,79.761540544,207.8,18428456960,55302754304,105,1919.0,10.7,28500471808,72500785152,100,15462150144,1241128960,69.0,53.012,69.5,
60440443012349,79.815685758,203.2,18428461056,55302754304,105,1935.0,9.4,28500471808,72500785152,100,15462150144,1241128960,69.0,53.001,69.5,
60440495993760,79.868667169,188.5,18428465152,55302754304,105,1976.0,12.9,28500688896,72500568064,100,15462150144,1241128960,69.0,53.011,69.5,
60440549977090,79.922650499,203.8,18428465152,55302754304,105,1913.0,14.0,28500688896,72500568064,100,15462150144,1241128960,69.0,52.094,69.5,
60440604032125,79.976705534,222.4,18428465152,55302754304,105,1865.0,7.6,28500688896,72500568064,100,15462150144,1241128960,68.0,53.003,69.5,
60440657024146,80.029697555,207.4,18428465152,55302754304,105,1906.0,10.6,28500688896,72500568064,100,15462150144,1241128960,69.0,52.086,69.5,
60440711072589,80.083745998,203.5,18428465152,55302754304,105,1887.0,9.2,28500688896,72500568064,100,15462150144,1241128960,69.0,53.007,69.5,
60440766073056,80.138746465,199.9,18428465152,55302754304,105,1882.0,11.2,28500688896,72500568064,100,15462150144,1241128960,69.0,52.083,69.5,
60440821097539,80.193770948,217.9,18428465152,55302754304,105,1921.0,9.7,28500688896,72500568064,100,15462150144,1241128960,69.0,53.01,69.5,
60440875997709,80.248671118,218.8,18428473344,55302754304,105,1912.0,10.5,28499476480,72501780480,100,15462150144,1241128960,69.0,52.087,69.5,
60440933300514,80.305973923,959.5,18428485632,55302754304,105,1883.0,35.2,28499697664,72501559296,100,15462150144,1241128960,69.0,53.008,69.5,
60440989904588,80.362577997,194.5,18428485632,55302754304,105,1889.0,10.0,28499697664,72501559296,100,15462150144,1241128960,68.0,52.09,69.5,
60441043034749,80.415708158,207.0,18428485632,55302754304,105,1893.0,7.7,28499697664,72501559296,100,15462150144,1241128960,69.0,53.007,69.5,
60441098282370,80.470955779,217.0,18428485632,55302754304,105,1924.0,11.9,28503826432,72497430528,100,15462150144,1241128960,68.0,52.096,69.5,
60441151981016,80.524654425,204.9,18428485632,55302754304,105,1897.0,8.8,28503826432,72497430528,100,15462150144,1241128960,69.0,53.008,69.5,
60441212423209,80.585096618,215.1,18428485632,55302754304,105,1977.0,11.4,28504023040,72497233920,100,15462150144,1241128960,68.0,52.099,69.5,
60441265937720,80.638611129,224.1,18428489728,55302754304,105,1922.0,9.4,28504281088,72496975872,100,15462150144,1241128960,69.0,53.004,69.5,
60441319967016,80.692640425,185.0,18428489728,55302754304,105,1901.0,9.3,28504018944,72497238016,100,15462150144,1241128960,68.0,53.004,69.5,
60441374143729,80.746817138,221.6,18428489728,55302754304,105,1900.0,11.3,28505825280,72495431680,100,15466344448,1241128960,69.0,53.001,69.5,
60441428993023,80.801666432,200.5,18428489728,55302754304,105,1971.0,10.4,28505825280,72495431680,100,15466344448,1241128960,69.0,53.005,69.5,
60441483328614,80.856002023,202.6,18428489728,55302754304,105,2004.0,12.8,28505825280,72495431680,100,15466344448,1241128960,69.0,52.096,69.5,
60441537011982,80.909685391,204.9,18428493824,55302754304,105,1922.0,11.8,28506312704,72494944256,100,15466344448,1241128960,68.0,53.001,69.5,
60441590950728,80.963624137,204.2,18428493824,55302754304,105,2018.0,12.2,28506312704,72494944256,100,15466344448,1241128960,69.0,52.084,69.375,
60441644100576,81.016773985,206.8,18428493824,55302754304,105,1957.0,8.8,28506312704,72494944256,100,15466344448,1241128960,68.0,53.003,69.5,
60441697984089,81.070657498,222.6,18428493824,55302754304,105,1990.0,11.6,28506312704,72494944256,100,15466344448,1241128960,69.0,52.082,69.375,
60441751993668,81.124667077,203.7,18428493824,55302754304,105,1907.0,10.5,28506542080,72494714880,100,15466344448,1241128960,68.0,53.007,69.5,
60441806040678,81.178714087,203.5,18428493824,55302754304,105,1969.0,12.1,28506542080,72494714880,100,15466344448,1241128960,68.0,52.086,69.375,
60441859962372,81.232635781,203.9,18428497920,55302754304,105,1888.0,9.5,28504649728,72496607232,100,15466344448,1241128960,69.0,53.004,69.5,
60441912942130,81.285615539,188.9,18428497920,55302754304,105,1970.0,10.8,28504633344,72496623616,100,15466344448,1241128960,68.0,52.093,69.375,
60441966029210,81.338702619,226.1,18428502016,55302754304,105,1956.0,10.1,28504489984,72496766976,100,15466344448,1241128960,69.0,53.003,69.5,
60442018977830,81.391651239,207.6,18428502016,55302754304,105,1986.0,10.7,28504719360,72496537600,100,15466344448,1241128960,69.0,53.006,69.5,
60442072008704,81.444682113,207.4,18428506112,55302754304,105,1939.0,10.1,28504719360,72496537600,100,15466344448,1241128960,69.0,53.006,69.5,
60442125053765,81.497727174,188.5,18428506112,55302754304,105,1965.0,10.7,28504948736,72496308224,100,15466344448,1241128960,69.0,53.013,69.5,
60442179034530,81.551707939,204.2,18428506112,55302754304,105,1973.0,10.7,28505440256,72495816704,100,15466344448,1241128960,69.0,52.099,69.5,
60442230979348,81.603652757,211.7,18428506112,55302754304,105,1894.0,9.6,28505440256,72495816704,100,15466344448,1241128960,69.0,53.006,69.5,
60442282945746,81.655619155,192.5,18428506112,55302754304,105,1934.0,12.2,28505669632,72495587328,100,15466344448,1241128960,68.0,52.089,69.5,
60442334847292,81.707520701,192.7,18428506112,55302754304,105,1897.0,10.1,28505669632,72495587328,100,15466344448,1241128960,69.0,53.012,69.5,
60442386766692,81.759440101,231.1,18428506112,55302754304,105,1963.0,12.1,28505669632,72495587328,100,15466344448,1241128960,69.0,52.091,69.5,
60442438883011,81.81155642,191.8,18428510208,55302754304,105,1906.0,9.5,28503965696,72497291264,100,15466344448,1241128960,68.0,53.009,69.5,
60442492021697,81.864695106,207.0,18428510208,55302754304,105,1895.0,12.7,28504211456,72497045504,100,15466344448,1241128960,69.0,52.099,69.5,
60442544889886,81.917563295,208.1,18428510208,55302754304,105,1951.0,11.3,28504211456,72497045504,100,15466344448,1241128960,69.0,53.01,69.5,
60442596995194,81.969668603,191.9,18428514304,55302754304,105,1962.0,11.4,28504440832,72496816128,100,15466344448,1241128960,69.0,53.009,69.5,
60442648959328,82.021632737,211.7,18428514304,55302754304,105,1959.0,10.8,28504440832,72496816128,100,15466344448,1241128960,69.0,52.097,69.5,
60442701034019,82.073707428,192.0,18428514304,55302754304,105,1930.0,8.5,28504440832,72496816128,100,15466344448,1241128960,69.0,53.004,69.5,
60442753030854,82.125704263,211.6,18428514304,55302754304,105,1950.0,12.0,28504686592,72496570368,100,15466344448,1241128960,68.0,52.085,69.5,
60442805029683,82.177703092,211.3,18428514304,55302754304,105,1959.0,9.0,28504686592,72496570368,100,15466344448,1241128960,68.0,53.006,69.5,
60442858130468,82.230803877,188.3,18428514304,55302754304,105,1983.0,11.2,28504522752,72496734208,100,15466344448,1241128960,69.0,52.083,69.5,
60442910923947,82.283597356,227.2,18428514304,55302754304,105,1986.0,9.0,28504260608,72496996352,100,15466344448,1241128960,69.0,53.009,69.5,
60442963983955,82.336657364,207.2,18428518400,55302754304,105,1991.0,10.5,28504133632,72497123328,100,15466344448,1241128960,68.0,52.088,69.5,
60443017996730,82.390670139,203.9,18428518400,55302754304,105,1937.0,9.9,28504133632,72497123328,100,15466344448,1241128960,68.0,53.005,69.5,
60443071185110,82.443858519,206.7,18428518400,55302754304,105,1987.0,11.2,28505165824,72496091136,100,15466344448,1241128960,68.0,53.0,69.5,
60443123999127,82.496672536,189.3,18428522496,55302754304,105,1977.0,9.0,28504641536,72496615424,100,15466344448,1241128960,69.0,53.014,69.5,
60443177145307,82.549818716,206.8,18428522496,55302754304,105,1996.0,11.0,28504641536,72496615424,100,15466344448,1241128960,68.0,53.008,69.5,
60443230984848,82.603658257,204.4,18428522496,55302754304,105,1913.0,10.0,28504125440,72497131520,100,15466344448,1241128960,70.0,53.008,69.5,
60443284047241,82.65672065,207.3,18428522496,55302754304,105,1926.0,10.1,28504125440,72497131520,100,15466344448,1241128960,69.0,53.011,69.5,
60443337103152,82.709776561,207.6,18428522496,55302754304,105,1957.0,10.7,28504125440,72497131520,100,15466344448,1241128960,69.0,53.0,69.5,
60443389930214,82.762603623,208.3,18428522496,55302754304,105,1895.0,10.1,28504125440,72497131520,100,15466344448,1241128960,69.0,53.006,69.5,
60443443034826,82.815708235,207.2,18428522496,55302754304,105,1911.0,10.6,28504125440,72497131520,100,15466344448,1241128960,69.0,52.09,69.5,
60443495115668,82.867789077,210.9,18428522496,55302754304,105,1931.0,10.8,28504125440,72497131520,100,15466344448,1241128960,69.0,53.014,69.5,
60443547963930,82.920637339,189.4,18428526592,55302754304,105,1880.0,14.3,28504354816,72496902144,100,15466344448,1241128960,68.0,52.086,69.5,
60443600898032,82.973571441,207.5,18428526592,55302754304,105,1892.0,10.0,28504584192,72496672768,100,15466344448,1241128960,69.0,53.009,69.5,
60443653979320,83.026652729,188.7,18428530688,55302754304,105,1880.0,10.7,28504584192,72496672768,100,15466344448,1241128960,69.0,52.089,69.5,
60443706034695,83.078708104,230.6,18428530688,55302754304,105,1926.0,9.0,28504297472,72496959488,100,15466344448,1241128960,69.0,53.008,69.5,
60443758095490,83.130768899,192.1,18428530688,55302754304,105,1898.0,10.4,28503777280,72497479680,100,15466344448,1241128960,68.0,53.001,69.5,
60443810949101,83.18362251,208.1,18428530688,55302754304,105,1928.0,8.9,28504006656,72497250304,100,15466344448,1241128960,69.0,53.004,69.5,
60443862981934,83.235655343,192.2,18428530688,55302754304,105,1933.0,9.6,28503879680,72497377280,100,15466344448,1241128960,69.0,53.008,69.5,
60443914939204,83.287612613,211.7,18428530688,55302754304,105,1922.0,10.1,28503203840,72498053120,100,15466344448,1241128960,69.0,52.096,69.5,
60443968015223,83.340688632,207.2,18428530688,55302754304,105,1901.0,9.0,28501876736,72499380224,100,15466344448,1241128960,68.0,53.004,69.5,
60444020101195,83.392774604,192.0,18428530688,55302754304,105,1860.0,10.2,28502360064,72498896896,100,15466344448,1241128960,70.0,52.085,69.5,
60444072046052,83.444719461,211.4,18428534784,55302754304,105,1900.0,8.9,28502347776,72498909184,100,15466344448,1241128960,69.0,53.006,69.5,
60444124986066,83.497659475,208.1,18428534784,55302754304,105,1924.0,10.3,28502347776,72498909184,100,15466344448,1241128960,69.0,52.086,69.5,
60444176986527,83.549659936,211.6,18428538880,55302754304,105,1877.0,9.6,28502347776,72498909184,100,15466344448,1241128960,70.0,53.006,69.5,
60444229022425,83.601695834,211.4,18428542976,55302754304,105,1946.0,10.2,28502347776,72498909184,100,15466344448,1241128960,68.0,52.09,69.5,
60444281099972,83.653773381,192.0,18428542976,55302754304,105,1944.0,7.8,28502347776,72498909184,100,15466344448,1241128960,70.0,53.007,69.5,
60444336412474,83.709085883,198.9,18428542976,55302754304,105,1891.0,10.7,28502347776,72498909184,100,15466344448,1241128960,68.0,52.095,69.5,
60444389010446,83.761683855,209.2,18428542976,55302754304,105,1919.0,10.2,28500283392,72500973568,100,15466344448,1241128960,70.0,53.003,69.5,
60444441035083,83.813708492,211.0,18428542976,55302754304,105,1936.0,10.1,28500058112,72501198848,100,15466344448,1241128960,69.0,53.007,69.5,
60444494022976,83.866696385,189.0,18428542976,55302754304,105,1991.0,11.5,28500287488,72500969472,100,15466344448,1241128960,70.0,52.097,69.5,
60444546991954,83.919665363,207.4,18428542976,55302754304,105,1890.0,12.7,28500287488,72500969472,100,15466344448,1241128960,68.0,52.083,69.5,
60444605031911,83.97770532,810.1,18428575744,55302754304,105,1910.0,31.5,28500541440,72500715520,100,15466344448,1241128960,69.0,52.089,69.5,
60444660203950,84.032877359,344.1,18428575744,55302754304,105,1953.0,9.4,28500541440,72500715520,100,15466344448,1241128960,69.0,53.001,69.5,
60444713191863,84.085865272,189.1,18428575744,55302754304,105,1925.0,10.7,28500541440,72500715520,100,15466344448,1241128960,68.0,52.079,69.5,
60444766235190,84.138908599,207.0,18428575744,55302754304,105,1918.0,9.5,28501061632,72500195328,100,15466344448,1241128960,69.0,53.006,69.5,
60444820020398,84.192693807,204.5,18428575744,55302754304,105,1938.0,10.0,28501061632,72500195328,100,15466344448,1241128960,68.0,52.081,69.5,
60444873420494,84.246093903,224.6,18428575744,55302754304,105,1902.0,9.3,28501061632,72500195328,100,15466344448,1241128960,69.0,53.006,69.5,
60444927193480,84.299866889,204.6,18428575744,55302754304,105,1966.0,9.5,28501667840,72499589120,100,15466344448,1241128960,68.0,52.084,69.5,
60444981141383,84.353814792,203.9,18428575744,55302754304,105,1929.0,8.7,28500848640,72500408320,100,15466344448,1241128960,68.0,53.002,69.5,
60445035090018,84.407763427,222.5,18428575744,55302754304,105,1906.0,10.5,28501078016,72500178944,100,15466344448,1241128960,68.0,52.088,69.5,
60445089074049,84.461747458,203.8,18428575744,55302754304,105,1902.0,9.2,28502855680,72498401280,100,15466344448,1241128960,69.0,53.004,69.5,
60445148276325,84.520949734,202.7,18428579840,55302754304,105,1946.0,11.7,28502855680,72498401280,100,15466344448,1241128960,68.0,52.089,69.5,
60445202152534,84.574825943,204.2,18428579840,55302754304,105,1909.0,9.3,28502855680,72498401280,100,15466344448,1241128960,70.0,53.004,69.5,
60445258467025,84.631140434,213.1,18428579840,55302754304,105,1926.0,11.7,28503085056,72498171904,100,15466344448,1241128960,69.0,52.092,69.5,
60445312193784,84.684867193,204.7,18428579840,55302754304,105,1922.0,9.3,28502560768,72498696192,100,15466344448,1241128960,69.0,53.0,69.5,
60445366240533,84.738913942,222.0,18428579840,55302754304,105,1917.0,12.2,28503076864,72498180096,100,15466344448,1241128960,69.0,52.097,69.5,
60445420167437,84.792840846,204.0,18428579840,55302754304,105,1902.0,10.4,28503060480,72498196480,100,15466344448,1241128960,69.0,52.099,69.5,
60445474298433,84.846971842,203.1,18428583936,55302754304,105,1897.0,13.3,28503060480,72498196480,100,15466344448,1241128960,69.0,53.007,69.5,
60445528221971,84.90089538,204.1,18428583936,55302754304,105,1862.0,12.9,28503060480,72498196480,100,15466344448,1241128960,69.0,52.098,69.5,
60445582218175,84.954891584,203.6,18428583936,55302754304,105,1810.0,12.6,28503060480,72498196480,100,15466344448,1241128960,69.0,53.001,69.5,
60445636313805,85.008987214,203.5,18428583936,55302754304,105,1833.0,11.2,28503060480,72498196480,100,15466344448,1241128960,69.0,52.093,69.5,
60445694311102,85.066984511,224.1,18428588032,55302754304,105,1870.0,10.8,28503580672,72497676288,100,15466344448,1241128960,69.0,53.0,69.5,
60445748194915,85.120868324,204.2,18428588032,55302754304,105,1914.0,12.1,28503580672,72497676288,100,15466344448,1241128960,69.0,52.088,69.5,
60445803167790,85.175841199,200.1,18428588032,55302754304,105,1870.0,10.3,28503580672,72497676288,100,15466344448,1241128960,68.0,52.098,69.5,
60445857342088,85.230015497,202.7,18428588032,55302754304,105,1860.0,12.6,28502163456,72499093504,100,15466344448,1241128960,68.0,52.081,69.5,
60445911208869,85.283882278,204.6,18428588032,55302754304,105,1813.0,10.1,28500512768,72500744192,100,15466344448,1241128960,69.0,53.0,69.5,
60445965209862,85.337883271,222.2,18428588032,55302754304,105,1903.0,12.8,28500512768,72500744192,100,15466344448,1241128960,68.0,52.078,69.5,
60446019192891,85.3918663,203.8,18428596224,55302754304,105,1831.0,9.9,28500512768,72500744192,100,15466344448,1241128960,69.0,53.002,69.5,
60446073223649,85.445897058,203.5,18428596224,55302754304,105,1838.0,13.2,28500512768,72500744192,100,15466344448,1241128960,69.0,52.086,69.5,
60446127216016,85.499889425,203.8,18428596224,55302754304,105,1829.0,11.0,28500512768,72500744192,100,15466344448,1241128960,69.0,53.011,69.5,
60446182302104,85.554975513,217.9,18428596224,55302754304,105,1865.0,11.9,28500742144,72500514816,100,15466344448,1241128960,69.0,52.09,69.5,
60446236240359,85.608913768,203.9,18428600320,55302754304,105,1871.0,9.9,28497956864,72503300096,100,15466344448,1241128960,68.0,53.008,69.5,
60446290323416,85.662996825,203.4,18428600320,55302754304,105,1848.0,11.6,28497956864,72503300096,100,15466344448,1241128960,68.0,52.095,69.5,
60446344269024,85.716942433,204.0,18428600320,55302754304,105,1892.0,8.2,28497956864,72503300096,100,15466344448,1241128960,69.0,53.008,69.5,
60446407393786,85.780067195,237.5,18428600320,55302754304,105,1877.0,16.0,28497956864,72503300096,100,15466344448,1241128960,68.0,52.094,69.5,
60446462315225,85.834988634,199.9,18428600320,55302754304,105,1928.0,12.0,28497956864,72503300096,100,15466344448,1241128960,69.0,53.012,69.5,
60446516326707,85.889000116,204.2,18428600320,55302754304,105,1916.0,12.1,28497940480,72503316480,100,15466344448,1241128960,68.0,53.0,69.5,
60446571229090,85.943902499,200.6,18428600320,55302754304,105,1900.0,8.7,28498198528,72503058432,100,15466344448,1241128960,69.0,53.004,69.5,
60446630329385,86.003002794,219.8,18428604416,55302754304,105,1980.0,11.4,28498198528,72503058432,100,15466344448,1241128960,68.0,52.096,69.5,
60446684205223,86.056878632,204.1,18428604416,55302754304,105,1950.0,9.6,28497940480,72503316480,100,15466344448,1241128960,69.0,53.003,69.5,
60446739350762,86.112024171,217.8,18428604416,55302754304,105,1870.0,9.4,28498436096,72502820864,100,15466344448,1241128960,69.0,53.002,69.5,
60446793225147,86.165898556,204.0,18428604416,55302754304,105,1913.0,10.4,28498169856,72503087104,100,15466344448,1241128960,69.0,52.098,69.5,
60446847189782,86.219863191,203.9,18428604416,55302754304,105,1912.0,9.7,28497702912,72503554048,100,15466344448,1241128960,69.0,53.003,69.5,
60446902226066,86.274899475,218.0,18428604416,55302754304,105,1972.0,9.9,28497702912,72503554048,100,15466344448,1241128960,69.0,52.095,69.5,
60446956309403,86.328982812,203.3,18428604416,55302754304,105,1917.0,10.2,28497645568,72503611392,100,15466344448,1241128960,69.0,53.001,69.5,
60447011279833,86.383953242,218.6,18428604416,55302754304,105,1921.0,10.4,28496891904,72504365056,100,15466344448,1241128960,69.0,52.088,69.5,
60447065227837,86.437901246,185.3,18428604416,55302754304,105,1862.0,9.4,28499058688,72502198272,100,15464579072,1241128960,68.0,52.098,69.5,
60447119233298,86.491906707,222.0,18428604416,55302754304,105,1898.0,13.5,28501028864,72500228096,100,15464579072,1241128960,68.0,52.091,69.5,
60447174299177,86.546972586,200.0,18428608512,55302754304,105,1867.0,8.9,28501258240,72499998720,100,15464579072,1241128960,68.0,53.008,69.5,
60447228232423,86.600905832,203.5,18428612608,55302754304,105,1863.0,12.4,28500787200,72500469760,100,15464579072,1241128960,68.0,52.085,69.5,
60447283316927,86.655990336,218.1,18428612608,55302754304,105,1872.0,10.4,28500787200,72500469760,100,15464579072,1241128960,68.0,53.01,69.5,
60447337326616,86.710000025,203.8,18428616704,55302754304,105,1883.0,10.6,28500787200,72500469760,100,15464579072,1241128960,68.0,52.084,69.5,
60447392498755,86.765172164,199.2,18428616704,55302754304,105,1860.0,10.9,28500787200,72500469760,100,15464579072,1241128960,69.0,53.008,69.5,
60447447165887,86.819839296,219.9,18428616704,55302754304,105,1871.0,10.8,28500787200,72500469760,100,15464579072,1241128960,68.0,52.086,69.375,
60447501179784,86.873853193,203.3,18428616704,55302754304,105,1831.0,13.1,28502478848,72498778112,100,15466344448,1241128960,69.0,53.012,69.5,
60447556325533,86.928998942,199.8,18428616704,55302754304,105,1863.0,12.1,28502478848,72498778112,100,15466344448,1241128960,68.0,52.092,69.5,
60447611205494,86.983878903,218.7,18428616704,55302754304,105,1874.0,9.2,28502478848,72498778112,100,15466344448,1241128960,69.0,53.005,69.5,
60447665238096,87.037911505,221.7,18428616704,55302754304,105,1857.0,12.2,28502478848,72498778112,100,15466344448,1241128960,69.0,52.095,69.5,
60447719383389,87.092056798,203.2,18428616704,55302754304,105,1856.0,9.1,28502994944,72498262016,100,15466344448,1241128960,69.0,53.004,69.5,
60447774250055,87.146923464,200.8,18428616704,55302754304,105,1868.0,9.9,28502994944,72498262016,100,15466344448,1241128960,68.0,52.098,69.5,
60447831368503,87.204041912,210.1,18428616704,55302754304,105,1863.0,9.9,28503511040,72497745920,100,15466344448,1241128960,70.0,53.003,69.5,
60447885233971,87.25790738,204.0,18428624896,55302754304,105,1838.0,11.1,28503904256,72497352704,100,15466344448,1241128960,69.0,53.003,69.5,
60447940438471,87.31311188,199.2,18428624896,55302754304,105,1875.0,9.8,28504133632,72497123328,100,15466344448,1241128960,69.0,53.001,69.5,
60447996261931,87.36893534,214.9,18428624896,55302754304,105,1831.0,11.0,28504133632,72497123328,100,15466344448,1241128960,69.0,53.007,69.5,
60448051281704,87.423955113,218.5,18428624896,55302754304,105,1902.0,10.5,28504133632,72497123328,100,15466344448,1241128960,70.0,52.096,69.5,
60448105311340,87.477984749,203.4,18428624896,55302754304,105,1877.0,9.9,28503826432,72497430528,100,15466344448,1241128960,69.0,53.007,69.5,
60448159413262,87.532086671,203.3,18428624896,55302754304,105,1868.0,11.4,28503068672,72498188288,100,15466344448,1241128960,69.0,53.0,69.5,
60448216405454,87.589078863,228.1,18428628992,55302754304,105,1852.0,11.4,28503298048,72497958912,100,15466344448,1241128960,68.0,52.093,69.5,
60448274503609,87.647177018,860.1,18428628992,55302754304,105,1918.0,35.1,28503298048,72497958912,100,15466344448,1241128960,69.0,52.094,69.5,
60448328346806,87.701020215,260.2,18428628992,55302754304,105,1865.0,8.8,28503035904,72498221056,100,15466344448,1241128960,68.0,53.002,69.5,
60448382318924,87.754992333,222.1,18428628992,55302754304,105,1847.0,12.0,28500996096,72500260864,100,15460052992,1241128960,69.0,52.085,69.5,
60448437435679,87.810109088,199.9,18428628992,55302754304,105,1858.0,9.8,28500926464,72500330496,100,15460052992,1241128960,69.0,53.009,69.5,
60448491181092,87.863854501,204.4,18428628992,55302754304,105,1842.0,13.2,28500914176,72500342784,100,15460052992,1241128960,68.0,52.088,69.5,
60448546397323,87.919070732,199.5,18428633088,55302754304,105,1800.0,13.1,28500160512,72501096448,100,15460052992,1241128960,68.0,53.008,69.5,
60448601197635,87.973871044,219.0,18428633088,55302754304,105,1880.0,12.1,28500160512,72501096448,100,15460052992,1241128960,68.0,52.083,69.5,
60448656383950,88.029057359,199.3,18428633088,55302754304,105,1883.0,10.2,28500160512,72501096448,100,15460052992,1241128960,69.0,53.005,69.5,
60448710377368,88.083050777,221.9,18428633088,55302754304,105,1856.0,9.9,28500160512,72501096448,100,15460052992,1241128960,68.0,52.087,69.5,
60448765463686,88.138137095,199.8,18428633088,55302754304,105,1903.0,10.3,28500160512,72501096448,100,15460052992,1241128960,69.0,53.005,69.5,
60448820318950,88.192992359,218.8,18428633088,55302754304,105,1861.0,11.0,28500389888,72500867072,100,15460052992,1241128960,68.0,52.091,69.5,
60448874432483,88.247105892,184.8,18428633088,55302754304,105,1864.0,10.4,28500873216,72500383744,100,15460052992,1241128960,69.0,53.003,69.5,
60448929482984,88.302156393,236.2,18428633088,55302754304,105,1853.0,12.4,28500451328,72500805632,100,15460052992,1241128960,68.0,52.098,69.5,
60448984325094,88.356998503,200.5,18428633088,55302754304,105,1872.0,9.2,28500680704,72500576256,100,15460052992,1241128960,69.0,53.001,69.5,
60449039478597,88.412152006,199.4,18428633088,55302754304,105,1818.0,10.7,28500680704,72500576256,100,15460052992,1241128960,68.0,53.002,69.5,
60449096510944,88.469184353,228.3,18428633088,55302754304,105,1860.0,12.2,28503261184,72497995776,100,15460052992,1241128960,69.0,52.098,69.5,
60449151295776,88.523969185,200.8,18428633088,55302754304,105,1832.0,9.8,28503261184,72497995776,100,15460052992,1241128960,69.0,53.004,69.5,
60449206301302,88.578974711,218.2,18428633088,55302754304,105,1887.0,11.4,28503719936,72497537024,100,15460052992,1241128960,69.0,52.094,69.5,
60449261279567,88.633952976,200.1,18428633088,55302754304,105,1872.0,10.2,28503719936,72497537024,100,15460052992,1241128960,68.0,53.002,69.5,
60449316277449,88.688950858,200.0,18428637184,55302754304,105,1888.0,9.8,28503719936,72497537024,100,15460052992,1241128960,69.0,52.087,69.5,
60449371268829,88.743942238,218.2,18428637184,55302754304,105,1861.0,11.4,28505268224,72495988736,100,15464247296,1241128960,68.0,52.099,69.5,
60449425298946,88.797972355,203.3,18428637184,55302754304,105,1843.0,12.3,28505010176,72496246784,100,15464247296,1241128960,69.0,52.083,69.5,
60449479459227,88.852132636,184.7,18428641280,55302754304,105,1812.0,11.4,28505227264,72496029696,100,15464247296,1241128960,68.0,53.005,69.5,
60449534423756,88.907097165,236.5,18428641280,55302754304,105,1798.0,13.3,28505227264,72496029696,100,15464247296,1241128960,68.0,52.08,69.5,
60449589425986,88.962099395,199.9,18428641280,55302754304,105,1822.0,10.9,28505227264,72496029696,100,15464247296,1241128960,70.0,53.002,69.5,
60449644291119,89.016964528,200.6,18428645376,55302754304,105,1830.0,12.2,28505227264,72496029696,100,15464247296,1241128960,69.0,52.079,69.5,
60449698377231,89.07105064,203.4,18428645376,55302754304,105,1857.0,10.7,28505227264,72496029696,100,15464247296,1241128960,69.0,53.0,69.5,
60449753380262,89.126053671,218.2,18428645376,55302754304,105,1823.0,12.1,28505227264,72496029696,100,15464247296,1241128960,69.0,52.081,69.5,
60449809440776,89.182114185,213.5,18428645376,55302754304,105,1811.0,11.1,28505227264,72496029696,100,15464247296,1241128960,69.0,53.001,69.5,
60449866426115,89.239099524,193.5,18428645376,55302754304,105,1821.0,13.3,28504911872,72496345088,100,15464247296,1241128960,68.0,52.085,69.5,
60449921490391,89.2941638,218.2,18428645376,55302754304,105,1876.0,9.7,28504866816,72496390144,100,15464247296,1241128960,69.0,53.0,69.5,
60449976439501,89.34911291,218.1,18428645376,55302754304,105,1829.0,11.8,28503465984,72497790976,100,15464247296,1241128960,68.0,52.085,69.5,
60450035387861,89.40806127,220.6,18428649472,55302754304,105,1865.0,11.2,28503465984,72497790976,100,15464247296,1241128960,70.0,53.003,69.5,
60450089481006,89.462154415,203.2,18428649472,55302754304,105,1774.0,11.9,28503273472,72497983488,100,15464247296,1241128960,69.0,52.093,69.5,
60450144379591,89.517053,200.7,18428649472,55302754304,105,1816.0,10.5,28503273472,72497983488,100,15464247296,1241128960,69.0,53.003,69.5,
60450198333595,89.571007004,203.6,18428653568,55302754304,105,1782.0,13.2,28503068672,72498188288,100,15464247296,1241128960,68.0,52.099,69.5,
60450254508424,89.627181833,213.6,18428653568,55302754304,105,1851.0,11.1,28503068672,72498188288,100,15464247296,1241128960,70.0,52.099,69.5,
60450309365241,89.68203865,200.7,18428653568,55302754304,105,1816.0,12.1,28503068672,72498188288,100,15464247296,1241128960,69.0,53.006,69.5,
60450364480393,89.737153802,199.7,18428653568,55302754304,105,1826.0,13.0,28503068672,72498188288,100,15464247296,1241128960,70.0,52.097,69.5,
60450420332306,89.793005715,232.8,18428653568,55302754304,105,1812.0,11.4,28503068672,72498188288,100,15464247296,1241128960,69.0,53.005,69.5,
60450475340707,89.848014116,200.0,18428653568,55302754304,105,1843.0,12.6,28503056384,72498200576,100,15464247296,1241128960,69.0,52.093,69.5,
60450530285800,89.902959209,218.2,18428653568,55302754304,105,1857.0,12.8,28503056384,72498200576,100,15464247296,1241128960,68.0,53.002,69.5,
60450584443666,89.957117075,202.7,18428653568,55302754304,105,1840.0,13.2,28503056384,72498200576,100,15464247296,1241128960,68.0,52.079,69.5,
60450638512936,90.011186345,203.8,18428657664,55302754304,105,1820.0,9.9,28503056384,72498200576,100,15464247296,1241128960,68.0,52.098,69.5,
60450694580954,90.067254363,196.1,18428657664,55302754304,105,1781.0,13.1,28503056384,72498200576,100,15464247296,1241128960,69.0,52.074,69.5,
60450749556434,90.122229843,218.6,18428661760,55302754304,105,1794.0,11.0,28501975040,72499281920,100,15464247296,1241128960,69.0,52.097,69.5,
60450810586026,90.183259435,229.0,18428661760,55302754304,105,1779.0,12.8,28501975040,72499281920,100,15464247296,1241128960,69.0,52.081,69.5,
60450868531936,90.241205345,207.5,18428661760,55302754304,105,1821.0,11.5,28501950464,72499306496,100,15464247296,1241128960,68.0,53.002,69.5,
60450923322479,90.295995888,200.7,18428661760,55302754304,105,1796.0,11.6,28501495808,72499761152,100,15464247296,1241128960,68.0,52.077,69.5,
60450977375869,90.350049278,203.3,18428661760,55302754304,105,1837.0,10.9,28501495808,72499761152,100,15464247296,1241128960,69.0,53.003,69.5,
60451032348904,90.405022313,218.6,18428661760,55302754304,105,1829.0,13.2,28501495808,72499761152,100,15464247296,1241128960,68.0,52.081,69.5,
60451087456521,90.46012993,199.6,18428661760,55302754304,105,1798.0,11.0,28504076288,72497180672,100,15464247296,1241128960,69.0,53.004,69.5,
60451142454273,90.515127682,199.7,18428661760,55302754304,105,1808.0,13.3,28504305664,72496951296,100,15464247296,1241128960,68.0,52.092,69.5,
60451197465559,90.570138968,218.2,18428661760,55302754304,105,1787.0,9.8,28504535040,72496721920,100,15464247296,1241128960,68.0,53.008,69.5,
60451252368623,90.625042032,200.6,18428661760,55302754304,105,1808.0,12.6,28504764416,72496492544,100,15464247296,1241128960,68.0,52.093,69.5,
60451309434933,90.682108342,210.3,18428665856,55302754304,105,1861.0,10.5,28504993792,72496263168,100,15464247296,1241128960,69.0,53.01,69.5,
60451364386047,90.737059456,218.0,18428665856,55302754304,105,1806.0,12.9,28504993792,72496263168,100,15464247296,1241128960,68.0,52.098,69.5,
60451418495162,90.791168571,203.3,18428665856,55302754304,105,1834.0,10.3,28504993792,72496263168,100,15464247296,1241128960,69.0,53.006,69.5,
60451473379551,90.84605296,200.6,18428665856,55302754304,105,1879.0,14.6,28509372416,72491884544,100,15464247296,1241128960,68.0,53.01,69.5,
60451527537086,90.900210495,221.6,18428665856,55302754304,105,1809.0,17.0,28517781504,72483475456,100,15464247296,1241128960,69.0,53.005,69.375,
60451581405319,90.954078728,204.1,18428665856,55302754304,105,1809.0,11.6,28518268928,72482988032,100,15464247296,1241128960,69.0,53.003,69.375,
60451637331912,91.010005321,196.8,18428669952,55302754304,105,1841.0,9.6,28518268928,72482988032,100,15464247296,1241128960,69.0,52.092,69.375,
60451691555181,91.06422859,221.3,18428674048,55302754304,105,1822.0,9.2,28515680256,72485576704,100,15464247296,1241128960,69.0,53.0,69.375,
60451745510247,91.118183656,203.7,18428674048,55302754304,105,1847.0,10.5,28515680256,72485576704,100,15464247296,1241128960,68.0,52.082,69.375,
60451799425669,91.172099078,204.3,18428678144,55302754304,105,1874.0,8.7,28515680256,72485576704,100,15464247296,1241128960,68.0,53.0,69.375,
60451853460975,91.226134384,221.8,18428682240,55302754304,105,1843.0,10.9,28515680256,72485576704,100,15464247296,1241128960,69.0,52.08,69.375,
60451908440883,91.281114292,200.2,18428682240,55302754304,105,1790.0,9.1,28515680256,72485576704,100,15464247296,1241128960,69.0,53.003,69.375,
60451963282501,91.33595591,200.7,18428686336,55302754304,105,1811.0,11.7,28515680256,72485576704,100,15464247296,1241128960,69.0,52.081,69.375,
60452019667524,91.392340933,833.1,18428698624,55302754304,105,1847.0,30.0,28515479552,72485777408,100,15464247296,1241128960,69.0,53.006,69.375,
60452073602131,91.44627554,222.5,18428698624,55302754304,105,1817.0,10.9,28515479552,72485777408,100,15464247296,1241128960,69.0,52.086,69.375,
60452127577595,91.500251004,203.6,18428698624,55302754304,105,1830.0,9.2,28515479552,72485777408,100,15464247296,1241128960,69.0,53.002,69.375,
60452182497531,91.55517094,200.7,18428698624,55302754304,105,1817.0,12.1,28515479552,72485777408,100,15464247296,1241128960,68.0,52.086,69.375,
60452236375843,91.609049252,204.0,18428698624,55302754304,105,1869.0,8.6,28515479552,72485777408,100,15464247296,1241128960,69.0,53.002,69.375,
60452291455838,91.664129247,218.0,18428702720,55302754304,105,1846.0,11.5,28516003840,72485253120,100,15464247296,1241128960,68.0,52.09,69.375,
60452345426854,91.718100263,203.9,18428702720,55302754304,105,1831.0,8.8,28516233216,72485023744,100,15464247296,1241128960,69.0,53.001,69.5,
60452399356362,91.772029771,204.0,18428702720,55302754304,105,1823.0,11.7,28516233216,72485023744,100,15460052992,1241128960,69.0,52.099,69.5,
60452453371441,91.82604485,203.6,18428702720,55302754304,105,1872.0,10.4,28516450304,72484806656,100,15460052992,1241128960,69.0,53.0,69.5,
60452507512405,91.880185814,221.5,18428702720,55302754304,105,1817.0,13.9,28505907200,72495349760,100,15460052992,1241128960,69.0,53.006,69.5,
60452561431754,91.934105163,204.1,18428702720,55302754304,105,1832.0,11.7,28505473024,72495783936,100,15460052992,1241128960,69.0,52.09,69.375,
60452615451060,91.988124469,203.5,18428706816,55302754304,105,1850.0,9.4,28505473024,72495783936,100,15460052992,1241128960,69.0,52.096,69.375,
60452669393883,92.042067292,203.9,18428706816,55302754304,105,1848.0,10.5,28505473024,72495783936,100,15460052992,1241128960,69.0,52.082,69.375,
60452723532533,92.096205942,202.9,18428706816,55302754304,105,1885.0,9.8,28505473024,72495783936,100,15460052992,1241128960,68.0,52.094,69.5,
60452777481527,92.150154936,222.7,18428706816,55302754304,105,1861.0,10.0,28505473024,72495783936,100,15460052992,1241128960,69.0,52.082,69.375,
60452831488591,92.204162,203.7,18428710912,55302754304,105,1835.0,9.2,28505473024,72495783936,100,15460052992,1241128960,68.0,52.099,69.5,
60452885436463,92.258109872,203.8,18428710912,55302754304,105,1848.0,11.6,28504956928,72496300032,100,15460052992,1241128960,68.0,52.074,69.375,
60452939507847,92.312181256,203.4,18428710912,55302754304,105,1872.0,9.8,28504707072,72496549888,100,15460052992,1241128960,69.0,53.001,69.5,
60452993454347,92.366127756,203.9,18428710912,55302754304,105,1843.0,10.0,28504440832,72496816128,100,15460052992,1241128960,68.0,52.078,69.5,
60453047598146,92.420271555,221.6,18428710912,55302754304,105,1835.0,9.3,28504698880,72496558080,100,15460052992,1241128960,68.0,52.099,69.5,
60453101372964,92.474046373,204.7,18428710912,55302754304,105,1813.0,11.8,28505989120,72495267840,100,15460052992,1241128960,69.0,52.083,69.5,
60453155568341,92.52824175,202.7,18428710912,55302754304,105,1876.0,9.7,28505989120,72495267840,100,15460052992,1241128960,69.0,52.099,69.5,
60453210515888,92.583189297,200.4,18428715008,55302754304,105,1801.0,12.1,28506243072,72495013888,100,15460052992,1241128960,68.0,52.086,69.375,
60453264582222,92.637255631,222.0,18428715008,55302754304,105,1892.0,8.7,28506701824,72494555136,100,15460052992,1241128960,69.0,53.0,69.375,
60453320728667,92.693402076,195.9,18428715008,55302754304,105,1855.0,11.1,28506701824,72494555136,100,15460052992,1241128960,68.0,52.089,69.375,
60453374569589,92.747242998,204.4,18428719104,55302754304,105,1862.0,11.1,28508250112,72493006848,100,15464247296,1241128960,69.0,52.098,69.375,
60453428455685,92.801129094,222.7,18428719104,55302754304,105,1829.0,12.3,28508508160,72492748800,100,15464247296,1241128960,68.0,52.097,69.375,
60453483585484,92.856258893,199.5,18428719104,55302754304,105,1878.0,12.5,28508753920,72492503040,100,15464247296,1241128960,69.0,52.097,69.375,
60453537527665,92.910201074,203.9,18428719104,55302754304,105,1805.0,12.8,28508753920,72492503040,100,15464247296,1241128960,69.0,53.004,69.375,
60453591505063,92.964178472,203.7,18428719104,55302754304,105,1817.0,11.6,28508753920,72492503040,100,15464247296,1241128960,69.0,52.089,69.375,
60453645575154,93.018248563,203.5,18428719104,55302754304,105,1783.0,11.0,28509270016,72491986944,100,15464247296,1241128960,69.0,52.094,69.375,
60453699541812,93.072215221,222.3,18428719104,55302754304,105,1787.0,13.3,28509270016,72491986944,100,15464247296,1241128960,68.0,52.079,69.375,
60453753533426,93.126206835,203.8,18428723200,55302754304,105,1849.0,9.4,28509270016,72491986944,100,15464247296,1241128960,69.0,52.094,69.375,
60453807605221,93.18027863,203.3,18428723200,55302754304,105,1831.0,13.4,28509794304,72491462656,100,15464247296,1241128960,69.0,52.075,69.375,
60453861515112,93.234188521,204.2,18428723200,55302754304,105,1847.0,10.5,28509794304,72491462656,100,15464247296,1241128960,69.0,52.098,69.375,
60453915517165,93.288190574,203.7,18428727296,55302754304,105,1832.0,13.3,28509802496,72491454464,100,15464247296,1241128960,69.0,52.077,69.375,
60453969563723,93.342237132,222.0,18428727296,55302754304,105,1842.0,10.5,28510060544,72491196416,100,15464247296,1241128960,68.0,52.099,69.375,
60454023397431,93.39607084,204.4,18428727296,55302754304,105,1775.0,12.1,28509282304,72491974656,100,15464247296,1241128960,69.0,52.08,69.375,
60454077588349,93.450261758,202.5,18428727296,55302754304,105,1828.0,10.9,28509769728,72491487232,100,15464247296,1241128960,69.0,52.097,69.375,
60454131633694,93.504307103,222.5,18428727296,55302754304,105,1846.0,11.8,28509999104,72491257856,100,15464247296,1241128960,68.0,52.088,69.375,
60454185540178,93.558213587,204.2,18428727296,55302754304,105,1896.0,9.4,28509773824,72491483136,100,15464247296,1241128960,69.0,53.003,69.375,
60454239506375,93.612179784,203.6,18428727296,55302754304,105,1805.0,14.1,28509773824,72491483136,100,15464247296,1241128960,68.0,52.094,69.375,
60454294623440,93.667296849,199.7,18428727296,55302754304,105,1820.0,11.4,28509741056,72491515904,100,15464247296,1241128960,70.0,52.099,69.375,
60454349640386,93.722313795,218.1,18428731392,55302754304,105,1797.0,12.1,28509741056,72491515904,100,15464247296,1241128960,68.0,53.001,69.375,
60454404558648,93.777232057,200.3,18428731392,55302754304,105,1788.0,14.0,28509478912,72491778048,100,15464247296,1241128960,69.0,52.096,69.375,
60454458570781,93.83124419,203.5,18428735488,55302754304,105,1807.0,11.6,28509687808,72491569152,100,15464247296,1241128960,69.0,53.001,69.375,
60454512556534,93.885229943,203.9,18428735488,55302754304,105,1816.0,15.1,28509917184,72491339776,100,15464247296,1241128960,69.0,52.091,69.375,
60454566570871,93.93924428,222.1,18428735488,55302754304,105,1832.0,12.7,28509917184,72491339776,100,15464247296,1241128960,68.0,53.0,69.375,
60454620712506,93.993385915,203.0,18428735488,55302754304,105,1859.0,12.3,28510146560,72491110400,100,15464247296,1241128960,68.0,52.078,69.375,
60454674492323,94.047165732,204.9,18428735488,55302754304,105,1832.0,9.9,28510375936,72490881024,100,15464247296,1241128960,69.0,52.096,69.375,
60454728644058,94.101317467,203.0,18428735488,55302754304,105,1821.0,12.7,28510859264,72490397696,100,15464247296,1241128960,68.0,52.074,69.375,
60454782530084,94.155203493,222.8,18428735488,55302754304,105,1820.0,9.9,28510601216,72490655744,100,15464247296,1241128960,69.0,52.099,69.375,
60454836446497,94.209119906,203.9,18428735488,55302754304,105,1823.0,11.6,28510830592,72490426368,100,15464247296,1241128960,69.0,52.078,69.375,
60454890638206,94.263311615,203.0,18428739584,55302754304,105,1849.0,11.0,28510707712,72490549248,100,15464247296,1241128960,68.0,52.099,69.375,
60454944613580,94.317286989,203.9,18428739584,55302754304,105,1818.0,12.3,28509548544,72491708416,100,15464247296,1241128960,69.0,52.081,69.375,
60454998650298,94.371323707,203.6,18428743680,55302754304,105,1833.0,10.3,28509548544,72491708416,100,15464247296,1241128960,69.0,52.099,69.375,
60455053622131,94.42629554,218.2,18428743680,55302754304,105,1825.0,12.2,28510031872,72491225088,100,15464247296,1241128960,68.0,52.087,69.375,
60455107638992,94.480312401,203.7,18428743680,55302754304,105,1834.0,11.6,28513902592,72487354368,100,15464247296,1241128960,69.0,53.0,69.375,
60455164456655,94.537130064,211.2,18428743680,55302754304,105,1779.0,13.3,28513902592,72487354368,100,15464247296,1241128960,68.0,53.0,69.375,
60455218554890,94.591228299,203.4,18428743680,55302754304,105,1836.0,9.4,28514131968,72487124992,100,15464247296,1241128960,69.0,53.006,69.375,
60455272602318,94.645275727,203.4,18428743680,55302754304,105,1817.0,11.6,28514361344,72486895616,100,15464247296,1241128960,69.0,53.007,69.375,
60455326647443,94.699320852,203.5,18428743680,55302754304,105,1836.0,11.6,28511903744,72489353216,100,15464247296,1241128960,69.0,53.0,69.375,
60455380606125,94.753279534,203.8,18428743680,55302754304,105,1844.0,12.1,28511903744,72489353216,100,15464247296,1241128960,69.0,53.005,69.375,
60455437667606,94.810341015,227.9,18428743680,55302754304,105,1847.0,11.0,28508696576,72492560384,100,15464247296,1241128960,70.0,52.096,69.375,
60455491793131,94.86446654,203.1,18428747776,55302754304,105,1816.0,11.4,28508131328,72493125632,100,15464247296,1241128960,69.0,53.007,69.375,
60455546606837,94.919280246,200.8,18428751872,55302754304,105,1814.0,13.5,28507844608,72493412352,100,15464247296,1241128960,69.0,52.093,69.375,
60455600629930,94.973303339,203.6,18428755968,55302754304,105,1842.0,11.3,28507844608,72493412352,100,15464247296,1241128960,68.0,52.089,69.375,
60455656044983,95.028718392,577.7,18428772352,55302754304,105,1913.0,31.6,28507844608,72493412352,100,15464247296,1241128960,69.0,52.085,69.375,
60455715751683,95.088425092,586.1,18428772352,55302754304,105,1831.0,11.0,28507844608,72493412352,100,15464247296,1241128960,69.0,53.003,69.375,
60455769474173,95.142147582,204.8,18428772352,55302754304,105,1853.0,11.7,28507844608,72493412352,100,15464247296,1241128960,69.0,52.08,69.375,
60455823653358,95.196326767,203.0,18428772352,55302754304,105,1843.0,9.3,28507844608,72493412352,100,15464247296,1241128960,69.0,53.005,69.375,
60455877489130,95.250162539,222.8,18428772352,55302754304,105,1860.0,9.9,28507844608,72493412352,100,15464247296,1241128960,69.0,52.081,69.375,
60455931585230,95.304258639,184.9,18428772352,55302754304,105,1841.0,9.7,28507844608,72493412352,100,15464247296,1241128960,70.0,53.003,69.5,
60455985571384,95.358244793,222.3,18428772352,55302754304,105,1785.0,11.6,28507844608,72493412352,100,15464247296,1241128960,68.0,52.083,69.5,
60456039640463,95.412313872,221.6,18428772352,55302754304,105,1866.0,8.7,28507844608,72493412352,100,15464247296,1241128960,69.0,53.001,69.5,
60456094753961,95.46742737,199.9,18428776448,55302754304,105,1826.0,10.3,28507844608,72493412352,100,15464247296,1241128960,69.0,52.088,69.5,
60456148614188,95.521287597,204.2,18428776448,55302754304,105,1855.0,8.8,28507844608,72493412352,100,15464247296,1241128960,69.0,53.003,69.5,
60456203744387,95.576417796,199.5,18428776448,55302754304,105,1824.0,10.8,28507844608,72493412352,100,15464247296,1241128960,68.0,52.094,69.5,
60456257634802,95.630308211,222.7,18428780544,55302754304,105,1824.0,9.8,28507582464,72493674496,100,15464247296,1241128960,70.0,52.096,69.5,
60456311632948,95.684306357,203.7,18428780544,55302754304,105,1816.0,10.5,28507320320,72493936640,100,15464247296,1241128960,69.0,53.002,69.5,
60456365600326,95.738273735,203.8,18428780544,55302754304,105,1847.0,10.4,28507320320,72493936640,100,15464247296,1241128960,69.0,52.094,69.5,
60456421666911,95.79434032,196.2,18428780544,55302754304,105,1856.0,10.2,28504739840,72496517120,100,15464247296,1241128960,69.0,52.099,69.5,
60456475660479,95.848333888,222.3,18428780544,55302754304,105,1832.0,12.2,28504739840,72496517120,100,15464247296,1241128960,69.0,52.091,69.5,
60456529760095,95.902433504,203.3,18428780544,55302754304,105,1812.0,12.7,28504985600,72496271360,100,15464247296,1241128960,69.0,53.0,69.5,
60456583594985,95.956268394,204.4,18428780544,55302754304,105,1835.0,13.5,28504985600,72496271360,100,15464247296,1241128960,69.0,52.077,69.5,
60456637602619,96.010276028,203.7,18428784640,55302754304,105,1836.0,9.2,28504985600,72496271360,100,15464247296,1241128960,68.0,52.096,69.5,
60456691666489,96.064339898,203.4,18428784640,55302754304,105,1811.0,11.1,28504985600,72496271360,100,15464247296,1241128960,69.0,52.074,69.5,
60456745745516,96.118418925,203.3,18428784640,55302754304,105,1831.0,9.9,28504985600,72496271360,100,15464247296,1241128960,69.0,53.0,69.5,
60456801577632,96.174251041,232.9,18428784640,55302754304,105,1851.0,11.2,28504985600,72496271360,100,15464247296,1241128960,68.0,52.077,69.5,
60456855611354,96.228284763,203.5,18428788736,55302754304,105,1825.0,10.3,28504985600,72496271360,100,15464247296,1241128960,69.0,52.099,69.5,
60456909836426,96.282509835,202.8,18428788736,55302754304,105,1838.0,10.4,28504944640,72496312320,100,15464247296,1241128960,69.0,52.081,69.5,
60456963741688,96.336415097,204.2,18428788736,55302754304,105,1872.0,9.8,28504944640,72496312320,100,15464247296,1241128960,69.0,53.0,69.625,
60457018767601,96.39144101,217.9,18428788736,55302754304,105,1803.0,11.6,28504682496,72496574464,100,15464247296,1241128960,68.0,52.087,69.5,
60457072775275,96.445448684,203.7,18428788736,55302754304,105,1849.0,10.5,28508295168,72492961792,100,15464247296,1241128960,70.0,52.098,69.625,
60457126637617,96.499311026,204.2,18428788736,55302754304,105,1851.0,11.6,28508295168,72492961792,100,15464247296,1241128960,69.0,52.096,69.625,
60457182859833,96.555533242,213.5,18428792832,55302754304,105,1847.0,10.2,28508295168,72492961792,100,15464247296,1241128960,69.0,53.004,69.625,
60457236695976,96.609369385,204.2,18428792832,55302754304,105,1833.0,11.5,28508811264,72492445696,100,15464247296,1241128960,69.0,53.009,69.625,
60457290735810,96.663409219,203.7,18428792832,55302754304,105,1858.0,11.1,28508811264,72492445696,100,15464247296,1241128960,70.0,52.099,69.625,
60457347952181,96.72062559,227.2,18428792832,55302754304,105,1845.0,9.4,28508811264,72492445696,100,15464247296,1241128960,69.0,53.006,69.625,
60457408138922,96.780812331,199.4,18428792832,55302754304,105,1829.0,14.1,28511100928,72490156032,100,15462150144,1241128960,69.0,53.0,69.625,
60457461682335,96.834355744,205.4,18428796928,55302754304,105,1845.0,10.5,28511100928,72490156032,100,15462150144,1241128960,69.0,53.005,69.625,
60457515685200,96.888358609,222.2,18428796928,55302754304,105,1830.0,14.0,28511354880,72489902080,100,15462150144,1241128960,69.0,52.092,69.625,
60457569763857,96.942437266,203.3,18428796928,55302754304,105,1839.0,12.1,28511354880,72489902080,100,15462150144,1241128960,68.0,52.097,69.625,
60457623674609,96.996348018,204.1,18428801024,55302754304,105,1835.0,13.4,28511354880,72489902080,100,15462150144,1241128960,69.0,52.083,69.5,
60457677766130,97.050439539,203.4,18428801024,55302754304,105,1794.0,10.5,28511354880,72489902080,100,15462150144,1241128960,69.0,53.003,69.625,
60457731674958,97.104348367,204.1,18428805120,55302754304,105,1809.0,12.9,28511354880,72489902080,100,15462150144,1241128960,68.0,52.081,69.5,
60457785654089,97.158327498,203.8,18428805120,55302754304,105,1818.0,11.0,28511354880,72489902080,100,15462150144,1241128960,69.0,53.004,69.5,
60457839688443,97.212361852,203.6,18428805120,55302754304,105,1790.0,13.8,28511354880,72489902080,100,15462150144,1241128960,68.0,52.082,69.5,
60457893783581,97.26645699,221.4,18428805120,55302754304,105,1820.0,11.0,28510695424,72490561536,100,15462150144,1241128960,69.0,52.098,69.5,
60457947686207,97.320359616,204.5,18428805120,55302754304,105,1792.0,12.9,28511313920,72489943040,100,15462150144,1241128960,68.0,52.086,69.5,
60458001797816,97.374471225,203.3,18428809216,55302754304,105,1830.0,10.4,28511313920,72489943040,100,15462150144,1241128960,69.0,53.0,69.5,
60458055679774,97.428353183,222.7,18428809216,55302754304,105,1830.0,12.4,28511051776,72490205184,100,15462150144,1241128960,68.0,52.095,69.5,
60458109847859,97.482521268,203.1,18428809216,55302754304,105,1880.0,9.9,28511309824,72489947136,100,15462150144,1241128960,70.0,52.098,69.5,
60458163805489,97.536478898,203.7,18428809216,55302754304,105,1820.0,12.6,28511309824,72489947136,100,15462150144,1241128960,70.0,53.009,69.5,
60458218977787,97.591651196,199.3,18428809216,55302754304,105,1820.0,12.5,28511047680,72490209280,100,15462150144,1241128960,70.0,53.003,69.5,
60458273688890,97.646362299,219.5,18428813312,55302754304,105,1838.0,9.9,28511047680,72490209280,100,15462150144,1241128960,69.0,53.007,69.5,
60458327746607,97.700420016,203.3,18428813312,55302754304,105,1966.0,12.1,28510711808,72490545152,100,15462150144,1241128960,69.0,52.094,69.5,
60458382680718,97.755354127,199.5,18428813312,55302754304,105,1938.0,10.3,28510711808,72490545152,100,15462150144,1241128960,69.0,53.003,69.5,
60458436758323,97.809431732,204.2,18428813312,55302754304,105,1848.0,12.2,28510711808,72490545152,100,15462150144,1241128960,69.0,52.084,69.5,
60458490674966,97.863348375,222.9,18428813312,55302754304,105,1866.0,10.1,28511469568,72489787392,100,15462150144,1241128960,69.0,53.007,69.625,
60458544877646,97.917551055,202.8,18428813312,55302754304,105,1856.0,13.8,28511698944,72489558016,100,15462150144,1241128960,69.0,52.078,69.5,
60458598745638,97.971419047,204.3,18428817408,55302754304,105,1839.0,9.4,28511698944,72489558016,100,15462150144,1241128960,69.0,53.004,69.625,
60458652834093,98.025507502,203.4,18428817408,55302754304,105,1864.0,11.0,28511698944,72489558016,100,15462150144,1241128960,69.0,52.084,69.625,
60458706784800,98.079458209,222.4,18428817408,55302754304,105,1828.0,9.3,28512731136,72488525824,100,15462150144,1241128960,69.0,53.001,69.625,
60458760736589,98.133409998,203.9,18428817408,55302754304,105,1825.0,12.7,28512731136,72488525824,100,15462150144,1241128960,69.0,52.088,69.625,
60458814709427,98.187382836,203.9,18428821504,55302754304,105,1848.0,9.4,28512731136,72488525824,100,15462150144,1241128960,69.0,53.003,69.625,
60458869696558,98.242369967,200.0,18428821504,55302754304,105,1862.0,12.6,28512731136,72488525824,100,15462150144,1241128960,69.0,52.096,69.625,
60458923760226,98.296433635,221.9,18428821504,55302754304,105,1875.0,11.0,28511809536,72489447424,100,15462150144,1241128960,69.0,52.098,69.625,
60458977850335,98.350523744,203.3,18428821504,55302754304,105,1855.0,11.6,28509335552,72491921408,100,15462150144,1241128960,69.0,53.003,69.625,
60459031693710,98.404367119,204.3,18428821504,55302754304,105,1876.0,12.9,28509790208,72491466752,100,15462150144,1241128960,69.0,52.094,69.625,
60459085742281,98.45841569,203.5,18428825600,55302754304,105,1818.0,11.6,28511555584,72489701376,100,15462150144,1241128960,69.0,52.098,69.625,
60459139767547,98.512440956,203.6,18428833792,55302754304,105,1813.0,12.8,28511555584,72489701376,100,15464247296,1241128960,69.0,52.083,69.625,
60459193969646,98.566643055,221.3,18428833792,55302754304,105,1829.0,10.8,28511813632,72489443328,100,15464247296,1241128960,68.0,52.094,69.625,
60459250787769,98.623461178,211.3,18428833792,55302754304,105,1792.0,13.9,28511813632,72489443328,100,15464247296,1241128960,68.0,52.079,69.5,
60459304791967,98.677465376,203.7,18428833792,55302754304,105,1844.0,9.4,28511813632,72489443328,100,15464247296,1241128960,69.0,52.098,69.625,
60459358747823,98.731421232,222.5,18428850176,55302754304,105,1793.0,14.3,28512071680,72489185280,100,15464247296,1241128960,69.0,52.079,69.5,
60459413687855,98.786361264,1019.2,18428866560,55302754304,105,1862.0,34.3,28512071680,72489185280,100,15464247296,1241128960,68.0,53.0,69.625,
60459467656326,98.840329735,203.8,18428866560,55302754304,105,1857.0,11.6,28512575488,72488681472,100,15464247296,1241128960,69.0,52.082,69.5,
60459521833647,98.894507056,202.8,18428866560,55302754304,105,1840.0,12.1,28512575488,72488681472,100,15464247296,1241128960,68.0,53.0,69.5,
60459575784945,98.948458354,222.7,18428866560,55302754304,105,1845.0,14.0,28512575488,72488681472,100,15464247296,1241128960,68.0,52.088,69.5,
60459629751512,99.002424921,185.4,18428866560,55302754304,105,1886.0,9.3,28512575488,72488681472,100,15464247296,1241128960,69.0,52.097,69.5,
60459689161956,99.061835365,218.8,18428866560,55302754304,105,1828.0,10.6,28512575488,72488681472,100,15464247296,1241128960,69.0,52.084,69.5,
60459742785069,99.115458478,205.2,18428866560,55302754304,105,1877.0,10.4,28512059392,72489197568,100,15464247296,1241128960,70.0,52.097,69.5,
60459797874090,99.170547499,199.6,18428866560,55302754304,105,1770.0,11.0,28512288768,72488968192,100,15464247296,1241128960,68.0,52.091,69.5,
60459851789421,99.22446283,222.7,18428870656,55302754304,105,1815.0,9.4,28512288768,72488968192,100,15464247296,1241128960,70.0,52.092,69.5,
60459905698900,99.278372309,204.0,18428870656,55302754304,105,1847.0,9.3,28512071680,72489185280,100,15464247296,1241128960,69.0,52.099,69.5,
60459959726000,99.332399409,203.6,18428874752,55302754304,105,1843.0,12.1,28512071680,72489185280,100,15464247296,1241128960,70.0,52.09,69.5,
60460013792905,99.386466314,203.4,18428874752,55302754304,105,1833.0,9.8,28512301056,72488955904,100,15464247296,1241128960,68.0,52.096,69.625,
60460067818803,99.440492212,222.1,18428874752,55302754304,105,1847.0,10.5,28511907840,72489349120,100,15464247296,1241128960,69.0,52.085,69.5,
60460121779568,99.494452977,203.9,18428874752,55302754304,105,1849.0,8.2,28511907840,72489349120,100,15464247296,1241128960,69.0,52.096,69.625,
60460175702994,99.548376403,204.1,18428874752,55302754304,105,1861.0,11.6,28511907840,72489349120,100,15464247296,1241128960,69.0,52.082,69.5,
60460230821481,99.60349489,199.5,18428874752,55302754304,105,1842.0,10.2,28511907840,72489349120,100,15464247296,1241128960,69.0,52.095,69.625,
60460284869149,99.657542558,221.9,18428874752,55302754304,105,1817.0,10.5,28512137216,72489119744,100,15464247296,1241128960,69.0,52.078,69.5,
60460338809697,99.711483106,204.2,18428878848,55302754304,105,1862.0,8.2,28512137216,72489119744,100,15464247296,1241128960,69.0,52.098,69.625,
60460394911407,99.767584816,195.8,18428878848,55302754304,105,1824.0,12.8,28510588928,72490668032,100,15462150144,1241128960,69.0,52.075,69.625,
60460448903411,99.82157682,222.3,18428878848,55302754304,105,1826.0,10.3,28510277632,72490979328,100,15462150144,1241128960,69.0,53.0,69.625,
60460502760573,99.875433982,204.1,18428878848,55302754304,105,1834.0,13.3,28510265344,72490991616,100,15462150144,1241128960,69.0,52.082,69.625,
60460558064106,99.930737515,199.0,18428882944,55302754304,105,1843.0,11.5,28510265344,72490991616,100,15462150144,1241128960,69.0,52.098,69.625,
60460611767329,99.984440738,204.9,18428882944,55302754304,105,1818.0,10.5,28510519296,72490737664,100,15462150144,1241128960,68.0,52.079,69.625,
60460665913913,100.038587322,202.0,18428882944,55302754304,105,1827.0,9.1,28510519296,72490737664,100,15462150144,1241128960,69.0,52.095,69.625,
60460720903558,100.093576967,219.4,18428882944,55302754304,105,1845.0,12.0,28510486528,72490770432,100,15462150144,1241128960,68.0,52.084,69.625,
60460775834843,100.148508252,218.6,18428882944,55302754304,105,1860.0,9.3,28510486528,72490770432,100,15462150144,1241128960,70.0,52.098,69.625,
60460831968974,100.204642383,195.9,18428882944,55302754304,105,1835.0,11.8,28510715904,72490541056,100,15462150144,1241128960,68.0,52.089,69.625,
60460885826476,100.258499885,204.3,18428887040,55302754304,105,1875.0,10.3,28509794304,72491462656,100,15462150144,1241128960,70.0,52.094,69.625,
60460940905578,100.313578987,217.6,18428887040,55302754304,105,1842.0,10.9,28509319168,72491937792,100,15462150144,1241128960,68.0,52.093,69.625,
60460994850885,100.367524294,204.1,18428887040,55302754304,105,1829.0,9.4,28509777920,72491479040,100,15462150144,1241128960,70.0,52.094,69.625,
60461048842989,100.421516398,203.7,18428887040,55302754304,105,1867.0,11.6,28509773824,72491483136,100,15462150144,1241128960,69.0,52.099,69.625,
60461102897380,100.475570789,221.9,18428891136,55302754304,105,1861.0,20.3,28512354304,72488902656,100,15462150144,1241128960,69.0,52.095,69.625,
60461157879110,100.530552519,200.0,18428891136,55302754304,105,1819.0,26.9,28512346112,72488910848,100,15462150144,1241128960,68.0,53.0,69.625,
60461212964445,100.585637854,217.9,18428891136,55302754304,105,1873.0,17.6,28476833792,72524423168,100,15462150144,1241128960,68.0,52.085,69.5,
60461268067843,100.640741252,199.7,18428891136,55302754304,105,1912.0,7.6,28476788736,72524468224,100,15462150144,1241128960,69.0,52.098,69.625,
60461321928420,100.694601829,204.6,18428891136,55302754304,105,1925.0,10.1,28476788736,72524468224,100,15462150144,1241128960,69.0,52.077,69.5,
60461374671613,100.747345022,189.6,18428891136,55302754304,105,1840.0,10.1,28480659456,72520597504,100,15466344448,1245339648,69.0,53.003,69.625,
60461426691288,100.799364697,211.4,18428895232,55302754304,105,1835.0,11.2,28480880640,72520376320,100,15466344448,1241128960,69.0,52.083,69.5,
60461480942258,100.853615667,220.6,18428895232,55302754304,105,1847.0,11.5,28480868352,72520388608,100,15466344448,1241128960,69.0,53.005,69.5,
60461534845666,100.907519075,204.3,18428899328,55302754304,105,1909.0,14.7,28480823296,72520433664,100,15466344448,1241128960,69.0,52.086,69.5,
60461588864891,100.9615383,203.6,18428899328,55302754304,105,1912.0,11.0,28480794624,72520462336,100,15466344448,1241128960,69.0,53.001,69.5,
60461642955780,101.015629189,203.3,18428899328,55302754304,105,1914.0,12.1,28480794624,72520462336,100,15466344448,1241128960,68.0,52.091,69.5,
60461697017455,101.069690864,203.5,18428903424,55302754304,105,1882.0,10.9,28481282048,72519974912,100,15466344448,1241128960,69.0,52.097,69.5,
60461750826656,101.123500065,223.0,18428903424,55302754304,105,1850.0,12.9,28481282048,72519974912,100,15466344448,1241128960,69.0,53.0,69.5,
60461804948875,101.177622284,203.2,18428903424,55302754304,105,1867.0,11.0,28481282048,72519974912,100,15466344448,1241128960,69.0,52.096,69.5,
60461860853926,101.233527335,196.7,18428903424,55302754304,105,1870.0,11.2,28481171456,72520085504,100,15466344448,1241128960,69.0,53.001,69.5,
60461914948772,101.287622181,203.4,18428903424,55302754304,105,1842.0,10.9,28481490944,72519766016,100,15466344448,1241128960,69.0,52.091,69.5,
60461969973533,101.342646942,218.1,18428903424,55302754304,105,1807.0,10.9,28481490944,72519766016,100,15466344448,1241128960,69.0,52.099,69.5,
60462025975616,101.398649025,214.2,18428907520,55302754304,105,1873.0,12.3,28479983616,72521273344,100,15466344448,1241128960,69.0,52.086,69.5,
60462080054223,101.452727632,185.0,18428907520,55302754304,105,1830.0,9.4,28480241664,72521015296,100,15466344448,1241128960,68.0,52.094,69.5,
60462133997966,101.506671375,222.5,18428907520,55302754304,105,1832.0,13.3,28480241664,72521015296,100,15466344448,1241128960,70.0,52.076,69.5,
60462187950997,101.560624406,204.0,18428907520,55302754304,105,1880.0,10.5,28480241664,72521015296,100,15466344448,1241128960,69.0,53.001,69.5,
60462243960544,101.616633953,214.2,18428911616,55302754304,105,1826.0,12.4,28480241664,72521015296,100,15466344448,1241128960,69.0,52.084,69.5,
60462297854515,101.670527924,204.2,18428911616,55302754304,105,1868.0,9.9,28480241664,72521015296,100,15466344448,1241128960,68.0,53.005,69.5,
60462351886233,101.724559642,222.0,18428911616,55302754304,105,1847.0,11.7,28480241664,72521015296,100,15466344448,1241128960,69.0,52.084,69.5,
60462405890831,101.77856424,203.7,18428911616,55302754304,105,1850.0,11.0,28480241664,72521015296,100,15466344448,1241128960,69.0,53.003,69.5,
60462462011717,101.834685126,195.9,18428911616,55302754304,105,1922.0,11.7,28479430656,72521826304,100,15466344448,1241128960,68.0,52.085,69.5,
60462516040810,101.888714219,203.6,18428915712,55302754304,105,1787.0,34.3,28479086592,72522170368,100,15466344448,1241128960,69.0,53.014,69.5,
60462570068651,101.94274206,203.4,18428915712,55302754304,105,1913.0,19.4,28479602688,72521654272,100,15466344448,1241128960,68.0,53.0,69.5,
60462624030498,101.996703907,222.7,18428915712,55302754304,105,1918.0,12.8,28480376832,72520880128,100,15466344448,1241128960,69.0,52.093,69.5,
60462677925581,102.05059899,204.0,18428915712,55302754304,105,1919.0,10.5,28480376832,72520880128,100,15466344448,1241128960,68.0,52.097,69.5,
60462732020958,102.104694367,203.4,18428915712,55302754304,105,1912.0,10.5,28480376832,72520880128,100,15466344448,1241128960,70.0,52.089,69.5,
60462785970593,102.158644002,204.0,18428915712,55302754304,105,1952.0,9.9,28480172032,72521084928,100,15466344448,1241128960,69.0,52.096,69.5,
60462839985089,102.212658498,222.1,18428919808,55302754304,105,1942.0,12.1,28480913408,72520343552,100,15466344448,1241128960,69.0,52.082,69.5,
60462893863940,102.266537349,204.4,18428919808,55302754304,105,1867.0,9.8,28480913408,72520343552,100,15466344448,1241128960,69.0,52.091,69.5,
60462951186700,102.323860109,191.7,18428919808,55302754304,105,1903.0,12.6,28481581056,72519675904,100,15466344448,1241128960,69.0,52.08,69.5,
60463004958831,102.37763224,204.6,18428919808,55302754304,105,1877.0,8.8,28481581056,72519675904,100,15466344448,1241128960,68.0,52.096,69.5,
60463061110866,102.433784275,231.6,18428919808,55302754304,105,1955.0,11.5,28484935680,72516321280,100,15466344448,1241128960,69.0,52.076,69.5,
60463116293592,102.488967001,960.0,18428919808,55302754304,105,1881.0,33.5,28485451776,72515805184,100,15466344448,1241128960,69.0,53.001,69.5,
60463170857288,102.543530697,201.6,18428919808,55302754304,105,1892.0,12.1,28485156864,72516100096,100,15466344448,1241128960,68.0,52.081,69.5,
60463224987982,102.597661391,203.1,18428919808,55302754304,105,1875.0,10.9,28485128192,72516128768,100,15466344448,1241128960,68.0,52.097,69.5,
60463280058829,102.652732238,199.9,18428919808,55302754304,105,1927.0,10.6,28485128192,72516128768,100,15466344448,1241128960,68.0,52.086,69.5,
60463333946938,102.706620347,204.1,18428919808,55302754304,105,1934.0,9.3,28485128192,72516128768,100,15466344448,1241128960,69.0,52.099,69.5,
60463390075298,102.762748707,231.4,18428919808,55302754304,105,1875.0,12.2,28485128192,72516128768,100,15466344448,1241128960,69.0,52.088,69.5,
60463444877782,102.817551191,201.0,18428919808,55302754304,105,1871.0,8.6,28485357568,72515899392,100,15466344448,1241128960,69.0,52.093,69.5,
60463498934467,102.871607876,203.4,18428919808,55302754304,105,1908.0,13.4,28485345280,72515911680,100,15466344448,1241128960,69.0,53.002,69.5,
60463552909970,102.925583379,203.9,18428919808,55302754304,105,1905.0,11.0,28485345280,72515911680,100,15466344448,1241128960,69.0,52.089,69.5,
60463606906612,102.979580021,222.0,18428919808,55302754304,105,1926.0,9.4,28485345280,72515911680,100,15466344448,1241128960,68.0,52.093,69.5,
60463660963678,103.033637087,203.5,18428919808,55302754304,105,1894.0,9.9,28485345280,72515911680,100,15466344448,1241128960,69.0,52.079,69.5,
60463714948037,103.087621446,203.8,18428919808,55302754304,105,1860.0,9.2,28485345280,72515911680,100,15466344448,1241128960,68.0,52.09,69.5,
60463768970729,103.141644138,203.5,18428919808,55302754304,105,1901.0,9.4,28485345280,72515911680,100,15466344448,1241128960,69.0,52.072,69.5,
60463822957432,103.195630841,203.9,18428919808,55302754304,105,1866.0,8.7,28485345280,72515911680,100,15466344448,1241128960,69.0,52.096,69.5,
60463876893150,103.249566559,222.3,18428923904,55302754304,105,1876.0,9.9,28484268032,72516988928,100,15466344448,1241128960,68.0,52.073,69.5,
60463930909610,103.303583019,185.2,18428923904,55302754304,105,1896.0,9.3,28484268032,72516988928,100,15466344448,1241128960,69.0,52.097,69.5,
60463984813459,103.357486868,204.2,18428923904,55302754304,105,1914.0,9.4,28484268032,72516988928,100,15466344448,1241128960,68.0,52.076,69.5,
60464038939624,103.411613033,203.1,18428923904,55302754304,105,1848.0,8.7,28484268032,72516988928,100,15466344448,1241128960,69.0,52.094,69.5,
60464092954931,103.46562834,222.3,18428923904,55302754304,105,1866.0,9.9,28484268032,72516988928,100,15466344448,1241128960,69.0,52.08,69.5,
60464146909274,103.519582683,204.0,18428923904,55302754304,105,1882.0,8.7,28484268032,72516988928,100,15466344448,1241128960,70.0,52.097,69.5,
60464202303117,103.574976526,198.6,18428923904,55302754304,105,1852.0,11.7,28484268032,72516988928,100,15466344448,1241128960,68.0,52.088,69.5,
60464257084922,103.629758331,219.0,18428923904,55302754304,105,1882.0,8.7,28484268032,72516988928,100,15466344448,1241128960,69.0,52.096,69.5,
60464310910333,103.683583742,204.3,18428923904,55302754304,105,1849.0,11.6,28484268032,72516988928,100,15466344448,1241128960,68.0,52.096,69.5,
60464364997104,103.737670513,203.2,18428923904,55302754304,105,1854.0,10.7,28484268032,72516988928,100,15466344448,1241128960,69.0,52.093,69.5,
60464420016425,103.792689834,218.3,18428928000,55302754304,105,1854.0,11.6,28483235840,72518021120,100,15462150144,1241128960,69.0,52.099,69.5,
60464473951772,103.846625181,203.8,18428928000,55302754304,105,1853.0,11.0,28483760128,72517496832,100,15462150144,1241128960,70.0,52.09,69.5,
60464528985870,103.901659279,218.1,18428928000,55302754304,105,1845.0,12.5,28483760128,72517496832,100,15462150144,1241128960,69.0,52.096,69.5,
60464584075191,103.9567486,199.7,18428928000,55302754304,105,1858.0,11.6,28484276224,72516980736,100,15462150144,1241128960,69.0,52.077,69.5,
60464638060222,104.010733631,203.8,18428928000,55302754304,105,1820.0,9.7,28484276224,72516980736,100,15462150144,1241128960,68.0,52.09,69.5,
60464693023066,104.065696475,200.1,18428928000,55302754304,105,1836.0,9.9,28484276224,72516980736,100,15462150144,1241128960,69.0,52.073,69.5,
60464746941381,104.11961479,222.5,18428928000,55302754304,105,1838.0,9.3,28484026368,72517230592,100,15462150144,1241128960,69.0,52.094,69.5,
60464805072747,104.177746156,206.5,18428928000,55302754304,105,1877.0,10.8,28484026368,72517230592,100,15462150144,1241128960,68.0,52.069,69.5,
60464858995481,104.23166889,203.9,18428932096,55302754304,105,1888.0,8.8,28483936256,72517320704,100,15462150144,1241128960,69.0,52.096,69.625,
60464912866728,104.285540137,204.2,18428932096,55302754304,105,1899.0,9.8,28483354624,72517902336,100,15462150144,1241128960,69.0,52.076,69.5,
60464966969098,104.339642507,203.3,18428932096,55302754304,105,1845.0,10.3,28483092480,72518164480,100,15462150144,1241128960,70.0,52.096,69.625,
60465023022628,104.395696037,214.2,18428932096,55302754304,105,1837.0,10.2,28482830336,72518426624,100,15462150144,1241128960,69.0,52.079,69.625,
60465077093088,104.449766497,221.9,18428932096,55302754304,105,1910.0,9.9,28484378624,72516878336,100,15462150144,1241128960,70.0,52.097,69.625,
60465131150204,104.503823613,203.4,18428932096,55302754304,105,1884.0,10.9,28484378624,72516878336,100,15462150144,1241128960,69.0,52.086,69.625,
60465185994716,104.558668125,200.8,18428932096,55302754304,105,1891.0,7.6,28484861952,72516395008,100,15462150144,1241128960,69.0,52.094,69.625,
60465239992521,104.61266593,203.5,18428932096,55302754304,105,1866.0,11.4,28484861952,72516395008,100,15462150144,1241128960,69.0,52.097,69.625,
60465294148081,104.66682149,203.2,18428932096,55302754304,105,1901.0,9.9,28484861952,72516395008,100,15462150144,1241128960,69.0,52.093,69.625,
60465347992378,104.720665787,204.2,18428932096,55302754304,105,1881.0,9.3,28484861952,72516395008,100,15462150144,1241128960,69.0,53.0,69.625,
60465403214258,104.775887667,217.5,18428936192,55302754304,105,1884.0,14.8,28487155712,72514101248,100,15466344448,1241128960,70.0,52.09,69.625,
60465456995696,104.829669105,204.5,18428936192,55302754304,105,1885.0,10.5,28486889472,72514367488,100,15466344448,1241128960,69.0,52.096,69.625,
60465511065686,104.883739095,203.2,18428940288,55302754304,105,1907.0,11.5,28486619136,72514637824,100,15466344448,1241128960,69.0,52.081,69.625,
60465566011889,104.938685298,218.6,18428940288,55302754304,105,1958.0,12.1,28487114752,72514142208,100,15466344448,1241128960,68.0,52.096,69.625,
60465620242650,104.992916059,202.7,18428940288,55302754304,105,1921.0,11.6,28487114752,72514142208,100,15466344448,1241128960,69.0,52.07,69.625,
60465675082443,105.047755852,200.8,18428940288,55302754304,105,1921.0,9.4,28487090176,72514166784,100,15466344448,1241128960,69.0,52.097,69.625,
60465729050973,105.101724382,221.9,18428940288,55302754304,105,1965.0,11.4,28487090176,72514166784,100,15466344448,1241128960,69.0,52.077,69.625,
60465784029105,105.156702514,200.2,18428940288,55302754304,105,1871.0,11.4,28487090176,72514166784,100,15466344448,1241128960,69.0,53.001,69.625,
60465839074835,105.211748244,218.1,18428940288,55302754304,105,1946.0,11.0,28487090176,72514166784,100,15466344448,1241128960,68.0,52.078,69.625,
60465893086125,105.265759534,184.7,18428940288,55302754304,105,1926.0,9.7,28487135232,72514121728,100,15466344448,1241128960,69.0,52.094,69.625,
60465948201064,105.320874473,218.1,18428940288,55302754304,105,1899.0,11.0,28486987776,72514269184,100,15466344448,1241128960,69.0,52.082,69.625,
60466002241689,105.374915098,222.2,18428944384,55302754304,105,1936.0,9.5,28486729728,72514527232,100,15466344448,1241128960,70.0,52.094,69.625,
60466056116953,105.428790362,204.1,18428948480,55302754304,105,1851.0,11.4,28484894720,72516362240,100,15466344448,1241128960,68.0,52.089,69.625,
60466111082061,105.48375547,200.2,18428948480,55302754304,105,1941.0,9.9,28485124096,72516132864,100,15466344448,1241128960,70.0,52.091,69.625,
60466165075157,105.537748566,203.7,18428948480,55302754304,105,1939.0,11.9,28484288512,72516968448,100,15466344448,1241128960,69.0,52.098,69.625,
60466220017783,105.592691192,218.5,18428948480,55302754304,105,1924.0,11.1,28484546560,72516710400,100,15466344448,1241128960,70.0,52.087,69.625,
60466274037007,105.646710416,203.6,18428948480,55302754304,105,1862.0,11.0,28484804608,72516452352,100,15466344448,1241128960,69.0,52.092,69.625,
60466328029682,105.700703091,203.8,18428948480,55302754304,105,1919.0,13.2,28484804608,72516452352,100,15466344448,1241128960,69.0,52.077,69.625,
60466382069856,105.754743265,203.4,18428948480,55302754304,105,1872.0,10.5,28484378624,72516878336,100,15466344448,1241128960,69.0,52.09,69.625,
60466436007698,105.808681107,204.0,18428948480,55302754304,105,1897.0,12.3,28484378624,72516878336,100,15466344448,1241128960,69.0,52.07,69.625,
60466490081986,105.862755395,203.5,18428948480,55302754304,105,1958.0,15.3,28482260992,72518995968,100,15466344448,1241128960,69.0,53.005,69.625,
60466544017303,105.916690712,222.5,18428948480,55302754304,105,1889.0,15.0,28479938560,72521318400,100,15466344448,1241128960,68.0,52.075,69.625,
60466598061825,105.970735234,203.3,18428956672,55302754304,105,1886.0,10.5,28479946752,72521310208,100,15466344448,1241128960,68.0,52.093,69.625,
60466652067133,106.024740542,203.8,18428956672,55302754304,105,1827.0,12.3,28479946752,72521310208,100,15466344448,1241128960,68.0,52.078,69.625,
60466706148214,106.078821623,221.9,18428956672,55302754304,105,1887.0,9.8,28479946752,72521310208,100,15466344448,1241128960,70.0,52.093,69.625,
60466763688070,106.136361479,208.5,18428956672,55302754304,105,1873.0,11.5,28479946752,72521310208,100,15466344448,1241128960,68.0,52.08,69.625,
60466821615453,106.194288862,915.4,18428964864,55302754304,105,1902.0,33.3,28479942656,72521314304,100,15466344448,1241128960,69.0,52.095,69.625,
60466875181908,106.247855317,205.2,18428964864,55302754304,105,1847.0,12.0,28479455232,72521801728,100,15466344448,1241128960,68.0,52.09,69.625,
60466931214157,106.303887566,214.3,18428964864,55302754304,105,1873.0,11.5,28479254528,72522002432,100,15466344448,1241128960,69.0,52.089,69.625,
60466986160931,106.35883434,200.0,18428964864,55302754304,105,1830.0,11.2,28479254528,72522002432,100,15466344448,1241128960,69.0,52.094,69.625,
60467041052701,106.41372611,218.8,18428964864,55302754304,105,1823.0,11.2,28478631936,72522625024,100,15466344448,1241128960,69.0,52.086,69.625,
60467095012655,106.467686064,203.9,18428964864,55302754304,105,1839.0,11.1,28484308992,72516947968,100,15466344448,1241128960,69.0,52.091,69.625,
60467148953833,106.521627242,203.8,18428964864,55302754304,105,1835.0,12.7,28484308992,72516947968,100,15466344448,1241128960,69.0,52.08,69.625,
60467203134069,106.575807478,203.1,18428964864,55302754304,105,1847.0,11.6,28483792896,72517464064,100,15466344448,1241128960,69.0,52.092,69.625,
60467258219112,106.630892521,217.8,18428964864,55302754304,105,1825.0,12.9,28483792896,72517464064,100,15466344448,1241128960,69.0,52.087,69.625,
60467312234559,106.684907968,221.9,18428964864,55302754304,105,1769.0,10.4,28483792896,72517464064,100,15466344448,1241128960,68.0,52.096,69.625,
60467366170007,106.738843416,204.2,18428968960,55302754304,105,1829.0,14.0,28483792896,72517464064,100,15466344448,1241128960,70.0,52.083,69.625,
60467420114491,106.7927879,204.0,18428968960,55302754304,105,1821.0,9.3,28483792896,72517464064,100,15466344448,1241128960,69.0,53.001,69.625,
60467473965189,106.846638598,204.2,18428968960,55302754304,105,1832.0,11.2,28484296704,72516960256,100,15466344448,1241128960,69.0,52.08,69.625,
60467528061398,106.900734807,203.4,18428968960,55302754304,105,1820.0,12.7,28484296704,72516960256,100,15466344448,1241128960,68.0,53.004,69.625,
60467582158939,106.954832348,184.8,18428973056,55302754304,105,1878.0,14.4,28484812800,72516444160,100,15466344448,1241128960,69.0,52.081,69.625,
60467636091060,107.008764469,203.9,18428973056,55302754304,105,1855.0,8.8,28484812800,72516444160,100,15466344448,1241128960,69.0,52.098,69.625,
60467692187670,107.064861079,231.7,18428973056,55302754304,105,1865.0,11.2,28484812800,72516444160,100,15466344448,1241128960,68.0,52.081,69.625,
60467746133457,107.118806866,204.1,18428973056,55302754304,105,1886.0,8.2,28484812800,72516444160,100,15466344448,1241128960,70.0,52.098,69.625,
60467800137092,107.172810501,203.6,18428973056,55302754304,105,1864.0,11.5,28484812800,72516444160,100,15466344448,1241128960,69.0,52.088,69.625,
60467854104910,107.226778319,203.9,18428973056,55302754304,105,1881.0,8.3,28484812800,72516444160,100,15466344448,1241128960,70.0,52.097,69.625,
60467908152597,107.280826006,203.5,18428973056,55302754304,105,1857.0,10.9,28484521984,72516734976,100,15466344448,1241128960,68.0,52.094,69.625,
60467962144541,107.33481795,222.4,18428977152,55302754304,105,1870.0,9.4,28484521984,72516734976,100,15466344448,1241128960,70.0,52.097,69.625,
60468019160735,107.391834144,192.8,18428977152,55302754304,105,1780.0,11.5,28484521984,72516734976,100,15466344448,1241128960,69.0,52.097,69.625,
60468073072708,107.445746117,222.6,18428977152,55302754304,105,1888.0,9.4,28484521984,72516734976,100,15466344448,1241128960,70.0,52.088,69.625,
60468127081873,107.499755282,203.7,18428981248,55302754304,105,1851.0,10.4,28484521984,72516734976,100,15466344448,1241128960,69.0,52.097,69.625,
60468181063958,107.553737367,203.8,18428981248,55302754304,105,1886.0,9.9,28484259840,72516997120,100,15466344448,1241128960,70.0,52.085,69.625,
60468235081168,107.607754577,222.2,18428981248,55302754304,105,1838.0,10.4,28484259840,72516997120,100,15466344448,1241128960,69.0,52.097,69.625,
60468289060748,107.661734157,203.8,18428981248,55302754304,105,1857.0,10.5,28484259840,72516997120,100,15466344448,1241128960,70.0,52.088,69.625,
60468343138903,107.715812312,203.4,18428981248,55302754304,105,1854.0,9.8,28484251648,72517005312,100,15466344448,1241128960,69.0,52.096,69.625,
60468397211087,107.769884496,203.7,18428981248,55302754304,105,1914.0,11.1,28483219456,72518037504,100,15462150144,1241128960,69.0,52.082,69.625,
60468451041497,107.823714906,204.3,18428981248,55302754304,105,1899.0,8.2,28483448832,72517808128,100,15462150144,1241128960,69.0,53.0,69.625,
60468504149763,107.876823172,206.7,18428981248,55302754304,105,1894.0,12.9,28481138688,72520118272,100,15462150144,1241128960,69.0,52.081,69.625,
60468558095540,107.930768949,203.9,18428985344,55302754304,105,1906.0,12.8,28481138688,72520118272,100,15462150144,1241128960,69.0,53.001,69.625,
60468612215402,107.984888811,203.4,18428985344,55302754304,105,1896.0,9.9,28481138688,72520118272,100,15462150144,1241128960,68.0,52.078,69.625,
60468666189111,108.03886252,203.9,18428989440,55302754304,105,1936.0,8.7,28481138688,72520118272,100,15462150144,1241128960,68.0,52.096,69.625,
60468720210429,108.092883838,203.5,18428989440,55302754304,105,1851.0,10.5,28481138688,72520118272,100,15462150144,1241128960,69.0,52.084,69.625,
60468774186222,108.146859631,222.5,18428989440,55302754304,105,1904.0,9.8,28480106496,72521150464,100,15462150144,1241128960,70.0,52.099,69.625,
60468828445998,108.201119407,202.6,18428989440,55302754304,105,1853.0,10.4,28479778816,72521478144,100,15462150144,1241128960,68.0,52.091,69.625,
60468882183984,108.254857393,204.7,18428989440,55302754304,105,1885.0,8.8,28479696896,72521560064,100,15462150144,1241128960,69.0,52.097,69.625,
60468936089896,108.308763305,203.9,18428989440,55302754304,105,1907.0,10.3,28479262720,72521994240,100,15462150144,1241128960,69.0,53.0,69.625,
60468990055480,108.362728889,204.1,18428989440,55302754304,105,1886.0,8.3,28478509056,72522747904,100,15462150144,1241128960,69.0,52.087,69.625,
60469044200219,108.416873628,202.9,18428989440,55302754304,105,1877.0,9.7,28478705664,72522551296,100,15462150144,1241128960,70.0,52.093,69.625,
60469099250637,108.471924046,218.1,18428993536,55302754304,105,1902.0,11.1,28481286144,72519970816,100,15462150144,1241128960,69.0,52.086,69.625,
60469153084844,108.525758253,204.3,18428993536,55302754304,105,1854.0,9.9,28481024000,72520232960,100,15462150144,1241128960,68.0,52.091,69.625,
60469207203295,108.579876704,203.3,18428997632,55302754304,105,1830.0,11.5,28481507328,72519749632,100,15462150144,1241128960,69.0,52.076,69.625,
60469261151275,108.633824684,222.5,18428997632,55302754304,105,1855.0,8.7,28481736704,72519520256,100,15462150144,1241128960,69.0,52.092,69.625,
60469315179466,108.687852875,203.6,18428997632,55302754304,105,1818.0,10.6,28481966080,72519290880,100,15462150144,1241128960,69.0,52.074,69.625,
60469369268331,108.74194174,203.4,18428997632,55302754304,105,1852.0,9.8,28483514368,72517742592,100,15466344448,1241128960,69.0,52.095,69.625,
60469423133867,108.795807276,204.2,18428997632,55302754304,105,1859.0,12.8,28484001792,72517255168,100,15466344448,1241128960,69.0,52.074,69.625,
60469477188207,108.849861616,203.6,18428997632,55302754304,105,1845.0,11.0,28484202496,72517054464,100,15466344448,1241128960,69.0,52.098,69.625,
60469531180290,108.903853699,222.3,18428997632,55302754304,105,1836.0,13.4,28484685824,72516571136,100,15466344448,1241128960,68.0,52.077,69.625,
60469585222608,108.957896017,203.2,18428997632,55302754304,105,1860.0,11.0,28484685824,72516571136,100,15466344448,1241128960,68.0,52.091,69.625,
60469639152925,109.011826334,204.3,18428997632,55302754304,105,1814.0,13.5,28484915200,72516341760,100,15466344448,1241128960,68.0,52.081,69.625,
60469693193609,109.065867018,203.6,18429001728,55302754304,105,1871.0,11.0,28485144576,72516112384,100,15466344448,1241128960,69.0,52.094,69.625,
60469747140387,109.119813796,203.9,18429005824,55302754304,105,1890.0,12.2,28485144576,72516112384,100,15466344448,1241128960,68.0,52.088,69.625,
60469801225435,109.173898844,203.4,18429005824,55302754304,105,1882.0,11.0,28484915200,72516341760,100,15466344448,1241128960,69.0,52.089,69.5,
60469855409979,109.228083388,203.0,18429005824,55302754304,105,1928.0,12.2,28484915200,72516341760,100,15466344448,1241128960,69.0,52.095,69.5,
60469909397764,109.282071173,222.3,18429005824,55302754304,105,1930.0,11.0,28484915200,72516341760,100,15466344448,1241128960,69.0,52.083,69.5,
60469963206694,109.335880103,204.5,18429005824,55302754304,105,1897.0,11.6,28484653056,72516603904,100,15466344448,1241128960,68.0,52.088,69.5,
60470017219025,109.389892434,203.6,18429005824,55302754304,105,1922.0,11.6,28484653056,72516603904,100,15466344448,1241128960,69.0,52.077,69.5,
60470071278384,109.443951793,203.5,18429005824,55302754304,105,1913.0,9.8,28484653056,72516603904,100,15466344448,1241128960,69.0,52.088,69.5,
60470125294382,109.497967791,203.6,18429005824,55302754304,105,1816.0,12.9,28484653056,72516603904,100,15466344448,1241128960,69.0,52.072,69.5,
60470179227876,109.551901285,222.6,18429005824,55302754304,105,1858.0,9.4,28484653056,72516603904,100,15466344448,1241128960,69.0,52.093,69.5,
60470233237432,109.605910841,203.6,18429009920,55302754304,105,1871.0,13.3,28484653056,72516603904,100,15466344448,1241128960,68.0,52.071,69.5,
60470287247218,109.659920627,203.7,18429014016,55302754304,105,1828.0,11.1,28484648960,72516608000,100,15466344448,1241128960,69.0,52.093,69.5,
60470341248589,109.713921998,203.7,18429014016,55302754304,105,1875.0,12.1,28484878336,72516378624,100,15466344448,1241128960,69.0,52.074,69.5,
60470396387603,109.769061012,217.3,18429014016,55302754304,105,1871.0,10.9,28484616192,72516640768,100,15466344448,1241128960,69.0,52.091,69.5,
60470453287388,109.825960797,211.3,18429022208,55302754304,105,1854.0,12.2,28484616192,72516640768,100,15466344448,1241128960,69.0,52.075,69.5,
60470510408068,109.883081477,962.8,18429034496,55302754304,105,1926.0,38.0,28484603904,72516653056,100,15466344448,1241128960,69.0,52.099,69.5,
60470564210635,109.936884044,204.4,18429034496,55302754304,105,1899.0,13.6,28484861952,72516395008,100,15466344448,1241128960,68.0,52.091,69.5,
60470618195816,109.990869225,203.8,18429034496,55302754304,105,1845.0,12.2,28484861952,72516395008,100,15466344448,1241128960,69.0,52.084,69.5,
60470672179333,110.044852742,222.2,18429034496,55302754304,105,1840.0,11.6,28484861952,72516395008,100,15466344448,1241128960,69.0,52.091,69.5,
60470729190777,110.101864186,193.1,18429034496,55302754304,105,1843.0,12.6,28484861952,72516395008,100,15466344448,1241128960,70.0,52.083,69.5,
60470783313686,110.155987095,203.1,18429034496,55302754304,105,1850.0,12.0,28484861952,72516395008,100,15466344448,1241128960,68.0,52.091,69.5,
60470839444509,110.212117918,231.7,18429038592,55302754304,105,1790.0,12.9,28485091328,72516165632,100,15466344448,1241128960,69.0,52.076,69.5,
60470893237679,110.265911088,204.4,18429038592,55302754304,105,1819.0,9.9,28485091328,72516165632,100,15466344448,1241128960,68.0,52.087,69.5,
60470947245452,110.319918861,203.8,18429038592,55302754304,105,1816.0,12.8,28485574656,72515682304,100,15466344448,1241128960,69.0,52.072,69.5,
60471001229350,110.373902759,203.9,18429038592,55302754304,105,1896.0,9.4,28485574656,72515682304,100,15466344448,1241128960,68.0,52.09,69.5,
60471057379078,110.430052487,213.6,18429042688,55302754304,105,1926.0,11.7,28487122944,72514134016,100,15466344448,1241128960,69.0,52.069,69.5,
60471111255685,110.483929094,204.2,18429042688,55302754304,105,1894.0,11.7,28490219520,72511037440,100,15466344448,1241128960,69.0,52.093,69.5,
60471165282373,110.537955782,222.1,18429042688,55302754304,105,1908.0,10.5,28490219520,72511037440,100,15466344448,1241128960,69.0,52.071,69.5,
60471219267944,110.591941353,203.6,18429042688,55302754304,105,1935.0,10.5,28490219520,72511037440,100,15466344448,1241128960,69.0,52.091,69.5,
60471273229870,110.645903279,204.1,18429042688,55302754304,105,1886.0,11.1,28490219520,72511037440,100,15466344448,1241128960,69.0,52.084,69.5,
60471327398034,110.700071443,203.1,18429042688,55302754304,105,1939.0,9.2,28490219520,72511037440,100,15466344448,1241128960,70.0,53.002,69.5,
60471381276193,110.753949602,204.0,18429042688,55302754304,105,1929.0,11.7,28490203136,72511053824,100,15466344448,1241128960,68.0,52.093,69.5,
60471435250663,110.807924072,203.9,18429046784,55302754304,105,1950.0,8.8,28489940992,72511315968,100,15466344448,1241128960,69.0,52.095,69.5,
60471489390593,110.862064002,221.5,18429046784,55302754304,105,1819.0,12.6,28489928704,72511328256,100,15466344448,1241128960,69.0,53.002,69.5,
60471543259876,110.915933285,204.4,18429046784,55302754304,105,1945.0,11.2,28489928704,72511328256,100,15466344448,1241128960,69.0,52.091,69.5,
60471597231260,110.969904669,203.8,18429046784,55302754304,105,1922.0,9.9,28490178560,72511078400,100,15466344448,1241128960,69.0,52.094,69.5,
60471651420433,111.024093842,203.1,18429050880,55302754304,105,1874.0,9.9,28488687616,72512569344,100,15466344448,1241128960,70.0,52.081,69.5,
60471705335712,111.078009121,204.0,18429050880,55302754304,105,1889.0,9.8,28488503296,72512753664,100,15466344448,1241128960,68.0,52.09,69.5,
60471759274284,111.131947693,222.4,18429050880,55302754304,105,1893.0,10.5,28487553024,72513703936,100,15466344448,1241128960,68.0,52.075,69.5,
60471813271447,111.185944856,203.8,18429050880,55302754304,105,1896.0,9.2,28487553024,72513703936,100,15466344448,1241128960,69.0,52.095,69.5,
60471867240897,111.239914306,185.3,18429050880,55302754304,105,1810.0,11.2,28488953856,72512303104,100,15466344448,1241128960,69.0,52.072,69.5,
60471921338558,111.294011967,203.4,18429054976,55302754304,105,1856.0,10.3,28489183232,72512073728,100,15466344448,1241128960,69.0,52.096,69.5,
60471975156675,111.347830084,223.0,18429054976,55302754304,105,1905.0,9.4,28489183232,72512073728,100,15466344448,1241128960,69.0,52.076,69.5,
60472028412798,111.401086207,206.3,18429054976,55302754304,105,1864.0,8.8,28489183232,72512073728,100,15466344448,1241128960,69.0,52.094,69.5,
60472082143581,111.45481699,204.9,18429054976,55302754304,105,1880.0,10.6,28489183232,72512073728,100,15466344448,1241128960,68.0,52.082,69.5,
60472136246942,111.508920351,203.3,18429054976,55302754304,105,1906.0,8.2,28489183232,72512073728,100,15466344448,1241128960,70.0,52.096,69.5,
60472192373658,111.565047067,213.7,18429059072,55302754304,105,1877.0,11.0,28489183232,72512073728,100,15466344448,1241128960,69.0,52.085,69.5,
60472246343179,111.619016588,203.8,18429059072,55302754304,105,1910.0,8.8,28489183232,72512073728,100,15466344448,1241128960,69.0,52.091,69.5,
60472300287372,111.672960781,203.8,18429059072,55302754304,105,1879.0,10.5,28489183232,72512073728,100,15466344448,1241128960,69.0,52.096,69.5,
60472354255279,111.726928688,222.5,18429059072,55302754304,105,1890.0,9.9,28489183232,72512073728,100,15466344448,1241128960,69.0,52.086,69.5,
60472408285073,111.780958482,203.5,18429059072,55302754304,105,1850.0,11.0,28489183232,72512073728,100,15460052992,1241128960,69.0,52.094,69.5,
60472464337840,111.837011249,196.4,18429063168,55302754304,105,1899.0,10.1,28489183232,72512073728,100,15460052992,1241128960,69.0,52.081,69.5,
60472518414802,111.891088211,221.7,18429063168,55302754304,105,1868.0,12.2,28487843840,72513413120,100,15460052992,1241128960,69.0,52.094,69.5,
60472572375436,111.945048845,203.9,18429063168,55302754304,105,1945.0,13.2,28488327168,72512929792,100,15460052992,1241128960,69.0,52.07,69.5,
60472626408215,111.999081624,203.6,18429063168,55302754304,105,1893.0,9.3,28488327168,72512929792,100,15460052992,1241128960,68.0,52.091,69.5,
60472680245708,112.052919117,222.8,18429063168,55302754304,105,1902.0,10.5,28488327168,72512929792,100,15460052992,1241128960,69.0,52.068,69.5,
60472734320756,112.106994165,203.6,18429063168,55302754304,105,1931.0,8.2,28488327168,72512929792,100,15460052992,1241128960,69.0,52.093,69.5,
60472788235354,112.160908763,203.9,18429067264,55302754304,105,1932.0,11.0,28488327168,72512929792,100,15460052992,1241128960,69.0,52.072,69.5,
60472842412213,112.215085622,202.8,18429067264,55302754304,105,1885.0,9.3,28488556544,72512700416,100,15460052992,1241128960,68.0,52.09,69.5,
60472896422520,112.269095929,204.0,18429067264,55302754304,105,1854.0,10.5,28488159232,72513097728,100,15460052992,1241128960,69.0,52.077,69.5,
60472950281724,112.322955133,204.4,18429067264,55302754304,105,1949.0,8.8,28488388608,72512868352,100,15460052992,1241128960,69.0,52.092,69.5,
60473008569592,112.381243001,222.8,18429071360,55302754304,105,1892.0,10.8,28488388608,72512868352,100,15460052992,1241128960,68.0,52.081,69.5,
60473062352693,112.435026102,204.6,18429075456,55302754304,105,1909.0,8.8,28488617984,72512638976,100,15460052992,1241128960,69.0,52.091,69.5,
60473116310722,112.488984131,203.8,18429075456,55302754304,105,1930.0,10.5,28490424320,72510832640,100,15460052992,1241128960,68.0,52.091,69.5,
60473170473485,112.543146894,203.1,18429075456,55302754304,105,1959.0,9.9,28490424320,72510832640,100,15460052992,1241128960,69.0,52.085,69.5,
60473224421034,112.597094443,222.4,18429075456,55302754304,105,1848.0,9.3,28490653696,72510603264,100,15460052992,1241128960,69.0,52.092,69.5,
60473278390685,112.651064094,203.8,18429075456,55302754304,105,1905.0,10.5,28490653696,72510603264,100,15460052992,1241128960,70.0,52.08,69.5,
60473332373180,112.705046589,203.7,18429079552,55302754304,105,1893.0,9.3,28490653696,72510603264,100,15460052992,1241128960,69.0,52.088,69.5,
60473386351988,112.759025397,203.9,18429079552,55302754304,105,1942.0,11.0,28492623872,72508633088,100,15464247296,1241128960,69.0,52.07,69.5,
60473440325826,112.812999235,222.3,18429079552,55302754304,105,1923.0,30.4,28492623872,72508633088,100,15464247296,1241128960,69.0,53.005,69.5,
60473494265841,112.86693925,203.9,18429079552,55302754304,105,1899.0,18.6,28492603392,72508653568,100,15464247296,1241128960,68.0,52.08,69.5,
60473548501671,112.92117508,202.5,18429083648,55302754304,105,1877.0,12.1,28492603392,72508653568,100,15464247296,1241128960,68.0,52.092,69.5,
60473603385937,112.976059346,200.7,18429083648,55302754304,105,1861.0,12.7,28480733184,72520523776,100,15464247296,1241128960,68.0,52.075,69.5,
60473657377218,113.030050627,222.3,18429083648,55302754304,105,1879.0,11.0,28480417792,72520839168,100,15464247296,1241128960,69.0,52.085,69.5,
60473712498007,113.085171416,199.5,18429083648,55302754304,105,1868.0,12.1,28480675840,72520581120,100,15464247296,1241128960,68.0,52.085,69.5,
60473767483944,113.140157353,200.1,18429083648,55302754304,105,1872.0,11.4,28480675840,72520581120,100,15464247296,1241128960,69.0,52.082,69.5,
60473821364467,113.194037876,222.5,18429083648,55302754304,105,1801.0,11.0,28480675840,72520581120,100,15464247296,1241128960,69.0,52.087,69.5,
60473875330611,113.24800402,204.0,18429083648,55302754304,105,1800.0,11.8,28480094208,72521162752,100,15464247296,1241128960,69.0,52.078,69.375,
60473929371786,113.302045195,203.5,18429087744,55302754304,105,1803.0,10.9,28479524864,72521732096,100,15464247296,1241128960,69.0,52.089,69.5,
60473985541983,113.358215392,195.9,18429087744,55302754304,105,1773.0,13.1,28479782912,72521474048,100,15464247296,1241128960,69.0,52.07,69.375,
60474039391639,113.412065048,222.9,18429087744,55302754304,105,1815.0,11.0,28479782912,72521474048,100,15464247296,1241128960,69.0,52.086,69.5,
60474093472448,113.466145857,203.4,18429091840,55302754304,105,1825.0,12.8,28478234624,72523022336,100,15464247296,1241128960,68.0,52.063,69.5,
60474147469319,113.520142728,203.7,18429091840,55302754304,105,1856.0,11.0,28477808640,72523448320,100,15464247296,1241128960,69.0,52.091,69.5,
60474201243944,113.573917353,204.7,18429095936,55302754304,105,1841.0,13.3,28477808640,72523448320,100,15464247296,1241128960,69.0,52.068,69.375,
60474258480831,113.63115424,960.4,18429108224,55302754304,105,1813.0,36.0,28477808640,72523448320,100,15464247296,1241128960,68.0,52.093,69.5,
60474312465110,113.685138519,185.3,18429108224,55302754304,105,1893.0,12.3,28477808640,72523448320,100,15464247296,1241128960,68.0,52.083,69.5,
60474366498129,113.739171538,203.2,18429108224,55302754304,105,1815.0,10.3,28477808640,72523448320,100,15464247296,1241128960,68.0,52.099,69.5,
60474421420145,113.794093554,200.6,18429108224,55302754304,105,1824.0,12.8,28477808640,72523448320,100,15464247296,1241128960,68.0,52.085,69.5,
60474475473503,113.848146912,222.0,18429108224,55302754304,105,1853.0,11.6,28477796352,72523460608,100,15464247296,1241128960,70.0,53.002,69.5,
60474529391116,113.902064525,204.0,18429112320,55302754304,105,1804.0,13.9,28477534208,72523722752,100,15464247296,1241128960,68.0,52.093,69.5,
60474583353343,113.956026752,203.8,18429112320,55302754304,105,1841.0,11.2,28477534208,72523722752,100,15464247296,1241128960,69.0,52.095,69.5,
60474637418873,114.010092282,221.9,18429112320,55302754304,105,1808.0,11.0,28477272064,72523984896,100,15464247296,1241128960,69.0,52.097,69.5,
60474691387732,114.064061141,203.8,18429112320,55302754304,105,1841.0,9.9,28476813312,72524443648,100,15464247296,1241128960,69.0,52.087,69.5,
60474745402788,114.118076197,203.7,18429116416,55302754304,105,1824.0,9.9,28476813312,72524443648,100,15464247296,1241128960,69.0,52.096,69.5,
60474800382843,114.173056252,200.0,18429116416,55302754304,105,1838.0,13.0,28476813312,72524443648,100,15464247296,1241128960,70.0,52.083,69.5,
60474854464794,114.227138203,221.9,18429116416,55302754304,105,1830.0,9.9,28476813312,72524443648,100,15464247296,1241128960,69.0,52.092,69.5,
60474908464922,114.281138331,203.4,18429116416,55302754304,105,1781.0,13.6,28474953728,72526303232,100,15464247296,1241128960,69.0,52.075,69.5,
60474963509357,114.336182766,200.2,18429116416,55302754304,105,1778.0,10.9,28475199488,72526057472,100,15464247296,1241128960,68.0,52.092,69.5,
60475017548759,114.390222168,203.3,18429116416,55302754304,105,1824.0,12.6,28475457536,72525799424,100,15464247296,1241128960,69.0,52.071,69.5,
60475072511762,114.445185171,218.5,18429120512,55302754304,105,1825.0,11.9,28479070208,72522186752,100,15464247296,1241128960,69.0,52.095,69.5,
60475127506845,114.500180254,218.2,18429120512,55302754304,105,1792.0,13.3,28479070208,72522186752,100,15464247296,1241128960,69.0,52.073,69.5,
60475182458818,114.555132227,200.3,18429120512,55302754304,105,1834.0,9.9,28479070208,72522186752,100,15464247296,1241128960,69.0,52.093,69.5,
60475237550252,114.610223661,199.6,18429120512,55302754304,105,1857.0,12.5,28479070208,72522186752,100,15464247296,1241128960,69.0,52.074,69.5,
60475291444982,114.664118391,222.6,18429124608,55302754304,105,1826.0,10.5,28479070208,72522186752,100,15464247296,1241128960,69.0,52.091,69.5,
60475345440741,114.71811415,203.8,18429124608,55302754304,105,1846.0,12.3,28479070208,72522186752,100,15464247296,1241128960,69.0,52.077,69.5,
60475399429187,114.772102596,203.7,18429124608,55302754304,105,1867.0,10.4,28479070208,72522186752,100,15464247296,1241128960,70.0,52.093,69.5,
60475453545833,114.826219242,203.3,18429124608,55302754304,105,1845.0,11.6,28479070208,72522186752,100,15464247296,1241128960,69.0,52.082,69.5,
60475507647451,114.88032086,203.2,18429124608,55302754304,105,1871.0,12.4,28479057920,72522199040,100,15464247296,1241128960,70.0,52.094,69.5,
60475564539251,114.93721266,210.9,18429124608,55302754304,105,1791.0,15.8,28479057920,72522199040,100,15464247296,1241128960,68.0,52.089,69.5,
60475620529651,114.99320306,214.4,18429124608,55302754304,105,1827.0,10.6,28479057920,72522199040,100,15464247296,1241128960,69.0,52.086,69.5,
60475674425353,115.047098762,204.0,18429124608,55302754304,105,1880.0,9.9,28479057920,72522199040,100,15464247296,1241128960,69.0,52.091,69.625,
60475728439146,115.101112555,222.3,18429124608,55302754304,105,1858.0,10.5,28479057920,72522199040,100,15464247296,1241128960,69.0,52.082,69.5,
60475782471413,115.155144822,202.9,18429124608,55302754304,105,1878.0,11.0,28478763008,72522493952,100,15464247296,1241128960,69.0,52.089,69.5,
60475836311190,115.208984599,186.6,18429124608,55302754304,105,1864.0,9.7,28478763008,72522493952,100,15464247296,1241128960,70.0,52.074,69.5,
60475888344370,115.261017779,211.5,18429128704,55302754304,105,1844.0,9.0,28478763008,72522493952,100,15464247296,1241128960,69.0,52.089,69.625,
60475941307883,115.313981292,207.7,18429128704,55302754304,105,1897.0,10.1,28478119936,72523137024,100,15464247296,1241128960,69.0,52.064,69.625,
60475993430390,115.366103799,191.9,18429128704,55302754304,105,1924.0,8.5,28478373888,72522883072,100,15464247296,1241128960,69.0,52.091,69.625,
60476045268173,115.417941582,212.2,18429128704,55302754304,105,1905.0,10.3,28476309504,72524947456,100,15464247296,1241128960,69.0,52.071,69.625,
60476097410747,115.470084156,191.2,18429128704,55302754304,105,1915.0,8.9,28476796928,72524460032,100,15464247296,1241128960,69.0,52.089,69.625,
60476150509475,115.523182884,226.2,18429132800,55302754304,105,1917.0,10.7,28476796928,72524460032,100,15464247296,1241128960,68.0,52.076,69.625,
60476203402476,115.576075885,189.4,18429132800,55302754304,105,1915.0,10.2,28476796928,72524460032,100,15464247296,1241128960,70.0,52.09,69.625,
60476255489777,115.628163186,210.9,18429132800,55302754304,105,1882.0,9.6,28472983552,72528273408,100,15464247296,1241128960,69.0,52.087,69.625,
60476308410711,115.68108412,208.2,18429132800,55302754304,105,1913.0,9.0,28473237504,72528019456,100,15464247296,1241128960,70.0,52.087,69.625,
60476360380261,115.73305367,192.1,18429132800,55302754304,105,1875.0,10.7,28472950784,72528306176,100,15464247296,1241128960,69.0,52.094,69.625,
60476415386515,115.788059924,218.5,18429136896,55302754304,105,1901.0,11.0,28469510144,72531746816,100,15464247296,1241128960,70.0,52.083,69.625,
60476467502970,115.840176379,210.8,18429136896,55302754304,105,1844.0,9.5,28469510144,72531746816,100,15464247296,1241128960,69.0,52.091,69.625,
60476520378189,115.893051598,189.4,18429136896,55302754304,105,1916.0,13.7,28469510144,72531746816,100,15464247296,1241128960,69.0,52.074,69.625,
60476572452465,115.945125874,211.2,18429136896,55302754304,105,1915.0,10.8,28469510144,72531746816,100,15464247296,1241128960,68.0,52.091,69.625,
60476625432189,115.998105598,188.7,18429136896,55302754304,105,1947.0,10.7,28469739520,72531517440,100,15464247296,1241128960,69.0,52.069,69.625,
60476678347713,116.051021122,207.9,18429140992,55302754304,105,1892.0,8.9,28469739520,72531517440,100,15464247296,1241128960,69.0,52.093,69.625,
60476730466182,116.103139591,211.0,18429140992,55302754304,105,1946.0,9.6,28469739520,72531517440,100,15464247296,1241128960,69.0,52.073,69.625,
60476783307035,116.155980444,208.2,18429140992,55302754304,105,1961.0,8.3,28469739520,72531517440,100,15464247296,1241128960,69.0,52.091,69.625,
60476836415030,116.209088439,207.1,18429140992,55302754304,105,1925.0,10.7,28469968896,72531288064,100,15464247296,1241128960,68.0,52.079,69.625,
60476888486491,116.2611599,192.0,18429140992,55302754304,105,1912.0,8.4,28469968896,72531288064,100,15464247296,1241128960,69.0,52.089,69.625,
60476941345579,116.314018988,227.0,18429145088,55302754304,105,1920.0,10.1,28469346304,72531910656,100,15464247296,1241128960,68.0,52.089,69.625,
60476994417506,116.367090915,188.4,18429149184,55302754304,105,1911.0,8.9,28469346304,72531910656,100,15464247296,1241128960,69.0,52.086,69.625,
60477047360170,116.420033579,207.5,18429149184,55302754304,105,1889.0,9.5,28469297152,72531959808,100,15464247296,1241128960,69.0,52.088,69.625,
60477100357668,116.473031077,207.9,18429149184,55302754304,105,1988.0,11.4,28471103488,72530153472,100,15464247296,1241128960,70.0,52.078,69.625,
60477153358742,116.526032151,188.7,18429149184,55302754304,105,1911.0,9.9,28471103488,72530153472,100,15464247296,1241128960,69.0,52.09,69.625,
60477207521995,116.580195404,221.6,18429153280,55302754304,105,1897.0,10.5,28471103488,72530153472,100,15464247296,1241128960,69.0,52.072,69.625,
60477260442568,116.633115977,207.5,18429153280,55302754304,105,1883.0,9.4,28470845440,72530411520,100,15464247296,1241128960,68.0,52.088,69.625,
60477313458760,116.686132169,188.9,18429153280,55302754304,105,1917.0,11.3,28471361536,72529895424,100,15464247296,1241128960,69.0,52.071,69.625,
60477365447957,116.738121366,211.6,18429153280,55302754304,105,1895.0,9.1,28471361536,72529895424,100,15464247296,1241128960,69.0,52.094,69.625,
60477417430361,116.79010377,211.6,18429153280,55302754304,105,2006.0,12.0,28473155584,72528101376,100,15464247296,1241128960,69.0,52.076,69.625,
60477470646098,116.843319507,205.8,18429153280,55302754304,105,1912.0,8.8,28473667584,72527589376,100,15464247296,1241128960,69.0,52.094,69.625,
60477524529336,116.897202745,205.1,18429153280,55302754304,105,1984.0,15.1,28474150912,72527106048,100,15464247296,1241128960,69.0,52.087,69.625,
60477577510493,116.950183902,207.6,18429157376,55302754304,105,1983.0,11.4,28474380288,72526876672,100,15464247296,1241128960,69.0,52.092,69.625,
60477629550494,117.002223903,191.9,18429157376,55302754304,105,1913.0,10.2,28474380288,72526876672,100,15464247296,1241128960,69.0,52.092,69.625,
60477682570604,117.055244013,207.8,18429157376,55302754304,105,1962.0,10.7,28474380288,72526876672,100,15464247296,1241128960,69.0,52.083,69.625,
60477735327159,117.108000568,208.5,18429161472,55302754304,105,1914.0,10.1,28474380288,72526876672,100,15464247296,1241128960,69.0,52.09,69.625,
60477790451445,117.163124854,199.6,18429161472,55302754304,105,1935.0,10.9,28473921536,72527335424,100,15464247296,1241128960,69.0,52.074,69.625,
60477842662948,117.215336357,210.3,18429161472,55302754304,105,1873.0,10.0,28473921536,72527335424,100,15464247296,1241128960,68.0,52.085,69.625,
60477897020105,117.269693514,497.6,18429173760,55302754304,105,1757.0,27.7,28474351616,72526905344,100,15464247296,1241128960,69.0,52.072,69.625,
60477951473442,117.324146851,733.6,18429177856,55302754304,105,1856.0,21.9,28474314752,72526942208,100,15464247296,1241128960,69.0,52.093,69.625,
60478004774298,117.377447707,225.1,18429177856,55302754304,105,1869.0,11.6,28474572800,72526684160,100,15464247296,1241128960,69.0,52.072,69.625,
60478058610839,117.431284248,203.8,18429177856,55302754304,105,1859.0,10.4,28474572800,72526684160,100,15464247296,1241128960,69.0,52.092,69.625,
60478113733361,117.48640677,200.0,18429177856,55302754304,105,1854.0,13.1,28473024512,72528232448,100,15464247296,1241128960,68.0,52.08,69.5,
60478167507795,117.540181204,204.6,18429177856,55302754304,105,1857.0,10.0,28472778752,72528478208,100,15464247296,1241128960,69.0,52.091,69.5,
60478223647344,117.596320753,213.7,18429177856,55302754304,105,1841.0,13.3,28472778752,72528478208,100,15464247296,1241128960,68.0,52.086,69.5,
60478277615421,117.65028883,203.9,18429181952,55302754304,105,1867.0,10.6,28473008128,72528248832,100,15464247296,1241128960,69.0,52.086,69.5,
60478331520270,117.704193679,204.0,18429186048,55302754304,105,1842.0,11.0,28473008128,72528248832,100,15464247296,1241128960,69.0,52.089,69.5,
60478385561374,117.758234783,203.6,18429186048,55302754304,105,1810.0,13.9,28473008128,72528248832,100,15464247296,1241128960,69.0,52.075,69.5,
60478439734546,117.812407955,221.5,18429186048,55302754304,105,1807.0,9.8,28473008128,72528248832,100,15464247296,1241128960,69.0,52.084,69.5,
60478493704757,117.866378166,203.8,18429186048,55302754304,105,1770.0,13.4,28473008128,72528248832,100,15464247296,1241128960,69.0,52.072,69.5,
60478547583016,117.920256425,204.1,18429186048,55302754304,105,1794.0,12.6,28473008128,72528248832,100,15464247296,1241128960,68.0,52.091,69.5,
60478602619166,117.975292575,199.9,18429186048,55302754304,105,1794.0,12.9,28473008128,72528248832,100,15464247296,1241128960,69.0,52.069,69.5,
60478656693101,118.02936651,221.8,18429186048,55302754304,105,1834.0,9.8,28473229312,72528027648,100,15464247296,1241128960,69.0,52.089,69.5,
60478710484226,118.083157635,204.5,18429186048,55302754304,105,1806.0,12.3,28468789248,72532467712,100,15464247296,1241128960,68.0,52.071,69.5,
60478764577518,118.137250927,203.4,18429186048,55302754304,105,1887.0,10.3,28468248576,72533008384,100,15464247296,1241128960,69.0,52.09,69.5,
60478818543812,118.191217221,185.3,18429190144,55302754304,105,1824.0,12.1,28468248576,72533008384,100,15464247296,1241128960,68.0,52.078,69.5,
60478873552791,118.2462262,218.1,18429194240,55302754304,105,1838.0,10.4,28468477952,72532779008,100,15464247296,1241128960,69.0,52.087,69.5,
60478927674436,118.300347845,203.2,18429198336,55302754304,105,1773.0,11.6,28468350976,72532905984,100,15464247296,1241128960,69.0,52.089,69.5,
60478981586057,118.354259466,204.0,18429198336,55302754304,105,1845.0,11.0,28468350976,72532905984,100,15464247296,1241128960,69.0,52.082,69.5,
60479037533466,118.410206875,232.4,18429198336,55302754304,105,1829.0,11.5,28468350976,72532905984,100,15464247296,1241128960,69.0,52.088,69.5,
60479092673551,118.46534696,199.4,18429198336,55302754304,105,1781.0,13.4,28474023936,72527233024,100,15464247296,1241128960,69.0,52.08,69.5,
60479146735314,118.519408723,203.4,18429198336,55302754304,105,1830.0,10.9,28474023936,72527233024,100,15464247296,1241128960,69.0,52.088,69.5,
60479200468360,118.573141769,223.2,18429198336,55302754304,105,1820.0,12.4,28474253312,72527003648,100,15464247296,1241128960,69.0,52.068,69.5,
60479254695643,118.627369052,203.1,18429198336,55302754304,105,1774.0,10.9,28474253312,72527003648,100,15464247296,1241128960,68.0,52.085,69.5,
60479311888267,118.684561676,209.6,18429198336,55302754304,105,1830.0,12.1,28474253312,72527003648,100,15464247296,1241128960,69.0,52.062,69.5,
60479366667284,118.739340693,201.1,18429202432,55302754304,105,1832.0,10.9,28474253312,72527003648,100,15464247296,1241128960,69.0,52.089,69.5,
60479420637435,118.793310844,203.7,18429202432,55302754304,105,1831.0,11.7,28474253312,72527003648,100,15464247296,1241128960,69.0,52.068,69.5,
60479474622865,118.847296274,203.8,18429206528,55302754304,105,1808.0,10.5,28474241024,72527015936,100,15464247296,1241128960,69.0,52.091,69.5,
60479532648591,118.905322,224.1,18429206528,55302754304,105,1860.0,14.4,28474499072,72526757888,100,15464247296,1241128960,68.0,52.073,69.5,
60479586662464,118.959335873,203.5,18429206528,55302754304,105,1879.0,10.4,28474155008,72527101952,100,15464247296,1241128960,69.0,52.085,69.5,
60479642663853,119.015337262,214.5,18429206528,55302754304,105,1826.0,11.4,28474155008,72527101952,100,15464247296,1241128960,69.0,52.073,69.5,
60479696655144,119.069328553,203.8,18429206528,55302754304,105,1860.0,8.7,28474155008,72527101952,100,15464247296,1241128960,69.0,52.086,69.5,
60479751693337,119.124366746,199.7,18429206528,55302754304,105,1808.0,10.2,28474155008,72527101952,100,15464247296,1241128960,69.0,52.079,69.5,
60479806712445,119.179385854,218.0,18429206528,55302754304,105,1863.0,10.3,28474155008,72527101952,100,15464247296,1241128960,70.0,52.086,69.5,
60479861741522,119.234414931,199.9,18429206528,55302754304,105,1832.0,10.8,28474155008,72527101952,100,15464247296,1241128960,69.0,52.088,69.625,
60479915626874,119.288300283,203.6,18429206528,55302754304,105,1795.0,9.9,28474413056,72526843904,100,15464247296,1241128960,70.0,52.079,69.625,
60479969628724,119.342302133,222.8,18429210624,55302754304,105,1813.0,11.0,28474896384,72526360576,100,15464247296,1241128960,69.0,52.088,69.625,
60480023631967,119.396305376,203.7,18429210624,55302754304,105,1824.0,11.0,28475379712,72525877248,100,15464247296,1241128960,70.0,52.073,69.625,
60480077736760,119.450410169,203.1,18429214720,55302754304,105,1826.0,8.1,28475379712,72525877248,100,15464247296,1241128960,68.0,52.08,69.625,
60480131663740,119.504337149,204.2,18429214720,55302754304,105,1864.0,11.1,28475609088,72525647872,100,15464247296,1241128960,69.0,52.069,69.625,
60480185755629,119.558429038,221.9,18429214720,55302754304,105,1839.0,9.3,28475838464,72525418496,100,15464247296,1241128960,69.0,52.088,69.625,
60480239596357,119.612269766,204.3,18429214720,55302754304,105,1869.0,11.1,28475838464,72525418496,100,15464247296,1241128960,69.0,52.065,69.625,
60480293587287,119.666260696,203.7,18429214720,55302754304,105,1829.0,9.9,28476067840,72525189120,100,15464247296,1241128960,69.0,52.088,69.625,
60480347496474,119.720169883,204.1,18429214720,55302754304,105,1807.0,11.0,28476067840,72525189120,100,15464247296,1241128960,69.0,52.073,69.625,
60480401126106,119.773799515,204.5,18429214720,55302754304,105,1868.0,11.1,28475035648,72526221312,100,15460052992,1241128960,69.0,52.093,69.625,
60480454700715,119.827374124,205.9,18429218816,55302754304,105,1807.0,10.1,28475109376,72526147584,100,15460052992,1241128960,69.0,52.082,69.625,
60480507649451,119.88032286,208.2,18429218816,55302754304,105,1826.0,13.1,28475097088,72526159872,100,15460052992,1241128960,69.0,52.095,69.625,
60480559557635,119.932231044,211.4,18429218816,55302754304,105,1802.0,13.8,28475097088,72526159872,100,15460052992,1241128960,69.0,52.096,69.625,
60480612612189,119.985285598,188.5,18429218816,55302754304,105,1861.0,11.1,28475097088,72526159872,100,15460052992,1241128960,69.0,52.079,69.625,
60480665697942,120.038371351,207.2,18429222912,55302754304,105,1851.0,9.4,28475097088,72526159872,100,15460052992,1241128960,70.0,52.088,69.625,
60480718683216,120.091356625,207.6,18429222912,55302754304,105,1844.0,10.7,28475097088,72526159872,100,15460052992,1241128960,69.0,52.069,69.625,
60480771645286,120.144318695,207.7,18429222912,55302754304,105,1780.0,8.9,28475097088,72526159872,100,15460052992,1241128960,69.0,52.09,69.625,
60480826735617,120.199409026,217.8,18429222912,55302754304,105,1839.0,11.4,28475097088,72526159872,100,15460052992,1241128960,68.0,52.069,69.625,
60480879625983,120.252299392,208.0,18429222912,55302754304,105,1885.0,9.9,28475097088,72526159872,100,15460052992,1241128960,69.0,52.092,69.625,
60480933555258,120.306228667,204.0,18429222912,55302754304,105,1836.0,11.0,28475326464,72525930496,100,15460052992,1241128960,69.0,52.069,69.625,
60480992808375,120.365481784,219.4,18429227008,55302754304,105,1836.0,9.6,28475555840,72525701120,100,15460052992,1241128960,69.0,52.091,69.625,
60481046723572,120.419396981,204.0,18429227008,55302754304,105,1847.0,10.5,28475555840,72525701120,100,15460052992,1241128960,68.0,52.073,69.625,
60481100682312,120.473355721,185.3,18429227008,55302754304,105,1884.0,18.4,28477362176,72523894784,100,15460052992,1241128960,69.0,52.097,69.625,
60481155807649,120.528481058,235.8,18429231104,55302754304,105,1858.0,28.0,28478124032,72523132928,100,15460052992,1241128960,68.0,52.093,69.625,
60481209790804,120.582464213,203.8,18429235200,55302754304,105,1843.0,16.9,28472291328,72528965632,100,15460052992,1241128960,70.0,52.083,69.625,
60481263692095,120.636365504,185.5,18429235200,55302754304,105,1844.0,10.5,28472291328,72528965632,100,15460052992,1241128960,69.0,52.085,69.625,
60481317663008,120.690336417,203.8,18429235200,55302754304,105,1830.0,11.0,28472250368,72529006592,100,15460052992,1241128960,70.0,52.073,69.625,
60481371836680,120.744510089,221.4,18429235200,55302754304,105,1834.0,10.5,28472250368,72529006592,100,15464247296,1241128960,69.0,52.082,69.625,
60481425693047,120.798366456,204.3,18429235200,55302754304,105,1837.0,12.8,28469727232,72531529728,100,15464247296,1241128960,69.0,52.069,69.625,
60481479697913,120.852371322,203.7,18429235200,55302754304,105,1810.0,10.5,28469714944,72531542016,100,15464247296,1241128960,69.0,52.09,69.625,
60481533635172,120.906308581,204.0,18429239296,55302754304,105,1872.0,22.7,28476940288,72524316672,100,15464247296,1241128960,68.0,52.074,69.625,
60481587663592,120.960337001,203.7,18429239296,55302754304,105,1854.0,27.6,28481064960,72520192000,100,15464247296,1241128960,68.0,52.097,69.625,
60481640666629,121.013340038,226.1,18429243392,55302754304,105,1873.0,21.2,28461670400,72539586560,100,15464247296,1241128960,68.0,52.079,69.5,
60481697746040,121.070419449,947.2,18429243392,55302754304,105,1898.0,37.9,28461477888,72539779072,100,15464247296,1241128960,69.0,52.083,69.5,
60481753558976,121.126232385,214.9,18429243392,55302754304,105,1789.0,11.2,28461998080,72539258880,100,15464247296,1241128960,69.0,52.084,69.5,
60481807889883,121.180563292,220.9,18429243392,55302754304,105,1872.0,11.0,28461998080,72539258880,100,15464247296,1241128960,69.0,52.077,69.5,
60481861640132,121.234313541,204.7,18429243392,55302754304,105,1835.0,10.0,28461998080,72539258880,100,15464247296,1241128960,68.0,52.084,69.5,
60481915891820,121.288565229,202.7,18429243392,55302754304,105,1808.0,12.6,28462899200,72538357760,100,15464247296,1241128960,69.0,52.075,69.5,
60481969731166,121.342404575,204.3,18429243392,55302754304,105,1815.0,10.5,28462899200,72538357760,100,15464247296,1241128960,69.0,52.084,69.5,
60482023736803,121.396410212,222.2,18429243392,55302754304,105,1801.0,12.2,28462899200,72538357760,100,15464247296,1241128960,69.0,52.069,69.5,
60482077718645,121.450392054,185.3,18429243392,55302754304,105,1802.0,9.8,28462899200,72538357760,100,15464247296,1241128960,68.0,52.082,69.5,
60482131741495,121.504414904,203.6,18429243392,55302754304,105,1813.0,14.4,28459872256,72541384704,100,15464247296,1241128960,68.0,52.066,69.5,
60482185740540,121.558413949,203.8,18429243392,55302754304,105,1829.0,9.5,28459872256,72541384704,100,15464247296,1241128960,69.0,52.089,69.5,
60482239683179,121.612356588,222.4,18429243392,55302754304,105,1836.0,13.2,28459614208,72541642752,100,15464247296,1241128960,68.0,52.066,69.5,
60482293779496,121.666452905,203.3,18429243392,55302754304,105,1827.0,11.0,28460138496,72541118464,100,15464247296,1241128960,69.0,52.088,69.5,
60482348730967,121.721404376,200.2,18429243392,55302754304,105,1841.0,11.9,28459880448,72541376512,100,15464247296,1241128960,68.0,52.074,69.5,
60482402859685,121.775533094,221.2,18429243392,55302754304,105,1846.0,11.1,28460109824,72541147136,100,15464247296,1241128960,68.0,52.091,69.5,
60482456694171,121.82936758,204.7,18429243392,55302754304,105,1829.0,13.4,28460109824,72541147136,100,15464247296,1241128960,68.0,52.08,69.5,
60482510777444,121.883450853,203.5,18429243392,55302754304,105,1819.0,11.7,28460355584,72540901376,100,15464247296,1241128960,69.0,52.096,69.5,
60482564691148,121.937364557,204.0,18429243392,55302754304,105,1871.0,13.9,28460584960,72540672000,100,15464247296,1241128960,68.0,52.086,69.5,
60482618711463,121.991384872,203.6,18429243392,55302754304,105,1845.0,10.6,28460584960,72540672000,100,15464247296,1241128960,70.0,52.086,69.5,
60482672703464,122.045376873,222.2,18429247488,55302754304,105,1816.0,11.5,28460584960,72540672000,100,15464247296,1241128960,68.0,52.09,69.5,
60482726820010,122.099493419,203.3,18429247488,55302754304,105,1842.0,11.8,28460584960,72540672000,100,15464247296,1241128960,69.0,52.08,69.5,
60482780742350,122.153415759,204.0,18429247488,55302754304,105,1838.0,12.1,28460584960,72540672000,100,15464247296,1241128960,69.0,52.089,69.5,
60482835881293,122.208554702,217.6,18429247488,55302754304,105,1812.0,13.1,28460584960,72540672000,100,15464247296,1241128960,69.0,52.074,69.5,
60482889744583,122.262417992,204.3,18429247488,55302754304,105,1816.0,9.8,28460777472,72540479488,100,15464247296,1241128960,68.0,52.084,69.5,
60482943819660,122.316493069,203.4,18429247488,55302754304,105,1831.0,13.9,28460519424,72540737536,100,15464247296,1241128960,69.0,52.068,69.5,
60482997780142,122.370453551,203.8,18429247488,55302754304,105,1822.0,9.9,28460519424,72540737536,100,15464247296,1241128960,68.0,52.09,69.5,
60483051747808,122.424421217,203.9,18429247488,55302754304,105,1798.0,12.9,28459995136,72541261824,100,15464247296,1241128960,68.0,52.068,69.5,
60483105767993,122.478441402,222.1,18429247488,55302754304,105,1809.0,12.1,28465672192,72535584768,100,15464247296,1241128960,69.0,52.091,69.5,
60483159615684,122.532289093,185.8,18429247488,55302754304,105,1798.0,11.7,28462821376,72538435584,100,15464247296,1241128960,68.0,52.07,69.5,
60483213841463,122.586514872,220.5,18429251584,55302754304,105,1814.0,28.7,28463337472,72537919488,100,15464247296,1241128960,68.0,52.094,69.5,
60483269744178,122.642417587,215.3,18429255680,55302754304,105,1782.0,23.7,28463853568,72537403392,100,15464247296,1241128960,68.0,52.078,69.375,
60483325954860,122.698628269,213.5,18429255680,55302754304,105,1859.0,11.9,28464312320,72536944640,100,15464247296,1241128960,69.0,52.086,69.375,
60483381901827,122.754575236,196.6,18429255680,55302754304,105,1815.0,12.4,28464312320,72536944640,100,15464247296,1241128960,68.0,52.08,69.375,
60483435797919,122.808471328,222.7,18429255680,55302754304,105,1839.0,9.9,28464054272,72537202688,100,15464247296,1241128960,69.0,52.082,69.375,
60483489991859,122.862665268,202.9,18429255680,55302754304,105,1829.0,12.1,28464054272,72537202688,100,15464247296,1241128960,70.0,52.091,69.375,
60483543727850,122.916401259,186.1,18429255680,55302754304,105,1861.0,14.0,28464828416,72536428544,100,15464247296,1241128960,68.0,52.083,69.375,
60483597733667,122.970407076,203.7,18429255680,55302754304,105,1867.0,11.0,28464828416,72536428544,100,15464247296,1241128960,69.0,52.083,69.375,
60483651749503,123.024422912,222.2,18429255680,55302754304,105,1865.0,11.0,28464828416,72536428544,100,15464247296,1241128960,69.0,52.069,69.375,
60483705837284,123.078510693,221.0,18429255680,55302754304,105,1876.0,10.2,28465299456,72535957504,100,15464247296,1241128960,68.0,52.081,69.375,
60483761052449,123.133725858,200.1,18429259776,55302754304,105,1849.0,10.5,28465299456,72535957504,100,15464247296,1241128960,69.0,52.067,69.375,
60483813736488,123.186409897,189.6,18429263872,55302754304,105,1875.0,9.6,28465299456,72535957504,100,15464247296,1241128960,69.0,52.087,69.5,
60483866734386,123.239407795,207.7,18429263872,55302754304,105,1850.0,10.6,28465528832,72535728128,100,15464247296,1241128960,69.0,52.065,69.375,
60483920732558,123.293405967,203.7,18429263872,55302754304,105,1878.0,8.7,28465754112,72535502848,100,15464247296,1241128960,68.0,52.086,69.5,
60483976872387,123.349545796,231.5,18429263872,55302754304,105,1841.0,10.6,28465983488,72535273472,100,15464247296,1241128960,69.0,52.065,69.5,
60484030817511,123.40349092,185.3,18429263872,55302754304,105,1821.0,9.8,28465983488,72535273472,100,15464247296,1241128960,69.0,52.087,69.5,
60484090124739,123.462798148,219.2,18429263872,55302754304,105,1849.0,10.6,28465983488,72535273472,100,15464247296,1241128960,69.0,52.066,69.5,
60484143788725,123.516462134,205.0,18429263872,55302754304,105,1861.0,8.8,28466212864,72535044096,100,15464247296,1241128960,70.0,52.088,69.5,
60484198694059,123.571367468,200.3,18429263872,55302754304,105,1818.0,10.9,28466442240,72534814720,100,15464247296,1241128960,69.0,52.068,69.5,
60484256034119,123.628707528,226.7,18429263872,55302754304,105,1855.0,9.3,28466442240,72534814720,100,15464247296,1241128960,68.0,52.085,69.5,
60484309803633,123.682477042,204.7,18429267968,55302754304,105,1841.0,10.4,28466442240,72534814720,100,15464247296,1241128960,68.0,52.072,69.5,
60484363810402,123.736483811,222.2,18429267968,55302754304,105,1895.0,10.4,28466442240,72534814720,100,15464247296,1241128960,69.0,52.087,69.5,
60484425036308,123.797709717,195.9,18429272064,55302754304,105,1846.0,12.2,28466442240,72534814720,100,15464247296,1241128960,68.0,52.07,69.5,
60484479834791,123.8525082,219.1,18429272064,55302754304,105,1886.0,9.8,28466442240,72534814720,100,15464247296,1241128960,69.0,52.09,69.5,
60484534156741,123.90683015,202.5,18429272064,55302754304,105,1803.0,13.5,28466671616,72534585344,100,15464247296,1241128960,69.0,52.082,69.5,
60484587827791,123.9605012,205.0,18429272064,55302754304,105,1848.0,11.0,28466671616,72534585344,100,15464247296,1241128960,69.0,52.083,69.5,
60484641772864,124.014446273,203.8,18429272064,55302754304,105,1880.0,10.9,28466671616,72534585344,100,15464247296,1241128960,69.0,52.087,69.5,
60484695808307,124.068481716,203.6,18429276160,55302754304,105,1849.0,10.0,28466925568,72534331392,100,15464247296,1241128960,69.0,52.081,69.5,
60484752883870,124.125557279,227.7,18429276160,55302754304,105,1863.0,10.4,28466450432,72534806528,100,15464247296,1241128960,69.0,52.085,69.5,
60484806830727,124.179504136,203.9,18429276160,55302754304,105,1871.0,11.1,28466679808,72534577152,100,15464247296,1241128960,70.0,52.077,69.5,
60484863050866,124.235724275,213.4,18429280256,55302754304,105,1863.0,10.6,28466532352,72534724608,100,15464247296,1241128960,69.0,52.086,69.5,
60484918863221,124.29153663,197.3,18429280256,55302754304,105,1885.0,10.1,28467015680,72534241280,100,15464247296,1241128960,70.0,52.073,69.5,
60484972781915,124.345455324,222.6,18429284352,55302754304,105,1892.0,8.7,28467232768,72534024192,100,15464247296,1241128960,69.0,52.081,69.5,
60485026788453,124.399461862,203.5,18429284352,55302754304,105,1875.0,9.9,28467232768,72534024192,100,15464247296,1241128960,68.0,52.066,69.5,
60485080885612,124.453559021,203.3,18429284352,55302754304,105,1858.0,9.9,28471074816,72530182144,100,15464247296,1241128960,68.0,52.083,69.5,
60485135831932,124.508505341,200.3,18429284352,55302754304,105,1868.0,12.6,28471074816,72530182144,100,15464247296,1241128960,69.0,52.061,69.5,
60485189988522,124.562661931,203.1,18429284352,55302754304,105,1879.0,9.2,28471074816,72530182144,100,15464247296,1241128960,69.0,52.086,69.5,
60485243794084,124.616467493,204.5,18429284352,55302754304,105,1839.0,10.6,28471304192,72529952768,100,15464247296,1241128960,69.0,52.064,69.5,
60485297796956,124.670470365,222.1,18429284352,55302754304,105,1860.0,9.3,28471304192,72529952768,100,15464247296,1241128960,69.0,52.087,69.5,
60485355934079,124.728607488,206.3,18429288448,55302754304,105,1877.0,11.9,28473081856,72528175104,100,15462150144,1241128960,69.0,52.066,69.5,
60485412018615,124.784692024,1053.1,18429300736,55302754304,105,1961.0,37.0,28473081856,72528175104,100,15462150144,1241128960,69.0,52.09,69.5,
60485465868669,124.838542078,204.3,18429300736,55302754304,105,1928.0,11.2,28473823232,72527433728,100,15462150144,1241128960,68.0,52.075,69.5,
60485519890747,124.892564156,203.4,18429300736,55302754304,105,1878.0,11.6,28473536512,72527720448,100,15462150144,1241128960,69.0,52.087,69.5,
60485574006821,124.94668023,203.2,18429300736,55302754304,105,1838.0,13.3,28473536512,72527720448,100,15462150144,1241128960,69.0,52.085,69.5,
60485628012458,125.000685867,203.8,18429300736,55302754304,105,1833.0,14.1,28467859456,72533397504,100,15462150144,1241128960,69.0,52.078,69.5,
60485681953964,125.054627373,222.4,18429300736,55302754304,105,1852.0,10.4,28468346880,72532910080,100,15462150144,1241128960,69.0,52.082,69.5,
60485735931338,125.108604747,203.8,18429300736,55302754304,105,1881.0,10.5,28468346880,72532910080,100,15462150144,1241128960,69.0,52.069,69.5,
60485789890037,125.162563446,203.7,18429304832,55302754304,105,1860.0,11.9,28468346880,72532910080,100,15462150144,1241128960,68.0,52.078,69.5,
60485843882138,125.216555547,204.0,18429304832,55302754304,105,1827.0,11.9,28468346880,72532910080,100,15462150144,1241128960,70.0,52.065,69.5,
60485897874350,125.270547759,203.8,18429304832,55302754304,105,1821.0,9.8,28467679232,72533577728,100,15462150144,1241128960,69.0,52.084,69.5,
60485951883062,125.324556471,203.6,18429308928,55302754304,105,1795.0,14.0,28467937280,72533319680,100,15462150144,1241128960,69.0,52.061,69.5,
60486005856298,125.378529707,203.8,18429308928,55302754304,105,1768.0,9.4,28467937280,72533319680,100,15462150144,1241128960,69.0,52.086,69.5,
60486060955696,125.433629105,217.4,18429308928,55302754304,105,1824.0,12.4,28468166656,72533090304,100,15462150144,1241128960,69.0,52.066,69.5,
60486115983259,125.488656668,199.7,18429308928,55302754304,105,1831.0,10.8,28468166656,72533090304,100,15462150144,1241128960,69.0,52.084,69.5,
60486170918839,125.543592248,200.7,18429308928,55302754304,105,1851.0,13.2,28465557504,72535699456,100,15462150144,1241128960,69.0,52.072,69.5,
60486225805187,125.598478596,219.0,18429308928,55302754304,105,1857.0,10.5,28465786880,72535470080,100,15462150144,1241128960,70.0,52.086,69.5,
60486279926381,125.65259979,202.9,18429308928,55302754304,105,1871.0,11.6,28466040832,72535216128,100,15462150144,1241128960,68.0,52.08,69.5,
60486332944125,125.705617534,207.6,18429313024,55302754304,105,1819.0,10.1,28466270208,72534986752,100,15462150144,1241128960,69.0,52.081,69.5,
60486385782673,125.758456082,208.1,18429313024,55302754304,105,1784.0,12.5,28466286592,72534970368,100,15462150144,1241128960,69.0,52.087,69.5,
60486438815336,125.811488745,188.9,18429313024,55302754304,105,1818.0,12.5,28466020352,72535236608,100,15462150144,1241128960,69.0,52.071,69.5,
60486490795955,125.863469364,211.5,18429317120,55302754304,105,1814.0,12.0,28466020352,72535236608,100,15462150144,1241128960,68.0,52.084,69.5,
60486543758967,125.916432376,188.8,18429317120,55302754304,105,1914.0,12.0,28466020352,72535236608,100,15462150144,1241128960,68.0,52.062,69.5,
60486595800080,125.968473489,230.5,18429317120,55302754304,105,1933.0,10.2,28465991680,72535265280,100,15462150144,1241128960,68.0,52.083,69.5,
60486648662603,126.021336012,189.2,18429321216,55302754304,105,1947.0,9.0,28465442816,72535814144,100,15462150144,1241128960,68.0,52.066,69.5,
60486700894544,126.073567953,210.4,18429321216,55302754304,105,1955.0,9.4,28465655808,72535601152,100,15462150144,1241128960,69.0,52.085,69.5,
60486753904834,126.126578243,207.8,18429321216,55302754304,105,1900.0,10.8,28466139136,72535117824,100,15462150144,1241128960,69.0,52.072,69.5,
60486806825596,126.179499005,189.0,18429321216,55302754304,105,1928.0,9.5,28466139136,72535117824,100,15462150144,1241128960,69.0,52.082,69.5,
60486859898053,126.232571462,207.3,18429321216,55302754304,105,1920.0,10.7,28465979392,72535277568,100,15462150144,1241128960,69.0,52.086,69.5,
60486912715912,126.285389321,227.2,18429325312,55302754304,105,1927.0,11.8,28466450432,72534806528,100,15462150144,1241128960,69.0,52.075,69.5,
60486964749411,126.33742282,191.9,18429325312,55302754304,105,1938.0,10.7,28466450432,72534806528,100,15462150144,1241128960,69.0,52.083,69.5,
60487017809414,126.390482823,188.7,18429329408,55302754304,105,1855.0,13.2,28466188288,72535068672,100,15462150144,1241128960,69.0,52.065,69.5,
60487069816373,126.442489782,211.5,18429329408,55302754304,105,1870.0,10.8,28470059008,72531197952,100,15462150144,1241128960,69.0,52.085,69.5,
60487122660031,126.49533344,208.1,18429329408,55302754304,105,1904.0,11.3,28472123392,72529133568,100,15462150144,1241128960,69.0,52.062,69.5,
60487174856095,126.547529504,191.2,18429329408,55302754304,105,1922.0,9.5,28472123392,72529133568,100,15462150144,1241128960,69.0,52.085,69.5,
60487227933971,126.60060738,207.7,18429329408,55302754304,105,1913.0,10.8,28472123392,72529133568,100,15462150144,1241128960,68.0,52.069,69.5,
60487279803092,126.652476501,212.0,18429329408,55302754304,105,1922.0,9.6,28472123392,72529133568,100,15462150144,1241128960,69.0,52.084,69.5,
60487331877688,126.704551097,211.0,18429329408,55302754304,105,1869.0,11.4,28472123392,72529133568,100,15462150144,1241128960,68.0,52.08,69.5,
60487384913666,126.757587075,207.3,18429329408,55302754304,105,1896.0,11.1,28472369152,72528887808,100,15462150144,1241128960,69.0,52.083,69.5,
60487441013449,126.813686858,196.0,18429329408,55302754304,105,1917.0,11.1,28472369152,72528887808,100,15462150144,1241128960,69.0,52.086,69.5,
60487494862593,126.867536002,204.5,18429333504,55302754304,105,1929.0,10.6,28472369152,72528887808,100,15462150144,1241128960,70.0,52.077,69.5,
60487549008783,126.921682192,221.4,18429337600,55302754304,105,1934.0,12.8,28472369152,72528887808,100,15462150144,1241128960,69.0,52.085,69.5,
60487602927446,126.975600855,204.1,18429337600,55302754304,105,1939.0,10.5,28472369152,72528887808,100,15462150144,1241128960,69.0,52.064,69.5,
60487656973959,127.029647368,203.5,18429337600,55302754304,105,1950.0,9.2,28472369152,72528887808,100,15462150144,1241128960,68.0,52.078,69.5,
60487711009091,127.0836825,203.6,18429337600,55302754304,105,1873.0,9.9,28472369152,72528887808,100,15462150144,1241128960,68.0,52.058,69.5,
60487764896977,127.137570386,204.3,18429337600,55302754304,105,1932.0,8.7,28472369152,72528887808,100,15462150144,1241128960,69.0,52.083,69.5,
60487820918784,127.193592193,214.0,18429337600,55302754304,105,1930.0,10.1,28472369152,72528887808,100,15462150144,1241128960,69.0,52.062,69.5,
60487874985465,127.247658874,203.3,18429337600,55302754304,105,1900.0,9.8,28471488512,72529768448,100,15462150144,1241128960,68.0,52.085,69.5,
60487931082593,127.303756002,214.0,18429337600,55302754304,105,1865.0,9.6,28471775232,72529481728,100,15462150144,1241128960,69.0,52.065,69.5,
60487984859110,127.357532519,204.3,18429337600,55302754304,105,1915.0,9.8,28471775232,72529481728,100,15462150144,1241128960,69.0,52.086,69.5,
60488038964584,127.411637993,203.6,18429341696,55302754304,105,1880.0,9.9,28471775232,72529481728,100,15462150144,1241128960,69.0,52.069,69.5,
60488093036434,127.465709843,221.9,18429345792,55302754304,105,1988.0,8.8,28471775232,72529481728,100,15462150144,1241128960,69.0,52.084,69.5,
60488146897790,127.519571199,204.3,18429345792,55302754304,105,1924.0,9.8,28471775232,72529481728,100,15462150144,1241128960,68.0,52.079,69.5,
60488200929075,127.573602484,203.6,18429345792,55302754304,105,1967.0,8.7,28471775232,72529481728,100,15464247296,1241128960,69.0,52.08,69.5,
60488254966341,127.62763975,203.4,18429345792,55302754304,105,1915.0,9.2,28471775232,72529481728,100,15464247296,1241128960,69.0,52.084,69.5,
60488310934697,127.683608106,214.6,18429345792,55302754304,105,1983.0,9.0,28471775232,72529481728,100,15464247296,1241128960,70.0,52.076,69.5,
60488364941165,127.737614574,203.5,18429345792,55302754304,105,1967.0,9.2,28470956032,72530300928,100,15464247296,1241128960,69.0,52.087,69.5,
60488418930461,127.79160387,203.9,18429345792,55302754304,105,1972.0,10.5,28470640640,72530616320,100,15462150144,1241128960,70.0,52.08,69.5,
60488473021618,127.845695027,203.1,18429345792,55302754304,105,1923.0,8.1,28470894592,72530362368,100,15462150144,1241128960,68.0,52.087,69.5,
60488527080064,127.899753473,222.2,18429345792,55302754304,105,1930.0,12.4,28471656448,72529600512,100,15462150144,1241128960,69.0,52.076,69.5,
60488580943523,127.953616932,204.1,18429345792,55302754304,105,1861.0,12.1,28471656448,72529600512,100,15462150144,1241128960,69.0,52.092,69.5,
60488634979677,128.007653086,203.7,18429353984,55302754304,105,1885.0,9.9,28471656448,72529600512,100,15462150144,1241128960,68.0,52.067,69.5,
60488688922616,128.061596025,203.9,18429353984,55302754304,105,1916.0,9.4,28472115200,72529141760,100,15462150144,1241128960,69.0,52.09,69.5,
60488744077527,128.116750936,199.5,18429353984,55302754304,105,1917.0,11.8,28472115200,72529141760,100,15462150144,1241128960,68.0,52.07,69.5,
60488798036466,128.170709875,203.5,18429353984,55302754304,105,1886.0,8.7,28471853056,72529403904,100,15462150144,1241128960,69.0,52.09,69.5,
60488862032756,128.234706165,219.1,18429353984,55302754304,105,1861.0,10.9,28471590912,72529666048,100,15462150144,1241128960,69.0,52.068,69.5,
60488916097914,128.288771323,221.8,18429353984,55302754304,105,1860.0,9.4,28470784000,72530472960,100,15462150144,1241128960,69.0,52.088,69.5,
60488969964640,128.342638049,204.3,18429358080,55302754304,105,1921.0,10.5,28470784000,72530472960,100,15462150144,1241128960,69.0,52.076,69.5,
60489023289420,128.395962829,206.2,18429358080,55302754304,105,1918.0,8.2,28470784000,72530472960,100,15462150144,1241128960,69.0,52.089,69.5,
60489078962663,128.451636072,197.8,18429358080,55302754304,105,1923.0,11.3,28473585664,72527671296,100,15462150144,1241128960,69.0,52.077,69.5,
60489135148538,128.507821947,1050.7,18429370368,55302754304,105,1910.0,38.5,28473282560,72527974400,100,15462150144,1241128960,70.0,52.087,69.5,
60489187881788,128.560555197,227.2,18429370368,55302754304,105,1923.0,12.4,28473282560,72527974400,100,15462150144,1241128960,68.0,52.089,69.5,
60489240928466,128.613601875,207.8,18429370368,55302754304,105,1881.0,11.4,28473282560,72527974400,100,15462150144,1241128960,69.0,52.074,69.5,
60489292907984,128.665581393,192.1,18429370368,55302754304,105,1902.0,10.1,28473511936,72527745024,100,15462150144,1241128960,69.0,52.085,69.5,
60489345869602,128.718543011,208.1,18429370368,55302754304,105,1876.0,10.2,28473741312,72527515648,100,15462150144,1241128960,69.0,52.067,69.5,
60489398993024,128.771666433,206.5,18429370368,55302754304,105,1864.0,10.5,28473999360,72527257600,100,15466344448,1241128960,69.0,52.087,69.5,
60489452906258,128.825579667,204.1,18429374464,55302754304,105,1887.0,12.3,28473999360,72527257600,100,15466344448,1241128960,69.0,52.063,69.5,
60489508068302,128.880741711,199.5,18429374464,55302754304,105,1856.0,13.1,28474200064,72527056896,100,15466344448,1241128960,69.0,52.093,69.5,
60489561960055,128.934633464,222.7,18429374464,55302754304,105,1832.0,13.4,28474200064,72527056896,100,15466344448,1241128960,69.0,52.065,69.5,
60489616058716,128.988732125,203.3,18429378560,55302754304,105,1851.0,11.0,28474429440,72526827520,100,15466344448,1241128960,69.0,52.085,69.5,
60489674156034,129.046829443,206.6,18429378560,55302754304,105,1832.0,12.0,28474429440,72526827520,100,15466344448,1241128960,68.0,52.067,69.5,
60489728197428,129.100870837,203.2,18429378560,55302754304,105,1858.0,9.8,28474658816,72526598144,100,15466344448,1241128960,68.0,52.082,69.5,
60489781988722,129.154662131,223.4,18429378560,55302754304,105,1792.0,12.9,28474912768,72526344192,100,15466344448,1241128960,68.0,52.072,69.5,
60489836063057,129.208736466,185.0,18429378560,55302754304,105,1859.0,10.4,28475142144,72526114816,100,15466344448,1241128960,70.0,52.085,69.5,
60489891110086,129.263783495,218.0,18429378560,55302754304,105,1865.0,12.6,28474626048,72526630912,100,15466344448,1241128960,68.0,52.079,69.5,
60489945068674,129.317742083,203.9,18429378560,55302754304,105,1864.0,10.0,28474605568,72526651392,100,15466344448,1241128960,69.0,52.082,69.5,
60489998993870,129.371667279,203.8,18429382656,55302754304,105,1854.0,11.0,28474863616,72526393344,100,15466344448,1241128960,69.0,52.086,69.5,
60490052863962,129.425537371,223.2,18429382656,55302754304,105,1849.0,11.4,28474601472,72526655488,100,15466344448,1241128960,70.0,52.077,69.5,
60490104936022,129.477609431,191.6,18429382656,55302754304,105,1839.0,10.7,28474830848,72526426112,100,15466344448,1241128960,69.0,52.08,69.5,
60490158022164,129.530695573,207.3,18429386752,55302754304,105,1834.0,13.5,28472889344,72528367616,100,15466344448,1241128960,69.0,52.065,69.5,
60490211260221,129.58393363,206.6,18429386752,55302754304,105,1833.0,9.4,28473020416,72528236544,100,15466344448,1241128960,68.0,52.081,69.5,
60490264998807,129.637672216,204.7,18429386752,55302754304,105,1747.0,15.8,28473249792,72528007168,100,15466344448,1241128960,68.0,52.059,69.5,
60490318073347,129.690746756,207.2,18429386752,55302754304,105,1820.0,10.7,28473249792,72528007168,100,15466344448,1241128960,69.0,52.085,69.5,
60490371324038,129.743997447,187.8,18429386752,55302754304,105,1772.0,12.4,28473249792,72528007168,100,15466344448,1241128960,69.0,52.064,69.5,
60490425208076,129.797881485,222.7,18429386752,55302754304,105,1835.0,11.6,28473249792,72528007168,100,15466344448,1241128960,69.0,52.085,69.5,
60490480071872,129.852745281,200.6,18429390848,55302754304,105,1782.0,13.2,28473249792,72528007168,100,15466344448,1241128960,68.0,52.073,69.5,
60490533336929,129.906010338,206.4,18429390848,55302754304,105,1864.0,11.8,28473237504,72528019456,100,15466344448,1241128960,69.0,52.087,69.5,
60490587123384,129.959796793,204.6,18429394944,55302754304,105,1734.0,14.0,28473237504,72528019456,100,15466344448,1241128960,68.0,52.077,69.5,
60490640284968,130.012958377,206.9,18429394944,55302754304,105,1830.0,10.1,28473466880,72527790080,100,15466344448,1241128960,69.0,52.08,69.5,
60490694052267,130.066725676,204.5,18429399040,55303802880,105,1771.0,12.6,28473466880,72527790080,100,15466344448,1241128960,69.0,52.084,69.5,
60490748067912,130.120741321,203.8,18429399040,55303802880,105,1819.0,11.2,28473466880,72527790080,100,15466344448,1241128960,69.0,52.075,69.5,
60490802037581,130.17471099,222.4,18429399040,55303802880,105,1798.0,11.0,28473466880,72527790080,100,15466344448,1241128960,68.0,52.084,69.5,
60490859229672,130.231903081,192.3,18429399040,55303802880,105,1816.0,12.1,28473466880,72527790080,100,15466344448,1241128960,69.0,52.072,69.5,
60490913097800,130.285771209,204.2,18429399040,55303802880,105,1850.0,9.9,28473053184,72528203776,100,15466344448,1241128960,69.0,52.081,69.5,
60490967027744,130.339701153,222.5,18429399040,55303802880,105,1813.0,12.7,28473311232,72527945728,100,15466344448,1241128960,69.0,52.063,69.5,
60491021111487,130.393784896,203.5,18429399040,55303802880,105,1855.0,9.9,28473049088,72528207872,100,15466344448,1241128960,69.0,52.082,69.5,
60491075224695,130.447898104,203.3,18429399040,55303802880,105,1823.0,14.0,28474597376,72526659584,100,15466344448,1241128960,69.0,52.061,69.5,
60491129072245,130.501745654,204.2,18429403136,55303802880,105,1836.0,10.5,28474855424,72526401536,100,15466344448,1241128960,69.0,52.083,69.5,
60491183050650,130.555724059,203.8,18429403136,55303802880,105,1853.0,11.7,28474855424,72526401536,100,15466344448,1241128960,69.0,52.061,69.5,
60491237083236,130.609756645,222.0,18429407232,55303802880,105,1831.0,10.9,28474855424,72526401536,100,15466344448,1241128960,69.0,52.083,69.5,
60491292083999,130.664757408,200.1,18429407232,55303802880,105,1816.0,12.1,28474855424,72526401536,100,15466344448,1241128960,68.0,52.067,69.5,
60491346086559,130.718759968,203.8,18429407232,55303802880,105,1897.0,9.8,28475113472,72526143488,100,15466344448,1241128960,69.0,52.083,69.5,
60491400071196,130.772744605,203.7,18429407232,55303802880,105,1807.0,14.1,28475371520,72525885440,100,15466344448,1241128960,68.0,52.077,69.5,
60491454076050,130.826749459,203.8,18429407232,55303802880,105,1846.0,8.8,28475371520,72525885440,100,15466344448,1241128960,69.0,52.088,69.5,
60491512342406,130.885015815,222.9,18429407232,55303802880,105,1849.0,13.8,28475359232,72525897728,100,15466344448,1241128960,69.0,52.081,69.5,
60491566108723,130.938782132,204.7,18429407232,55303802880,105,1838.0,11.8,28475359232,72525897728,100,15466344448,1241128960,69.0,52.089,69.5,
60491620033978,130.992707387,204.0,18429407232,55303802880,105,1828.0,11.0,28475326464,72525930496,100,15466344448,1241128960,69.0,52.085,69.5,
60491674246983,131.046920392,202.8,18429407232,55303802880,105,1841.0,9.8,28475326464,72525930496,100,15466344448,1241128960,69.0,52.079,69.5,
60491728137213,131.100810622,222.7,18429411328,55303802880,105,1837.0,11.0,28475326464,72525930496,100,15466344448,1241128960,69.0,52.088,69.5,
60491784285467,131.156958876,195.9,18429415424,55303802880,105,1825.0,10.1,28475326464,72525930496,100,15466344448,1241128960,69.0,52.078,69.5,
60491838077993,131.210751402,204.5,18429415424,55303802880,105,1834.0,9.4,28474937344,72526319616,100,15466344448,1241128960,68.0,52.085,69.5,
60491892072318,131.264745727,203.8,18429415424,55303802880,105,1821.0,10.3,28474675200,72526581760,100,15466344448,1241128960,69.0,52.073,69.5,
60491947212111,131.31988552,235.7,18429415424,55303802880,105,1842.0,8.7,28474904576,72526352384,100,15466344448,1241128960,68.0,52.081,69.5,
60492001129030,131.373802439,204.0,18429415424,55303802880,105,1847.0,11.0,28474642432,72526614528,100,15466344448,1241128960,68.0,52.065,69.5,
60492055150095,131.427823504,203.7,18429415424,55303802880,105,1843.0,9.3,28474642432,72526614528,100,15466344448,1241128960,68.0,52.081,69.5,
60492112164673,131.484838082,192.9,18429415424,55303802880,105,1840.0,9.9,28474642432,72526614528,100,15466344448,1241128960,68.0,52.065,69.5,
60492166151454,131.538824863,222.2,18429415424,55303802880,105,1837.0,10.4,28474642432,72526614528,100,15466344448,1241128960,68.0,52.085,69.5,
60492220054889,131.592728298,204.2,18429415424,55303802880,105,1843.0,10.0,28474642432,72526614528,100,15466344448,1241128960,69.0,52.063,69.5,
60492274152798,131.646826207,203.3,18429415424,55303802880,105,1866.0,9.2,28474871808,72526385152,100,15466344448,1241128960,68.0,52.086,69.5,
60492329092515,131.701765924,200.2,18429423616,55303802880,105,1874.0,10.3,28475101184,72526155776,100,15466344448,1241128960,68.0,52.065,69.5,
60492383159486,131.755832895,203.3,18429423616,55303802880,105,1861.0,12.0,28475101184,72526155776,100,15462150144,1241128960,69.0,52.089,69.5,
60492439081816,131.811755225,232.9,18429423616,55303802880,105,1932.0,8.6,28472516608,72528740352,100,15462150144,1241128960,69.0,52.079,69.5,
60492492027395,131.864700804,207.8,18429423616,55303802880,105,1964.0,10.0,28472745984,72528510976,100,15462150144,1241128960,69.0,52.099,69.5,
60492545110831,131.91778424,188.1,18429423616,55303802880,105,1960.0,11.9,28472733696,72528523264,100,15462150144,1241128960,68.0,52.088,69.5,
60492599163315,131.971836724,203.5,18429423616,55303802880,105,1942.0,9.3,28472733696,72528523264,100,15462150144,1241128960,69.0,52.091,69.5,
60492653157560,132.025830969,203.8,18429423616,55303802880,105,1918.0,9.8,28472733696,72528523264,100,15462150144,1241128960,68.0,52.089,69.5,
60492709296726,132.081970135,213.8,18429423616,55303802880,105,1927.0,9.5,28473217024,72528039936,100,15462150144,1241128960,69.0,52.087,69.5,
60492763148193,132.135821602,204.3,18429431808,55303802880,105,1931.0,9.4,28473217024,72528039936,100,15462150144,1241128960,68.0,52.078,69.375,
60492820556409,132.193229818,1027.2,18429448192,55303802880,105,1914.0,37.8,28473217024,72528039936,100,15462150144,1241128960,68.0,52.081,69.375,
60492874170310,132.246843719,242.3,18429448192,55303802880,105,1897.0,9.9,28473217024,72528039936,100,15462150144,1241128960,69.0,52.087,69.375,
60492928112708,132.300786117,204.0,18429448192,55303802880,105,1933.0,9.5,28473094144,72528162816,100,15462150144,1241128960,68.0,52.068,69.375,
60492982133051,132.35480646,222.2,18429448192,55303802880,105,1890.0,8.6,28473094144,72528162816,100,15462150144,1241128960,69.0,52.089,69.375,
60493036255376,132.408928785,203.1,18429448192,55303802880,105,1928.0,10.5,28473094144,72528162816,100,15462150144,1241128960,69.0,52.063,69.375,
60493090203965,132.462877374,203.9,18429448192,55303802880,105,1860.0,9.9,28473323520,72527933440,100,15462150144,1241128960,68.0,52.091,69.375,
60493144074458,132.516747867,204.2,18429448192,55303802880,105,1901.0,9.9,28473323520,72527933440,100,15462150144,1241128960,68.0,52.066,69.375,
60493198184730,132.570858139,203.2,18429448192,55303802880,105,1899.0,9.2,28472864768,72528392192,100,15462150144,1241128960,70.0,52.09,69.375,
60493254275315,132.626948724,214.0,18429448192,55303802880,105,1907.0,10.6,28473094144,72528162816,100,15462150144,1241128960,68.0,52.068,69.375,
60493308312330,132.680985739,203.1,18429448192,55303802880,105,1894.0,9.2,28473094144,72528162816,100,15462150144,1241128960,68.0,52.087,69.375,
60493364248716,132.736922125,215.0,18429448192,55303802880,105,1848.0,11.4,28476706816,72524550144,100,15466344448,1241128960,68.0,52.074,69.375,
60493418235176,132.790908585,203.7,18429452288,55303802880,105,1934.0,10.4,28476706816,72524550144,100,15466344448,1241128960,69.0,52.088,69.375,
60493474363212,132.847036621,213.9,18429452288,55303802880,105,1865.0,12.9,28476964864,72524292096,100,15466344448,1241128960,69.0,52.081,69.375,
60493528209639,132.900883048,204.3,18429452288,55303802880,105,1861.0,12.4,28476964864,72524292096,100,15466344448,1241128960,69.0,52.087,69.375,
60493582279285,132.954952694,203.3,18429452288,55303802880,105,1888.0,12.6,28476956672,72524300288,100,15466344448,1241128960,69.0,52.086,69.375,
60493637267613,133.009941022,200.1,18429452288,55303802880,105,1932.0,12.1,28476956672,72524300288,100,15466344448,1241128960,69.0,52.076,69.375,
60493691202447,133.063875856,204.0,18429456384,55303802880,105,1878.0,9.4,28476956672,72524300288,100,15466344448,1241128960,69.0,52.085,69.375,
60493745282462,133.117955871,203.4,18429456384,55303802880,105,1954.0,11.6,28476432384,72524824576,100,15466344448,1241128960,69.0,52.069,69.375,
60493799238955,133.171912364,222.6,18429456384,55303802880,105,1944.0,9.2,28476432384,72524824576,100,15466344448,1241128960,69.0,52.079,69.375,
60493853291740,133.225965149,203.4,18429456384,55303802880,105,1971.0,11.1,28475383808,72525873152,100,15466344448,1241128960,69.0,52.063,69.375,
60493907167131,133.27984054,204.1,18429456384,55303802880,105,1900.0,10.4,28475535360,72525721600,100,15466344448,1241128960,69.0,52.087,69.375,
60493961055046,133.333728455,204.2,18429460480,55303802880,105,1923.0,11.7,28475535360,72525721600,100,15466344448,1241128960,69.0,52.064,69.375,
60494014339239,133.387012648,187.6,18429460480,55303802880,105,1834.0,11.1,28476018688,72525238272,100,15466344448,1241128960,68.0,52.085,69.375,
60494069218012,133.441891421,237.0,18429460480,55303802880,105,1846.0,12.0,28476248064,72525008896,100,15466344448,1241128960,69.0,52.067,69.375,
60494123179415,133.495852824,185.3,18429460480,55303802880,105,1903.0,9.3,28476248064,72525008896,100,15466344448,1241128960,69.0,52.085,69.375,
60494177364608,133.550038017,203.1,18429460480,55303802880,105,1865.0,11.1,28476248064,72525008896,100,15466344448,1241128960,68.0,52.074,69.375,
60494231180308,133.603853717,204.4,18429464576,55303802880,105,1895.0,10.5,28476248064,72525008896,100,15466344448,1241128960,69.0,52.081,69.375,
60494285211682,133.657885091,203.5,18429464576,55303802880,105,1785.0,11.6,28475985920,72525271040,100,15466344448,1241128960,69.0,52.085,69.375,
60494339184115,133.711857524,222.3,18429464576,55303802880,105,1843.0,11.8,28476215296,72525041664,100,15466344448,1241128960,69.0,52.076,69.375,
60494393233182,133.765906591,203.6,18429464576,55303802880,105,1858.0,11.6,28476116992,72525139968,100,15466344448,1241128960,68.0,52.085,69.375,
60494448418180,133.821091589,199.2,18429464576,55303802880,105,1807.0,13.0,28476116992,72525139968,100,15466344448,1241128960,69.0,52.074,69.375,
60494502309882,133.874983291,204.1,18429468672,55303802880,105,1825.0,11.6,28475449344,72525807616,100,15466344448,1241128960,68.0,52.088,69.375,
60494556204820,133.928878229,222.7,18429468672,55303802880,105,1814.0,14.5,28475449344,72525807616,100,15466344448,1241128960,69.0,52.069,69.375,
60494610354646,133.983028055,203.2,18429468672,55303802880,105,1840.0,10.5,28475449344,72525807616,100,15466344448,1241128960,68.0,52.084,69.375,
60494664154726,134.036828135,204.6,18429468672,55303802880,105,1825.0,11.7,28475449344,72525807616,100,15466344448,1241128960,68.0,52.062,69.375,
60494717396349,134.090069758,206.4,18429472768,55303802880,105,1824.0,10.0,28475678720,72525578240,100,15466344448,1241128960,69.0,52.086,69.375,
60494773210957,134.145884366,215.0,18429472768,55303802880,105,1847.0,10.8,28475678720,72525578240,100,15466344448,1241128960,68.0,52.065,69.375,
60494827236089,134.199909498,203.4,18429476864,55303802880,105,1862.0,10.3,28475908096,72525348864,100,15466344448,1241128960,68.0,52.083,69.375,
60494881244109,134.253917518,203.8,18429476864,55303802880,105,1821.0,11.8,28476162048,72525094912,100,15466344448,1241128960,69.0,52.072,69.375,
60494935318825,134.307992234,203.5,18429476864,55303802880,105,1889.0,9.3,28476162048,72525094912,100,15466344448,1241128960,70.0,52.083,69.375,
60494989336182,134.362009591,203.3,18429476864,55303802880,105,1815.0,11.4,28475899904,72525357056,100,15466344448,1241128960,68.0,52.079,69.375,
60495044189207,134.416862616,219.3,18429480960,55303802880,105,1890.0,10.7,28475506688,72525750272,100,15466344448,1241128960,69.0,52.079,69.375,
60495097126119,134.469799528,207.9,18429480960,55303802880,105,1839.0,10.7,28478087168,72523169792,100,15466344448,1241128960,69.0,52.084,69.375,
60495149149367,134.521822776,211.4,18429480960,55303802880,105,1837.0,11.4,28477333504,72523923456,100,15466344448,1241128960,69.0,52.069,69.375,
60495201446750,134.574120159,190.8,18429480960,55303802880,105,1852.0,8.9,28477333504,72523923456,100,15466344448,1241128960,68.0,52.078,69.375,
60495255288348,134.627961757,204.7,18429480960,55303802880,105,1852.0,11.8,28477333504,72523923456,100,15466344448,1241128960,69.0,52.064,69.375,
60495308175557,134.680848966,208.0,18429480960,55303802880,105,1848.0,9.0,28477333504,72523923456,100,15466344448,1241128960,68.0,52.084,69.375,
60495361034712,134.733708121,208.1,18429480960,55303802880,105,1901.0,10.7,28477562880,72523694080,100,15466344448,1241128960,69.0,52.061,69.375,
60495413146627,134.785820036,211.1,18429485056,55303802880,105,1876.0,9.0,28477792256,72523464704,100,15466344448,1241128960,69.0,52.083,69.375,
60495466264709,134.838938118,207.1,18429485056,55303802880,105,1885.0,10.5,28478046208,72523210752,100,15466344448,1241128960,68.0,52.067,69.375,
60495519186081,134.89185949,188.9,18429485056,55303802880,105,1880.0,11.4,28478017536,72523239424,100,15466344448,1241128960,70.0,52.088,69.375,
60495572108586,134.944781995,207.9,18429489152,55303802880,105,1850.0,12.0,28478017536,72523239424,100,15466344448,1241128960,68.0,52.082,69.375,
60495626266056,134.998939465,221.6,18429489152,55303802880,105,1853.0,10.5,28477976576,72523280384,100,15466344448,1241128960,69.0,52.078,69.375,
60495679118810,135.051792219,189.2,18429489152,55303802880,105,1808.0,10.8,28477976576,72523280384,100,15466344448,1241128960,69.0,52.081,69.375,
60495735366229,135.108039638,213.0,18429489152,55303802880,105,1898.0,9.1,28477976576,72523280384,100,15466344448,1241128960,69.0,52.072,69.375,
60495789288559,135.161961968,203.9,18429489152,55303802880,105,1880.0,9.2,28477681664,72523575296,100,15466344448,1241128960,69.0,52.081,69.375,
60495843297470,135.215970879,222.3,18429489152,55303802880,105,1832.0,10.4,28477157376,72524099584,100,15466344448,1241128960,69.0,52.065,69.375,
60495898386598,135.271060007,199.4,18429489152,55303802880,105,1841.0,9.1,28477386752,72523870208,100,15466344448,1241128960,68.0,52.077,69.375,
60495953516471,135.32618988,199.7,18429493248,55303802880,105,1823.0,9.8,28477845504,72523411456,100,15466344448,1241128960,69.0,52.063,69.375,
60496007286114,135.379959523,204.6,18429493248,55303802880,105,1852.0,8.7,28476698624,72524558336,100,15466344448,1241128960,68.0,52.082,69.375,
60496061387930,135.434061339,221.7,18429493248,55303802880,105,1880.0,9.4,28476698624,72524558336,100,15466344448,1241128960,68.0,52.06,69.375,
60496115306753,135.487980162,204.2,18429497344,55303802880,105,1883.0,8.2,28476698624,72524558336,100,15466344448,1241128960,68.0,52.085,69.375,
60496169241806,135.541915215,203.9,18429497344,55303802880,105,1879.0,9.3,28476698624,72524558336,100,15466344448,1241128960,68.0,52.063,69.375,
60496223307004,135.595980413,203.5,18429497344,55303802880,105,1932.0,8.7,28476698624,72524558336,100,15466344448,1241128960,68.0,52.082,69.375,
60496278404557,135.651077966,217.8,18429497344,55303802880,105,1900.0,9.7,28474920960,72526336000,100,15466344448,1241128960,68.0,52.068,69.375,
60496332608514,135.705281923,203.1,18429497344,55303802880,105,1931.0,8.0,28474920960,72526336000,100,15466344448,1241128960,69.0,52.082,69.375,
60496386308727,135.758982136,204.4,18429497344,55303802880,105,1892.0,11.0,28473888768,72527368192,100,15460052992,1241128960,68.0,52.077,69.375,
60496440310856,135.812984265,203.9,18429497344,55303802880,105,1915.0,8.8,28473974784,72527282176,100,15460052992,1241128960,69.0,52.078,69.375,
60496494258403,135.866931812,203.9,18429501440,55303802880,105,1916.0,12.7,28477071360,72524185600,100,15460052992,1241128960,68.0,52.079,69.375,
60496553274704,135.925948113,1016.7,18429521920,55303802880,105,1899.0,41.6,28477628416,72523628544,100,15460052992,1241128960,69.0,52.08,69.375,
60496607270160,135.979943569,203.6,18429526016,55303802880,105,1880.0,12.7,28477628416,72523628544,100,15460052992,1241128960,68.0,52.078,69.375,
60496663281216,136.035954625,214.3,18429526016,55303802880,105,1902.0,9.0,28477628416,72523628544,100,15460052992,1241128960,69.0,52.059,69.375,
60496717267475,136.089940884,203.8,18429526016,55303802880,105,1850.0,9.8,28477333504,72523923456,100,15460052992,1241128960,68.0,52.076,69.375,
60496771281677,136.143955086,222.1,18429526016,55303802880,105,1855.0,11.0,28476764160,72524492800,100,15460052992,1241128960,69.0,52.058,69.375,
60496825365018,136.198038427,203.4,18429526016,55303802880,105,1866.0,8.7,28476764160,72524492800,100,15460052992,1241128960,69.0,52.081,69.375,
60496880403670,136.253077079,199.9,18429526016,55303802880,105,1936.0,19.4,28476526592,72524730368,100,15460052992,1241128960,68.0,52.065,69.375,
60496934191828,136.306865237,204.5,18429526016,55303802880,105,1950.0,22.5,28477399040,72523857920,100,15460052992,1241128960,68.0,52.093,69.375,
60496988296659,136.360970068,221.8,18429526016,55303802880,105,1901.0,15.5,28406407168,72594849792,100,15460052992,1241128960,68.0,52.071,69.25,
60497042331249,136.415004658,185.1,18429526016,55303802880,105,1913.0,12.7,28277841920,72723415040,100,15460052992,1241128960,69.0,52.078,69.25,
60497096236557,136.468909966,222.6,18429526016,55303802880,105,1819.0,14.0,28197818368,72803438592,100,15460052992,1241128960,68.0,52.071,69.25,
60497150370382,136.523043791,203.2,18429530112,55303802880,105,1897.0,10.5,28198219776,72803037184,100,15460052992,1241128960,69.0,52.074,69.25,
60497204339309,136.577012718,203.8,18429530112,55303802880,105,1852.0,10.5,28198219776,72803037184,100,15460052992,1241128960,69.0,52.079,69.25,
60497258284511,136.63095792,204.0,18429530112,55303802880,105,1867.0,9.4,28198219776,72803037184,100,15460052992,1241128960,69.0,52.071,69.25,
60497312332977,136.685006386,203.5,18429530112,55303802880,105,1872.0,9.8,28198449152,72802807808,100,15460052992,1241128960,69.0,52.078,69.25,
60497366376844,136.739050253,203.6,18429534208,55303802880,105,1841.0,12.2,28202004480,72799252480,100,15464247296,1241128960,69.0,52.071,69.25,
60497422395805,136.795069214,214.2,18429534208,55303802880,105,1815.0,10.2,28202262528,72798994432,100,15464247296,1241128960,69.0,52.078,69.25,
60497476329806,136.849003215,203.9,18429534208,55303802880,105,1821.0,12.3,28202262528,72798994432,100,15464247296,1241128960,69.0,52.071,69.25,
60497530343807,136.903017216,203.6,18429534208,55303802880,105,1810.0,13.4,28202414080,72798842880,100,15464247296,1241128960,68.0,52.09,69.375,
60497584392663,136.957066072,222.1,18429534208,55303802880,105,1827.0,16.2,28202414080,72798842880,100,15464247296,1241128960,68.0,52.064,69.25,
60497638436601,137.01111001,203.5,18429538304,55303802880,105,1831.0,11.2,28202668032,72798588928,100,15464247296,1241128960,69.0,52.085,69.25,
60497692346246,137.065019655,204.1,18429538304,55303802880,105,1865.0,11.7,28203184128,72798072832,100,15464247296,1241128960,68.0,52.064,69.25,
60497746355378,137.119028787,203.6,18429538304,55303802880,105,1848.0,10.4,28203442176,72797814784,100,15464247296,1241128960,68.0,52.083,69.25,
60497800359561,137.17303297,203.7,18429538304,55303802880,105,1873.0,12.3,28203442176,72797814784,100,15464247296,1241128960,68.0,52.069,69.25,
60497854373552,137.227046961,222.2,18429538304,55303802880,105,1874.0,10.4,28203442176,72797814784,100,15464247296,1241128960,69.0,52.085,69.375,
60497908528647,137.281202056,203.0,18429542400,55303802880,105,1840.0,12.8,28203700224,72797556736,100,15464247296,1241128960,68.0,52.077,69.375,
60497962332524,137.335005933,204.5,18429542400,55303802880,105,1843.0,10.5,28195553280,72805703680,100,15464247296,1241128960,69.0,52.082,69.375,
60498016406488,137.389079897,203.3,18429542400,55303802880,105,1870.0,30.7,28196065280,72805191680,100,15464247296,1241128960,69.0,52.093,69.375,
60498071440181,137.44411359,199.9,18429542400,55303802880,105,1851.0,20.8,28196962304,72804294656,100,15464247296,1241128960,69.0,52.08,69.375,
60498126491968,137.499165377,217.9,18429542400,55303802880,105,1872.0,10.5,28196962304,72804294656,100,15464247296,1241128960,69.0,52.077,69.375,
60498180367610,137.553041019,204.2,18429546496,55303802880,105,1892.0,10.9,28196962304,72804294656,100,15464247296,1241128960,69.0,52.067,69.375,
60498235425618,137.608099027,200.0,18429546496,55303802880,105,1888.0,9.8,28196962304,72804294656,100,15464247296,1241128960,68.0,52.079,69.375,
60498289345332,137.662018741,204.0,18429546496,55303802880,105,1817.0,12.1,28197216256,72804040704,100,15464247296,1241128960,70.0,52.062,69.375,
60498343416421,137.71608983,222.0,18429546496,55303802880,105,1892.0,10.5,28197675008,72803581952,100,15464247296,1241128960,68.0,52.08,69.375,
60498397360440,137.770033849,203.7,18429546496,55303802880,105,1859.0,13.2,28197904384,72803352576,100,15464247296,1241128960,69.0,52.058,69.375,
60498451473056,137.824146465,203.5,18429546496,55303802880,105,1855.0,10.0,28197904384,72803352576,100,15464247296,1241128960,69.0,52.083,69.375,
60498505332207,137.878005616,204.2,18429550592,55303802880,105,1854.0,12.9,28196343808,72804913152,100,15464247296,1241128960,69.0,52.065,69.375,
60498559555871,137.93222928,220.9,18429550592,55303802880,105,1863.0,13.4,28196343808,72804913152,100,15464247296,1241128960,69.0,52.083,69.375,
60498613488459,137.986161868,204.3,18429554688,55303802880,105,1844.0,14.9,28196573184,72804683776,100,15464247296,1241128960,69.0,52.068,69.375,
60498667364251,138.04003766,204.3,18429554688,55303802880,105,1937.0,8.9,28196573184,72804683776,100,15464247296,1241128960,69.0,52.082,69.375,
60498722377335,138.095050744,199.8,18429558784,55303802880,105,1926.0,11.2,28196831232,72804425728,100,15464247296,1241128960,68.0,52.074,69.375,
60498776288914,138.148962323,204.3,18429558784,55303802880,105,1946.0,8.9,28197576704,72803680256,100,15464247296,1241128960,69.0,52.077,69.375,
60498829285247,138.201958656,226.2,18429558784,55303802880,105,1890.0,10.7,28198092800,72803164160,100,15464247296,1241128960,68.0,52.083,69.375,
60498882354366,138.255027775,207.3,18429558784,55303802880,105,1874.0,11.9,28181229568,72820027392,100,15464247296,1241128960,69.0,52.071,69.375,
60498935440267,138.308113676,207.2,18429558784,55303802880,105,1839.0,11.0,28181745664,72819511296,100,15464247296,1241128960,68.0,52.075,69.375,
60498989488292,138.362161701,203.4,18429558784,55303802880,105,1830.0,11.0,28181975040,72819281920,100,15464247296,1241128960,68.0,52.06,69.375,
60499043476124,138.416149533,203.9,18429562880,55303802880,105,1836.0,10.5,28181975040,72819281920,100,15464247296,1241128960,69.0,52.083,69.375,
60499110844695,138.483518104,222.6,18429562880,55303802880,105,1829.0,15.0,28185587712,72815669248,100,15464247296,1241128960,69.0,52.066,69.375,
60499164469487,138.537142896,204.9,18429562880,55303802880,105,1814.0,10.5,28185817088,72815439872,100,15464247296,1241128960,68.0,52.076,69.375,
60499217428750,138.590102159,208.4,18429562880,55303802880,105,1850.0,12.6,28186333184,72814923776,100,15464247296,1241128960,69.0,52.059,69.375,
60499269414017,138.642087426,211.2,18429562880,55303802880,105,1847.0,10.2,28186562560,72814694400,100,15464247296,1241128960,68.0,52.082,69.375,
60499322485611,138.69515902,188.5,18429566976,55303802880,105,1854.0,11.9,28186562560,72814694400,100,15464247296,1241128960,69.0,52.059,69.375,
60499375469420,138.748142829,207.5,18429566976,55303802880,105,1851.0,11.8,28186562560,72814694400,100,15464247296,1241128960,69.0,52.081,69.375,
60499429544225,138.802217634,203.5,18429566976,55303802880,105,1823.0,10.5,28186816512,72814440448,100,15464247296,1241128960,68.0,52.066,69.375,
60499482445900,138.855119309,208.3,18429566976,55303802880,105,1883.0,9.5,28187033600,72814223360,100,15464247296,1241128960,70.0,52.084,69.375,
60499535434107,138.908107516,226.2,18429566976,55303802880,105,1839.0,15.2,28187017216,72814239744,100,15464247296,1241128960,68.0,52.078,69.375,
60499590768334,138.963441743,198.6,18429566976,55303802880,105,1863.0,12.3,28188049408,72813207552,100,15464247296,1241128960,69.0,52.079,69.375,
60499645535337,139.018208746,219.2,18429571072,55303802880,105,1834.0,10.3,28188049408,72813207552,100,15464247296,1241128960,68.0,52.077,69.375,
60499700466948,139.073140357,200.2,18429571072,55303802880,105,1888.0,9.2,28188049408,72813207552,100,15464247296,1241128960,69.0,52.073,69.375,
60499753484320,139.126157729,188.6,18429571072,55303802880,105,1856.0,10.7,28188278784,72812978176,100,15464247296,1241128960,69.0,52.08,69.375,
60499806373832,139.179047241,208.1,18429575168,55303802880,105,1858.0,10.1,28188278784,72812978176,100,15464247296,1241128960,69.0,52.069,69.375,
60499859386997,139.232060406,226.2,18429575168,55303802880,105,1868.0,8.3,28182671360,72818585600,100,15464247296,1241128960,69.0,52.075,69.375,
60499912466355,139.285139764,188.7,18429575168,55303802880,105,1852.0,11.3,28182659072,72818597888,100,15464247296,1241128960,69.0,52.06,69.375,
60499965343193,139.338016602,207.7,18429575168,55303802880,105,1849.0,9.4,28182659072,72818597888,100,15464247296,1241128960,68.0,52.079,69.5,
60500020842920,139.393516329,198.0,18429575168,55303802880,105,1837.0,11.4,28182659072,72818597888,100,15464247296,1241128960,68.0,52.058,69.375,
60500073528981,139.44620239,209.0,18429575168,55303802880,105,1891.0,8.9,28182036480,72819220480,100,15464247296,1241128960,69.0,52.081,69.5,
60500126431398,139.499104807,226.9,18429575168,55303802880,105,1860.0,10.1,28182036480,72819220480,100,15464247296,1241128960,69.0,52.06,69.375,
60500179715430,139.552388839,187.7,18429575168,55303802880,105,1874.0,9.2,28182265856,72818991104,100,15464247296,1241128960,69.0,52.082,69.5,
60500238736730,139.611410139,220.3,18429583360,55303802880,105,1878.0,11.8,28182069248,72819187712,100,15464247296,1241128960,68.0,52.064,69.375,
60500295885629,139.668559038,927.5,18429583360,55303802880,105,1940.0,32.0,28182069248,72819187712,100,15464247296,1241128960,68.0,52.08,69.375,
60500354670906,139.727344315,204.0,18429583360,55303802880,105,1864.0,11.4,28182298624,72818958336,100,15464247296,1241128960,69.0,52.065,69.375,
60500408532942,139.781206351,204.2,18429583360,55303802880,105,1906.0,11.6,28182261760,72818995200,100,15464247296,1241128960,69.0,52.08,69.375,
60500462434722,139.835108131,204.1,18429583360,55303802880,105,1925.0,11.1,28182745088,72818511872,100,15464247296,1241128960,69.0,52.081,69.375,
60500516496993,139.889170402,203.4,18429583360,55303802880,105,1949.0,11.0,28182745088,72818511872,100,15464247296,1241128960,70.0,52.09,69.375,
60500570430012,139.943103421,203.9,18429587456,55303802880,105,1957.0,11.7,28182745088,72818511872,100,15464247296,1241128960,69.0,52.089,69.375,
60500624413546,139.997086955,203.9,18429587456,55303802880,105,1945.0,9.4,28182745088,72818511872,100,15464247296,1241128960,69.0,52.076,69.375,
60500678506234,140.051179643,221.8,18429587456,55303802880,105,1938.0,9.2,28182745088,72818511872,100,15464247296,1241128960,69.0,52.083,69.5,
60500732459992,140.105133401,203.8,18429587456,55303802880,105,1913.0,9.9,28182974464,72818282496,100,15464247296,1241128960,69.0,52.068,69.5,
60500786478040,140.159151449,203.8,18429587456,55303802880,105,1900.0,8.1,28182966272,72818290688,100,15464247296,1241128960,69.0,52.082,69.5,
60500840930503,140.213603912,201.9,18429587456,55303802880,105,1925.0,11.0,28182966272,72818290688,100,15464247296,1241128960,69.0,52.06,69.5,
60500894481806,140.267155215,205.5,18429587456,55303802880,105,1913.0,10.5,28174708736,72826548224,100,15464247296,1241128960,69.0,52.086,69.5,
60500948437367,140.321110776,222.4,18429587456,55303802880,105,1928.0,10.4,28175175680,72826081280,100,15464247296,1241128960,69.0,52.064,69.5,
60501002410922,140.375084331,203.7,18429587456,55303802880,105,1927.0,9.8,28175147008,72826109952,100,15464247296,1241128960,68.0,52.085,69.5,
60501059485612,140.432159021,210.3,18429587456,55303802880,105,1879.0,10.6,28175147008,72826109952,100,15464247296,1241128960,69.0,52.068,69.5,
60501113428299,140.486101708,203.9,18429591552,55303802880,105,1882.0,11.0,28178210816,72823046144,100,15464247296,1241128960,69.0,52.085,69.5,
60501169749015,140.542422424,213.0,18429591552,55303802880,105,1902.0,11.2,28178210816,72823046144,100,15464247296,1241128960,68.0,52.075,69.5,
60501223463805,140.596137214,204.8,18429591552,55303802880,105,1909.0,9.9,28178210816,72823046144,100,15464247296,1241128960,70.0,52.081,69.5,
60501277500197,140.650173606,203.3,18429591552,55303802880,105,1871.0,10.5,28178210816,72823046144,100,15464247296,1241128960,69.0,52.085,69.5,
60501331491165,140.704164574,222.5,18429591552,55303802880,105,1875.0,10.4,28178210816,72823046144,100,15464247296,1241128960,69.0,52.075,69.5,
60501385479999,140.758153408,203.7,18429591552,55303802880,105,1855.0,11.2,28178210816,72823046144,100,15462150144,1241128960,69.0,52.083,69.5,
60501439487146,140.812160555,203.7,18429591552,55303802880,105,1851.0,11.6,28179243008,72822013952,100,15462150144,1241128960,69.0,52.067,69.375,
60501493541673,140.866215082,203.4,18429591552,55303802880,105,1909.0,11.6,28181811200,72819445760,100,15462150144,1241128960,69.0,52.08,69.5,
60501550635609,140.923309018,210.2,18429591552,55303802880,105,1903.0,14.9,28183875584,72817381376,100,15462150144,1241128960,69.0,52.066,69.375,
60501604558809,140.977232218,204.0,18429591552,55303802880,105,1910.0,25.0,28185165824,72816091136,100,15462150144,1241128960,68.0,52.091,69.375,
60501659468960,141.032142369,218.7,18429595648,55303802880,105,1874.0,24.7,28186701824,72814555136,100,15462150144,1241128960,68.0,52.066,69.375,
60501713602826,141.086276235,203.1,18429595648,55303802880,105,1876.0,15.3,28187189248,72814067712,100,15462150144,1241128960,68.0,52.079,69.375,
60501768604889,141.141278298,218.2,18429595648,55303802880,105,1874.0,12.3,28187418624,72813838336,100,15462150144,1241128960,68.0,52.068,69.375,
60501822723556,141.195396965,203.2,18429595648,55303802880,105,1867.0,10.4,28187418624,72813838336,100,15462150144,1241128960,69.0,52.079,69.375,
60501880673386,141.253346795,224.1,18429595648,55303802880,105,1827.0,12.3,28187840512,72813416448,100,15462150144,1241128960,68.0,52.075,69.375,
60501935675961,141.30834937,200.2,18429595648,55303802880,105,1872.0,11.1,28180275200,72820981760,100,15462150144,1241128960,69.0,52.075,69.375,
60501989591026,141.362264435,203.9,18429595648,55303802880,105,1837.0,11.0,28180504576,72820752384,100,15462150144,1241128960,69.0,52.081,69.375,
60502043655922,141.416329331,203.5,18429595648,55303802880,105,1827.0,12.6,28180504576,72820752384,100,15462150144,1241128960,69.0,52.072,69.375,
60502098811693,141.471485102,199.6,18429595648,55303802880,105,1896.0,8.8,28180733952,72820523008,100,15462150144,1241128960,68.0,52.076,69.375,
60502151500379,141.524173788,209.2,18429595648,55303802880,105,1869.0,13.3,28180963328,72820293632,100,15462150144,1241128960,69.0,52.063,69.375,
60502203516663,141.576190072,211.1,18429599744,55303802880,105,1856.0,10.7,28181217280,72820039680,100,15462150144,1241128960,69.0,52.081,69.375,
60502256338308,141.629011717,189.6,18429603840,55303802880,105,1907.0,12.6,28181475328,72819781632,100,15462150144,1241128960,68.0,52.058,69.375,
60502308378869,141.681052278,210.8,18429603840,55303802880,105,1857.0,10.1,28181704704,72819552256,100,15462150144,1241128960,68.0,52.08,69.375,
60502363617375,141.736290784,217.4,18429603840,55303802880,105,1892.0,12.0,28181704704,72819552256,100,15462150144,1241128960,68.0,52.065,69.375,
60502416493031,141.78916644,189.0,18429603840,55303802880,105,1892.0,11.1,28181704704,72819552256,100,15462150144,1241128960,69.0,52.08,69.375,
60502469505875,141.842179284,208.0,18429603840,55303802880,105,1818.0,12.0,28181704704,72819552256,100,15462150144,1241128960,68.0,52.082,69.375,
60502521571181,141.89424459,191.7,18429603840,55303802880,105,1881.0,12.6,28181700608,72819556352,100,15462150144,1241128960,69.0,52.087,69.375,
60502575521693,141.948195102,222.5,18429603840,55303802880,105,1825.0,14.5,28181958656,72819298304,100,15462150144,1241128960,69.0,52.09,69.375,
60502628578348,142.001251757,207.2,18429603840,55303802880,105,1858.0,12.4,28180025344,72821231616,100,15462150144,1241128960,69.0,52.067,69.375,
60502681666813,142.054340222,207.1,18429603840,55303802880,105,1829.0,10.0,28180017152,72821239808,100,15462150144,1241128960,68.0,52.079,69.375,
60502735581948,142.108255357,204.1,18429607936,55303802880,105,1839.0,12.4,28180017152,72821239808,100,15462150144,1241128960,68.0,52.057,69.375,
60502788600883,142.161274292,207.4,18429612032,55303802880,105,1817.0,10.7,28180246528,72821010432,100,15462150144,1241128960,69.0,52.085,69.375,
60502841547893,142.214221302,189.0,18429612032,55303802880,105,1828.0,12.5,28169261056,72831995904,100,15462150144,1241128960,68.0,52.066,69.375,
60502894769668,142.267443077,224.7,18429612032,55303802880,105,1860.0,10.5,28169195520,72832061440,100,15462150144,1241128960,69.0,52.083,69.375,
60502951648520,142.324321929,193.9,18429616128,55303802880,105,1821.0,13.3,28169052160,72832204800,100,15462150144,1241128960,68.0,52.069,69.375,
60503004607623,142.377281032,207.6,18429616128,55303802880,105,1909.0,9.5,28169023488,72832233472,100,15462150144,1241128960,70.0,52.084,69.375,
60503057660922,142.430334331,207.3,18429616128,55303802880,105,1903.0,13.0,28170022912,72831234048,100,15462150144,1241128960,68.0,52.08,69.375,
60503112942850,142.485616259,217.0,18429616128,55303802880,105,1830.0,12.5,28170797056,72830459904,100,15462150144,1241128960,70.0,52.079,69.375,
60503166707933,142.539381342,204.6,18429616128,55303802880,105,1800.0,11.6,28170797056,72830459904,100,15462150144,1241128960,69.0,52.083,69.375,
60503220480491,142.5931539,205.0,18429616128,55303802880,105,1840.0,11.8,28171055104,72830201856,100,15462150144,1241128960,69.0,52.07,69.375,
60503272648981,142.64532239,191.3,18429620224,55303802880,105,1853.0,11.2,28171284480,72829972480,100,15462150144,1241128960,68.0,52.078,69.375,
60503326505797,142.699179206,204.7,18429620224,55303802880,105,1869.0,12.4,28171284480,72829972480,100,15462150144,1241128960,69.0,52.062,69.375,
60503378589728,142.751263137,210.8,18429624320,55303802880,105,1835.0,9.6,28171284480,72829972480,100,15462150144,1241128960,69.0,52.083,69.375,
60503431563348,142.804236757,207.8,18429624320,55303802880,105,1841.0,9.6,28171530240,72829726720,100,15462150144,1241128960,68.0,52.059,69.375,
60503484548870,142.857222279,207.4,18429624320,55303802880,105,1833.0,10.5,28171517952,72829739008,100,15462150144,1241128960,69.0,52.082,69.375,
60503537630903,142.910304312,207.4,18429624320,55303802880,105,1800.0,13.9,28171517952,72829739008,100,15462150144,1241128960,68.0,52.074,69.375,
60503590517169,142.963190578,208.2,18429624320,55303802880,105,1920.0,10.1,28171517952,72829739008,100,15462150144,1241128960,69.0,52.08,69.375,
60503643624609,143.016298018,188.1,18429624320,55303802880,105,1911.0,10.6,28170715136,72830541824,100,15462150144,1241128960,69.0,52.079,69.375,
60503696658863,143.069332272,207.6,18429624320,55303802880,105,1887.0,10.1,28169863168,72831393792,100,15462150144,1241128960,70.0,52.071,69.375,
60503749574904,143.122248313,226.5,18429624320,55303802880,105,1862.0,9.4,28170121216,72831135744,100,15462150144,1241128960,68.0,52.077,69.375,
60503802625699,143.175299108,188.6,18429628416,55303802880,105,1881.0,10.7,28170604544,72830652416,100,15462150144,1241128960,69.0,52.064,69.375,
60503855639754,143.228313163,207.4,18429628416,55303802880,105,1867.0,7.7,28170604544,72830652416,100,15462150144,1241128960,68.0,52.078,69.375,
60503911667080,143.284340489,214.3,18429628416,55303802880,105,1863.0,11.1,28155207680,72846049280,100,15462150144,1241128960,69.0,52.055,69.375,
60503964704479,143.337377888,188.5,18429632512,55303802880,105,1859.0,10.0,28155437056,72845819904,100,15462150144,1241128960,70.0,52.082,69.375,
60504017577269,143.390250678,227.1,18429632512,55303802880,105,1877.0,10.2,28156182528,72845074432,100,15462150144,1241128960,68.0,52.059,69.375,
60504073914275,143.446587684,1027.1,18429640704,55303802880,105,1880.0,37.2,28156182528,72845074432,100,15462150144,1241128960,68.0,52.082,69.375,
60504131840972,143.504514381,207.5,18429640704,55303802880,105,1881.0,10.1,28156411904,72844845056,100,15462150144,1241128960,68.0,52.063,69.375,
60504186798893,143.559472302,218.2,18429640704,55303802880,105,1848.0,9.2,28156641280,72844615680,100,15462150144,1241128960,69.0,52.081,69.375,
60504247635767,143.620309176,213.9,18429644800,55303802880,105,1847.0,11.4,28154273792,72846983168,100,15462150144,1241128960,68.0,52.063,69.375,
60504301669434,143.674342843,203.1,18429644800,55303802880,105,1859.0,8.6,28154273792,72846983168,100,15462150144,1241128960,69.0,52.079,69.375,
60504357720744,143.730394153,214.5,18429644800,55303802880,105,1843.0,11.8,28154527744,72846729216,100,15462150144,1241128960,68.0,52.065,69.375,
60504411754452,143.784427861,203.6,18429644800,55303802880,105,1861.0,9.9,28156334080,72844922880,100,15462150144,1241128960,69.0,52.08,69.375,
60504468059137,143.840732546,213.1,18429644800,55303802880,105,1877.0,10.0,28156334080,72844922880,100,15462150144,1241128960,68.0,52.067,69.375,
60504522719369,143.895392778,219.5,18429644800,55303802880,105,1852.0,11.6,28156321792,72844935168,100,15462150144,1241128960,69.0,52.082,69.375,
60504576635797,143.949309206,185.5,18429644800,55303802880,105,1865.0,15.0,28156321792,72844935168,100,15462150144,1241128960,68.0,52.08,69.375,
60504630752179,144.003425588,203.4,18429644800,55303802880,105,1843.0,9.9,28153405440,72847851520,100,15462150144,1241128960,69.0,52.071,69.375,
60504684706908,144.057380317,203.7,18429644800,55303802880,105,1859.0,10.4,28153356288,72847900672,100,15462150144,1241128960,69.0,52.079,69.375,
60504738803072,144.111476481,203.5,18429648896,55303802880,105,1839.0,9.5,28153069568,72848187392,100,15462150144,1241128960,70.0,52.066,69.375,
60504792727084,144.165400493,203.8,18429652992,55303802880,105,1846.0,10.3,28153327616,72847929344,100,15462150144,1241128960,69.0,52.075,69.375,
60504846773906,144.219447315,221.9,18429652992,55303802880,105,1896.0,9.9,28153556992,72847699968,100,15462150144,1241128960,68.0,52.058,69.375,
60504900718786,144.273392195,204.1,18429652992,55303802880,105,1856.0,8.2,28153769984,72847486976,100,15462150144,1241128960,68.0,52.074,69.375,
60504958699595,144.331373004,224.1,18429652992,55303802880,105,1857.0,11.8,28150161408,72851095552,100,15462150144,1241128960,69.0,52.057,69.375,
60505012711882,144.385385291,203.7,18429652992,55303802880,105,1851.0,9.3,28150161408,72851095552,100,15462150144,1241128960,69.0,52.078,69.375,
60505070686488,144.443359897,207.0,18429652992,55303802880,105,1885.0,11.4,28152709120,72848547840,100,15462150144,1241128960,68.0,52.052,69.375,
60505124647499,144.497320908,222.4,18429652992,55303802880,105,1874.0,9.8,28152709120,72848547840,100,15462150144,1241128960,69.0,52.079,69.375,
60505178591278,144.551264687,203.7,18429652992,55303802880,105,1868.0,10.9,28152938496,72848318464,100,15462150144,1241128960,69.0,52.056,69.375,
60505232682613,144.605356022,203.6,18429652992,55303802880,105,1873.0,8.2,28153167872,72848089088,100,15462150144,1241128960,69.0,52.079,69.375,
60505287783371,144.66045678,199.6,18429652992,55303802880,105,1861.0,10.2,28153651200,72847605760,100,15462150144,1241128960,68.0,52.06,69.375,
60505341734684,144.714408093,222.5,18429661184,55303802880,105,1847.0,9.2,28153651200,72847605760,100,15462150144,1241128960,69.0,52.077,69.375,
60505397014688,144.769688097,198.7,18429661184,55303802880,105,1851.0,13.1,28155944960,72845312000,100,15462150144,1241128960,68.0,52.066,69.375,
60505450739416,144.823412825,205.2,18429661184,55303802880,105,1925.0,10.1,28156719104,72844537856,100,15462150144,1241128960,69.0,52.08,69.375,
60505503567012,144.876240421,208.3,18429661184,55303802880,105,1868.0,12.0,28156706816,72844550144,100,15462150144,1241128960,68.0,52.084,69.375,
60505556544118,144.929217527,207.7,18429661184,55303802880,105,1863.0,14.0,28156444672,72844812288,100,15462150144,1241128960,69.0,52.086,69.375,
60505610580440,144.983253849,203.6,18429661184,55303802880,105,1895.0,14.1,28156444672,72844812288,100,15462150144,1241128960,68.0,52.086,69.375,
60505662538675,145.035212084,192.2,18429661184,55303802880,105,1900.0,35.3,28156686336,72844570624,100,15462150144,1241128960,69.0,52.081,69.375,
60505716667450,145.089340859,221.7,18429661184,55303802880,105,1797.0,16.8,28157202432,72844054528,100,15462150144,1241128960,68.0,52.086,69.375,
60505770750500,145.143423909,203.4,18429661184,55303802880,105,1855.0,12.2,28157431808,72843825152,100,15462150144,1241128960,69.0,52.057,69.25,
60505824713114,145.197386523,203.9,18429661184,55303802880,105,1818.0,11.4,28157431808,72843825152,100,15462150144,1241128960,68.0,52.081,69.375,
60505878624111,145.25129752,203.9,18429665280,55303802880,105,1839.0,11.8,28153020416,72848236544,100,15462150144,1241128960,68.0,52.062,69.375,
60505932766151,145.30543956,203.2,18429669376,55303802880,105,1882.0,10.9,28152315904,72848941056,100,15462150144,1241128960,68.0,52.081,69.375,
60505987865026,145.360538435,217.7,18429669376,55303802880,105,1904.0,13.1,28152545280,72848711680,100,15462150144,1241128960,69.0,52.063,69.375,
60506042854224,145.415527633,217.7,18429669376,55303802880,105,1915.0,10.2,28153032704,72848224256,100,15462150144,1241128960,68.0,52.08,69.375,
60506098692335,145.471365744,197.6,18429669376,55303802880,105,1939.0,13.2,28153032704,72848224256,100,15462150144,1241128960,68.0,52.067,69.375,
60506152677090,145.525350499,203.8,18429669376,55303802880,105,1900.0,9.8,28153286656,72847970304,100,15462150144,1241128960,69.0,52.082,69.375,
60506206796117,145.579469526,203.2,18429669376,55303802880,105,1979.0,12.2,28150935552,72850321408,100,15462150144,1241128960,68.0,52.073,69.375,
60506260726140,145.633399549,222.7,18429669376,55303802880,105,1983.0,9.3,28150935552,72850321408,100,15462150144,1241128960,69.0,52.078,69.375,
60506314899419,145.687572828,202.9,18429669376,55303802880,105,1999.0,10.5,28151640064,72849616896,100,15462150144,1241128960,69.0,52.084,69.375,
60506368690060,145.741363469,204.6,18429669376,55303802880,105,1968.0,11.6,28152156160,72849100800,100,15462150144,1241128960,69.0,52.073,69.375,
60506422692308,145.795365717,203.6,18429673472,55303802880,105,1950.0,11.6,28152156160,72849100800,100,15462150144,1241128960,69.0,52.079,69.375,
60506477869500,145.850542909,217.7,18429677568,55303802880,105,1963.0,11.4,28151898112,72849358848,100,15462150144,1241128960,70.0,52.068,69.375,
60506531689075,145.904362484,204.2,18429677568,55303802880,105,1917.0,12.7,28151885824,72849371136,100,15462150144,1241128960,68.0,52.079,69.375,
60506585742409,145.958415818,203.6,18429677568,55303802880,105,1966.0,13.5,28151881728,72849375232,100,15462150144,1241128960,68.0,52.058,69.375,
60506639711976,146.012385385,185.3,18429677568,55303802880,105,1964.0,10.5,28152139776,72849117184,100,15462150144,1241128960,68.0,52.08,69.375,
60506693639694,146.066313103,222.6,18429677568,55303802880,105,1935.0,11.0,28152139776,72849117184,100,15462150144,1241128960,68.0,52.056,69.375,
60506747667199,146.120340608,203.5,18429677568,55303802880,105,1940.0,10.4,28151881728,72849375232,100,15462150144,1241128960,69.0,52.08,69.375,
60506801698422,146.174371831,203.6,18429681664,55303802880,105,1957.0,11.0,28151881728,72849375232,100,15462150144,1241128960,69.0,52.061,69.375,
60506855693586,146.228366995,203.7,18429681664,55303802880,105,1902.0,9.2,28151881728,72849375232,100,15462150144,1241128960,68.0,52.077,69.375,
60506911864090,146.284537499,213.7,18429681664,55303802880,105,1908.0,12.4,28145885184,72855371776,100,15462150144,1241128960,68.0,52.064,69.375,
60506965809702,146.338483111,222.4,18429685760,55303802880,105,1891.0,9.8,28146364416,72854892544,100,15462150144,1241128960,69.0,52.08,69.375,
60507021045423,146.393718832,199.0,18429685760,55303802880,105,1874.0,11.5,28147621888,72853635072,100,15462150144,1241128960,68.0,52.074,69.375,
60507074732520,146.447405929,205.1,18429689856,55303802880,105,1884.0,12.3,28150976512,72850280448,100,15462150144,1241128960,69.0,52.078,69.25,
60507128700353,146.501373762,203.7,18429689856,55303802880,105,1855.0,12.1,28150988800,72850268160,100,15462150144,1241128960,68.0,52.079,69.25,
60507182706488,146.555379897,222.2,18429689856,55303802880,105,1908.0,10.5,28151218176,72850038784,100,15462150144,1241128960,69.0,52.069,69.25,
60507236740616,146.609414025,203.6,18429689856,55303802880,105,1858.0,10.5,28151218176,72850038784,100,15462150144,1241128960,69.0,52.076,69.25,
60507290800072,146.663473481,203.4,18429689856,55303802880,105,1861.0,12.7,28151218176,72850038784,100,15462150144,1241128960,69.0,52.064,69.25,
60507344784707,146.717458116,203.8,18429689856,55303802880,105,1893.0,9.9,28151218176,72850038784,100,15462150144,1241128960,68.0,52.074,69.25,
60507398822872,146.771496281,203.5,18429689856,55303802880,105,1896.0,12.1,28151218176,72850038784,100,15462150144,1241128960,69.0,52.056,69.25,
60507452885794,146.825559203,222.0,18429689856,55303802880,105,1866.0,9.3,28150685696,72850571264,100,15462150144,1241128960,69.0,52.077,69.25,
60507506812019,146.879485428,204.0,18429693952,55303802880,105,1889.0,11.6,28150677504,72850579456,100,15462150144,1241128960,69.0,52.058,69.25,
60507560798207,146.933471616,185.2,18429693952,55303802880,105,1923.0,12.8,28150669312,72850587648,100,15462150144,1241128960,69.0,52.084,69.375,
60507614779656,146.987453065,222.4,18429698048,55303802880,105,1896.0,9.4,28150669312,72850587648,100,15462150144,1241128960,68.0,52.063,69.25,
60507668876742,147.041550151,202.7,18429698048,55303802880,105,1913.0,9.7,28150669312,72850587648,100,15462150144,1241128960,69.0,52.081,69.25,
60507729769790,147.102443199,214.1,18429698048,55303802880,105,1925.0,11.4,28150669312,72850587648,100,15462150144,1241128960,68.0,52.061,69.25,
60507786981606,147.159655015,1048.8,18429706240,55303802880,105,1920.0,36.8,28150898688,72850358272,100,15462150144,1241128960,69.0,52.083,69.375,
60507840829555,147.213502964,204.2,18429706240,55303802880,105,1883.0,11.7,28148699136,72852557824,100,15462150144,1241128960,68.0,52.073,69.25,
60507894774145,147.267447554,203.8,18429706240,55303802880,105,1917.0,10.4,28148699136,72852557824,100,15462150144,1241128960,70.0,52.076,69.375,
60507948939929,147.321613338,221.5,18429706240,55303802880,105,1846.0,11.0,28148506624,72852750336,100,15462150144,1241128960,69.0,52.083,69.375,
60508002742703,147.375416112,204.5,18429706240,55303802880,105,1920.0,10.5,28148736000,72852520960,100,15462150144,1241128960,69.0,52.073,69.375,
60508056755120,147.429428529,203.7,18429710336,55303802880,105,1851.0,9.8,28148965376,72852291584,100,15462150144,1241128960,69.0,52.081,69.375,
60508110826267,147.483499676,203.4,18429710336,55303802880,105,1858.0,11.6,28149194752,72852062208,100,15462150144,1241128960,69.0,52.066,69.375,
60508164751471,147.53742488,222.4,18429710336,55303802880,105,1872.0,8.7,28149194752,72852062208,100,15462150144,1241128960,68.0,52.076,69.375,
60508218820364,147.591493773,203.5,18429710336,55303802880,105,1852.0,11.0,28149194752,72852062208,100,15462150144,1241128960,68.0,52.059,69.375,
60508272863067,147.645536476,203.8,18429710336,55303802880,105,1889.0,8.2,28149424128,72851832832,100,15462150144,1241128960,68.0,52.078,69.375,
60508327844351,147.70051776,218.0,18429710336,55303802880,105,1877.0,10.3,28149682176,72851574784,100,15462150144,1241128960,68.0,52.052,69.375,
60508381795253,147.754468662,203.9,18429710336,55303802880,105,1895.0,10.4,28148928512,72852328448,100,15460052992,1241128960,68.0,52.08,69.375,
60508435725145,147.808398554,185.3,18429714432,55303802880,105,1793.0,10.5,28148924416,72852332544,100,15460052992,1241128960,68.0,52.057,69.375,
60508489835535,147.862508944,203.5,18429714432,55303802880,105,1926.0,9.3,28148924416,72852332544,100,15460052992,1241128960,69.0,52.081,69.375,
60508543802858,147.916476267,222.3,18429714432,55303802880,105,1828.0,13.4,28153061376,72848195584,100,15460052992,1241128960,69.0,52.073,69.375,
60508597848427,147.970521836,202.9,18429718528,55303802880,105,1838.0,13.6,28152791040,72848465920,100,15460052992,1241128960,68.0,52.09,69.375,
60508652915882,148.025589291,200.3,18429718528,55303802880,105,1872.0,10.5,28152274944,72848982016,100,15460052992,1241128960,68.0,52.076,69.375,
60508706872314,148.079545723,203.9,18429722624,55303802880,105,1909.0,9.9,28152532992,72848723968,100,15460052992,1241128960,69.0,52.086,69.375,
60508760774113,148.133447522,222.7,18429722624,55303802880,105,1826.0,11.0,28152532992,72848723968,100,15460052992,1241128960,68.0,52.084,69.375,
60508814845140,148.187518549,203.5,18429722624,55303802880,105,1887.0,9.4,28152008704,72849248256,100,15460052992,1241128960,69.0,52.08,69.375,
60508868805129,148.241478538,203.7,18429722624,55303802880,105,1851.0,10.9,28148973568,72852283392,100,15460052992,1241128960,69.0,52.087,69.375,
60508922776669,148.295450078,222.4,18429722624,55303802880,105,1846.0,10.3,28148908032,72852348928,100,15460052992,1241128960,69.0,52.075,69.375,
60508977855055,148.350528464,199.6,18429726720,55303802880,105,1874.0,9.2,28148908032,72852348928,100,15460052992,1241128960,69.0,52.081,69.375,
60509031864987,148.404538396,203.6,18429726720,55303802880,105,1843.0,11.4,28148314112,72852942848,100,15460052992,1241128960,69.0,52.07,69.375,
60509086962699,148.459636108,199.7,18429726720,55303802880,105,1876.0,9.3,28151132160,72850124800,100,15460052992,1241128960,68.0,52.081,69.375,
60509142813763,148.515487172,215.2,18429730816,55303802880,105,1880.0,11.9,28151132160,72850124800,100,15460052992,1241128960,68.0,52.057,69.375,
60509195888722,148.568562131,207.0,18429730816,55303802880,105,1880.0,8.8,28151132160,72850124800,100,15460052992,1241128960,69.0,52.085,69.375,
60509248756974,148.621430383,208.4,18429730816,55303802880,105,1822.0,11.4,28151058432,72850198528,100,15460052992,1241128960,68.0,52.064,69.375,
60509301741143,148.674414552,188.8,18429730816,55303802880,105,1892.0,9.4,28148969472,72852287488,100,15460052992,1241128960,69.0,52.081,69.375,
60509354588986,148.727262395,208.1,18429730816,55303802880,105,1874.0,10.1,28148969472,72852287488,100,15460052992,1241128960,68.0,52.065,69.375,
60509407789390,148.780462799,225.1,18429730816,55303802880,105,1943.0,9.9,28148969472,72852287488,100,15464247296,1241128960,69.0,52.081,69.375,
60509460958045,148.833631454,207.0,18429730816,55303802880,105,1842.0,11.9,28148969472,72852287488,100,15464247296,1241128960,68.0,52.076,69.375,
60509513807421,148.88648083,189.5,18429730816,55303802880,105,1833.0,11.8,28148957184,72852299776,100,15464247296,1241128960,69.0,52.078,69.375,
60509566705538,148.939378947,207.6,18429734912,55303802880,105,1898.0,12.0,28149473280,72851783680,100,15464247296,1241128960,69.0,52.084,69.375,
60509619754999,148.992428408,207.7,18429734912,55303802880,105,1891.0,12.5,28149989376,72851267584,100,15464247296,1241128960,69.0,52.063,69.375,
60509671731248,149.044404657,192.0,18429739008,55303802880,105,1863.0,10.1,28149989376,72851267584,100,15464247296,1241128960,69.0,52.072,69.375,
60509724894893,149.097568302,207.3,18429739008,55303802880,105,1835.0,11.9,28146360320,72854896640,100,15464247296,1241128960,68.0,52.055,69.375,
60509777728961,149.15040237,207.9,18429739008,55303802880,105,1876.0,10.0,28146036736,72855220224,100,15464247296,1241128960,68.0,52.079,69.375,
60509830671201,149.20334461,208.1,18429739008,55303802880,105,1859.0,11.4,28145758208,72855498752,100,15464247296,1241128960,69.0,52.059,69.375,
60509882878463,149.255551872,190.6,18429739008,55303802880,105,1866.0,10.1,28146851840,72854405120,100,15464247296,1241128960,68.0,52.077,69.375,
60509936812042,149.309485451,223.5,18429739008,55303802880,105,1826.0,12.4,28147023872,72854233088,100,15464247296,1241128960,68.0,52.068,69.375,
60509989909703,149.362583112,206.6,18429739008,55303802880,105,1883.0,9.9,28147539968,72853716992,100,15464247296,1241128960,70.0,52.076,69.375,
60510042797391,149.4154708,189.5,18429739008,55303802880,105,1775.0,12.0,28148314112,72852942848,100,15464247296,1241128960,68.0,52.076,69.375,
60510097796318,149.470469727,218.2,18429739008,55303802880,105,1876.0,11.4,28148830208,72852426752,100,15464247296,1241128960,69.0,52.072,69.375,
60510149895196,149.522568605,210.8,18429743104,55303802880,105,1843.0,11.2,28149084160,72852172800,100,15464247296,1241128960,69.0,52.078,69.375,
60510204776272,149.577449681,200.8,18429747200,55303802880,105,1865.0,11.6,28149829632,72851427328,100,15464247296,1241128960,69.0,52.067,69.375,
60510257879584,149.630552993,206.7,18429747200,55303802880,105,1851.0,10.0,28149829632,72851427328,100,15464247296,1241128960,68.0,52.072,69.375,
60510310856228,149.683529637,208.1,18429747200,55303802880,105,1908.0,12.0,28149829632,72851427328,100,15464247296,1241128960,68.0,52.055,69.375,
60510362859839,149.735533248,211.2,18429747200,55303802880,105,1906.0,9.0,28150087680,72851169280,100,15464247296,1241128960,68.0,52.079,69.375,
60510415733039,149.788406448,189.4,18429747200,55303802880,105,1814.0,13.2,28150861824,72850395136,100,15464247296,1241128960,68.0,52.057,69.375,
60510468876827,149.841550236,206.6,18429747200,55303802880,105,1932.0,10.5,28150599680,72850657280,100,15464247296,1241128960,69.0,52.078,69.375,
60510524859578,149.897532987,214.8,18429747200,55303802880,105,1858.0,13.6,28150579200,72850677760,100,15464247296,1241128960,69.0,52.07,69.375,
60510576890009,149.949563418,192.1,18429747200,55303802880,105,1900.0,11.4,28156485632,72844771328,100,15464247296,1241128960,70.0,52.088,69.375,
60510629887082,150.002560491,207.6,18429747200,55303802880,105,1772.0,14.6,28156469248,72844787712,100,15464247296,1241128960,68.0,52.084,69.375,
60510684092039,150.056765448,202.6,18429751296,55303802880,105,1867.0,9.8,28156973056,72844283904,100,15464247296,1241128960,69.0,52.08,69.375,
60510736831389,150.109504798,208.6,18429755392,55303802880,105,1793.0,12.4,28157202432,72844054528,100,15464247296,1241128960,69.0,52.084,69.375,
60510789843750,150.162517159,226.8,18429755392,55303802880,105,1860.0,12.0,28157202432,72844054528,100,15464247296,1241128960,69.0,52.07,69.375,
60510841840858,150.214514267,192.0,18429755392,55303802880,105,1859.0,10.1,28157431808,72843825152,100,15464247296,1241128960,68.0,52.077,69.375,
60510894783529,150.267456938,208.1,18429755392,55303802880,105,1833.0,12.5,28155367424,72845889536,100,15464247296,1241128960,68.0,52.06,69.375,
60510947840344,150.320513753,207.1,18429755392,55303802880,105,1876.0,31.8,28156825600,72844431360,100,15464247296,1241128960,68.0,52.097,69.375,
60511000796079,150.373469488,188.9,18429759488,55303802880,105,1886.0,20.2,28157571072,72843685888,100,15464247296,1241128960,68.0,52.07,69.375,
60511053884413,150.426557822,207.2,18429759488,55303802880,105,1868.0,10.0,28157571072,72843685888,100,15464247296,1241128960,69.0,52.078,69.25,
60511107958676,150.480632085,203.3,18429759488,55303802880,105,1896.0,11.7,28157571072,72843685888,100,15464247296,1241128960,69.0,52.074,69.25,
60511160858356,150.533531765,227.1,18429759488,55303802880,105,1845.0,11.2,28157571072,72843685888,100,15464247296,1241128960,69.0,52.074,69.25,
60511213822517,150.586495926,207.4,18429759488,55303802880,105,1870.0,10.1,28157829120,72843427840,100,15464247296,1241128960,69.0,52.08,69.25,
60511266897356,150.639570765,207.3,18429767680,55303802880,105,1796.0,12.5,28157829120,72843427840,100,15464247296,1241128960,69.0,52.067,69.25,
60511319875303,150.692548712,189.0,18429767680,55303802880,105,1848.0,8.9,28158287872,72842969088,100,15464247296,1241128960,68.0,52.074,69.375,
60511372997239,150.745670648,206.9,18429767680,55303802880,105,1848.0,12.9,28158287872,72842969088,100,15464247296,1241128960,69.0,52.058,69.375,
60511425852697,150.798526106,208.4,18429767680,55303802880,105,1841.0,9.0,28159016960,72842240000,100,15464247296,1241128960,69.0,52.081,69.375,
60511478840172,150.851513581,207.3,18429771776,55303802880,105,1831.0,12.2,28159246336,72842010624,100,15464247296,1241128960,68.0,52.058,69.25,
60511535530028,150.908203437,916.6,18429784064,55303802880,105,1819.0,39.4,28167553024,72833703936,100,15464247296,1241128960,69.0,52.093,69.375,
60511589010968,150.961684377,205.8,18429784064,55303802880,105,1851.0,15.1,28162392064,72838864896,100,15464247296,1241128960,68.0,52.068,69.25,
60511641913524,151.014586933,208.3,18429784064,55303802880,105,1875.0,8.4,28162125824,72839131136,100,15464247296,1241128960,69.0,52.081,69.25,
60511693984951,151.06665836,191.6,18429788160,55303802880,105,1864.0,10.7,28162125824,72839131136,100,15464247296,1241128960,68.0,52.074,69.25,
60511746984508,151.119657917,208.1,18429788160,55303802880,105,1868.0,9.6,28162125824,72839131136,100,15464247296,1241128960,69.0,52.079,69.25,
60511799913323,151.172586732,207.2,18429788160,55303802880,105,1825.0,9.9,28162125824,72839131136,100,15464247296,1241128960,69.0,52.081,69.25,
60511855091526,151.227764935,199.5,18429788160,55303802880,105,1845.0,10.3,28162125824,72839131136,100,15464247296,1241128960,69.0,52.074,69.25,
60511907972431,151.28064584,208.0,18429788160,55303802880,105,1844.0,10.1,28162248704,72839008256,100,15464247296,1241128960,69.0,52.082,69.25,
60511960987477,151.333660886,226.8,18429788160,55303802880,105,1843.0,10.2,28161888256,72839368704,100,15464247296,1241128960,69.0,52.066,69.25,
60512013243911,151.38591732,191.0,18429788160,55303802880,105,1824.0,9.4,28162404352,72838852608,100,15464247296,1241128960,69.0,52.076,69.375,
60512066936227,151.439609636,204.8,18429792256,55303802880,105,1837.0,10.5,28162404352,72838852608,100,15464247296,1241128960,69.0,52.059,69.375,
60512119983815,151.492657224,207.4,18429792256,55303802880,105,1841.0,8.9,28162404352,72838852608,100,15464247296,1241128960,69.0,52.079,69.375,
60512172988021,151.54566143,207.5,18429792256,55303802880,105,1842.0,10.8,28163158016,72838098944,100,15464247296,1241128960,69.0,52.057,69.375,
60512226110599,151.598784008,207.2,18429792256,55303802880,105,1874.0,9.9,28163158016,72838098944,100,15464247296,1241128960,69.0,52.081,69.375,
60512279088996,151.651762405,207.7,18429792256,55303802880,105,1860.0,10.7,28163158016,72838098944,100,15466344448,1241128960,68.0,52.059,69.375,
60512332282958,151.704956367,188.0,18429792256,55303802880,105,1877.0,9.4,28163158016,72838098944,100,15466344448,1241128960,69.0,52.08,69.375,
60512390086143,151.762759552,225.0,18429792256,55303802880,105,1864.0,11.4,28161839104,72839417856,100,15462150144,1241128960,68.0,52.062,69.375,
60512443522800,151.816196209,205.5,18429792256,55303802880,105,1872.0,9.4,28161482752,72839774208,100,15462150144,1241128960,69.0,52.077,69.375,
60512498071772,151.870745181,202.0,18429792256,55303802880,105,1864.0,11.6,28160843776,72840413184,100,15462150144,1241128960,68.0,52.067,69.375,
60512551158663,151.923832072,207.1,18429796352,55303802880,105,1875.0,13.5,28161101824,72840155136,100,15462150144,1241128960,69.0,52.081,69.375,
60512604070196,151.976743605,207.9,18429800448,55303802880,105,1851.0,11.3,28161331200,72839925760,100,15462150144,1241128960,68.0,52.073,69.375,
60512659087717,152.031761126,218.1,18429800448,55303802880,105,1854.0,9.8,28161331200,72839925760,100,15462150144,1241128960,69.0,52.072,69.375,
60512712084358,152.084757767,207.5,18429800448,55303802880,105,1869.0,10.7,28161331200,72839925760,100,15462150144,1241128960,68.0,52.076,69.375,
60512767961020,152.140634429,197.3,18429804544,55303802880,105,1850.0,10.6,28161331200,72839925760,100,15462150144,1241128960,69.0,52.068,69.375,
60512822041384,152.194714793,203.0,18429804544,55303802880,105,1836.0,10.5,28161585152,72839671808,100,15462150144,1241128960,69.0,52.075,69.375,
60512875971056,152.248644465,222.5,18429804544,55303802880,105,1842.0,11.6,28161585152,72839671808,100,15462150144,1241128960,69.0,52.063,69.375,
60512930032734,152.302706143,203.5,18429804544,55303802880,105,1856.0,11.0,28160425984,72840830976,100,15462150144,1241128960,68.0,52.072,69.375,
60512983960392,152.356633801,204.0,18429804544,55303802880,105,1802.0,11.2,28160163840,72841093120,100,15462150144,1241128960,69.0,52.057,69.375,
60513038086822,152.410760231,203.3,18429804544,55303802880,105,1863.0,8.8,28160163840,72841093120,100,15462150144,1241128960,68.0,52.076,69.375,
60513092036601,152.46471001,222.4,18429804544,55303802880,105,1859.0,12.7,28160421888,72840835072,100,15462150144,1241128960,68.0,52.054,69.375,
60513146111925,152.518785334,203.4,18429804544,55303802880,105,1807.0,10.3,28160421888,72840835072,100,15462150144,1241128960,68.0,52.078,69.375,
60513199944615,152.572618024,204.4,18429808640,55303802880,105,1863.0,11.6,28160389120,72840867840,100,15462150144,1241128960,68.0,52.055,69.375,
60513254037162,152.626710571,203.3,18429808640,55303802880,105,1865.0,10.4,28159963136,72841293824,100,15462150144,1241128960,69.0,52.076,69.375,
60513308116313,152.680789722,221.7,18429812736,55303802880,105,1853.0,11.1,28159963136,72841293824,100,15462150144,1241128960,69.0,52.06,69.375,
60513362065631,152.73473904,204.1,18429812736,55303802880,105,1885.0,10.4,28160675840,72840581120,100,15462150144,1241128960,69.0,52.077,69.375,
60513416029907,152.788703316,203.8,18429812736,55303802880,105,1844.0,12.6,28162482176,72838774784,100,15466344448,1241128960,68.0,52.066,69.375,
60513471073467,152.843746876,199.8,18429812736,55303802880,105,1822.0,10.5,28162220032,72839036928,100,15466344448,1241128960,69.0,52.078,69.375,
60513527138723,152.899812132,214.0,18429812736,55303802880,105,1804.0,14.6,28162207744,72839049216,100,15466344448,1241128960,68.0,52.076,69.375,
60513582160321,152.95483373,218.2,18429812736,55303802880,105,1825.0,13.8,28162437120,72838819840,100,15466344448,1241128960,69.0,52.087,69.375,
60513639198972,153.011872381,192.8,18429812736,55303802880,105,1794.0,11.7,28162695168,72838561792,100,15466344448,1241128960,68.0,52.083,69.375,
60513696047145,153.068720554,211.1,18429812736,55303802880,105,1862.0,11.8,28162924544,72838332416,100,15466344448,1241128960,69.0,52.082,69.375,
60513751165115,153.123838524,217.7,18429816832,55303802880,105,1804.0,11.9,28162924544,72838332416,100,15466344448,1241128960,69.0,52.086,69.375,
60513805158225,153.177831634,203.8,18429816832,55303802880,105,1855.0,12.8,28163153920,72838103040,100,15466344448,1241128960,69.0,52.076,69.375,
60513859083748,153.231757157,204.0,18429820928,55303802880,105,1803.0,10.6,28163153920,72838103040,100,15466344448,1241128960,69.0,52.08,69.375,
60513913074644,153.285748053,203.6,18429820928,55303802880,105,1787.0,14.0,28163866624,72837390336,100,15466344448,1241128960,69.0,52.069,69.375,
60513968112103,153.340785512,218.1,18429820928,55303802880,105,1837.0,11.0,28163866624,72837390336,100,15466344448,1241128960,68.0,52.077,69.375,
60514022069396,153.394742805,222.4,18429820928,55303802880,105,1813.0,13.5,28163866624,72837390336,100,15466344448,1241128960,69.0,52.06,69.375,
60514076071463,153.448744872,203.7,18429820928,55303802880,105,1826.0,10.6,28164096000,72837160960,100,15466344448,1241128960,68.0,52.082,69.375,
60514130069833,153.502743242,203.7,18429820928,55303802880,105,1819.0,12.6,28164096000,72837160960,100,15466344448,1241128960,68.0,52.058,69.375,
60514184018199,153.556691608,203.8,18429820928,55303802880,105,1848.0,11.1,28164096000,72837160960,100,15466344448,1241128960,69.0,52.083,69.375,
60514238176960,153.610850369,203.1,18429820928,55303802880,105,1869.0,11.6,28164096000,72837160960,100,15466344448,1241128960,68.0,52.063,69.375,
60514292101601,153.66477501,203.7,18429820928,55303802880,105,1843.0,9.9,28164096000,72837160960,100,15466344448,1241128960,68.0,52.078,69.375,
60514347092733,153.719766142,218.5,18429825024,55303802880,105,1860.0,13.9,28158984192,72842272768,100,15466344448,1241128960,68.0,52.068,69.375,
60514401083599,153.773757008,203.8,18429829120,55303802880,105,1883.0,11.0,28158984192,72842272768,100,15466344448,1241128960,69.0,52.081,69.375,
60514457219016,153.829892425,213.7,18429829120,55303802880,105,1858.0,12.4,28159205376,72842051584,100,15466344448,1241128960,68.0,52.071,69.375,
60514511067545,153.883740954,204.3,18429829120,55303802880,105,1894.0,13.9,28159193088,72842063872,100,15466344448,1241128960,69.0,52.081,69.375,
60514565083367,153.937756776,222.1,18429829120,55303802880,105,1803.0,13.1,28159193088,72842063872,100,15466344448,1241128960,68.0,52.089,69.375,
60514620144931,153.99281834,199.9,18429829120,55303802880,105,1845.0,12.8,28159193088,72842063872,100,15466344448,1241128960,70.0,52.088,69.375,
60514674230825,154.046904234,184.8,18429829120,55303802880,105,1794.0,10.5,28159193088,72842063872,100,15466344448,1241128960,68.0,52.091,69.375,
60514728068734,154.100742143,223.0,18429829120,55303802880,105,1856.0,11.8,28159193088,72842063872,100,15466344448,1241128960,69.0,52.081,69.375,
60514782244726,154.154918135,221.4,18429829120,55303802880,105,1840.0,10.4,28159422464,72841834496,100,15466344448,1241128960,69.0,52.087,69.375,
60514836082085,154.208755494,204.4,18429829120,55303802880,105,1814.0,12.4,28159422464,72841834496,100,15466344448,1241128960,69.0,52.072,69.375,
60514890063984,154.262737393,203.8,18429833216,55303802880,105,1820.0,9.8,28159422464,72841834496,100,15466344448,1241128960,69.0,52.084,69.375,
60514944172570,154.316845979,203.2,18429841408,55303802880,105,1814.0,12.9,28159422464,72841834496,100,15466344448,1241128960,69.0,52.068,69.375,
60515001273016,154.373946425,210.2,18429841408,55303802880,105,1822.0,11.6,28159647744,72841609216,100,15466344448,1241128960,68.0,52.087,69.375,
60515055010217,154.427683626,204.7,18429841408,55303802880,105,1820.0,13.5,28159647744,72841609216,100,15466344448,1241128960,68.0,52.064,69.375,
60515109053751,154.48172716,203.6,18429841408,55303802880,105,1845.0,11.1,28165324800,72835932160,100,15466344448,1241128960,69.0,52.087,69.375,
60515163076547,154.535749956,203.8,18429845504,55303802880,105,1818.0,12.8,28165324800,72835932160,100,15466344448,1241128960,68.0,52.064,69.375,
60515220283243,154.592956652,961.4,18429853696,55303802880,105,1926.0,33.5,28165324800,72835932160,100,15466344448,1241128960,69.0,52.087,69.375,
60515274056530,154.646729939,204.5,18429853696,55303802880,105,1913.0,11.7,28165554176,72835702784,100,15466344448,1241128960,68.0,52.075,69.375,
60515328092992,154.700766401,203.6,18429853696,55303802880,105,1879.0,9.3,28165812224,72835444736,100,15466344448,1241128960,69.0,52.081,69.375,
60515382070763,154.754744172,203.7,18429853696,55303802880,105,1839.0,12.3,28165812224,72835444736,100,15466344448,1241128960,69.0,52.08,69.375,
60515436182505,154.808855914,203.3,18429853696,55303802880,105,1831.0,10.4,28165812224,72835444736,100,15466344448,1241128960,69.0,52.077,69.375,
60515490070659,154.862744068,222.6,18429857792,55303802880,105,1831.0,9.4,28166057984,72835198976,100,15466344448,1241128960,69.0,52.083,69.375,
60515544068798,154.916742207,185.2,18429857792,55303802880,105,1853.0,13.4,28166049792,72835207168,100,15466344448,1241128960,70.0,52.074,69.375,
60515598081865,154.970755274,203.6,18429857792,55303802880,105,1833.0,11.6,28166045696,72835211264,100,15466344448,1241128960,69.0,52.075,69.375,
60515652113898,155.024787307,203.6,18429857792,55303802880,105,1834.0,11.0,28166045696,72835211264,100,15466344448,1241128960,69.0,52.061,69.375,
60515706074487,155.078747896,222.7,18429861888,55303802880,105,1883.0,8.7,28166045696,72835211264,100,15466344448,1241128960,69.0,52.076,69.375,
60515759247509,155.131920918,206.7,18429861888,55303802880,105,1850.0,11.7,28166045696,72835211264,100,15466344448,1241128960,68.0,52.054,69.375,
60515813145541,155.18581895,204.1,18429861888,55303802880,105,1852.0,9.4,28166045696,72835211264,100,15466344448,1241128960,69.0,52.081,69.375,
60515867028104,155.239701513,204.1,18429861888,55303802880,105,1806.0,9.9,28166275072,72834981888,100,15466344448,1241128960,68.0,52.057,69.375,
60515921219145,155.293892554,203.0,18429861888,55303802880,105,1872.0,11.3,28163825664,72837431296,100,15466344448,1241128960,69.0,52.08,69.375,
60515979137605,155.351811014,224.4,18429861888,55303802880,105,1818.0,12.6,28163506176,72837750784,100,15466344448,1241128960,69.0,52.059,69.375,
60516033094427,155.405767836,203.8,18429865984,55303802880,105,1869.0,8.3,28163506176,72837750784,100,15466344448,1241128960,68.0,52.078,69.375,
60516087165062,155.459838471,203.5,18429865984,55303802880,105,1827.0,11.0,28164018176,72837238784,100,15466344448,1241128960,69.0,52.063,69.375,
60516141148784,155.513822193,203.9,18429865984,55303802880,105,1892.0,10.5,28164247552,72837009408,100,15466344448,1241128960,69.0,52.078,69.375,
60516195192048,155.567865457,203.4,18429865984,55303802880,105,1867.0,11.6,28164501504,72836755456,100,15466344448,1241128960,68.0,52.072,69.375,
60516249058090,155.621731499,223.0,18429865984,55303802880,105,1859.0,8.2,28164501504,72836755456,100,15466344448,1241128960,69.0,52.075,69.375,
60516303069604,155.675743013,203.6,18429870080,55303802880,105,1793.0,9.9,28164730880,72836526080,100,15466344448,1241128960,69.0,52.079,69.375,
60516357128868,155.729802277,203.4,18429870080,55303802880,105,1857.0,10.5,28164730880,72836526080,100,15466344448,1241128960,70.0,52.075,69.375,
60516417219070,155.789892479,216.3,18429870080,55303802880,105,1835.0,11.5,28161146880,72840110080,100,15462150144,1241128960,69.0,52.078,69.375,
60516471147990,155.843821399,204.0,18429870080,55303802880,105,1856.0,11.0,28161376256,72839880704,100,15462150144,1241128960,69.0,52.068,69.375,
60516525170695,155.897844104,203.5,18429870080,55303802880,105,1808.0,11.9,28161605632,72839651328,100,15462150144,1241128960,69.0,52.08,69.375,
60516580368334,155.953041743,217.4,18429874176,55303802880,105,1792.0,14.3,28169347072,72831909888,100,15462150144,1241128960,69.0,52.066,69.375,
60516635375695,156.008049104,218.1,18429874176,55303802880,105,1827.0,11.4,28169834496,72831422464,100,15462150144,1241128960,68.0,52.072,69.375,
60516691280780,156.063954189,196.9,18429874176,55303802880,105,1841.0,9.6,28169834496,72831422464,100,15462150144,1241128960,69.0,52.054,69.375,
60516746258306,156.118931715,200.1,18429874176,55303802880,105,1851.0,9.4,28170063872,72831193088,100,15462150144,1241128960,68.0,52.074,69.5,
60516800182717,156.172856126,222.4,18429874176,55303802880,105,1833.0,12.1,28170317824,72830939136,100,15462150144,1241128960,68.0,52.049,69.375,
60516855238429,156.227911838,218.1,18429882368,55303802880,105,1837.0,9.7,28170547200,72830709760,100,15462150144,1241128960,69.0,52.077,69.5,
60516909060608,156.281734017,204.4,18429882368,55303802880,105,1829.0,11.2,28169592832,72831664128,100,15462150144,1241128960,69.0,52.054,69.375,
60516963121695,156.335795104,203.5,18429882368,55303802880,105,1856.0,10.3,28169838592,72831418368,100,15462150144,1241128960,69.0,52.076,69.5,
60517017192110,156.389865519,221.9,18429882368,55303802880,105,1831.0,11.0,28170067968,72831188992,100,15462150144,1241128960,68.0,52.059,69.375,
60517071190650,156.443864059,185.2,18429882368,55303802880,105,1870.0,8.9,28181680128,72819576832,100,15462150144,1241128960,69.0,52.078,69.5,
60517125224065,156.497897474,203.5,18429886464,55303802880,105,1846.0,31.8,28184768512,72816488448,100,15462150144,1241128960,68.0,52.078,69.375,
60517180241075,156.552914484,218.2,18429886464,55303802880,105,1812.0,22.0,28185255936,72816001024,100,15462150144,1241128960,69.0,52.074,69.375,
60517234175204,156.606848613,222.5,18429886464,55303802880,105,1798.0,10.6,28185255936,72816001024,100,15462150144,1241128960,68.0,52.072,69.375,
60517290607688,156.663281097,194.9,18429886464,55303802880,105,1846.0,11.0,28184993792,72816263168,100,15462150144,1241128960,69.0,52.062,69.375,
60517344204154,156.716877563,205.2,18429886464,55303802880,105,1841.0,10.0,28184993792,72816263168,100,15462150144,1241128960,68.0,52.074,69.375,
60517398225567,156.770898976,222.1,18429886464,55303802880,105,1822.0,13.7,28186025984,72815230976,100,15466344448,1241128960,69.0,52.059,69.375,
60517456308656,156.828982065,189.5,18429890560,55303802880,105,1842.0,9.3,28186284032,72814972928,100,15466344448,1241128960,68.0,52.069,69.375,
60517513326246,156.885999655,227.6,18429890560,55303802880,105,1844.0,13.2,28186284032,72814972928,100,15466344448,1241128960,68.0,52.059,69.375,
60517568190430,156.940863839,200.9,18429890560,55303802880,105,1818.0,12.2,28186284032,72814972928,100,15466344448,1241128960,68.0,52.075,69.375,
60517623422352,156.996095761,199.1,18429890560,55303802880,105,1827.0,14.5,28186284032,72814972928,100,15466344448,1241128960,68.0,52.059,69.375,
60517677283745,157.049957154,222.8,18429894656,55303802880,105,1819.0,9.5,28186284032,72814972928,100,15466344448,1241128960,69.0,52.085,69.375,
60517732128301,157.10480171,200.5,18429894656,55303802880,105,1822.0,13.3,28186284032,72814972928,100,15466344448,1241128960,68.0,52.06,69.375,
60517787335377,157.160008786,199.3,18429894656,55303802880,105,1819.0,9.9,28186025984,72815230976,100,15466344448,1241128960,69.0,52.082,69.375,
60517843229040,157.215902449,232.6,18429894656,55303802880,105,1799.0,13.0,28186025984,72815230976,100,15466344448,1241128960,68.0,52.064,69.375,
60517897354698,157.270028107,202.9,18429894656,55303802880,105,1816.0,9.8,28184317952,72816939008,100,15466344448,1241128960,69.0,52.079,69.375,
60517951435232,157.324108641,203.8,18429894656,55303802880,105,1816.0,12.8,28184317952,72816939008,100,15466344448,1241128960,68.0,52.066,69.375,
60518005365995,157.378039404,204.0,18429894656,55303802880,105,1849.0,10.0,28185059328,72816197632,100,15466344448,1241128960,70.0,52.08,69.375,
60518059186821,157.43186023,204.2,18429898752,55303802880,105,1782.0,12.2,28185059328,72816197632,100,15466344448,1241128960,68.0,52.076,69.375,
60518114496309,157.487169718,217.1,18429898752,55303802880,105,1864.0,11.9,28185059328,72816197632,100,15466344448,1241128960,69.0,52.075,69.375,
60518168310924,157.540984333,204.4,18429898752,55303802880,105,1842.0,11.1,28185288704,72815968256,100,15466344448,1241128960,68.0,52.082,69.375,
60518222227541,157.59490095,204.0,18429902848,55303802880,105,1787.0,12.3,28185288704,72815968256,100,15466344448,1241128960,69.0,52.071,69.375,
60518276252390,157.648925799,203.6,18429902848,55303802880,105,1829.0,11.0,28183224320,72818032640,100,15466344448,1241128960,68.0,52.076,69.375,
60518330302316,157.702975725,222.1,18429902848,55303802880,105,1820.0,13.3,28182786048,72818470912,100,15466344448,1241128960,68.0,52.055,69.25,
60518384368513,157.757041922,203.4,18429902848,55303802880,105,1792.0,11.1,28183044096,72818212864,100,15466344448,1241128960,69.0,52.078,69.25,
60518438357755,157.811031164,203.7,18429902848,55303802880,105,1819.0,11.6,28183044096,72818212864,100,15466344448,1241128960,69.0,52.054,69.25,
60518492340616,157.865014025,203.7,18429906944,55303802880,105,1859.0,10.5,28183031808,72818225152,100,15466344448,1241128960,68.0,52.081,69.25,
60518546177793,157.918851202,204.4,18429906944,55303802880,105,1840.0,12.9,28183015424,72818241536,100,15466344448,1241128960,68.0,52.062,69.25,
60518600238058,157.972911467,203.4,18429911040,55303802880,105,1864.0,11.0,28183015424,72818241536,100,15466344448,1241128960,68.0,52.076,69.25,
60518656275371,158.02894878,214.1,18429911040,55303802880,105,1746.0,14.0,28183015424,72818241536,100,15466344448,1241128960,68.0,52.064,69.25,
60518710347168,158.083020577,203.5,18429911040,55303802880,105,1842.0,10.5,28183015424,72818241536,100,15466344448,1241128960,69.0,52.075,69.25,
60518767314084,158.139987493,210.6,18429915136,55303802880,105,1861.0,11.6,28183015424,72818241536,100,15466344448,1241128960,68.0,52.071,69.25,
60518821313175,158.193986584,203.7,18429915136,55303802880,105,1890.0,9.4,28182482944,72818774016,100,15466344448,1241128960,69.0,52.071,69.25,
60518875611266,158.248284675,202.6,18429915136,55303802880,105,1844.0,11.5,28181311488,72819945472,100,15466344448,1241128960,69.0,52.064,69.25,
60518932728123,158.305401532,227.6,18429927424,55303802880,105,1883.0,12.1,28180357120,72820899840,100,15466344448,1241128960,69.0,52.064,69.25,
60518986192260,158.358865669,187.0,18429927424,55303802880,105,1759.0,10.1,28180357120,72820899840,100,15466344448,1241128960,68.0,52.072,69.25,
60519040272073,158.412945482,203.4,18429927424,55303802880,105,1884.0,13.9,28184457216,72816799744,100,15466344448,1241128960,69.0,52.058,69.25,
60519094277626,158.466951035,203.7,18429927424,55303802880,105,1837.0,11.6,28186263552,72814993408,100,15466344448,1241128960,68.0,52.072,69.25,
60519148373428,158.521046837,221.8,18429927424,55303802880,105,1814.0,32.0,28186263552,72814993408,100,15466344448,1241128960,68.0,52.058,69.25,
60519203384005,158.576057414,199.9,18429927424,55303802880,105,1858.0,22.5,28183166976,72818089984,100,15466344448,1241128960,69.0,52.086,69.25,
60519257287116,158.629960525,204.1,18429931520,55303802880,105,1839.0,12.6,28183023616,72818233344,100,15466344448,1241128960,68.0,52.056,69.25,
60519311660068,158.684333477,202.1,18429935616,55303802880,105,1843.0,11.0,28183252992,72818003968,100,15466344448,1241128960,68.0,52.069,69.25,
60519365419419,158.738092828,204.9,18429935616,55303802880,105,1816.0,12.9,28183252992,72818003968,100,15466344448,1241128960,68.0,52.058,69.25,
60519418297748,158.790971157,208.4,18429935616,55303802880,105,1830.0,9.7,28183482368,72817774592,100,15466344448,1241128960,69.0,52.074,69.25,
60519473560378,158.846233787,198.7,18429935616,55303802880,105,1832.0,11.1,28183482368,72817774592,100,15466344448,1241128960,69.0,52.063,69.25,
60519527548208,158.900221617,222.2,18429935616,55303802880,105,1840.0,12.2,28183482368,72817774592,100,15466344448,1241128960,69.0,52.076,69.25,
60519582360553,158.955033962,200.8,18429935616,55303802880,105,1852.0,15.4,28184256512,72817000448,100,15466344448,1241128960,69.0,52.077,69.25,
60519635382151,159.00805556,188.5,18429935616,55303802880,105,1834.0,10.6,28184256512,72817000448,100,15466344448,1241128960,69.0,52.073,69.25,
60519689365432,159.062038841,203.8,18429935616,55303802880,105,1838.0,9.9,28184739840,72816517120,100,15466344448,1241128960,69.0,52.08,69.25,
60519742456691,159.1151301,226.0,18429935616,55303802880,105,1827.0,11.0,28184453120,72816803840,100,15466344448,1241128960,69.0,52.067,69.25,
60519796327571,159.16900098,204.2,18429935616,55303802880,105,1843.0,10.5,28184453120,72816803840,100,15466344448,1241128960,69.0,52.077,69.25,
60519851303854,159.223977263,200.2,18429943808,55303802880,105,1795.0,11.9,28184453120,72816803840,100,15466344448,1241128960,70.0,52.063,69.25,
60519905328873,159.278002282,203.8,18429943808,55303802880,105,1842.0,8.2,28186046464,72815210496,100,15466344448,1241128960,68.0,52.074,69.25,
60519959340878,159.332014287,222.0,18429943808,55303802880,105,1864.0,10.4,28186275840,72814981120,100,15466344448,1241128960,69.0,52.059,69.25,
60520013268405,159.385941814,204.0,18429943808,55303802880,105,1820.0,8.8,28186013696,72815243264,100,15466344448,1241128960,68.0,52.079,69.375,
60520067336505,159.440009914,184.9,18429943808,55303802880,105,1827.0,11.6,28185980928,72815276032,100,15466344448,1241128960,68.0,52.055,69.25,
60520121478033,159.494151442,203.2,18429943808,55303802880,105,1831.0,9.3,28185980928,72815276032,100,15466344448,1241128960,68.0,52.078,69.375,
60520175222566,159.547895975,223.4,18429943808,55303802880,105,1860.0,10.6,28185522176,72815734784,100,15466344448,1241128960,69.0,52.055,69.25,
60520229336342,159.602009751,203.2,18429943808,55303802880,105,1863.0,9.3,28185522176,72815734784,100,15466344448,1241128960,69.0,52.077,69.375,
60520283402789,159.656076198,203.4,18429943808,55303802880,105,1828.0,12.1,28185522176,72815734784,100,15466344448,1241128960,68.0,52.059,69.375,
60520339324304,159.711997713,214.6,18429943808,55303802880,105,1837.0,8.5,28185509888,72815747072,100,15466344448,1241128960,68.0,52.076,69.375,
60520393202227,159.765875636,222.8,18429947904,55303802880,105,1856.0,12.8,28181975040,72819281920,100,15466344448,1241128960,68.0,52.063,69.375,
60520447310142,159.819983551,203.3,18429952000,55303802880,105,1915.0,8.2,28182155264,72819101696,100,15466344448,1241128960,69.0,52.075,69.375,
60520501307089,159.873980498,185.1,18429952000,55303802880,105,1805.0,12.9,28182155264,72819101696,100,15466344448,1241128960,68.0,52.072,69.375,
60520555346565,159.928019974,203.6,18429952000,55303802880,105,1890.0,11.7,28182155264,72819101696,100,15466344448,1241128960,69.0,52.077,69.375,
60520609434803,159.982108212,221.7,18429952000,55303802880,105,1824.0,11.0,28182155264,72819101696,100,15466344448,1241128960,69.0,52.081,69.375,
60520664436684,160.037110093,200.2,18429952000,55303802880,105,1912.0,10.3,28182155264,72819101696,100,15466344448,1241128960,69.0,52.076,69.375,
60520718265866,160.090939275,204.3,18429952000,55303802880,105,1847.0,10.5,28182155264,72819101696,100,15466344448,1241128960,69.0,52.081,69.375,
60520772402775,160.145076184,203.2,18429952000,55303802880,105,1820.0,11.1,28182155264,72819101696,100,15466344448,1241128960,69.0,52.072,69.375,
60520828578476,160.201251885,231.3,18429952000,55303802880,105,1852.0,11.5,28182155264,72819101696,100,15466344448,1241128960,69.0,52.08,69.375,
60520884436893,160.257110302,196.9,18429952000,55303802880,105,1856.0,10.1,28181762048,72819494912,100,15466344448,1241128960,69.0,52.067,69.375,
60520938325316,160.310998725,204.2,18429956096,55303802880,105,1812.0,9.9,28180443136,72820813824,100,15466344448,1241128960,68.0,52.077,69.375,
60520992346809,160.365020218,222.2,18429960192,55303802880,105,1850.0,11.0,28180443136,72820813824,100,15466344448,1241128960,68.0,52.061,69.25,
60521046485672,160.419159081,203.2,18429960192,55303802880,105,1868.0,8.7,28180672512,72820584448,100,15466344448,1241128960,68.0,52.075,69.375,
60521100474814,160.473148223,203.7,18429960192,55303802880,105,1826.0,12.9,28181188608,72820068352,100,15466344448,1241128960,69.0,52.055,69.25,
60521154346916,160.527020325,204.3,18429960192,55303802880,105,1845.0,9.9,28181188608,72820068352,100,15466344448,1241128960,69.0,52.08,69.375,
60521208253563,160.580926972,222.6,18429960192,55303802880,105,1836.0,10.5,28181188608,72820068352,100,15466344448,1241128960,68.0,52.054,69.25,
60521262673653,160.635347062,202.1,18429960192,55303802880,105,1847.0,9.9,28180860928,72820396032,100,15466344448,1241128960,69.0,52.079,69.25,
60521316443684,160.689117093,204.7,18429960192,55303802880,105,1860.0,11.2,28180598784,72820658176,100,15466344448,1241128960,68.0,52.061,69.25,
60521369477485,160.742150894,206.6,18429960192,55303802880,105,1872.0,9.8,28181082112,72820174848,100,15460052992,1241128960,68.0,52.077,69.25,
60521424306752,160.796980161,201.4,18429960192,55303802880,105,1805.0,12.8,28181082112,72820174848,100,15464247296,1241128960,69.0,52.067,69.25,
60521477290259,160.849963668,208.0,18429964288,55303802880,105,1869.0,9.6,28180819968,72820436992,100,15464247296,1241128960,69.0,52.076,69.25,
60521529255826,160.901929235,211.3,18429964288,55303802880,105,1849.0,13.8,28181016576,72820240384,100,15464247296,1241128960,69.0,52.082,69.25,
60521582331545,160.955004954,188.7,18429968384,55303802880,105,1868.0,13.2,28180656128,72820600832,100,15464247296,1241128960,69.0,52.068,69.25,
60521634446954,161.007120363,210.5,18429968384,55303802880,105,1869.0,12.3,28180656128,72820600832,100,15464247296,1241128960,68.0,52.072,69.25,
60521688429002,161.061102411,203.9,18429968384,55303802880,105,1862.0,11.2,28180197376,72821059584,100,15464247296,1241128960,70.0,52.059,69.25,
60521742399599,161.115073008,222.1,18429968384,55303802880,105,1818.0,10.2,28180197376,72821059584,100,15464247296,1241128960,68.0,52.069,69.25,
60521798617059,161.171290468,195.9,18429968384,55303802880,105,1860.0,12.6,28180197376,72821059584,100,15464247296,1241128960,68.0,52.053,69.25,
60521855311975,161.227985384,211.7,18429968384,55303802880,105,1843.0,10.6,28180197376,72821059584,100,15464247296,1241128960,69.0,52.071,69.25,
60521911676180,161.284349589,212.8,18429968384,55303802880,105,1823.0,13.3,28179869696,72821387264,100,15464247296,1241128960,68.0,52.051,69.25,
60521965430632,161.338104041,204.7,18429968384,55303802880,105,1830.0,10.0,28178960384,72822296576,100,15464247296,1241128960,69.0,52.076,69.25,
60522019472482,161.392145891,203.5,18429972480,55303802880,105,1785.0,12.8,28178960384,72822296576,100,15464247296,1241128960,69.0,52.051,69.25,
60522073385291,161.4460587,204.0,18429972480,55303802880,105,1828.0,10.4,28178485248,72822771712,100,15464247296,1241128960,69.0,52.076,69.25,
60522127328987,161.500002396,203.9,18429976576,55303802880,105,1815.0,12.9,28178485248,72822771712,100,15464247296,1241128960,68.0,52.057,69.25,
60522181394362,161.554067771,203.2,18429976576,55303802880,105,1856.0,9.2,28178194432,72823062528,100,15464247296,1241128960,69.0,52.072,69.25,
60522236504656,161.609178065,218.0,18429976576,55303802880,105,1826.0,13.2,28178194432,72823062528,100,15464247296,1241128960,68.0,52.059,69.25,
60522290411524,161.663084933,204.1,18429976576,55303802880,105,1872.0,10.5,28175097856,72826159104,100,15464247296,1241128960,70.0,52.074,69.25,
60522345543458,161.718216867,217.7,18429976576,55303802880,105,1811.0,13.1,28174577664,72826679296,100,15464247296,1241128960,68.0,52.062,69.25,
60522403771518,161.776444927,223.2,18429976576,55303802880,105,1818.0,11.4,28174544896,72826712064,100,15464247296,1241128960,69.0,52.074,69.25,
60522458653474,161.831326883,182.0,18429976576,55303802880,105,1786.0,13.1,28174544896,72826712064,100,15464247296,1241128960,69.0,52.068,69.25,
60522512362661,161.88503607,223.7,18429976576,55303802880,105,1806.0,12.4,28174532608,72826724352,100,15464247296,1241128960,69.0,52.075,69.25,
60522566352093,161.939025502,203.8,18430066688,55303802880,105,1786.0,12.4,28152975360,72848281600,98,15464247296,1241231360,65.0,51.072,69.25,
60522637378370,162.010051779,211.2,18071687168,54945423360,105,2705.0,11.8,27798466560,73202790400,95,15464247296,1241882624,65.0,51.021,69.375,
60522690404086,162.063077495,792.1,18000994304,54904369152,105,3409.0,28.5,27763843072,73237413888,92,15485280256,1242464256,64.0,51.03,70.75,
60522746467096,162.119140505,196.2,18008231936,55064739840,105,2909.0,10.6,27939270656,73061986304,87,15789965312,1242136576,64.0,51.02,72.625,
60522817933077,162.190606486,223.9,18018500608,55218069504,105,2730.0,12.1,28089880576,72911376384,85,15791288320,1241874432,63.0,51.062,74.0,
60522872400185,162.245073594,202.0,18023006208,55495516160,105,2837.0,9.9,28296298496,72704958464,82,16064229376,1241341952,65.0,51.071,75.375,
60522932181177,162.304854586,217.3,18023739392,56083415040,105,2485.0,11.9,28910034944,72091222016,83,16651780096,1240195072,68.0,52.087,76.75,
60522997765660,162.370439069,213.5,18023739392,56637063168,105,1872.0,12.8,29522890752,71478366208,84,17205428224,1239113728,70.0,53.077,76.875,
60523051386972,162.424060381,223.8,18023739392,56913887232,105,1855.0,12.7,29825363968,71175892992,85,17769562112,1238573056,69.0,53.077,76.625,
60523105446837,162.478120246,203.3,18023739392,57951977472,105,1821.0,12.1,30654189568,70347067392,86,18520342528,1237430272,68.0,53.044,76.5,
60523160592216,162.533265625,199.6,18023739392,58421739520,105,1923.0,12.0,31321219072,69680037888,86,18990104576,1235628032,68.0,53.018,76.25,
60523214532627,162.587206036,204.0,18023739392,58421739520,105,1901.0,11.1,31321051136,69680205824,87,18990104576,1235628032,68.0,53.036,76.0,
60523268406272,162.641079681,204.2,18023743488,58421739520,105,1915.0,11.7,31321051136,69680205824,88,18990104576,1235628032,69.0,53.024,75.875,
60523322410081,162.69508349,222.2,18023743488,58650329088,105,1836.0,11.6,31549050880,69452206080,89,19218694144,1235181568,67.0,52.068,75.625,
60523377283972,162.749957381,182.0,18023743488,59124285440,105,1897.0,11.9,32025333760,68975923200,89,19692650496,1234255872,68.0,52.057,75.5,
60523432526443,162.805199852,217.3,18023743488,59671642112,105,1859.0,12.0,32613584896,68387672064,90,20569260032,1233809408,68.0,52.044,75.25,
60523486436637,162.859110046,204.0,18023743488,60330147840,105,1875.0,12.7,33238536192,67762720768,90,20898512896,1233813504,68.0,52.053,75.125,
60523541503439,162.914176848,218.0,18023743488,60980264960,105,1940.0,14.2,33863487488,67137769472,91,21548630016,1233813504,68.0,52.078,75.0,
60523595492511,162.96816592,203.8,18023743488,61630382080,105,1868.0,13.0,34308083712,66693173248,91,22198747136,1233817600,68.0,52.062,74.75,
60523649480069,163.022153478,203.8,18023743488,62194515968,105,1855.0,12.7,34895286272,66105970688,92,22762881024,1233817600,69.0,52.085,74.625,
60523703490992,163.076164401,203.5,18023743488,62764941312,105,1843.0,13.2,35616706560,65384550400,92,23333306368,1233821696,68.0,52.083,74.5,
60523757622991,163.1302964,221.8,18023743488,63316492288,105,1877.0,11.6,36103958528,64897298432,93,23884857344,1233821696,67.0,52.057,74.375,
60523811523917,163.184197326,204.0,18023743488,63886917632,105,1858.0,11.7,36750110720,64251146240,93,24455282688,1233825792,68.0,52.042,74.25,
60523865545840,163.238219249,166.6,18023743488,64444760064,105,1830.0,11.6,37358514176,63642742784,93,25013125120,1233829888,69.0,52.052,74.0,
60523922760029,163.295433438,226.4,18023747584,65367506944,105,1844.0,12.5,38171713536,62829543424,94,25935872000,1233829888,68.0,52.05,73.875,
60523977541486,163.350214895,201.5,18023747584,66021818368,105,1864.0,12.6,38813147136,62188109824,94,26590183424,1233833984,69.0,52.061,73.75,
60524031446100,163.404119509,222.7,18023747584,66346876928,105,1838.0,13.4,39176871936,61824385024,94,27240300544,1233833984,69.0,52.067,73.625,
60524085568651,163.45824206,184.7,18023747584,66996994048,105,1868.0,14.6,39750393856,61250863104,94,27565359104,1233838080,68.0,52.056,73.5,
60524139473184,163.512146593,222.7,18023747584,67322052608,105,1871.0,14.9,40156635136,60844621824,94,28215476224,1233838080,68.0,52.063,73.375,
60524194613334,163.567286743,199.5,18023747584,67972169728,105,1879.0,13.8,40701767680,60299489280,95,28540534784,1233842176,68.0,52.081,73.25,
60524249701997,163.622375406,199.7,18023747584,68624384000,105,1827.0,13.3,41184993280,59816263680,94,29192749056,1233838080,68.0,52.069,73.125,
60524303516451,163.67618986,204.3,18023747584,68949442560,105,1826.0,15.7,41795043328,59206213632,94,29517807616,1233842176,68.0,52.072,73.0,
60524357600411,163.73027382,221.6,18023747584,69610045440,105,1822.0,14.5,42276773888,58724483072,94,30178410496,1233768448,68.0,52.061,72.875,
60524411633485,163.784306894,185.4,18023747584,70241288192,105,1847.0,15.7,42875871232,58125385728,94,30805458944,1233768448,68.0,52.053,72.75,
60524465538499,163.838211908,222.5,18023751680,70557958144,105,1809.0,14.5,43418210304,57583046656,94,31436701696,1233764352,69.0,52.053,72.625,
60524519561494,163.892234903,203.5,18023755776,71189200896,105,1798.0,16.2,44045537280,56955719680,94,31753371648,1233764352,68.0,52.048,72.5,
60524574674402,163.947347811,217.6,18023759872,71814152192,105,1893.0,16.9,44671242240,56330014720,94,32378322944,1233760256,68.0,52.062,72.375,
60524628611065,164.001284474,204.0,18023759872,72445394944,105,1795.0,18.0,45225177088,55776079872,94,33009565696,1233760256,68.0,52.062,72.25,
60524682563217,164.055236626,185.4,18023763968,73076637696,105,1838.0,13.5,45767299072,55233957888,94,33640808448,1233756160,68.0,52.063,72.25,
60524736454565,164.109127974,222.9,18023763968,73393307648,105,1853.0,14.5,46268973056,54732283904,94,34272051200,1233756160,67.0,52.06,72.125,
60524790605551,164.16327896,202.9,18023768064,74024550400,105,1867.0,17.0,46829457408,54171799552,94,34588721152,1233752064,69.0,52.071,72.0,
60524844692706,164.217366115,203.4,18023772160,74628530176,105,1861.0,16.4,47208005632,53793251328,94,35192700928,1233756160,68.0,52.076,71.875,
60524899565304,164.272238713,200.4,18023772160,77346439168,105,1853.0,16.0,47545954304,53455302656,94,37910609920,1233756160,68.0,52.066,71.875,
60524953740033,164.326413442,166.2,18023772160,77346439168,105,1815.0,15.0,48219357184,52781899776,95,37910609920,1233756160,68.0,52.07,71.75,
60525008643930,164.381317339,109.3,18023776256,77346439168,105,1852.0,9.1,48914255872,52087001088,95,37910609920,1233756160,68.0,52.064,71.625,
60525063813385,164.436486794,108.8,18023776256,77346439168,105,1815.0,9.8,49628155904,51373101056,93,37910609920,1233756160,65.0,51.084,71.5,
60525120513980,164.493187389,141.1,18023780352,77357043712,105,2891.0,9.6,50242600960,50758656000,91,37910609920,1234018304,67.0,51.076,71.875,
60525173671763,164.546345172,1637.2,18051174400,77373820928,105,3583.0,55.8,50310189056,50691067904,89,37910609920,1234018304,64.0,51.091,72.375,
60525226356489,164.599029898,2297.6,18018402304,77340266496,105,3617.0,73.5,50289389568,50711867392,84,37910609920,1234018304,63.0,51.076,74.0,
60525282801856,164.655475265,1009.5,18018471936,77340266496,105,2787.0,33.3,50290798592,50710458368,80,37910609920,1234018304,62.0,51.028,75.375,
60525338399273,164.711072682,215.9,18018471936,77340266496,105,2673.0,9.0,50291814400,50709442560,77,37910609920,1234018304,62.0,50.068,76.625,
60525390528346,164.763201755,211.0,18018471936,77340266496,105,2761.0,9.5,50293866496,50707390464,73,37914804224,1234018304,61.0,50.012,78.0,
60525449281771,164.82195518,221.2,18018471936,77340266496,105,2696.0,9.6,50293604352,50707652608,69,37914804224,1234018304,61.0,49.046,79.25,
60525506484939,164.879158348,785.3,18018484224,77340266496,105,3043.0,33.2,50294349824,50706907136,65,37914804224,1234018304,61.0,50.011,80.125,
60525568456047,164.941129456,1712.5,18018488320,77340266496,105,3067.0,62.6,50295087104,50706169856,62,37914804224,1234018304,61.0,51.028,80.25,
60525625078165,164.997751574,1659.3,18018488320,77340266496,105,3046.0,62.8,50300985344,50700271616,60,37914804224,1234018304,61.0,52.036,80.375,
60525683721112,165.056394521,1671.1,18018488320,77340266496,105,2584.0,62.5,50308390912,50692866048,57,37914804224,1234018304,62.0,53.01,80.375,
60525739618632,165.112292041,1682.4,18018488320,77340266496,105,2676.0,64.9,50309529600,50691727360,54,37914804224,1234018304,61.0,53.016,80.25,
60525793640264,165.166313673,1702.0,18018488320,77340266496,105,2566.0,65.3,50301726720,50699530240,52,37914804224,1234018304,61.0,53.027,80.0,
60525849894303,165.222567712,1652.4,18018488320,77340266496,105,2603.0,65.9,50297188352,50704068608,50,37914804224,1234018304,61.0,53.009,79.75,
60525907840253,165.280513662,1710.1,18018492416,77340266496,105,2621.0,65.9,50298703872,50702553088,48,37914804224,1234018304,62.0,52.096,79.5,
60525961730549,165.334403958,1686.2,18018492416,77340266496,105,2623.0,64.5,50301411328,50699845632,46,37914804224,1234018304,61.0,52.088,79.25,
60526015635373,165.388308782,1689.5,18018492416,77340266496,105,2642.0,65.3,50298245120,50703011840,44,37914804224,1234018304,61.0,52.082,79.0,
60526069690898,165.442364307,1699.9,18018492416,77340266496,105,2631.0,64.5,50298331136,50702925824,42,37914804224,1234018304,62.0,52.078,78.875,
60526124765926,165.497439335,1707.4,18018496512,77340266496,105,2603.0,67.0,50295230464,50706026496,40,37914804224,1234018304,61.0,52.075,78.625,
60526182421903,165.555095312,1179.9,18018496512,77340266496,105,3536.0,47.2,50305933312,50695323648,39,37914804224,1234018304,62.0,52.047,78.375,
60526237678972,165.610352381,1719.3,18018496512,77340266496,105,3409.0,65.0,50314448896,50686808064,38,37914804224,1234018304,61.0,52.054,78.125,
60526294066600,165.666740009,1702.7,18018496512,77340266496,105,3311.0,71.5,50308792320,50692464640,36,37914804224,1234018304,61.0,52.062,77.875,
60526348682958,165.721356367,770.1,18032398336,64750358528,105,3221.0,46.5,37315469312,63685787648,36,24335745024,1234018304,62.0,52.018,77.75,
60526401645083,165.774318492,756.0,18032418816,55497723904,105,3349.0,32.1,28145762304,72855494656,37,16058286080,1233752064,63.0,52.008,78.625,
60526453429320,165.826102729,193.1,18032422912,55598387200,105,3121.0,10.1,28423856128,72577400832,40,16158949376,1233743872,64.0,52.04,79.375,
60526506663236,165.879336645,844.9,18032422912,55598387200,105,2249.0,30.2,28425355264,72575901696,43,16158949376,1233743872,68.0,52.093,79.625,
60526559635089,165.932308498,207.3,18032422912,55598387200,105,1858.0,16.7,28442468352,72558788608,46,16158949376,1233743872,67.0,52.089,79.25,
60526614835863,165.987509272,199.4,18032422912,55598387200,105,1866.0,13.6,28442951680,72558305280,49,16158949376,1233743872,68.0,52.049,79.0,
60526669816253,166.042489662,200.1,18032422912,55598387200,105,1818.0,11.0,28443205632,72558051328,52,16158949376,1233743872,68.0,52.069,78.75,
60526723436492,166.096109901,223.7,18032422912,55598387200,105,1844.0,12.4,28443435008,72557821952,54,16158949376,1233743872,68.0,52.052,78.375,
60526777658831,166.15033224,203.0,18032422912,55598387200,105,1846.0,9.3,28443922432,72557334528,57,16158949376,1233743872,69.0,52.069,78.125,
60526831533728,166.204207137,204.1,18032422912,55598387200,105,1775.0,13.7,28443922432,72557334528,59,16158949376,1233743872,69.0,52.068,77.875,
60526885733334,166.258406743,202.8,18032422912,55598387200,105,1813.0,11.1,28444151808,72557105152,61,16158949376,1233743872,69.0,52.065,77.625,
60526939547196,166.312220605,223.0,18032422912,55598387200,105,1820.0,11.6,28443009024,72558247936,63,16158949376,1233743872,68.0,52.064,77.5,
60526993577044,166.366250453,203.6,18032422912,55598387200,105,1777.0,12.3,28442976256,72558280704,65,16158949376,1233743872,68.0,52.05,77.25,
60527047566165,166.420239574,203.8,18032422912,55598387200,105,1841.0,9.4,28443234304,72558022656,67,16158949376,1233743872,69.0,52.071,77.0,
60527101548975,166.474222384,185.3,18032422912,55598387200,105,1825.0,13.5,28445814784,72555442176,69,16158949376,1233743872,69.0,52.051,76.875,
60527155564656,166.528238065,222.1,18032427008,55598387200,105,1884.0,11.0,28446044160,72555212800,70,16158949376,1233743872,68.0,52.069,76.625,
60527209817772,166.582491181,221.3,18032427008,55598387200,105,1841.0,11.8,28446044160,72555212800,72,16158949376,1233743872,68.0,52.063,76.375,
60527262543675,166.635217084,189.8,18032427008,55598387200,105,1869.0,10.7,28446044160,72555212800,73,16158949376,1233743872,70.0,52.067,76.25,
60527315669888,166.688343297,206.8,18032427008,55598387200,105,1792.0,12.1,28446302208,72554954752,75,16158949376,1233743872,69.0,52.065,76.125,
60527369680219,166.742353628,203.7,18032427008,55598387200,105,1812.0,11.7,28446302208,72554954752,76,16158949376,1233743872,70.0,52.055,75.875,
60527423614708,166.796288117,222.6,18032431104,55598387200,105,1856.0,9.3,28446531584,72554725376,77,16158949376,1233743872,69.0,52.066,75.75,
60527477713274,166.850386683,203.2,18032431104,55598387200,105,1870.0,11.0,28446531584,72554725376,79,16158949376,1233743872,69.0,52.047,75.5,
60527531671708,166.904345117,203.9,18032431104,55598387200,105,1822.0,11.2,28447014912,72554242048,80,16158949376,1233743872,69.0,52.075,75.375,
60527585719208,166.958392617,203.6,18032431104,55598387200,105,1837.0,13.9,28447014912,72554242048,81,16158949376,1233743872,69.0,52.055,75.25,
60527639623030,167.012296439,204.1,18032435200,55598387200,105,1852.0,9.4,28446720000,72554536960,82,16158949376,1233743872,69.0,52.068,75.125,
60527693763865,167.066437274,221.7,18032435200,55598387200,105,1842.0,11.6,28446720000,72554536960,83,16158949376,1233743872,69.0,52.069,74.875,
60527750682299,167.123355708,193.2,18032435200,55598387200,105,1870.0,10.4,28446720000,72554536960,84,16158949376,1233743872,70.0,52.066,74.75,
60527809801188,167.182474597,219.9,18032435200,55598387200,105,1799.0,10.2,28446949376,72554307584,85,16158949376,1233743872,69.0,52.068,74.625,
60527863614370,167.236287779,204.4,18032435200,55598387200,105,1863.0,10.0,28446302208,72554954752,85,16158949376,1233743872,69.0,52.059,74.5,
60527917713758,167.290387167,221.7,18032435200,55598387200,105,1841.0,10.3,28445106176,72556150784,86,16158949376,1233743872,68.0,52.066,74.375,
60527971561744,167.344235153,204.4,18032439296,55598387200,105,1843.0,11.2,28445335552,72555921408,87,16158949376,1233743872,69.0,52.046,74.25,
60528026887512,167.399560921,198.8,18032439296,55598387200,105,1836.0,11.4,28445851648,72555405312,88,16158949376,1233743872,69.0,52.072,74.125,
60528080630721,167.45330413,204.7,18032439296,55598387200,105,1855.0,11.0,28445851648,72555405312,88,16158949376,1233743872,68.0,52.055,74.0,
60528134626044,167.507299453,222.4,18032443392,55598387200,105,1887.0,8.2,28446564352,72554692608,89,16158949376,1233743872,70.0,52.071,73.875,
60528188558569,167.561231978,203.9,18032447488,55598387200,105,1863.0,11.0,28446564352,72554692608,89,16158949376,1233743872,69.0,52.067,73.75,
60528242676572,167.615349981,203.2,18032447488,55598387200,105,1865.0,10.5,28446564352,72554692608,90,16158949376,1233743872,69.0,52.065,73.625,
60528296601673,167.669275082,222.5,18032447488,55598387200,105,1863.0,10.4,28446793728,72554463232,91,16158949376,1233743872,68.0,52.064,73.5,
60528350658772,167.723332181,203.5,18032447488,55598387200,105,1854.0,9.9,28447023104,72554233856,91,16158949376,1233743872,68.0,52.053,73.375,
60528404702736,167.777376145,203.6,18032447488,55598387200,105,1870.0,9.3,28447023104,72554233856,92,16158949376,1233743872,69.0,52.069,73.25,
60528458879779,167.831553188,202.9,18032447488,55598387200,105,1843.0,11.0,28446531584,72554725376,92,16158949376,1233743872,69.0,52.048,73.125,
60528512830408,167.885503817,203.9,18032447488,55598387200,105,1898.0,11.0,28443787264,72557469696,92,16158949376,1233743872,69.0,52.074,73.125,
60528566636727,167.939310136,204.5,18032451584,55598387200,105,1812.0,14.0,28444499968,72556756992,93,16158949376,1233743872,68.0,52.061,73.0,
60528620649802,167.993323211,203.7,18032451584,55598387200,105,1834.0,12.9,28444499968,72556756992,93,16158949376,1233743872,69.0,52.068,72.875,
60528674587567,168.047260976,204.0,18032451584,55598387200,105,1847.0,9.8,28444499968,72556756992,94,16158949376,1233743872,69.0,52.071,72.75,
60528728668390,168.101341799,221.8,18032455680,55598387200,105,1849.0,10.5,28444729344,72556527616,94,16158949376,1233743872,70.0,52.069,72.75,
60528782751267,168.155424676,203.4,18032455680,55598387200,105,1841.0,9.8,28444729344,72556527616,94,16158949376,1233743872,68.0,52.068,72.625,
60528836736200,168.209409609,222.3,18032455680,55598387200,105,1807.0,10.5,28444729344,72556527616,94,16158949376,1233743872,69.0,52.057,72.5,
60528890788189,168.263461598,185.0,18032455680,55598387200,105,1838.0,9.8,28444291072,72556965888,95,16158949376,1233743872,69.0,52.076,72.5,
60528944775186,168.317448595,203.7,18032455680,55598387200,105,1856.0,10.6,28443271168,72557985792,95,16158949376,1233743872,69.0,52.057,72.375,
60528998679067,168.371352476,204.0,18032455680,55598387200,105,1868.0,9.8,28443193344,72558063616,95,16158949376,1233743872,69.0,52.077,72.25,
60529057802586,168.430475995,220.0,18032455680,55598387200,105,1902.0,10.7,28443193344,72558063616,96,16158949376,1233743872,69.0,52.063,72.25,
60529111693132,168.484366541,204.1,18032455680,55598387200,105,1851.0,11.0,28446806016,72554450944,96,16158949376,1233743872,69.0,52.076,72.125,
60529165727498,168.538400907,203.6,18032459776,55598387200,105,1848.0,10.4,28447059968,72554196992,96,16158949376,1233743872,69.0,52.072,72.125,
60529219629195,168.592302604,222.6,18032459776,55598387200,105,1831.0,10.5,28447289344,72553967616,96,16158949376,1233743872,70.0,52.067,72.0,
60529273852846,168.646526255,202.7,18032463872,55598387200,105,1845.0,10.3,28447027200,72554229760,96,16158949376,1233743872,68.0,52.064,71.875,
60529327747509,168.700420918,204.2,18032467968,55598387200,105,1856.0,10.5,28447281152,72553975808,97,16158949376,1233743872,68.0,52.056,71.875,
60529381768220,168.754441629,203.7,18032467968,55598387200,105,1830.0,9.8,28447281152,72553975808,97,16154755072,1233743872,69.0,52.073,71.75,
60529435580129,168.808253538,222.9,18032467968,55598387200,105,1843.0,12.9,28447281152,72553975808,97,16158949376,1233743872,69.0,52.052,71.75,
60529489655391,168.8623288,203.5,18032467968,55598387200,105,1868.0,10.3,28447281152,72553975808,97,16158949376,1233743872,69.0,52.075,71.625,
60529544785962,168.917459371,199.5,18032467968,55598387200,105,1813.0,13.8,28447752192,72553504768,97,16158949376,1233743872,68.0,52.066,71.625,
60529598699762,168.971373171,222.6,18032467968,55598387200,105,1849.0,11.7,28447752192,72553504768,97,16158949376,1233743872,69.0,52.072,71.5,
60529652686298,169.025359707,203.6,18032467968,55598387200,105,1799.0,11.0,28447752192,72553504768,98,16158949376,1233743872,69.0,52.069,71.5,
60529706716506,169.079389915,203.7,18032467968,55598387200,105,1816.0,11.6,28447752192,72553504768,98,16158949376,1233743872,69.0,52.064,71.375,
60529760783844,169.133457253,203.3,18032472064,55598387200,105,1834.0,11.5,28447752192,72553504768,98,16158949376,1233743872,68.0,52.066,71.375,
60529814762826,169.187436235,203.9,18032476160,55598387200,105,1819.0,12.4,28447752192,72553504768,98,16158949376,1233743872,68.0,52.053,71.375,
60529868716450,169.241389859,222.5,18032476160,55598387200,105,1799.0,9.9,28447723520,72553533440,98,16158949376,1233743872,69.0,52.072,71.25,
60529922578092,169.295251501,185.6,18032476160,55598387200,105,1809.0,12.7,28447039488,72554217472,98,16158949376,1233743872,68.0,52.056,71.25,
60529976928731,169.34960214,220.5,18032480256,55598387200,105,1860.0,9.8,28446838784,72554418176,98,16158949376,1233743872,69.0,52.073,71.125,
60530032711505,169.405384914,197.5,18032480256,55598387200,105,1823.0,12.4,28446838784,72554418176,98,16158949376,1233743872,69.0,52.066,71.125,
60530086742865,169.459416274,203.6,18032480256,55598387200,105,1819.0,11.0,28446838784,72554418176,98,16158949376,1233743872,69.0,52.071,71.125,
60530140690999,169.513364408,222.4,18032480256,55598387200,105,1843.0,10.5,28446838784,72554418176,99,16158949376,1233743872,69.0,52.07,71.0,
60530194781039,169.567454448,203.5,18032480256,55598387200,105,1824.0,11.7,28446838784,72554418176,99,16158949376,1233743872,69.0,52.057,71.0,
60530248894573,169.621567982,203.0,18032480256,55598387200,105,1825.0,11.4,28446838784,72554418176,99,16158949376,1233743872,68.0,52.067,70.875,
60530302822509,169.675495918,204.1,18032480256,55598387200,105,1841.0,12.3,28446838784,72554418176,99,16158949376,1233743872,69.0,52.051,70.875,
60530356648224,169.729321633,223.0,18032484352,55598387200,105,1869.0,10.5,28446838784,72554418176,99,16158949376,1233743872,69.0,52.072,70.875,
60530411661505,169.784334914,200.0,18032513024,55598387200,105,1833.0,13.1,28447322112,72553934848,99,16158949376,1233743872,69.0,52.052,70.75,
60530468236926,169.840910335,212.1,18032517120,55598387200,105,1875.0,9.9,28447322112,72553934848,99,16158949376,1233743872,68.0,52.074,70.75,
60530528183367,169.900856776,1233.8,18032533504,55602581504,105,1878.0,45.6,28451516416,72549740544,99,16163143680,1233735680,68.0,52.068,70.75,
60530581832670,169.954506079,205.0,18032533504,55602581504,105,1857.0,13.4,28452802560,72548454400,99,16163143680,1233735680,69.0,52.073,70.625,
60530635810560,170.008483969,203.8,18032533504,55602581504,105,1865.0,14.5,28453027840,72548229120,99,16163143680,1233735680,69.0,52.067,70.625,
60530689704683,170.062378092,204.2,18032533504,55602581504,105,1858.0,11.7,28452765696,72548491264,99,16163143680,1233735680,70.0,52.063,70.625,
60530743730021,170.11640343,222.0,18032533504,55602581504,105,1845.0,10.5,28452438016,72548818944,99,16163143680,1233735680,68.0,52.064,70.5,
60530797796287,170.170469696,203.5,18032537600,55602581504,105,1899.0,12.2,28452696064,72548560896,99,16163143680,1233735680,69.0,52.053,70.5,
60530851754119,170.224427528,203.9,18032537600,55602581504,105,1874.0,9.9,28452925440,72548331520,99,16163143680,1233735680,69.0,52.07,70.5,
60530905739894,170.278413303,203.7,18032537600,55602581504,105,1837.0,12.2,28449968128,72551288832,99,16163143680,1233735680,69.0,52.051,70.5,
60530959741318,170.332414727,203.8,18032537600,55602581504,105,1814.0,9.4,28450451456,72550805504,99,16163143680,1233735680,69.0,52.071,70.375,
60531013805429,170.386478838,203.4,18032537600,55602581504,105,1838.0,12.1,28450451456,72550805504,99,16163143680,1233735680,69.0,52.055,70.375,
60531067895419,170.440568828,221.8,18032537600,55602581504,105,1883.0,10.3,28450967552,72550289408,99,16163143680,1233735680,69.0,52.073,70.375,
60531121888297,170.494561706,203.8,18032537600,55602581504,105,1867.0,13.3,28450963456,72550293504,99,16163143680,1233735680,68.0,52.063,70.375,
60531176756556,170.549429965,200.5,18032537600,55602581504,105,1893.0,10.9,28450668544,72550588416,99,16163143680,1233735680,69.0,52.07,70.25,
60531230853058,170.603526467,203.3,18032537600,55602581504,105,1912.0,12.7,28450668544,72550588416,99,16163143680,1233735680,69.0,52.071,70.25,
60531286828794,170.659502203,232.3,18032537600,55602581504,105,1846.0,11.9,28450668544,72550588416,99,16163143680,1233735680,70.0,52.063,70.25,
60531340966373,170.713639782,203.1,18032537600,55602581504,105,1873.0,9.9,28450668544,72550588416,99,16163143680,1233735680,68.0,52.062,70.25,
60531394901142,170.767574551,204.0,18032541696,55602581504,105,1794.0,14.5,28450668544,72550588416,99,16163143680,1233735680,69.0,52.053,70.25,
60531448844297,170.821517706,204.1,18032545792,55602581504,105,1868.0,8.2,28450668544,72550588416,100,16163143680,1233735680,69.0,52.065,70.125,
60531503837600,170.876511009,218.1,18032545792,55602581504,105,1856.0,11.4,28450885632,72550371328,100,16163143680,1233735680,68.0,52.048,70.125,
60531557794591,170.930468,203.8,18032545792,55602581504,105,1865.0,13.9,28450885632,72550371328,100,16163143680,1233735680,69.0,52.076,70.125,
60531611722096,170.984395505,185.4,18032545792,55602581504,105,1848.0,12.1,28451115008,72550141952,100,16163143680,1233735680,69.0,52.053,70.125,
60531665754859,171.038428268,203.8,18032545792,55602581504,105,1887.0,8.2,28451373056,72549883904,100,16163143680,1233735680,69.0,52.07,70.125,
60531718827361,171.09150077,207.0,18032545792,55602581504,105,1869.0,10.0,28451373056,72549883904,100,16163143680,1233735680,68.0,52.061,70.125,
60531773770380,171.146443789,236.6,18032545792,55602581504,105,1887.0,9.1,28451602432,72549654528,100,16163143680,1233735680,69.0,52.07,70.0,
60531827727190,171.200400599,185.3,18032545792,55602581504,105,1825.0,11.1,28451831808,72549425152,100,16163143680,1233735680,69.0,52.07,70.0,
60531881910505,171.254583914,203.0,18032549888,55602581504,105,1835.0,9.8,28451831808,72549425152,100,16163143680,1233735680,69.0,52.066,70.0,
60531935759172,171.308432581,222.9,18032553984,55602581504,105,1872.0,9.9,28452085760,72549171200,100,16163143680,1233735680,69.0,52.066,70.0,
60531989898555,171.362571964,203.2,18032553984,55602581504,105,1891.0,10.5,28452081664,72549175296,100,16163143680,1233735680,69.0,52.059,70.0,
60532043906921,171.41658033,203.6,18032553984,55602581504,105,1882.0,8.7,28450484224,72550772736,100,16163143680,1233735680,68.0,52.063,70.0,
60532100863446,171.473536855,210.5,18032553984,55602581504,105,1889.0,11.0,28450484224,72550772736,100,16163143680,1233735680,69.0,52.049,70.0,
60532154844752,171.527518161,204.0,18032553984,55602581504,105,1868.0,9.3,28450484224,72550772736,100,16163143680,1233735680,69.0,52.069,69.875,
60532211015574,171.583688983,213.6,18032553984,55602581504,105,1877.0,12.2,28450713600,72550543360,100,16163143680,1233735680,69.0,52.048,69.875,
60532264792787,171.637466196,223.2,18032553984,55602581504,105,1890.0,8.8,28450713600,72550543360,100,16163143680,1233735680,69.0,52.07,69.875,
60532323898291,171.6965717,202.9,18032553984,55602581504,105,1847.0,12.7,28450713600,72550543360,100,16163143680,1233735680,69.0,52.048,69.875,
60532377767216,171.750440625,204.5,18032553984,55602581504,105,1886.0,9.4,28450713600,72550543360,100,16163143680,1233735680,69.0,52.072,69.875,
60532430781800,171.803455209,207.2,18032558080,55602581504,105,1872.0,10.0,28450713600,72550543360,100,16158949376,1233735680,68.0,52.054,69.875,
60532484885345,171.857558754,203.5,18032562176,55602581504,105,1903.0,8.7,28450971648,72550285312,100,16158949376,1233735680,69.0,52.072,69.875,
60532538704417,171.911377826,204.2,18032562176,55602581504,105,1909.0,12.8,28450697216,72550559744,100,16158949376,1233735680,68.0,52.069,69.875,
60532592938236,171.965611645,202.8,18032562176,55602581504,105,1887.0,10.5,28450435072,72550821888,100,16158949376,1233735680,69.0,52.069,69.75,
60532646792655,172.019466064,222.8,18032562176,55602581504,105,1848.0,11.0,28450435072,72550821888,100,16158949376,1233735680,68.0,52.063,69.75,
60532700811972,172.073485381,203.7,18032562176,55602581504,105,1874.0,10.0,28450435072,72550821888,100,16158949376,1233735680,69.0,52.061,69.75,
60532754832511,172.12750592,203.5,18032562176,55602581504,105,1870.0,9.2,28450435072,72550821888,100,16158949376,1233735680,68.0,52.06,69.75,
60532808830709,172.181504118,203.8,18032562176,55602581504,105,1888.0,11.0,28450435072,72550821888,100,16158949376,1233735680,69.0,52.052,69.75,
60532862895652,172.235569061,203.7,18032562176,55602581504,105,1887.0,8.2,28450435072,72550821888,100,16158949376,1233735680,68.0,52.066,69.75,
60532916933794,172.289607203,203.3,18032562176,55602581504,105,1877.0,11.0,28449607680,72551649280,100,16158949376,1233735680,68.0,52.047,69.75,
60532970829970,172.343503379,222.8,18032566272,55602581504,105,1885.0,8.2,28450779136,72550477824,100,16158949376,1233735680,69.0,52.068,69.75,
60533024739772,172.397413181,204.1,18032566272,55602581504,105,1886.0,9.9,28450779136,72550477824,100,16158949376,1233735680,69.0,52.05,69.75,
60533077753765,172.450427174,207.5,18032570368,55602581504,105,1893.0,9.9,28451295232,72549961728,100,16158949376,1233735680,69.0,52.069,69.75,
60533130797753,172.503471162,207.2,18032570368,55602581504,105,1885.0,10.1,28451553280,72549703680,100,16158949376,1233735680,68.0,52.059,69.75,
60533184859540,172.557532949,222.0,18032570368,55602581504,105,1875.0,9.2,28451782656,72549474304,100,16158949376,1233735680,70.0,52.069,69.75,
60533238851937,172.611525346,203.7,18032574464,55602581504,105,1907.0,11.0,28451782656,72549474304,100,16158949376,1233735680,68.0,52.066,69.625,
60533292834836,172.665508245,185.3,18032574464,55602581504,105,1887.0,9.9,28451782656,72549474304,100,16158949376,1233735680,69.0,52.067,69.625,
60533352828064,172.725501473,233.3,18032574464,55602581504,105,1899.0,10.4,28451389440,72549867520,100,16158949376,1233735680,69.0,52.067,69.625,
60533406862460,172.779535869,203.5,18032574464,55602581504,105,1876.0,13.3,28450205696,72551051264,100,16163143680,1233735680,69.0,52.066,69.625,
60533461953386,172.834626795,199.6,18032574464,55602581504,105,1841.0,32.6,28450205696,72551051264,100,16163143680,1233735680,68.0,52.07,69.625,
60533516016866,172.888690275,221.8,18032574464,55602581504,105,1897.0,18.0,28441399296,72559857664,100,16163143680,1233735680,68.0,52.049,69.625,
60533569881643,172.942555052,204.4,18032578560,55602581504,105,1831.0,14.5,28441657344,72559599616,100,16163143680,1233735680,69.0,52.071,69.625,
60533623810070,172.996483479,185.6,18032578560,55602581504,105,1837.0,11.8,28441915392,72559341568,100,16163143680,1233735680,68.0,52.048,69.625,
60533677862069,173.050535478,222.0,18032578560,55602581504,105,1854.0,9.8,28441915392,72559341568,100,16163143680,1233735680,69.0,52.065,69.625,
60533730923079,173.103596488,207.1,18032578560,55602581504,105,1808.0,12.4,28441399296,72559857664,100,16163143680,1233735680,69.0,52.059,69.625,
60533784834764,173.157508173,204.1,18032582656,55602581504,105,1845.0,11.0,28441628672,72559628288,100,16163143680,1233735680,69.0,52.071,69.625,
60533838838693,173.211512102,203.7,18032582656,55602581504,105,1817.0,12.3,28441628672,72559628288,100,16163143680,1233735680,68.0,52.068,69.5,
60533893923277,173.266596686,199.8,18032582656,55602581504,105,1857.0,10.9,28442886144,72558370816,100,16163143680,1233735680,69.0,52.067,69.5,
60533947884305,173.320557714,222.2,18032582656,55602581504,105,1852.0,11.6,28443115520,72558141440,100,16163143680,1233735680,68.0,52.067,69.5,
60534001843329,173.374516738,203.9,18032582656,55602581504,105,1837.0,12.2,28443115520,72558141440,100,16163143680,1233735680,69.0,52.06,69.5,
60534056059225,173.428732634,202.8,18032586752,55602581504,105,1834.0,10.9,28443115520,72558141440,100,16163143680,1233735680,67.0,52.06,69.5,
60534109880771,173.48255418,204.5,18032586752,55602581504,105,1794.0,12.4,28443344896,72557912064,100,16163143680,1233735680,69.0,52.052,69.5,
60534163866165,173.536539574,203.8,18032586752,55602581504,105,1835.0,9.9,28443574272,72557682688,100,16163143680,1233735680,68.0,52.069,69.5,
60534218060019,173.590733428,221.4,18032590848,55606775808,105,1834.0,12.9,28447956992,72553299968,100,16167337984,1233727488,68.0,52.05,69.5,
60534274037568,173.646710977,982.3,18032590848,55606775808,105,1849.0,36.0,28447956992,72553299968,100,16167337984,1233727488,68.0,52.072,69.5,
60534329963891,173.7026373,196.7,18032590848,55606775808,105,1793.0,11.4,28447956992,72553299968,100,16167337984,1233727488,68.0,52.055,69.5,
60534385058173,173.757731582,217.6,18032590848,55606775808,105,1859.0,12.4,28447956992,72553299968,100,16167337984,1233727488,69.0,52.07,69.5,
60534440019567,173.812692976,200.3,18032590848,55606775808,105,1828.0,12.7,28447956992,72553299968,100,16167337984,1233727488,68.0,52.06,69.5,
60534493999180,173.866672589,203.9,18032590848,55606775808,105,1858.0,11.0,28446113792,72555143168,100,16167337984,1233727488,69.0,52.069,69.5,
60534547916345,173.920589754,204.0,18032590848,55606775808,105,1788.0,14.0,28446240768,72555016192,100,16167337984,1233727488,68.0,52.07,69.375,
60534601920574,173.974593983,222.2,18032594944,55606775808,105,1868.0,13.3,28445683712,72555573248,100,16167337984,1233727488,69.0,52.066,69.375,
60534656850498,174.029523907,200.3,18032594944,55606775808,105,1844.0,11.4,28445683712,72555573248,100,16167337984,1233727488,68.0,52.069,69.375,
60534710930910,174.083604319,203.4,18032594944,55606775808,105,1834.0,11.7,28445913088,72555343872,100,16167337984,1233727488,69.0,52.057,69.375,
60534764920411,174.13759382,222.2,18032594944,55606775808,105,1857.0,11.0,28445913088,72555343872,100,16167337984,1233727488,68.0,52.065,69.375,
60534818909261,174.19158267,203.8,18032594944,55606775808,105,1856.0,12.2,28446142464,72555114496,100,16167337984,1233727488,69.0,52.049,69.375,
60534873041930,174.245715339,203.3,18032594944,55606775808,105,1797.0,9.9,28445077504,72556179456,100,16167337984,1233727488,68.0,52.068,69.375,
60534926865060,174.299538469,204.3,18032594944,55606775808,105,1768.0,12.9,28448710656,72552546304,100,16167337984,1233723392,68.0,52.046,69.375,
60534980941594,174.353615003,203.4,18032594944,55606775808,105,1842.0,10.5,28448444416,72552812544,100,16167337984,1233723392,68.0,52.069,69.375,
60535034835726,174.407509135,222.8,18032594944,55606775808,105,1779.0,11.8,28448673792,72552583168,100,16167337984,1233723392,68.0,52.051,69.375,
60535090079499,174.462752908,198.7,18032594944,55606775808,105,1865.0,11.8,28450996224,72550260736,100,16167337984,1233723392,69.0,52.067,69.375,
60535143985413,174.516658822,204.5,18032599040,55606775808,105,1821.0,11.8,28450996224,72550260736,100,16167337984,1233723392,68.0,52.058,69.375,
60535197987949,174.570661358,203.6,18032599040,55606775808,105,1937.0,9.9,28450996224,72550260736,100,16167337984,1233723392,69.0,52.068,69.375,
60535264098497,174.636771906,226.9,18032599040,55606775808,105,1929.0,10.5,28451254272,72550002688,100,16167337984,1233723392,68.0,52.054,69.375,
60535318967568,174.691640977,218.7,18032599040,55606775808,105,1919.0,9.2,28451483648,72549773312,100,16167337984,1233723392,69.0,52.069,69.375,
60535375531766,174.748205175,194.5,18032599040,55606775808,105,1902.0,11.1,28451221504,72550035456,100,16167337984,1233723392,68.0,52.06,69.375,
60535429053390,174.801726799,224.2,18032599040,55606775808,105,1920.0,8.8,28451221504,72550035456,100,16167337984,1233723392,69.0,52.066,69.375,
60535483070483,174.855743892,203.6,18032599040,55606775808,105,1881.0,11.6,28451221504,72550035456,100,16167337984,1233723392,69.0,52.072,69.375,
60535536915283,174.909588692,204.3,18032599040,55606775808,105,1913.0,12.4,28450959360,72550297600,100,16167337984,1233723392,69.0,52.064,69.375,
60535590964175,174.963637584,184.9,18032599040,55606775808,105,1891.0,12.1,28450955264,72550301696,100,16167337984,1233723392,69.0,52.065,69.375,
60535644916366,175.017589775,222.3,18032599040,55606775808,105,1939.0,10.0,28451414016,72549842944,100,16167337984,1233723392,68.0,52.047,69.375,
60535699256034,175.071929443,202.6,18032599040,55606775808,105,1889.0,9.8,28451414016,72549842944,100,16167337984,1233723392,69.0,52.068,69.375,
60535751981565,175.124654974,209.0,18032603136,55606775808,105,1878.0,10.3,28451414016,72549842944,100,16167337984,1233723392,69.0,52.053,69.375,
60535804816361,175.17748977,208.2,18032603136,55606775808,105,1905.0,8.9,28451414016,72549842944,100,16167337984,1233723392,69.0,52.072,69.375,
60535857714034,175.230387443,189.1,18032603136,55606775808,105,1863.0,10.1,28451414016,72549842944,100,16167337984,1233723392,68.0,52.057,69.375,
60535910268645,175.282942054,208.8,18032603136,55606775808,105,1922.0,8.2,28451373056,72549883904,100,16167337984,1233723392,69.0,52.074,69.375,
60535964049956,175.336723365,204.6,18032603136,55606775808,105,1915.0,10.6,28451602432,72549654528,100,16167337984,1233723392,68.0,52.065,69.375,
60536016903838,175.389577247,226.9,18032603136,55606775808,105,1886.0,8.3,28451086336,72550170624,100,16167337984,1233723392,69.0,52.07,69.375,
60536069935613,175.442609022,188.7,18032603136,55606775808,105,1983.0,10.1,28450574336,72550682624,100,16167337984,1233723392,69.0,52.073,69.375,
60536122940367,175.495613776,207.6,18032603136,55606775808,105,1960.0,9.0,28450574336,72550682624,100,16167337984,1233723392,69.0,52.061,69.375,
60536175904947,175.548578356,207.6,18032603136,55606775808,105,1979.0,9.4,28450574336,72550682624,100,16167337984,1233723392,68.0,52.067,69.375,
60536229029947,175.601703356,207.1,18032607232,55606775808,105,1994.0,10.1,28451057664,72550199296,100,16167337984,1233723392,69.0,52.05,69.375,
60536281888076,175.654561485,189.4,18032607232,55606775808,105,1908.0,8.3,28450795520,72550461440,100,16167337984,1233723392,69.0,52.071,69.375,
60536334801660,175.707475069,207.7,18032607232,55606775808,105,1899.0,9.9,28450402304,72550854656,100,16167337984,1233723392,69.0,52.048,69.375,
60536388958334,175.761631743,203.1,18032607232,55606775808,105,1912.0,9.9,28448337920,72552919040,100,16163143680,1233723392,69.0,52.071,69.375,
60536442952614,175.815626023,222.2,18032607232,55606775808,105,1842.0,9.9,28447547392,72553709568,100,16163143680,1233723392,68.0,52.053,69.375,
60536496926797,175.869600206,203.8,18032611328,55606775808,105,1865.0,9.2,28447547392,72553709568,100,16163143680,1233723392,70.0,52.073,69.375,
60536551018088,175.923691497,203.3,18032611328,55606775808,105,1872.0,14.0,28447539200,72553717760,100,16163143680,1233723392,69.0,52.067,69.375,
60536604995366,175.977668775,203.8,18032611328,55606775808,105,1880.0,12.1,28447539200,72553717760,100,16163143680,1233723392,69.0,52.069,69.375,
60536659135370,176.031808779,203.2,18032611328,55606775808,105,1827.0,11.1,28448022528,72553234432,100,16163143680,1233723392,69.0,52.07,69.375,
60536712998193,176.085671602,204.6,18032611328,55606775808,105,1858.0,10.1,28447367168,72553889792,100,16163143680,1233723392,69.0,52.06,69.375,
60536764948330,176.137621739,230.5,18032615424,55606775808,105,1859.0,9.5,28446593024,72554663936,100,16163143680,1233723392,68.0,52.064,69.375,
60536817919612,176.190593021,189.2,18032615424,55606775808,105,1875.0,9.7,28446822400,72554434560,100,16163143680,1233723392,69.0,52.049,69.375,
60536870086525,176.242759934,210.4,18032615424,55606775808,105,1868.0,9.5,28446642176,72554614784,100,16163143680,1233723392,69.0,52.068,69.375,
60536923064480,176.295737889,207.7,18032619520,55606775808,105,1874.0,11.2,28446793728,72554463232,100,16163143680,1233723392,69.0,52.049,69.375,
60536976940808,176.349614217,204.1,18032619520,55606775808,105,1840.0,9.4,28446793728,72554463232,100,16163143680,1233723392,69.0,52.07,69.375,
60537030912726,176.403586135,185.2,18032619520,55606775808,105,1858.0,11.6,28444737536,72556519424,100,16163143680,1233723392,68.0,52.05,69.375,
60537085102062,176.457775471,221.2,18032619520,55606775808,105,1872.0,10.3,28446285824,72554971136,100,16163143680,1233723392,68.0,52.067,69.375,
60537139038363,176.511711772,204.2,18032619520,55606775808,105,1840.0,11.1,28446543872,72554713088,100,16163143680,1233723392,69.0,52.055,69.375,
60537193093186,176.565766595,203.6,18032619520,55606775808,105,1903.0,8.7,28446543872,72554713088,100,16163143680,1233723392,69.0,52.069,69.375,
60537247142840,176.619816249,203.5,18032619520,55606775808,105,1848.0,11.6,28445233152,72556023808,100,16163143680,1233723392,68.0,52.064,69.375,
60537301020011,176.67369342,204.3,18032623616,55606775808,105,1926.0,9.9,28445233152,72556023808,100,16163143680,1233723392,69.0,52.065,69.375,
60537354985015,176.727658424,221.9,18032623616,55606775808,105,1925.0,9.4,28448329728,72552927232,100,16163143680,1233723392,69.0,52.071,69.375,
60537408983283,176.781656692,185.4,18032623616,55606775808,105,1921.0,12.1,28448280576,72552976384,100,16167337984,1233723392,69.0,52.059,69.375,
60537462984265,176.835657674,222.3,18032623616,55606775808,105,1919.0,9.9,28448280576,72552976384,100,16167337984,1233723392,68.0,52.066,69.375,
60537517027376,176.889700785,222.0,18032627712,55606775808,105,1901.0,12.3,28448501760,72552755200,100,16167337984,1233723392,69.0,52.054,69.375,
60537571033348,176.943706757,203.7,18032627712,55606775808,105,1832.0,12.1,28448501760,72552755200,100,16167337984,1233723392,68.0,52.067,69.375,
60537625068735,176.997742144,203.6,18032627712,55606775808,105,1866.0,14.0,28448501760,72552755200,100,16167337984,1233723392,68.0,52.044,69.375,
60537679173592,177.051847001,203.2,18032627712,55606775808,105,1761.0,16.4,28448497664,72552759296,100,16167337984,1233723392,69.0,52.07,69.375,
60537734058061,177.10673147,200.5,18032627712,55606775808,105,1891.0,29.1,28448493568,72552763392,100,16167337984,1233723392,68.0,52.065,69.375,
60537788315204,177.160988613,202.6,18032631808,55606775808,105,1886.0,12.4,28445138944,72556118016,100,16167337984,1233723392,68.0,52.075,69.375,
60537842145185,177.214818594,223.0,18032631808,55606775808,105,1865.0,12.9,28445138944,72556118016,100,16167337984,1233723392,68.0,52.067,69.375,
60537894954023,177.267627432,208.6,18032635904,55606775808,105,1869.0,11.3,28444602368,72556654592,100,16167337984,1233723392,69.0,52.07,69.375,
60537947893535,177.320566944,188.9,18032635904,55606775808,105,1865.0,10.3,28444995584,72556261376,100,16167337984,1233723392,69.0,52.065,69.375,
60538003320621,177.37599403,1046.5,18032648192,55606775808,105,1897.0,41.7,28445220864,72556036096,100,16167337984,1233723392,69.0,52.07,69.375,
60538055916218,177.428589627,285.3,18032648192,55606775808,105,1851.0,12.4,28445196288,72556060672,100,16167337984,1233723392,68.0,52.076,69.375,
60538107914515,177.480587924,211.5,18032648192,55606775808,105,1858.0,12.7,28445196288,72556060672,100,16167337984,1233723392,69.0,52.049,69.375,
60538160132444,177.532805853,210.3,18032648192,55606775808,105,1827.0,9.0,28445196288,72556060672,100,16167337984,1233723392,68.0,52.07,69.375,
60538213051228,177.585724637,189.1,18032648192,55606775808,105,1850.0,12.5,28445196288,72556060672,100,16167337984,1233723392,68.0,52.053,69.375,
60538265946948,177.638620357,208.2,18032652288,55606775808,105,1840.0,9.6,28444938240,72556318720,100,16167337984,1233723392,69.0,52.07,69.375,
60538318938207,177.691611616,207.5,18032656384,55606775808,105,1789.0,12.5,28445167616,72556089344,100,16167337984,1233723392,68.0,52.061,69.25,
60538371946778,177.744620187,207.4,18032656384,55606775808,105,1933.0,11.8,28445081600,72556175360,100,16167337984,1233723392,69.0,52.07,69.25,
60538424117289,177.796790698,210.6,18032656384,55606775808,105,1798.0,11.9,28445081600,72556175360,100,16167337984,1233723392,69.0,52.075,69.25,
60538477038386,177.849711795,208.0,18032656384,55606775808,105,1865.0,12.9,28445081600,72556175360,100,16167337984,1233723392,69.0,52.064,69.25,
60538529995771,177.90266918,207.5,18032656384,55606775808,105,1885.0,11.2,28445061120,72556195840,100,16167337984,1233723392,69.0,52.07,69.25,
60538586967664,177.959641073,193.4,18032656384,55606775808,105,1942.0,13.3,28445577216,72555679744,100,16167337984,1233723392,69.0,52.059,69.25,
60538639913949,178.012587358,226.7,18032656384,55606775808,105,1952.0,10.7,28445806592,72555450368,100,16167337984,1233723392,68.0,52.067,69.25,
60538692092875,178.064766284,191.7,18032656384,55606775808,105,1930.0,10.3,28446322688,72554934272,100,16167337984,1233723392,68.0,52.048,69.25,
60538744944893,178.117618302,207.7,18032656384,55606775808,105,1855.0,10.0,28446322688,72554934272,100,16167337984,1233723392,69.0,52.069,69.25,
60538798016412,178.170689821,188.7,18032664576,55606775808,105,1903.0,11.8,28446322688,72554934272,100,16167337984,1233723392,68.0,52.047,69.25,
60538851083263,178.223756672,206.9,18032664576,55606775808,105,1871.0,9.9,28446846976,72554409984,100,16167337984,1233723392,69.0,52.068,69.25,
60538904028215,178.276701624,208.1,18032664576,55606775808,105,1902.0,10.8,28446543872,72554713088,100,16167337984,1233723392,69.0,52.057,69.25,
60538957016468,178.329689877,207.6,18032664576,55606775808,105,1937.0,10.0,28446441472,72554815488,100,16167337984,1233723392,69.0,52.069,69.25,
60539009036877,178.381710286,191.9,18032664576,55606775808,105,1880.0,10.8,28445925376,72555331584,100,16167337984,1233723392,69.0,52.072,69.375,
60539061998841,178.43467225,226.9,18032664576,55606775808,105,1941.0,11.3,28445925376,72555331584,100,16167337984,1233723392,69.0,52.063,69.25,
60539115020046,178.487693455,207.1,18032664576,55606775808,105,1921.0,12.3,28447215616,72554041344,100,16167337984,1233723392,69.0,52.07,69.375,
60539169426950,178.542100359,202.2,18032664576,55606775808,105,1920.0,12.0,28447444992,72553811968,100,16167337984,1233723392,69.0,52.055,69.25,
60539223175609,178.595849018,204.7,18032664576,55606775808,105,1865.0,10.4,28447444992,72553811968,100,16167337984,1233723392,69.0,52.063,69.375,
60539277105097,178.649778506,203.9,18032668672,55606775808,105,1888.0,11.2,28447444992,72553811968,100,16167337984,1233723392,68.0,52.045,69.25,
60539331118523,178.703791932,203.7,18032676864,55606775808,105,1896.0,9.9,28447703040,72553553920,100,16167337984,1233723392,69.0,52.068,69.375,
60539384999630,178.757673039,204.1,18032676864,55606775808,105,1846.0,11.2,28447932416,72553324544,100,16167337984,1233723392,68.0,52.047,69.375,
60539439103064,178.811776473,221.9,18032676864,55606775808,105,1896.0,9.8,28447932416,72553324544,100,16167337984,1233723392,68.0,52.068,69.375,
60539494242421,178.86691583,199.4,18032676864,55606775808,105,1850.0,10.7,28447113216,72554143744,100,16167337984,1233723392,69.0,52.049,69.375,
60539548280944,178.920954353,203.3,18032676864,55606775808,105,1877.0,11.7,28447330304,72553926656,100,16167337984,1233723392,68.0,52.072,69.375,
60539602219178,178.974892587,204.3,18032676864,55606775808,105,1937.0,13.5,28447813632,72553443328,100,16167337984,1233723392,68.0,52.059,69.375,
60539656105164,179.028778573,204.3,18032676864,55606775808,105,1934.0,9.4,28448043008,72553213952,100,16167337984,1233723392,69.0,52.065,69.375,
60539710101819,179.082775228,221.9,18032676864,55606775808,105,1851.0,10.8,28448043008,72553213952,100,16167337984,1233723392,68.0,52.066,69.25,
60539767104329,179.139777738,210.7,18032676864,55606775808,105,1872.0,9.6,28448272384,72552984576,100,16167337984,1233723392,69.0,52.068,69.375,
60539821115069,179.193788478,203.6,18032676864,55606775808,105,1885.0,10.5,28446420992,72554835968,100,16167337984,1233723392,69.0,52.075,69.375,
60539875232650,179.247906059,203.3,18032676864,55606775808,105,1874.0,9.9,28445835264,72555421696,100,16167337984,1233723392,69.0,52.066,69.375,
60539929243901,179.30191731,203.6,18032680960,55606775808,105,1861.0,10.9,28445409280,72555847680,100,16167337984,1233723392,69.0,52.071,69.375,
60539983080405,179.355753814,223.0,18032680960,55606775808,105,1915.0,9.5,28445409280,72555847680,100,16167337984,1233723392,68.0,52.054,69.25,
60540037170234,179.409843643,203.5,18032685056,55606775808,105,1945.0,9.2,28445892608,72555364352,100,16167337984,1233723392,69.0,52.07,69.375,
60540091219937,179.463893346,203.5,18032685056,55606775808,105,1900.0,10.5,28445835264,72555421696,100,16167337984,1233723392,68.0,52.049,69.375,
60540145054597,179.517728006,204.3,18032685056,55606775808,105,1880.0,8.8,28446064640,72555192320,100,16167337984,1233723392,69.0,52.07,69.375,
60540198210535,179.570883944,188.0,18032685056,55606775808,105,1852.0,10.7,28446007296,72555249664,100,16167337984,1233723392,69.0,52.051,69.375,
60540252195838,179.624869247,203.9,18032685056,55606775808,105,1890.0,9.3,28446007296,72555249664,100,16167337984,1233723392,69.0,52.07,69.375,
60540306044604,179.678718013,204.1,18032685056,55606775808,105,1891.0,10.5,28445753344,72555503616,100,16167337984,1233723392,68.0,52.055,69.375,
60540360151846,179.732825255,222.0,18032685056,55606775808,105,1922.0,9.3,28446236672,72555020288,100,16163143680,1233723392,69.0,52.073,69.375,
60540414081634,179.786755043,203.8,18032689152,55606775808,105,1880.0,11.7,28443942912,72557314048,100,16163143680,1233723392,68.0,52.063,69.375,
60540468268806,179.840942215,203.1,18032693248,55606775808,105,1878.0,9.2,28443942912,72557314048,100,16163143680,1233723392,69.0,52.067,69.375,
60540522084731,179.89475814,204.3,18032693248,55606775808,105,1850.0,11.6,28444160000,72557096960,100,16163143680,1233723392,68.0,52.07,69.375,
60540576166635,179.948840044,221.9,18032693248,55606775808,105,1848.0,12.3,28443701248,72557555712,100,16165240832,1233723392,69.0,52.067,69.375,
60540630236896,180.002910305,203.4,18032693248,55606775808,105,1843.0,12.7,28443701248,72557555712,100,16165240832,1233723392,69.0,52.067,69.25,
60540684153861,180.05682727,204.3,18032693248,55606775808,105,1839.0,9.4,28443922432,72557334528,100,16165240832,1233723392,70.0,52.056,69.25,
60540738180681,180.11085409,203.4,18032693248,55606775808,105,1869.0,9.3,28444151808,72557105152,100,16165240832,1233723392,68.0,52.068,69.25,
60540792175412,180.164848821,203.7,18032693248,55606775808,105,1837.0,11.6,28444381184,72556875776,100,16165240832,1233723392,68.0,52.054,69.25,
60540846161095,180.218834504,222.3,18032693248,55606775808,105,1832.0,8.8,28444114944,72557142016,100,16165240832,1233723392,68.0,52.071,69.25,
60540900074252,180.272747661,204.1,18032693248,55606775808,105,1803.0,12.2,28443680768,72557576192,100,16165240832,1233723392,69.0,52.049,69.25,
60540954240384,180.326913793,203.1,18032697344,55606775808,105,1881.0,9.2,28443910144,72557346816,100,16165240832,1233723392,68.0,52.073,69.25,
60541009169867,180.381843276,200.3,18032697344,55606775808,105,1846.0,10.3,28443648000,72557608960,100,16165240832,1233723392,68.0,52.052,69.25,
60541063186599,180.435860008,203.7,18032701440,55606775808,105,1866.0,9.9,28443348992,72557907968,100,16165240832,1233723392,69.0,52.073,69.25,
60541117163265,180.489836674,222.3,18032701440,55606775808,105,1805.0,9.9,28443607040,72557649920,100,16165240832,1233723392,68.0,52.056,69.25,
60541171158987,180.543832396,203.7,18032701440,55606775808,105,1912.0,8.6,28443607040,72557649920,100,16165240832,1233723392,69.0,52.072,69.25,
60541227280435,180.599953844,213.8,18032701440,55606775808,105,1884.0,11.3,28443836416,72557420544,100,16165240832,1233723392,68.0,52.061,69.25,
60541281234690,180.653908099,203.9,18032705536,55606775808,105,1881.0,9.3,28443836416,72557420544,100,16165240832,1233723392,69.0,52.07,69.25,
60541338289988,180.710963397,210.2,18032705536,55606775808,105,1818.0,11.5,28440358912,72560898048,100,16165240832,1233723392,68.0,52.065,69.25,
60541392273097,180.764946506,203.8,18032705536,55606775808,105,1876.0,10.6,28440616960,72560640000,100,16169435136,1233723392,69.0,52.069,69.25,
60541446160857,180.818834266,204.2,18032705536,55606775808,105,1811.0,12.6,28441133056,72560123904,100,16169435136,1233723392,69.0,52.074,69.25,
60541500251988,180.872925397,221.8,18032709632,55606775808,105,1848.0,12.3,28441133056,72560123904,100,16169435136,1233723392,69.0,52.062,69.25,
60541554326317,180.926999726,203.3,18032709632,55606775808,105,1871.0,22.3,28467699712,72533557248,100,16169435136,1233723392,68.0,52.078,69.25,
60541609249669,180.981923078,200.3,18032713728,55606775808,105,1831.0,28.5,28467699712,72533557248,100,16169435136,1233723392,68.0,52.054,69.25,
60541664245406,181.036918815,218.2,18032717824,55606775808,105,1793.0,20.3,28450410496,72550846464,100,16169435136,1233723392,68.0,52.065,69.25,
60541720421546,181.093094955,213.8,18032721920,55606775808,105,1871.0,13.5,28450410496,72550846464,100,16169435136,1233723392,68.0,52.047,69.25,
60541777277661,181.14995107,967.7,18032726016,55607824384,105,1866.0,35.5,28450668544,72550588416,100,16169435136,1233723392,68.0,52.068,69.25,
60541834268629,181.206942038,228.1,18032726016,55607824384,105,1907.0,11.0,28450127872,72551129088,100,16169435136,1233723392,68.0,52.049,69.25,
60541888250576,181.260923985,203.7,18032730112,55607824384,105,1903.0,9.9,28450066432,72551190528,100,16169435136,1233723392,69.0,52.068,69.25,
60541944385980,181.317059389,213.7,18032730112,55607824384,105,1854.0,13.0,28449583104,72551673856,100,16169435136,1233723392,68.0,52.055,69.25,
60541999244690,181.371918099,200.5,18032730112,55607824384,105,1861.0,11.1,28449812480,72551444480,100,16169435136,1233723392,69.0,52.066,69.25,
60542053218972,181.425892381,203.9,18032730112,55607824384,105,1869.0,11.7,28449812480,72551444480,100,16169435136,1233723392,68.0,52.065,69.25,
60542108283428,181.480956837,217.9,18032734208,55607824384,105,1853.0,10.9,28448403456,72552853504,100,16169435136,1233723392,69.0,52.062,69.25,
60542162198599,181.534872008,204.0,18032734208,55607824384,105,1805.0,11.6,28448632832,72552624128,100,16169435136,1233723392,68.0,52.069,69.25,
60542219285817,181.591959226,210.4,18032734208,55607824384,105,1832.0,11.5,28448862208,72552394752,100,16169435136,1233723392,69.0,52.06,69.25,
60542273188315,181.645861724,203.4,18032734208,55607824384,105,1814.0,11.6,28448862208,72552394752,100,16169435136,1233723392,69.0,52.068,69.25,
60542330331248,181.703004657,210.6,18032734208,55607824384,105,1815.0,11.1,28449120256,72552136704,100,16169435136,1233723392,69.0,52.057,69.25,
60542385296197,181.757969606,218.3,18032738304,55607824384,105,1773.0,11.4,28449857536,72551399424,100,16169435136,1233723392,69.0,52.067,69.25,
60542439337144,181.812010553,203.3,18032738304,55607824384,105,1786.0,13.6,28449857536,72551399424,100,16169435136,1233723392,68.0,52.049,69.25,
60542494329424,181.867002833,200.2,18032738304,55607824384,105,1810.0,10.5,28449341440,72551915520,100,16169435136,1233723392,69.0,52.066,69.25,
60542548196255,181.920869664,203.6,18032738304,55607824384,105,1802.0,14.0,28449325056,72551931904,100,16169435136,1233723392,68.0,52.049,69.25,
60542602271486,181.974944895,222.7,18032742400,55607824384,105,1827.0,12.9,28449325056,72551931904,100,16169435136,1233723392,68.0,52.066,69.25,
60542656177409,182.028850818,204.1,18032742400,55607824384,105,1771.0,12.3,28449325056,72551931904,100,16169435136,1233723392,68.0,52.046,69.25,
60542710311381,182.08298479,203.0,18032742400,55607824384,105,1850.0,10.3,28449292288,72551964672,100,16169435136,1233723392,69.0,52.065,69.25,
60542764221452,182.136894861,204.2,18032742400,55607824384,105,1814.0,11.2,28449808384,72551448576,100,16169435136,1233723392,68.0,52.057,69.25,
60542818215280,182.190888689,203.8,18032742400,55607824384,105,1806.0,11.0,28449808384,72551448576,100,16169435136,1233723392,70.0,52.068,69.25,
60542872339914,182.245013323,221.7,18032742400,55607824384,105,1773.0,10.5,28449808384,72551448576,100,16169435136,1233723392,68.0,52.066,69.25,
60542926375491,182.2990489,203.6,18032746496,55607824384,105,1830.0,11.6,28449062912,72552194048,100,16169435136,1233723392,69.0,52.062,69.25,
60542980398033,182.353071442,185.0,18032746496,55607824384,105,1837.0,24.6,28448792576,72552464384,100,16169435136,1233723392,68.0,52.075,69.25,
60543035379834,182.408053243,236.6,18032746496,55607824384,105,1807.0,24.4,28449021952,72552235008,100,16169435136,1233723392,69.0,52.054,69.25,
60543089338176,182.462011585,203.9,18032746496,55607824384,105,1835.0,17.0,28446441472,72554815488,100,16169435136,1233723392,68.0,52.065,69.25,
60543143260901,182.51593431,204.0,18032750592,55607824384,105,1830.0,11.6,28446441472,72554815488,100,16169435136,1233723392,68.0,52.044,69.25,
60543198457645,182.571131054,199.2,18032750592,55607824384,105,1813.0,11.2,28446441472,72554815488,100,16169435136,1233723392,69.0,52.065,69.25,
60543253286048,182.625959457,200.6,18032750592,55607824384,105,1805.0,11.6,28446441472,72554815488,100,16169435136,1233723392,69.0,52.046,69.25,
60543308464588,182.681137997,217.3,18032750592,55607824384,105,1833.0,10.3,28446826496,72554430464,100,16169435136,1233723392,69.0,52.064,69.25,
60543363227167,182.735900576,219.4,18032750592,55607824384,105,1765.0,12.4,28447055872,72554201088,100,16169435136,1233723392,68.0,52.053,69.25,
60543417434496,182.790107905,184.5,18032750592,55607824384,105,1847.0,10.4,28447285248,72553971712,100,16169435136,1233723392,69.0,52.066,69.25,
60543471351651,182.84402506,203.9,18032750592,55607824384,105,1843.0,10.5,28447514624,72553742336,100,16169435136,1233723392,69.0,52.061,69.25,
60543525392076,182.898065485,203.6,18032754688,55607824384,105,1838.0,11.0,28447514624,72553742336,100,16169435136,1233723392,69.0,52.066,69.25,
60543580344612,182.953018021,236.5,18032754688,55607824384,105,1815.0,13.8,28447989760,72553267200,100,16169435136,1233723392,69.0,52.069,69.25,
60543634340585,183.007013994,203.7,18032754688,55607824384,105,1839.0,12.1,28448219136,72553037824,100,16169435136,1233723392,69.0,52.053,69.25,
60543688406849,183.061080258,185.0,18032758784,55607824384,105,1779.0,10.9,28448219136,72553037824,100,16169435136,1233723392,68.0,52.063,69.25,
60543742258380,183.114931789,204.2,18032758784,55607824384,105,1864.0,10.5,28448448512,72552808448,100,16169435136,1233723392,68.0,52.045,69.25,
60543796355652,183.169029061,221.8,18032758784,55607824384,105,1854.0,8.2,28448706560,72552550400,100,16169435136,1233723392,69.0,52.064,69.25,
60543850409554,183.223082963,203.5,18032758784,55607824384,105,1848.0,11.0,28448706560,72552550400,100,16169435136,1233723392,68.0,52.043,69.25,
60543906514049,183.279187458,213.4,18032758784,55607824384,105,1856.0,9.6,28448706560,72552550400,100,16169435136,1233723392,69.0,52.065,69.25,
60543960183219,183.332856628,205.5,18032758784,55607824384,105,1851.0,10.7,28443734016,72557522944,100,16169435136,1233723392,68.0,52.044,69.25,
60544014424972,183.387098381,221.2,18032758784,55607824384,105,1788.0,9.8,28443734016,72557522944,100,16169435136,1233723392,68.0,52.067,69.25,
60544068346074,183.441019483,204.1,18032758784,55607824384,105,1829.0,10.9,28443963392,72557293568,100,16169435136,1233723392,68.0,52.048,69.25,
60544123797485,183.496470894,198.3,18032762880,55607824384,105,1842.0,8.7,28443447296,72557809664,100,16169435136,1233723392,69.0,52.067,69.25,
60544177896441,183.55056985,221.7,18032762880,55607824384,105,1843.0,11.7,28443447296,72557809664,100,16169435136,1233723392,68.0,52.057,69.25,
60544232321688,183.604995097,202.2,18032766976,55607824384,105,1844.0,9.8,28443185152,72558071808,100,16169435136,1233723392,69.0,52.062,69.25,
60544286281392,183.658954801,203.8,18032766976,55607824384,105,1828.0,11.0,28443185152,72558071808,100,16169435136,1233723392,69.0,52.064,69.25,
60544340451000,183.713124409,203.0,18032766976,55607824384,105,1862.0,9.9,28443185152,72558071808,100,16169435136,1233723392,69.0,52.059,69.25,
60544394363346,183.767036755,204.1,18032766976,55607824384,105,1822.0,11.0,28441636864,72559620096,100,16163143680,1233723392,68.0,52.066,69.25,
60544448307190,183.820980599,203.9,18032771072,55607824384,105,1872.0,10.0,28441636864,72559620096,100,16163143680,1233723392,69.0,52.055,69.25,
60544502428367,183.875101776,221.7,18032771072,55607824384,105,1866.0,9.2,28441636864,72559620096,100,16163143680,1233723392,69.0,52.062,69.25,
60544556292152,183.928965561,185.6,18032771072,55607824384,105,1823.0,14.0,28441886720,72559370240,100,16163143680,1233723392,68.0,52.051,69.25,
60544610278085,183.982951494,203.8,18032771072,55607824384,105,1842.0,11.1,28441624576,72559632384,100,16163143680,1233723392,68.0,52.064,69.25,
60544664188857,184.036862266,222.5,18032775168,55607824384,105,1780.0,11.7,28442140672,72559116288,100,16163143680,1233723392,68.0,52.041,69.25,
60544718372492,184.091045901,203.1,18032775168,55607824384,105,1860.0,9.9,28442140672,72559116288,100,16163143680,1233723392,68.0,52.065,69.25,
60544772321045,184.144994454,203.8,18032779264,55607824384,105,1814.0,11.6,28442140672,72559116288,100,16163143680,1233723392,69.0,52.05,69.25,
60544826320654,184.198994063,203.2,18032779264,55607824384,105,1857.0,9.2,28442370048,72558886912,100,16163143680,1233723392,69.0,52.07,69.25,
60544880311747,184.252985156,204.2,18032779264,55607824384,105,1834.0,9.4,28442370048,72558886912,100,16163143680,1233723392,68.0,52.057,69.25,
60544934291459,184.306964868,203.8,18032779264,55607824384,105,1841.0,9.8,28442427392,72558829568,100,16163143680,1233723392,69.0,52.069,69.25,
60544988317768,184.360991177,222.0,18032779264,55607824384,105,1831.0,9.9,28442427392,72558829568,100,16163143680,1233723392,68.0,52.066,69.25,
60545042352152,184.415025561,203.6,18032779264,55607824384,105,1856.0,9.9,28442914816,72558342144,100,16163143680,1233723392,69.0,52.063,69.25,
60545096317277,184.468990686,203.7,18032779264,55607824384,105,1856.0,11.5,28443430912,72557826048,100,16163143680,1233723392,69.0,52.07,69.25,
60545152346962,184.525020371,214.3,18032779264,55607824384,105,1841.0,10.8,28443414528,72557842432,100,16163143680,1233723392,69.0,52.061,69.25,
60545206356159,184.579029568,222.2,18032779264,55607824384,105,1831.0,10.3,28443414528,72557842432,100,16163143680,1233723392,68.0,52.069,69.25,
60545262418245,184.635091654,196.2,18032783360,55607824384,105,1853.0,11.2,28443643904,72557613056,100,16163143680,1233723392,69.0,52.053,69.25,
60545316451026,184.689124435,203.5,18032787456,55607824384,105,1842.0,9.2,28443873280,72557383680,100,16163143680,1233723392,68.0,52.062,69.25,
60545371501917,184.744175326,199.8,18032787456,55607824384,105,1809.0,12.5,28445650944,72555606016,100,16167337984,1233723392,69.0,52.05,69.25,
60545426399650,184.799073059,218.7,18032787456,55607824384,105,1860.0,9.4,28445908992,72555347968,100,16167337984,1233723392,68.0,52.066,69.25,
60545480202049,184.852875458,204.5,18032791552,55607824384,105,1786.0,17.0,28446392320,72554864640,100,16167337984,1233723392,68.0,52.05,69.25,
60545535688906,184.908362315,972.8,18032799744,55607824384,105,1839.0,32.4,28446904320,72554352640,100,16167337984,1233723392,68.0,52.075,69.25,
60545590273282,184.962946691,201.6,18032799744,55607824384,105,1783.0,14.0,28446904320,72554352640,100,16167337984,1233723392,68.0,52.053,69.25,
60545644342361,185.01701577,221.9,18032799744,55607824384,105,1891.0,11.0,28446904320,72554352640,100,16167337984,1233723392,69.0,52.066,69.25,
60545700074999,185.072748408,215.3,18032799744,55607824384,105,1778.0,13.1,28446904320,72554352640,100,16167337984,1233723392,68.0,52.058,69.25,
60545753394553,185.126067962,187.5,18032803840,55607824384,105,1833.0,10.5,28447133696,72554123264,100,16167337984,1233723392,69.0,52.065,69.25,
60545807459374,185.180132783,203.4,18032803840,55607824384,105,1798.0,12.8,28447363072,72553893888,100,16167337984,1233723392,68.0,52.073,69.25,
60545861444927,185.234118336,222.4,18032803840,55607824384,105,1826.0,11.5,28447256576,72554000384,100,16167337984,1233723392,69.0,52.066,69.25,
60545915517382,185.288190791,203.4,18032803840,55607824384,105,1817.0,11.1,28447498240,72553758720,100,16167337984,1233723392,69.0,52.072,69.25,
60545970292466,185.342965875,200.8,18032803840,55607824384,105,1830.0,11.0,28447727616,72553529344,100,16167337984,1233723392,69.0,52.06,69.25,
60546024732651,185.39740606,202.0,18032803840,55607824384,105,1834.0,10.3,28447727616,72553529344,100,16167337984,1233723392,68.0,52.065,69.25,
60546078334273,185.451007682,205.2,18032803840,55607824384,105,1793.0,11.8,28447727616,72553529344,100,16167337984,1233723392,69.0,52.049,69.25,
60546132366984,185.505040393,222.1,18032807936,55607824384,105,1843.0,10.3,28447956992,72553299968,100,16167337984,1233723392,68.0,52.067,69.25,
60546186250696,185.558924105,222.7,18032807936,55607824384,105,1776.0,12.4,28447956992,72553299968,100,16167337984,1233723392,69.0,52.048,69.25,
60546241446558,185.614119967,199.3,18032807936,55607824384,105,1819.0,10.8,28447956992,72553299968,100,16167337984,1233723392,68.0,52.069,69.25,
60546296437385,185.669110794,199.9,18032807936,55607824384,105,1793.0,12.5,28447956992,72553299968,100,16167337984,1233723392,68.0,52.049,69.25,
60546350414602,185.723088011,222.4,18032812032,55607824384,105,1846.0,11.1,28448186368,72553070592,100,16167337984,1233723392,69.0,52.069,69.25,
60546404519268,185.777192677,203.3,18032812032,55607824384,105,1822.0,12.3,28448186368,72553070592,100,16167337984,1233723392,68.0,52.053,69.25,
60546458357384,185.831030793,204.4,18032812032,55607824384,105,1866.0,10.4,28447928320,72553328640,100,16167337984,1233723392,70.0,52.07,69.25,
60546512401517,185.885074926,203.5,18032812032,55607824384,105,1815.0,12.7,28446334976,72554921984,100,16167337984,1233723392,68.0,52.061,69.25,
60546566378032,185.939051441,203.8,18032816128,55607824384,105,1874.0,12.8,28446334976,72554921984,100,16167337984,1233723392,69.0,52.07,69.25,
60546620363925,185.993037334,222.3,18032816128,55607824384,105,1832.0,12.3,28446593024,72554663936,100,16167337984,1233723392,69.0,52.071,69.25,
60546674481676,186.047155085,203.2,18032816128,55607824384,105,1840.0,11.0,28446420992,72554835968,100,16167337984,1233723392,69.0,52.06,69.25,
60546728367451,186.10104086,204.1,18032816128,55607824384,105,1830.0,9.9,28446420992,72554835968,100,16167337984,1233723392,69.0,52.065,69.25,
60546784504478,186.157177887,195.9,18032816128,55607824384,105,1802.0,12.2,28446420992,72554835968,100,16167337984,1233723392,69.0,52.056,69.25,
60546839474836,186.212148245,218.4,18032820224,55607824384,105,1845.0,10.3,28446420992,72554835968,100,16167337984,1233723392,68.0,52.062,69.25,
60546893442706,186.266116115,203.5,18032820224,55607824384,105,1829.0,12.4,28445990912,72555266048,100,16167337984,1233723392,68.0,52.048,69.25,
60546947396318,186.320069727,204.4,18032820224,55607824384,105,1833.0,8.8,28445990912,72555266048,100,16167337984,1233723392,68.0,52.064,69.25,
60547001573971,186.37424738,202.9,18032820224,55607824384,105,1759.0,13.2,28446220288,72555036672,100,16167337984,1233723392,69.0,52.042,69.25,
60547055475646,186.428149055,204.1,18032820224,55607824384,105,1790.0,11.7,28446474240,72554782720,100,16167337984,1233723392,68.0,52.066,69.25,
60547109359789,186.482033198,222.7,18032820224,55607824384,105,1804.0,12.3,28451377152,72549879808,100,16167337984,1233723392,69.0,52.048,69.25,
60547163484783,186.536158192,203.3,18032824320,55607824384,105,1857.0,10.3,28451377152,72549879808,100,16167337984,1233723392,69.0,52.065,69.25,
60547219553922,186.592227331,213.9,18032824320,55607824384,105,1794.0,11.9,28451377152,72549879808,100,16167337984,1233723392,69.0,52.05,69.25,
60547273499589,186.646172998,204.0,18032824320,55607824384,105,1859.0,9.8,28451377152,72549879808,100,16167337984,1233723392,69.0,52.065,69.25,
60547331394612,186.704068021,207.3,18032824320,55607824384,105,1794.0,13.5,28451635200,72549621760,100,16167337984,1233723392,68.0,52.054,69.25,
60547385540575,186.758213984,203.3,18032832512,55607824384,105,1829.0,10.5,28451635200,72549621760,100,16167337984,1233723392,69.0,52.067,69.25,
60547442483383,186.815156792,228.2,18032832512,55607824384,105,1792.0,10.6,28451635200,72549621760,100,16167337984,1233723392,68.0,52.057,69.25,
60547496436314,186.869109723,204.0,18032832512,55607824384,105,1880.0,9.2,28451889152,72549367808,100,16167337984,1233723392,69.0,52.062,69.25,
60547550417128,186.923090537,203.6,18032832512,55607824384,105,1788.0,13.4,28451876864,72549380096,100,16167337984,1233723392,69.0,52.069,69.25,
60547604604007,186.977277416,221.6,18032832512,55607824384,105,1854.0,12.3,28451876864,72549380096,100,16167337984,1233723392,69.0,52.059,69.25,
60547658468022,187.031141431,204.2,18032832512,55607824384,105,1814.0,10.0,28451876864,72549380096,100,16167337984,1233723392,69.0,52.061,69.25,
60547712460788,187.085134197,203.7,18032836608,55607824384,105,1838.0,11.0,28451876864,72549380096,100,16167337984,1233723392,69.0,52.05,69.25,
60547766463142,187.139136551,203.6,18032836608,55607824384,105,1871.0,9.9,28452106240,72549150720,100,16167337984,1233723392,68.0,52.06,69.25,
60547820471246,187.193144655,203.7,18032836608,55607824384,105,1841.0,10.9,28452106240,72549150720,100,16167337984,1233723392,69.0,52.056,69.25,
60547880561385,187.253234794,216.1,18032836608,55607824384,105,1814.0,10.0,28452622336,72548634624,100,16167337984,1233723392,68.0,52.066,69.25,
60547934455075,187.307128484,222.9,18032840704,55607824384,105,1814.0,10.6,28452757504,72548499456,100,16167337984,1233723392,69.0,52.05,69.25,
60547989411217,187.362084626,200.3,18032840704,55607824384,105,1824.0,9.1,28452728832,72548528128,100,16167337984,1233723392,68.0,52.067,69.25,
60548043306190,187.415979599,204.0,18032840704,55607824384,105,1843.0,11.1,28452728832,72548528128,100,16167337984,1233723392,68.0,52.044,69.25,
60548097461691,187.4701351,221.5,18032840704,55607824384,105,1845.0,10.9,28452728832,72548528128,100,16167337984,1233723392,69.0,52.068,69.25,
60548152326552,187.524999961,200.7,18032840704,55607824384,105,1842.0,10.4,28452728832,72548528128,100,16167337984,1233723392,68.0,52.046,69.25,
60548206446446,187.579119855,203.0,18032840704,55607824384,105,1808.0,9.8,28452728832,72548528128,100,16167337984,1233723392,69.0,52.068,69.25,
60548261524427,187.634197836,199.8,18032840704,55607824384,105,1826.0,10.3,28452728832,72548528128,100,16167337984,1233723392,68.0,52.048,69.25,
60548316546222,187.689219631,218.0,18032840704,55607824384,105,1874.0,9.7,28452728832,72548528128,100,16167337984,1233723392,68.0,52.066,69.25,
60548375745530,187.748418939,202.8,18032840704,55607824384,105,1861.0,11.3,28452728832,72548528128,100,16163143680,1233723392,69.0,52.049,69.25,
60548430556931,187.80323034,218.8,18032844800,55607824384,105,1869.0,9.2,28451045376,72550211584,100,16163143680,1233723392,68.0,52.066,69.25,
60548484429271,187.85710268,204.3,18032844800,55607824384,105,1783.0,11.1,28451045376,72550211584,100,16163143680,1233723392,69.0,52.055,69.25,
60548538552492,187.911225901,203.2,18032848896,55607824384,105,1877.0,11.6,28451037184,72550219776,100,16163143680,1233723392,70.0,52.072,69.375,
60548592491156,187.965164565,203.8,18032848896,55607824384,105,1777.0,14.8,28451295232,72549961728,100,16163143680,1233723392,68.0,52.063,69.375,
60548647539461,188.02021287,218.2,18032848896,55607824384,105,1846.0,9.2,28451295232,72549961728,100,16163143680,1233723392,70.0,52.061,69.375,
60548701655348,188.074328757,203.2,18032848896,55607824384,105,1830.0,10.5,28451295232,72549961728,100,16163143680,1233723392,69.0,52.067,69.375,
60548755473295,188.128146704,204.4,18032848896,55607824384,105,1846.0,9.9,28451553280,72549703680,100,16163143680,1233723392,69.0,52.058,69.375,
60548809495597,188.182169006,203.7,18032848896,55607824384,105,1849.0,9.8,28451553280,72549703680,100,16163143680,1233723392,69.0,52.069,69.375,
60548864475854,188.237149263,218.4,18032852992,55607824384,105,1838.0,10.4,28451553280,72549703680,100,16163143680,1233723392,69.0,52.064,69.375,
60548918535776,188.291209185,203.3,18032852992,55607824384,105,1849.0,9.3,28451553280,72549703680,100,16163143680,1233723392,69.0,52.068,69.375,
60548972511630,188.345185039,203.8,18032852992,55607824384,105,1811.0,10.9,28451782656,72549474304,100,16163143680,1233723392,70.0,52.056,69.375,
60549027560125,188.400233534,218.0,18032857088,55607824384,105,1845.0,9.1,28451782656,72549474304,100,16163143680,1233723392,68.0,52.066,69.375,
60549082650058,188.455323467,199.7,18032857088,55607824384,105,1860.0,12.0,28452552704,72548704256,100,16163143680,1233723392,69.0,52.052,69.375,
60549136647553,188.509320962,203.7,18032857088,55607824384,105,1776.0,33.1,28452982784,72548274176,100,16163143680,1233723392,68.0,52.081,69.375,
60549190605313,188.563278722,204.0,18032865280,55607824384,105,1789.0,19.5,28444725248,72556531712,100,16163143680,1233723392,68.0,52.053,69.375,
60549249190309,188.621863718,954.9,18032873472,55607824384,105,1888.0,34.5,28444221440,72557035520,100,16163143680,1233723392,68.0,52.067,69.375,
60549306572480,188.679245889,209.2,18032873472,55607824384,105,1816.0,11.5,28444221440,72557035520,100,16163143680,1233723392,68.0,52.052,69.375,
60549360500444,188.733173853,204.0,18032873472,55607824384,105,1884.0,9.9,28444221440,72557035520,100,16163143680,1233723392,69.0,52.068,69.375,
60549415782498,188.788455907,217.0,18032873472,55607824384,105,1817.0,13.1,28444708864,72556548096,100,16167337984,1233723392,68.0,52.06,69.375,
60549469520876,188.842194285,204.8,18032873472,55607824384,105,1854.0,10.5,28444708864,72556548096,100,16167337984,1233723392,69.0,52.068,69.375,
60549531851135,188.904524544,208.5,18032873472,55607824384,105,1796.0,14.5,28444917760,72556339200,100,16167337984,1233723392,68.0,52.062,69.375,
60549585490528,188.958163937,223.8,18032877568,55607824384,105,1844.0,15.3,28446208000,72555048960,100,16167337984,1233723392,69.0,52.068,69.375,
60549639462094,189.012135503,203.7,18032881664,55607824384,105,1823.0,13.6,28446466048,72554790912,100,16167337984,1233723392,69.0,52.068,69.375,
60549694517402,189.067190811,199.9,18032881664,55607824384,105,1823.0,12.9,28446466048,72554790912,100,16167337984,1233723392,69.0,52.058,69.375,
60549748541356,189.121214765,203.6,18032881664,55607824384,105,1817.0,9.9,28446695424,72554561536,100,16167337984,1233723392,69.0,52.065,69.25,
60549802550132,189.175223541,203.7,18032881664,55607824384,105,1845.0,13.4,28445769728,72555487232,100,16167337984,1233723392,69.0,52.048,69.25,
60549856553147,189.229226556,222.0,18032881664,55607824384,105,1829.0,10.3,28445769728,72555487232,100,16167337984,1233723392,68.0,52.06,69.25,
60549911665452,189.284338861,199.7,18032881664,55607824384,105,1809.0,12.6,28446457856,72554799104,100,16167337984,1233723392,69.0,52.043,69.25,
60549965621288,189.338294697,204.0,18032881664,55607824384,105,1791.0,10.5,28446457856,72554799104,100,16167337984,1233723392,69.0,52.067,69.25,
60550019553691,189.3922271,203.9,18032881664,55607824384,105,1826.0,12.9,28443410432,72557846528,100,16167337984,1233723392,68.0,52.043,69.25,
60550073552508,189.446225917,222.2,18032881664,55607824384,105,1849.0,10.4,28443893760,72557363200,100,16167337984,1233723392,69.0,52.065,69.25,
60550127493216,189.500166625,204.0,18032885760,55607824384,105,1819.0,12.4,28443893760,72557363200,100,16167337984,1233723392,68.0,52.049,69.25,
60550181544762,189.554218171,203.4,18032885760,55607824384,105,1852.0,10.3,28443893760,72557363200,100,16167337984,1233723392,68.0,52.065,69.25,
60550236714264,189.609387673,217.4,18032885760,55607824384,105,1823.0,12.5,28443893760,72557363200,100,16167337984,1233723392,68.0,52.053,69.25,
60550291582541,189.66425595,200.7,18032889856,55607824384,105,1862.0,9.9,28443893760,72557363200,100,16167337984,1233723392,69.0,52.065,69.25,
60550345514252,189.718187661,203.9,18032889856,55607824384,105,1793.0,13.3,28440420352,72560836608,100,16167337984,1233723392,68.0,52.063,69.25,
60550399758710,189.772432119,221.2,18032889856,55607824384,105,1806.0,12.1,28440371200,72560885760,100,16167337984,1233723392,69.0,52.061,69.25,
60550453532836,189.826206245,185.8,18032889856,55607824384,105,1826.0,10.5,28440313856,72560943104,100,16167337984,1233723392,68.0,52.065,69.25,
60550507572719,189.880246128,203.7,18032889856,55607824384,105,1798.0,13.9,28438478848,72562778112,100,16167337984,1233723392,69.0,52.058,69.25,
60550563582888,189.936256297,232.0,18032889856,55607824384,105,1833.0,12.9,28438745088,72562511872,100,16167337984,1233723392,69.0,52.064,69.25,
60550617583268,189.990256677,203.8,18032889856,55607824384,105,1852.0,14.6,28438974464,72562282496,100,16167337984,1233723392,69.0,52.041,69.25,
60550671549874,190.044223283,203.8,18032889856,55607824384,105,1792.0,9.9,28438974464,72562282496,100,16167337984,1233723392,68.0,52.063,69.25,
60550725786517,190.098459926,202.8,18032893952,55607824384,105,1864.0,12.7,28439203840,72562053120,100,16167337984,1233723392,69.0,52.044,69.25,
60550779536698,190.152210107,186.1,18032898048,55607824384,105,1846.0,10.5,28439203840,72562053120,100,16167337984,1233723392,68.0,52.063,69.25,
60550834563602,190.207237011,236.2,18032898048,55607824384,105,1830.0,11.0,28439461888,72561795072,100,16167337984,1233723392,68.0,52.05,69.25,
60550893543439,190.266216848,203.4,18032898048,55607824384,105,1858.0,11.2,28439764992,72561491968,100,16167337984,1233723392,68.0,52.068,69.25,
60550947502080,190.320175489,222.3,18032898048,55607824384,105,1828.0,11.6,28440223744,72561033216,100,16167337984,1233723392,69.0,52.05,69.25,
60551001718916,190.374392325,202.6,18032898048,55607824384,105,1855.0,10.3,28440707072,72560549888,100,16167337984,1233723392,69.0,52.068,69.25,
60551056700536,190.429373945,200.4,18032898048,55607824384,105,1768.0,13.7,28444319744,72556937216,100,16167337984,1233723392,68.0,52.056,69.25,
60551110575490,190.483248899,204.3,18032898048,55607824384,105,1859.0,11.8,28448415744,72552841216,100,16167337984,1233723392,69.0,52.067,69.25,
60551164556594,190.537230003,222.2,18032898048,55607824384,105,1813.0,13.1,28448645120,72552611840,100,16167337984,1233723392,68.0,52.062,69.375,
60551219625417,190.592298826,199.9,18032902144,55607824384,105,1845.0,11.0,28448645120,72552611840,100,16167337984,1233723392,69.0,52.063,69.375,
60551273559553,190.646232962,203.7,18032902144,55607824384,105,1817.0,11.0,28448645120,72552611840,100,16167337984,1233723392,69.0,52.067,69.375,
60551327597734,190.700271143,203.7,18032906240,55607824384,105,1847.0,11.2,28448645120,72552611840,100,16167337984,1233723392,69.0,52.056,69.375,
60551381720203,190.754393612,203.3,18032906240,55607824384,105,1821.0,10.9,28448874496,72552382464,100,16167337984,1233723392,69.0,52.064,69.375,
60551435701096,190.808374505,222.4,18032906240,55607824384,105,1829.0,11.0,28448874496,72552382464,100,16167337984,1233723392,69.0,52.046,69.375,
60551489547417,190.862220826,204.3,18032906240,55607824384,105,1804.0,7.7,28448874496,72552382464,100,16167337984,1233723392,68.0,52.061,69.375,
60551544778524,190.917451933,199.1,18032906240,55607824384,105,1803.0,13.6,28448862208,72552394752,100,16167337984,1233723392,68.0,52.048,69.375,
60551598657807,190.971331216,204.2,18032906240,55607824384,105,1753.0,13.4,28449091584,72552165376,100,16167337984,1233723392,68.0,52.067,69.375,
60551652513646,191.025187055,222.7,18032906240,55607824384,105,1776.0,36.4,28449587200,72551669760,100,16167337984,1233723392,68.0,52.051,69.375,
60551708101312,191.080774721,197.5,18032906240,55607824384,105,1868.0,17.7,28447522816,72553734144,100,16167337984,1233723392,68.0,52.065,69.375,
60551761765060,191.134438469,205.4,18032910336,55607824384,105,1815.0,11.2,28447522816,72553734144,100,16167337984,1233723392,68.0,52.051,69.25,
60551815687003,191.188360412,204.0,18032910336,55607824384,105,1841.0,9.9,28447522816,72553734144,100,16167337984,1233723392,69.0,52.061,69.375,
60551868751548,191.241424957,207.3,18032910336,55607824384,105,1827.0,10.7,28448141312,72553115648,100,16167337984,1233723392,68.0,52.063,69.375,
60551922763540,191.295436949,222.2,18032914432,55607824384,105,1815.0,10.0,28448624640,72552632320,100,16167337984,1233723392,69.0,52.057,69.375,
60551975704623,191.348378032,188.9,18032914432,55607824384,105,1804.0,11.2,28448624640,72552632320,100,16167337984,1233723392,69.0,52.064,69.375,
60552028810486,191.401483895,207.1,18032914432,55607824384,105,1781.0,11.8,28448624640,72552632320,100,16167337984,1233723392,69.0,52.051,69.375,
60552082661526,191.455334935,204.2,18032914432,55607824384,105,1841.0,9.4,28449107968,72552148992,100,16167337984,1233723392,68.0,52.058,69.375,
60552135845384,191.508518793,206.8,18032914432,55607824384,105,1844.0,10.7,28449107968,72552148992,100,16167337984,1233723392,68.0,52.043,69.375,
60552188809712,191.561483121,207.8,18032914432,55607824384,105,1843.0,10.6,28449107968,72552148992,100,16167337984,1233723392,69.0,52.063,69.375,
60552241693618,191.614367027,189.1,18032914432,55607824384,105,1847.0,10.8,28449624064,72551632896,100,16167337984,1233723392,69.0,52.043,69.375,
60552294772430,191.667445839,207.2,18032918528,55607824384,105,1836.0,9.9,28449624064,72551632896,100,16167337984,1233723392,69.0,52.063,69.375,
60552348763412,191.721436821,222.3,18032918528,55607824384,105,1828.0,10.5,28449624064,72551632896,100,16167337984,1233723392,69.0,52.048,69.375,
60552402840456,191.775513865,203.5,18032918528,55607824384,105,1818.0,10.5,28449624064,72551632896,100,16167337984,1233723392,70.0,52.065,69.375,
60552456708798,191.829382207,204.1,18032918528,55607824384,105,1831.0,12.6,28449624064,72551632896,100,16163143680,1233723392,68.0,52.056,69.375,
60552510594863,191.883268272,204.3,18032922624,55607824384,105,1844.0,10.5,28449624064,72551632896,100,16163143680,1233723392,69.0,52.063,69.375,
60552566702354,191.939375763,213.8,18032922624,55607824384,105,1826.0,14.5,28449882112,72551374848,100,16163143680,1233723392,69.0,52.067,69.375,
60552620670894,191.993344303,203.8,18032926720,55607824384,105,1818.0,11.8,28449882112,72551374848,100,16163143680,1233723392,69.0,52.056,69.375,
60552674658860,192.047332269,203.7,18032926720,55607824384,105,1828.0,9.2,28449882112,72551374848,100,16163143680,1233723392,69.0,52.061,69.375,
60552728697582,192.101370991,203.6,18032926720,55607824384,105,1805.0,11.0,28449882112,72551374848,100,16163143680,1233723392,69.0,52.055,69.375,
60552788821122,192.161494531,216.2,18032926720,55607824384,105,1839.0,10.5,28450140160,72551116800,100,16163143680,1233723392,69.0,52.061,69.375,
60552842620214,192.215293623,204.5,18032926720,55607824384,105,1816.0,11.7,28450369536,72550887424,100,16163143680,1233723392,69.0,52.049,69.375,
60552896704652,192.269378061,203.4,18032930816,55607824384,105,1829.0,9.2,28451012608,72550244352,100,16163143680,1233723392,69.0,52.062,69.375,
60552950693309,192.323366718,222.3,18032955392,55607824384,105,1795.0,14.9,28451241984,72550014976,100,16163143680,1233723392,69.0,52.044,69.375,
60553005722318,192.378395727,999.4,18032963584,55607824384,105,1832.0,31.6,28451241984,72550014976,100,16163143680,1233723392,69.0,52.067,69.375,
60553059592714,192.432266123,222.8,18032963584,55607824384,105,1815.0,11.7,28451758080,72549498880,100,16163143680,1233723392,69.0,52.048,69.375,
60553113707578,192.486380987,203.0,18032963584,55607824384,105,1869.0,10.3,28453822464,72547434496,100,16163143680,1233723392,69.0,52.063,69.375,
60553167771026,192.540444435,203.8,18032963584,55607824384,105,1815.0,10.5,28454051840,72547205120,100,16163143680,1233723392,68.0,52.049,69.375,
60553222612743,192.595286152,218.8,18032963584,55607824384,105,1861.0,9.8,28454051840,72547205120,100,16163143680,1233723392,70.0,52.064,69.375,
60553277755384,192.650428793,199.5,18032967680,55607824384,105,1819.0,10.3,28454051840,72547205120,100,16163143680,1233723392,68.0,52.055,69.375,
60553331723243,192.704396652,203.8,18032967680,55607824384,105,1875.0,9.3,28454051840,72547205120,100,16163143680,1233723392,69.0,52.066,69.375,
60553392809068,192.765482477,212.8,18032967680,55607824384,105,1841.0,12.4,28455079936,72546177024,100,16167337984,1233723392,68.0,52.056,69.375,
60553446736110,192.819409519,222.5,18032967680,55607824384,105,1861.0,9.9,28455079936,72546177024,100,16167337984,1233723392,69.0,52.062,69.375,
60553500685725,192.873359134,203.9,18032967680,55607824384,105,1847.0,11.1,28455079936,72546177024,100,16167337984,1233723392,68.0,52.063,69.375,
60553556674502,192.929347911,214.4,18032967680,55607824384,105,1816.0,13.4,28455079936,72546177024,100,16167337984,1233723392,70.0,52.063,69.375,
60553611693361,192.98436677,199.9,18032967680,55607824384,105,1707.0,14.2,28455309312,72545947648,100,16167337984,1233723392,69.0,52.064,69.375,
60553666872020,193.039545429,217.4,18032967680,55607824384,105,1812.0,12.1,28455309312,72545947648,100,16167337984,1233723392,69.0,52.055,69.375,
60553720696700,193.093370109,204.4,18032967680,55607824384,105,1805.0,10.5,28455538688,72545718272,100,16167337984,1233723392,68.0,52.06,69.375,
60553774725834,193.147399243,203.6,18032967680,55607824384,105,1800.0,12.8,28455538688,72545718272,100,16167337984,1233723392,68.0,52.047,69.375,
60553830899558,193.203572967,195.7,18032975872,55607824384,105,1816.0,11.1,28455538688,72545718272,100,16167337984,1233723392,68.0,52.061,69.375,
60553885704717,193.258378126,237.3,18032975872,55607824384,105,1780.0,13.6,28456022016,72545234944,100,16167337984,1233723392,69.0,52.052,69.375,
60553940765194,193.313438603,199.9,18032975872,55607824384,105,1817.0,9.9,28456312832,72544944128,100,16167337984,1233723392,69.0,52.068,69.375,
60553995854576,193.368527985,199.7,18032975872,55607824384,105,1754.0,12.6,28456312832,72544944128,100,16167337984,1233723392,68.0,52.045,69.375,
60554049717798,193.422391207,204.3,18032975872,55607824384,105,1844.0,9.4,28456308736,72544948224,100,16167337984,1233723392,69.0,52.069,69.375,
60554103575701,193.47624911,222.8,18032975872,55607824384,105,1814.0,12.8,28456308736,72544948224,100,16167337984,1233723392,69.0,52.048,69.375,
60554156870327,193.529543736,206.1,18032975872,55607824384,105,1836.0,10.5,28456308736,72544948224,100,16167337984,1233723392,68.0,52.067,69.375,
60554210685058,193.583358467,204.7,18032975872,55607824384,105,1754.0,12.4,28456538112,72544718848,100,16167337984,1233723392,68.0,52.055,69.375,
60554264732556,193.637405965,203.6,18032975872,55607824384,105,1846.0,9.2,28456013824,72545243136,100,16167337984,1233723392,69.0,52.068,69.375,
60554318835478,193.691508887,202.8,18032975872,55607824384,105,1818.0,13.7,28456013824,72545243136,100,16167337984,1233723392,69.0,52.063,69.375,
60554372740299,193.745413708,204.4,18032979968,55607824384,105,1811.0,11.2,28456013824,72545243136,100,16167337984,1233723392,69.0,52.065,69.375,
60554426707045,193.799380454,222.4,18032979968,55607824384,105,1800.0,11.1,28456243200,72545013760,100,16167337984,1233723392,69.0,52.067,69.375,
60554480900877,193.853574286,202.9,18032984064,55607824384,105,1852.0,11.0,28455981056,72545275904,100,16167337984,1233723392,69.0,52.059,69.375,
60554534691744,193.907365153,185.9,18032984064,55607824384,105,1803.0,11.7,28455968768,72545288192,100,16167337984,1233723392,69.0,52.067,69.375,
60554588741506,193.961414915,222.0,18032984064,55607824384,105,1803.0,12.3,28455968768,72545288192,100,16167337984,1233723392,69.0,52.053,69.375,
60554642800485,194.015473894,203.5,18032984064,55607824384,105,1826.0,11.0,28456198144,72545058816,100,16167337984,1233723392,69.0,52.061,69.375,
60554701779349,194.074452758,220.1,18032984064,55607824384,105,1779.0,12.8,28454387712,72546869248,100,16167337984,1233723392,68.0,52.044,69.375,
60554755685763,194.128359172,204.5,18032984064,55607824384,105,1830.0,9.4,28453888000,72547368960,100,16167337984,1233723392,68.0,52.058,69.375,
60554814402435,194.187075844,221.4,18032984064,55607824384,105,1806.0,12.6,28454146048,72547110912,100,16167337984,1233723392,69.0,52.046,69.375,
60554868877174,194.241550583,201.8,18032984064,55607824384,105,1801.0,9.7,28454146048,72547110912,100,16167337984,1233723392,69.0,52.064,69.375,
60554922842628,194.295516037,203.9,18032984064,55607824384,105,1802.0,12.9,28454375424,72546881536,100,16167337984,1233723392,68.0,52.043,69.375,
60554976748631,194.34942204,204.1,18032988160,55607824384,105,1817.0,12.3,28454375424,72546881536,100,16167337984,1233723392,68.0,52.064,69.375,
60555030707262,194.403380671,222.4,18032992256,55607824384,105,1822.0,13.8,28454375424,72546881536,100,16167337984,1233723392,68.0,52.049,69.375,
60555084870376,194.457543785,202.9,18032992256,55607824384,105,1880.0,10.7,28459692032,72541564928,100,16167337984,1233723392,68.0,52.062,69.375,
60555140835991,194.5135094,196.7,18032992256,55607824384,105,1803.0,13.2,28459692032,72541564928,100,16167337984,1233723392,68.0,52.053,69.375,
60555194820310,194.567493719,222.3,18032992256,55607824384,105,1887.0,9.3,28459692032,72541564928,100,16167337984,1233723392,69.0,52.064,69.375,
60555251866831,194.62454024,210.3,18032992256,55607824384,105,1824.0,14.5,28459692032,72541564928,100,16167337984,1233723392,68.0,52.057,69.375,
60555305768796,194.678442205,204.1,18032996352,55607824384,105,1870.0,10.0,28459692032,72541564928,100,16167337984,1233723392,69.0,52.06,69.375,
60555359733338,194.732406747,203.8,18032996352,55607824384,105,1855.0,10.5,28459692032,72541564928,100,16167337984,1233723392,68.0,52.061,69.375,
60555418833680,194.791507089,203.1,18032996352,55607824384,105,1844.0,10.7,28459925504,72541331456,100,16167337984,1233723392,69.0,52.059,69.375,
60555472727630,194.845401039,222.5,18033000448,55607824384,105,1876.0,10.3,28459925504,72541331456,100,16167337984,1233723392,69.0,52.064,69.375,
60555526778594,194.899452003,203.6,18033004544,55607824384,105,1840.0,10.6,28459913216,72541343744,100,16167337984,1233723392,69.0,52.058,69.375,
60555580751251,194.95342466,203.7,18033004544,55607824384,105,1847.0,12.2,28459913216,72541343744,100,16167337984,1233723392,68.0,52.063,69.375,
60555634799591,195.007473,203.6,18033004544,55607824384,105,1813.0,12.6,28459913216,72541343744,100,16167337984,1233723392,69.0,52.043,69.375,
60555691035922,195.063709331,231.2,18033004544,55607824384,105,1843.0,9.0,28459913216,72541343744,100,16167337984,1233723392,68.0,52.054,69.375,
60555744779350,195.117452759,204.7,18033004544,55607824384,105,1846.0,11.2,28460396544,72540860416,100,16167337984,1233723392,69.0,52.044,69.375,
60555798796651,195.17147006,185.1,18033004544,55607824384,105,1847.0,8.7,28460396544,72540860416,100,16167337984,1233723392,69.0,52.061,69.375,
60555852788955,195.225462364,222.2,18033004544,55607824384,105,1820.0,11.1,28460396544,72540860416,100,16167337984,1233723392,68.0,52.041,69.375,
60555906859947,195.279533356,203.5,18033004544,55607824384,105,1836.0,9.9,28461457408,72539799552,100,16167337984,1233723392,68.0,52.065,69.375,
60555961924261,195.33459767,199.6,18033004544,55607824384,105,1829.0,10.8,28460736512,72540520448,100,16167337984,1233723392,68.0,52.044,69.375,
60556020944403,195.393617812,220.4,18033008640,55607824384,105,1792.0,11.1,28460965888,72540291072,100,16167337984,1233723392,69.0,52.064,69.375,
60556074809579,195.447482988,204.2,18033008640,55607824384,105,1828.0,11.1,28461223936,72540033024,100,16167337984,1233723392,68.0,52.045,69.375,
60556128789870,195.501463279,222.3,18033012736,55607824384,105,1870.0,9.3,28461223936,72540033024,100,16167337984,1233723392,69.0,52.065,69.375,
60556187794873,195.560468282,203.4,18033012736,55607824384,105,1867.0,11.2,28461223936,72540033024,100,16167337984,1233723392,69.0,52.045,69.375,
60556241903766,195.614577175,221.7,18033012736,55607824384,105,1849.0,9.3,28461223936,72540033024,100,16167337984,1233723392,69.0,52.062,69.375,
60556295922730,195.668596139,203.7,18033012736,55607824384,105,1828.0,10.5,28459880448,72541376512,100,16167337984,1233723392,68.0,52.048,69.375,
60556349788768,195.722462177,204.3,18033012736,55607824384,105,1877.0,9.4,28459880448,72541376512,100,16167337984,1233723392,70.0,52.065,69.375,
60556406317818,195.778991227,211.6,18033012736,55607824384,105,1819.0,12.7,28458332160,72542924800,100,16163143680,1233723392,68.0,52.057,69.375,
60556459908169,195.832581578,206.0,18033012736,55607824384,105,1826.0,8.9,28458332160,72542924800,100,16163143680,1233723392,69.0,52.063,69.375,
60556513915391,195.8865888,203.7,18033012736,55607824384,105,1786.0,12.0,28458012672,72543244288,100,16163143680,1233723392,69.0,52.066,69.375,
60556567744259,195.940417668,204.4,18033016832,55607824384,105,1836.0,18.9,28463955968,72537300992,100,16163143680,1233723392,69.0,52.063,69.375,
60556622883544,195.995556953,217.7,18033016832,55607824384,105,1766.0,27.4,28468314112,72532942848,100,16163143680,1233723392,67.0,52.05,69.375,
60556683047229,196.055720638,631.4,18033016832,55607824384,105,1911.0,38.8,28453871616,72547385344,100,16163143680,1233723392,68.0,52.046,69.375,
60556740963911,196.11363732,518.0,18033016832,55607824384,105,1898.0,16.1,28453277696,72547979264,100,16163143680,1233723392,69.0,52.057,69.375,
60556795949999,196.168623408,200.0,18033016832,55607824384,105,1845.0,10.3,28453793792,72547463168,100,16163143680,1233723392,68.0,52.038,69.375,
60556849829741,196.22250315,204.2,18033016832,55607824384,105,1877.0,9.3,28453793792,72547463168,100,16163143680,1233723392,69.0,52.062,69.375,
60556903776590,196.276449999,222.4,18033016832,55607824384,105,1842.0,9.9,28454313984,72546942976,100,16163143680,1233723392,69.0,52.043,69.25,
60556957976163,196.330649572,202.7,18033016832,55607824384,105,1839.0,9.2,28454625280,72546631680,100,16163143680,1233723392,68.0,52.061,69.375,
60557011860154,196.384533563,204.4,18033016832,55607824384,105,1835.0,11.0,28454854656,72546402304,100,16163143680,1233723392,68.0,52.049,69.25,
60557065909405,196.438582814,203.5,18033016832,55607824384,105,1859.0,10.9,28455108608,72546148352,100,16163143680,1233723392,69.0,52.064,69.375,
60557121098984,196.493772393,217.3,18033016832,55607824384,105,1882.0,10.3,28455337984,72545918976,100,16163143680,1233723392,69.0,52.059,69.375,
60557174806033,196.547479442,205.0,18033016832,55607824384,105,1853.0,9.4,28455567360,72545689600,100,16163143680,1233723392,69.0,52.058,69.25,
60557228831350,196.601504759,203.5,18033016832,55607824384,105,1866.0,9.2,28455796736,72545460224,100,16163143680,1233723392,69.0,52.063,69.25,
60557283079463,196.655752872,202.9,18033016832,55607824384,105,1825.0,8.8,28454453248,72546803712,100,16163143680,1233723392,69.0,52.054,69.25,
60557336921155,196.709594564,204.1,18033016832,55607824384,105,1854.0,8.8,28454682624,72546574336,100,16163143680,1233723392,68.0,52.061,69.25,
60557390869296,196.763542705,203.9,18033016832,55607824384,105,1796.0,14.4,28456488960,72544768000,100,16167337984,1233723392,68.0,52.043,69.25,
60557444854397,196.817527806,204.1,18033016832,55607824384,105,1885.0,8.8,28457218048,72544038912,100,16167337984,1233723392,68.0,52.062,69.375,
60557497963415,196.870636824,225.8,18033016832,55607824384,105,1838.0,10.1,28457447424,72543809536,100,16167337984,1233723392,68.0,52.04,69.25,
60557551780701,196.92445411,204.4,18033016832,55607824384,105,1830.0,10.5,28457447424,72543809536,100,16167337984,1233723392,68.0,52.067,69.375,
60557605718803,196.978392212,203.9,18033016832,55607824384,105,1828.0,12.2,28457676800,72543580160,100,16167337984,1233723392,68.0,52.045,69.25,
60557659934205,197.032607614,202.4,18033016832,55607824384,105,1881.0,10.3,28457676800,72543580160,100,16167337984,1233723392,69.0,52.062,69.25,
60557720015987,197.092689396,216.9,18033016832,55607824384,105,1799.0,11.2,28457676800,72543580160,100,16167337984,1233723392,68.0,52.047,69.25,
60557773923582,197.146596991,204.0,18033016832,55607824384,105,1882.0,9.8,28457676800,72543580160,100,16167337984,1233723392,70.0,52.063,69.25,
60557827869530,197.200542939,203.8,18033016832,55607824384,105,1780.0,11.1,28457676800,72543580160,100,16167337984,1233723392,68.0,52.053,69.25,
60557881869628,197.254543037,222.4,18033020928,55607824384,105,1829.0,9.4,28457267200,72543989760,100,16167337984,1233723392,69.0,52.061,69.25,
60557935786872,197.308460281,204.0,18033020928,55607824384,105,1822.0,11.0,28457496576,72543760384,100,16167337984,1233723392,69.0,52.062,69.25,
60557989844388,197.362517797,203.5,18033020928,55607824384,105,1817.0,10.5,28457496576,72543760384,100,16167337984,1233723392,70.0,52.053,69.25,
60558043894099,197.416567508,203.4,18033020928,55607824384,105,1895.0,10.5,28457209856,72544047104,100,16167337984,1233723392,69.0,52.061,69.25,
60558097829186,197.470502595,222.5,18033020928,55607824384,105,1914.0,11.1,28457693184,72543563776,100,16167337984,1233723392,69.0,52.048,69.25,
60558151946424,197.524619833,203.2,18033020928,55607824384,105,1864.0,9.8,28457693184,72543563776,100,16167337984,1233723392,68.0,52.058,69.25,
60558205904755,197.578578164,204.0,18033020928,55607824384,105,1859.0,11.2,28457693184,72543563776,100,16167337984,1233723392,68.0,52.044,69.25,
60558259850452,197.632523861,203.9,18033020928,55607824384,105,1889.0,8.7,28457693184,72543563776,100,16167337984,1233723392,68.0,52.059,69.25,
60558313890776,197.686564185,203.5,18033020928,55607824384,105,1896.0,10.5,28457160704,72544096256,100,16167337984,1233723392,68.0,52.041,69.25,
60558367881927,197.740555336,203.5,18033020928,55607824384,105,1877.0,11.5,28457160704,72544096256,100,16167337984,1233723392,69.0,52.06,69.25,
60558423966575,197.796639984,214.1,18033025024,55607824384,105,1857.0,12.4,28457160704,72544096256,100,16167337984,1233723392,68.0,52.046,69.25,
60558477939061,197.85061247,203.7,18033025024,55607824384,105,1858.0,30.9,28457390080,72543866880,100,16167337984,1233723392,68.0,52.07,69.25,
60558532884653,197.905558062,200.2,18033025024,55607824384,105,1845.0,20.2,28457390080,72543866880,100,16167337984,1233723392,68.0,52.069,69.25,
60558586933623,197.959607032,222.2,18033025024,55607824384,105,1827.0,12.9,28457390080,72543866880,100,16167337984,1233723392,68.0,52.05,69.25,
60558640862077,198.013535486,203.8,18033025024,55607824384,105,1822.0,13.7,28458422272,72542834688,100,16167337984,1233723392,68.0,52.049,69.25,
60558694930203,198.067603612,203.8,18033025024,55607824384,105,1860.0,11.4,28458422272,72542834688,100,16167337984,1233723392,69.0,52.036,69.25,
60558747854855,198.120528264,207.6,18033025024,55607824384,105,1864.0,9.4,28457996288,72543260672,100,16167337984,1233723392,68.0,52.058,69.25,
60558800851372,198.173524781,207.9,18033025024,55607824384,105,1848.0,12.5,28458225664,72543031296,100,16167337984,1233723392,68.0,52.039,69.25,
60558852854146,198.225527555,192.0,18033025024,55607824384,105,1886.0,10.1,28458225664,72543031296,100,16167337984,1233723392,69.0,52.061,69.25,
60558905922628,198.278596037,207.6,18033025024,55607824384,105,1872.0,11.4,28459700224,72541556736,100,16167337984,1233723392,68.0,52.052,69.25,
60558958805481,198.33147889,227.0,18033033216,55607824384,105,1867.0,9.5,28459929600,72541327360,100,16167337984,1233723392,69.0,52.067,69.25,
60559011828167,198.384501576,207.0,18033033216,55607824384,105,1878.0,11.8,28459929600,72541327360,100,16167337984,1233723392,68.0,52.064,69.25,
60559065271242,198.437944651,205.8,18033033216,55607824384,105,1881.0,12.1,28459286528,72541970432,100,16167337984,1233723392,69.0,52.062,69.25,
60559118922506,198.491595915,186.4,18033033216,55607824384,105,1832.0,12.8,28459286528,72541970432,100,16167337984,1233723392,68.0,52.065,69.25,
60559172958231,198.54563164,203.5,18033033216,55607824384,105,1879.0,11.7,28459286528,72541970432,100,16167337984,1233723392,69.0,52.054,69.25,
60559226977356,198.599650765,222.1,18033033216,55607824384,105,1843.0,10.4,28459286528,72541970432,100,16167337984,1233723392,68.0,52.062,69.25,
60559280918684,198.653592093,204.0,18033033216,55607824384,105,1804.0,13.4,28459544576,72541712384,100,16167337984,1233723392,68.0,52.045,69.25,
60559334934282,198.707607691,203.6,18033033216,55607824384,105,1849.0,8.8,28459544576,72541712384,100,16167337984,1233723392,68.0,52.063,69.25,
60559389956457,198.762629866,199.9,18033033216,55607824384,105,1813.0,13.6,28459540480,72541716480,100,16167337984,1233723392,68.0,52.042,69.25,
60559443957647,198.816631056,203.7,18033037312,55607824384,105,1841.0,9.8,28459360256,72541896704,100,16167337984,1233723392,69.0,52.064,69.25,
60559497872305,198.870545714,222.6,18033037312,55607824384,105,1843.0,10.5,28459360256,72541896704,100,16167337984,1233723392,69.0,52.043,69.25,
60559551894525,198.924567934,203.6,18033041408,55607824384,105,1839.0,11.7,28459347968,72541908992,100,16167337984,1233723392,68.0,52.068,69.25,
60559605980264,198.978653673,203.4,18033045504,55607824384,105,1777.0,13.5,28459347968,72541908992,100,16167337984,1233723392,68.0,52.052,69.25,
60559658868869,199.031542278,208.2,18033045504,55607824384,105,1869.0,8.9,28459347968,72541908992,100,16167337984,1233723392,69.0,52.061,69.25,
60559711842042,199.084515451,207.6,18033045504,55607824384,105,1843.0,9.4,28458754048,72542502912,100,16167337984,1233723392,68.0,52.062,69.25,
60559764977289,199.137650698,207.1,18033045504,55607824384,105,1890.0,9.5,28458393600,72542863360,100,16167337984,1233723392,70.0,52.056,69.25,
60559817864130,199.190537539,207.7,18033045504,55607824384,105,1856.0,8.9,28458622976,72542633984,100,16167337984,1233723392,68.0,52.063,69.25,
60559873082543,199.245755952,199.6,18033045504,55607824384,105,1877.0,9.7,28458426368,72542830592,100,16167337984,1233723392,69.0,52.047,69.25,
60559925954506,199.298627915,207.7,18033045504,55607824384,105,1840.0,9.4,28458164224,72543092736,100,16167337984,1233723392,68.0,52.056,69.25,
60559978934762,199.351608171,207.8,18033045504,55607824384,105,1862.0,9.5,28458164224,72543092736,100,16167337984,1233723392,69.0,52.04,69.25,
60560031898397,199.404571806,188.7,18033053696,55607824384,105,1837.0,8.9,28457963520,72543293440,100,16167337984,1233723392,68.0,52.062,69.25,
60560084782724,199.457456133,227.1,18033053696,55607824384,105,1865.0,9.5,28457857024,72543399936,100,16167337984,1233723392,68.0,52.042,69.25,
60560137949179,199.510622588,206.5,18033053696,55607824384,105,1898.0,8.8,28458086400,72543170560,100,16167337984,1233723392,69.0,52.061,69.25,
60560191027880,199.563701289,207.6,18033053696,55607824384,105,1854.0,10.6,28458086400,72543170560,100,16167337984,1233723392,69.0,52.049,69.25,
60560243990844,199.616664253,207.4,18033053696,55607824384,105,1872.0,8.3,28458086400,72543170560,100,16167337984,1233723392,71.0,52.064,69.25,
60560299094171,199.67176758,199.7,18033053696,55607824384,105,1828.0,11.4,28458086400,72543170560,100,16167337984,1233723392,68.0,52.054,69.25,
60560352245488,199.724918897,188.1,18033053696,55607824384,105,1885.0,9.5,28457824256,72543432704,100,16167337984,1233723392,69.0,52.058,69.25,
60560406097378,199.778770787,204.4,18033053696,55607824384,105,1861.0,11.0,28457824256,72543432704,100,16167337984,1233723392,68.0,52.054,69.25,
60560463019075,199.835692484,1002.5,18033065984,55607824384,105,1910.0,36.5,28457783296,72543473664,100,16167337984,1233723392,69.0,52.058,69.25,
60560515866141,199.88853955,226.6,18033065984,55607824384,105,1852.0,9.4,28458012672,72543244288,100,16167337984,1233723392,68.0,52.057,69.25,
60560568957355,199.941630764,207.3,18033065984,55607824384,105,1841.0,13.5,28458000384,72543256576,100,16167337984,1233723392,69.0,52.046,69.25,
60560621854075,199.994527484,189.3,18033065984,55607824384,105,1841.0,14.4,28458000384,72543256576,100,16167337984,1233723392,68.0,52.062,69.25,
60560673949963,200.046623372,211.2,18033065984,55607824384,105,1870.0,9.1,28458000384,72543256576,100,16167337984,1233723392,68.0,52.042,69.25,
60560725824836,200.098498245,192.7,18033070080,55607824384,105,1875.0,8.4,28458524672,72542732288,100,16167337984,1233723392,68.0,52.058,69.25,
60560778855367,200.151528776,225.8,18033070080,55607824384,105,1810.0,10.6,28458524672,72542732288,100,16167337984,1233723392,68.0,52.048,69.25,
60560832158368,200.204831777,206.4,18033070080,55607824384,105,1873.0,9.4,28459048960,72542208000,100,16167337984,1233723392,69.0,52.06,69.25,
60560885075997,200.257749406,189.1,18033070080,55607824384,105,1811.0,10.7,28459048960,72542208000,100,16167337984,1233723392,68.0,52.06,69.25,
60560938994993,200.311668402,204.0,18033070080,55607824384,105,1828.0,10.4,28459421696,72541835264,100,16167337984,1233723392,69.0,52.061,69.25,
60560992950829,200.365624238,203.5,18033074176,55607824384,105,1810.0,10.4,28459651072,72541605888,100,16167337984,1233723392,69.0,52.065,69.25,
60561047064811,200.41973822,222.0,18033074176,55607824384,105,1760.0,11.0,28459880448,72541376512,100,16167337984,1233723392,69.0,52.055,69.25,
60561101069658,200.473743067,203.7,18033074176,55607824384,105,1819.0,9.3,28460138496,72541118464,100,16167337984,1233723392,69.0,52.06,69.25,
60561157056281,200.52972969,196.6,18033074176,55607824384,105,1817.0,10.7,28460621824,72540635136,100,16167337984,1233723392,69.0,52.047,69.25,
60561211065066,200.583738475,203.7,18033074176,55607824384,105,1830.0,8.7,28460851200,72540405760,100,16167337984,1233723392,68.0,52.059,69.25,
60561264988941,200.63766235,203.9,18033074176,55607824384,105,1830.0,10.5,28461080576,72540176384,100,16167337984,1233723392,68.0,52.041,69.25,
60561318958111,200.69163152,222.4,18033078272,55607824384,105,1799.0,9.2,28461080576,72540176384,100,16167337984,1233723392,69.0,52.062,69.25,
60561371973714,200.744647123,207.3,18033078272,55607824384,105,1817.0,11.9,28461309952,72539947008,100,16167337984,1233723392,68.0,52.041,69.25,
60561425895866,200.798569275,204.1,18033078272,55607824384,105,1852.0,9.9,28461785088,72539471872,100,16167337984,1233723392,69.0,52.064,69.25,
60561481062401,200.85373581,217.5,18033078272,55607824384,105,1809.0,10.8,28462006272,72539250688,100,16167337984,1233723392,68.0,52.048,69.25,
60561534996336,200.907669745,203.9,18033078272,55607824384,105,1840.0,11.0,28461674496,72539582464,100,16167337984,1233723392,69.0,52.068,69.25,
60561589223970,200.961897379,202.8,18033082368,55607824384,105,1809.0,14.3,28461903872,72539353088,100,16167337984,1233723392,68.0,52.056,69.25,
60561644062601,201.01673601,200.6,18033082368,55607824384,105,1918.0,11.6,28462133248,72539123712,100,16167337984,1233723392,69.0,52.06,69.25,
60561698026271,201.07069968,203.8,18033082368,55607824384,105,1861.0,11.0,28462391296,72538865664,100,16167337984,1233723392,69.0,52.061,69.25,
60561752058319,201.124731728,203.6,18033082368,55607824384,105,1900.0,11.0,28462620672,72538636288,100,16167337984,1233723392,69.0,52.054,69.25,
60561806011239,201.178684648,203.8,18033082368,55607824384,105,1868.0,8.7,28462620672,72538636288,100,16167337984,1233723392,69.0,52.059,69.25,
60561860045912,201.232719321,222.1,18033086464,55607824384,105,1914.0,11.6,28462620672,72538636288,100,16167337984,1233723392,69.0,52.048,69.25,
60561914132292,201.286805701,184.9,18033086464,55607824384,105,1882.0,9.8,28462469120,72538787840,100,16167337984,1233723392,68.0,52.057,69.25,
60561969078294,201.341751703,236.6,18033086464,55607824384,105,1875.0,12.2,28462469120,72538787840,100,16167337984,1233723392,69.0,52.044,69.25,
60562023073863,201.395747272,203.7,18033086464,55607824384,105,1854.0,10.5,28462723072,72538533888,100,16167337984,1233723392,68.0,52.061,69.25,
60562077040469,201.449713878,203.9,18033090560,55607824384,105,1856.0,11.7,28462723072,72538533888,100,16167337984,1233723392,68.0,52.043,69.25,
60562131060254,201.503733663,203.5,18033090560,55607824384,105,1898.0,10.4,28462723072,72538533888,100,16167337984,1233723392,68.0,52.063,69.25,
60562185075691,201.5577491,204.0,18033094656,55607824384,105,1826.0,11.2,28463206400,72538050560,100,16167337984,1233723392,68.0,52.049,69.25,
60562237861142,201.610534551,208.5,18033094656,55607824384,105,1952.0,9.0,28463435776,72537821184,100,16167337984,1233723392,69.0,52.063,69.25,
60562290027913,201.662701322,191.6,18033094656,55607824384,105,1838.0,11.8,28463665152,72537591808,100,16167337984,1233723392,68.0,52.059,69.25,
60562343025441,201.71569885,226.3,18033094656,55607824384,105,1926.0,9.1,28463665152,72537591808,100,16167337984,1233723392,69.0,52.059,69.25,
60562395882025,201.768555434,189.2,18033094656,55607824384,105,1894.0,11.3,28463894528,72537362432,100,16167337984,1233723392,69.0,52.061,69.25,
60562448024571,201.82069798,211.0,18033098752,55607824384,105,1948.0,11.4,28464123904,72537133056,100,16167337984,1233723392,69.0,52.042,69.25,
60562500966986,201.873640395,207.5,18033098752,55607824384,105,1852.0,9.4,28464377856,72536879104,100,16167337984,1233723392,68.0,52.057,69.25,
60562555025333,201.927698742,203.8,18033098752,55607824384,105,1832.0,13.1,28464607232,72536649728,100,16167337984,1233723392,68.0,52.044,69.25,
60562607982396,201.980655805,207.3,18033102848,55607824384,105,1865.0,12.4,28464836608,72536420352,100,16167337984,1233723392,68.0,52.06,69.25,
60562660996936,202.033670345,188.9,18033102848,55607824384,105,1862.0,10.8,28464836608,72536420352,100,16167337984,1233723392,68.0,52.042,69.25,
60562714148243,202.086821652,206.3,18033102848,55607824384,105,1955.0,9.7,28464779264,72536477696,100,16167337984,1233723392,68.0,52.059,69.25,
60562771099755,202.143773164,228.9,18033102848,55607824384,105,1854.0,11.2,28464779264,72536477696,100,16167337984,1233723392,68.0,52.048,69.25,
60562824116619,202.196790028,188.3,18033102848,55607824384,105,1921.0,8.8,28465008640,72536248320,100,16167337984,1233723392,69.0,52.061,69.25,
60562878022120,202.250695529,204.4,18033102848,55607824384,105,1915.0,10.7,28464746496,72536510464,100,16167337984,1233723392,68.0,52.059,69.25,
60562931946807,202.304620216,222.5,18033102848,55607824384,105,1908.0,9.2,28464746496,72536510464,100,16167337984,1233723392,69.0,52.062,69.25,
60562984954334,202.357627743,207.3,18033102848,55607824384,105,1940.0,10.5,28464975872,72536281088,100,16167337984,1233723392,68.0,52.067,69.25,
60563039041646,202.411715055,203.5,18033102848,55607824384,105,1935.0,11.6,28464680960,72536576000,100,16167337984,1233723392,69.0,52.055,69.25,
60563093026385,202.465699794,203.7,18033106944,55607824384,105,1897.0,11.0,28469297152,72531959808,100,16167337984,1233723392,68.0,52.058,69.25,
60563147046671,202.51972008,203.7,18033111040,55607824384,105,1911.0,10.0,28469297152,72531959808,100,16167337984,1233723392,69.0,52.046,69.25,
60563201023866,202.573697275,222.2,18033111040,55607824384,105,1857.0,9.3,28470296576,72530960384,100,16167337984,1233723392,68.0,52.064,69.25,
60563254986053,202.627659462,203.7,18033111040,55607824384,105,1902.0,11.0,28470296576,72530960384,100,16167337984,1233723392,68.0,52.044,69.25,
60563309057736,202.681731145,203.7,18033111040,55607824384,105,1890.0,9.9,28470525952,72530731008,100,16167337984,1233723392,69.0,52.065,69.25,
60563362240061,202.73491347,187.8,18033111040,55607824384,105,1847.0,10.7,28470165504,72531091456,100,16167337984,1233723392,68.0,52.047,69.25,
60563416041356,202.788714765,223.2,18033111040,55607824384,105,1909.0,8.7,28470165504,72531091456,100,16167337984,1233723392,68.0,52.063,69.25,
60563470088983,202.842762392,203.5,18033115136,55607824384,105,1890.0,9.9,28470165504,72531091456,100,16167337984,1233723392,68.0,52.047,69.25,
60563524156909,202.896830318,203.5,18033115136,55607824384,105,1923.0,11.0,28470165504,72531091456,100,16167337984,1233723392,69.0,52.066,69.25,
60563580061698,202.952735107,214.5,18033119232,55607824384,105,1807.0,13.4,28470153216,72531103744,100,16167337984,1233723392,68.0,52.061,69.25,
60563636178024,203.008851433,213.9,18033119232,55607824384,105,1900.0,10.6,28470153216,72531103744,100,16167337984,1233723392,69.0,52.059,69.25,
60563690030775,203.062704184,204.4,18033119232,55607824384,105,1866.0,9.4,28469628928,72531628032,100,16167337984,1233723392,69.0,52.064,69.25,
60563743027432,203.115700841,207.7,18033123328,55607824384,105,1904.0,9.0,28469628928,72531628032,100,16167337984,1233723392,69.0,52.054,69.25,
60563796027405,203.168700814,207.6,18033123328,55607824384,105,1874.0,9.4,28468547584,72532709376,100,16167337984,1233723392,68.0,52.06,69.25,
60563848997071,203.22167048,188.4,18033123328,55607824384,105,1914.0,10.6,28468547584,72532709376,100,16167337984,1233723392,68.0,52.046,69.25,
60563903104260,203.275777669,203.5,18033123328,55607824384,105,1872.0,8.7,28468547584,72532709376,100,16167337984,1233723392,68.0,52.063,69.25,
60563957078379,203.329751788,203.7,18033123328,55607824384,105,1822.0,10.5,28468232192,72533024768,100,16167337984,1233723392,68.0,52.046,69.25,
60564011129252,203.383802661,222.2,18033123328,55607824384,105,1875.0,8.3,28468232192,72533024768,100,16167337984,1233723392,68.0,52.066,69.25,
60564064182876,203.436856285,207.1,18033123328,55607824384,105,1815.0,10.6,28467974144,72533282816,100,16167337984,1233723392,68.0,52.048,69.25,
60564117997476,203.490670885,204.3,18033123328,55607824384,105,1892.0,9.2,28468203520,72533053440,100,16167337984,1233723392,68.0,52.067,69.25,
60564175502726,203.548176135,208.8,18033135616,55607824384,105,1822.0,10.4,28468203520,72533053440,100,16167337984,1233723392,68.0,52.049,69.25,
60564232434341,203.60510775,1053.6,18033147904,55607824384,105,1873.0,38.5,28468203520,72533053440,100,16167337984,1233723392,68.0,52.069,69.25,
60564286233362,203.658906771,204.5,18033147904,55607824384,105,1848.0,10.0,28468203520,72533053440,100,16167337984,1233723392,68.0,52.058,69.25,
60564340065305,203.712738714,204.3,18033147904,55607824384,105,1868.0,9.9,28468203520,72533053440,100,16167337984,1233723392,69.0,52.065,69.25,
60564397385498,203.770058907,191.8,18033147904,55607824384,105,1811.0,12.4,28468461568,72532795392,100,16163143680,1233723392,68.0,52.065,69.25,
60564451212331,203.82388574,223.0,18033147904,55607824384,105,1881.0,9.4,28468461568,72532795392,100,16163143680,1233723392,69.0,52.057,69.25,
60564506241118,203.878914527,199.3,18033147904,55607824384,105,1844.0,9.6,28468461568,72532795392,100,16163143680,1233723392,69.0,52.064,69.25,
60564562195369,203.934868778,215.2,18033147904,55607824384,105,1808.0,13.7,28468461568,72532795392,100,16163143680,1233723392,69.0,52.058,69.25,
60564616179628,203.988853037,222.1,18033147904,55607824384,105,1820.0,12.7,28468461568,72532795392,100,16163143680,1233723392,68.0,52.061,69.25,
60564670186298,204.042859707,185.2,18033147904,55607824384,105,1838.0,11.5,28468461568,72532795392,100,16163143680,1233723392,69.0,52.043,69.125,
60564724221873,204.096895282,222.4,18033147904,55607824384,105,1875.0,8.8,28468461568,72532795392,100,16163143680,1233723392,68.0,52.06,69.125,
60564778224365,204.150897774,203.5,18033152000,55607824384,105,1856.0,12.1,28467933184,72533323776,100,16163143680,1233723392,68.0,52.038,69.125,
60564832223351,204.20489676,203.7,18033152000,55607824384,105,1857.0,9.3,28467933184,72533323776,100,16165240832,1233723392,68.0,52.06,69.125,
60564886023544,204.258696953,204.4,18033152000,55607824384,105,1842.0,11.1,28467875840,72533381120,100,16165240832,1233723392,68.0,52.044,69.125,
60564940079617,204.312753026,222.1,18033152000,55607824384,105,1874.0,9.3,28467994624,72533262336,100,16165240832,1233723392,69.0,52.061,69.125,
60565001170820,204.373844229,212.8,18033156096,55607824384,105,1825.0,10.3,28468224000,72533032960,100,16165240832,1233723392,68.0,52.042,69.125,
60565055205042,204.427878451,203.5,18033156096,55607824384,105,1886.0,9.3,28468224000,72533032960,100,16165240832,1233723392,68.0,52.06,69.125,
60565109190543,204.481863952,203.7,18033156096,55607824384,105,1749.0,21.1,28469850112,72531406848,100,16165240832,1233723392,68.0,52.053,69.125,
60565164217216,204.536890625,199.9,18033156096,55607824384,105,1822.0,27.9,28462882816,72538374144,100,16165240832,1233723392,69.0,52.067,69.125,
60565218316570,204.590989979,221.8,18033156096,55607824384,105,1858.0,12.2,28463362048,72537894912,100,16165240832,1233723392,68.0,52.061,69.125,
60565272225777,204.644899186,204.0,18033156096,55607824384,105,1844.0,9.9,28463362048,72537894912,100,16165240832,1233723392,69.0,52.051,69.125,
60565326250181,204.69892359,203.6,18033160192,55607824384,105,1847.0,9.8,28463362048,72537894912,100,16165240832,1233723392,68.0,52.056,69.125,
60565380239839,204.752913248,185.2,18033160192,55607824384,105,1827.0,12.3,28463362048,72537894912,100,16169435136,1233723392,69.0,52.045,69.125,
60565434213167,204.806886576,222.4,18033168384,55607824384,105,1855.0,9.8,28463362048,72537894912,100,16169435136,1233723392,68.0,52.054,69.125,
60565488239684,204.860913093,203.5,18033168384,55607824384,105,1933.0,10.5,28462247936,72539009024,100,16169435136,1233723392,69.0,52.039,69.125,
60565542227349,204.914900758,203.8,18033168384,55607824384,105,1799.0,10.5,28462723072,72538533888,100,16169435136,1233723392,68.0,52.062,69.125,
60565596106019,204.968779428,204.1,18033168384,55607824384,105,1936.0,14.0,28462981120,72538275840,100,16169435136,1233723392,69.0,52.044,69.125,
60565650286986,205.022960395,221.4,18033168384,55607824384,105,1883.0,11.1,28463210496,72538046464,100,16169435136,1233723392,68.0,52.058,69.125,
60565704353188,205.077026597,203.5,18033168384,55607824384,105,1839.0,12.1,28463210496,72538046464,100,16169435136,1233723392,68.0,52.045,69.125,
60565758171535,205.130844944,204.4,18033168384,55607824384,105,1916.0,9.9,28460982272,72540274688,100,16169435136,1233723392,69.0,52.059,69.125,
60565812152337,205.184825746,203.7,18033168384,55607824384,105,1855.0,11.7,28460982272,72540274688,100,16169435136,1233723392,68.0,52.055,69.125,
60565866147014,205.238820423,203.8,18033168384,55607824384,105,1902.0,10.5,28460974080,72540282880,100,16169435136,1233723392,69.0,52.056,69.125,
60565920198709,205.292872118,203.5,18033172480,55607824384,105,1871.0,9.4,28461080576,72540176384,100,16169435136,1233723392,69.0,52.062,69.125,
60565974183859,205.346857268,222.3,18033172480,55607824384,105,1897.0,11.6,28461309952,72539947008,100,16169435136,1233723392,69.0,52.057,69.125,
60566028253497,205.400926906,203.4,18033176576,55607824384,105,1963.0,8.2,28461309952,72539947008,100,16169435136,1233723392,68.0,52.061,69.125,
60566082222196,205.454895605,203.9,18033176576,55607824384,105,1939.0,10.5,28460777472,72540479488,100,16169435136,1233723392,68.0,52.046,69.125,
60566136194923,205.508868332,203.9,18033176576,55607824384,105,1960.0,8.7,28460777472,72540479488,100,16169435136,1233723392,68.0,52.063,69.125,
60566190083792,205.562757201,204.0,18033176576,55607824384,105,1927.0,10.5,28461006848,72540250112,100,16169435136,1233723392,68.0,52.045,69.125,
60566244179329,205.616852738,222.1,18033176576,55607824384,105,1979.0,9.4,28461006848,72540250112,100,16169435136,1233723392,68.0,52.064,69.125,
60566297261806,205.669935215,207.0,18033176576,55607824384,105,1957.0,10.5,28461236224,72540020736,100,16169435136,1233723392,68.0,52.044,69.125,
60566351225235,205.723898644,185.0,18033176576,55607824384,105,1893.0,10.3,28461719552,72539537408,100,16169435136,1233723392,68.0,52.06,69.125,
60566405391014,205.778064423,203.5,18033180672,55607824384,105,1883.0,12.9,28461719552,72539537408,100,16169435136,1233723392,68.0,52.053,69.125,
60566459219931,205.83189334,204.4,18033180672,55607824384,105,1918.0,9.9,28460769280,72540487680,100,16169435136,1233723392,69.0,52.062,69.125,
60566513169844,205.885843253,222.3,18033180672,55607824384,105,1930.0,11.7,28460769280,72540487680,100,16169435136,1233723392,68.0,52.059,69.125,
60566568286155,205.940959564,217.8,18033180672,55607824384,105,1895.0,13.3,28460986368,72540270592,100,16167337984,1233723392,69.0,52.063,69.125,
60566623265118,205.995938527,200.0,18033184768,55607824384,105,1923.0,15.6,28460986368,72540270592,100,16167337984,1233723392,68.0,52.068,69.125,
60566677187099,206.049860508,222.6,18033184768,55607824384,105,1899.0,20.9,28460986368,72540270592,100,16167337984,1233723392,68.0,52.056,69.125,
60566732195307,206.104868716,200.0,18033184768,55607824384,105,1928.0,23.8,28460924928,72540332032,100,16167337984,1233723392,68.0,52.07,69.125,
60566786238576,206.158911985,203.4,18033184768,55607824384,105,1882.0,12.8,28458827776,72542429184,100,16167337984,1233723392,68.0,52.038,69.125,
60566840421727,206.213095136,203.0,18033184768,55607824384,105,1880.0,11.4,28458827776,72542429184,100,16167337984,1233723392,68.0,52.056,69.125,
60566895485349,206.268158758,199.8,18033184768,55607824384,105,1834.0,10.9,28458827776,72542429184,100,16167337984,1233723392,68.0,52.042,69.125,
60566949318013,206.321991422,222.9,18033188864,55607824384,105,1899.0,9.4,28459421696,72541835264,100,16167337984,1233723392,69.0,52.058,69.125,
60567004338954,206.377012363,199.9,18033188864,55607824384,105,1829.0,13.1,28459651072,72541605888,100,16167337984,1233723392,68.0,52.051,69.125,
60567058221321,206.43089473,204.2,18033188864,55607824384,105,1887.0,10.5,28460728320,72540528640,100,16167337984,1233723392,69.0,52.058,69.125,
60567112210378,206.484883787,203.7,18033188864,55607824384,105,1844.0,11.7,28463538176,72537718784,100,16167337984,1233723392,69.0,52.06,69.125,
60567166331423,206.539004832,221.7,18033188864,55607824384,105,1888.0,11.0,28463276032,72537980928,100,16167337984,1233723392,69.0,52.052,69.125,
60567220424856,206.593098265,203.3,18033188864,55607824384,105,1857.0,11.3,28463276032,72537980928,100,16167337984,1233723392,68.0,52.056,69.125,
60567275219483,206.647892892,200.8,18033188864,55607824384,105,1893.0,10.7,28463276032,72537980928,100,16167337984,1233723392,68.0,52.041,69.125,
60567329328275,206.702001684,203.3,18033192960,55607824384,105,1876.0,9.9,28463276032,72537980928,100,16167337984,1233723392,69.0,52.056,69.125,
60567383276024,206.755949433,222.4,18033192960,55607824384,105,1864.0,13.8,28463276032,72537980928,100,16167337984,1233723392,69.0,52.037,69.125,
60567437334952,206.810008361,203.5,18033192960,55607824384,105,1895.0,8.8,28463505408,72537751552,100,16167337984,1233723392,69.0,52.059,69.125,
60567491195889,206.863869298,204.2,18033197056,55607824384,105,1877.0,10.4,28463505408,72537751552,100,16167337984,1233723392,68.0,52.04,69.125,
60567545294431,206.91796784,184.8,18033197056,55607824384,105,1888.0,10.5,28463493120,72537763840,100,16167337984,1233723392,68.0,52.062,69.125,
60567599347609,206.972021018,222.1,18033197056,55607824384,105,1873.0,14.0,28464009216,72537247744,100,16167337984,1233723392,68.0,52.049,69.125,
60567653403952,207.026077361,203.6,18033197056,55607824384,105,1876.0,9.3,28464009216,72537247744,100,16167337984,1233723392,69.0,52.057,69.125,
60567707264929,207.079938338,204.2,18033201152,55607824384,105,1874.0,9.9,28464009216,72537247744,100,16167337984,1233723392,68.0,52.058,69.125,
60567763394419,207.136067828,213.9,18033205248,55607824384,105,1905.0,9.0,28464492544,72536764416,100,16167337984,1233723392,68.0,52.054,69.125,
60567817284129,207.189957538,203.9,18033205248,55607824384,105,1837.0,10.9,28464234496,72537022464,100,16167337984,1233723392,69.0,52.06,69.125,
60567873351864,207.246025273,214.3,18033205248,55607824384,105,1930.0,9.6,28464234496,72537022464,100,16167337984,1233723392,68.0,52.05,69.125,
60567927351370,207.300024779,203.6,18033205248,55607824384,105,1890.0,9.3,28464463872,72536793088,100,16167337984,1233723392,67.0,52.042,69.125,
60567985037639,207.357711048,797.4,18033217536,55607824384,105,1913.0,32.8,28464463872,72536793088,100,16167337984,1233723392,68.0,52.051,69.125,
60568039352387,207.412025796,368.2,18033217536,55607824384,105,1908.0,10.6,28464463872,72536793088,100,16167337984,1233723392,68.0,52.064,69.125,
60568093398802,207.466072211,203.4,18033217536,55607824384,105,1903.0,11.4,28464463872,72536793088,100,16167337984,1233723392,68.0,52.041,69.125,
60568147260750,207.519934159,204.3,18033217536,55607824384,105,1904.0,9.4,28464463872,72536793088,100,16167337984,1233723392,68.0,52.064,69.125,
60568201194694,207.573868103,204.1,18033217536,55607824384,105,1895.0,9.3,28464463872,72536793088,100,16167337984,1233723392,68.0,52.043,69.125,
60568255230228,207.627903637,222.2,18033217536,55607824384,105,1902.0,8.8,28464463872,72536793088,100,16167337984,1233723392,68.0,52.064,69.125,
60568308343333,207.681016742,207.1,18033217536,55607824384,105,1875.0,8.3,28464988160,72536268800,100,16167337984,1233723392,68.0,52.045,69.125,
60568362246699,207.734920108,204.1,18033217536,55607824384,105,1910.0,8.7,28464988160,72536268800,100,16163143680,1233723392,68.0,52.064,69.125,
60568418327758,207.791001167,196.1,18033217536,55607824384,105,1922.0,10.7,28465217536,72536039424,100,16163143680,1233723392,68.0,52.051,69.125,
60568472249459,207.844922868,222.6,18033225728,55607824384,105,1919.0,9.3,28465217536,72536039424,100,16163143680,1233723392,69.0,52.062,69.125,
60568525232229,207.897905638,207.5,18033225728,55607824384,105,1864.0,10.1,28465217536,72536039424,100,16163143680,1233723392,68.0,52.06,69.125,
60568579274776,207.951948185,203.4,18033225728,55607824384,105,1929.0,12.2,28464955392,72536301568,100,16163143680,1233723392,69.0,52.061,69.125,
60568633243234,208.005916643,204.1,18033225728,55607824384,105,1945.0,11.1,28464693248,72536563712,100,16163143680,1233723392,68.0,52.059,69.0,
60568686257363,208.058930772,207.5,18033225728,55607824384,105,1917.0,8.9,28464300032,72536956928,100,16163143680,1233723392,69.0,52.044,69.0,
60568739315625,208.111989034,188.3,18033225728,55607824384,105,1892.0,9.2,28464300032,72536956928,100,16163143680,1233723392,68.0,52.056,69.0,
60568794251287,208.166924696,236.7,18033225728,55607824384,105,1892.0,9.7,28464529408,72536727552,100,16163143680,1233723392,69.0,52.04,69.0,
60568849308847,208.221982256,199.9,18033225728,55607824384,105,1890.0,7.6,28464529408,72536727552,100,16163143680,1233723392,68.0,52.06,69.0,
60568902190638,208.274864047,207.9,18033225728,55607824384,105,1893.0,10.7,28465139712,72536117248,100,16163143680,1233723392,68.0,52.039,69.0,
60568955248358,208.327921767,188.5,18033225728,55607824384,105,1905.0,8.3,28465139712,72536117248,100,16163143680,1233723392,68.0,52.059,69.0,
60569011224451,208.38389786,214.4,18033229824,55607824384,105,1929.0,10.1,28464881664,72536375296,100,16163143680,1233723392,68.0,52.042,69.0,
60569064293914,208.436967323,207.2,18033229824,55607824384,105,1898.0,9.3,28465397760,72535859200,100,16163143680,1233723392,68.0,52.061,69.125,
60569121482670,208.494156079,209.6,18033229824,55607824384,105,1867.0,10.0,28467462144,72533794816,100,16163143680,1233723392,68.0,52.044,69.0,
60569175334329,208.548007738,204.6,18033233920,55607824384,105,1939.0,8.7,28467462144,72533794816,100,16163143680,1233723392,68.0,52.059,69.125,
60569233281557,208.605954966,224.4,18033233920,55607824384,105,1965.0,10.5,28467462144,72533794816,100,16163143680,1233723392,68.0,52.046,69.125,
60569286273324,208.658946733,188.7,18033233920,55607824384,105,1929.0,8.9,28467134464,72534122496,100,16163143680,1233723392,69.0,52.059,69.125,
60569339287163,208.711960572,207.4,18033233920,55607824384,105,1906.0,8.9,28467134464,72534122496,100,16163143680,1233723392,68.0,52.055,69.125,
60569393333487,208.766006896,222.0,18033233920,55607824384,105,1883.0,11.6,28466503680,72534753280,100,16167337984,1233723392,69.0,52.056,69.125,
60569447300042,208.819973451,203.9,18033233920,55607824384,105,1852.0,10.9,28466503680,72534753280,100,16167337984,1233723392,69.0,52.06,69.125,
60569501327380,208.874000789,203.5,18033233920,55607824384,105,1832.0,11.5,28466503680,72534753280,100,16167337984,1233723392,68.0,52.051,69.125,
60569556365273,208.929038682,217.9,18033238016,55607824384,105,1832.0,11.2,28466753536,72534503424,100,16167337984,1233723392,68.0,52.059,69.125,
60569612501626,208.985175035,195.9,18033238016,55607824384,105,1833.0,14.0,28466229248,72535027712,100,16167337984,1233723392,68.0,52.047,69.125,
60569667417601,209.04009101,218.6,18033242112,55607824384,105,1853.0,10.3,28466032640,72535224320,100,16167337984,1233723392,68.0,52.052,69.125,
60569722383239,209.095056648,218.4,18033242112,55607824384,105,1804.0,12.3,28466028544,72535228416,100,16167337984,1233723392,69.0,52.039,69.125,
60569776372195,209.149045604,204.0,18033242112,55607824384,105,1911.0,9.4,28466028544,72535228416,100,16167337984,1233723392,68.0,52.057,69.125,
60569830521633,209.203195042,203.1,18033242112,55607824384,105,1866.0,11.0,28466028544,72535228416,100,16167337984,1233723392,68.0,52.035,69.125,
60569884440548,209.257113957,203.8,18033242112,55607824384,105,1828.0,9.9,28466028544,72535228416,100,16167337984,1233723392,68.0,52.058,69.125,
60569938351488,209.311024897,204.1,18033242112,55607824384,105,1861.0,11.2,28466257920,72534999040,100,16167337984,1233723392,68.0,52.041,69.125,
60569992511596,209.365185005,221.4,18033242112,55607824384,105,1867.0,10.7,28466257920,72534999040,100,16167337984,1233723392,68.0,52.057,69.125,
60570047583072,209.420256481,200.0,18033242112,55607824384,105,1888.0,11.7,28466257920,72534999040,100,16167337984,1233723392,68.0,52.043,69.125,
60570102490911,209.47516432,200.4,18033242112,55607824384,105,1858.0,9.8,28466257920,72534999040,100,16167337984,1233723392,69.0,52.056,69.125,
60570156370413,209.529043822,204.1,18033246208,55607824384,105,1881.0,12.1,28466257920,72534999040,100,16167337984,1233723392,68.0,52.052,69.125,
60570210534979,209.583208388,221.6,18033250304,55607824384,105,1832.0,9.5,28466257920,72534999040,100,16167337984,1233723392,69.0,52.056,69.125,
60570266303181,209.63897659,197.3,18033250304,55607824384,105,1874.0,11.5,28466257920,72534999040,100,16167337984,1233723392,69.0,52.058,69.125,
60570321373676,209.694047085,217.9,18033250304,55607824384,105,1851.0,9.9,28466774016,72534482944,100,16167337984,1233723392,69.0,52.055,69.125,
60570380357748,209.753031157,220.3,18033254400,55607824384,105,1854.0,11.7,28467032064,72534224896,100,16167337984,1233723392,68.0,52.06,69.125,
60570434327308,209.807000717,185.4,18033254400,55607824384,105,1848.0,10.6,28467032064,72534224896,100,16167337984,1233723392,69.0,52.049,69.125,
60570487461973,209.860135382,225.9,18033254400,55607824384,105,1873.0,8.9,28467032064,72534224896,100,16167337984,1233723392,68.0,52.055,69.125,
60570541398721,209.91407213,203.9,18033254400,55607824384,105,1834.0,12.3,28467032064,72534224896,100,16167337984,1233723392,68.0,52.044,69.125,
60570595361940,209.968035349,203.7,18033254400,55607824384,105,1813.0,12.9,28467032064,72534224896,100,16167337984,1233723392,68.0,52.054,69.125,
60570650552830,210.023226239,217.5,18033258496,55607824384,105,1842.0,12.3,28467032064,72534224896,100,16167337984,1233723392,68.0,52.031,69.125,
60570704523762,210.077197171,203.8,18033258496,55607824384,105,1855.0,9.9,28467032064,72534224896,100,16167337984,1233723392,69.0,52.057,69.125,
60570758481801,210.13115521,203.7,18033258496,55607824384,105,1859.0,11.4,28467032064,72534224896,100,16167337984,1233723392,68.0,52.036,69.125,
60570813411201,210.18608461,218.7,18033262592,55607824384,105,1867.0,10.5,28467032064,72534224896,100,16167337984,1233723392,68.0,52.057,69.125,
60570867328783,210.240002192,203.8,18033262592,55607824384,105,1837.0,10.9,28467032064,72534224896,100,16167337984,1233723392,68.0,52.041,69.125,
60570922370494,210.295043903,200.0,18033262592,55607824384,105,1909.0,9.8,28467445760,72533811200,100,16167337984,1233723392,68.0,52.057,69.125,
60570978720146,210.351393555,230.6,18033262592,55607824384,105,1860.0,12.4,28467445760,72533811200,100,16167337984,1233723392,68.0,52.049,69.125,
60571032447823,210.405121232,186.1,18033262592,55607824384,105,1893.0,10.5,28467961856,72533295104,100,16167337984,1233723392,69.0,52.066,69.125,
60571086376757,210.459050166,203.9,18033262592,55607824384,105,1787.0,13.7,28473122816,72528134144,100,16167337984,1233723392,68.0,52.059,69.125,
60571143500862,210.516174271,227.6,18033262592,55607824384,105,1834.0,11.2,28473380864,72527876096,100,16167337984,1233723392,69.0,52.061,69.125,
60571197435997,210.570109406,203.9,18033266688,55607824384,105,1845.0,10.9,28473118720,72528138240,100,16167337984,1233723392,68.0,52.065,69.125,
60571252431040,210.625104449,200.1,18033266688,55607824384,105,1849.0,10.5,28472856576,72528400384,100,16169435136,1233723392,69.0,52.054,69.125,
60571306498113,210.679171522,203.4,18033266688,55607824384,105,1860.0,9.9,28473085952,72528171008,100,16169435136,1233723392,68.0,52.06,69.125,
60571360425955,210.733099364,222.7,18033266688,55607824384,105,1919.0,11.4,28472561664,72528695296,100,16169435136,1233723392,69.0,52.05,69.125,
60571415485399,210.788158808,199.8,18033266688,55607824384,105,1876.0,8.8,28472561664,72528695296,100,16169435136,1233723392,68.0,52.055,69.125,
60571469385178,210.842058587,204.2,18033266688,55607824384,105,1995.0,10.4,28472791040,72528465920,100,16169435136,1233723392,69.0,52.043,69.125,
60571523276531,210.89594994,222.7,18033270784,55607824384,105,1858.0,9.4,28472778752,72528478208,100,16169435136,1233723392,68.0,52.06,69.125,
60571576497768,210.949171177,206.3,18033270784,55607824384,105,1903.0,16.9,28477886464,72523370496,100,16169435136,1233723392,68.0,52.046,69.125,
60571631316851,211.00399026,201.1,18033270784,55607824384,105,2011.0,10.0,28477886464,72523370496,100,16169435136,1233723392,68.0,52.059,69.125,
60571685370158,211.058043567,203.5,18033283072,55607824384,105,1972.0,10.1,28478115840,72523141120,100,16169435136,1233723392,68.0,52.045,69.125,
60571740642731,211.11331614,976.8,18033291264,55607824384,105,1932.0,34.7,28478115840,72523141120,100,16169435136,1233723392,69.0,52.061,69.125,
60571793443159,211.166116568,208.3,18033291264,55607824384,105,1894.0,10.0,28478115840,72523141120,100,16169435136,1233723392,68.0,52.057,69.125,
60571847354129,211.220027538,204.1,18033291264,55607824384,105,1914.0,9.4,28478345216,72522911744,100,16169435136,1233723392,69.0,52.053,69.125,
60571900476882,211.273150291,207.1,18033291264,55607824384,105,1900.0,9.4,28479062016,72522194944,100,16169435136,1233723392,68.0,52.06,69.125,
60571956441482,211.329114891,196.4,18033291264,55607824384,105,1928.0,9.7,28478070784,72523186176,100,16169435136,1233723392,70.0,52.047,69.125,
60572009417900,211.382091309,207.5,18033291264,55607824384,105,1867.0,9.4,28478070784,72523186176,100,16169435136,1233723392,68.0,52.053,69.125,
60572062386032,211.435059441,207.8,18033291264,55607824384,105,1879.0,9.9,28478070784,72523186176,100,16169435136,1233723392,69.0,52.038,69.125,
60572116496326,211.489169735,203.2,18033295360,55607824384,105,1887.0,8.7,28478595072,72522661888,100,16169435136,1233723392,69.0,52.059,69.125,
60572171582380,211.544255789,199.6,18033295360,55607824384,105,1872.0,10.1,28478595072,72522661888,100,16169435136,1233723392,68.0,52.038,69.125,
60572226586610,211.599260019,236.3,18033295360,55607824384,105,1846.0,9.2,28478595072,72522661888,100,16169435136,1233723392,68.0,52.059,69.125,
60572282552072,211.655225481,196.6,18033295360,55607824384,105,1852.0,9.7,28479078400,72522178560,100,16169435136,1233723392,68.0,52.039,69.125,
60572336423939,211.709097348,204.0,18033299456,55607824384,105,1867.0,9.2,28479078400,72522178560,100,16169435136,1233723392,69.0,52.059,69.125,
60572390579317,211.763252726,203.2,18033299456,55607824384,105,1836.0,11.5,28475695104,72525561856,100,16163143680,1233723392,68.0,52.044,69.125,
60572445503858,211.818177267,218.7,18033299456,55607824384,105,1896.0,8.2,28475781120,72525475840,100,16163143680,1233723392,69.0,52.06,69.125,
60572499554570,211.872227979,203.5,18033299456,55607824384,105,1884.0,11.0,28475781120,72525475840,100,16163143680,1233723392,68.0,52.052,69.125,
60572553486900,211.926160309,203.9,18033299456,55607824384,105,1947.0,12.1,28475482112,72525774848,100,16163143680,1233723392,69.0,52.062,69.125,
60572608467536,211.981140945,218.1,18033299456,55607824384,105,1960.0,13.5,28475482112,72525774848,100,16163143680,1233723392,68.0,52.062,69.125,
60572663460835,212.036134244,200.3,18033303552,55607824384,105,1954.0,8.2,28475482112,72525774848,100,16163143680,1233723392,69.0,52.047,69.125,
60572717589193,212.090262602,203.2,18033303552,55607824384,105,1917.0,8.7,28475478016,72525778944,100,16163143680,1233723392,68.0,52.054,69.125,
60572771442054,212.144115463,204.2,18033303552,55607824384,105,1871.0,9.9,28475478016,72525778944,100,16163143680,1233723392,68.0,52.041,69.125,
60572825447842,212.198121251,222.4,18033307648,55607824384,105,1908.0,7.1,28475478016,72525778944,100,16163143680,1233723392,68.0,52.053,69.125,
60572879471253,212.252144662,203.5,18033307648,55607824384,105,1946.0,9.8,28474458112,72526798848,100,16163143680,1233723392,68.0,52.031,69.125,
60572933485636,212.306159045,203.7,18033307648,55607824384,105,1933.0,8.2,28474793984,72526462976,100,16163143680,1233723392,68.0,52.057,69.125,
60572987327066,212.360000475,204.3,18033307648,55607824384,105,1973.0,9.4,28475023360,72526233600,100,16163143680,1233723392,68.0,52.044,69.125,
60573041550312,212.414223721,221.3,18033307648,55607824384,105,1933.0,10.8,28499021824,72502235136,100,16163143680,1233723392,69.0,52.068,69.125,
60573095592438,212.468265847,203.4,18033307648,55607824384,105,1962.0,12.9,28553986048,72447270912,100,16163143680,1233723392,68.0,52.053,69.125,
60573149474794,212.522148203,204.1,18033307648,55607824384,105,1937.0,11.4,28597338112,72403918848,100,16163143680,1233723392,69.0,52.064,69.125,
60573204628374,212.577301783,217.6,18033307648,55607824384,105,1870.0,14.0,28617465856,72383791104,100,16163143680,1233723392,68.0,52.059,69.125,
60573258483319,212.631156728,204.3,18033307648,55607824384,105,1892.0,13.5,28654624768,72346632192,100,16163143680,1233723392,69.0,52.055,69.125,
60573312620513,212.685293922,203.2,18033307648,55607824384,105,1874.0,14.0,28654878720,72346378240,100,16163143680,1233723392,69.0,52.057,69.125,
60573367639310,212.740312719,199.9,18033315840,55607824384,105,1844.0,14.4,28633202688,72368054272,100,16163143680,1233723392,69.0,52.048,69.125,
60573421525825,212.794199234,204.2,18033315840,55607824384,105,1851.0,11.7,28546449408,72454807552,100,16167337984,1233723392,68.0,52.053,69.125,
60573475458145,212.848131554,203.8,18033315840,55607824384,105,1932.0,10.5,28546187264,72455069696,100,16167337984,1233723392,69.0,52.039,69.125,
60573529590370,212.902263779,221.8,18033319936,55607824384,105,1869.0,9.9,28546174976,72455081984,100,16167337984,1233723392,68.0,52.058,69.125,
60573583568596,212.956242005,203.8,18033319936,55607824384,105,1933.0,14.0,28546007040,72455249920,100,16167337984,1233723392,68.0,52.042,69.125,
60573637575185,213.010248594,203.6,18033319936,55607824384,105,1867.0,13.2,28546007040,72455249920,100,16167337984,1233723392,68.0,52.058,69.125,
60573691544645,213.064218054,203.9,18033319936,55607824384,105,1922.0,10.0,28546007040,72455249920,100,16167337984,1233723392,68.0,52.044,69.125,
60573745650740,213.118324149,203.3,18033319936,55607824384,105,1898.0,32.4,28546236416,72455020544,100,16167337984,1233723392,68.0,52.066,69.125,
60573799652160,213.172325569,222.2,18033324032,55607824384,105,2009.0,15.8,28539498496,72461758464,100,16167337984,1233723392,68.0,52.062,69.125,
60573853612352,213.226285761,203.8,18033324032,55607824384,105,2002.0,9.9,28538781696,72462475264,100,16167337984,1233723392,69.0,52.047,69.0,
60573907497444,213.280170853,204.0,18033328128,55607824384,105,1962.0,9.3,28535091200,72466165760,100,16167337984,1233723392,69.0,52.053,69.0,
60573961510265,213.334183674,203.9,18033328128,55607824384,105,1996.0,9.9,28535320576,72465936384,100,16167337984,1233723392,69.0,52.035,69.0,
60574015471128,213.388144537,203.8,18033328128,55607824384,105,1943.0,8.8,28535574528,72465682432,100,16167337984,1233723392,68.0,52.055,69.125,
60574068595213,213.441268622,225.8,18033328128,55607824384,105,1963.0,11.2,28535803904,72465453056,100,16167337984,1233723392,68.0,52.036,69.125,
60574122465567,213.495138976,204.3,18033328128,55607824384,105,1920.0,9.9,28536033280,72465223680,100,16167337984,1233723392,69.0,52.058,69.125,
60574175594550,213.548267959,188.1,18033328128,55607824384,105,1943.0,11.7,28536291328,72464965632,100,16167337984,1233723392,68.0,52.04,69.125,
60574229590550,213.602263959,222.3,18033328128,55607824384,105,1949.0,8.7,28536291328,72464965632,100,16167337984,1233723392,69.0,52.059,69.125,
60574284814602,213.657488011,217.2,18033328128,55607824384,105,1905.0,11.9,28536520704,72464736256,100,16167337984,1233723392,68.0,52.049,69.125,
60574338553258,213.711226667,186.2,18033328128,55607824384,105,1966.0,9.9,28536750080,72464506880,100,16167337984,1233723392,69.0,52.054,69.125,
60574392515074,213.765188483,203.8,18033332224,55607824384,105,1948.0,11.7,28537008128,72464248832,100,16167337984,1233723392,69.0,52.06,69.125,
60574446517235,213.819190644,203.8,18033332224,55607824384,105,1947.0,9.9,28537491456,72463765504,100,16167337984,1233723392,69.0,52.05,69.125,
60574500487516,213.873160925,203.8,18033336320,55607824384,105,1886.0,9.8,28537720832,72463536128,100,16167337984,1233723392,68.0,52.058,69.125,
60574554524592,213.927198001,222.0,18033336320,55607824384,105,1958.0,12.8,28537708544,72463548416,100,16167337984,1233723392,69.0,52.046,69.125,
60574608552682,213.981226091,203.5,18033336320,55607824384,105,1894.0,12.1,28537937920,72463319040,100,16167337984,1233723392,68.0,52.054,69.125,
60574662717007,214.035390416,203.1,18033336320,55607824384,105,1964.0,11.1,28537937920,72463319040,100,16167337984,1233723392,68.0,52.035,69.125,
60574716574616,214.089248025,204.3,18033336320,55607824384,105,1885.0,8.7,28537937920,72463319040,100,16167337984,1233723392,68.0,52.055,69.125,
60574770589992,214.143263401,222.2,18033336320,55607824384,105,1956.0,10.5,28537389056,72463867904,100,16167337984,1233723392,68.0,52.036,69.125,
60574824608934,214.197282343,203.6,18033336320,55607824384,105,1941.0,8.7,28536680448,72464576512,100,16167337984,1233723392,69.0,52.056,69.125,
60574878558527,214.251231936,204.0,18033336320,55607824384,105,1910.0,9.4,28536164352,72465092608,100,16167337984,1233723392,68.0,52.044,69.125,
60574932546501,214.30521991,203.9,18033336320,55607824384,105,1955.0,8.8,28529000448,72472256512,100,16167337984,1233723392,69.0,52.058,69.125,
60574985607878,214.358281287,225.7,18033344512,55607824384,105,1873.0,11.7,28528926720,72472330240,100,16167337984,1233723392,68.0,52.058,69.125,
60575039618875,214.412292284,203.9,18033344512,55607824384,105,1934.0,11.0,28528926720,72472330240,100,16167337984,1233723392,69.0,52.059,69.25,
60575093531508,214.466204917,204.0,18033344512,55607824384,105,1886.0,12.7,28532797440,72468459520,100,16167337984,1233723392,68.0,52.063,69.25,
60575147749754,214.520423163,202.3,18033344512,55607824384,105,1914.0,11.0,28532797440,72468459520,100,16167337984,1233723392,69.0,52.049,69.125,
60575201615038,214.574288447,204.9,18033344512,55607824384,105,1885.0,9.4,28532535296,72468721664,100,16167337984,1233723392,69.0,52.056,69.25,
60575255586321,214.62825973,203.7,18033344512,55607824384,105,1903.0,12.2,28532535296,72468721664,100,16167337984,1233723392,69.0,52.04,69.25,
60575309587801,214.68226121,222.4,18033344512,55607824384,105,1877.0,9.8,28531793920,72469463040,100,16167337984,1233723392,68.0,52.06,69.25,
60575363524439,214.736197848,203.8,18033344512,55607824384,105,1873.0,10.6,28531384320,72469872640,100,16167337984,1233723392,68.0,52.04,69.25,
60575417588867,214.790262276,203.5,18033344512,55607824384,105,1880.0,10.2,28531384320,72469872640,100,16167337984,1233723392,68.0,52.06,69.25,
60575472628032,214.845301441,218.2,18033348608,55607824384,105,1892.0,12.0,28531384320,72469872640,100,16167337984,1233723392,68.0,52.043,69.25,
60575530839765,214.903513174,979.3,18033373184,55607824384,105,1902.0,34.9,28531384320,72469872640,100,16167337984,1233723392,69.0,52.064,69.25,
60575584566980,214.957240389,186.1,18033377280,55607824384,105,1839.0,12.9,28531630080,72469626880,100,16167337984,1233723392,68.0,52.056,69.25,
60575639619851,215.01229326,218.0,18033377280,55607824384,105,1876.0,9.8,28531630080,72469626880,100,16167337984,1233723392,69.0,52.056,69.25,
60575695525932,215.068199341,214.7,18033377280,55607824384,105,1836.0,10.1,28531630080,72469626880,100,16167337984,1233723392,68.0,52.055,69.125,
60575749526860,215.122200269,203.8,18033377280,55607824384,105,1910.0,8.2,28530728960,72470528000,100,16167337984,1233723392,69.0,52.052,69.125,
60575802560044,215.175233453,207.3,18033377280,55607824384,105,1959.0,9.9,28530728960,72470528000,100,16167337984,1233723392,69.0,52.058,69.25,
60575857711109,215.230384518,199.5,18033377280,55607824384,105,1860.0,10.2,28529664000,72471592960,100,16167337984,1233723392,69.0,52.05,69.25,
60575911759006,215.284432415,203.4,18033377280,55607824384,105,1843.0,9.8,28518039552,72483217408,100,16167337984,1233723392,68.0,52.055,69.25,
60575965646191,215.3383196,222.7,18033381376,55607824384,105,1835.0,11.1,28518039552,72483217408,100,16167337984,1233723392,68.0,52.039,69.25,
60576019671325,215.392344734,203.7,18033381376,55607824384,105,1845.0,8.7,28518039552,72483217408,100,16167337984,1233723392,69.0,52.053,69.25,
60576073657986,215.446331395,203.7,18033381376,55607824384,105,1880.0,11.0,28516753408,72484503552,100,16167337984,1233723392,69.0,52.035,69.25,
60576127612227,215.500285636,204.0,18033381376,55607824384,105,1825.0,9.8,28516753408,72484503552,100,16167337984,1233723392,68.0,52.057,69.25,
60576181582027,215.554255436,222.3,18033381376,55607824384,105,1867.0,9.9,28516753408,72484503552,100,16167337984,1233723392,68.0,52.038,69.25,
60576235599387,215.608272796,203.6,18033381376,55607824384,105,1856.0,8.8,28517212160,72484044800,100,16167337984,1233723392,69.0,52.058,69.25,
60576289524142,215.662197551,204.3,18033385472,55607824384,105,1845.0,9.4,28517695488,72483561472,100,16167337984,1233723392,68.0,52.042,69.25,
60576342596039,215.715269448,188.5,18033385472,55607824384,105,1916.0,8.2,28517695488,72483561472,100,16167337984,1233723392,69.0,52.057,69.25,
60576395453153,215.768126562,208.0,18033385472,55607824384,105,1847.0,11.2,28512657408,72488599552,100,16167337984,1233723392,68.0,52.049,69.25,
60576448598948,215.821272357,207.0,18033385472,55607824384,105,1867.0,8.9,28512657408,72488599552,100,16163143680,1233723392,70.0,52.053,69.25,
60576504631345,215.877304754,214.2,18033385472,55607824384,105,1810.0,9.0,28512378880,72488878080,100,16163143680,1233723392,69.0,52.055,69.25,
60576558652752,215.931326161,203.4,18033385472,55607824384,105,1850.0,12.6,28512309248,72488947712,100,16163143680,1233723392,69.0,52.056,69.25,
60576614645404,215.987318813,214.3,18033389568,55607824384,105,1795.0,12.9,28512309248,72488947712,100,16163143680,1233723392,68.0,52.058,69.25,
60576668696617,216.041370026,203.5,18033389568,55607824384,105,1906.0,11.1,28512022528,72489234432,100,16163143680,1233723392,69.0,52.047,69.25,
60576722739354,216.095412763,222.1,18033389568,55607824384,105,1871.0,8.7,28512280576,72488976384,100,16163143680,1233723392,68.0,52.051,69.25,
60576776643551,216.14931696,204.1,18033389568,55607824384,105,1867.0,10.5,28512538624,72488718336,100,16163143680,1233723392,68.0,52.036,69.25,
60576830705954,216.203379363,203.5,18033393664,55607824384,105,1878.0,9.2,28512538624,72488718336,100,16163143680,1233723392,68.0,52.054,69.25,
60576884675023,216.257348432,203.6,18033393664,55607824384,105,1830.0,11.0,28511858688,72489398272,100,16163143680,1233723392,69.0,52.035,69.25,
60576938669740,216.311343149,222.4,18033393664,55607824384,105,1874.0,8.8,28507308032,72493948928,100,16163143680,1233723392,69.0,52.057,69.25,
60576992660820,216.365334229,203.7,18033393664,55607824384,105,1849.0,9.9,28507791360,72493465600,100,16163143680,1233723392,68.0,52.036,69.25,
60577046841325,216.419514734,203.0,18033397760,55607824384,105,1855.0,9.8,28507791360,72493465600,100,16163143680,1233723392,69.0,52.059,69.25,
60577100658318,216.473331727,204.4,18033397760,55607824384,105,1854.0,12.2,28508049408,72493207552,100,16163143680,1233723392,68.0,52.043,69.25,
60577154634530,216.527307939,203.8,18033397760,55607824384,105,1887.0,9.2,28508508160,72492748800,100,16163143680,1233723392,69.0,52.061,69.25,
60577208691624,216.581365033,203.4,18033397760,55607824384,105,1837.0,10.5,28508508160,72492748800,100,16163143680,1233723392,68.0,52.049,69.25,
60577262648570,216.635321979,222.6,18033397760,55607824384,105,1883.0,9.4,28508737536,72492519424,100,16163143680,1233723392,69.0,52.056,69.25,
60577315770570,216.688443979,206.9,18033397760,55607824384,105,1828.0,11.2,28508737536,72492519424,100,16163143680,1233723392,69.0,52.058,69.25,
60577370786411,216.74345982,200.0,18033397760,55607824384,105,1851.0,10.9,28508966912,72492290048,100,16167337984,1233723392,69.0,52.055,69.25,
60577425808524,216.798481933,217.9,18033401856,55607824384,105,1821.0,10.9,28508966912,72492290048,100,16167337984,1233723392,68.0,52.059,69.25,
60577479667967,216.852341376,204.4,18033401856,55607824384,105,1847.0,12.3,28508966912,72492290048,100,16167337984,1233723392,68.0,52.049,69.25,
60577533743646,216.906417055,203.4,18033401856,55607824384,105,1811.0,11.0,28508954624,72492302336,100,16167337984,1233723392,68.0,52.055,69.25,
60577587749854,216.960423263,222.2,18033405952,55607824384,105,1787.0,14.0,28508954624,72492302336,100,16167337984,1233723392,68.0,52.041,69.125,
60577641734702,217.014408111,185.2,18033405952,55607824384,105,1790.0,12.8,28508954624,72492302336,100,16167337984,1233723392,68.0,52.056,69.125,
60577695597161,217.06827057,204.3,18033405952,55607824384,105,1829.0,12.1,28509179904,72492077056,100,16167337984,1233723392,68.0,52.036,69.125,
60577749659474,217.122332883,203.6,18033405952,55607824384,105,1810.0,9.9,28509409280,72491847680,100,16167337984,1233723392,68.0,52.057,69.125,
60577802708858,217.175382267,207.4,18033405952,55607824384,105,1809.0,10.1,28509409280,72491847680,100,16167337984,1233723392,68.0,52.039,69.125,
60577855719420,217.228392829,207.5,18033405952,55607824384,105,1884.0,8.8,28509409280,72491847680,100,16167337984,1233723392,68.0,52.055,69.125,
60577910738507,217.283411916,217.9,18033405952,55607824384,105,1802.0,11.6,28509638656,72491618304,100,16167337984,1233723392,68.0,52.047,69.125,
60577964064830,217.336738239,206.2,18033410048,55607824384,105,1859.0,8.8,28510609408,72490647552,100,16167337984,1233723392,69.0,52.055,69.125,
60578017673443,217.390346852,186.6,18033410048,55607824384,105,1801.0,12.1,28510838784,72490418176,100,16167337984,1233723392,69.0,52.059,69.125,
60578070768753,217.443442162,207.2,18033410048,55607824384,105,1871.0,10.1,28511096832,72490160128,100,16167337984,1233723392,69.0,52.057,69.125,
60578123777882,217.496451291,207.4,18033414144,55607824384,105,1812.0,10.7,28511096832,72490160128,100,16167337984,1233723392,69.0,52.062,69.125,
60578176782041,217.54945545,226.5,18033414144,55607824384,105,1836.0,11.1,28511096832,72490160128,100,16167337984,1233723392,69.0,52.047,69.125,
60578229694218,217.602367627,207.5,18033414144,55607824384,105,1829.0,9.5,28509790208,72491466752,100,16167337984,1233723392,68.0,52.057,69.125,
60578283719472,217.656392881,185.4,18033414144,55607824384,105,1830.0,11.7,28509790208,72491466752,100,16167337984,1233723392,68.0,52.039,69.125,
60578336774066,217.709447475,207.3,18033414144,55607824384,105,1834.0,9.5,28509790208,72491466752,100,16167337984,1233723392,68.0,52.059,69.125,
60578389761083,217.762434492,207.7,18033414144,55607824384,105,1840.0,12.0,28509790208,72491466752,100,16167337984,1233723392,68.0,52.04,69.125,
60578442712173,217.815385582,226.5,18033414144,55607824384,105,1903.0,10.4,28509790208,72491466752,100,16167337984,1233723392,68.0,52.059,69.125,
60578496791258,217.869464667,203.7,18033414144,55607824384,105,1871.0,10.6,28509790208,72491466752,100,16167337984,1233723392,68.0,52.048,69.125,
60578549784577,217.922457986,188.6,18033418240,55607824384,105,1860.0,10.6,28510007296,72491249664,100,16167337984,1233723392,69.0,52.064,69.125,
60578603676280,217.976349689,204.1,18033418240,55607824384,105,1901.0,13.5,28510007296,72491249664,100,16167337984,1233723392,68.0,52.058,69.125,
60578657729416,218.030402825,203.6,18033422336,55607824384,105,1906.0,11.6,28510007296,72491249664,100,16167337984,1233723392,69.0,52.054,69.125,
60578712843171,218.08551658,217.3,18033422336,55607824384,105,1884.0,10.3,28509712384,72491544576,100,16167337984,1233723392,68.0,52.058,69.125,
60578766841003,218.139514412,222.4,18033426432,55607824384,105,1881.0,12.3,28508164096,72493092864,100,16167337984,1233723392,69.0,52.048,69.125,
60578820735131,218.19340854,185.5,18033426432,55607824384,105,1855.0,10.5,28508164096,72493092864,100,16167337984,1233723392,68.0,52.055,69.125,
60578874773379,218.247446788,222.1,18033426432,55607824384,105,1890.0,11.7,28508020736,72493236224,100,16167337984,1233723392,68.0,52.04,69.125,
60578928813100,218.301486509,203.6,18033426432,55607824384,105,1868.0,9.4,28508114944,72493142016,100,16167337984,1233723392,68.0,52.056,69.125,
60578983818371,218.35649178,200.0,18033426432,55607824384,105,1890.0,12.0,28508114944,72493142016,100,16167337984,1233723392,68.0,52.034,69.125,
60579037878881,218.41055229,203.4,18033426432,55607824384,105,1935.0,31.6,28509921280,72491335680,100,16167337984,1233723392,68.0,52.072,69.125,
60579091733024,218.464406433,222.9,18033426432,55607824384,105,1887.0,17.8,28507856896,72493400064,100,16167337984,1233723392,68.0,52.049,69.125,
60579146766578,218.519439987,199.9,18033430528,55607824384,105,1927.0,10.7,28507545600,72493711360,100,16167337984,1233723392,69.0,52.053,69.0,
60579204855000,218.577528409,223.9,18033430528,55607824384,105,1940.0,12.4,28507545600,72493711360,100,16167337984,1233723392,68.0,52.044,69.0,
60579262287062,218.634960471,923.0,18033430528,55607824384,105,1911.0,35.2,28507537408,72493719552,100,16167337984,1233723392,69.0,52.054,69.0,
60579315729763,218.688403172,205.8,18033430528,55607824384,105,1952.0,10.6,28507537408,72493719552,100,16167337984,1233723392,69.0,52.057,69.0,
60579369697710,218.742371119,222.6,18033430528,55607824384,105,1994.0,11.1,28507766784,72493490176,100,16167337984,1233723392,69.0,52.043,69.0,
60579422642397,218.795315806,188.9,18033434624,55607824384,105,1970.0,8.9,28507996160,72493260800,100,16167337984,1233723392,68.0,52.048,69.0,
60579475604808,218.848278217,207.6,18033434624,55607824384,105,1959.0,10.7,28507996160,72493260800,100,16167337984,1233723392,68.0,52.03,69.0,
60579528681574,218.901354983,207.2,18033434624,55607824384,105,1891.0,8.9,28508225536,72493031424,100,16167337984,1233723392,68.0,52.056,69.0,
60579581722552,218.954395961,207.2,18033434624,55607824384,105,1867.0,13.5,28508225536,72493031424,100,16167337984,1233723392,68.0,52.039,69.0,
60579635782851,219.00845626,185.0,18033434624,55607824384,105,1884.0,11.6,28508696576,72492560384,100,16167337984,1233723392,68.0,52.054,69.0,
60579689675116,219.062348525,222.9,18033434624,55607824384,105,1852.0,9.4,28508696576,72492560384,100,16167337984,1233723392,68.0,52.039,69.0,
60579742701036,219.115374445,207.4,18033434624,55607824384,105,1854.0,8.9,28508696576,72492560384,100,16167337984,1233723392,69.0,52.054,69.125,
60579795732406,219.168405815,188.6,18033434624,55607824384,105,1848.0,11.2,28508696576,72492560384,100,16167337984,1233723392,68.0,52.052,69.125,
60579848719894,219.221393303,207.6,18033434624,55607824384,105,1888.0,9.0,28508897280,72492359680,100,16167337984,1233723392,69.0,52.051,69.125,
60579901740544,219.274413953,207.5,18033434624,55607824384,105,1845.0,9.4,28508520448,72492736512,100,16167337984,1233723392,69.0,52.055,69.125,
60579957794952,219.330468361,214.1,18033438720,55607824384,105,1857.0,9.6,28508762112,72492494848,100,16167337984,1233723392,69.0,52.045,69.125,
60580010780586,219.383453995,207.5,18033438720,55607824384,105,1820.0,8.9,28508762112,72492494848,100,16167337984,1233723392,69.0,52.056,69.125,
60580065036252,219.437709661,202.6,18033438720,55607824384,105,1841.0,10.9,28508762112,72492494848,100,16167337984,1233723392,69.0,52.047,69.125,
60580118754871,219.49142828,204.9,18033438720,55607824384,105,1867.0,9.3,28508270592,72492986368,100,16167337984,1233723392,69.0,52.058,69.125,
60580172774093,219.545447502,203.6,18033438720,55607824384,105,1846.0,12.1,28508499968,72492756992,100,16167337984,1233723392,68.0,52.036,69.125,
60580226829834,219.599503243,222.0,18033438720,55607824384,105,1859.0,8.2,28508729344,72492527616,100,16167337984,1233723392,68.0,52.06,69.125,
60580280733790,219.653407199,204.1,18033438720,55607824384,105,1847.0,11.1,28508729344,72492527616,100,16167337984,1233723392,68.0,52.042,69.125,
60580334811903,219.707485312,203.4,18033438720,55607824384,105,1883.0,9.2,28508467200,72492789760,100,16167337984,1233723392,68.0,52.061,69.125,
60580388653603,219.761327012,204.3,18033438720,55607824384,105,1841.0,11.1,28504989696,72496267264,100,16163143680,1233723392,68.0,52.046,69.125,
60580442853313,219.815526722,202.9,18033438720,55607824384,105,1874.0,8.7,28504530944,72496726016,100,16163143680,1233723392,69.0,52.06,69.125,
60580500825277,219.873498686,224.2,18033442816,55607824384,105,1871.0,12.0,28504760320,72496496640,100,16163143680,1233723392,68.0,52.047,69.125,
60580554841574,219.927514983,203.7,18033442816,55607824384,105,1870.0,10.5,28504981504,72496275456,100,16163143680,1233723392,69.0,52.063,69.125,
60580608769194,219.981442603,203.9,18033442816,55607824384,105,1835.0,13.5,28505235456,72496021504,100,16163143680,1233723392,68.0,52.059,69.125,
60580662834984,220.035508393,203.6,18033442816,55607824384,105,1872.0,11.0,28505464832,72495792128,100,16163143680,1233723392,69.0,52.053,69.125,
60580716803882,220.089477291,222.4,18033442816,55607824384,105,1848.0,9.9,28505464832,72495792128,100,16163143680,1233723392,69.0,52.057,69.125,
60580771694618,220.144368027,200.5,18033442816,55607824384,105,1891.0,10.2,28505464832,72495792128,100,16163143680,1233723392,69.0,52.047,69.125,
60580825842521,220.19851593,203.0,18033442816,55607824384,105,1849.0,9.8,28505202688,72496054272,100,16163143680,1233723392,68.0,52.055,69.125,
60580879807893,220.252481302,204.0,18033442816,55607824384,105,1861.0,10.6,28501118976,72500137984,100,16163143680,1233723392,69.0,52.039,69.125,
60580932903764,220.305577173,225.9,18033442816,55607824384,105,1855.0,8.8,28501118976,72500137984,100,16163143680,1233723392,69.0,52.056,69.125,
60580986856171,220.35952958,203.6,18033442816,55607824384,105,1841.0,10.5,28501118976,72500137984,100,16163143680,1233723392,68.0,52.038,69.125,
60581040923243,220.413596652,185.1,18033442816,55607824384,105,1854.0,10.0,28501598208,72499658752,100,16163143680,1233723392,69.0,52.057,69.125,
60581094674553,220.467347962,204.9,18033446912,55607824384,105,1865.0,10.7,28506243072,72495013888,100,16163143680,1233723392,68.0,52.038,69.125,
60581148051561,220.52072497,205.3,18033446912,55607824384,105,1896.0,8.6,28506472448,72494784512,100,16163143680,1233723392,68.0,52.056,69.125,
60581202920156,220.575593565,219.2,18033446912,55607824384,105,1872.0,10.9,28505915392,72495341568,100,16163143680,1233723392,68.0,52.044,69.125,
60581256921515,220.629594924,203.8,18033446912,55607824384,105,1873.0,9.4,28505915392,72495341568,100,16163143680,1233723392,68.0,52.057,69.125,
60581313930693,220.686604102,228.0,18033446912,55607824384,105,1842.0,10.4,28506169344,72495087616,100,16163143680,1233723392,68.0,52.049,69.125,
60581367822025,220.740495434,185.6,18033446912,55607824384,105,1862.0,11.0,28506398720,72494858240,100,16167337984,1233723392,69.0,52.055,69.125,
60581421859943,220.794533352,203.5,18033446912,55607824384,105,1842.0,11.7,28506628096,72494628864,100,16167337984,1233723392,68.0,52.058,69.125,
60581475882852,220.848556261,222.2,18033446912,55607824384,105,1839.0,12.2,28506628096,72494628864,100,16167337984,1233723392,70.0,52.047,69.125,
60581530058647,220.902732056,203.0,18033446912,55607824384,105,1852.0,9.9,28506628096,72494628864,100,16167337984,1233723392,69.0,52.055,69.125,
60581586852382,220.959525791,211.4,18033455104,55607824384,105,1822.0,14.4,28506615808,72494641152,100,16167337984,1233723392,69.0,52.043,69.125,
60581640962815,221.013636224,203.3,18033455104,55607824384,105,1855.0,11.5,28506615808,72494641152,100,16167337984,1233723392,68.0,52.053,69.125,
60581699075752,221.071749161,206.4,18033455104,55607824384,105,1913.0,14.1,28506587136,72494669824,100,16167337984,1233723392,68.0,52.033,69.125,
60581752871476,221.125544885,204.6,18033455104,55607824384,105,1861.0,8.9,28506587136,72494669824,100,16167337984,1233723392,68.0,52.052,69.125,
60581806917538,221.179590947,222.0,18033455104,55607824384,105,1852.0,11.7,28506587136,72494669824,100,16167337984,1233723392,68.0,52.034,69.125,
60581860870776,221.233544185,203.9,18033455104,55607824384,105,1852.0,9.3,28506587136,72494669824,100,16167337984,1233723392,68.0,52.054,69.125,
60581914721883,221.287395292,204.3,18033455104,55607824384,105,1856.0,11.7,28502310912,72498946048,100,16167337984,1233723392,68.0,52.04,69.125,
60581968882370,221.341555779,203.1,18033459200,55607824384,105,1882.0,9.9,28502540288,72498716672,100,16167337984,1233723392,69.0,52.055,69.125,
60582024077367,221.396750776,217.4,18033459200,55607824384,105,1862.0,11.8,28502798336,72498458624,100,16167337984,1233723392,68.0,52.049,69.125,
60582077918505,221.450591914,204.3,18033459200,55607824384,105,1921.0,8.2,28502798336,72498458624,100,16167337984,1233723392,69.0,52.061,69.125,
60582131876463,221.504549872,203.8,18033463296,55607824384,105,1866.0,11.6,28502536192,72498720768,100,16167337984,1233723392,69.0,52.065,69.125,
60582185931131,221.55860454,203.5,18033463296,55607824384,105,1826.0,12.8,28500013056,72501243904,100,16167337984,1233723392,69.0,52.057,69.125,
60582239892295,221.612565704,222.4,18033463296,55607824384,105,1846.0,10.5,28500013056,72501243904,100,16167337984,1233723392,69.0,52.058,69.125,
60582293868125,221.666541534,203.7,18033463296,55607824384,105,1851.0,11.7,28500242432,72501014528,100,16167337984,1233723392,68.0,52.044,69.125,
60582347974591,221.720648,203.4,18033463296,55607824384,105,1846.0,10.4,28500242432,72501014528,100,16167337984,1233723392,69.0,52.059,69.125,
60582401943018,221.774616427,185.2,18033463296,55607824384,105,1860.0,12.3,28500242432,72501014528,100,16167337984,1233723392,68.0,52.036,69.125,
60582455884925,221.828558334,222.6,18033467392,55607824384,105,1847.0,9.9,28500242432,72501014528,100,16167337984,1233723392,68.0,52.06,69.125,
60582509813668,221.882487077,203.8,18033467392,55607824384,105,1804.0,12.7,28500242432,72501014528,100,16167337984,1233723392,68.0,52.043,69.125,
60582563905977,221.936579386,203.4,18033467392,55607824384,105,1871.0,11.0,28500230144,72501026816,100,16167337984,1233723392,69.0,52.063,69.125,
60582617862942,221.990536351,204.0,18033467392,55607824384,105,1758.0,13.5,28500230144,72501026816,100,16167337984,1233723392,68.0,52.048,69.125,
60582671814447,222.044487856,222.5,18033471488,55607824384,105,1886.0,9.9,28500230144,72501026816,100,16167337984,1233723392,69.0,52.056,69.125,
60582725016748,222.097690157,206.6,18033471488,55607824384,105,1812.0,11.2,28500230144,72501026816,100,16167337984,1233723392,68.0,52.056,69.125,
60582779010943,222.151684352,185.4,18033471488,55607824384,105,1838.0,10.5,28500230144,72501026816,100,16167337984,1233723392,69.0,52.053,69.125,
60582832868582,222.205541991,204.1,18033471488,55607824384,105,1794.0,11.1,28500230144,72501026816,100,16167337984,1233723392,68.0,52.057,69.125,
60582886941906,222.259615315,221.9,18033471488,55607824384,105,1835.0,12.6,28500230144,72501026816,100,16167337984,1233723392,69.0,52.047,69.125,
60582940988549,222.313661958,222.1,18033471488,55607824384,105,1813.0,11.6,28497612800,72503644160,100,16167337984,1233723392,68.0,52.046,69.125,
60582996045978,222.368719387,472.6,18033483776,55607824384,105,1891.0,25.1,28497612800,72503644160,100,16167337984,1233723392,68.0,52.037,69.125,
60583049935467,222.422608876,723.2,18033483776,55607824384,105,1874.0,23.7,28497612800,72503644160,100,16167337984,1233723392,68.0,52.064,69.125,
60583105908292,222.478581701,214.4,18033483776,55607824384,105,1795.0,12.8,28498386944,72502870016,100,16167337984,1233723392,68.0,52.046,69.125,
60583159948733,222.532622142,203.3,18033487872,55607824384,105,1860.0,8.9,28498874368,72502382592,100,16167337984,1233723392,68.0,52.063,69.125,
60583214030873,222.586704282,203.6,18033487872,55607824384,105,1806.0,12.3,28498874368,72502382592,100,16167337984,1233723392,68.0,52.046,69.125,
60583270137730,222.642811139,196.0,18033487872,55607824384,105,1873.0,10.5,28498874368,72502382592,100,16167337984,1233723392,69.0,52.062,69.125,
60583324076972,222.696750381,204.0,18033487872,55607824384,105,1827.0,11.8,28498874368,72502382592,100,16167337984,1233723392,68.0,52.052,69.125,
60583377919793,222.750593202,222.9,18033487872,55607824384,105,1861.0,10.5,28498874368,72502382592,100,16167337984,1233723392,69.0,52.059,69.125,
60583432051266,222.804724675,203.3,18033487872,55607824384,105,1829.0,11.0,28498874368,72502382592,100,16167337984,1233723392,68.0,52.058,69.125,
60583485922731,222.85859614,204.2,18033487872,55607824384,105,1841.0,9.4,28498874368,72502382592,100,16167337984,1233723392,69.0,52.056,69.125,
60583539819774,222.912493183,222.5,18033487872,55607824384,105,1807.0,11.0,28498862080,72502394880,100,16167337984,1233723392,68.0,52.063,69.125,
60583593943361,222.96661677,203.4,18033487872,55607824384,105,1810.0,12.9,28498862080,72502394880,100,16167337984,1233723392,69.0,52.052,69.125,
60583647914543,223.020587952,203.7,18033491968,55607824384,105,1830.0,10.5,28498862080,72502394880,100,16167337984,1233723392,68.0,52.055,69.125,
60583701952480,223.074625889,203.6,18033491968,55607824384,105,1809.0,9.9,28498862080,72502394880,100,16167337984,1233723392,68.0,52.039,69.125,
60583756110843,223.128784252,203.3,18033491968,55607824384,105,1836.0,9.8,28498862080,72502394880,100,16167337984,1233723392,68.0,52.056,69.125,
60583810017284,223.182690693,222.4,18033491968,55607824384,105,1851.0,9.4,28498604032,72502652928,100,16167337984,1233723392,68.0,52.034,69.125,
60583863984227,223.236657636,203.9,18033496064,55607824384,105,1811.0,8.8,28498145280,72503111680,100,16167337984,1233723392,68.0,52.058,69.125,
60583917829463,223.290502872,185.8,18033496064,55607824384,105,1859.0,11.6,28495732736,72505524224,100,16167337984,1233723392,68.0,52.039,69.125,
60583971964092,223.344637501,203.1,18033496064,55607824384,105,1884.0,9.9,28495732736,72505524224,100,16167337984,1233723392,68.0,52.059,69.125,
60584026997044,223.399670453,236.2,18033496064,55607824384,105,1824.0,10.9,28495470592,72505786368,100,16167337984,1233723392,68.0,52.042,69.125,
60584080911129,223.453584538,204.2,18033496064,55607824384,105,1882.0,8.2,28495470592,72505786368,100,16167337984,1233723392,69.0,52.057,69.125,
60584139060044,223.511733453,189.1,18033496064,55607824384,105,1793.0,12.8,28495470592,72505786368,100,16167337984,1233723392,68.0,52.046,69.125,
60584192942019,223.565615428,222.9,18033500160,55607824384,105,1860.0,8.8,28495470592,72505786368,100,16167337984,1233723392,69.0,52.056,69.125,
60584248097551,223.62077096,199.3,18033500160,55607824384,105,1785.0,12.4,28495470592,72505786368,100,16167337984,1233723392,68.0,52.051,69.0,
60584302070196,223.674743605,203.8,18033504256,55607824384,105,1871.0,9.5,28495470592,72505786368,100,16167337984,1233723392,69.0,52.052,69.0,
60584355956679,223.728630088,203.4,18033504256,55607824384,105,1844.0,11.4,28495470592,72505786368,100,16167337984,1233723392,68.0,52.058,69.0,
60584409991711,223.78266512,222.8,18033504256,55607824384,105,1827.0,10.6,28495044608,72506212352,100,16163143680,1233723392,69.0,52.048,69.0,
60584463945620,223.836619029,203.9,18033504256,55607824384,105,1842.0,9.8,28495044608,72506212352,100,16163143680,1233723392,68.0,52.053,69.0,
60584517999787,223.890673196,203.6,18033504256,55607824384,105,1804.0,10.5,28495044608,72506212352,100,16163143680,1233723392,69.0,52.042,69.0,
60584572026654,223.944700063,203.6,18033504256,55607824384,105,1846.0,12.1,28495032320,72506224640,100,16163143680,1233723392,68.0,52.055,69.125,
60584629172568,224.001845977,227.6,18033504256,55607824384,105,1824.0,13.9,28495032320,72506224640,100,16163143680,1233723392,69.0,52.037,69.125,
60584683016551,224.05568996,204.3,18033504256,55607824384,105,1801.0,9.8,28495032320,72506224640,100,16163143680,1233723392,68.0,52.053,69.125,
60584738941807,224.111615216,196.6,18033508352,55607824384,105,1822.0,11.2,28495290368,72505966592,100,16163143680,1233723392,68.0,52.03,69.0,
60584793078309,224.165751718,221.8,18033508352,55607824384,105,1872.0,9.4,28495290368,72505966592,100,16163143680,1233723392,69.0,52.054,69.0,
60584847076852,224.219750261,203.7,18033508352,55607824384,105,1898.0,11.0,28495290368,72505966592,100,16163143680,1233723392,68.0,52.034,69.0,
60584901030190,224.273703599,203.8,18033512448,55607824384,105,1868.0,8.8,28495192064,72506064896,100,16163143680,1233723392,68.0,52.055,69.125,
60584955996428,224.328669837,199.7,18033512448,55607824384,105,1865.0,10.9,28493844480,72507412480,100,16163143680,1233723392,68.0,52.038,69.0,
60585010027081,224.38270049,222.7,18033512448,55607824384,105,1897.0,9.8,28493844480,72507412480,100,16163143680,1233723392,69.0,52.055,69.125,
60585064074405,224.436747814,203.5,18033512448,55607824384,105,1847.0,11.6,28494360576,72506896384,100,16163143680,1233723392,68.0,52.052,69.0,
60585118038815,224.490712224,203.8,18033512448,55607824384,105,1902.0,24.0,28496318464,72504938496,100,16163143680,1233723392,68.0,52.072,69.0,
60585172046074,224.544719483,203.5,18033512448,55607824384,105,1866.0,23.4,28489089024,72512167936,100,16163143680,1233723392,68.0,52.071,69.0,
60585226986192,224.599659601,218.6,18033512448,55607824384,105,1809.0,10.5,28488769536,72512487424,100,16163143680,1233723392,68.0,52.045,69.0,
60585281190662,224.653864071,202.9,18033512448,55607824384,105,1788.0,9.8,28488769536,72512487424,100,16163143680,1233723392,68.0,52.053,69.0,
60585335054071,224.70772748,204.2,18033516544,55607824384,105,1807.0,9.4,28488769536,72512487424,100,16163143680,1233723392,68.0,52.04,69.0,
60585389034050,224.761707459,203.9,18033516544,55607824384,105,1856.0,10.5,28487983104,72513273856,100,16167337984,1233723392,68.0,52.057,69.0,
60585444985695,224.817659104,214.4,18033520640,55607824384,105,1854.0,12.2,28487983104,72513273856,100,16167337984,1233723392,68.0,52.036,69.0,
60585499062014,224.871735423,203.4,18033524736,55607824384,105,1812.0,11.0,28487983104,72513273856,100,16167337984,1233723392,68.0,52.059,69.0,
60585553024519,224.925697928,222.4,18033524736,55607824384,105,1760.0,12.4,28487983104,72513273856,100,16167337984,1233723392,68.0,52.042,69.0,
60585607230261,224.97990367,202.6,18033524736,55607824384,105,1816.0,13.1,28487974912,72513282048,100,16167337984,1233723392,68.0,52.061,69.0,
60585661064386,225.033737795,204.7,18033524736,55607824384,105,1790.0,14.6,28488232960,72513024000,100,16167337984,1233723392,68.0,52.048,69.0,
60585715083497,225.087756906,203.6,18033524736,55607824384,105,1844.0,10.5,28488232960,72513024000,100,16167337984,1233723392,69.0,52.054,69.0,
60585769010396,225.141683805,204.0,18033524736,55607824384,105,1827.0,11.0,28488228864,72513028096,100,16167337984,1233723392,68.0,52.058,69.0,
60585823158770,225.195832179,203.1,18033528832,55607824384,105,1781.0,11.6,28488228864,72513028096,100,16167337984,1233723392,69.0,52.052,69.0,
60585877033661,225.24970707,204.2,18033532928,55607824384,105,1816.0,10.5,28488228864,72513028096,100,16167337984,1233723392,69.0,52.056,69.0,
60585931381158,225.304054567,220.8,18033532928,55607824384,105,1856.0,12.6,28487454720,72513802240,100,16167337984,1233723392,68.0,52.045,69.0,
60585985070081,225.35774349,204.9,18033532928,55607824384,105,1826.0,9.9,28487028736,72514228224,100,16167337984,1233723392,68.0,52.052,69.0,
60586039133816,225.411807225,203.5,18033532928,55607824384,105,1835.0,12.2,28487028736,72514228224,100,16167337984,1233723392,68.0,52.036,69.0,
60586093074150,225.465747559,203.9,18033532928,55607824384,105,1813.0,10.5,28487028736,72514228224,100,16167337984,1233723392,68.0,52.055,69.0,
60586146980109,225.519653518,204.0,18033537024,55607824384,105,1778.0,12.3,28486762496,72514494464,100,16167337984,1233723392,68.0,52.035,69.0,
60586201013387,225.573686796,203.7,18033537024,55607824384,105,1830.0,11.0,28486762496,72514494464,100,16167337984,1233723392,68.0,52.056,69.0,
60586255075099,225.627748508,203.4,18033537024,55607824384,105,1782.0,10.6,28486762496,72514494464,100,16167337984,1233723392,68.0,52.037,69.0,
60586309222331,225.68189574,221.3,18033537024,55607824384,105,1831.0,10.3,28486762496,72514494464,100,16167337984,1233723392,68.0,52.053,69.0,
60586363099045,225.735772454,204.5,18033541120,55607824384,105,1806.0,12.9,28486762496,72514494464,100,16167337984,1233723392,68.0,52.043,69.0,
60586417075918,225.789749327,203.9,18033541120,55607824384,105,1827.0,11.0,28486762496,72514494464,100,16167337984,1233723392,69.0,52.056,69.0,
60586472355322,225.845028731,198.9,18033541120,55607824384,105,1810.0,12.9,28486991872,72514265088,100,16167337984,1233723392,68.0,52.049,69.0,
60586526040297,225.898713706,223.6,18033541120,55607824384,105,1814.0,10.0,28486991872,72514265088,100,16167337984,1233723392,69.0,52.052,69.0,
60586580097951,225.95277136,203.3,18033541120,55607824384,105,1820.0,17.4,28485595136,72515661824,100,16167337984,1233723392,68.0,52.061,69.0,
60586634079973,226.006753382,203.9,18033545216,55607824384,105,1840.0,12.9,28484153344,72517103616,100,16167337984,1233723392,68.0,52.043,69.0,
60586688132467,226.060805876,203.6,18033545216,55607824384,105,1834.0,10.8,28484636672,72516620288,100,16167337984,1233723392,68.0,52.039,69.0,
60586744037174,226.116710583,554.8,18033557504,55607824384,105,1811.0,32.1,28484636672,72516620288,100,16167337984,1233723392,68.0,52.035,69.0,
60586801101485,226.173774894,595.5,18033557504,55607824384,105,1862.0,14.1,28484636672,72516620288,100,16167337984,1233723392,69.0,52.055,69.0,
60586856151189,226.228824598,218.0,18033557504,55607824384,105,1800.0,12.7,28484636672,72516620288,100,16167337984,1233723392,68.0,52.033,69.0,
60586910053170,226.282726579,204.1,18033561600,55607824384,105,1808.0,10.5,28483297280,72517959680,100,16167337984,1233723392,68.0,52.053,69.0,
60586964074205,226.336747614,203.6,18033561600,55607824384,105,1789.0,11.2,28483297280,72517959680,100,16167337984,1233723392,68.0,52.037,69.0,
60587018268806,226.390942215,220.9,18033561600,55607824384,105,1881.0,10.3,28483297280,72517959680,100,16167337984,1233723392,68.0,52.054,69.0,
60587073076015,226.445749424,201.1,18033561600,55607824384,105,1765.0,12.9,28484583424,72516673536,100,16167337984,1233723392,68.0,52.049,69.0,
60587127069519,226.499742928,203.7,18033561600,55607824384,105,1870.0,10.4,28485070848,72516186112,100,16167337984,1233723392,69.0,52.06,69.0,
60587180962183,226.553635592,204.1,18033561600,55607824384,105,1801.0,12.8,28484775936,72516481024,100,16167337984,1233723392,68.0,52.057,69.0,
60587235200726,226.607874135,221.1,18033561600,55607824384,105,1836.0,18.2,28484775936,72516481024,100,16167337984,1233723392,68.0,52.061,69.0,
60587291337598,226.664011007,196.0,18033561600,55607824384,105,1872.0,29.1,28484775936,72516481024,100,16167337984,1233723392,68.0,52.07,69.0,
60587345134914,226.717808323,203.9,18033565696,55607824384,105,1820.0,15.0,28484775936,72516481024,100,16167337984,1233723392,68.0,52.038,69.0,
60587400162446,226.772835855,218.7,18033565696,55607824384,105,1836.0,11.6,28484775936,72516481024,100,16167337984,1233723392,68.0,52.05,69.0,
60587453995659,226.826669068,204.3,18033565696,55607824384,105,1804.0,9.9,28485259264,72515997696,100,16167337984,1233723392,68.0,52.027,69.0,
60587508079251,226.88075266,203.5,18033569792,55607824384,105,1819.0,9.4,28485259264,72515997696,100,16167337984,1233723392,68.0,52.053,69.0,
60587561997373,226.934670782,204.0,18033569792,55607824384,105,1812.0,13.2,28485476352,72515780608,100,16167337984,1233723392,68.0,52.039,69.0,
60587616200870,226.988874279,220.8,18033569792,55607824384,105,1828.0,12.7,28486479872,72514777088,100,16167337984,1233723392,68.0,52.055,69.0,
60587671186574,227.043859983,200.5,18033569792,55607824384,105,1789.0,11.0,28486709248,72514547712,100,16167337984,1233723392,68.0,52.041,69.0,
60587725115907,227.097789316,204.1,18033569792,55607824384,105,1834.0,9.3,28486184960,72515072000,100,16167337984,1233723392,69.0,52.054,69.0,
60587780249117,227.152922526,199.5,18033569792,55607824384,105,1809.0,10.8,28486668288,72514588672,100,16167337984,1233723392,68.0,52.048,69.0,
60587834147913,227.206821322,204.1,18033569792,55607824384,105,1816.0,10.4,28486897664,72514359296,100,16167337984,1233723392,69.0,52.05,69.0,
60587888158278,227.260831687,222.2,18033569792,55607824384,105,1809.0,11.0,28487127040,72514129920,100,16167337984,1233723392,68.0,52.057,69.0,
60587942205763,227.314879172,203.4,18033573888,55607824384,105,1808.0,10.0,28485914624,72515342336,100,16167337984,1233723392,69.0,52.047,69.0,
60587996092105,227.368765514,204.2,18033577984,55607824384,105,1794.0,11.5,28485914624,72515342336,100,16167337984,1233723392,69.0,52.055,69.0,
60588051086054,227.423759463,218.1,18033577984,55607824384,105,1834.0,10.3,28486144000,72515112960,100,16167337984,1233723392,69.0,52.041,69.0,
60588105240520,227.477913929,202.8,18033577984,55607824384,105,1798.0,9.8,28486627328,72514629632,100,16167337984,1233723392,68.0,52.049,69.0,
60588159226749,227.531900158,204.0,18033577984,55607824384,105,1831.0,11.0,28486856704,72514400256,100,16167337984,1233723392,68.0,52.034,69.0,
60588214219687,227.586893096,217.7,18033577984,55607824384,105,1777.0,10.7,28486135808,72515121152,100,16167337984,1233723392,68.0,52.054,69.0,
60588268255299,227.640928708,204.1,18033577984,55607824384,105,1817.0,10.5,28486365184,72514891776,100,16167337984,1233723392,68.0,52.034,69.0,
60588322159505,227.694832914,204.0,18033577984,55607824384,105,1845.0,9.9,28486594560,72514662400,100,16167337984,1233723392,68.0,52.053,69.0,
60588376240623,227.748914032,203.4,18033577984,55607824384,105,1792.0,12.2,28485398528,72515858432,100,16167337984,1233723392,68.0,52.039,69.0,
60588430047997,227.802721406,204.6,18033582080,55607824384,105,1876.0,9.4,28485881856,72515375104,100,16163143680,1233723392,69.0,52.054,69.0,
60588487153415,227.859826824,210.0,18033586176,55607824384,105,1804.0,11.5,28485881856,72515375104,100,16163143680,1233723392,68.0,52.04,69.0,
60588541181904,227.913855313,203.5,18033590272,55607824384,105,1814.0,10.2,28486098944,72515158016,100,16163143680,1233723392,69.0,52.058,69.0,
60588597340727,227.970014136,213.7,18033590272,55607824384,105,1747.0,14.4,28486328320,72514928640,100,16163143680,1233723392,68.0,52.051,69.0,
60588651234964,228.023908373,222.7,18033590272,55607824384,105,1831.0,11.0,28486557696,72514699264,100,16163143680,1233723392,69.0,52.05,69.0,
60588705198661,228.07787207,203.8,18033590272,55607824384,105,1836.0,10.3,28486557696,72514699264,100,16163143680,1233723392,68.0,52.054,69.0,
60588759252578,228.131925987,203.6,18033590272,55607824384,105,1797.0,9.9,28481773568,72519483392,100,16163143680,1233723392,69.0,52.042,69.0,
60588813255489,228.185928898,203.6,18033590272,55607824384,105,1844.0,9.3,28482031616,72519225344,100,16163143680,1233723392,69.0,52.051,69.0,
60588867206362,228.239879771,203.9,18033590272,55607824384,105,1779.0,10.5,28481744896,72519512064,100,16163143680,1233723392,68.0,52.035,69.0,
60588921140624,228.293814033,204.0,18033590272,55607824384,105,1844.0,9.3,28481499136,72519757824,100,16163143680,1233723392,68.0,52.05,69.125,
60588976346481,228.34901989,199.2,18033590272,55607824384,105,1835.0,10.3,28481728512,72519528448,100,16163143680,1233723392,68.0,52.028,69.125,
60589030260826,228.402934235,222.6,18033590272,55607824384,105,1850.0,9.4,28481728512,72519528448,100,16163143680,1233723392,68.0,52.053,69.125,
60589084062369,228.456735778,204.4,18033598464,55607824384,105,1835.0,12.1,28485312512,72515944448,100,16163143680,1233723392,69.0,52.035,69.125,
60589138183532,228.510856941,203.3,18033598464,55607824384,105,1887.0,9.3,28485566464,72515690496,100,16163143680,1233723392,68.0,52.056,69.125,
60589192222781,228.56489619,203.5,18033598464,55607824384,105,1799.0,11.0,28485795840,72515461120,100,16163143680,1233723392,68.0,52.041,69.125,
60589246243124,228.618916533,203.6,18033598464,55607824384,105,1923.0,8.7,28485795840,72515461120,100,16165240832,1233723392,69.0,52.057,69.125,
60589301530664,228.674204073,217.0,18033598464,55607824384,105,1845.0,10.9,28486025216,72515231744,100,16165240832,1233723392,68.0,52.046,69.125,
60589355200731,228.72787414,205.3,18033598464,55607824384,105,1916.0,9.4,28486025216,72515231744,100,16165240832,1233723392,69.0,52.054,69.125,
60589408298184,228.780971593,206.9,18033598464,55607824384,105,1849.0,12.9,28486025216,72515231744,100,16169435136,1233723392,68.0,52.058,69.125,
60589462202741,228.83487615,204.2,18033598464,55607824384,105,1892.0,11.7,28486025216,72515231744,100,16169435136,1233723392,69.0,52.048,69.125,
60589516200953,228.888874362,203.6,18033598464,55607824384,105,1829.0,9.9,28486025216,72515231744,100,16169435136,1233723392,68.0,52.052,69.125,
60589570206017,228.942879426,203.6,18033598464,55607824384,105,1778.0,14.9,28486508544,72514748416,100,16169435136,1233723392,68.0,52.041,69.125,
60589624240748,228.996914157,222.3,18033602560,55607824384,105,1823.0,14.2,28486500352,72514756608,100,16169435136,1233723392,68.0,52.057,69.125,
60589677194201,229.04986761,207.8,18033606656,55607824384,105,1793.0,12.5,28486500352,72514756608,100,16169435136,1233723392,68.0,52.038,69.125,
60589730167782,229.102841191,188.5,18033610752,55607824384,105,1825.0,10.1,28486987776,72514269184,100,16169435136,1233723392,68.0,52.05,69.125,
60589783194082,229.155867491,207.6,18033610752,55607824384,105,1822.0,12.0,28486987776,72514269184,100,16169435136,1233723392,68.0,52.036,69.125,
60589836482543,229.209155952,225.1,18033610752,55607824384,105,1845.0,10.5,28486987776,72514269184,100,16169435136,1233723392,69.0,52.053,69.125,
60589891245138,229.263918547,201.0,18033610752,55607824384,105,1864.0,12.7,28485906432,72515350528,100,16169435136,1233723392,68.0,52.047,69.125,
60589944123661,229.31679707,189.4,18033610752,55607824384,105,1909.0,10.7,28481564672,72519692288,100,16169435136,1233723392,69.0,52.05,69.125,
60589997392987,229.370066396,206.0,18033610752,55607824384,105,1850.0,11.6,28481564672,72519692288,100,16169435136,1233723392,68.0,52.053,69.125,
60590051279108,229.423952517,204.3,18033610752,55607824384,105,1822.0,11.8,28481028096,72520228864,100,16169435136,1233723392,69.0,52.043,69.125,
60590105227216,229.477900625,222.4,18033610752,55607824384,105,1883.0,9.9,28480741376,72520515584,100,16169435136,1233723392,68.0,52.057,69.125,
60590159211222,229.531884631,203.8,18033614848,55607824384,105,1834.0,12.7,28480999424,72520257536,100,16169435136,1233723392,68.0,52.041,69.125,
60590213334398,229.586007807,203.3,18033614848,55607824384,105,1841.0,9.9,28480999424,72520257536,100,16169435136,1233723392,68.0,52.059,69.125,
60590267340275,229.640013684,222.2,18033614848,55607824384,105,1842.0,13.2,28480999424,72520257536,100,16169435136,1233723392,68.0,52.038,69.125,
60590321273314,229.693946723,204.0,18033618944,55607824384,105,1877.0,8.9,28481253376,72520003584,100,16169435136,1233723392,69.0,52.059,69.125,
60590375074026,229.747747435,204.5,18033618944,55607824384,105,1848.0,12.7,28481253376,72520003584,100,16169435136,1233723392,68.0,52.041,69.125,
60590429274287,229.801947696,202.6,18033618944,55607824384,105,1843.0,8.6,28481482752,72519774208,100,16169435136,1233723392,69.0,52.059,69.125,
60590488262314,229.860935723,220.8,18033623040,55607824384,105,1853.0,11.3,28481482752,72519774208,100,16169435136,1233723392,68.0,52.042,69.125,
60590545554282,229.918227691,943.1,18033635328,55607824384,105,1879.0,35.1,28481482752,72519774208,100,16169435136,1233723392,69.0,52.064,69.125,
60590599321200,229.971994609,204.4,18033635328,55607824384,105,1881.0,14.6,28481470464,72519786496,100,16169435136,1233723392,68.0,52.058,69.125,
60590653207172,230.025880581,222.8,18033635328,55607824384,105,1900.0,12.1,28481470464,72519786496,100,16169435136,1233723392,69.0,52.052,69.125,
60590707171931,230.07984534,203.8,18033635328,55607824384,105,1895.0,10.5,28481470464,72519786496,100,16169435136,1233723392,68.0,52.055,69.125,
60590761485484,230.134158893,202.6,18033635328,55607824384,105,1922.0,9.8,28481208320,72520048640,100,16169435136,1233723392,69.0,52.046,69.125,
60590815394258,230.188067667,204.2,18033635328,55607824384,105,1922.0,9.4,28481208320,72520048640,100,16169435136,1233723392,68.0,52.052,69.125,
60590868265858,230.240939267,207.4,18033635328,55607824384,105,1862.0,11.2,28480618496,72520638464,100,16169435136,1233723392,69.0,52.035,69.125,
60590922302241,230.29497565,203.9,18033639424,55607824384,105,1820.0,9.9,28480352256,72520904704,100,16169435136,1233723392,68.0,52.054,69.125,
60590977480215,230.350153624,217.5,18033639424,55607824384,105,1837.0,14.0,28480581632,72520675328,100,16169435136,1233723392,69.0,52.032,69.125,
60591031320140,230.403993549,204.3,18033639424,55607824384,105,1821.0,11.0,28477620224,72523636736,100,16169435136,1233723392,68.0,52.054,69.125,
60591085493992,230.458167401,203.1,18033639424,55607824384,105,1846.0,11.8,28479168512,72522088448,100,16169435136,1233723392,68.0,52.035,69.125,
60591139244048,230.511917457,204.4,18033643520,55607824384,105,1848.0,10.4,28479426560,72521830400,100,16169435136,1233723392,68.0,52.055,69.125,
60591194348384,230.567021793,218.1,18033643520,55607824384,105,1849.0,12.1,28479655936,72521601024,100,16169435136,1233723392,68.0,52.04,69.125,
60591248322982,230.620996391,203.7,18033643520,55607824384,105,1885.0,9.9,28479655936,72521601024,100,16169435136,1233723392,68.0,52.055,69.125,
60591302141557,230.674814966,204.5,18033643520,55607824384,105,1883.0,10.5,28478738432,72522518528,100,16169435136,1233723392,69.0,52.046,69.125,
60591356255456,230.728928865,203.2,18033643520,55607824384,105,1888.0,10.5,28479221760,72522035200,100,16169435136,1233723392,69.0,52.052,69.125,
60591410266802,230.782940211,222.1,18033643520,55607824384,105,1837.0,11.6,28479221760,72522035200,100,16169435136,1233723392,68.0,52.055,69.125,
60591464287126,230.836960535,203.7,18033643520,55607824384,105,1842.0,10.5,28479451136,72521805824,100,16169435136,1233723392,69.0,52.045,69.125,
60591518299644,230.890973053,203.6,18033647616,55607824384,105,1823.0,9.2,28479451136,72521805824,100,16169435136,1233723392,68.0,52.052,69.125,
60591572267349,230.944940758,203.8,18033647616,55607824384,105,1908.0,12.9,28479668224,72521588736,100,16169435136,1233723392,69.0,52.044,69.125,
60591626286781,230.99896019,222.1,18033647616,55607824384,105,1824.0,12.6,28477374464,72523882496,100,16169435136,1233723392,68.0,52.048,69.125,
60591680279352,231.052952761,203.7,18033647616,55607824384,105,1858.0,11.1,28477603840,72523653120,100,16169435136,1233723392,68.0,52.028,69.125,
60591734301949,231.106975358,203.7,18033651712,55607824384,105,1803.0,9.9,28477603840,72523653120,100,16169435136,1233723392,69.0,52.052,69.125,
60591789333138,231.162006547,218.1,18033651712,55607824384,105,1831.0,10.9,28474056704,72527200256,100,16169435136,1233723392,68.0,52.028,69.125,
60591843277479,231.215950888,203.9,18033651712,55607824384,105,1838.0,9.8,28473999360,72527257600,100,16169435136,1233723392,68.0,52.053,69.125,
60591897259290,231.269932699,203.8,18033651712,55607824384,105,1854.0,11.5,28472635392,72528621568,100,16169435136,1233723392,68.0,52.035,69.125,
60591951385402,231.324058811,202.8,18033651712,55607824384,105,1860.0,8.7,28472864768,72528392192,100,16169435136,1233723392,68.0,52.052,69.125,
60592006494496,231.379167905,218.2,18033651712,55607824384,105,1831.0,10.9,28472578048,72528678912,100,16169435136,1233723392,68.0,52.039,69.125,
60592060318071,231.43299148,204.6,18033651712,55607824384,105,1864.0,9.5,28472578048,72528678912,100,16169435136,1233723392,69.0,52.052,69.125,
60592113170825,231.485844234,189.3,18033651712,55607824384,105,1822.0,11.2,28472807424,72528449536,100,16169435136,1233723392,68.0,52.055,69.125,
60592165384040,231.538057449,210.3,18033651712,55607824384,105,1884.0,9.5,28473061376,72528195584,100,16169435136,1233723392,69.0,52.055,69.125,
60592219320666,231.591994075,203.9,18033659904,55607824384,105,1860.0,10.4,28473061376,72528195584,100,16169435136,1233723392,69.0,52.059,69.125,
60592273366317,231.646039726,203.6,18033659904,55607824384,105,1857.0,11.6,28473290752,72527966208,100,16169435136,1233723392,69.0,52.047,69.125,
60592327336276,231.700009685,203.8,18033659904,55607824384,105,1786.0,9.9,28473520128,72527736832,100,16169435136,1233723392,68.0,52.057,69.125,
60592381323597,231.753997006,203.6,18033659904,55607824384,105,1866.0,11.7,28473774080,72527482880,100,16169435136,1233723392,68.0,52.042,69.125,
60592435252279,231.807925688,204.3,18033659904,55607824384,105,1872.0,9.3,28471824384,72529432576,100,16169435136,1233723392,69.0,52.055,69.125,
60592489217779,231.861891188,222.3,18033659904,55607824384,105,1854.0,11.6,28471824384,72529432576,100,16169435136,1233723392,68.0,52.033,69.125,
60592543293036,231.915966445,203.3,18033659904,55607824384,105,1850.0,9.8,28472299520,72528957440,100,16169435136,1233723392,68.0,52.057,69.125,
60592597343155,231.970016564,203.5,18033659904,55607824384,105,1746.0,14.0,28472299520,72528957440,100,16169435136,1233723392,68.0,52.042,69.125,
60592651315999,232.023989408,203.7,18033664000,55607824384,105,1858.0,11.0,28471521280,72529735680,100,16169435136,1233723392,68.0,52.052,69.125,
60592705321825,232.077995234,222.4,18033664000,55607824384,105,1839.0,11.6,28471521280,72529735680,100,16169435136,1233723392,68.0,52.042,69.125,
60592759515804,232.132189213,202.9,18033668096,55607824384,105,1898.0,9.8,28471521280,72529735680,100,16169435136,1233723392,69.0,52.054,69.125,
60592813361339,232.186034748,204.3,18033668096,55607824384,105,1866.0,10.6,28471521280,72529735680,100,16169435136,1233723392,68.0,52.048,69.125,
60592867357667,232.240031076,203.7,18033668096,55607824384,105,1869.0,9.3,28471779328,72529477632,100,16169435136,1233723392,69.0,52.051,69.125,
60592921313309,232.293986718,203.9,18033668096,55607824384,105,1857.0,9.9,28470362112,72530894848,100,16169435136,1233723392,68.0,52.055,69.125,
60592975338582,232.348011991,203.6,18033668096,55607824384,105,1859.0,10.5,28470075392,72531181568,100,16169435136,1233723392,69.0,52.048,69.125,
60593029353805,232.402027214,203.6,18033668096,55607824384,105,1817.0,11.0,28469555200,72531701760,100,16169435136,1233723392,68.0,52.052,69.125,
60593083334564,232.456007973,203.8,18033668096,55607824384,105,1843.0,11.6,28469555200,72531701760,100,16169435136,1233723392,69.0,52.036,69.125,
60593137390084,232.510063493,222.0,18033668096,55607824384,105,1825.0,10.4,28469555200,72531701760,100,16169435136,1233723392,68.0,52.051,69.125,
60593191365783,232.564039192,203.8,18033668096,55607824384,105,1830.0,10.6,28469784576,72531472384,100,16169435136,1233723392,68.0,52.031,69.125,
60593245397598,232.618071007,203.6,18033672192,55607824384,105,1813.0,9.2,28470267904,72530989056,100,16169435136,1233723392,68.0,52.053,69.125,
60593299402101,232.67207551,203.7,18033676288,55607824384,105,1846.0,11.0,28470497280,72530759680,100,16169435136,1233723392,68.0,52.03,69.125,
60593353287452,232.725960861,204.2,18033676288,55607824384,105,1860.0,8.2,28470726656,72530530304,100,16169435136,1233723392,69.0,52.052,69.25,
60593407347339,232.780020748,221.9,18033676288,55607824384,105,1822.0,13.3,28472791040,72528465920,100,16167337984,1233723392,68.0,52.036,69.25,
60593461365158,232.834038567,203.7,18033676288,55607824384,105,1845.0,9.8,28473049088,72528207872,100,16167337984,1233723392,69.0,52.054,69.25,
60593516455106,232.889128515,199.7,18033676288,55607824384,105,1831.0,12.1,28473049088,72528207872,100,16167337984,1233723392,68.0,52.043,69.25,
60593570427489,232.943100898,222.4,18033676288,55607824384,105,1847.0,11.8,28473282560,72527974400,100,16167337984,1233723392,69.0,52.056,69.25,
60593624353465,232.997026874,204.0,18033676288,55607824384,105,1653.0,14.5,28473282560,72527974400,100,16167337984,1233723392,68.0,52.053,69.25,
60593678385531,233.05105894,203.6,18033680384,55607824384,105,1832.0,11.0,28473536512,72527720448,100,16167337984,1233723392,69.0,52.049,69.25,
60593736530848,233.109204257,206.3,18033680384,55607824384,105,1803.0,10.8,28473765888,72527491072,100,16167337984,1233723392,69.0,52.053,69.25,
60593790368959,233.163042368,204.4,18033684480,55607824384,105,1780.0,11.1,28473995264,72527261696,100,16167337984,1233723392,69.0,52.045,69.25,
60593844400654,233.217074063,203.5,18033684480,55607824384,105,1829.0,10.4,28473995264,72527261696,100,16167337984,1233723392,69.0,52.048,69.25,
60593899470144,233.272143553,199.7,18033688576,55607824384,105,1827.0,12.4,28473995264,72527261696,100,16167337984,1233723392,69.0,52.037,69.25,
60593954352213,233.327025622,237.0,18033688576,55607824384,105,1829.0,9.9,28473475072,72527781888,100,16167337984,1233723392,68.0,52.048,69.25,
60594009515278,233.382188687,199.5,18033692672,55607824384,105,1794.0,12.1,28473704448,72527552512,100,16167337984,1233723392,69.0,52.032,69.25,
60594063345225,233.436018634,204.4,18033692672,55607824384,105,1844.0,10.5,28474191872,72527065088,100,16167337984,1233723392,68.0,52.05,69.25,
60594118355133,233.491028542,218.0,18033692672,55607824384,105,1812.0,12.4,28473159680,72528097280,100,16167337984,1233723392,68.0,52.033,69.25,
60594173616553,233.546289962,199.1,18033692672,55607824384,105,1862.0,10.4,28473159680,72528097280,100,16167337984,1233723392,69.0,52.058,69.25,
60594228384007,233.601057416,200.9,18033696768,55607824384,105,1782.0,11.0,28473159680,72528097280,100,16167337984,1233723392,68.0,52.041,69.25,
60594285656878,233.658330287,960.8,18033709056,55607824384,105,1909.0,34.3,28473389056,72527867904,100,16167337984,1233723392,69.0,52.06,69.25,
60594339545535,233.712218944,204.0,18033709056,55607824384,105,1818.0,11.7,28473389056,72527867904,100,16167337984,1233723392,68.0,52.049,69.25,
60594393400057,233.766073466,204.2,18033713152,55607824384,105,1915.0,14.0,28473389056,72527867904,100,16167337984,1233723392,69.0,52.056,69.25,
60594447458672,233.820132081,203.5,18033713152,55607824384,105,1860.0,29.4,28473389056,72527867904,100,16167337984,1233723392,68.0,52.067,69.125,
60594501395248,233.874068657,203.9,18033713152,55607824384,105,1868.0,19.2,28467941376,72533315584,100,16167337984,1233723392,69.0,52.042,69.125,
60594555366449,233.928039858,203.9,18033713152,55607824384,105,1828.0,11.6,28467642368,72533614592,100,16167337984,1233723392,68.0,52.051,69.125,
60594609563924,233.982237333,202.9,18033713152,55607824384,105,1815.0,14.0,28468412416,72532844544,100,16167337984,1233723392,68.0,52.033,69.125,
60594663435939,234.036109348,222.7,18033713152,55607824384,105,1825.0,11.6,28468641792,72532615168,100,16167337984,1233723392,68.0,52.053,69.125,
60594717407520,234.090080929,203.9,18033713152,55607824384,105,1815.0,12.6,28468871168,72532385792,100,16167337984,1233723392,68.0,52.032,69.125,
60594771433504,234.144106913,203.4,18033713152,55607824384,105,1856.0,9.8,28468871168,72532385792,100,16167337984,1233723392,69.0,52.053,69.125,
60594828264707,234.200938116,229.2,18033713152,55607824384,105,1807.0,12.5,28469100544,72532156416,100,16167337984,1233723392,68.0,52.039,69.125,
60594881413085,234.254086494,207.0,18033713152,55607824384,105,1897.0,8.3,28469137408,72532119552,100,16167337984,1233723392,69.0,52.054,69.125,
60594935346806,234.308020215,185.4,18033717248,55607824384,105,1787.0,13.3,28469362688,72531894272,100,16167337984,1233723392,68.0,52.05,69.125,
60594988255264,234.360928673,207.9,18033717248,55607824384,105,1874.0,9.6,28469362688,72531894272,100,16167337984,1233723392,69.0,52.049,69.125,
60595041294388,234.413967797,206.9,18033717248,55607824384,105,1787.0,11.2,28469362688,72531894272,100,16167337984,1233723392,68.0,52.054,69.125,
60595094285882,234.466959291,208.1,18033721344,55607824384,105,1821.0,12.9,28469878784,72531378176,100,16167337984,1233723392,69.0,52.041,69.125,
60595148728376,234.521401785,219.9,18033721344,55607824384,105,1830.0,11.5,28470108160,72531148800,100,16167337984,1233723392,68.0,52.05,69.125,
60595202590062,234.575263471,185.8,18033721344,55607824384,105,1800.0,12.2,28470337536,72530919424,100,16167337984,1233723392,69.0,52.038,69.125,
60595256453050,234.629126459,204.1,18033721344,55607824384,105,1819.0,10.5,28470853632,72530403328,100,16167337984,1233723392,69.0,52.053,69.125,
60595310388414,234.683061823,222.5,18033721344,55607824384,105,1780.0,12.7,28471083008,72530173952,100,16167337984,1233723392,68.0,52.034,69.125,
60595364538400,234.737211809,203.1,18033721344,55607824384,105,1816.0,10.4,28470824960,72530432000,100,16167337984,1233723392,68.0,52.056,69.125,
60595419445135,234.792118544,200.5,18033721344,55607824384,105,1815.0,11.5,28471566336,72529690624,100,16167337984,1233723392,68.0,52.038,69.125,
60595473448696,234.846122105,222.2,18033725440,55607824384,105,1873.0,8.6,28471795712,72529461248,100,16167337984,1233723392,68.0,52.053,69.125,
60595530521112,234.903194521,210.3,18033725440,55607824384,105,1800.0,10.1,28472025088,72529231872,100,16167337984,1233723392,68.0,52.038,69.125,
60595585703724,234.958377133,199.3,18033725440,55607824384,105,1859.0,12.4,28472012800,72529244160,100,16167337984,1233723392,69.0,52.058,69.125,
60595639560079,235.012233488,222.8,18033725440,55607824384,105,1776.0,14.0,28472242176,72529014784,100,16167337984,1233723392,68.0,52.05,69.125,
60595695544204,235.068217613,196.4,18033729536,55607824384,105,1788.0,10.1,28472471552,72528785408,100,16167337984,1233723392,69.0,52.048,69.125,
60595749428392,235.122101801,204.0,18033729536,55607824384,105,1817.0,11.4,28472471552,72528785408,100,16167337984,1233723392,68.0,52.053,69.25,
60595804429103,235.177102512,218.4,18033729536,55607824384,105,1829.0,9.9,28472954880,72528302080,100,16167337984,1233723392,69.0,52.042,69.25,
60595858440579,235.231113988,203.6,18033729536,55607824384,105,1770.0,9.8,28472692736,72528564224,100,16167337984,1233723392,68.0,52.049,69.25,
60595912708226,235.285381635,202.5,18033729536,55607824384,105,1800.0,10.3,28472365056,72528891904,100,16167337984,1233723392,69.0,52.041,69.25,
60595972731484,235.345404893,216.7,18033729536,55607824384,105,1827.0,9.0,28472332288,72528924672,100,16167337984,1233723392,68.0,52.048,69.25,
60596026472874,235.399146283,204.8,18033729536,55607824384,105,1821.0,11.7,28472561664,72528695296,100,16167337984,1233723392,69.0,52.033,69.25,
60596080449074,235.453122483,203.8,18033733632,55607824384,105,1814.0,8.7,28472561664,72528695296,100,16167337984,1233723392,69.0,52.052,69.25,
60596134463686,235.507137095,222.1,18033733632,55607824384,105,1793.0,11.1,28473044992,72528211968,100,16167337984,1233723392,69.0,52.035,69.25,
60596188535546,235.561208955,203.4,18033733632,55607824384,105,1856.0,9.4,28473012224,72528244736,100,16167337984,1233723392,68.0,52.054,69.25,
60596242435403,235.615108812,204.1,18033737728,55607824384,105,1794.0,11.0,28473241600,72528015360,100,16167337984,1233723392,68.0,52.034,69.25,
60596296522831,235.66919624,203.1,18033737728,55607824384,105,1826.0,10.3,28473241600,72528015360,100,16167337984,1233723392,69.0,52.053,69.25,
60596354506004,235.727179413,207.2,18033737728,55607824384,105,1811.0,11.5,28473450496,72527806464,100,16167337984,1233723392,68.0,52.037,69.25,
60596408475843,235.781149252,203.9,18033737728,55607824384,105,1870.0,10.5,28473679872,72527577088,100,16163143680,1233723392,69.0,52.054,69.25,
60596462559354,235.835232763,203.3,18033737728,55607824384,105,1798.0,12.2,28473679872,72527577088,100,16163143680,1233723392,68.0,52.049,69.25,
60596516450895,235.889124304,222.7,18033737728,55607824384,105,1844.0,10.5,28473155584,72528101376,100,16163143680,1233723392,69.0,52.049,69.25,
60596570495514,235.943168923,203.5,18033745920,55608872960,105,1857.0,11.2,28473401344,72527855616,100,16163143680,1233723392,69.0,52.056,69.25,
60596626539541,235.99921295,214.1,18033745920,55608872960,105,1841.0,13.0,28473401344,72527855616,100,16163143680,1233723392,69.0,52.049,69.25,
60596683565339,236.056238748,210.4,18033745920,55608872960,105,1841.0,11.0,28473401344,72527855616,100,16163143680,1233723392,69.0,52.052,69.25,
60596737479032,236.110152441,204.0,18033745920,55608872960,105,1803.0,11.5,28472352768,72528904192,100,16163143680,1233723392,69.0,52.036,69.25,
60596791519963,236.164193372,222.1,18033745920,55608872960,105,1855.0,8.8,28471836672,72529420288,100,16163143680,1233723392,68.0,52.048,69.25,
60596849591892,236.222265301,189.4,18033750016,55608872960,105,1880.0,11.4,28471836672,72529420288,100,16163143680,1233723392,68.0,52.031,69.25,
60596903575687,236.276249096,222.3,18033750016,55608872960,105,1857.0,8.8,28471664640,72529592320,100,16163143680,1233723392,68.0,52.048,69.25,
60596957465525,236.330138934,204.1,18033750016,55608872960,105,1790.0,11.6,28471275520,72529981440,100,16163143680,1233723392,68.0,52.03,69.25,
60597011632613,236.384306022,203.2,18033750016,55608872960,105,1825.0,8.7,28470415360,72530841600,100,16163143680,1233723392,68.0,52.052,69.25,
60597065508976,236.438182385,204.1,18033750016,55608872960,105,1792.0,11.2,28470415360,72530841600,100,16163143680,1233723392,69.0,52.032,69.25,
60597119631731,236.49230514,203.2,18033754112,55608872960,105,1873.0,10.4,28470415360,72530841600,100,16163143680,1233723392,68.0,52.054,69.25,
60597175570420,236.548243829,214.6,18033754112,55608872960,105,1841.0,11.2,28470415360,72530841600,100,16163143680,1233723392,68.0,52.044,69.25,
60597229514250,236.602187659,222.5,18033754112,55608872960,105,1888.0,9.2,28469399552,72531857408,100,16163143680,1233723392,69.0,52.061,69.25,
60597283644318,236.656317727,203.2,18033754112,55608872960,105,1823.0,10.0,28469653504,72531603456,100,16163143680,1233723392,68.0,52.049,69.25,
60597337538254,236.710211663,204.1,18033754112,55608872960,105,1854.0,9.4,28469882880,72531374080,100,16163143680,1233723392,69.0,52.056,69.25,
60597391606837,236.764280246,203.4,18033754112,55608872960,105,1843.0,12.7,28469882880,72531374080,100,16167337984,1233723392,69.0,52.06,69.25,
60597445809863,236.818483272,202.9,18033758208,55608872960,105,1825.0,12.2,28469882880,72531374080,100,16167337984,1233723392,68.0,52.054,69.25,
60597499502551,236.87217596,204.8,18033758208,55608872960,105,1802.0,10.6,28469882880,72531374080,100,16167337984,1233723392,68.0,52.057,69.25,
60597552475460,236.925148869,227.0,18033758208,55608872960,105,1829.0,12.0,28469870592,72531386368,100,16167337984,1233723392,69.0,52.04,69.25,
60597605534010,236.978207419,188.1,18033758208,55608872960,105,1814.0,11.8,28467838976,72533417984,100,16167337984,1233723392,68.0,52.054,69.25,
60597659652507,237.032325916,203.2,18033762304,55608872960,105,1815.0,15.5,28467838976,72533417984,100,16167337984,1233723392,69.0,52.032,69.25,
60597713564997,237.086238406,204.2,18033762304,55608872960,105,1849.0,9.9,28467838976,72533417984,100,16167337984,1233723392,68.0,52.055,69.25,
60597766502540,237.139175949,207.8,18033762304,55608872960,105,1777.0,13.0,28467838976,72533417984,100,16167337984,1233723392,68.0,52.038,69.25,
60597819953405,237.192626814,205.1,18033762304,55608872960,105,1870.0,9.4,28467838976,72533417984,100,16167337984,1233723392,68.0,52.053,69.25,
60597873485051,237.24615846,206.1,18033762304,55608872960,105,1785.0,11.9,28467838976,72533417984,100,16167337984,1233723392,68.0,52.045,69.25,
60597926755859,237.299429268,225.2,18033766400,55608872960,105,1834.0,10.0,28467838976,72533417984,100,16167337984,1233723392,69.0,52.051,69.25,
60597980481910,237.353155319,204.8,18033774592,55608872960,105,1773.0,11.7,28467838976,72533417984,100,16167337984,1233723392,69.0,52.049,69.25,
60598037748509,237.410421918,961.4,18033778688,55608872960,105,1828.0,36.6,28467838976,72533417984,100,16167337984,1233723392,69.0,52.053,69.25,
60598090460509,237.463133918,208.4,18033778688,55608872960,105,1795.0,9.5,28467838976,72533417984,100,16167337984,1233723392,68.0,52.051,69.25,
60598143530440,237.516203849,188.6,18033782784,55608872960,105,1821.0,12.0,28468068352,72533188608,100,16167337984,1233723392,69.0,52.038,69.25,
60598196459717,237.569133126,226.6,18033782784,55608872960,105,1783.0,10.5,28468068352,72533188608,100,16167337984,1233723392,68.0,52.051,69.25,
60598249589810,237.622263219,207.1,18033786880,55608872960,105,1853.0,13.0,28468068352,72533188608,100,16167337984,1233723392,68.0,52.031,69.25,
60598302516793,237.675190202,189.0,18033786880,55608872960,105,1864.0,10.7,28468068352,72533188608,100,16167337984,1233723392,68.0,52.053,69.25,
60598355515020,237.728188429,207.5,18033786880,55608872960,105,1773.0,11.8,28468068352,72533188608,100,16167337984,1233723392,68.0,52.034,69.25,
60598408517424,237.781190833,226.4,18033786880,55608872960,105,1884.0,10.1,28468068352,72533188608,100,16167337984,1233723392,69.0,52.055,69.25,
60598461529907,237.834203316,188.6,18033786880,55608872960,105,1770.0,11.2,28467806208,72533450752,100,16167337984,1233723392,68.0,52.042,69.125,
60598514532091,237.8872055,207.5,18033786880,55608872960,105,1906.0,9.5,28467806208,72533450752,100,16167337984,1233723392,69.0,52.049,69.125,
60598567525238,237.940198647,207.6,18033786880,55608872960,105,1860.0,12.9,28467793920,72533463040,100,16167337984,1233723392,69.0,52.054,69.125,
60598621739975,237.994413384,202.9,18033790976,55608872960,105,1816.0,11.7,28467793920,72533463040,100,16167337984,1233723392,68.0,52.048,69.125,
60598675583486,238.048256895,204.3,18033790976,55608872960,105,1831.0,12.1,28467269632,72533987328,100,16167337984,1233723392,68.0,52.049,69.125,
60598730697970,238.103371379,217.8,18033795072,55608872960,105,1854.0,10.9,28467499008,72533757952,100,16167337984,1233723392,69.0,52.039,69.125,
60598784601514,238.157274923,203.9,18033795072,55608872960,105,1834.0,10.4,28467752960,72533504000,100,16167337984,1233723392,68.0,52.046,69.125,
60598838655469,238.211328878,222.1,18033795072,55608872960,105,1866.0,11.6,28466712576,72534544384,100,16167337984,1233723392,69.0,52.033,69.125,
60598892604749,238.265278158,203.9,18033795072,55608872960,105,1837.0,10.5,28466712576,72534544384,100,16167337984,1233723392,68.0,52.049,69.125,
60598946447819,238.319121228,185.8,18033795072,55608872960,105,1786.0,12.9,28466798592,72534458368,100,16167337984,1233723392,68.0,52.028,69.125,
60599000511303,238.373184712,203.4,18033795072,55608872960,105,1827.0,10.5,28466798592,72534458368,100,16167337984,1233723392,68.0,52.051,69.125,
60599054479768,238.427153177,222.4,18033795072,55608872960,105,1817.0,14.0,28468862976,72532393984,100,16167337984,1233723392,68.0,52.036,69.125,
60599108572106,238.481245515,203.4,18033795072,55608872960,105,1859.0,13.1,28479000576,72522256384,100,16167337984,1233723392,69.0,52.056,69.125,
60599162606144,238.535279553,203.5,18033799168,55608872960,105,1825.0,14.0,28476420096,72524836864,100,16167337984,1233723392,68.0,52.048,69.125,
60599216598034,238.589271443,203.9,18033799168,55608872960,105,1821.0,10.6,28476649472,72524607488,100,16167337984,1233723392,69.0,52.056,69.125,
60599274566659,238.647240068,224.0,18033803264,55608872960,105,1798.0,10.8,28476649472,72524607488,100,16167337984,1233723392,68.0,52.052,69.125,
60599328603643,238.701277052,203.7,18033803264,55608872960,105,1856.0,11.0,28476649472,72524607488,100,16167337984,1233723392,69.0,52.051,69.125,
60599382716549,238.755389958,221.7,18033807360,55608872960,105,1808.0,13.3,28476649472,72524607488,100,16167337984,1233723392,68.0,52.057,69.125,
60599436582292,238.809255701,204.5,18033807360,55608872960,105,1812.0,9.4,28476649472,72524607488,100,16167337984,1233723392,69.0,52.044,69.125,
60599489522159,238.862195568,188.9,18033807360,55608872960,105,1845.0,8.9,28476125184,72525131776,100,16167337984,1233723392,68.0,52.05,69.125,
60599542588883,238.915262292,207.3,18033807360,55608872960,105,1816.0,10.6,28476125184,72525131776,100,16167337984,1233723392,69.0,52.033,69.125,
60599595651460,238.968324869,207.1,18033807360,55608872960,105,1807.0,12.4,28476125184,72525131776,100,16167337984,1233723392,68.0,52.057,69.125,
60599649687662,239.022361071,221.9,18033807360,55608872960,105,1783.0,13.2,28475600896,72525656064,100,16167337984,1233723392,68.0,52.033,69.125,
60599704581182,239.077254591,200.7,18033811456,55608872960,105,1890.0,8.7,28475600896,72525656064,100,16167337984,1233723392,68.0,52.052,69.125,
60599757671892,239.130345301,207.0,18033811456,55608872960,105,1781.0,11.7,28475600896,72525656064,100,16167337984,1233723392,68.0,52.036,69.125,
60599811537454,239.184210863,204.3,18033811456,55608872960,105,1905.0,8.2,28475600896,72525656064,100,16167337984,1233723392,69.0,52.054,69.125,
60599865610826,239.238284235,203.3,18033815552,55608872960,105,1821.0,12.6,28475621376,72525635584,100,16167337984,1233723392,68.0,52.045,69.125,
60599919741606,239.292415015,221.8,18033815552,55608872960,105,1873.0,8.8,28475252736,72526004224,100,16167337984,1233723392,69.0,52.051,69.125,
60599973580899,239.346254308,204.2,18033815552,55608872960,105,1847.0,11.1,28475482112,72525774848,100,16167337984,1233723392,68.0,52.05,69.125,
60600028690434,239.401363843,199.6,18033815552,55608872960,105,1846.0,10.3,28475740160,72525516800,100,16167337984,1233723392,68.0,52.048,69.125,
60600083575468,239.456248877,200.3,18033815552,55608872960,105,1814.0,9.8,28475969536,72525287424,100,16167337984,1233723392,68.0,52.054,69.125,
60600137797779,239.510471188,221.4,18033815552,55608872960,105,1862.0,10.3,28476198912,72525058048,100,16167337984,1233723392,69.0,52.042,69.125,
60600191771594,239.564445003,203.7,18033815552,55608872960,105,1793.0,9.4,28476198912,72525058048,100,16167337984,1233723392,69.0,52.049,69.125,
60600245569019,239.618242428,204.6,18033815552,55608872960,105,1841.0,11.1,28476420096,72524836864,100,16167337984,1233723392,68.0,52.032,69.125,
60600299662759,239.672336168,203.4,18033819648,55608872960,105,1852.0,7.6,28476420096,72524836864,100,16167337984,1233723392,68.0,52.049,69.125,
60600353660449,239.726333858,222.2,18033819648,55608872960,105,1880.0,10.4,28476649472,72524607488,100,16167337984,1233723392,68.0,52.029,69.125,
60600406580769,239.779254178,188.9,18033819648,55608872960,105,1824.0,10.5,28473266176,72527990784,100,16167337984,1233723392,68.0,52.053,69.125,
60600460592185,239.833265594,203.7,18033819648,55608872960,105,1845.0,9.9,28473495552,72527761408,100,16167337984,1233723392,68.0,52.033,69.125,
60600513650314,239.886323723,207.3,18033823744,55608872960,105,1886.0,8.3,28473495552,72527761408,100,16167337984,1233723392,68.0,52.049,69.125,
60600567695543,239.940368952,221.8,18033823744,55608872960,105,1781.0,12.8,28473724928,72527532032,100,16167337984,1233723392,68.0,52.042,69.125,
60600621644802,239.994318211,203.8,18033823744,55608872960,105,1832.0,11.7,28474208256,72527048704,100,16167337984,1233723392,69.0,52.051,69.125,
60600676732576,240.049405985,199.9,18033823744,55608872960,105,1874.0,10.9,28473946112,72527310848,100,16167337984,1233723392,68.0,52.048,69.125,
60600729726674,240.102400083,207.6,18033823744,55608872960,105,1913.0,8.9,28473651200,72527605760,100,16167337984,1233723392,69.0,52.044,69.125,
60600782561344,240.155234753,208.2,18033827840,55608872960,105,1873.0,9.5,28473880576,72527376384,100,16167337984,1233723392,69.0,52.052,69.125,
60600837671329,240.210344738,217.8,18033827840,55608872960,105,1861.0,10.3,28474109952,72527147008,100,16167337984,1233723392,69.0,52.04,69.125,
60600890566582,240.263239991,208.0,18033831936,55608872960,105,1893.0,9.5,28474355712,72526901248,100,16167337984,1233723392,68.0,52.046,69.125,
60600943555962,240.316229371,188.7,18033831936,55608872960,105,1855.0,10.1,28474437632,72526819328,100,16167337984,1233723392,68.0,52.029,69.125,
60600996580978,240.369254387,207.4,18033836032,55608872960,105,1887.0,9.4,28474437632,72526819328,100,16167337984,1233723392,68.0,52.049,69.125,
60601049526546,240.422199955,207.6,18033836032,55608872960,105,1844.0,11.2,28474339328,72526917632,100,16167337984,1233723392,68.0,52.031,69.125,
60601102695101,240.47536851,207.0,18033836032,55608872960,105,1888.0,9.5,28479512576,72521744384,100,16167337984,1233723392,69.0,52.051,69.125,
60601155646429,240.528319838,188.7,18033836032,55608872960,105,1874.0,9.5,28479512576,72521744384,100,16167337984,1233723392,68.0,52.035,69.125,
60601209688282,240.582361691,240.3,18033836032,55608872960,105,1820.0,31.0,28479471616,72521785344,100,16167337984,1233723392,69.0,52.063,69.125,
60601263741436,240.636414845,185.1,18033836032,55608872960,105,1816.0,19.9,28469923840,72531333120,100,16167337984,1233723392,68.0,52.056,69.0,
60601317636143,240.690309552,204.1,18033840128,55608872960,105,1831.0,9.9,28469923840,72531333120,100,16167337984,1233723392,69.0,52.043,69.0,
60601371691511,240.74436492,203.4,18033840128,55608872960,105,1842.0,10.4,28469923840,72531333120,100,16163143680,1233723392,69.0,52.05,69.0,
60601426756943,240.799430352,199.9,18033840128,55608872960,105,1836.0,11.5,28469923840,72531333120,100,16167337984,1233723392,69.0,52.04,69.0,
60601480625982,240.853299391,222.9,18033840128,55608872960,105,1833.0,8.7,28469923840,72531333120,100,16167337984,1233723392,68.0,52.048,69.0,
60601534680779,240.907354188,221.8,18033840128,55608872960,105,1799.0,11.6,28470439936,72530817024,100,16167337984,1233723392,69.0,52.034,69.0,
60601588717773,240.961391182,203.6,18033844224,55608872960,105,1850.0,16.3,28465254400,72536002560,100,16167337984,1233723392,68.0,52.06,69.0,
60601642703410,241.015376819,203.7,18033844224,55608872960,105,1767.0,14.1,28472254464,72529002496,100,16167337984,1233723392,68.0,52.029,69.0,
60601696842245,241.069515654,203.4,18033848320,55608872960,105,1789.0,10.5,28472254464,72529002496,100,16167337984,1233723392,68.0,52.048,69.0,
60601750521598,241.123195007,204.9,18033848320,55608872960,105,1859.0,12.1,28472254464,72529002496,100,16167337984,1233723392,68.0,52.033,69.0,
60601808149674,241.180823083,936.9,18033848320,55608872960,105,1868.0,33.7,28472774656,72528482304,100,16167337984,1233723392,68.0,52.053,69.0,
60601862602948,241.235276357,201.9,18033848320,55608872960,105,1779.0,12.6,28472774656,72528482304,100,16167337984,1233723392,68.0,52.045,69.0,
60601916666802,241.289340211,203.5,18033848320,55608872960,105,1863.0,10.4,28473028608,72528228352,100,16167337984,1233723392,68.0,52.046,69.0,
60601970657740,241.343331149,222.2,18033848320,55608872960,105,1798.0,11.7,28473028608,72528228352,100,16167337984,1233723392,69.0,52.05,69.0,
60602024838483,241.397511892,203.0,18033848320,55608872960,105,1782.0,12.1,28473028608,72528228352,100,16167337984,1233723392,69.0,52.043,69.0,
60602078810184,241.451483593,203.7,18033852416,55608872960,105,1806.0,10.9,28473028608,72528228352,100,16167337984,1233723392,68.0,52.051,69.0,
60602137862881,241.51053629,220.2,18033852416,55608872960,105,1817.0,12.3,28473028608,72528228352,100,16167337984,1233723392,69.0,52.037,69.0,
60602191803054,241.564476463,204.1,18033852416,55608872960,105,1829.0,10.0,28473028608,72528228352,100,16167337984,1233723392,68.0,52.053,69.0,
60602246772756,241.619446165,200.0,18033852416,55608872960,105,1832.0,12.0,28473028608,72528228352,100,16167337984,1233723392,69.0,52.034,69.0,
60602300787868,241.673461277,222.1,18033852416,55608872960,105,1767.0,10.5,28473028608,72528228352,100,16167337984,1233723392,68.0,52.052,69.0,
60602354650054,241.727323463,204.2,18033852416,55608872960,105,1803.0,12.3,28473028608,72528228352,100,16167337984,1233723392,68.0,52.033,69.0,
60602408737312,241.781410721,203.2,18033852416,55608872960,105,1843.0,25.6,28472741888,72528515072,100,16167337984,1233723392,68.0,52.061,69.0,
60602463663523,241.836336932,200.4,18033852416,55608872960,105,1798.0,25.3,28472999936,72528257024,100,16167337984,1233723392,68.0,52.044,69.0,
60602518011510,241.890684919,220.8,18033852416,55608872960,105,1868.0,11.0,28472999936,72528257024,100,16167337984,1233723392,68.0,52.051,68.875,
60602571654424,241.944327833,186.4,18033852416,55608872960,105,1777.0,14.3,28472188928,72529068032,100,16167337984,1233723392,68.0,52.052,68.875,
60602625833665,241.998507074,221.6,18033852416,55608872960,105,1923.0,13.5,28472430592,72528826368,100,16167337984,1233723392,69.0,52.047,68.875,
60602679701230,242.052374639,204.2,18033856512,55608872960,105,1834.0,10.5,28472688640,72528568320,100,16167337984,1233723392,69.0,52.05,69.0,
60602734832956,242.107506365,199.5,18033856512,55608872960,105,1812.0,12.0,28472918016,72528338944,100,16167337984,1233723392,69.0,52.036,69.0,
60602788863298,242.161536707,203.6,18033856512,55608872960,105,1893.0,9.7,28472918016,72528338944,100,16167337984,1233723392,68.0,52.042,69.0,
60602843629148,242.216302557,237.2,18033856512,55608872960,105,1887.0,11.6,28472918016,72528338944,100,16167337984,1233723392,68.0,52.025,69.0,
60602898215421,242.27088883,201.7,18033856512,55608872960,105,1905.0,9.2,28472496128,72528760832,100,16167337984,1233723392,68.0,52.05,69.0,
60602951735666,242.324409075,186.8,18033856512,55608872960,105,1916.0,11.1,28472496128,72528760832,100,16167337984,1233723392,68.0,52.03,69.0,
60603005723297,242.378396706,203.8,18033856512,55608872960,105,1882.0,8.8,28472070144,72529186816,100,16167337984,1233723392,68.0,52.051,69.0,
60603060768110,242.433441519,218.0,18033856512,55608872960,105,1837.0,11.9,28473102336,72528154624,100,16167337984,1233723392,68.0,52.035,69.0,
60603114815934,242.487489343,203.6,18033856512,55608872960,105,1928.0,9.3,28475166720,72526090240,100,16167337984,1233723392,69.0,52.051,69.0,
60603168742190,242.541415599,204.0,18033860608,55608872960,105,1861.0,11.7,28473102336,72528154624,100,16167337984,1233723392,68.0,52.041,69.0,
60603222818888,242.595492297,221.8,18033860608,55608872960,105,1931.0,9.2,28473331712,72527925248,100,16167337984,1233723392,69.0,52.052,69.0,
60603276775270,242.649448679,203.7,18033860608,55608872960,105,1911.0,11.0,28473167872,72528089088,100,16167337984,1233723392,68.0,52.056,69.0,
60603330730280,242.703403689,204.0,18033860608,55608872960,105,1873.0,10.5,28473397248,72527859712,100,16167337984,1233723392,69.0,52.046,69.0,
60603384900623,242.757574032,203.0,18033860608,55608872960,105,1860.0,10.4,28473397248,72527859712,100,16167337984,1233723392,68.0,52.052,69.0,
60603439888560,242.812561969,218.1,18033860608,55608872960,105,1880.0,10.2,28472864768,72528392192,100,16167337984,1233723392,69.0,52.038,69.0,
60603493836616,242.866510025,185.7,18033860608,55608872960,105,1883.0,8.8,28473094144,72528162816,100,16167337984,1233723392,68.0,52.048,69.0,
60603547853492,242.920526901,222.1,18033860608,55608872960,105,1864.0,11.6,28473081856,72528175104,100,16167337984,1233723392,68.0,52.028,69.0,
60603601768727,242.974442136,203.9,18033860608,55608872960,105,1887.0,11.7,28473339904,72527917056,100,16167337984,1233723392,68.0,52.055,69.0,
60603655681197,243.028354606,204.0,18033860608,55608872960,105,1845.0,11.6,28473339904,72527917056,100,16167337984,1233723392,68.0,52.031,69.0,
60603709762975,243.082436384,203.3,18033864704,55608872960,105,1854.0,9.8,28473339904,72527917056,100,16167337984,1233723392,68.0,52.05,69.0,
60603763805499,243.136478908,222.1,18033864704,55608872960,105,1874.0,9.9,28473081856,72528175104,100,16167337984,1233723392,68.0,52.037,69.0,
60603817856057,243.190529466,185.1,18033864704,55608872960,105,1899.0,8.2,28472819712,72528437248,100,16167337984,1233723392,69.0,52.052,69.0,
60603871780059,243.244453468,203.9,18033864704,55608872960,105,1876.0,11.0,28472819712,72528437248,100,16167337984,1233723392,68.0,52.044,69.0,
60603925751510,243.298424919,222.6,18033864704,55608872960,105,1865.0,8.7,28470960128,72530296832,100,16167337984,1233723392,69.0,52.047,69.0,
60603978893124,243.351566533,206.8,18033864704,55608872960,105,1856.0,10.6,28470697984,72530558976,100,16167337984,1233723392,68.0,52.052,69.0,
60604032752695,243.405426104,204.2,18033864704,55608872960,105,1815.0,9.9,28470599680,72530657280,100,16167337984,1233723392,69.0,52.043,69.0,
60604086827059,243.459500468,203.4,18033864704,55608872960,105,1833.0,9.2,28470599680,72530657280,100,16167337984,1233723392,69.0,52.05,69.0,
60604142893217,243.515566626,214.0,18033864704,55608872960,105,1812.0,9.6,28470829056,72530427904,100,16167337984,1233723392,69.0,52.039,69.0,
60604197816732,243.570490141,200.4,18033864704,55608872960,105,1887.0,9.7,28470829056,72530427904,100,16167337984,1233723392,68.0,52.051,69.0,
60604251774888,243.624448297,203.8,18033868800,55608872960,105,1945.0,10.5,28470304768,72530952192,100,16167337984,1233723392,69.0,52.04,69.0,
60604305766677,243.678440086,222.4,18033872896,55608872960,105,1883.0,9.3,28470534144,72530722816,100,16167337984,1233723392,68.0,52.057,69.0,
60604359934245,243.732607654,203.0,18033872896,55608872960,105,1863.0,9.8,28470534144,72530722816,100,16167337984,1233723392,68.0,52.035,69.0,
60604413821638,243.786495047,204.1,18033872896,55608872960,105,1885.0,11.0,28470534144,72530722816,100,16163143680,1233723392,69.0,52.056,69.0,
60604467670999,243.840344408,204.4,18033872896,55608872960,105,1873.0,11.0,28470272000,72530984960,100,16163143680,1233723392,68.0,52.039,69.0,
60604521779086,243.894452495,203.4,18033872896,55608872960,105,1886.0,8.1,28470501376,72530755584,100,16163143680,1233723392,68.0,52.056,69.0,
60604577761106,243.950434515,232.2,18033872896,55608872960,105,1863.0,12.9,28470231040,72531025920,100,16163143680,1233723392,68.0,52.046,69.0,
60604631830680,244.004504089,203.4,18033872896,55608872960,105,1921.0,13.8,28470489088,72530767872,100,16163143680,1233723392,69.0,52.057,69.0,
60604685925943,244.058599352,203.3,18033872896,55608872960,105,1846.0,9.9,28470489088,72530767872,100,16163143680,1233723392,68.0,52.052,69.0,
60604741885782,244.114559191,196.6,18033872896,55608872960,105,1908.0,10.6,28470489088,72530767872,100,16163143680,1233723392,69.0,52.049,69.0,
60604795788022,244.168461431,222.7,18033872896,55608872960,105,1900.0,9.3,28470489088,72530767872,100,16163143680,1233723392,68.0,52.052,69.0,
60604849870321,244.22254373,203.4,18033876992,55608872960,105,1910.0,10.5,28470489088,72530767872,100,16163143680,1233723392,69.0,52.041,69.0,
60604903911923,244.276585332,203.5,18033876992,55608872960,105,1860.0,9.2,28469731328,72531525632,100,16163143680,1233723392,68.0,52.05,69.125,
60604957795258,244.330468667,204.1,18033881088,55608872960,105,1846.0,10.5,28469886976,72531369984,100,16163143680,1233723392,69.0,52.033,69.125,
60605011826851,244.38450026,222.4,18033881088,55608872960,105,1863.0,7.6,28469886976,72531369984,100,16163143680,1233723392,69.0,52.052,69.125,
60605065747917,244.438421326,203.9,18033881088,55608872960,105,1870.0,11.0,28473499648,72527757312,100,16163143680,1233723392,68.0,52.032,69.125,
60605119745436,244.492418845,203.9,18033881088,55608872960,105,1910.0,9.4,28473212928,72528044032,100,16163143680,1233723392,69.0,52.053,69.125,
60605172781112,244.545454521,207.2,18033881088,55608872960,105,1852.0,9.9,28472901632,72528355328,100,16163143680,1233723392,68.0,52.032,69.125,
60605226862549,244.599535958,203.2,18033881088,55608872960,105,1898.0,9.2,28472868864,72528388096,100,16163143680,1233723392,68.0,52.052,69.125,
60605286776882,244.659450291,217.2,18033881088,55608872960,105,1872.0,10.5,28472868864,72528388096,100,16163143680,1233723392,68.0,52.033,69.125,
60605340807393,244.713480802,203.7,18033885184,55608872960,105,1875.0,8.7,28472868864,72528388096,100,16163143680,1233723392,68.0,52.052,69.125,
60605403870119,244.776543528,221.8,18033885184,55608872960,105,1836.0,14.3,28472868864,72528388096,100,16167337984,1233723392,68.0,52.034,69.125,
60605457840046,244.830513455,203.8,18033889280,55608872960,105,1877.0,9.4,28472868864,72528388096,100,16167337984,1233723392,69.0,52.053,69.125,
60605511946560,244.884619969,203.2,18033889280,55608872960,105,1830.0,12.9,28472868864,72528388096,100,16167337984,1233723392,68.0,52.039,69.125,
60605571369942,244.944043351,959.9,18033893376,55608872960,105,1897.0,36.2,28472860672,72528396288,100,16167337984,1233723392,69.0,52.056,69.125,
60605627860525,245.000533934,194.8,18033893376,55608872960,105,1836.0,14.4,28472860672,72528396288,100,16167337984,1233723392,68.0,52.051,69.125,
60605681863976,245.054537385,203.6,18033893376,55608872960,105,1886.0,11.2,28473114624,72528142336,100,16167337984,1233723392,69.0,52.045,69.125,
60605737900318,245.110573727,214.0,18033893376,55608872960,105,1844.0,11.1,28473114624,72528142336,100,16167337984,1233723392,69.0,52.05,69.125,
60605792908582,245.165581991,218.4,18033897472,55608872960,105,1902.0,11.5,28473114624,72528142336,100,16167337984,1233723392,69.0,52.039,69.125,
60605845884586,245.218557995,188.8,18033897472,55608872960,105,1917.0,9.5,28473344000,72527912960,100,16167337984,1233723392,69.0,52.048,69.125,
60605898829001,245.27150241,226.6,18033897472,55608872960,105,1869.0,11.2,28473532416,72527724544,100,16167337984,1233723392,68.0,52.03,69.125,
60605952836208,245.325509617,203.7,18033897472,55608872960,105,1838.0,9.4,28472647680,72528609280,100,16167337984,1233723392,68.0,52.048,69.125,
60606005957244,245.378630653,188.2,18033897472,55608872960,105,1856.0,11.3,28472647680,72528609280,100,16167337984,1233723392,68.0,52.026,69.125,
60606059873010,245.432546419,204.0,18033897472,55608872960,105,1844.0,10.4,28472647680,72528609280,100,16167337984,1233723392,69.0,52.051,69.125,
60606113812671,245.48648608,222.4,18033897472,55608872960,105,1873.0,11.2,28472647680,72528609280,100,16167337984,1233723392,68.0,52.03,69.125,
60606167936367,245.540609776,203.1,18033897472,55608872960,105,1855.0,10.4,28472647680,72528609280,100,16167337984,1233723392,68.0,52.05,69.125,
60606226861044,245.599534453,203.8,18033901568,55608872960,105,1855.0,12.3,28472647680,72528609280,100,16167337984,1233723392,68.0,52.038,69.125,
60606280819289,245.653492698,222.5,18033901568,55608872960,105,1887.0,9.3,28472647680,72528609280,100,16167337984,1233723392,68.0,52.054,69.125,
60606335034266,245.707707675,184.3,18033905664,55608872960,105,1846.0,12.1,28472647680,72528609280,100,16167337984,1233723392,68.0,52.045,69.125,
60606388890671,245.76156408,222.8,18033909760,55608872960,105,1855.0,11.0,28472647680,72528609280,100,16167337984,1233723392,69.0,52.053,69.125,
60606444026975,245.816700384,217.7,18033909760,55608872960,105,1841.0,11.9,28472647680,72528609280,100,16167337984,1233723392,68.0,52.053,69.125,
60606497923074,245.870596483,204.0,18033909760,55608872960,105,1826.0,11.6,28472647680,72528609280,100,16167337984,1233723392,69.0,52.049,69.125,
60606552979860,245.925653269,199.7,18033909760,55608872960,105,1864.0,10.9,28472647680,72528609280,100,16167337984,1233723392,68.0,52.055,69.125,
60606606929689,245.979603098,204.0,18033909760,55608872960,105,1848.0,14.0,28472381440,72528875520,100,16167337984,1233723392,68.0,52.046,69.125,
60606661027577,246.033700986,221.8,18033909760,55608872960,105,1826.0,11.6,28472864768,72528392192,100,16167337984,1233723392,68.0,52.048,69.125,
60606714873031,246.08754644,204.2,18033909760,55608872960,105,1797.0,12.6,28473094144,72528162816,100,16167337984,1233723392,69.0,52.032,69.125,
60606768958284,246.141631693,203.4,18033909760,55608872960,105,1853.0,9.4,28473094144,72528162816,100,16167337984,1233723392,68.0,52.047,69.125,
60606823834972,246.196508381,200.5,18033909760,55608872960,105,1800.0,12.4,28473094144,72528162816,100,16167337984,1233723392,69.0,52.03,69.125,
60606877960691,246.2506341,203.2,18033913856,55608872960,105,1817.0,11.0,28473094144,72528162816,100,16167337984,1233723392,68.0,52.049,69.125,
60606931814541,246.30448795,222.9,18033917952,55608872960,105,1814.0,12.7,28472496128,72528760832,100,16167337984,1233723392,68.0,52.033,69.125,
60606985967452,246.358640861,202.9,18033917952,55608872960,105,1831.0,9.8,28472496128,72528760832,100,16167337984,1233723392,68.0,52.049,69.125,
60607040110223,246.412783632,203.5,18033917952,55608872960,105,1777.0,11.7,28472496128,72528760832,100,16167337984,1233723392,68.0,52.038,69.125,
60607093942893,246.466616302,204.3,18033917952,55608872960,105,1837.0,10.5,28473528320,72527728640,100,16167337984,1233723392,69.0,52.051,69.125,
60607151045154,246.523718563,210.1,18033917952,55608872960,105,1775.0,11.5,28473528320,72527728640,100,16167337984,1233723392,68.0,52.044,69.125,
60607204878525,246.577551934,223.1,18033917952,55608872960,105,1831.0,12.1,28472692736,72528564224,100,16167337984,1233723392,69.0,52.046,69.125,
60607257901196,246.630574605,207.5,18033917952,55608872960,105,1836.0,9.5,28472692736,72528564224,100,16167337984,1233723392,68.0,52.05,69.125,
60607310855850,246.683529259,188.9,18033917952,55608872960,105,1816.0,10.7,28472037376,72529219584,100,16167337984,1233723392,69.0,52.04,69.125,
60607363905913,246.736579322,207.3,18033922048,55608872960,105,1839.0,9.4,28472037376,72529219584,100,16167337984,1233723392,68.0,52.046,69.125,
60607417831177,246.790504586,203.9,18033926144,55608872960,105,1823.0,10.5,28472037376,72529219584,100,16167337984,1233723392,68.0,52.031,69.125,
60607470952313,246.843625722,226.0,18033926144,55608872960,105,1867.0,8.9,28472037376,72529219584,100,16167337984,1233723392,68.0,52.047,69.125,
60607523858095,246.896531504,188.9,18033926144,55608872960,105,1858.0,10.1,28470726656,72530530304,100,16167337984,1233723392,68.0,52.027,69.125,
60607576880756,246.949554165,207.3,18033926144,55608872960,105,1853.0,10.7,28470714368,72530542592,100,16167337984,1233723392,68.0,52.051,69.125,
60607630922428,247.003595837,203.5,18033926144,55608872960,105,1862.0,15.1,28471746560,72529510400,100,16167337984,1233723392,68.0,52.032,69.125,
60607685011559,247.057684968,203.1,18033930240,55608872960,105,1863.0,9.2,28471746560,72529510400,100,16167337984,1233723392,68.0,52.046,69.125,
60607738894513,247.111567922,223.1,18033930240,55608872960,105,1868.0,10.5,28471746560,72529510400,100,16167337984,1233723392,68.0,52.036,69.125,
60607792921287,247.165594696,203.5,18033930240,55608872960,105,1883.0,9.4,28471488512,72529768448,100,16167337984,1233723392,69.0,52.047,69.125,
60607845952455,247.218625864,207.5,18033930240,55608872960,105,1848.0,11.4,28471488512,72529768448,100,16167337984,1233723392,68.0,52.046,69.125,
60607901994286,247.274667695,196.2,18033934336,55608872960,105,1870.0,9.6,28470538240,72530718720,100,16167337984,1233723392,69.0,52.044,69.125,
60607955069446,247.327742855,207.4,18033938432,55608872960,105,1854.0,10.6,28470030336,72531226624,100,16167337984,1233723392,69.0,52.048,69.125,
60608008996654,247.381670063,223.0,18033938432,55608872960,105,1865.0,10.1,28470030336,72531226624,100,16167337984,1233723392,69.0,52.039,69.125,
60608060944910,247.433618319,192.0,18033938432,55608872960,105,1837.0,9.4,28469702656,72531554304,100,16167337984,1233723392,69.0,52.045,69.125,
60608117086880,247.489760289,213.9,18033938432,55608872960,105,1836.0,11.9,28469702656,72531554304,100,16167337984,1233723392,69.0,52.032,69.125,
60608170934157,247.543607566,204.3,18033938432,55608872960,105,1857.0,9.8,28469702656,72531554304,100,16167337984,1233723392,68.0,52.044,69.125,
60608225026033,247.597699442,221.7,18033938432,55608872960,105,1841.0,10.5,28469932032,72531324928,100,16167337984,1233723392,69.0,52.028,69.125,
60608280042743,247.652716152,200.1,18033938432,55608872960,105,1806.0,8.6,28469276672,72531980288,100,16167337984,1233723392,68.0,52.046,69.125,
60608335069482,247.707742891,199.9,18033938432,55608872960,105,1831.0,11.9,28469276672,72531980288,100,16167337984,1233723392,69.0,52.024,69.125,
60608388961333,247.761634742,203.6,18033938432,55608872960,105,1822.0,9.4,28466696192,72534560768,100,16167337984,1233723392,68.0,52.048,69.125,
60608442946239,247.815619648,222.9,18033938432,55608872960,105,1843.0,10.5,28465299456,72535957504,100,16167337984,1233723392,68.0,52.027,69.125,
60608497079272,247.869752681,203.1,18033946624,55608872960,105,1858.0,9.8,28465299456,72535957504,100,16167337984,1233723392,69.0,52.047,69.125,
60608550929635,247.923603044,222.8,18033946624,55608872960,105,1847.0,10.6,28465287168,72535969792,100,16167337984,1233723392,68.0,52.034,69.125,
60608604995652,247.977669061,203.5,18033946624,55608872960,105,1879.0,11.7,28465287168,72535969792,100,16167337984,1233723392,69.0,52.054,69.125,
60608659069785,248.031743194,184.7,18033946624,55608872960,105,1826.0,14.0,28465287168,72535969792,100,16167337984,1233723392,68.0,52.04,69.125,
60608714011604,248.086685013,218.4,18033946624,55608872960,105,1866.0,8.2,28465287168,72535969792,100,16167337984,1233723392,69.0,52.044,69.125,
60608767993454,248.140666863,204.0,18033946624,55608872960,105,1779.0,11.6,28465545216,72535711744,100,16167337984,1233723392,69.0,52.05,69.125,
60608821994760,248.194668169,222.3,18033946624,55608872960,105,1843.0,9.8,28465774592,72535482368,100,16167337984,1233723392,69.0,52.041,69.125,
60608876023217,248.248696626,203.6,18033946624,55608872960,105,1868.0,9.4,28465774592,72535482368,100,16167337984,1233723392,68.0,52.045,69.125,
60608930019413,248.302692822,203.7,18033946624,55608872960,105,1870.0,11.5,28465774592,72535482368,100,16167337984,1233723392,69.0,52.033,69.125,
60608984090370,248.356763779,203.5,18033946624,55608872960,105,1857.0,8.8,28465774592,72535482368,100,16167337984,1233723392,68.0,52.041,69.125,
60609038075546,248.410748955,203.7,18033946624,55608872960,105,1892.0,11.4,28465516544,72535740416,100,16167337984,1233723392,69.0,52.027,69.125,
60609091965122,248.464638531,204.1,18033950720,55608872960,105,1876.0,10.0,28467322880,72533934080,100,16167337984,1233723392,68.0,52.046,69.125,
60609145985264,248.518658673,222.0,18033954816,55608872960,105,1844.0,11.0,28467060736,72534196224,100,16167337984,1233723392,68.0,52.024,69.125,
60609200073202,248.572746611,203.5,18033954816,55608872960,105,1896.0,9.9,28467060736,72534196224,100,16167337984,1233723392,68.0,52.048,69.125,
60609255140216,248.627813625,199.8,18033958912,55608872960,105,1837.0,12.2,28467290112,72533966848,100,16167337984,1233723392,69.0,52.035,69.125,
60609313245677,248.685919086,927.9,18033967104,55608872960,105,1910.0,33.3,28467290112,72533966848,100,16167337984,1233723392,68.0,52.055,69.125,
60609368035171,248.74070858,219.3,18033967104,55608872960,105,1875.0,11.6,28468580352,72532676608,100,16165240832,1233723392,69.0,52.04,69.125,
60609422027911,248.79470132,203.7,18033967104,55608872960,105,1888.0,9.9,28468834304,72532422656,100,16165240832,1233723392,69.0,52.054,69.125,
60609475958675,248.848632084,203.9,18033967104,55608872960,105,1871.0,12.8,28468834304,72532422656,100,16165240832,1233723392,68.0,52.049,69.125,
60609530059007,248.902732416,203.4,18033967104,55608872960,105,1874.0,11.0,28468834304,72532422656,100,16165240832,1233723392,69.0,52.052,69.125,
60609584082544,248.956755953,203.6,18033971200,55608872960,105,1833.0,12.7,28468822016,72532434944,100,16165240832,1233723392,68.0,52.057,69.125,
60609637969256,249.010642665,222.6,18033971200,55608872960,105,1893.0,14.5,28469600256,72531656704,100,16165240832,1233723392,69.0,52.043,69.125,
60609692043128,249.064716537,221.8,18033971200,55608872960,105,1891.0,31.8,28470116352,72531140608,100,16165240832,1233723392,68.0,52.06,69.125,
60609746145423,249.118818832,203.4,18033971200,55608872960,105,1903.0,17.5,28460052480,72541204480,100,16165240832,1233723392,68.0,52.028,69.125,
60609800097938,249.172771347,204.1,18033975296,55608872960,105,1926.0,9.9,28460052480,72541204480,100,16165240832,1233723392,68.0,52.047,69.125,
60609854040824,249.226714233,203.9,18033975296,55608872960,105,1853.0,10.5,28460052480,72541204480,100,16165240832,1233723392,68.0,52.029,69.125,
60609907051162,249.279724571,207.5,18033975296,55608872960,105,1901.0,10.0,28460052480,72541204480,100,16165240832,1233723392,69.0,52.048,69.125,
60609961097793,249.333771202,203.2,18033975296,55608872960,105,1842.0,12.8,28460150784,72541106176,100,16165240832,1233723392,68.0,52.037,69.125,
60610016019605,249.388693014,200.5,18033975296,55608872960,105,1869.0,11.0,28460150784,72541106176,100,16165240832,1233723392,68.0,52.049,69.125,
60610070028906,249.442702315,222.0,18033975296,55608872960,105,1912.0,12.0,28460150784,72541106176,100,16165240832,1233723392,68.0,52.046,69.125,
60610126246337,249.498919746,195.8,18033979392,55608872960,105,1924.0,10.9,28460150784,72541106176,100,16165240832,1233723392,69.0,52.047,69.125,
60610179993296,249.552666705,204.6,18033979392,55608872960,105,1852.0,11.1,28460150784,72541106176,100,16165240832,1233723392,68.0,52.048,69.125,
60610234079792,249.606753201,203.4,18033979392,55608872960,105,1832.0,12.8,28460150784,72541106176,100,16165240832,1233723392,69.0,52.039,69.125,
60610288070808,249.660744217,203.7,18033979392,55608872960,105,1832.0,9.2,28460150784,72541106176,100,16165240832,1233723392,68.0,52.044,69.125,
60610342065632,249.714739041,222.3,18033983488,55608872960,105,1809.0,11.7,28460380160,72540876800,100,16165240832,1233723392,70.0,52.031,69.125,
60610396047041,249.76872045,203.8,18033983488,55608872960,105,1837.0,11.5,28460122112,72541134848,100,16165240832,1233723392,68.0,52.047,69.125,
60610449934624,249.822608033,204.1,18033983488,55608872960,105,1823.0,11.7,28460122112,72541134848,100,16165240832,1233723392,68.0,52.028,69.125,
60610504011411,249.87668482,203.4,18033983488,55608872960,105,1851.0,9.9,28460351488,72540905472,100,16165240832,1233723392,68.0,52.048,69.125,
60610559985185,249.932658594,232.2,18033983488,55608872960,105,1743.0,13.5,28460318720,72540938240,100,16165240832,1233723392,68.0,52.034,69.0,
60610614065359,249.986738768,203.5,18033983488,55608872960,105,1876.0,12.6,28460789760,72540467200,100,16165240832,1233723392,68.0,52.048,69.0,
60610670200495,250.042873904,195.9,18033987584,55608872960,105,1833.0,15.7,28461047808,72540209152,100,16165240832,1233723392,68.0,52.036,69.0,
60610724078149,250.096751558,204.2,18033987584,55608872960,105,1846.0,9.9,28461047808,72540209152,100,16165240832,1233723392,68.0,52.046,69.0,
60610781374533,250.154047942,226.9,18033987584,55608872960,105,1844.0,12.6,28461047808,72540209152,100,16165240832,1233723392,68.0,52.042,69.0,
60610835080095,250.207753504,204.9,18033987584,55608872960,105,1837.0,10.7,28461047808,72540209152,100,16165240832,1233723392,69.0,52.043,69.0,
60610889083374,250.261756783,203.5,18033987584,55608872960,105,1830.0,10.9,28461301760,72539955200,100,16165240832,1233723392,69.0,52.047,69.0,
60610943063931,250.31573734,203.9,18033987584,55608872960,105,1832.0,12.4,28461039616,72540217344,100,16165240832,1233723392,68.0,52.042,69.0,
60610997072661,250.36974607,222.1,18033987584,55608872960,105,1845.0,9.9,28461039616,72540217344,100,16165240832,1233723392,68.0,52.042,69.0,
60611051076181,250.42374959,203.7,18033991680,55608872960,105,1850.0,12.4,28461039616,72540217344,100,16165240832,1233723392,68.0,52.03,69.0,
60611105172926,250.477846335,203.4,18033991680,55608872960,105,1847.0,12.6,28462071808,72539185152,100,16165240832,1233723392,68.0,52.046,69.0,
60611158954600,250.531628009,204.5,18033991680,55608872960,105,1778.0,12.4,28462587904,72538669056,100,16165240832,1233723392,68.0,52.024,69.0,
60611213071603,250.585745012,203.2,18033991680,55608872960,105,1823.0,11.0,28462587904,72538669056,100,16165240832,1233723392,68.0,52.046,69.0,
60611267074532,250.639747941,203.8,18033995776,55608872960,105,1813.0,12.3,28462587904,72538669056,100,16165240832,1233723392,68.0,52.038,69.0,
60611321067843,250.693741252,222.2,18033995776,55608872960,105,1861.0,10.4,28462587904,72538669056,100,16165240832,1233723392,68.0,52.053,69.0,
60611384576323,250.757249732,204.6,18033995776,55608872960,105,1819.0,12.9,28462587904,72538669056,100,16165240832,1233723392,68.0,52.037,69.0,
60611438075488,250.810748897,205.8,18033995776,55608872960,105,1858.0,8.9,28462886912,72538370048,100,16165240832,1233723392,69.0,52.053,69.0,
60611492300163,250.864973572,202.8,18033995776,55608872960,105,1832.0,11.6,28462886912,72538370048,100,16165240832,1233723392,68.0,52.043,69.0,
60611546081456,250.918754865,204.6,18033999872,55608872960,105,1845.0,9.4,28462886912,72538370048,100,16165240832,1233723392,69.0,52.05,69.0,
60611600078694,250.972752103,222.2,18033999872,55608872960,105,1828.0,12.9,28462886912,72538370048,100,16165240832,1233723392,68.0,52.054,69.125,
60611654091782,251.026765191,222.2,18033999872,55608872960,105,1848.0,12.1,28462886912,72538370048,100,16165240832,1233723392,69.0,52.045,69.0,
60611708239582,251.080912991,203.1,18033999872,55608872960,105,1823.0,10.3,28462886912,72538370048,100,16165240832,1233723392,69.0,52.049,69.0,
60611762089334,251.134762743,204.3,18034003968,55608872960,105,1779.0,11.1,28462886912,72538370048,100,16165240832,1233723392,69.0,52.037,69.0,
60611816088246,251.188761655,203.6,18034003968,55608872960,105,1819.0,9.8,28462886912,72538370048,100,16165240832,1233723392,68.0,52.046,69.0,
60611871078876,251.243752285,200.2,18034003968,55608872960,105,1845.0,10.4,28462886912,72538370048,100,16165240832,1233723392,69.0,52.029,69.0,
60611925085061,251.29775847,203.7,18034008064,55608872960,105,1830.0,8.8,28463153152,72538103808,100,16165240832,1233723392,68.0,52.047,69.125,
60611979036002,251.351709411,222.4,18034008064,55608872960,105,1843.0,11.6,28463382528,72537874432,100,16165240832,1233723392,69.0,52.028,69.125,
60612033075570,251.405748979,203.5,18034008064,55608872960,105,1847.0,9.9,28463382528,72537874432,100,16165240832,1233723392,68.0,52.05,69.125,
60612087070093,251.459743502,203.7,18034012160,55608872960,105,1841.0,11.0,28463611904,72537645056,100,16165240832,1233723392,68.0,52.03,69.125,
60612141122425,251.513795834,203.1,18034012160,55608872960,105,1872.0,10.9,28463611904,72537645056,100,16165240832,1233723392,68.0,52.049,69.125,
60612195164737,251.567838146,204.0,18034012160,55608872960,105,1794.0,11.0,28463611904,72537645056,100,16165240832,1233723392,68.0,52.035,69.125,
60612249127711,251.62180112,204.0,18034012160,55608872960,105,1903.0,8.8,28463349760,72537907200,100,16165240832,1233723392,69.0,52.047,69.125,
60612303087469,251.675760878,222.2,18034016256,55608872960,105,1798.0,12.6,28463349760,72537907200,100,16165240832,1233723392,68.0,52.045,69.125,
60612357071613,251.729745022,203.9,18034016256,55608872960,105,1832.0,10.1,28463087616,72538169344,100,16165240832,1233723392,69.0,52.046,69.125,
60612411177615,251.783851024,203.2,18034016256,55608872960,105,1830.0,10.9,28458663936,72542593024,100,16163143680,1233723392,69.0,52.049,69.125,
60612465182006,251.837855415,203.8,18034016256,55608872960,105,1855.0,10.0,28458917888,72542339072,100,16163143680,1233723392,69.0,52.04,69.125,
60612520175242,251.892848651,200.0,18034016256,55608872960,105,1872.0,10.2,28458917888,72542339072,100,16163143680,1233723392,69.0,52.045,69.125,
60612574086649,251.946760058,222.6,18034016256,55608872960,105,1842.0,12.7,28459388928,72541868032,100,16163143680,1233723392,68.0,52.031,69.125,
60612628195336,252.000868745,203.3,18034016256,55608872960,105,1767.0,12.8,28459388928,72541868032,100,16163143680,1233723392,68.0,52.047,69.125,
60612682143753,252.054817162,203.9,18034020352,55608872960,105,1845.0,12.3,28459388928,72541868032,100,16163143680,1233723392,68.0,52.024,69.125,
60612736167981,252.10884139,203.6,18034020352,55608872960,105,1862.0,10.4,28459618304,72541638656,100,16163143680,1233723392,68.0,52.047,69.125,
60612790032180,252.162705589,204.2,18034024448,55608872960,105,1863.0,10.5,28459847680,72541409280,100,16163143680,1233723392,68.0,52.031,69.125,
60612844117273,252.216790682,221.4,18034028544,55608872960,105,1898.0,9.2,28459847680,72541409280,100,16163143680,1233723392,68.0,52.045,69.125,
60612898155979,252.270829388,204.0,18034028544,55608872960,105,1841.0,11.2,28459819008,72541437952,100,16163143680,1233723392,68.0,52.036,69.125,
60612952129041,252.32480245,203.9,18034028544,55608872960,105,1856.0,8.8,28459819008,72541437952,100,16163143680,1233723392,69.0,52.045,69.125,
60613006162888,252.378836297,222.0,18034028544,55608872960,105,1799.0,11.2,28459819008,72541437952,100,16163143680,1233723392,68.0,52.037,69.0,
60613066474104,252.439147513,928.6,18034036736,55608872960,105,1844.0,35.8,28463431680,72537825280,100,16163143680,1233723392,69.0,52.046,69.0,
60613120273301,252.49294671,204.3,18034036736,55608872960,105,1838.0,10.4,28465496064,72535760896,100,16163143680,1233723392,68.0,52.048,69.0,
60613175141232,252.547814641,218.8,18034036736,55608872960,105,1828.0,10.5,28465725440,72535531520,100,16163143680,1233723392,69.0,52.039,69.0,
60613229230633,252.601904042,203.4,18034036736,55608872960,105,1834.0,11.6,28465954816,72535302144,100,16163143680,1233723392,68.0,52.045,69.0,
60613283193717,252.655867126,203.8,18034036736,55608872960,105,1845.0,11.1,28466184192,72535072768,100,16163143680,1233723392,69.0,52.039,69.0,
60613337206344,252.709879753,203.5,18034040832,55608872960,105,1814.0,9.8,28466184192,72535072768,100,16163143680,1233723392,68.0,52.052,69.125,
60613394086697,252.766760106,211.1,18034044928,55608872960,105,1831.0,12.9,28470026240,72531230720,100,16167337984,1233723392,68.0,52.037,69.0,
60613448344213,252.821017622,221.2,18034044928,55608872960,105,1843.0,10.2,28471025664,72530231296,100,16167337984,1233723392,68.0,52.049,69.125,
60613506474170,252.879147579,189.2,18034044928,55608872960,105,1838.0,13.0,28471025664,72530231296,100,16167337984,1233723392,68.0,52.033,69.125,
60613561233406,252.933906815,219.1,18034044928,55608872960,105,1832.0,10.3,28471013376,72530243584,100,16167337984,1233723392,68.0,52.052,69.125,
60613616448457,252.989121866,217.3,18034044928,55608872960,105,1815.0,13.3,28471013376,72530243584,100,16167337984,1233723392,68.0,52.033,69.125,
60613671264250,253.043937659,200.7,18034044928,55608872960,105,1805.0,12.1,28471013376,72530243584,100,16167337984,1233723392,68.0,52.051,69.125,
60613725081290,253.097754699,204.4,18034044928,55608872960,105,1788.0,11.6,28470751232,72530505728,100,16167337984,1233723392,68.0,52.031,69.0,
60613779266972,253.151940381,202.9,18034044928,55608872960,105,1848.0,10.4,28470489088,72530767872,100,16167337984,1233723392,68.0,52.048,69.125,
60613833194669,253.205868078,222.6,18034049024,55608872960,105,1804.0,12.8,28470489088,72530767872,100,16167337984,1233723392,68.0,52.036,69.0,
60613887208879,253.259882288,203.7,18034049024,55608872960,105,1859.0,10.0,28471001088,72530255872,100,16167337984,1233723392,69.0,52.051,69.0,
60613941281859,253.313955268,203.4,18034049024,55608872960,105,1783.0,12.1,28470976512,72530280448,100,16167337984,1233723392,68.0,52.042,69.0,
60613995279828,253.367953237,203.7,18034053120,55608872960,105,1831.0,11.1,28471205888,72530051072,100,16167337984,1233723392,69.0,52.047,69.0,
60614049209861,253.42188327,203.8,18034053120,55608872960,105,1767.0,13.1,28470472704,72530784256,100,16167337984,1233723392,69.0,52.051,69.0,
60614104215659,253.476889068,218.3,18034057216,55608872960,105,1815.0,12.1,28470702080,72530554880,100,16167337984,1233723392,69.0,52.043,69.0,
60614158310531,253.53098394,203.4,18034057216,55608872960,105,1782.0,12.1,28470702080,72530554880,100,16167337984,1233723392,69.0,52.049,69.0,
60614212209394,253.584882803,185.5,18034057216,55608872960,105,1818.0,12.3,28471185408,72530071552,100,16167337984,1233723392,69.0,52.037,69.0,
60614266198296,253.638871705,221.8,18034057216,55608872960,105,1815.0,9.9,28471185408,72530071552,100,16167337984,1233723392,68.0,52.048,69.0,
60614320243715,253.692917124,222.4,18034057216,55608872960,105,1819.0,13.4,28471185408,72530071552,100,16167337984,1233723392,68.0,52.034,69.0,
60614374185839,253.746859248,185.4,18034061312,55608872960,105,1815.0,10.5,28471185408,72530071552,100,16167337984,1233723392,68.0,52.051,69.0,
60614428221620,253.800895029,203.6,18034061312,55608872960,105,1853.0,13.3,28470923264,72530333696,100,16167337984,1233723392,68.0,52.032,69.0,
60614482188781,253.85486219,203.8,18034065408,55608872960,105,1789.0,11.0,28470923264,72530333696,100,16167337984,1233723392,69.0,52.052,69.0,
60614536329799,253.909003208,221.7,18034065408,55608872960,105,1787.0,12.9,28470923264,72530333696,100,16167337984,1233723392,68.0,52.034,69.0,
60614590376449,253.963049858,202.8,18034069504,55608872960,105,1818.0,12.4,28470923264,72530333696,100,16167337984,1233723392,68.0,52.054,69.125,
60614645386997,254.018060406,200.7,18034069504,55608872960,105,1764.0,15.3,28470923264,72530333696,100,16167337984,1233723392,68.0,52.039,69.125,
60614700392335,254.073065744,200.0,18034069504,55608872960,105,1845.0,10.9,28470923264,72530333696,100,16167337984,1233723392,69.0,52.049,69.125,
60614755321150,254.127994559,236.7,18034069504,55608872960,105,1817.0,12.0,28470923264,72530333696,100,16167337984,1233723392,68.0,52.044,69.125,
60614809285436,254.181958845,203.8,18034069504,55608872960,105,1843.0,11.1,28471181312,72530075648,100,16167337984,1233723392,68.0,52.046,69.125,
60614863215878,254.235889287,185.3,18034069504,55608872960,105,1800.0,11.6,28471181312,72530075648,100,16167337984,1233723392,69.0,52.051,69.125,
60614917252811,254.28992622,222.2,18034073600,55608872960,105,1845.0,11.0,28471169024,72530087936,100,16167337984,1233723392,69.0,52.041,69.125,
60614971266039,254.343939448,203.7,18034073600,55608872960,105,1806.0,11.0,28471169024,72530087936,100,16167337984,1233723392,69.0,52.048,69.125,
60615025231577,254.397904986,203.7,18034073600,55608872960,105,1819.0,30.3,28471685120,72529571840,100,16167337984,1233723392,68.0,52.041,69.125,
60615080364905,254.453038314,199.6,18034073600,55608872960,105,1799.0,23.4,28472688640,72528568320,100,16167337984,1233723392,68.0,52.056,69.125,
60615134169011,254.50684242,204.6,18034073600,55608872960,105,1803.0,15.4,28472684544,72528572416,100,16167337984,1233723392,68.0,52.026,69.125,
60615188241350,254.560914759,240.4,18034073600,55608872960,105,1795.0,10.9,28471992320,72529264640,100,16167337984,1233723392,68.0,52.043,69.125,
60615242179306,254.614852715,185.4,18034077696,55608872960,105,1806.0,12.9,28472221696,72529035264,100,16167337984,1233723392,68.0,52.029,69.0,
60615296359597,254.669033006,202.6,18034077696,55608872960,105,1815.0,10.3,28472221696,72529035264,100,16167337984,1233723392,69.0,52.045,69.0,
60615350394997,254.723068406,204.0,18034077696,55608872960,105,1822.0,12.4,28471705600,72529551360,100,16167337984,1233723392,68.0,52.036,69.0,
60615404285044,254.776958453,204.2,18034077696,55608872960,105,1842.0,12.1,28471705600,72529551360,100,16167337984,1233723392,69.0,52.046,69.125,
60615460520558,254.833193967,231.0,18034077696,55608872960,105,1832.0,10.6,28471676928,72529580032,100,16167337984,1233723392,68.0,52.041,69.125,
60615514455419,254.887128828,204.1,18034081792,55608872960,105,1857.0,9.9,28470874112,72530382848,100,16167337984,1233723392,69.0,52.043,69.125,
60615568248865,254.940922274,204.5,18034081792,55608872960,105,1800.0,11.0,28470775808,72530481152,100,16167337984,1233723392,69.0,52.05,69.125,
60615622262634,254.994936043,222.2,18034081792,55608872960,105,1828.0,14.0,28471291904,72529965056,100,16167337984,1233723392,69.0,52.043,69.125,
60615676232881,255.04890629,203.8,18034081792,55608872960,105,1832.0,11.1,28471291904,72529965056,100,16167337984,1233723392,68.0,52.043,69.125,
60615730252531,255.10292594,185.1,18034085888,55608872960,105,1828.0,11.0,28471291904,72529965056,100,16167337984,1233723392,69.0,52.03,69.125,
60615784238718,255.156912127,203.8,18034089984,55608872960,105,1817.0,9.8,28471521280,72529735680,100,16167337984,1233723392,68.0,52.042,69.125,
60615838264049,255.210937458,203.6,18034089984,55608872960,105,1818.0,11.8,28470996992,72530259968,100,16167337984,1233723392,69.0,52.026,69.125,
60615892320968,255.264994377,222.0,18034089984,55608872960,105,1800.0,9.8,28470833152,72530423808,100,16167337984,1233723392,68.0,52.045,69.125,
60615946263453,255.318936862,204.0,18034089984,55608872960,105,1819.0,10.0,28471062528,72530194432,100,16167337984,1233723392,69.0,52.023,69.125,
60616000201520,255.372874929,203.9,18034094080,55608872960,105,1815.0,10.5,28471062528,72530194432,100,16167337984,1233723392,68.0,52.047,69.125,
60616054297493,255.426970902,203.3,18034094080,55608872960,105,1800.0,11.0,28471062528,72530194432,100,16167337984,1233723392,68.0,52.029,69.125,
60616108352670,255.481026079,203.1,18034094080,55608872960,105,1833.0,8.7,28471062528,72530194432,100,16167337984,1233723392,68.0,52.044,69.125,
60616162377519,255.535050928,222.5,18034094080,55608872960,105,1817.0,11.2,28471062528,72530194432,100,16167337984,1233723392,68.0,52.031,69.125,
60616217540813,255.590214222,217.6,18034094080,55608872960,105,1888.0,10.1,28471062528,72530194432,100,16167337984,1233723392,69.0,52.047,69.125,
60616271190940,255.643864349,204.9,18034098176,55608872960,105,1831.0,11.7,28470104064,72531152896,100,16167337984,1233723392,69.0,52.04,69.125,
60616325308003,255.697981412,184.8,18034098176,55608872960,105,1859.0,8.2,28470104064,72531152896,100,16167337984,1233723392,69.0,52.049,69.125,
60616379289501,255.75196291,222.2,18034098176,55608872960,105,1800.0,12.1,28470104064,72531152896,100,16163143680,1233723392,69.0,52.05,69.125,
60616434419813,255.807093222,199.6,18034098176,55608872960,105,1860.0,10.9,28467523584,72533733376,100,16163143680,1233723392,69.0,52.045,69.125,
60616488287799,255.860961208,204.1,18034098176,55608872960,105,1843.0,10.5,28467523584,72533733376,100,16163143680,1233723392,69.0,52.051,69.125,
60616542322156,255.914995565,203.5,18034102272,55608872960,105,1857.0,11.6,28465623040,72535633920,100,16163143680,1233723392,69.0,52.039,69.125,
60616596325465,255.968998874,203.6,18034102272,55608872960,105,1765.0,18.0,28476932096,72524324864,100,16163143680,1233723392,68.0,52.052,69.125,
60616651403079,256.024076488,199.8,18034102272,55608872960,105,1775.0,28.2,28476932096,72524324864,100,16163143680,1233723392,68.0,52.036,69.125,
60616706334979,256.079008388,236.6,18034102272,55608872960,105,1812.0,17.9,28470038528,72531218432,100,16163143680,1233723392,68.0,52.046,69.125,
60616761241421,256.13391483,200.5,18034106368,55608872960,105,1816.0,15.3,28469907456,72531349504,100,16163143680,1233723392,68.0,52.025,69.125,
60616818658100,256.191331509,975.5,18034114560,55608872960,105,1831.0,35.1,28469907456,72531349504,100,16163143680,1233723392,68.0,52.045,69.125,
60616875353336,256.248026745,229.2,18034114560,55608872960,105,1789.0,11.2,28469268480,72531988480,100,16163143680,1233723392,68.0,52.029,69.125,
60616929368337,256.302041746,203.5,18034114560,55608872960,105,1874.0,9.1,28469993472,72531263488,100,16163143680,1233723392,69.0,52.046,69.125,
60616983363701,256.35603711,203.8,18034114560,55608872960,105,1830.0,11.8,28469993472,72531263488,100,16163143680,1233723392,68.0,52.036,69.125,
60617037327196,256.410000605,203.9,18034114560,55608872960,105,1861.0,8.8,28469735424,72531521536,100,16163143680,1233723392,69.0,52.046,69.125,
60617091488060,256.464161469,202.8,18034122752,55608872960,105,1772.0,13.1,28471795712,72529461248,100,16163143680,1233723392,68.0,52.041,69.125,
60617146323199,256.518996608,219.1,18034122752,55608872960,105,1844.0,9.9,28471795712,72529461248,100,16163143680,1233723392,69.0,52.043,69.125,
60617200296522,256.572969931,203.7,18034122752,55608872960,105,1800.0,10.5,28472049664,72529207296,100,16163143680,1233723392,68.0,52.049,69.125,
60617254475109,256.627148518,203.1,18034122752,55608872960,105,1871.0,9.9,28472279040,72528977920,100,16163143680,1233723392,69.0,52.04,69.125,
60617308346181,256.68101959,204.1,18034122752,55608872960,105,1803.0,10.4,28472508416,72528748544,100,16163143680,1233723392,69.0,52.048,69.125,
60617362321157,256.734994566,203.9,18034122752,55608872960,105,1816.0,11.0,28473024512,72528232448,100,16167337984,1233723392,69.0,52.036,69.125,
60617416503221,256.78917663,221.2,18034122752,55608872960,105,1824.0,9.9,28473282560,72527974400,100,16167337984,1233723392,68.0,52.047,69.125,
60617470342152,256.843015561,204.5,18034122752,55608872960,105,1860.0,12.8,28473511936,72527745024,100,16167337984,1233723392,68.0,52.03,69.125,
60617524325413,256.896998822,203.8,18034122752,55608872960,105,1857.0,9.9,28473511936,72527745024,100,16167337984,1233723392,69.0,52.05,69.125,
60617578285441,256.95095885,203.7,18034126848,55608872960,105,1779.0,14.5,28473741312,72527515648,100,16167337984,1233723392,68.0,52.034,69.125,
60617632349043,257.005022452,203.6,18034130944,55608872960,105,1804.0,12.3,28473741312,72527515648,100,16167337984,1233723392,68.0,52.049,69.125,
60617686423335,257.059096744,203.3,18034135040,55608872960,105,1804.0,14.9,28473741312,72527515648,100,16167337984,1233723392,68.0,52.033,69.125,
60617741321552,257.113994961,200.6,18034135040,55608872960,105,1833.0,10.4,28473970688,72527286272,100,16167337984,1233723392,69.0,52.048,69.125,
60617799396465,257.172069874,223.7,18034135040,55608872960,105,1778.0,12.8,28474429440,72526827520,100,16167337984,1233723392,68.0,52.036,69.125,
60617854381405,257.227054814,200.1,18034135040,55608872960,105,1818.0,9.4,28474429440,72526827520,100,16167337984,1233723392,70.0,52.049,69.25,
60617910378532,257.283051941,232.1,18034135040,55608872960,105,1776.0,12.8,28474429440,72526827520,100,16167337984,1233723392,68.0,52.042,69.25,
60617964389756,257.337063165,203.7,18034135040,55608872960,105,1799.0,10.6,28474417152,72526839808,100,16167337984,1233723392,69.0,52.044,69.25,
60618018502039,257.391175448,203.2,18034135040,55608872960,105,1816.0,11.1,28474417152,72526839808,100,16167337984,1233723392,69.0,52.05,69.25,
60618072373912,257.445047321,204.2,18034135040,55608872960,105,1801.0,12.2,28474417152,72526839808,100,16167337984,1233723392,69.0,52.04,69.25,
60618126384404,257.499057813,185.1,18034135040,55608872960,105,1783.0,9.3,28474417152,72526839808,100,16167337984,1233723392,68.0,52.042,69.25,
60618180510694,257.553184103,240.2,18034143232,55608872960,105,1788.0,12.3,28474417152,72526839808,100,16167337984,1233723392,69.0,52.029,69.25,
60618234400580,257.607073989,185.6,18034143232,55608872960,105,1776.0,10.9,28474417152,72526839808,100,16167337984,1233723392,68.0,52.044,69.25,
60618289425324,257.662098733,218.0,18034143232,55608872960,105,1772.0,13.6,28474417152,72526839808,100,16167337984,1233723392,69.0,52.03,69.25,
60618346633852,257.719307261,209.8,18034143232,55608872960,105,1831.0,11.2,28474417152,72526839808,100,16167337984,1233723392,68.0,52.045,69.25,
60618400333863,257.773007272,204.9,18034143232,55608872960,105,1774.0,13.0,28474417152,72526839808,100,16167337984,1233723392,69.0,52.025,69.25,
60618454396022,257.827069431,203.4,18034143232,55608872960,105,1814.0,11.0,28474417152,72526839808,100,16167337984,1233723392,68.0,52.046,69.25,
60618508506242,257.881179651,203.2,18034143232,55608872960,105,1794.0,11.8,28474646528,72526610432,100,16167337984,1233723392,68.0,52.032,69.25,
60618562429741,257.93510315,204.1,18034143232,55608872960,105,1826.0,12.1,28474634240,72526622720,100,16167337984,1233723392,69.0,52.05,69.25,
60618616428171,257.98910158,203.7,18034143232,55608872960,105,1776.0,15.5,28474634240,72526622720,100,16167337984,1233723392,68.0,52.042,69.25,
60618670453060,258.043126469,222.1,18034143232,55608872960,105,1820.0,12.3,28474634240,72526622720,100,16167337984,1233723392,69.0,52.044,69.25,
60618727475630,258.100149039,210.3,18034151424,55608872960,105,1808.0,11.9,28474634240,72526622720,100,16167337984,1233723392,69.0,52.046,69.25,
60618782603477,258.155276886,199.7,18034151424,55608872960,105,1776.0,11.6,28475117568,72526139392,100,16167337984,1233723392,69.0,52.039,69.25,
60618836581048,258.209254457,222.2,18034151424,55608872960,105,1808.0,11.0,28475117568,72526139392,100,16167337984,1233723392,68.0,52.045,69.25,
60618892499948,258.265173357,196.8,18034151424,55608872960,105,1779.0,13.5,28475117568,72526139392,100,16167337984,1233723392,69.0,52.031,69.25,
60618946440339,258.319113748,203.7,18034151424,55608872960,105,1789.0,9.8,28475346944,72525910016,100,16167337984,1233723392,68.0,52.04,69.25,
60619001420540,258.374093949,218.5,18034151424,55608872960,105,1791.0,13.9,28475346944,72525910016,100,16167337984,1233723392,69.0,52.027,69.25,
60619055474974,258.428148383,203.5,18034151424,55608872960,105,1801.0,10.5,28475604992,72525651968,100,16167337984,1233723392,68.0,52.045,69.25,
60619109325567,258.481998976,204.3,18034151424,55608872960,105,1778.0,14.0,28474572800,72526684160,100,16167337984,1233723392,68.0,52.022,69.25,
60619163404498,258.536077907,203.3,18034151424,55608872960,105,1793.0,10.5,28474572800,72526684160,100,16167337984,1233723392,68.0,52.047,69.25,
60619218486870,258.591160279,218.0,18034151424,55608872960,105,1792.0,12.6,28472508416,72528748544,100,16167337984,1233723392,68.0,52.029,69.25,
60619272399749,258.645073158,204.0,18034155520,55608872960,105,1875.0,9.8,28472508416,72528748544,100,16167337984,1233723392,69.0,52.044,69.25,
60619326389242,258.699062651,203.7,18034155520,55608872960,105,1791.0,12.8,28472508416,72528748544,100,16167337984,1233723392,69.0,52.039,69.25,
60619380543444,258.753216853,203.2,18034155520,55608872960,105,1834.0,11.6,28472995840,72528261120,100,16167337984,1233723392,69.0,52.051,69.25,
60619434399126,258.807072535,222.8,18034159616,55608872960,105,1789.0,11.2,28472995840,72528261120,100,16167337984,1233723392,68.0,52.049,69.25,
60619489563192,258.862236601,199.4,18034159616,55608872960,105,1816.0,10.3,28473249792,72528007168,100,16167337984,1233723392,69.0,52.044,69.25,
60619543446295,258.916119704,204.2,18034159616,55608872960,105,1836.0,9.4,28473479168,72527777792,100,16167337984,1233723392,69.0,52.048,69.25,
60619597463229,258.970136638,203.7,18034159616,55608872960,105,1833.0,13.8,28473708544,72527548416,100,16167337984,1233723392,69.0,52.041,69.25,
60619651408700,259.024082109,222.3,18034159616,55608872960,105,1797.0,12.2,28473958400,72527298560,100,16167337984,1233723392,68.0,52.044,69.25,
60619705569424,259.078242833,203.1,18034159616,55608872960,105,1782.0,10.4,28474187776,72527069184,100,16167337984,1233723392,69.0,52.028,69.25,
60619760478471,259.13315188,200.4,18034159616,55608872960,105,1835.0,9.9,28474417152,72526839808,100,16167337984,1233723392,69.0,52.047,69.25,
60619814477772,259.187151181,203.7,18034159616,55608872960,105,1825.0,11.0,28474646528,72526610432,100,16167337984,1233723392,69.0,52.025,69.25,
60619868599573,259.241272982,221.7,18034163712,55608872960,105,1777.0,9.8,28474646528,72526610432,100,16167337984,1233723392,69.0,52.049,69.25,
60619922531829,259.295205238,204.0,18034167808,55608872960,105,1787.0,11.0,28474388480,72526868480,100,16167337984,1233723392,68.0,52.029,69.25,
60619976527634,259.349201043,203.3,18034171904,55608872960,105,1857.0,9.2,28474388480,72526868480,100,16167337984,1233723392,69.0,52.047,69.25,
60620030471681,259.40314509,204.4,18034171904,55608872960,105,1801.0,11.1,28474388480,72526868480,100,16167337984,1233723392,68.0,52.035,69.25,
60620084557916,259.457231325,203.3,18034171904,55608872960,105,1873.0,9.4,28474388480,72526868480,100,16167337984,1233723392,69.0,52.049,69.25,
60620140592082,259.513265491,214.2,18034171904,55608872960,105,1816.0,10.7,28474388480,72526868480,100,16167337984,1233723392,68.0,52.043,69.25,
60620194482099,259.567155508,204.2,18034171904,55608872960,105,1849.0,9.4,28474388480,72526868480,100,16167337984,1233723392,69.0,52.045,69.25,
60620248426267,259.621099676,203.8,18034171904,55608872960,105,1828.0,9.9,28474388480,72526868480,100,16167337984,1233723392,69.0,52.047,69.25,
60620302505838,259.675179247,203.5,18034171904,55608872960,105,1830.0,10.4,28474617856,72526639104,100,16167337984,1233723392,69.0,52.036,69.25,
60620356533002,259.729206411,203.6,18034176000,55608872960,105,1834.0,9.8,28474617856,72526639104,100,16167337984,1233723392,68.0,52.043,69.25,
60620411442961,259.78411637,218.5,18034176000,55608872960,105,1800.0,12.6,28472266752,72528990208,100,16163143680,1233723392,68.0,52.027,69.25,
60620465524035,259.838197444,203.5,18034180096,55608872960,105,1829.0,8.7,28472119296,72529137664,100,16163143680,1233723392,69.0,52.043,69.25,
60620519583920,259.892257329,203.6,18034184192,55608872960,105,1818.0,12.1,28472119296,72529137664,100,16163143680,1233723392,68.0,52.021,69.25,
60620576588516,259.949261925,999.3,18034196480,55608872960,105,1777.0,38.0,28471791616,72529465344,100,16163143680,1233723392,68.0,52.051,69.25,
60620630425593,260.003099002,222.9,18034196480,55608872960,105,1774.0,15.2,28471791616,72529465344,100,16163143680,1235816448,68.0,52.028,69.25,
60620684579905,260.057253314,184.4,18034196480,55608872960,105,1835.0,11.6,28471791616,72529465344,100,16163143680,1235816448,68.0,52.043,69.25,
60620738487064,260.111160473,204.2,18034196480,55608872960,105,1773.0,11.0,28471791616,72529465344,100,16163143680,1235816448,68.0,52.03,69.25,
60620794617300,260.167290709,213.9,18034200576,55608872960,105,1887.0,8.9,28472020992,72529235968,100,16163143680,1235816448,69.0,52.046,69.25,
60620848578991,260.2212524,203.8,18034200576,55608872960,105,1785.0,13.5,28472020992,72529235968,100,16163143680,1235816448,68.0,52.036,69.25,
60620902626913,260.275300322,203.5,18034200576,55608872960,105,1869.0,9.9,28472274944,72528982016,100,16163143680,1235816448,69.0,52.044,69.25,
60620956488827,260.329162236,204.4,18034200576,55608872960,105,1775.0,11.6,28472758272,72528498688,100,16163143680,1235816448,68.0,52.046,69.25,
60621011466993,260.384140402,218.1,18034200576,55608872960,105,1828.0,9.8,28472987648,72528269312,100,16163143680,1235816448,69.0,52.041,69.25,
60621065486152,260.438159561,203.6,18034200576,55608872960,105,1819.0,11.0,28474535936,72526721024,100,16163143680,1235816448,69.0,52.045,69.25,
60621119443104,260.492116513,203.8,18034200576,55608872960,105,1775.0,34.1,28474793984,72526462976,100,16163143680,1235816448,69.0,52.035,69.25,
60621173656065,260.546329474,203.0,18034200576,55608872960,105,1791.0,18.7,28475310080,72525946880,100,16163143680,1235816448,68.0,52.042,69.25,
60621229547404,260.602220813,232.5,18034200576,55608872960,105,1805.0,11.9,28475310080,72525946880,100,16163143680,1235816448,68.0,52.019,69.125,
60621283566623,260.656240032,203.6,18034204672,55608872960,105,1793.0,9.2,28475310080,72525946880,100,16163143680,1235816448,68.0,52.044,69.25,
60621340516646,260.713190055,193.2,18034208768,55608872960,105,1805.0,11.5,28475310080,72525946880,100,16163143680,1235816448,68.0,52.028,69.25,
60621397610249,260.770283658,227.6,18034208768,55608872960,105,1793.0,11.4,28475047936,72526209024,100,16167337984,1235816448,69.0,52.051,69.25,
60621451462444,260.824135853,204.2,18034208768,55608872960,105,1818.0,11.6,28475047936,72526209024,100,16167337984,1235816448,68.0,52.03,69.25,
60621506595160,260.879268569,199.5,18034208768,55608872960,105,1806.0,11.4,28475305984,72525950976,100,16167337984,1235816448,69.0,52.048,69.25,
60621560596646,260.933270055,203.9,18034208768,55608872960,105,1796.0,13.5,28475305984,72525950976,100,16167337984,1235816448,69.0,52.036,69.25,
60621614484297,260.987157706,222.7,18034208768,55608872960,105,1867.0,12.9,28475293696,72525963264,100,16167337984,1235816448,69.0,52.053,69.25,
60621668423316,261.041096725,203.9,18034208768,55608872960,105,1810.0,13.5,28475781120,72525475840,100,16167337984,1235816448,68.0,52.042,69.25,
60621722690389,261.095363798,202.7,18034208768,55608872960,105,1830.0,11.0,28475260928,72525996032,100,16167337984,1235816448,69.0,52.045,69.25,
60621776499964,261.149173373,204.3,18034212864,55608872960,105,1789.0,11.0,28475260928,72525996032,100,16167337984,1235816448,69.0,52.049,69.25,
60621831561547,261.204234956,218.1,18034212864,55608872960,105,1800.0,12.2,28475260928,72525996032,100,16167337984,1235816448,69.0,52.041,69.25,
60621885550860,261.258224269,203.6,18034212864,55608872960,105,1782.0,11.6,28475740160,72525516800,100,16167337984,1235816448,69.0,52.047,69.25,
60621939571921,261.31224533,203.7,18034216960,55608872960,105,1807.0,12.1,28475740160,72525516800,100,16167337984,1235816448,69.0,52.033,69.25,
60621993541116,261.366214525,203.9,18034216960,55608872960,105,1808.0,9.3,28475969536,72525287424,100,16167337984,1235816448,68.0,52.041,69.25,
60622047677825,261.420351234,203.1,18034216960,55608872960,105,1792.0,13.3,28475654144,72525602816,100,16167337984,1235816448,69.0,52.026,69.25,
60622101607906,261.474281315,204.0,18034216960,55608872960,105,1793.0,10.5,28475654144,72525602816,100,16167337984,1235816448,69.0,52.046,69.25,
60622156647748,261.529321157,199.8,18034216960,55608872960,105,1772.0,12.4,28475912192,72525344768,100,16167337984,1235816448,68.0,52.026,69.125,
60622210572871,261.58324628,222.5,18034216960,55608872960,105,1837.0,10.0,28475912192,72525344768,100,16167337984,1235816448,69.0,52.046,69.125,
60622264458128,261.637131537,204.2,18034216960,55608872960,105,1776.0,11.0,28476141568,72525115392,100,16167337984,1235816448,68.0,52.031,69.125,
60622318621737,261.691295146,203.1,18034216960,55608872960,105,1866.0,9.9,28476141568,72525115392,100,16167337984,1235816448,69.0,52.047,69.125,
60622372650213,261.745323622,203.6,18034221056,55608872960,105,1798.0,13.3,28476370944,72524886016,100,16167337984,1235816448,68.0,52.039,69.125,
60622426548495,261.799221904,204.1,18034225152,55608872960,105,1865.0,9.4,28476370944,72524886016,100,16167337984,1235816448,69.0,52.042,69.125,
60622481550636,261.854224045,218.1,18034229248,55608872960,105,1829.0,11.9,28476370944,72524886016,100,16167337984,1235816448,69.0,52.048,69.125,
60622535528567,261.908201976,222.3,18034229248,55608872960,105,1866.0,11.1,28474798080,72526458880,100,16165572608,1235816448,69.0,52.04,69.125,
60622591840644,261.964514053,195.3,18034229248,55608872960,105,1837.0,13.2,28476194816,72525062144,100,16167337984,1235816448,68.0,52.049,69.125,
60622645570300,262.018243709,204.8,18034229248,55608872960,105,1795.0,13.5,28476194816,72525062144,100,16167337984,1235816448,68.0,52.034,69.125,
60622699586863,262.072260272,203.7,18034229248,55608872960,105,1789.0,9.9,28476194816,72525062144,100,16167337984,1235816448,68.0,52.037,69.125,
60622753575244,262.126248653,203.6,18034229248,55608872960,105,1804.0,13.9,28476194816,72525062144,100,16167337984,1235816448,68.0,52.023,69.125,
60622807717683,262.180391092,221.7,18034229248,55608872960,105,1778.0,11.0,28476710912,72524546048,100,16167337984,1235816448,68.0,52.043,69.125,
60622861451767,262.234125176,204.6,18034229248,55608872960,105,1818.0,12.8,28476710912,72524546048,100,16167337984,1235816448,68.0,52.023,69.125,
60622915659299,262.288332708,203.0,18034233344,55608872960,105,1819.0,9.9,28476923904,72524333056,100,16167337984,1235816448,68.0,52.045,69.125,
60622969449868,262.342123277,204.5,18034237440,55608872960,105,1775.0,12.2,28476923904,72524333056,100,16167337984,1235816448,68.0,52.029,69.125,
60623023667990,262.396341399,202.9,18034237440,55608872960,105,1879.0,10.5,28476923904,72524333056,100,16167337984,1235816448,69.0,52.046,69.125,
60623079745327,262.452418736,214.0,18034237440,55608872960,105,1789.0,13.5,28477181952,72524075008,100,16167337984,1235816448,68.0,52.037,69.125,
60623133539423,262.506212832,204.7,18034237440,55608872960,105,1856.0,10.6,28477698048,72523558912,100,16167337984,1235816448,68.0,52.041,69.125,
60623187547481,262.56022089,203.5,18034237440,55608872960,105,1806.0,11.0,28475633664,72525623296,100,16167337984,1235816448,69.0,52.044,69.125,
60623242584026,262.615257435,218.1,18034237440,55608872960,105,1793.0,12.1,28475596800,72525660160,100,16167337984,1235816448,69.0,52.038,69.125,
60623296618954,262.669292363,203.5,18034237440,55608872960,105,1803.0,11.0,28475596800,72525660160,100,16167337984,1235816448,69.0,52.044,69.125,
60623350630128,262.723303537,203.6,18034237440,55608872960,105,1820.0,11.8,28475596800,72525660160,100,16167337984,1235816448,69.0,52.039,69.125,
60623404730909,262.777404318,203.3,18034237440,55608872960,105,1812.0,11.0,28475596800,72525660160,100,16167337984,1235816448,68.0,52.044,69.125,
60623459601123,262.832274532,218.4,18034237440,55608872960,105,1803.0,11.4,28475596800,72525660160,100,16167337984,1235816448,68.0,52.031,69.125,
60623513642974,262.886316383,203.9,18034241536,55608872960,105,1861.0,8.8,28475826176,72525430784,100,16167337984,1235816448,69.0,52.047,69.125,
60623567662913,262.940336322,203.6,18034241536,55608872960,105,1815.0,12.4,28475297792,72525959168,100,16167337984,1233719296,68.0,52.028,69.125,
60623621575221,262.99424863,204.0,18034245632,55608872960,105,1826.0,12.7,28475297792,72525959168,100,16167337984,1233719296,69.0,52.054,69.125,
60623675588127,263.048261536,203.6,18034245632,55608872960,105,1775.0,14.0,28475297792,72525959168,100,16167337984,1233719296,68.0,52.027,69.125,
60623731720658,263.104394067,213.9,18034245632,55608872960,105,1873.0,10.1,28475527168,72525729792,100,16167337984,1233719296,68.0,52.045,69.125,
60623786829960,263.159503369,199.7,18034249728,55608872960,105,1859.0,9.7,28475265024,72525991936,100,16167337984,1233719296,68.0,52.03,69.125,
60623840617925,263.213291334,223.1,18034249728,55608872960,105,1885.0,8.8,28475265024,72525991936,100,16167337984,1233719296,69.0,52.047,69.125,
60623894823342,263.267496751,202.8,18034249728,55608872960,105,1843.0,10.4,28472094720,72529162240,100,16167337984,1233719296,68.0,52.037,69.125,
60623948587993,263.321261402,204.7,18034249728,55608872960,105,1892.0,9.9,28472094720,72529162240,100,16167337984,1233719296,68.0,52.044,69.125,
60624002584098,263.375257507,203.6,18034249728,55608872960,105,1777.0,10.5,28472094720,72529162240,100,16167337984,1233719296,69.0,52.049,69.125,
60624056583860,263.429257269,222.2,18034249728,55608872960,105,1844.0,12.1,28472094720,72529162240,100,16167337984,1233719296,69.0,52.041,69.125,
60624111621989,263.484295398,199.9,18034257920,55608872960,105,1774.0,10.8,28472094720,72529162240,100,16167337984,1233719296,68.0,52.046,69.125,
60624165704145,263.538377554,203.3,18034257920,55608872960,105,1801.0,10.9,28472094720,72529162240,100,16167337984,1233719296,69.0,52.034,69.125,
60624220644130,263.593317539,218.6,18034257920,55608872960,105,1871.0,8.9,28472094720,72529162240,100,16167337984,1233719296,67.0,52.025,69.125,
60624279046596,263.651720005,565.0,18034257920,55608872960,105,1761.0,32.5,28472094720,72529162240,100,16167337984,1233719296,68.0,52.027,69.125,
60624336710518,263.709383927,624.4,18034257920,55608872960,105,1845.0,13.4,28472094720,72529162240,100,16167337984,1233719296,68.0,52.052,69.125,
60624390672008,263.763345417,203.7,18034257920,55608872960,105,1800.0,12.2,28469735424,72531521536,100,16167337984,1233719296,68.0,52.036,69.125,
60624444663214,263.817336623,203.9,18034257920,55608872960,105,1790.0,9.4,28469735424,72531521536,100,16167337984,1233719296,68.0,52.056,69.125,
60624498575211,263.87124862,222.6,18034257920,55608872960,105,1823.0,10.6,28469145600,72532111360,100,16167337984,1233719296,68.0,52.036,69.125,
60624552713823,263.925387232,203.2,18034257920,55608872960,105,1835.0,10.3,28469137408,72532119552,100,16167337984,1233719296,69.0,52.056,69.125,
60624606835093,263.979508502,203.3,18034257920,55608872960,105,1780.0,14.0,28469137408,72532119552,100,16167337984,1233719296,68.0,52.041,69.125,
60624660659806,264.033333215,204.5,18034257920,55608872960,105,1846.0,10.5,28469366784,72531890176,100,16167337984,1233719296,69.0,52.053,69.125,
60624714668986,264.087342395,203.6,18034257920,55608872960,105,1803.0,11.6,28469596160,72531660800,100,16167337984,1233719296,68.0,52.045,69.125,
60624768642108,264.141315517,222.5,18034257920,55608872960,105,1856.0,8.8,28469596160,72531660800,100,16167337984,1233719296,69.0,52.046,69.125,
60624822573691,264.1952471,203.7,18034262016,55608872960,105,1817.0,9.9,28469596160,72531660800,100,16167337984,1233719296,68.0,52.05,69.125,
60624876716241,264.24938965,203.3,18034262016,55608872960,105,1787.0,9.9,28469596160,72531660800,100,16167337984,1233719296,69.0,52.047,69.25,
60624938803195,264.311476604,225.5,18034262016,55608872960,105,1843.0,8.6,28468809728,72532447232,100,16167337984,1233719296,69.0,52.052,69.25,
60624992612860,264.365286269,185.9,18034262016,55608872960,105,1869.0,10.5,28468809728,72532447232,100,16167337984,1233719296,69.0,52.046,69.25,
60625051779720,264.424453129,219.7,18034262016,55608872960,105,1857.0,9.4,28469067776,72532189184,100,16167337984,1233719296,68.0,52.05,69.25,
60625106748168,264.479421577,218.1,18034262016,55608872960,105,1905.0,12.3,28472164352,72529092608,100,16167337984,1233719296,69.0,52.039,69.25,
60625159737966,264.532411375,207.5,18034262016,55608872960,105,1869.0,8.9,28472164352,72529092608,100,16167337984,1233719296,68.0,52.044,69.25,
60625213644934,264.586318343,204.1,18034262016,55608872960,105,1884.0,10.5,28471902208,72529354752,100,16167337984,1233719296,69.0,52.03,69.25,
60625267781021,264.64045443,203.2,18034262016,55608872960,105,1868.0,8.7,28471640064,72529616896,100,16167337984,1233719296,68.0,52.047,69.25,
60625320816555,264.693489964,207.4,18034262016,55608872960,105,1841.0,9.5,28471640064,72529616896,100,16167337984,1233719296,68.0,52.028,69.25,
60625374610170,264.747283579,204.5,18034266112,55608872960,105,1871.0,11.6,28471640064,72529616896,100,16163143680,1233719296,68.0,52.048,69.25,
60625429754117,264.802427526,217.7,18034266112,55608872960,105,1799.0,11.5,28472406016,72528850944,100,16167337984,1233719296,68.0,52.031,69.25,
60625482964789,264.855638198,206.6,18034266112,55608872960,105,1887.0,9.9,28472406016,72528850944,100,16167337984,1233719296,69.0,52.047,69.25,
60625536725253,264.909398662,204.7,18034266112,55608872960,105,1815.0,13.0,28472406016,72528850944,100,16167337984,1233719296,68.0,52.04,69.25,
60625589711534,264.962384943,188.7,18034266112,55608872960,105,1856.0,26.2,28472406016,72528850944,100,16167337984,1233719296,68.0,52.056,69.25,
60625642665295,265.015338704,207.8,18034266112,55608872960,105,1895.0,27.2,28472406016,72528850944,100,16167337984,1233719296,68.0,52.058,69.25,
60625695659431,265.06833284,207.7,18034266112,55608872960,105,1826.0,14.2,28470857728,72530399232,100,16167337984,1233719296,68.0,52.02,69.125,
60625748601660,265.121275069,208.0,18034266112,55608872960,105,1782.0,9.5,28470857728,72530399232,100,16167337984,1233719296,68.0,52.041,69.125,
60625801432119,265.174105528,208.2,18034266112,55608872960,105,1821.0,10.7,28470857728,72530399232,100,16167337984,1233719296,68.0,52.021,69.125,
60625854637522,265.227310931,206.8,18034266112,55608872960,105,1905.0,8.9,28470857728,72530399232,100,16167337984,1233719296,68.0,52.042,69.125,
60625907587495,265.280260904,207.4,18034270208,55608872960,105,1772.0,12.3,28470857728,72530399232,100,16167337984,1233719296,68.0,52.033,69.125,
60625960777288,265.333450697,188.0,18034270208,55608872960,105,1880.0,8.9,28468535296,72532721664,100,16167337984,1233719296,69.0,52.041,69.125,
60626013770152,265.386443561,207.6,18034270208,55608872960,105,1818.0,10.7,28468764672,72532492288,100,16167337984,1233719296,68.0,52.046,69.125,
60626066678418,265.439351827,227.1,18034270208,55608872960,105,1828.0,10.7,28469252096,72532004864,100,16167337984,1233719296,69.0,52.034,69.125,
60626119605187,265.492278596,207.6,18034270208,55608872960,105,1855.0,9.4,28469252096,72532004864,100,16167337984,1233719296,68.0,52.039,69.125,
60626172666790,265.545340199,188.8,18034270208,55608872960,105,1884.0,10.2,28469481472,72531775488,100,16167337984,1233719296,68.0,52.026,69.125,
60626224746732,265.597420141,210.9,18034270208,55608872960,105,1801.0,10.1,28469223424,72532033536,100,16167337984,1233719296,68.0,52.045,69.125,
60626277766817,265.650440226,207.5,18034270208,55608872960,105,1838.0,12.9,28467650560,72533606400,100,16165572608,1233719296,68.0,52.023,69.125,
60626330689470,265.703362879,189.2,18034270208,55608872960,105,1904.0,7.8,28467748864,72533508096,100,16165572608,1233719296,68.0,52.043,69.125,
60626383626008,265.756299417,207.7,18034270208,55608872960,105,1890.0,10.7,28467748864,72533508096,100,16165572608,1233719296,68.0,52.039,69.125,
60626436950694,265.809624103,224.6,18034270208,55608872960,105,1923.0,9.9,28467748864,72533508096,100,16165572608,1233719296,68.0,52.051,69.125,
60626492997273,265.865670682,196.3,18034274304,55608872960,105,1791.0,12.2,28467748864,72533508096,100,16165572608,1233719296,68.0,52.047,69.125,
60626547751559,265.920424968,201.1,18034274304,55608872960,105,1897.0,10.3,28468232192,72533024768,100,16165572608,1233719296,68.0,52.046,69.125,
60626601816603,265.974490012,221.9,18034274304,55608872960,105,1761.0,13.8,28470280192,72530976768,100,16167337984,1233719296,69.0,52.053,69.125,
60626655935899,266.028609308,203.2,18034274304,55608872960,105,1823.0,12.2,28471021568,72530235392,100,16167337984,1233719296,69.0,52.035,69.125,
60626709782754,266.082456163,204.3,18034274304,55608872960,105,1840.0,9.9,28471021568,72530235392,100,16167337984,1233719296,68.0,52.045,69.125,
60626764026884,266.136700293,202.8,18034274304,55608872960,105,1820.0,11.1,28471250944,72530006016,100,16167337984,1233719296,68.0,52.03,69.125,
60626817713979,266.190387388,223.5,18034278400,55608872960,105,1840.0,10.5,28470456320,72530800640,100,16167337984,1233719296,68.0,52.046,69.125,
60626871594267,266.244267676,204.2,18034278400,55608872960,105,1827.0,11.1,28470456320,72530800640,100,16167337984,1233719296,68.0,52.027,69.125,
60626925820343,266.298493752,202.9,18034278400,55608872960,105,1884.0,10.3,28470366208,72530890752,100,16167337984,1233719296,69.0,52.047,69.125,
60626979798193,266.352471602,203.8,18034282496,55608872960,105,1870.0,11.1,28470329344,72530927616,100,16167337984,1233719296,68.0,52.031,69.125,
60627033831357,266.406504766,203.7,18034282496,55608872960,105,1908.0,9.3,28470329344,72530927616,100,16167337984,1233719296,69.0,52.048,69.125,
60627087817774,266.460491183,222.2,18034282496,55608872960,105,1812.0,12.6,28474937344,72526319616,100,16167337984,1233719296,68.0,52.04,69.125,
60627142674602,266.515348011,200.5,18034282496,55608872960,105,1871.0,11.0,28474650624,72526606336,100,16167337984,1233719296,69.0,52.042,69.125,
60627195707181,266.56838059,207.3,18034282496,55608872960,105,1854.0,10.1,28474650624,72526606336,100,16167337984,1233719296,68.0,52.046,69.125,
60627248805602,266.621479011,207.3,18034282496,55608872960,105,1918.0,11.3,28473618432,72527638528,100,16167337984,1233719296,69.0,52.035,69.125,
60627301720831,266.67439424,188.9,18034282496,55608872960,105,1839.0,8.3,28473323520,72527933440,100,16167337984,1233719296,68.0,52.04,69.125,
60627354664763,266.727338172,208.0,18034282496,55608872960,105,1832.0,14.1,28473552896,72527704064,100,16167337984,1233719296,68.0,52.023,69.125,
60627407783823,266.780457232,207.1,18034286592,55608872960,105,1881.0,10.0,28473552896,72527704064,100,16167337984,1233719296,68.0,52.043,69.125,
60627460642686,266.833316095,208.0,18034286592,55608872960,105,1869.0,10.1,28473552896,72527704064,100,16167337984,1233719296,68.0,52.027,69.125,
60627513793916,266.886467325,224.7,18034290688,55608872960,105,1894.0,8.2,28473782272,72527474688,100,16167337984,1233719296,68.0,52.043,69.125,
60627569681968,266.942355377,197.7,18034290688,55608872960,105,1867.0,12.4,28473769984,72527486976,100,16165240832,1233719296,68.0,52.035,69.125,
60627623793469,266.996466878,203.3,18034290688,55608872960,105,1880.0,11.6,28473769984,72527486976,100,16165240832,1233719296,69.0,52.049,69.125,
60627678759492,267.051432901,218.4,18034290688,55608872960,105,1861.0,10.4,28473769984,72527486976,100,16165240832,1233719296,68.0,52.043,69.125,
60627732849332,267.105522741,203.4,18034290688,55608872960,105,1822.0,9.8,28473769984,72527486976,100,16165240832,1233719296,69.0,52.037,69.125,
60627786726645,267.159400054,204.3,18034290688,55608872960,105,1874.0,9.3,28473769984,72527486976,100,16165240832,1233719296,68.0,52.043,69.125,
60627840639653,267.213313062,203.9,18034290688,55608872960,105,1903.0,9.9,28473499648,72527757312,100,16165240832,1233719296,69.0,52.028,69.125,
60627893730861,267.26640427,207.4,18034290688,55608872960,105,1897.0,7.7,28472991744,72528265216,100,16165240832,1233719296,68.0,52.037,69.125,
60627946680144,267.319353553,188.6,18034294784,55608872960,105,1847.0,9.9,28471382016,72529874944,100,16165240832,1233719296,68.0,52.02,69.125,
60628000773520,267.373446929,221.7,18034294784,55608872960,105,1870.0,9.3,28471611392,72529645568,100,16165240832,1233719296,69.0,52.043,69.125,
60628054694154,267.427367563,204.1,18034302976,55608872960,105,1849.0,10.5,28471840768,72529416192,100,16165240832,1233719296,68.0,52.024,69.125,
60628111751488,267.484424897,981.3,18034307072,55608872960,105,1886.0,33.9,28471840768,72529416192,100,16165240832,1233719296,68.0,52.048,69.125,
60628165728176,267.538401585,222.6,18034307072,55608872960,105,1785.0,11.2,28472094720,72529162240,100,16165240832,1233719296,68.0,52.028,69.125,
60628218690663,267.591364072,207.8,18034307072,55608872960,105,1929.0,7.8,28472094720,72529162240,100,16165240832,1233719296,69.0,52.044,69.125,
60628272589535,267.645262944,204.1,18034307072,55608872960,105,1797.0,10.5,28472324096,72528932864,100,16165240832,1233719296,68.0,52.038,69.125,
60628324796084,267.697469493,191.5,18034307072,55608872960,105,1886.0,9.0,28472553472,72528703488,100,16165240832,1233719296,68.0,52.04,69.125,
60628377665647,267.750339056,207.8,18034307072,55608872960,105,1858.0,10.6,28472553472,72528703488,100,16165240832,1233719296,68.0,52.048,69.125,
60628430716109,267.803389518,207.7,18034307072,55608872960,105,1902.0,10.8,28471005184,72530251776,100,16163143680,1233719296,69.0,52.039,69.125,
60628482724246,267.855397655,191.9,18034307072,55608872960,105,1882.0,9.0,28471005184,72530251776,100,16163143680,1233719296,68.0,52.045,69.125,
60628535735464,267.908408873,207.8,18034311168,55608872960,105,1924.0,10.1,28471005184,72530251776,100,16163143680,1233719296,69.0,52.03,69.125,
60628588687351,267.96136076,207.6,18034311168,55608872960,105,1820.0,11.2,28471259136,72529997824,100,16163143680,1233719296,68.0,52.052,69.125,
60628641642143,268.014315552,207.9,18034311168,55608872960,105,1841.0,12.6,28471488512,72529768448,100,16163143680,1233719296,68.0,52.032,69.125,
60628694786191,268.0674596,206.7,18034315264,55608872960,105,1898.0,9.4,28471488512,72529768448,100,16163143680,1233719296,68.0,52.046,69.125,
60628747639863,268.120313272,189.6,18034315264,55608872960,105,1793.0,9.6,28471488512,72529768448,100,16163143680,1233719296,68.0,52.031,69.125,
60628800099808,268.172773217,209.2,18034315264,55608872960,105,1875.0,9.4,28471488512,72529768448,100,16163143680,1233719296,69.0,52.046,69.125,
60628853894685,268.226568094,223.1,18034315264,55608872960,105,1863.0,11.0,28471488512,72529768448,100,16163143680,1233719296,68.0,52.04,69.125,
60628906906404,268.279579813,188.5,18034315264,55608872960,105,1858.0,8.9,28470472704,72530784256,100,16163143680,1233719296,69.0,52.041,69.125,
60628960818942,268.333492351,222.8,18034315264,55608872960,105,1852.0,9.9,28470706176,72530550784,100,16163143680,1233719296,68.0,52.048,69.0,
60629013753125,268.386426534,189.3,18034319360,55608872960,105,1849.0,10.1,28470935552,72530321408,100,16163143680,1233719296,69.0,52.038,69.0,
60629066850595,268.439524004,206.8,18034319360,55608872960,105,1857.0,11.0,28474548224,72526708736,100,16163143680,1233719296,68.0,52.045,69.0,
60629124926930,268.497600339,223.8,18034319360,55608872960,105,1891.0,11.8,28474290176,72526966784,100,16163143680,1233719296,69.0,52.031,69.0,
60629178852632,268.551526041,204.0,18034319360,55608872960,105,1868.0,8.1,28474290176,72526966784,100,16163143680,1233719296,68.0,52.039,69.0,
60629232852975,268.605526384,203.7,18034323456,55608872960,105,1841.0,11.1,28474290176,72526966784,100,16163143680,1233719296,69.0,52.025,69.0,
60629286855551,268.65952896,222.2,18034323456,55608872960,105,1859.0,8.1,28473733120,72527523840,100,16163143680,1233719296,68.0,52.044,69.125,
60629340900097,268.713573506,203.5,18034323456,55608872960,105,1813.0,12.1,28473733120,72527523840,100,16163143680,1233719296,68.0,52.025,69.125,
60629394795693,268.767469102,204.2,18034323456,55608872960,105,1845.0,11.1,28475793408,72525463552,100,16167337984,1233719296,68.0,52.044,69.125,
60629448825591,268.821499,185.1,18034323456,55608872960,105,1846.0,11.6,28475777024,72525479936,100,16167337984,1233719296,68.0,52.027,69.0,
60629503008065,268.875681474,239.4,18034327552,55608872960,105,1881.0,10.9,28475777024,72525479936,100,16167337984,1233719296,68.0,52.043,69.0,
60629558874736,268.931548145,197.3,18034331648,55608872960,105,1777.0,12.0,28475777024,72525479936,100,16167337984,1233719296,68.0,52.035,69.0,
60629612896318,268.985569727,203.7,18034331648,55608872960,105,1828.0,12.7,28476022784,72525234176,100,16167337984,1233719296,69.0,52.049,69.0,
60629666878337,269.039551746,222.1,18034331648,55608872960,105,1777.0,14.4,28476252160,72525004800,100,16167337984,1233719296,69.0,52.044,69.0,
60629720808267,269.093481676,204.1,18034331648,55608872960,105,1820.0,11.1,28476510208,72524746752,100,16167337984,1233719296,68.0,52.036,69.0,
60629774845699,269.147519108,203.6,18034331648,55608872960,105,1794.0,11.0,28476510208,72524746752,100,16167337984,1233719296,69.0,52.042,69.0,
60629830942863,269.203616272,196.1,18034331648,55608872960,105,1780.0,12.8,28476764160,72524492800,100,16167337984,1233719296,69.0,52.031,69.0,
60629884858486,269.257531895,222.4,18034331648,55608872960,105,1801.0,9.9,28475908096,72525348864,100,16167337984,1233719296,68.0,52.038,69.0,
60629939954944,269.312628353,199.7,18034335744,55608872960,105,1860.0,13.1,28475908096,72525348864,100,16167337984,1233719296,69.0,52.022,69.0,
60629993878592,269.366552001,222.6,18034335744,55608872960,105,1853.0,9.4,28475858944,72525398016,100,16167337984,1233719296,68.0,52.04,69.125,
60630047963513,269.420636922,203.4,18034335744,55608872960,105,1770.0,13.4,28475858944,72525398016,100,16167337984,1233719296,68.0,52.022,69.125,
60630101820417,269.474493826,204.3,18034339840,55608872960,105,1801.0,9.9,28475600896,72525656064,100,16167337984,1233719296,68.0,52.042,69.125,
60630155878798,269.528552207,203.5,18034339840,55608872960,105,1826.0,11.6,28475600896,72525656064,100,16167337984,1233719296,68.0,52.026,69.125,
60630209962557,269.582635966,203.0,18034339840,55608872960,105,1888.0,9.8,28475416576,72525840384,100,16167337984,1233719296,69.0,52.042,69.125,
60630268060512,269.640733921,206.9,18034339840,55608872960,105,1777.0,14.2,28475416576,72525840384,100,16167337984,1233719296,68.0,52.029,69.125,
60630320898385,269.693571794,208.5,18034339840,55608872960,105,1869.0,10.2,28475416576,72525840384,100,16167337984,1233719296,69.0,52.043,69.125,
60630372852781,269.74552619,211.7,18034343936,55608872960,105,1837.0,12.6,28475645952,72525611008,100,16167337984,1233719296,68.0,52.042,69.125,
60630425876603,269.798550012,188.6,18034343936,55608872960,105,1801.0,10.2,28475645952,72525611008,100,16167337984,1233719296,69.0,52.041,69.125,
60630478782002,269.851455411,207.6,18034343936,55608872960,105,1826.0,10.6,28475645952,72525611008,100,16167337984,1233719296,68.0,52.045,69.125,
60630531838715,269.904512124,207.7,18034343936,55608872960,105,1813.0,12.6,28475645952,72525611008,100,16167337984,1233719296,68.0,52.03,69.125,
60630583815334,269.956488743,192.4,18034343936,55608872960,105,1847.0,11.4,28475633664,72525623296,100,16167337984,1233719296,68.0,52.042,69.125,
60630636726263,270.009399672,226.8,18034343936,55608872960,105,1844.0,14.1,28475633664,72525623296,100,16167337984,1233719296,69.0,52.021,69.125,
60630689825466,270.062498875,207.1,18034348032,55608872960,105,1814.0,11.9,28473569280,72527687680,100,16167337984,1233719296,68.0,52.044,69.125,
60630742761904,270.115435313,189.0,18034348032,55608872960,105,1880.0,11.2,28472791040,72528465920,100,16167337984,1233719296,68.0,52.027,69.125,
60630795034527,270.167707936,209.2,18034348032,55608872960,105,1908.0,8.9,28472791040,72528465920,100,16167337984,1233719296,69.0,52.043,69.125,
60630848863118,270.221536527,224.1,18034348032,55608872960,105,1819.0,11.3,28472791040,72528465920,100,16167337984,1233719296,68.0,52.035,69.125,
60630901848958,270.274522367,207.2,18034348032,55608872960,105,1891.0,10.5,28472791040,72528465920,100,16167337984,1233719296,68.0,52.042,69.125,
60630954907494,270.327580903,207.4,18034352128,55608872960,105,1872.0,10.7,28472762368,72528494592,100,16167337984,1233719296,68.0,52.046,69.125,
60631007868338,270.380541747,189.0,18034352128,55608872960,105,1856.0,9.6,28472762368,72528494592,100,16167337984,1233719296,69.0,52.035,69.125,
60631060928467,270.433601876,207.2,18034352128,55608872960,105,1844.0,9.5,28473278464,72527978496,100,16167337984,1233719296,68.0,52.04,69.125,
60631113825872,270.486499281,226.7,18034352128,55608872960,105,1895.0,33.9,28473499648,72527757312,100,16167337984,1233719296,68.0,52.031,69.125,
60631166911640,270.539585049,188.4,18034356224,55608872960,105,1882.0,16.7,28471459840,72529797120,100,16167337984,1233719296,68.0,52.046,69.125,
60631219698547,270.592371956,208.5,18034356224,55608872960,105,1910.0,12.4,28471689216,72529567744,100,16167337984,1233719296,68.0,52.025,69.125,
60631272837053,270.645510462,206.7,18034356224,55608872960,105,1962.0,7.6,28470558720,72530698240,100,16167337984,1233719296,69.0,52.041,69.125,
60631326857644,270.699531053,204.0,18034356224,55608872960,105,1838.0,10.7,28470788096,72530468864,100,16167337984,1233719296,68.0,52.032,69.125,
60631379832724,270.752506133,188.7,18034356224,55608872960,105,1886.0,11.2,28470329344,72530927616,100,16167337984,1233719296,69.0,52.04,69.125,
60631432827260,270.805500669,207.3,18034356224,55608872960,105,1883.0,10.0,28470329344,72530927616,100,16167337984,1233719296,68.0,52.041,69.125,
60631485883723,270.858557132,226.6,18034356224,55608872960,105,1891.0,9.5,28469411840,72531845120,100,16167337984,1233719296,69.0,52.032,69.125,
60631538922022,270.911595431,207.0,18034360320,55608872960,105,1878.0,9.9,28469411840,72531845120,100,16167337984,1233719296,68.0,52.039,69.125,
60631591940353,270.964613762,188.9,18034360320,55608872960,105,1865.0,15.8,28472762368,72528494592,100,16167337984,1233719296,68.0,52.03,69.125,
60631644915803,271.017589212,207.3,18034360320,55608872960,105,1816.0,14.1,28481425408,72519831552,100,16167337984,1233719296,68.0,52.045,69.125,
60631697834738,271.070508147,189.3,18034364416,55608872960,105,1854.0,10.7,28481662976,72519593984,100,16167337984,1233719296,68.0,52.017,69.125,
60631750860854,271.123534263,225.8,18034364416,55608872960,105,1845.0,8.8,28481662976,72519593984,100,16167337984,1233719296,68.0,52.039,69.125,
60631803932866,271.176606275,207.2,18034372608,55608872960,105,1781.0,11.4,28481265664,72519991296,100,16167337984,1233719296,68.0,52.026,69.125,
60631860284576,271.232957985,1049.9,18034376704,55608872960,105,1826.0,37.4,28481265664,72519991296,100,16167337984,1233719296,68.0,52.044,69.125,
60631912930349,271.285603758,209.0,18034376704,55608872960,105,1934.0,10.1,28481204224,72520052736,100,16167337984,1233719296,68.0,52.045,69.125,
60631964806839,271.337480248,192.8,18034376704,55608872960,105,1875.0,9.1,28479791104,72521465856,100,16167337984,1233719296,69.0,52.032,69.125,
60632017043104,271.389716513,210.1,18034376704,55608872960,105,1851.0,10.7,28479791104,72521465856,100,16167337984,1233719296,68.0,52.039,69.125,
60632070034976,271.442708385,188.7,18034376704,55608872960,105,1840.0,10.7,28479791104,72521465856,100,16167337984,1233719296,68.0,52.021,69.125,
60632123058357,271.495731766,207.5,18034376704,55608872960,105,1892.0,7.7,28480278528,72520978432,100,16167337984,1233719296,68.0,52.039,69.125,
60632175985557,271.548658966,226.7,18034376704,55608872960,105,1875.0,11.2,28480278528,72520978432,100,16167337984,1233719296,68.0,52.019,69.125,
60632228934137,271.601607546,207.7,18034384896,55608872960,105,1846.0,9.4,28480507904,72520749056,100,16167337984,1233719296,69.0,52.042,69.125,
60632282059269,271.654732678,188.3,18034384896,55608872960,105,1855.0,9.6,28480737280,72520519680,100,16167337984,1233719296,68.0,52.025,69.125,
60632335275781,271.70794919,206.7,18034384896,55608872960,105,1888.0,8.2,28480737280,72520519680,100,16167337984,1233719296,68.0,52.04,69.125,
60632393072201,271.76574561,225.0,18034388992,55608872960,105,1832.0,12.5,28480737280,72520519680,100,16163143680,1233719296,68.0,52.033,69.125,
60632445974674,271.818648083,208.1,18034388992,55608872960,105,1917.0,9.5,28480966656,72520290304,100,16163143680,1233719296,69.0,52.049,69.125,
60632498954854,271.871628263,188.4,18034388992,55608872960,105,1870.0,9.5,28480966656,72520290304,100,16163143680,1233719296,68.0,52.047,69.125,
60632553294783,271.925968192,202.6,18034388992,55608872960,105,1858.0,9.8,28481679360,72519577600,100,16163143680,1233719296,69.0,52.043,69.125,
60632606980675,271.979654084,204.9,18034388992,55608872960,105,1818.0,12.9,28481404928,72519852032,100,16163143680,1233719296,68.0,52.054,69.125,
60632660925413,272.033598822,203.9,18034388992,55608872960,105,1846.0,12.7,28481634304,72519622656,100,16163143680,1233719296,69.0,52.033,69.125,
60632715056440,272.087729849,221.6,18034388992,55608872960,105,1837.0,10.5,28481376256,72519880704,100,16163143680,1233719296,68.0,52.043,69.125,
60632769052304,272.141725713,203.7,18034393088,55608872960,105,1863.0,9.3,28481376256,72519880704,100,16163143680,1233719296,68.0,52.023,69.125,
60632823070179,272.195743588,203.7,18034397184,55608872960,105,1863.0,8.8,28481605632,72519651328,100,16163143680,1233719296,69.0,52.045,69.125,
60632876982997,272.249656406,204.0,18034397184,55608872960,105,1805.0,9.9,28480987136,72520269824,100,16163143680,1233719296,68.0,52.024,69.125,
60632930939117,272.303612526,203.8,18034397184,55608872960,105,1858.0,10.3,28481003520,72520253440,100,16163143680,1233719296,69.0,52.046,69.125,
60632984962722,272.357636131,203.6,18034397184,55608872960,105,1813.0,11.6,28481003520,72520253440,100,16163143680,1233719296,68.0,52.029,69.125,
60633039159693,272.411833102,203.1,18034397184,55608872960,105,1850.0,9.8,28479655936,72521601024,100,16163143680,1233719296,69.0,52.045,69.125,
60633094080832,272.466754241,218.4,18034397184,55608872960,105,1845.0,12.7,28481462272,72519794688,100,16163143680,1233719296,68.0,52.034,69.125,
60633148061327,272.520734736,203.8,18034397184,55608872960,105,1861.0,9.9,28481978368,72519278592,100,16163143680,1233719296,69.0,52.044,69.125,
60633201953706,272.574627115,204.0,18034397184,55608872960,105,1834.0,11.1,28481978368,72519278592,100,16163143680,1233719296,69.0,52.045,69.125,
60633255996869,272.628670278,203.6,18034397184,55608872960,105,1843.0,9.2,28481978368,72519278592,100,16163143680,1233719296,69.0,52.038,69.125,
60633310009925,272.682683334,203.6,18034401280,55608872960,105,1864.0,9.4,28481978368,72519278592,100,16163143680,1233719296,69.0,52.044,69.125,
60633364227625,272.736901034,202.9,18034405376,55608872960,105,1863.0,11.0,28482236416,72519020544,100,16167337984,1233719296,69.0,52.03,69.125,
60633418038692,272.790712101,223.0,18034405376,55608872960,105,1841.0,11.0,28482236416,72519020544,100,16167337984,1233719296,68.0,52.042,69.125,
60633472061877,272.844735286,203.6,18034405376,55608872960,105,1810.0,12.3,28482236416,72519020544,100,16167337984,1233719296,69.0,52.027,69.125,
60633526066547,272.898739956,203.7,18034405376,55608872960,105,1845.0,9.3,28482236416,72519020544,100,16167337984,1233719296,68.0,52.045,69.125,
60633581074107,272.953747516,218.1,18034405376,55608872960,105,1835.0,13.6,28482482176,72518774784,100,16167337984,1233719296,69.0,52.026,69.125,
60633635073919,273.007747328,203.7,18034405376,55608872960,105,1877.0,14.0,28482998272,72518258688,100,16167337984,1233719296,68.0,52.052,69.125,
60633689185609,273.061859018,203.3,18034409472,55608872960,105,1920.0,11.0,28483256320,72518000640,100,16167337984,1233719296,68.0,52.029,69.125,
60633742984333,273.115657742,204.5,18034409472,55608872960,105,1856.0,9.9,28483256320,72518000640,100,16167337984,1233719296,69.0,52.044,69.125,
60633797068112,273.169741521,221.8,18034409472,55608872960,105,1841.0,13.9,28483256320,72518000640,100,16167337984,1233719296,68.0,52.035,69.125,
60633851046623,273.223720032,203.8,18034413568,55608872960,105,1802.0,11.6,28483256320,72518000640,100,16167337984,1233719296,69.0,52.041,69.125,
60633905034602,273.277708011,203.9,18034413568,55608872960,105,1884.0,11.6,28482994176,72518262784,100,16167337984,1233719296,68.0,52.046,69.125,
60633958052823,273.330726232,207.6,18034413568,55608872960,105,1894.0,10.7,28482998272,72518258688,100,16167337984,1233719296,69.0,52.034,69.125,
60634011936847,273.384610256,204.2,18034417664,55608872960,105,1918.0,9.9,28482998272,72518258688,100,16167337984,1233719296,69.0,52.039,69.125,
60634064908390,273.437581799,207.6,18034417664,55608872960,105,1870.0,11.8,28482211840,72519045120,100,16167337984,1233719296,68.0,52.025,69.125,
60634117864554,273.490537963,188.9,18034417664,55608872960,105,1859.0,8.9,28482211840,72519045120,100,16167337984,1233719296,69.0,52.041,69.125,
60634172984626,273.545658035,235.5,18034417664,55608872960,105,1854.0,12.4,28482211840,72519045120,100,16167337984,1233719296,68.0,52.02,69.125,
60634227206964,273.599880373,202.9,18034417664,55608872960,105,1894.0,10.4,28482211840,72519045120,100,16167337984,1233719296,69.0,52.043,69.125,
60634281023682,273.653697091,204.4,18034417664,55608872960,105,1906.0,11.6,28482211840,72519045120,100,16167337984,1233719296,68.0,52.026,69.125,
60634335096330,273.707769739,203.4,18034417664,55608872960,105,1916.0,9.9,28482211840,72519045120,100,16167337984,1233719296,69.0,52.043,69.125,
60634390219246,273.762892655,217.7,18034421760,55608872960,105,1835.0,12.6,28482211840,72519045120,100,16167337984,1233719296,68.0,52.034,69.125,
60634444040593,273.816714002,204.5,18034421760,55608872960,105,1897.0,8.9,28482211840,72519045120,100,16167337984,1233719296,69.0,52.04,69.125,
60634498167853,273.870841262,203.1,18034425856,55608872960,105,1922.0,12.1,28482211840,72519045120,100,16167337984,1233719296,69.0,52.044,69.125,
60634552066865,273.924740274,204.2,18034425856,55608872960,105,1865.0,11.0,28482211840,72519045120,100,16167337984,1233719296,69.0,52.037,69.125,
60634605994540,273.978667949,203.8,18034425856,55608872960,105,1820.0,12.8,28482199552,72519057408,100,16167337984,1233719296,69.0,52.045,69.125,
60634660021052,274.032694461,222.2,18034425856,55608872960,105,1839.0,13.9,28482715648,72518541312,100,16167337984,1233719296,69.0,52.027,69.125,
60634714065426,274.086738835,203.5,18034425856,55608872960,105,1849.0,10.4,28482715648,72518541312,100,16167337984,1233719296,68.0,52.036,69.125,
60634771226133,274.143899542,192.4,18034425856,55608872960,105,1829.0,13.3,28482715648,72518541312,100,16167337984,1233719296,69.0,52.023,69.125,
60634825326172,274.197999581,221.8,18034425856,55608872960,105,1841.0,9.9,28483231744,72518025216,100,16167337984,1233719296,68.0,52.041,69.125,
60634879048403,274.251721812,204.7,18034425856,55608872960,105,1795.0,12.9,28483883008,72517373952,100,16167337984,1233719296,69.0,52.022,69.125,
60634933202493,274.305875902,203.2,18034425856,55608872960,105,1807.0,10.4,28483805184,72517451776,100,16167337984,1233719296,69.0,52.042,69.125,
60634988086762,274.360760171,200.4,18034429952,55608872960,105,1810.0,11.9,28483805184,72517451776,100,16167337984,1233719296,68.0,52.024,69.125,
60635042184407,274.414857816,221.9,18034429952,55608872960,105,1846.0,9.2,28483805184,72517451776,100,16167337984,1233719296,68.0,52.041,69.125,
60635098125117,274.470798526,196.5,18034434048,55608872960,105,1809.0,13.7,28486127616,72515129344,100,16167337984,1233719296,68.0,52.03,69.125,
60635152163560,274.524836969,203.7,18034434048,55608872960,105,1844.0,10.1,28486385664,72514871296,100,16167337984,1233719296,69.0,52.042,69.125,
60635207210785,274.579884194,218.1,18034434048,55608872960,105,1811.0,12.4,28486385664,72514871296,100,16167337984,1233719296,68.0,52.04,69.125,
60635261231755,274.633905164,203.5,18034434048,55608872960,105,1856.0,10.6,28482772992,72518483968,100,16167337984,1233719296,69.0,52.038,69.125,
60635315062820,274.687736229,204.3,18034434048,55608872960,105,1854.0,12.6,28482957312,72518299648,100,16167337984,1233719296,68.0,52.04,69.125,
60635369263257,274.741936666,203.0,18034434048,55608872960,105,1925.0,12.1,28482957312,72518299648,100,16167337984,1233719296,68.0,52.026,69.125,
60635423646287,274.796319696,220.5,18034434048,55608872960,105,1836.0,8.8,28482957312,72518299648,100,16167337984,1233719296,68.0,52.043,69.125,
60635477052855,274.849726264,206.3,18034438144,55608872960,105,1872.0,10.1,28482957312,72518299648,100,16167337984,1233719296,68.0,52.027,69.125,
60635530124426,274.902797835,207.2,18034438144,55608872960,105,1885.0,10.1,28482957312,72518299648,100,16167337984,1233719296,69.0,52.049,69.125,
60635583329857,274.956003266,206.7,18034442240,55608872960,105,1831.0,12.2,28483174400,72518082560,100,16167337984,1233719296,68.0,52.032,69.125,
60635640101455,275.012774864,967.8,18034450432,55608872960,105,1856.0,36.8,28483428352,72517828608,100,16167337984,1233719296,68.0,52.049,69.125,
60635696102768,275.068776177,232.4,18034450432,55608872960,105,1864.0,11.9,28483428352,72517828608,100,16167337984,1233719296,68.0,52.033,69.125,
60635751210897,275.123884306,199.7,18034450432,55608872960,105,1908.0,9.1,28483657728,72517599232,100,16167337984,1233719296,69.0,52.047,69.125,
60635809320443,275.181993852,206.4,18034450432,55608872960,105,1838.0,10.8,28483657728,72517599232,100,16167337984,1233719296,68.0,52.03,69.125,
60635869194818,275.241868227,217.2,18034450432,55608872960,105,1875.0,9.9,28483657728,72517599232,100,16167337984,1233719296,69.0,52.045,69.125,
60635924116648,275.296790057,200.3,18034458624,55608872960,105,1846.0,11.0,28482310144,72518946816,100,16167337984,1233719296,68.0,52.033,69.125,
60635978070582,275.350743991,203.9,18034458624,55608872960,105,1829.0,9.9,28482535424,72518721536,100,16167337984,1233719296,69.0,52.044,69.125,
60636032051238,275.404724647,222.3,18034458624,55608872960,105,1820.0,11.5,28482273280,72518983680,100,16167337984,1233719296,68.0,52.042,69.125,
60636086215346,275.458888755,203.1,18034458624,55608872960,105,1846.0,9.9,28482273280,72518983680,100,16167337984,1233719296,69.0,52.042,69.125,
60636140240174,275.512913583,203.6,18034458624,55608872960,105,1843.0,9.8,28482273280,72518983680,100,16167337984,1233719296,69.0,52.046,69.125,
60636194109531,275.56678294,204.2,18034458624,55608872960,105,1865.0,9.5,28481945600,72519311360,100,16167337984,1233719296,70.0,52.037,69.125,
60636248081820,275.620755229,203.8,18034458624,55608872960,105,1857.0,9.4,28481945600,72519311360,100,16167337984,1233719296,69.0,52.042,69.125,
60636302144008,275.674817417,222.0,18034458624,55608872960,105,1841.0,11.0,28481945600,72519311360,100,16167337984,1233719296,69.0,52.032,69.125,
60636356243516,275.728916925,203.3,18034458624,55608872960,105,1858.0,9.3,28481945600,72519311360,100,16167337984,1233719296,68.0,52.038,69.125,
60636410106510,275.782779919,222.9,18034462720,55608872960,105,1871.0,11.7,28479971328,72521285632,100,16163143680,1233719296,68.0,52.024,69.125,
60636467150067,275.839823476,192.8,18034466816,55608872960,105,1842.0,10.4,28479971328,72521285632,100,16163143680,1233719296,68.0,52.042,69.125,
60636521161380,275.893834789,203.6,18034466816,55608872960,105,1834.0,11.0,28479971328,72521285632,100,16163143680,1233719296,68.0,52.02,69.125,
60636575137416,275.947810825,222.3,18034466816,55608872960,105,1796.0,10.9,28480229376,72521027584,100,16163143680,1233719296,68.0,52.043,69.25,
60636632061159,276.004734568,210.9,18034466816,55608872960,105,1835.0,14.7,28480229376,72521027584,100,16163143680,1233719296,68.0,52.026,69.125,
60636686172268,276.058845677,203.3,18034466816,55608872960,105,1877.0,11.0,28480188416,72521068544,100,16163143680,1233719296,68.0,52.041,69.125,
60636741224783,276.113898192,217.9,18034466816,55608872960,105,1872.0,11.4,28480188416,72521068544,100,16163143680,1233719296,68.0,52.026,69.125,
60636795241475,276.167914884,203.7,18034466816,55608872960,105,1916.0,9.2,28479852544,72521404416,100,16163143680,1233719296,69.0,52.042,69.125,
60636849074143,276.221747552,185.8,18034466816,55608872960,105,1879.0,10.6,28479852544,72521404416,100,16163143680,1233719296,68.0,52.032,69.125,
60636903213315,276.275886724,221.6,18034466816,55608872960,105,1918.0,8.7,28479258624,72521998336,100,16163143680,1233719296,69.0,52.042,69.125,
60636959270723,276.331944132,214.1,18034470912,55608872960,105,1888.0,10.1,28479143936,72522113024,100,16163143680,1233719296,68.0,52.039,69.125,
60637013278259,276.385951668,203.7,18034470912,55608872960,105,1916.0,9.4,28479373312,72521883648,100,16163143680,1233719296,69.0,52.036,69.125,
60637067099074,276.439772483,204.2,18034475008,55608872960,105,1912.0,10.5,28484272128,72516984832,100,16163143680,1233719296,69.0,52.042,69.125,
60637121072235,276.493745644,203.9,18034475008,55608872960,105,1906.0,10.5,28484755456,72516501504,100,16163143680,1233719296,69.0,52.033,69.125,
60637175127650,276.547801059,222.1,18034475008,55608872960,105,1883.0,9.3,28484984832,72516272128,100,16163143680,1233719296,68.0,52.037,69.125,
60637228167350,276.600840759,188.1,18034475008,55608872960,105,1937.0,9.9,28484984832,72516272128,100,16163143680,1233719296,68.0,52.021,69.125,
60637282246991,276.6549204,203.7,18034475008,55608872960,105,1905.0,8.8,28484984832,72516272128,100,16163143680,1233719296,68.0,52.04,69.125,
60637336056485,276.708729894,204.4,18034475008,55608872960,105,1955.0,10.6,28481572864,72519684096,100,16163143680,1233719296,68.0,52.017,69.125,
60637390117721,276.76279113,203.4,18034475008,55608872960,105,1872.0,9.8,28481802240,72519454720,100,16167337984,1233719296,69.0,52.042,69.125,
60637444048853,276.816722262,204.0,18034475008,55608872960,105,1877.0,11.1,28482031616,72519225344,100,16167337984,1233719296,68.0,52.028,69.125,
60637498351973,276.871025382,220.8,18034475008,55608872960,105,1903.0,10.9,28482031616,72519225344,100,16167337984,1233719296,68.0,52.048,69.125,
60637554066789,276.926740198,215.6,18034487296,55608872960,105,1909.0,11.2,28477575168,72523681792,100,16167337984,1233719296,68.0,52.034,69.125,
60637608185392,276.980858801,203.4,18034487296,55608872960,105,1938.0,11.2,28475695104,72525561856,100,16167337984,1233719296,69.0,52.052,69.125,
60637661162626,277.033836035,188.6,18034487296,55608872960,105,1911.0,13.0,28475695104,72525561856,100,16167337984,1233719296,68.0,52.045,69.125,
60637714312543,277.086985952,225.8,18034487296,55608872960,105,1879.0,10.0,28475179008,72526077952,100,16167337984,1233719296,69.0,52.04,69.125,
60637768182510,277.140855919,204.1,18034487296,55608872960,105,1826.0,11.6,28475179008,72526077952,100,16167337984,1233719296,69.0,52.044,69.125,
60637822200715,277.194874124,203.6,18034487296,55608872960,105,1899.0,11.1,28475179008,72526077952,100,16167337984,1233719296,69.0,52.032,69.125,
60637876200356,277.248873765,203.6,18034487296,55608872960,105,1894.0,9.9,28475179008,72526077952,100,16167337984,1233719296,68.0,52.037,69.125,
60637930310614,277.302984023,203.4,18034487296,55608872960,105,1898.0,12.6,28474159104,72527097856,100,16167337984,1233719296,69.0,52.023,69.125,
60637984265200,277.356938609,204.0,18034487296,55608872960,105,1882.0,9.4,28474159104,72527097856,100,16167337984,1233719296,68.0,52.043,69.125,
60638038087037,277.410760446,204.4,18034487296,55608872960,105,1962.0,11.7,28474126336,72527130624,100,16167337984,1233719296,68.0,52.022,69.125,
60638092195832,277.464869241,203.2,18034491392,55608872960,105,1932.0,11.0,28473643008,72527613952,100,16167337984,1233719296,69.0,52.045,69.125,
60638146087410,277.518760819,222.7,18034491392,55608872960,105,1989.0,11.1,28473643008,72527613952,100,16167337984,1233719296,68.0,52.026,69.125,
60638200222414,277.572895823,202.9,18034495488,55608872960,105,1920.0,9.7,28474101760,72527155200,100,16167337984,1233719296,68.0,52.042,69.125,
60638254175707,277.626849116,204.1,18034495488,55608872960,105,1942.0,21.6,28474613760,72526643200,100,16167337984,1233719296,68.0,52.039,69.125,
60638308098774,277.680772183,204.0,18034495488,55608872960,105,1961.0,24.4,28474871808,72526385152,100,16167337984,1233719296,68.0,52.049,69.125,
60638362322825,277.734996234,221.4,18034495488,55608872960,105,1931.0,12.8,28472807424,72528449536,100,16167337984,1233719296,68.0,52.044,69.125,
60638416239941,277.78891335,204.0,18034495488,55608872960,105,1938.0,10.5,28472807424,72528449536,100,16167337984,1233719296,69.0,52.026,69.125,
60638470245022,277.842918431,203.6,18034495488,55608872960,105,1921.0,9.8,28472786944,72528470016,100,16167337984,1233719296,68.0,52.036,69.125,
60638524221168,277.896894577,203.9,18034495488,55608872960,105,1957.0,11.6,28473016320,72528240640,100,16167337984,1233719296,68.0,52.021,69.125,
60638578221449,277.950894858,222.2,18034495488,55608872960,105,1884.0,10.0,28473016320,72528240640,100,16167337984,1233719296,68.0,52.042,69.125,
60638632205250,278.004878659,203.8,18034499584,55608872960,105,1880.0,12.9,28474306560,72526950400,100,16167337984,1233719296,68.0,52.021,69.125,
60638686202887,278.058876296,203.6,18034503680,55608872960,105,1941.0,11.0,28474306560,72526950400,100,16167337984,1233719296,68.0,52.042,69.125,
60638740084556,278.112757965,204.2,18034503680,55608872960,105,1896.0,11.6,28474560512,72526696448,100,16167337984,1233719296,68.0,52.025,69.0,
60638794227545,278.166900954,203.1,18034503680,55608872960,105,1870.0,9.2,28474560512,72526696448,100,16167337984,1233719296,68.0,52.04,69.0,
60638848322434,278.220995843,203.5,18034503680,55608872960,105,1873.0,12.9,28474560512,72526696448,100,16167337984,1233719296,68.0,52.032,69.0,
60638902194214,278.274867623,222.9,18034503680,55608872960,105,1897.0,9.3,28474560512,72526696448,100,16167337984,1233719296,69.0,52.041,69.0,
60638955250937,278.327924346,188.3,18034503680,55608872960,105,1877.0,11.2,28475232256,72526024704,100,16167337984,1233719296,68.0,52.039,69.0,
60639011289891,278.3839633,214.2,18034503680,55608872960,105,1866.0,12.9,28475232256,72526024704,100,16167337984,1233719296,68.0,52.042,69.0,
60639065359242,278.438032651,203.3,18034503680,55608872960,105,1906.0,19.2,28478218240,72523038720,100,16167337984,1233719296,68.0,52.045,69.0,
60639119250539,278.491923948,222.8,18034503680,55608872960,105,1875.0,11.1,28478476288,72522780672,100,16167337984,1233719296,68.0,52.027,69.0,
60639175418485,278.548091894,195.8,18034503680,55608872960,105,1833.0,12.2,28478476288,72522780672,100,16167337984,1233719296,68.0,52.036,69.0,
60639229280777,278.601954186,204.2,18034507776,55608872960,105,1860.0,13.5,28478476288,72522780672,100,16167337984,1233719296,69.0,52.022,69.0,
60639283328638,278.656002047,222.0,18034511872,55608872960,105,1887.0,9.4,28478476288,72522780672,100,16167337984,1233719296,68.0,52.039,69.0,
60639337282382,278.709955791,204.0,18034520064,55608872960,105,1878.0,12.7,28475895808,72525361152,100,16167337984,1233719296,68.0,52.017,69.0,
60639394302375,278.766975784,964.0,18034528256,55608872960,105,1888.0,36.6,28475609088,72525647872,100,16167337984,1233719296,68.0,52.042,69.0,
60639448478066,278.821151475,203.1,18034528256,55608872960,105,1884.0,11.5,28475609088,72525647872,100,16167337984,1233719296,68.0,52.026,69.0,
60639502380073,278.875053482,222.7,18034528256,55608872960,105,1933.0,7.6,28475609088,72525647872,100,16167337984,1233719296,70.0,52.043,69.0,
60639556353835,278.929027244,203.7,18034528256,55608872960,105,1852.0,10.5,28475609088,72525647872,100,16167337984,1233719296,68.0,52.033,69.0,
60639610371038,278.983044447,203.6,18034528256,55608872960,105,1888.0,11.6,28475338752,72525918208,100,16167337984,1233719296,69.0,52.046,69.0,
60639664381959,279.037055368,222.2,18034528256,55608872960,105,1865.0,13.9,28475338752,72525918208,100,16167337984,1233719296,69.0,52.045,69.0,
60639718225978,279.090899387,204.3,18034532352,55608872960,105,1863.0,9.4,28475338752,72525918208,100,16167337984,1233719296,69.0,52.034,69.0,
60639772286913,279.144960322,203.5,18034532352,55608872960,105,1849.0,9.3,28474564608,72526692352,100,16167337984,1233719296,69.0,52.04,69.0,
60639826226791,279.1989002,185.4,18034532352,55608872960,105,1839.0,10.5,28475047936,72526209024,100,16167337984,1233719296,69.0,52.026,69.0,
60639880286464,279.252959873,240.5,18034532352,55608872960,105,1857.0,10.4,28473638912,72527618048,100,16167337984,1233719296,68.0,52.037,69.0,
60639934259524,279.306932933,203.8,18034532352,55608872960,105,1849.0,9.9,28473638912,72527618048,100,16167337984,1233719296,68.0,52.018,69.0,
60639988254987,279.360928396,185.3,18034536448,55608872960,105,1850.0,8.8,28473868288,72527388672,100,16167337984,1233719296,69.0,52.042,69.125,
60640042143970,279.414817379,204.1,18034536448,55608872960,105,1865.0,10.5,28473839616,72527417344,100,16167337984,1233719296,69.0,52.02,69.125,
60640096251492,279.468924901,203.2,18034536448,55608872960,105,1878.0,10.9,28473585664,72527671296,100,16167337984,1233719296,68.0,52.044,69.125,
60640152299663,279.524973072,232.0,18034536448,55608872960,105,1855.0,9.0,28473585664,72527671296,100,16167337984,1233719296,68.0,52.023,69.125,
60640206343676,279.579017085,203.3,18034536448,55608872960,105,1828.0,9.8,28473815040,72527441920,100,16167337984,1233719296,68.0,52.041,69.125,
60640260347615,279.633021024,203.9,18034540544,55608872960,105,1867.0,11.1,28473815040,72527441920,100,16167337984,1233719296,68.0,52.029,69.125,
60640314364648,279.687038057,203.6,18034540544,55608872960,105,1845.0,10.5,28473815040,72527441920,100,16167337984,1233719296,69.0,52.042,69.125,
60640368264210,279.740937619,204.1,18034540544,55608872960,105,1858.0,11.0,28473815040,72527441920,100,16163143680,1233719296,69.0,52.041,69.125,
60640424493250,279.797166659,213.5,18034540544,55608872960,105,1838.0,10.6,28473815040,72527441920,100,16163143680,1233719296,69.0,52.041,69.125,
60640478319245,279.850992654,204.3,18034540544,55608872960,105,1836.0,9.4,28473815040,72527441920,100,16163143680,1233719296,68.0,52.052,69.125,
60640532293447,279.904966856,203.9,18034544640,55608872960,105,1833.0,9.9,28473290752,72527966208,100,16163143680,1233719296,69.0,52.045,69.125,
60640592378216,279.965051625,216.3,18034548736,55608872960,105,1809.0,12.1,28473278464,72527978496,100,16163143680,1233719296,69.0,52.051,69.125,
60640646235790,280.018909199,222.9,18034548736,55608872960,105,1800.0,14.0,28473278464,72527978496,100,16163143680,1233719296,69.0,52.04,69.125,
60640700428542,280.073101951,202.7,18034548736,55608872960,105,1837.0,11.4,28472561664,72528695296,100,16163143680,1233719296,68.0,52.04,69.125,
60640755456510,280.128129919,200.2,18034548736,55608872960,105,1816.0,10.4,28472299520,72528957440,100,16163143680,1233719296,68.0,52.02,69.125,
60640809322360,280.181995769,222.7,18034552832,55608872960,105,1826.0,9.4,28472815616,72528441344,100,16163143680,1233719296,69.0,52.046,69.125,
60640863274831,280.23594824,203.9,18034552832,55608872960,105,1810.0,10.6,28473073664,72528183296,100,16163143680,1233719296,68.0,52.024,69.125,
60640917343010,280.290016419,222.0,18034552832,55608872960,105,1821.0,10.3,28473827328,72527429632,100,16163143680,1233719296,69.0,52.046,69.125,
60640971341458,280.344014867,185.2,18034552832,55608872960,105,1830.0,10.5,28473827328,72527429632,100,16163143680,1233719296,68.0,52.03,69.125,
60641025359282,280.398032691,203.3,18034552832,55608872960,105,1868.0,9.2,28474056704,72527200256,100,16163143680,1233719296,68.0,52.047,69.125,
60641079472595,280.452146004,203.5,18034552832,55608872960,105,1828.0,11.8,28475318272,72525938688,100,16163143680,1233719296,68.0,52.036,69.125,
60641133347422,280.506020831,222.9,18034556928,55608872960,105,1865.0,10.0,28475547648,72525709312,100,16163143680,1233719296,69.0,52.043,69.125,
60641187302117,280.559975526,203.8,18034556928,55608872960,105,1847.0,10.4,28475547648,72525709312,100,16163143680,1233719296,68.0,52.043,69.125,
60641241414900,280.614088309,203.3,18034556928,55608872960,105,1849.0,9.9,28475498496,72525758464,100,16163143680,1233719296,69.0,52.04,69.125,
60641295343757,280.668017166,203.9,18034556928,55608872960,105,1854.0,9.9,28475752448,72525504512,100,16163143680,1233719296,69.0,52.045,69.125,
60641349552570,280.722225979,203.0,18034556928,55608872960,105,1814.0,13.0,28475752448,72525504512,100,16163143680,1233719296,69.0,52.035,69.125,
60641403373915,280.776047324,222.9,18034561024,55608872960,105,1849.0,14.2,28475461632,72525795328,100,16167337984,1233719296,68.0,52.044,69.125,
60641458350127,280.831023536,200.2,18034561024,55608872960,105,1862.0,12.3,28475252736,72526004224,100,16167337984,1233719296,68.0,52.025,69.125,
60641512256031,280.88492944,204.0,18034561024,55608872960,105,1857.0,9.4,28475252736,72526004224,100,16167337984,1233719296,68.0,52.041,69.125,
60641566299693,280.938973102,203.5,18034561024,55608872960,105,1864.0,12.8,28475469824,72525787136,100,16167337984,1233719296,68.0,52.023,69.125,
60641620314422,280.992987831,222.1,18034561024,55608872960,105,1830.0,12.5,28475469824,72525787136,100,16167337984,1233719296,69.0,52.052,69.125,
60641675371565,281.048044974,218.0,18034561024,55608872960,105,1850.0,12.8,28475469824,72525787136,100,16167337984,1233719296,68.0,52.026,69.125,
60641729471352,281.102144761,203.4,18034565120,55608872960,105,1877.0,9.7,28475469824,72525787136,100,16167337984,1233719296,69.0,52.041,69.125,
60641784478992,281.157152401,199.9,18034565120,55608872960,105,1768.0,13.9,28475469824,72525787136,100,16167337984,1233719296,68.0,52.032,69.125,
60641838386610,281.211060019,204.1,18034569216,55608872960,105,1771.0,10.6,28475469824,72525787136,100,16167337984,1233719296,69.0,52.044,69.125,
60641894409453,281.267082862,214.1,18034573312,55608872960,105,1755.0,12.3,28474970112,72526286848,100,16167337984,1233719296,68.0,52.041,69.125,
60641948570195,281.321243604,203.1,18034573312,55608872960,105,1819.0,12.2,28473606144,72527650816,100,16167337984,1233719296,69.0,52.039,69.125,
60642002486369,281.375159778,204.0,18034573312,55608872960,105,1778.0,9.9,28473606144,72527650816,100,16167337984,1233719296,68.0,52.042,69.125,
60642062647280,281.435320689,216.1,18034573312,55608872960,105,1838.0,12.0,28473606144,72527650816,100,16167337984,1233719296,69.0,52.036,69.125,
60642116404736,281.489078145,204.5,18034573312,55608872960,105,1818.0,10.5,28473606144,72527650816,100,16167337984,1233719296,69.0,52.044,69.125,
60642170429854,281.543103263,222.1,18034573312,55608872960,105,1790.0,12.7,28473606144,72527650816,100,16167337984,1233719296,69.0,52.031,69.125,
60642225601111,281.59827452,199.6,18034573312,55608872960,105,1816.0,9.6,28473606144,72527650816,100,16167337984,1233719296,68.0,52.037,69.125,
60642280369432,281.653042841,200.7,18034573312,55608872960,105,1849.0,12.2,28473606144,72527650816,100,16167337984,1233719296,69.0,52.025,69.125,
60642334377638,281.707051047,203.8,18034573312,55608872960,105,1841.0,9.4,28470853632,72530403328,100,16167337984,1233719296,68.0,52.041,69.125,
60642388288061,281.76096147,222.6,18034577408,55608872960,105,1825.0,12.8,28468199424,72533057536,100,16167337984,1233719296,68.0,52.024,69.125,
60642442412876,281.815086285,203.3,18034581504,55608872960,105,1851.0,9.9,28468199424,72533057536,100,16167337984,1233719296,69.0,52.042,69.25,
60642497512829,281.870186238,199.6,18034581504,55608872960,105,1803.0,12.6,28468199424,72533057536,100,16167337984,1233719296,68.0,52.033,69.25,
60642551401420,281.924074829,222.7,18034581504,55608872960,105,1898.0,9.9,28468199424,72533057536,100,16167337984,1233719296,69.0,52.05,69.25,
60642605520785,281.978194194,221.6,18034581504,55608872960,105,1787.0,14.9,28467924992,72533331968,100,16167337984,1233719296,69.0,52.045,69.25,
60642659514334,282.032187743,185.3,18034581504,55608872960,105,1854.0,12.2,28468408320,72532848640,100,16167337984,1233719296,69.0,52.046,69.25,
60642713449803,282.086123212,203.8,18034581504,55608872960,105,1838.0,12.6,28468408320,72532848640,100,16167337984,1233719296,68.0,52.049,69.25,
60642768290199,282.140963608,219.0,18034581504,55608872960,105,1870.0,9.9,28468408320,72532848640,100,16167337984,1233719296,69.0,52.039,69.25,
60642822433118,282.195106527,203.1,18034581504,55608872960,105,1795.0,11.4,28468666368,72532590592,100,16167337984,1233719296,69.0,52.046,69.25,
60642878471751,282.25114516,214.2,18034585600,55608872960,105,1816.0,11.9,28469153792,72532103168,100,16167337984,1233719296,69.0,52.032,69.25,
60642932481870,282.305155279,203.7,18034585600,55608872960,105,1837.0,9.9,28469153792,72532103168,100,16167337984,1233719296,68.0,52.042,69.25,
60642986392944,282.359066353,204.1,18034589696,55608872960,105,1839.0,12.2,28469153792,72532103168,100,16167337984,1233719296,68.0,52.019,69.25,
60643040489687,282.413163096,221.8,18034589696,55608872960,105,1850.0,10.4,28469383168,72531873792,100,16167337984,1233719296,69.0,52.047,69.25,
60643094343142,282.467016551,204.3,18034593792,55608872960,105,1853.0,12.3,28471963648,72529293312,100,16167337984,1233719296,68.0,52.027,69.25,
60643150508954,282.523182363,960.5,18034606080,55608872960,105,1890.0,35.8,28471963648,72529293312,100,16167337984,1233719296,69.0,52.047,69.25,
60643209516713,282.582190122,220.5,18034606080,55608872960,105,1822.0,12.3,28472193024,72529063936,100,16167337984,1233719296,68.0,52.029,69.25,
60643263478712,282.636152121,203.5,18034606080,55608872960,105,1871.0,8.7,28472193024,72529063936,100,16167337984,1233719296,68.0,52.044,69.25,
60643317484133,282.690157542,204.0,18034606080,55608872960,105,1851.0,12.8,28472193024,72529063936,100,16167337984,1233719296,68.0,52.035,69.25,
60643371433058,282.744106467,222.5,18034606080,55608872960,105,1861.0,10.6,28472451072,72528805888,100,16167337984,1233719296,69.0,52.046,69.25,
60643427497279,282.800170688,195.8,18034606080,55608872960,105,1848.0,10.6,28472156160,72529100800,100,16167337984,1233719296,68.0,52.038,69.125,
60643482522411,282.85519582,218.5,18034610176,55608872960,105,1884.0,9.2,28472156160,72529100800,100,16167337984,1233719296,69.0,52.041,69.25,
60643537568643,282.910242052,199.7,18034610176,55608872960,105,1830.0,10.8,28472385536,72528871424,100,16167337984,1233719296,69.0,52.048,69.25,
60643591501989,282.964175398,203.9,18034610176,55608872960,105,1839.0,11.6,28472315904,72528941056,100,16167337984,1233719296,69.0,52.044,69.25,
60643646475685,283.019149094,218.4,18034614272,55608872960,105,1902.0,13.8,28471304192,72529952768,100,16167337984,1233719296,68.0,52.047,69.25,
60643700409251,283.07308266,204.0,18034614272,55608872960,105,1836.0,8.8,28471304192,72529952768,100,16167337984,1233719296,69.0,52.033,69.25,
60643758579911,283.13125332,206.2,18034614272,55608872960,105,1802.0,10.2,28471533568,72529723392,100,16167337984,1233719296,68.0,52.039,69.25,
60643812492167,283.185165576,204.1,18034614272,55608872960,105,1811.0,9.8,28471533568,72529723392,100,16167337984,1233719296,68.0,52.023,69.25,
60643866542242,283.239215651,203.6,18034614272,55608872960,105,1831.0,9.4,28471533568,72529723392,100,16167337984,1233719296,68.0,52.042,69.25,
60643920521493,283.293194902,203.8,18034614272,55608872960,105,1856.0,9.8,28470804480,72530452480,100,16167337984,1233719296,69.0,52.023,69.25,
60643981998652,283.354672061,227.5,18034618368,55608872960,105,1821.0,9.3,28470804480,72530452480,100,16167337984,1233719296,69.0,52.043,69.25,
60644035288461,283.40796187,206.7,18034618368,55608872960,105,1824.0,10.7,28470804480,72530452480,100,16167337984,1233719296,69.0,52.023,69.25,
60644088533467,283.461206876,206.5,18034618368,55608872960,105,1852.0,8.8,28471287808,72529969152,100,16167337984,1233719296,68.0,52.044,69.25,
60644141467338,283.514140747,207.8,18034618368,55608872960,105,1849.0,10.1,28470632448,72530624512,100,16167337984,1233719296,68.0,52.026,69.25,
60644194747990,283.567421399,206.2,18034618368,55608872960,105,1857.0,9.4,28470632448,72530624512,100,16167337984,1233719296,68.0,52.043,69.25,
60644249599347,283.622272756,200.7,18034618368,55608872960,105,1854.0,9.8,28470632448,72530624512,100,16167337984,1233719296,68.0,52.03,69.25,
60644302608720,283.675282129,207.5,18034622464,55608872960,105,1870.0,9.5,28470632448,72530624512,100,16167337984,1233719296,69.0,52.044,69.25,
60644356472716,283.729146125,204.2,18034622464,55608872960,105,1854.0,10.6,28470632448,72530624512,100,16167337984,1233719296,69.0,52.038,69.25,
60644409536622,283.782210031,226.3,18034622464,55608872960,105,1856.0,11.2,28469600256,72531656704,100,16163143680,1233719296,69.0,52.04,69.25,
60644462573206,283.835246615,188.4,18034622464,55608872960,105,1857.0,10.0,28469600256,72531656704,100,16163143680,1233719296,69.0,52.045,69.25,
60644515604099,283.888277508,207.4,18034626560,55608872960,105,1863.0,9.5,28469600256,72531656704,100,16163143680,1233719296,69.0,52.041,69.25,
60644568507264,283.941180673,207.8,18034626560,55608872960,105,1859.0,11.0,28468781056,72532475904,100,16163143680,1233719296,69.0,52.05,69.25,
60644623738803,283.996412212,199.3,18034626560,55608872960,105,1821.0,14.3,28469039104,72532217856,100,16163143680,1233719296,69.0,52.038,69.25,
60644677534480,284.050207889,204.6,18034626560,55608872960,105,1753.0,11.0,28469039104,72532217856,100,16163143680,1233719296,68.0,52.041,69.25,
60644736572596,284.109246005,203.2,18034626560,55608872960,105,1859.0,11.3,28469039104,72532217856,100,16163143680,1233719296,69.0,52.029,69.25,
60644790542611,284.16321602,222.4,18034630656,55608872960,105,1837.0,9.3,28469526528,72531730432,100,16163143680,1233719296,68.0,52.046,69.25,
60644845797895,284.218471304,217.2,18034630656,55608872960,105,1854.0,12.0,28469526528,72531730432,100,16163143680,1233719296,69.0,52.022,69.25,
60644899556543,284.272229952,204.6,18034630656,55608872960,105,1853.0,9.4,28469755904,72531501056,100,16163143680,1233719296,69.0,52.045,69.25,
60644953414687,284.326088096,185.7,18034630656,55608872960,105,1859.0,10.6,28469116928,72532140032,100,16163143680,1233719296,68.0,52.027,69.25,
60645007454332,284.380127741,203.6,18034630656,55608872960,105,1857.0,9.8,28469116928,72532140032,100,16163143680,1233719296,69.0,52.047,69.25,
60645062416116,284.435089525,236.6,18034634752,55608872960,105,1849.0,10.4,28476858368,72524398592,100,16163143680,1233719296,68.0,52.03,69.25,
60645116449098,284.489122507,184.9,18034634752,55608872960,105,1916.0,23.9,28477263872,72523993088,100,16163143680,1233719296,69.0,52.056,69.25,
60645170716069,284.543389478,220.9,18034634752,55608872960,105,1892.0,25.0,28466421760,72534835200,100,16163143680,1233719296,68.0,52.05,69.25,
60645225522982,284.598196391,201.0,18034634752,55608872960,105,1915.0,10.4,28465741824,72535515136,100,16163143680,1233719296,69.0,52.038,69.25,
60645281528473,284.654201882,214.2,18034634752,55608872960,105,1855.0,9.6,28465741824,72535515136,100,16163143680,1233719296,69.0,52.043,69.25,
60645335590600,284.708264009,203.6,18034638848,55608872960,105,1863.0,9.4,28465741824,72535515136,100,16163143680,1233719296,69.0,52.034,69.25,
60645389527141,284.76220055,203.8,18034638848,55608872960,105,1847.0,12.1,28469612544,72531644416,100,16167337984,1233719296,69.0,52.042,69.25,
60645443673566,284.816346975,221.7,18034638848,55608872960,105,1831.0,11.7,28469612544,72531644416,100,16167337984,1233719296,69.0,52.03,69.25,
60645497575934,284.870249343,203.7,18034638848,55608872960,105,1825.0,9.9,28469612544,72531644416,100,16167337984,1233719296,68.0,52.043,69.25,
60645551539336,284.924212745,204.2,18034638848,55608872960,105,1885.0,12.7,28469612544,72531644416,100,16167337984,1233719296,69.0,52.03,69.25,
60645605550357,284.978223766,203.7,18034642944,55608872960,105,1853.0,12.1,28469612544,72531644416,100,16167337984,1233719296,68.0,52.05,69.25,
60645659514720,285.032188129,222.4,18034647040,55608872960,105,1864.0,15.1,28469870592,72531386368,100,16167337984,1233719296,68.0,52.029,69.25,
60645713529418,285.086202827,203.6,18034647040,55608872960,105,1855.0,10.4,28469870592,72531386368,100,16167337984,1233719296,69.0,52.049,69.25,
60645769387753,285.142061162,196.9,18034651136,55608872960,105,1851.0,10.2,28469870592,72531386368,100,16167337984,1233719296,68.0,52.033,69.25,
60645823601784,285.196275193,202.9,18034651136,55608872960,105,1883.0,9.2,28469870592,72531386368,100,16167337984,1233719296,69.0,52.049,69.25,
60645881977468,285.254650877,222.7,18034651136,55608872960,105,1784.0,13.5,28470378496,72530878464,100,16167337984,1233719296,68.0,52.033,69.25,
60645935524550,285.308197959,186.8,18034655232,55608872960,105,1859.0,8.9,28470018048,72531238912,100,16167337984,1233719296,69.0,52.048,69.25,
60645990744768,285.363418177,235.4,18034655232,55608872960,105,1839.0,11.7,28470018048,72531238912,100,16167337984,1233719296,68.0,52.037,69.25,
60646045554546,285.418227955,200.7,18034655232,55608872960,105,1862.0,10.6,28470018048,72531238912,100,16167337984,1233719296,69.0,52.046,69.25,
60646099557883,285.472231292,203.7,18034655232,55608872960,105,1856.0,13.3,28470018048,72531238912,100,16167337984,1233719296,69.0,52.048,69.25,
60646153529170,285.526202579,203.8,18034659328,55608872960,105,1847.0,10.5,28470247424,72531009536,100,16167337984,1233719296,69.0,52.042,69.25,
60646207487492,285.580160901,222.4,18034659328,55608872960,105,1828.0,11.7,28470730752,72530526208,100,16167337984,1233719296,69.0,52.046,69.25,
60646261699280,285.634372689,202.9,18034659328,55608872960,105,1820.0,12.3,28470988800,72530268160,100,16167337984,1233719296,69.0,52.035,69.25,
60646317717924,285.690391333,196.4,18034659328,55608872960,105,1824.0,11.2,28470988800,72530268160,100,16167337984,1233719296,68.0,52.044,69.25,
60646371651340,285.744324749,203.9,18034659328,55608872960,105,1757.0,12.8,28470988800,72530268160,100,16167337984,1233719296,68.0,52.027,69.25,
60646426620277,285.799293686,218.5,18034659328,55608872960,105,1767.0,10.9,28471246848,72530010112,100,16167337984,1233719296,69.0,52.044,69.25,
60646480629304,285.853302713,203.6,18034659328,55608872960,105,1773.0,13.6,28471246848,72530010112,100,16167337984,1233719296,68.0,52.021,69.25,
60646535735539,285.908408948,217.7,18034659328,55608872960,105,1801.0,10.9,28471246848,72530010112,100,16167337984,1233719296,69.0,52.045,69.25,
60646589554269,285.962227678,204.5,18034663424,55608872960,105,1832.0,29.4,28477149184,72524107776,100,16167337984,1233719296,68.0,52.039,69.25,
60646643805881,286.01647929,221.1,18034663424,55608872960,105,1798.0,27.3,28485959680,72515297280,100,16167337984,1233719296,68.0,52.055,69.25,
60646698804534,286.071477943,200.0,18034667520,55608872960,105,1791.0,15.0,28486217728,72515039232,100,16167337984,1233719296,68.0,52.036,69.25,
60646752653341,286.12532675,185.7,18034667520,55608872960,105,1826.0,11.1,28486217728,72515039232,100,16167337984,1233719296,69.0,52.039,69.25,
60646806688277,286.179361686,222.2,18034667520,55608872960,105,1804.0,11.6,28486475776,72514781184,100,16167337984,1233719296,69.0,52.032,69.25,
60646863675417,286.236348826,929.3,18034667520,55608872960,105,1790.0,38.2,28485857280,72515399680,100,16167337984,1233719296,69.0,52.035,69.25,
60646917575741,286.29024915,278.3,18034667520,55608872960,105,1821.0,11.7,28485545984,72515710976,100,16167337984,1233719296,68.0,52.041,69.25,
60646971585389,286.344258798,203.7,18034667520,55608872960,105,1822.0,11.6,28485410816,72515846144,100,16167337984,1233719296,69.0,52.024,69.25,
60647025616207,286.398289616,222.1,18034667520,55608872960,105,1823.0,9.9,28485410816,72515846144,100,16167337984,1233719296,69.0,52.044,69.25,
60647079604035,286.452277444,203.7,18034667520,55608872960,105,1775.0,13.4,28486959104,72514297856,100,16167337984,1233719296,68.0,52.025,69.25,
60647133609806,286.506283215,203.6,18034667520,55608872960,105,1809.0,11.0,28487217152,72514039808,100,16167337984,1233719296,69.0,52.045,69.25,
60647187503136,286.560176545,185.7,18034667520,55608872960,105,1779.0,13.3,28487217152,72514039808,100,16167337984,1233719296,69.0,52.026,69.25,
60647241674318,286.614347727,221.0,18034667520,55608872960,105,1818.0,10.3,28487217152,72514039808,100,16167337984,1233719296,68.0,52.045,69.25,
60647298969326,286.671642735,209.9,18034667520,55608872960,105,1750.0,11.8,28487217152,72514039808,100,16167337984,1233719296,68.0,52.03,69.25,
60647352590455,286.725263864,205.2,18034667520,55608872960,105,1845.0,9.8,28485152768,72516104192,100,16167337984,1233719296,69.0,52.046,69.25,
60647408761586,286.781434995,213.8,18034667520,55608872960,105,1791.0,12.3,28484907008,72516349952,100,16167337984,1233719296,68.0,52.033,69.25,
60647462607768,286.835281177,204.3,18034667520,55608872960,105,1841.0,9.5,28484907008,72516349952,100,16167337984,1233719296,69.0,52.043,69.25,
60647516584024,286.889257433,221.9,18034667520,55608872960,105,1806.0,10.9,28484907008,72516349952,100,16167337984,1233719296,68.0,52.047,69.25,
60647571621840,286.944295249,200.1,18034667520,55608872960,105,1786.0,10.5,28484362240,72516894720,100,16167337984,1233719296,69.0,52.051,69.25,
60647625607103,286.998280512,203.6,18034667520,55608872960,105,1774.0,13.7,28484362240,72516894720,100,16167337984,1233719296,68.0,52.058,69.25,
60647680635621,287.05330903,218.3,18034667520,55608872960,105,1792.0,10.5,28484591616,72516665344,100,16167337984,1233719296,69.0,52.041,69.25,
60647734582271,287.10725568,203.7,18034667520,55608872960,105,1822.0,9.8,28484591616,72516665344,100,16167337984,1233719296,69.0,52.049,69.25,
60647789887940,287.162561349,198.7,18034667520,55608872960,105,1814.0,10.2,28485050368,72516206592,100,16167337984,1233719296,68.0,52.031,69.25,
60647844674444,287.217347853,201.1,18034667520,55608872960,105,1818.0,9.7,28481642496,72519614464,100,16167337984,1233719296,68.0,52.045,69.25,
60647898588834,287.271262243,203.9,18034667520,55608872960,105,1799.0,10.6,28479807488,72521449472,100,16167337984,1233719296,68.0,52.022,69.25,
60647952731582,287.325404991,221.8,18034667520,55608872960,105,1818.0,9.8,28479549440,72521707520,100,16167337984,1233719296,69.0,52.05,69.25,
60648006595778,287.379269187,204.2,18034667520,55608872960,105,1773.0,10.6,28479516672,72521740288,100,16167337984,1233719296,68.0,52.03,69.25,
60648060573025,287.433246434,203.8,18034667520,55608872960,105,1820.0,9.8,28479516672,72521740288,100,16167337984,1233719296,69.0,52.048,69.25,
60648114595888,287.487269297,203.6,18034667520,55608872960,105,1794.0,9.9,28479238144,72522018816,100,16167337984,1233719296,68.0,52.034,69.25,
60648168543090,287.541216499,222.4,18034667520,55608872960,105,1859.0,8.8,28479696896,72521560064,100,16167337984,1233719296,69.0,52.05,69.25,
60648222672773,287.595346182,203.0,18034667520,55608872960,105,1829.0,11.0,28479696896,72521560064,100,16167337984,1233719296,68.0,52.041,69.25,
60648276850727,287.649524136,203.1,18034671616,55608872960,105,1831.0,9.3,28479156224,72522100736,100,16167337984,1233719296,69.0,52.044,69.25,
60648330587744,287.703261153,204.7,18034671616,55608872960,105,1831.0,9.9,28479156224,72522100736,100,16167337984,1233719296,68.0,52.05,69.25,
60648384631536,287.757304945,222.0,18034671616,55608872960,105,1848.0,11.0,28479156224,72522100736,100,16163143680,1233719296,69.0,52.042,69.25,
60648439639266,287.812312675,200.0,18034671616,55608872960,105,1844.0,9.7,28475609088,72525647872,100,16163143680,1233719296,69.0,52.047,69.25,
60648495030454,287.867703863,198.6,18034671616,55608872960,105,1784.0,11.2,28475609088,72525647872,100,16163143680,1233719296,69.0,52.033,69.25,
60648548710164,287.921383573,204.9,18034671616,55608872960,105,1833.0,8.8,28475068416,72526188544,100,16163143680,1233719296,68.0,52.046,69.25,
60648605054890,287.977728299,212.8,18034671616,55608872960,105,1808.0,12.8,28475297792,72525959168,100,16163143680,1233719296,68.0,52.033,69.25,
60648659682507,288.032355916,201.6,18034671616,55608872960,105,1813.0,12.1,28475297792,72525959168,100,16163143680,1233719296,68.0,52.044,69.25,
60648715072413,288.087745822,216.6,18034671616,55608872960,105,1835.0,10.8,28474757120,72526499840,100,16163143680,1233719296,68.0,52.021,69.25,
60648768727967,288.141401376,205.0,18034671616,55608872960,105,1801.0,9.9,28474757120,72526499840,100,16163143680,1233719296,68.0,52.046,69.25,
60648822555875,288.195229284,223.0,18034671616,55608872960,105,1802.0,10.0,28474986496,72526270464,100,16163143680,1233719296,69.0,52.026,69.25,
60648877739414,288.250412823,199.3,18034675712,55608872960,105,1841.0,9.7,28474413056,72526843904,100,16163143680,1233719296,69.0,52.046,69.25,
60648931513080,288.304186489,204.6,18034675712,55608872960,105,1799.0,10.6,28473389056,72527867904,100,16163143680,1233719296,68.0,52.031,69.25,
60648985671307,288.358344716,203.2,18034675712,55608872960,105,1874.0,9.2,28473118720,72528138240,100,16163143680,1233719296,69.0,52.046,69.25,
60649039774610,288.412448019,221.7,18034675712,55608872960,105,1817.0,11.6,28473061376,72528195584,100,16163143680,1233719296,68.0,52.037,69.25,
60649093722914,288.466396323,185.4,18034675712,55608872960,105,1832.0,9.9,28479221760,72522035200,100,16163143680,1233719296,69.0,52.045,69.25,
60649147588792,288.520262201,204.2,18034675712,55608872960,105,1802.0,12.1,28479164416,72522092544,100,16163143680,1233719296,68.0,52.047,69.25,
60649201616024,288.574289433,222.1,18034675712,55608872960,105,1872.0,9.9,28478877696,72522379264,100,16163143680,1233719296,69.0,52.041,69.25,
60649255648545,288.628321954,203.4,18034675712,55608872960,105,1822.0,9.8,28479107072,72522149888,100,16163143680,1233719296,69.0,52.048,69.25,
60649311747640,288.684421049,214.0,18034675712,55608872960,105,1790.0,11.3,28478820352,72522436608,100,16163143680,1233719296,69.0,52.038,69.25,
60649365812883,288.738486292,222.0,18034679808,55608872960,105,1839.0,10.4,28478791680,72522465280,100,16163143680,1233719296,69.0,52.042,69.25,
60649419652112,288.792325521,185.7,18034679808,55608872960,105,1795.0,14.0,28480598016,72520658944,100,16167337984,1233719296,69.0,52.033,69.25,
60649476870967,288.849544376,209.6,18034679808,55608872960,105,1806.0,10.4,28480598016,72520658944,100,16167337984,1233719296,68.0,52.041,69.25,
60649530804412,288.903477821,222.6,18034679808,55608872960,105,1811.0,12.4,28480827392,72520429568,100,16167337984,1233719296,69.0,52.034,69.25,
60649585769591,288.958443,200.2,18034679808,55608872960,105,1815.0,11.4,28480827392,72520429568,100,16167337984,1233719296,68.0,52.055,69.25,
60649644697691,289.0173711,220.5,18034679808,55608872960,105,1815.0,14.3,28481056768,72520200192,100,16167337984,1233719296,68.0,52.035,69.125,
60649699703126,289.072376535,200.0,18034679808,55608872960,105,1836.0,12.0,28481056768,72520200192,100,16167337984,1233719296,68.0,52.053,69.125,
60649753702054,289.126375463,203.7,18034683904,55608872960,105,1816.0,11.7,28481056768,72520200192,100,16167337984,1233719296,68.0,52.031,69.125,
60649807629107,289.180302516,204.2,18034683904,55608872960,105,1834.0,9.9,28481056768,72520200192,100,16167337984,1233719296,68.0,52.053,69.125,
60649861731539,289.234404948,221.7,18034683904,55608872960,105,1833.0,11.0,28481056768,72520200192,100,16167337984,1233719296,68.0,52.037,69.125,
60649915653724,289.288327133,204.1,18034688000,55608872960,105,1884.0,9.3,28480569344,72520687616,100,16167337984,1233719296,69.0,52.053,69.125,
60649969748872,289.342422281,203.3,18034688000,55608872960,105,1847.0,11.0,28481056768,72520200192,100,16167337984,1233719296,68.0,52.044,69.125,
60650023627615,289.396301024,204.2,18034688000,55608872960,105,1841.0,11.6,28481056768,72520200192,100,16167337984,1233719296,69.0,52.049,69.125,
60650078752013,289.451425422,199.4,18034688000,55608872960,105,1815.0,10.9,28481286144,72519970816,100,16167337984,1233719296,69.0,52.053,69.125,
60650132703713,289.505377122,222.4,18034688000,55608872960,105,1850.0,12.1,28481515520,72519741440,100,16167337984,1233719296,69.0,52.043,69.125,
60650186712709,289.559386118,203.6,18034688000,55608872960,105,1830.0,8.8,28481744896,72519512064,100,16167337984,1233719296,69.0,52.046,69.125,
60650240725814,289.613399223,203.6,18034688000,55608872960,105,1923.0,11.0,28481744896,72519512064,100,16167337984,1233719296,68.0,52.031,69.125,
60650294771139,289.667444548,203.6,18034688000,55608872960,105,1859.0,8.8,28481744896,72519512064,100,16167337984,1233719296,68.0,52.048,69.125,
60650348741383,289.721414792,203.8,18034692096,55608872960,105,1821.0,12.7,28481744896,72519512064,100,16167337984,1233719296,68.0,52.024,69.125,
60650402695077,289.775368486,222.4,18034692096,55608872960,105,1856.0,11.2,28482228224,72519028736,100,16167337984,1233719296,69.0,52.049,69.125,
60650456670380,289.829343789,185.3,18034696192,55608872960,105,1830.0,12.1,28482228224,72519028736,100,16167337984,1233719296,68.0,52.029,69.125,
60650510718771,289.88339218,203.5,18034696192,55608872960,105,1857.0,9.4,28482457600,72518799360,100,16167337984,1233719296,69.0,52.05,69.125,
60650564705106,289.937378515,222.4,18034696192,55608872960,105,1822.0,12.8,28482457600,72518799360,100,16167337984,1233719296,68.0,52.04,69.125,
60650621886540,289.994559949,979.4,18034700288,55608872960,105,1854.0,37.2,28482457600,72518799360,100,16167337984,1233719296,68.0,52.064,69.125,
60650675877944,290.048551353,203.7,18034700288,55608872960,105,1780.0,14.5,28482457600,72518799360,100,16167337984,1233719296,68.0,52.05,69.125,
60650730769606,290.103443015,200.4,18034700288,55608872960,105,1858.0,11.9,28482457600,72518799360,100,16167337984,1233719296,69.0,52.049,69.125,
60650784929746,290.157603155,221.4,18034700288,55608872960,105,1792.0,11.7,28482457600,72518799360,100,16167337984,1233719296,69.0,52.053,69.125,
60650838817596,290.211491005,204.2,18034700288,55608872960,105,1865.0,11.6,28482457600,72518799360,100,16167337984,1233719296,70.0,52.044,69.125,
60650892741153,290.265414562,185.5,18034700288,55608872960,105,1809.0,10.5,28481744896,72519512064,100,16167337984,1233719296,69.0,52.053,69.125,
60650946819008,290.319492417,221.9,18034704384,55608872960,105,1833.0,12.1,28481748992,72519507968,100,16167337984,1233719296,69.0,52.041,69.125,
60651002833235,290.375506644,214.2,18034704384,55608872960,105,1800.0,10.6,28481748992,72519507968,100,16167337984,1233719296,68.0,52.049,69.125,
60651056681550,290.429354959,204.3,18034704384,55608872960,105,1834.0,12.9,28481486848,72519770112,100,16167337984,1233719296,68.0,52.032,69.125,
60651110815061,290.48348847,203.2,18034704384,55608872960,105,1798.0,11.5,28483293184,72517963776,100,16167337984,1233719296,68.0,52.049,69.125,
60651164992193,290.537665602,203.0,18034708480,55608872960,105,1861.0,11.8,28482768896,72518488064,100,16167337984,1233719296,68.0,52.026,69.125,
60651218728548,290.591401957,223.3,18034708480,55608872960,105,1843.0,11.1,28482768896,72518488064,100,16167337984,1233719296,69.0,52.05,69.125,
60651273821758,290.646495167,199.7,18034708480,55608872960,105,1856.0,11.9,28482764800,72518492160,100,16167337984,1233719296,68.0,52.03,69.125,
60651327649615,290.700323024,185.7,18034708480,55608872960,105,1859.0,9.9,28482764800,72518492160,100,16167337984,1233719296,69.0,52.051,69.125,
60651382802236,290.755475645,235.8,18034708480,55608872960,105,1832.0,12.6,28482568192,72518688768,100,16167337984,1233719296,68.0,52.033,69.125,
60651436710655,290.809384064,204.1,18034712576,55608872960,105,1916.0,9.3,28482797568,72518459392,100,16167337984,1233719296,69.0,52.048,69.125,
60651491785991,290.8644594,199.7,18034712576,55608872960,105,1827.0,11.4,28482797568,72518459392,100,16167337984,1233719296,68.0,52.037,69.125,
60651545766724,290.918440133,203.8,18034712576,55608872960,105,1861.0,9.4,28483026944,72518230016,100,16167337984,1233719296,69.0,52.048,69.125,
60651599740295,290.972413704,222.2,18034712576,55608872960,105,1793.0,12.2,28483280896,72517976064,100,16167337984,1233719296,68.0,52.049,69.125,
60651654881594,291.027555003,199.6,18034716672,55608872960,105,1832.0,13.1,28482723840,72518533120,100,16167337984,1233719296,69.0,52.048,69.125,
60651709828640,291.082502049,200.2,18034716672,55608872960,105,1838.0,12.6,28482723840,72518533120,100,16167337984,1233719296,69.0,52.05,69.125,
60651763903680,291.136577089,221.9,18034716672,55608872960,105,1850.0,11.0,28482723840,72518533120,100,16167337984,1233719296,69.0,52.039,69.125,
60651817825604,291.190499013,204.0,18034716672,55608872960,105,1855.0,9.4,28481576960,72519680000,100,16167337984,1233719296,68.0,52.046,69.125,
60651871766884,291.244440293,203.9,18034716672,55608872960,105,1858.0,9.9,28481806336,72519450624,100,16167337984,1233719296,69.0,52.031,69.125,
60651925831014,291.298504423,203.5,18034716672,55608872960,105,1857.0,9.2,28480884736,72520372224,100,16167337984,1233719296,68.0,52.043,69.125,
60651979804865,291.352478274,222.3,18034720768,55608872960,105,1843.0,11.8,28480765952,72520491008,100,16167337984,1233719296,68.0,52.025,69.125,
60652033800937,291.406474346,203.8,18034720768,55608872960,105,1828.0,9.8,28480765952,72520491008,100,16167337984,1233719296,68.0,52.047,69.125,
60652090870152,291.463543561,210.2,18034720768,55608872960,105,1841.0,10.5,28480765952,72520491008,100,16167337984,1233719296,69.0,52.026,69.125,
60652144914485,291.517587894,203.5,18034720768,55608872960,105,1823.0,9.2,28478668800,72522588160,100,16167337984,1233719296,68.0,52.048,69.125,
60652198713438,291.571386847,204.5,18034724864,55608872960,105,1852.0,11.0,28479127552,72522129408,100,16167337984,1233719296,68.0,52.03,69.125,
60652252848060,291.625521469,202.8,18034724864,55608872960,105,1898.0,9.2,28479127552,72522129408,100,16167337984,1233719296,68.0,52.047,69.125,
60652306878156,291.679551565,203.9,18034724864,55608872960,105,1800.0,10.7,28479127552,72522129408,100,16167337984,1233719296,68.0,52.036,69.125,
60652360788037,291.733461446,222.7,18034724864,55608872960,105,1860.0,10.4,28479127552,72522129408,100,16167337984,1233719296,69.0,52.048,69.125,
60652414900738,291.787574147,203.2,18034724864,55608872960,105,1848.0,10.5,28479840256,72521416704,100,16163143680,1233719296,68.0,52.042,69.125,
60652468803015,291.841476424,204.2,18034724864,55608872960,105,1874.0,9.9,28479840256,72521416704,100,16163143680,1233719296,69.0,52.045,69.125,
60652526886250,291.899559659,223.7,18034728960,55608872960,105,1855.0,10.8,28480323584,72520933376,100,16163143680,1233719296,69.0,52.048,69.125,
60652580769381,291.95344279,185.7,18034728960,55608872960,105,1844.0,9.9,28480323584,72520933376,100,16163143680,1233719296,69.0,52.052,69.125,
60652636755645,292.009429054,232.1,18034728960,55608872960,105,1820.0,14.0,28480323584,72520933376,100,16163143680,1233719296,69.0,52.056,69.125,
60652690745065,292.063418474,185.2,18034728960,55608872960,105,1823.0,11.6,28480552960,72520704000,100,16163143680,1233719296,69.0,52.042,69.125,
60652745921791,292.1185952,217.5,18034728960,55608872960,105,1870.0,9.7,28478980096,72522276864,100,16163143680,1233719296,68.0,52.045,69.125,
60652799758314,292.172431723,204.4,18034733056,55608872960,105,1846.0,11.0,28479209472,72522047488,100,16163143680,1233719296,68.0,52.031,69.125,
60652853871246,292.226544655,203.3,18034733056,55608872960,105,1846.0,8.7,28479438848,72521818112,100,16163143680,1233719296,68.0,52.045,69.125,
60652907836210,292.280509619,203.8,18034733056,55608872960,105,1797.0,11.7,28478058496,72523198464,100,16163143680,1233719296,69.0,52.025,69.125,
60652961896232,292.334569641,203.5,18034733056,55608872960,105,1774.0,11.0,28477829120,72523427840,100,16163143680,1233719296,68.0,52.049,69.125,
60653015963228,292.388636637,222.0,18034733056,55608872960,105,1805.0,10.5,28478058496,72523198464,100,16163143680,1233719296,68.0,52.027,69.125,
60653069854073,292.442527482,204.1,18034733056,55608872960,105,1841.0,10.5,28480376832,72520880128,100,16163143680,1233719296,68.0,52.049,69.125,
60653123781186,292.496454595,203.9,18034737152,55608872960,105,1828.0,10.9,28480376832,72520880128,100,16163143680,1233719296,68.0,52.03,69.125,
60653178933306,292.551606715,199.4,18034737152,55608872960,105,1834.0,9.7,28480606208,72520650752,100,16163143680,1233719296,68.0,52.049,69.125,
60653236979682,292.609653091,206.8,18034737152,55608872960,105,1827.0,11.0,28479803392,72521453568,100,16163143680,1233719296,68.0,52.033,69.125,
60653290848135,292.663521544,222.8,18034737152,55608872960,105,1872.0,8.7,28479655936,72521601024,100,16163143680,1233719296,69.0,52.05,69.125,
60653345940232,292.718613641,217.7,18034737152,55608872960,105,1828.0,9.7,28479655936,72521601024,100,16163143680,1233719296,68.0,52.036,69.125,
60653399826910,292.772500319,204.3,18034737152,55608872960,105,1846.0,10.7,28481204224,72520052736,100,16167337984,1233719296,70.0,52.051,69.125,
60653453831378,292.826504787,203.6,18034741248,55608872960,105,1820.0,11.6,28481204224,72520052736,100,16167337984,1233719296,68.0,52.043,69.125,
60653507859841,292.88053325,203.6,18034741248,55608872960,105,1831.0,11.6,28481978368,72519278592,100,16167337984,1233719296,69.0,52.046,69.125,
60653563853348,292.936526757,214.3,18034741248,55608872960,105,1779.0,12.8,28481978368,72519278592,100,16167337984,1233719296,68.0,52.054,69.125,
60653619929711,292.99260312,196.2,18034745344,55608872960,105,1866.0,13.0,28481925120,72519331840,100,16167337984,1233719296,69.0,52.056,69.125,
60653676938081,293.04961149,228.0,18034745344,55608872960,105,1772.0,13.3,28481925120,72519331840,100,16167337984,1233719296,68.0,52.061,69.125,
60653730820039,293.103493448,204.2,18034745344,55608872960,105,1842.0,11.8,28482183168,72519073792,100,16167337984,1233719296,69.0,52.044,69.125,
60653784861557,293.157534966,203.6,18034745344,55608872960,105,1840.0,9.8,28482707456,72518549504,100,16167337984,1233719296,68.0,52.049,69.125,
60653838893406,293.211566815,203.2,18034745344,55608872960,105,1823.0,17.3,28482707456,72518549504,100,16167337984,1233719296,68.0,52.034,69.125,
60653893917326,293.266590735,218.6,18034745344,55608872960,105,1801.0,27.9,28485922816,72515334144,100,16167337984,1233719296,68.0,52.06,69.125,
60653947702222,293.320375631,204.3,18034749440,55608872960,105,1897.0,17.5,28479102976,72522153984,100,16167337984,1233719296,68.0,52.033,69.125,
60654001822868,293.374496277,203.3,18034749440,55608872960,105,1840.0,10.4,28479324160,72521932800,100,16167337984,1233719296,68.0,52.048,69.125,
60654057935909,293.430609318,213.7,18034749440,55608872960,105,1912.0,12.0,28479324160,72521932800,100,16167337984,1233719296,68.0,52.033,69.125,
60654112922579,293.485595988,200.3,18034749440,55608872960,105,1866.0,10.4,28479324160,72521932800,100,16167337984,1233719296,69.0,52.05,69.125,
60654167737326,293.540410735,200.4,18034753536,55608872960,105,1861.0,11.9,28479324160,72521932800,100,16167337984,1233719296,68.0,52.038,69.125,
60654222891079,293.595564488,217.7,18034753536,55608872960,105,1834.0,10.4,28479066112,72522190848,100,16167337984,1233719296,69.0,52.049,69.125,
60654276877964,293.649551373,203.8,18034753536,55608872960,105,1790.0,13.1,28479066112,72522190848,100,16167337984,1233719296,68.0,52.044,69.125,
60654335103907,293.707777316,945.0,18034757632,55608872960,105,1903.0,35.5,28479066112,72522190848,100,16167337984,1233719296,69.0,52.045,69.125,
60654388895426,293.761568835,204.3,18034757632,55608872960,105,1849.0,12.6,28479066112,72522190848,100,16167337984,1233719296,68.0,52.051,69.125,
60654444877381,293.81755079,214.4,18034757632,55608872960,105,1814.0,11.9,28479066112,72522190848,100,16167337984,1233719296,69.0,52.037,69.125,
60654498986756,293.871660165,203.2,18034757632,55608872960,105,1786.0,9.3,28479066112,72522190848,100,16167337984,1233719296,68.0,52.044,69.125,
60654552986806,293.925660215,203.7,18034757632,55608872960,105,1830.0,12.1,28479324160,72521932800,100,16167337984,1233719296,69.0,52.031,69.125,
60654606949425,293.979622834,222.3,18034757632,55608872960,105,1843.0,12.5,28478734336,72522522624,100,16167337984,1233719296,68.0,52.052,69.125,
60654661979726,294.034653135,199.9,18034761728,55608872960,105,1814.0,13.8,28478734336,72522522624,100,16167337984,1233719296,68.0,52.028,69.125,
60654717019105,294.089692514,200.0,18034765824,55608872960,105,1801.0,10.5,28478734336,72522522624,100,16167337984,1233719296,68.0,52.05,69.125,
60654771787675,294.144461084,200.9,18034765824,55608872960,105,1836.0,10.9,28478963712,72522293248,100,16167337984,1233719296,68.0,52.031,69.125,
60654825900977,294.198574386,221.4,18034765824,55608872960,105,1841.0,9.8,28479447040,72521809920,100,16167337984,1233719296,68.0,52.049,69.125,
60654879903903,294.252577312,204.0,18034765824,55608872960,105,1777.0,12.7,28479447040,72521809920,100,16167337984,1233719296,68.0,52.037,69.125,
60654934040028,294.306713437,203.2,18034765824,55608872960,105,1859.0,9.3,28478930944,72522326016,100,16167337984,1233719296,69.0,52.049,69.125,
60654988035198,294.360708607,203.6,18034765824,55608872960,105,1800.0,11.9,28478189568,72523067392,100,16167337984,1233719296,68.0,52.045,69.125,
60655042949973,294.415623382,218.5,18034765824,55608872960,105,1816.0,10.9,28478418944,72522838016,100,16167337984,1233719296,69.0,52.047,69.125,
60655097925501,294.47059891,218.2,18034765824,55608872960,105,1827.0,13.4,28477644800,72523612160,100,16167337984,1233719296,68.0,52.052,69.125,
60655151919079,294.524592488,203.9,18034765824,55608872960,105,1821.0,11.8,28477325312,72523931648,100,16167337984,1233719296,69.0,52.04,69.125,
60655208080050,294.580753459,196.0,18034765824,55608872960,105,1847.0,10.9,28477325312,72523931648,100,16167337984,1233719296,68.0,52.049,69.125,
60655262941184,294.635614593,218.8,18034765824,55608872960,105,1828.0,12.0,28477554688,72523702272,100,16167337984,1233719296,69.0,52.036,69.125,
60655317927703,294.690601112,218.1,18034769920,55608872960,105,1817.0,10.2,28477784064,72523472896,100,16167337984,1233719296,68.0,52.041,69.125,
60655372921657,294.745595066,200.1,18034774016,55608872960,105,1817.0,14.0,28477784064,72523472896,100,16167337984,1233719296,69.0,52.026,69.125,
60655426845654,294.799519063,203.8,18034774016,55608872960,105,1822.0,9.8,28477005824,72524251136,100,16167337984,1233719296,68.0,52.047,69.125,
60655480838640,294.853512049,203.7,18034774016,55608872960,105,1829.0,11.0,28477005824,72524251136,100,16167337984,1233719296,68.0,52.029,69.125,
60655534989994,294.907663403,221.6,18034774016,55608872960,105,1848.0,9.2,28477005824,72524251136,100,16167337984,1233719296,69.0,52.049,69.125,
60655588925112,294.961598521,204.0,18034774016,55608872960,105,1791.0,11.2,28477235200,72524021760,100,16167337984,1233719296,68.0,52.04,69.125,
60655642950729,295.015624138,203.2,18034774016,55608872960,105,1859.0,12.6,28477235200,72524021760,100,16167337984,1233719296,68.0,52.057,69.125,
60655696880768,295.069554177,204.2,18034774016,55608872960,105,1802.0,11.7,28477235200,72524021760,100,16167337984,1233719296,68.0,52.042,69.125,
60655750934388,295.123607797,203.6,18034774016,55608872960,105,1876.0,9.3,28477464576,72523792384,100,16167337984,1233719296,69.0,52.051,69.125,
60655804881007,295.177554416,222.4,18034782208,55608872960,105,1832.0,11.0,28477693952,72523563008,100,16167337984,1233719296,68.0,52.052,69.125,
60655858965636,295.231639045,203.3,18034782208,55608872960,105,1832.0,10.4,28477923328,72523333632,100,16167337984,1233719296,69.0,52.049,69.125,
60655913932588,295.286605997,200.2,18034782208,55608872960,105,1840.0,9.2,28477616128,72523640832,100,16167337984,1233719296,68.0,52.054,69.125,
60655968038616,295.340712025,203.4,18034782208,55608872960,105,1843.0,10.5,28477091840,72524165120,100,16167337984,1233719296,69.0,52.044,69.125,
60656021962784,295.394636193,203.9,18034782208,55608872960,105,1803.0,9.9,28477804544,72523452416,100,16167337984,1233719296,69.0,52.052,69.125,
60656076997423,295.449670832,218.1,18034782208,55608872960,105,1839.0,10.8,28477804544,72523452416,100,16167337984,1233719296,68.0,52.037,69.125,
60656130892376,295.503565785,204.3,18034782208,55608872960,105,1861.0,8.1,28477804544,72523452416,100,16167337984,1233719296,68.0,52.047,69.125,
60656184937009,295.557610418,221.8,18034782208,55608872960,105,1864.0,12.2,28477509632,72523747328,100,16167337984,1233719296,68.0,52.031,69.125,
60656238954842,295.611628251,203.7,18034782208,55608872960,105,1859.0,9.3,28476985344,72524271616,100,16167337984,1233719296,68.0,52.049,69.125,
60656301022407,295.673695816,209.4,18034782208,55608872960,105,1839.0,11.1,28476985344,72524271616,100,16167337984,1233719296,69.0,52.026,69.125,
60656355010494,295.727683903,203.9,18034786304,55608872960,105,1860.0,8.8,28476919808,72524337152,100,16167337984,1233719296,69.0,52.051,69.125,
60656408927167,295.781600576,222.5,18034790400,55608872960,105,1820.0,12.7,28474425344,72526831616,100,16163143680,1233719296,68.0,52.03,69.125,
60656462996136,295.835669545,185.0,18034790400,55608872960,105,1904.0,9.8,28474654720,72526602240,100,16163143680,1233719296,69.0,52.051,69.125,
60656516882964,295.889556373,222.6,18034790400,55608872960,105,1782.0,11.6,28474908672,72526348288,100,16163143680,1233719296,69.0,52.036,69.125,
60656570936654,295.943610063,203.5,18034790400,55608872960,105,1901.0,9.7,28474908672,72526348288,100,16163143680,1233719296,69.0,52.052,69.125,
60656630554706,296.003228115,218.1,18034790400,55608872960,105,1793.0,14.8,28475138048,72526118912,100,16163143680,1233719296,68.0,52.041,69.125,
60656684019382,296.056692791,205.7,18034790400,55608872960,105,1792.0,12.9,28474601472,72526655488,100,16163143680,1233719296,69.0,52.052,69.125,
60656740013370,296.112686779,214.3,18034790400,55608872960,105,1815.0,10.7,28474535936,72526721024,100,16163143680,1233719296,68.0,52.047,69.125,
60656794025011,296.16669842,203.7,18034790400,55608872960,105,1847.0,9.8,28474535936,72526721024,100,16163143680,1233719296,69.0,52.046,69.125,
60656847978634,296.220652043,203.7,18034790400,55608872960,105,1862.0,10.5,28474535936,72526721024,100,16163143680,1233719296,69.0,52.05,69.125,
60656901995144,296.274668553,203.7,18034794496,55608872960,105,1846.0,11.0,28474511360,72526745600,100,16163143680,1233719296,69.0,52.04,69.125,
60656955980466,296.328653875,203.8,18034794496,55608872960,105,1848.0,8.8,28474511360,72526745600,100,16163143680,1233719296,69.0,52.048,69.125,
60657009978933,296.382652342,203.8,18034798592,55608872960,105,1866.0,11.0,28473987072,72527269888,100,16163143680,1233719296,69.0,52.035,69.125,
60657064089179,296.436762588,203.3,18034798592,55608872960,105,1861.0,9.8,28477698048,72523558912,100,16163143680,1233719296,68.0,52.045,69.125,
60657117962150,296.490635559,222.7,18034798592,55608872960,105,1850.0,12.1,28478472192,72522784768,100,16163143680,1233719296,68.0,52.025,69.125,
60657174063519,296.546736928,214.0,18034798592,55608872960,105,1847.0,9.5,28478726144,72522530816,100,16163143680,1233719296,68.0,52.048,69.125,
60657227900092,296.600573501,185.7,18034798592,55608872960,105,1859.0,12.1,28478955520,72522301440,100,16163143680,1233719296,69.0,52.028,69.125,
60657281983218,296.654656627,221.9,18034798592,55608872960,105,1853.0,8.8,28478672896,72522584064,100,16163143680,1233719296,68.0,52.049,69.125,
60657336073146,296.708746555,203.4,18034798592,55608872960,105,1833.0,10.4,28478902272,72522354688,100,16163143680,1233719296,68.0,52.029,69.125,
60657390090809,296.762764218,203.1,18034798592,55608872960,105,1818.0,11.3,28478468096,72522788864,100,16167337984,1233719296,68.0,52.048,69.125,
60657445069202,296.817742611,200.5,18034798592,55608872960,105,1800.0,11.1,28478697472,72522559488,100,16167337984,1233719296,68.0,52.036,69.125,
60657499014289,296.871687698,204.1,18034802688,55608872960,105,1832.0,10.4,28479209472,72522047488,100,16167337984,1233719296,69.0,52.051,69.125,
60657557344186,296.930017595,222.8,18034806784,55608872960,105,1762.0,12.9,28479209472,72522047488,100,16167337984,1233719296,68.0,52.043,69.125,
60657611018956,296.983692365,204.9,18034806784,55608872960,105,1836.0,12.4,28479209472,72522047488,100,16167337984,1233719296,69.0,52.06,69.125,
60657664955065,297.037628474,222.4,18034806784,55608872960,105,1794.0,14.0,28479209472,72522047488,100,16167337984,1233719296,69.0,52.062,69.125,
60657719009066,297.091682475,203.6,18034806784,55608872960,105,1810.0,11.7,28478160896,72523096064,100,16167337984,1233719296,69.0,52.05,69.125,
60657773036868,297.145710277,203.6,18034806784,55608872960,105,1808.0,10.5,28478160896,72523096064,100,16167337984,1233719296,69.0,52.056,69.125,
60657826985020,297.199658429,203.8,18034806784,55608872960,105,1865.0,11.7,28478160896,72523096064,100,16167337984,1233719296,69.0,52.04,69.125,
60657880996962,297.253670371,203.6,18034806784,55608872960,105,1803.0,10.3,28478390272,72522866688,100,16167337984,1233719296,68.0,52.052,69.125,
60657935109953,297.307783362,221.7,18034806784,55608872960,105,1822.0,12.9,28477341696,72523915264,100,16167337984,1233719296,68.0,52.037,69.125,
60657990117110,297.362790519,200.1,18034810880,55608872960,105,1822.0,10.2,28475179008,72526077952,100,16167337984,1233719296,68.0,52.055,69.125,
60658043999660,297.416673069,204.1,18034814976,55609921536,105,1773.0,12.4,28475408384,72525848576,100,16167337984,1233719296,68.0,52.034,69.125,
60658101264330,297.473937739,977.3,18034827264,55609921536,105,1807.0,35.4,28475408384,72525848576,100,16167337984,1233719296,68.0,52.056,69.125,
60658158024554,297.530697963,229.2,18034827264,55609921536,105,1817.0,12.1,28475637760,72525619200,100,16167337984,1233719296,68.0,52.037,69.125,
60658212195905,297.584869314,202.8,18034827264,55609921536,105,1845.0,11.4,28475637760,72525619200,100,16167337984,1233719296,68.0,52.053,69.125,
60658267353715,297.640027124,199.6,18034827264,55609921536,105,1823.0,11.9,28475637760,72525619200,100,16167337984,1233719296,68.0,52.041,69.125,
60658321045546,297.693718955,204.9,18034827264,55609921536,105,1850.0,9.5,28475637760,72525619200,100,16167337984,1233719296,69.0,52.055,69.125,
60658376188298,297.748861707,217.6,18034827264,55609921536,105,1832.0,13.1,28475310080,72525946880,100,16167337984,1233719296,68.0,52.049,69.125,
60658430067531,297.80274094,204.2,18034831360,55609921536,105,1811.0,11.2,28475310080,72525946880,100,16167337984,1233719296,69.0,52.05,69.125,
60658484141479,297.856814888,203.5,18034831360,55609921536,105,1797.0,11.6,28475310080,72525946880,100,16167337984,1233719296,68.0,52.054,69.125,
60658538070195,297.910743604,204.0,18034831360,55609921536,105,1832.0,12.3,28475310080,72525946880,100,16167337984,1233719296,69.0,52.045,69.125,
60658592158310,297.964831719,221.9,18034831360,55609921536,105,1824.0,12.1,28475539456,72525717504,100,16167337984,1233719296,68.0,52.061,69.125,
60658648237317,298.020910726,196.1,18034831360,55609921536,105,1838.0,14.0,28475539456,72525717504,100,16167337984,1233719296,68.0,52.051,69.125,
60658702094799,298.074768208,222.8,18034831360,55609921536,105,1826.0,10.0,28476026880,72525230080,100,16167337984,1233719296,68.0,52.055,69.125,
60658756072336,298.128745745,185.3,18034831360,55609921536,105,1852.0,12.9,28476510208,72524746752,100,16167337984,1233719296,69.0,52.042,69.125,
60658810165500,298.182838909,203.4,18034831360,55609921536,105,1846.0,9.4,28476510208,72524746752,100,16167337984,1233719296,68.0,52.058,69.125,
60658864011371,298.23668478,204.2,18034835456,55609921536,105,1820.0,13.3,28476739584,72524517376,100,16167337984,1233719296,68.0,52.036,69.0,
60658918068407,298.290741816,203.6,18034835456,55609921536,105,1827.0,9.9,28476395520,72524861440,100,16167337984,1233719296,68.0,52.058,69.125,
60658971984278,298.344657687,222.6,18034839552,55609921536,105,1811.0,11.8,28476137472,72525119488,100,16167337984,1233719296,68.0,52.041,69.0,
60659026157933,298.398831342,221.3,18034839552,55609921536,105,1860.0,9.7,28476137472,72525119488,100,16167337984,1233719296,69.0,52.056,69.0,
60659080249715,298.452923124,185.0,18034839552,55609921536,105,1816.0,13.0,28477407232,72523849728,100,16167337984,1233719296,68.0,52.046,69.0,
60659134081529,298.506754938,204.4,18034839552,55609921536,105,1861.0,10.5,28477145088,72524111872,100,16167337984,1233719296,69.0,52.054,69.0,
60659188067482,298.560740891,203.7,18034839552,55609921536,105,1829.0,12.3,28477403136,72523853824,100,16167337984,1233719296,68.0,52.055,69.0,
60659242087939,298.614761348,222.1,18034839552,55609921536,105,1785.0,25.8,28477403136,72523853824,100,16167337984,1233719296,68.0,52.059,69.0,
60659297136144,298.669809553,199.8,18034839552,55609921536,105,1783.0,24.3,28477632512,72523624448,100,16167337984,1233719296,68.0,52.06,69.0,
60659352267605,298.724941014,217.8,18034839552,55609921536,105,1790.0,14.3,28472987648,72528269312,100,16167337984,1233719296,69.0,52.039,69.0,
60659411305990,298.783979399,220.2,18034839552,55609921536,105,1793.0,10.6,28472274944,72528982016,100,16167337984,1233719296,68.0,52.045,69.0,
60659467077611,298.83975102,197.2,18034839552,55609921536,105,1832.0,11.3,28470091776,72531165184,100,16167337984,1233719296,69.0,52.033,69.0,
60659521188077,298.893861486,203.0,18034839552,55609921536,105,1816.0,8.7,28470091776,72531165184,100,16167337984,1233719296,68.0,52.047,69.0,
60659576118390,298.948791799,218.8,18034847744,55609921536,105,1823.0,11.0,28470349824,72530907136,100,16167337984,1233719296,68.0,52.031,69.0,
60659630196175,299.002869584,203.5,18034847744,55609921536,105,1818.0,13.3,28469460992,72531795968,100,16167337984,1233719296,69.0,52.055,69.0,
60659684072593,299.056746002,204.1,18034847744,55609921536,105,1825.0,12.9,28469690368,72531566592,100,16167337984,1233719296,68.0,52.03,69.0,
60659737950153,299.110623562,204.3,18034847744,55609921536,105,1813.0,9.4,28469559296,72531697664,100,16167337984,1233719296,68.0,52.052,69.0,
60659792153133,299.164826542,202.9,18034847744,55609921536,105,1843.0,9.9,28469559296,72531697664,100,16167337984,1233719296,68.0,52.034,69.0,
60659846084263,299.218757672,203.8,18034847744,55609921536,105,1873.0,8.6,28469788672,72531468288,100,16167337984,1233719296,69.0,52.051,69.0,
60659900183608,299.272857017,221.8,18034847744,55609921536,105,1861.0,11.6,28468797440,72532459520,100,16167337984,1233719296,68.0,52.04,69.0,
60659954112965,299.326786374,204.2,18034847744,55609921536,105,1856.0,8.8,28468219904,72533037056,100,16167337984,1233719296,68.0,52.051,69.0,
60660008038164,299.380711573,204.1,18034847744,55609921536,105,1833.0,9.9,28468449280,72532807680,100,16167337984,1233719296,68.0,52.05,69.0,
60660062186732,299.434860141,203.0,18034855936,55609921536,105,1860.0,9.9,28468449280,72532807680,100,16167337984,1233719296,69.0,52.048,69.0,
60660116090140,299.488763549,204.0,18034855936,55609921536,105,1823.0,9.9,28468449280,72532807680,100,16167337984,1233719296,69.0,52.052,69.0,
60660170059933,299.542733342,222.4,18034855936,55609921536,105,1829.0,10.4,28468678656,72532578304,100,16167337984,1233719296,69.0,52.042,69.0,
60660224173735,299.596847144,203.2,18034855936,55609921536,105,1836.0,10.3,28468678656,72532578304,100,16167337984,1233719296,68.0,52.048,69.0,
60660278208450,299.650881859,203.5,18034855936,55609921536,105,1856.0,10.5,28469194752,72532062208,100,16167337984,1233719296,68.0,52.03,69.0,
60660332160188,299.704833597,204.2,18034855936,55609921536,105,1852.0,8.8,28469194752,72532062208,100,16167337984,1233719296,68.0,52.049,69.0,
60660386111396,299.758784805,203.8,18034855936,55609921536,105,1817.0,12.1,28469194752,72532062208,100,16163143680,1233719296,68.0,52.03,69.0,
60660440152993,299.812826402,222.0,18034855936,55609921536,105,1858.0,9.4,28469194752,72532062208,100,16163143680,1233719296,68.0,52.051,69.0,
60660494058315,299.866731724,204.1,18034855936,55609921536,105,1831.0,9.9,28469194752,72532062208,100,16163143680,1233719296,68.0,52.03,69.0,
60660548221741,299.92089515,203.1,18034855936,55609921536,105,1847.0,9.8,28469907456,72531349504,100,16163143680,1233719296,68.0,52.048,69.0,
60660603233397,299.975906806,218.2,18034864128,55609921536,105,1816.0,12.6,28469579776,72531677184,100,16163143680,1233719296,68.0,52.039,69.0,
60660657176128,300.029849537,203.9,18034864128,55609921536,105,1847.0,13.3,28469579776,72531677184,100,16163143680,1233719296,68.0,52.054,69.0,
60660711164786,300.083838195,203.8,18034864128,55609921536,105,1852.0,11.6,28469837824,72531419136,100,16163143680,1233719296,68.0,52.043,69.0,
60660765154356,300.137827765,203.8,18034864128,55609921536,105,1868.0,10.5,28469837824,72531419136,100,16163143680,1233719296,69.0,52.047,69.0,
60660819227312,300.191900721,203.4,18034864128,55609921536,105,1771.0,12.0,28469837824,72531419136,100,16163143680,1233719296,68.0,52.053,69.0,
60660873226630,300.245900039,203.7,18034864128,55609921536,105,1848.0,9.4,28469223424,72532033536,100,16163143680,1233719296,69.0,52.042,69.0,
60660927180452,300.299853861,222.4,18034864128,55609921536,105,1811.0,11.4,28469133312,72532123648,100,16163143680,1233719296,69.0,52.05,69.0,
60660983274087,300.355947496,196.1,18034864128,55609921536,105,1821.0,10.7,28468555776,72532701184,100,16163143680,1233719296,69.0,52.039,69.0,
60661037323829,300.409997238,221.8,18034864128,55609921536,105,1847.0,10.2,28468555776,72532701184,100,16163143680,1233719296,68.0,52.047,69.0,
60661092248642,300.464922051,200.2,18034868224,55609921536,105,1857.0,12.3,28470620160,72530636800,100,16163143680,1233719296,68.0,52.031,69.0,
60661146307802,300.518981211,203.9,18034872320,55609921536,105,1846.0,8.2,28470358016,72530898944,100,16163143680,1233719296,69.0,52.048,69.0,
60661200100062,300.572773471,204.3,18034876416,55609921536,105,1875.0,11.0,28470325248,72530931712,100,16163143680,1233719296,68.0,52.024,69.0,
60661254323801,300.62699721,202.9,18034876416,55609921536,105,1844.0,9.4,28470325248,72530931712,100,16163143680,1233719296,68.0,52.049,69.0,
60661308097005,300.680770414,223.2,18034876416,55609921536,105,1822.0,11.0,28470067200,72531189760,100,16163143680,1233719296,68.0,52.032,69.0,
60661362362622,300.735036031,202.6,18034876416,55609921536,105,1858.0,9.3,28470296576,72530960384,100,16163143680,1233719296,68.0,52.05,69.0,
60661418190438,300.790863847,197.2,18034876416,55609921536,105,1820.0,13.1,28471382016,72529874944,100,16167337984,1233719296,68.0,52.034,69.0,
60661472265598,300.844939007,221.5,18034876416,55609921536,105,1860.0,9.7,28472356864,72528900096,100,16167337984,1233719296,68.0,52.05,69.0,
60661537394050,300.910067459,215.1,18034876416,55609921536,105,1832.0,12.7,28472844288,72528412672,100,16167337984,1233719296,68.0,52.031,69.0,
60661591321554,300.963994963,222.5,18034876416,55609921536,105,1804.0,12.1,28474130432,72527126528,100,16167337984,1233719296,68.0,52.057,69.0,
60661646216410,301.018889819,200.5,18034876416,55609921536,105,1821.0,16.0,28497100800,72504156160,100,16167337984,1233719296,68.0,52.048,69.0,
60661700163911,301.07283732,204.0,18034876416,55609921536,105,1840.0,12.2,28497330176,72503926784,100,16167337984,1233719296,69.0,52.055,69.0,
60661754212892,301.126886301,203.6,18034884608,55609921536,105,1782.0,11.1,28497559552,72503697408,100,16167337984,1233719296,68.0,52.046,69.0,
60661811386321,301.18405973,961.7,18034896896,55609921536,105,1906.0,36.8,28497559552,72503697408,100,16167337984,1233719296,69.0,52.051,69.0,
60661865227492,301.237900901,204.2,18034896896,55609921536,105,1821.0,11.6,28498018304,72503238656,100,16167337984,1233719296,68.0,52.055,69.0,
60661919247909,301.291921318,203.7,18034896896,55609921536,105,1809.0,13.4,28498276352,72502980608,100,16167337984,1233719296,68.0,52.037,69.0,
60661973291731,301.34596514,203.3,18034896896,55609921536,105,1833.0,9.8,28497993728,72503263232,100,16167337984,1233719296,68.0,52.049,69.0,
60662027222801,301.39989621,204.1,18034896896,55609921536,105,1846.0,12.9,28498223104,72503033856,100,16167337984,1233719296,69.0,52.032,69.0,
60662082351586,301.455024995,199.6,18034896896,55609921536,105,1833.0,10.9,28498452480,72502804480,100,16167337984,1233719296,69.0,52.053,69.0,
60662136151089,301.508824498,241.6,18034896896,55609921536,105,1850.0,11.7,28498935808,72502321152,100,16167337984,1233719296,68.0,52.031,69.0,
60662190224065,301.562897474,203.4,18034896896,55609921536,105,1861.0,11.0,28499681280,72501575680,100,16167337984,1233719296,68.0,52.054,69.0,
60662244092547,301.616765956,204.2,18034900992,55609921536,105,1829.0,11.2,28499910656,72501346304,100,16167337984,1233719296,68.0,52.036,69.0,
60662298227540,301.670900949,202.9,18034900992,55609921536,105,1856.0,10.9,28499910656,72501346304,100,16167337984,1233719296,68.0,52.053,69.0,
60662357416818,301.730090227,220.0,18034900992,55609921536,105,1848.0,11.8,28499910656,72501346304,100,16167337984,1233719296,68.0,52.036,69.0,
60662411349340,301.784022749,203.9,18034900992,55609921536,105,1829.0,10.5,28499910656,72501346304,100,16167337984,1233719296,69.0,52.054,69.0,
60662465242719,301.837916128,204.0,18034900992,55609921536,105,1771.0,13.7,28499910656,72501346304,100,16167337984,1233719296,68.0,52.048,69.0,
60662519313000,301.891986409,203.6,18034905088,55609921536,105,1846.0,11.0,28499910656,72501346304,100,16167337984,1233719296,69.0,52.049,69.0,
60662573190540,301.945863949,204.1,18034905088,55609921536,105,1844.0,12.1,28499910656,72501346304,100,16167337984,1233719296,69.0,52.053,69.0,
60662627332284,302.000005693,203.2,18034905088,55609921536,105,1938.0,14.1,28488040448,72513216512,100,16167337984,1233719296,69.0,52.047,69.0,
60662681326653,302.054000062,222.1,18034905088,55609921536,105,1870.0,11.7,28488040448,72513216512,100,16167337984,1233719296,69.0,52.05,69.0,
60662735336270,302.108009679,203.8,18034905088,55609921536,105,1830.0,13.3,28488040448,72513216512,100,16167337984,1233719296,68.0,52.033,69.0,
60662789461133,302.162134542,203.2,18034909184,55609921536,105,1843.0,10.5,28488269824,72512987136,100,16167337984,1233719296,69.0,52.052,69.0,
60662843141182,302.215814591,204.9,18034909184,55609921536,105,1817.0,11.2,28488011776,72513245184,100,16167337984,1233719296,68.0,52.031,69.0,
60662897219859,302.269893268,203.7,18034909184,55609921536,105,1927.0,10.5,28488011776,72513245184,100,16167337984,1233719296,68.0,52.053,69.0,
60662950187412,302.322860821,207.6,18034909184,55609921536,105,1884.0,10.7,28487147520,72514109440,100,16167337984,1233719296,68.0,52.039,69.0,
60663003213656,302.375887065,188.6,18034909184,55609921536,105,1911.0,9.5,28487147520,72514109440,100,16167337984,1233719296,69.0,52.054,69.0,
60663056286176,302.428959585,207.0,18034913280,55609921536,105,1894.0,12.4,28487888896,72513368064,100,16167337984,1233719296,68.0,52.051,69.0,
60663111352945,302.484026354,218.0,18034917376,55609921536,105,1863.0,11.9,28488130560,72513126400,100,16167337984,1233719296,69.0,52.05,69.0,
60663165356641,302.53803005,185.0,18034917376,55609921536,105,1751.0,10.5,28488130560,72513126400,100,16167337984,1233719296,69.0,52.052,69.0,
60663219268033,302.591941442,204.2,18034917376,55609921536,105,1859.0,12.2,28488130560,72513126400,100,16167337984,1233719296,69.0,52.041,69.0,
60663274391649,302.647065058,235.8,18034917376,55609921536,105,1802.0,11.4,28488130560,72513126400,100,16167337984,1233719296,69.0,52.05,69.0,
60663328225346,302.700898755,204.4,18034921472,55609921536,105,1890.0,12.6,28488130560,72513126400,100,16167337984,1233719296,68.0,52.03,69.0,
60663383372466,302.756045875,199.5,18034921472,55609921536,105,1807.0,12.0,28488130560,72513126400,100,16167337984,1233719296,68.0,52.051,69.0,
60663437264773,302.809938182,204.1,18034921472,55609921536,105,1841.0,9.9,28487368704,72513888256,100,16167337984,1233719296,69.0,52.029,69.0,
60663491316108,302.863989517,203.5,18034921472,55609921536,105,1893.0,10.5,28487368704,72513888256,100,16167337984,1233719296,68.0,52.052,69.0,
60663545261645,302.917935054,203.9,18034921472,55609921536,105,1885.0,9.8,28487368704,72513888256,100,16167337984,1233719296,68.0,52.032,69.0,
60663599436833,302.972110242,221.2,18034921472,55609921536,105,1876.0,11.0,28487368704,72513888256,100,16167337984,1233719296,68.0,52.058,69.0,
60663653326595,303.026000004,204.4,18034921472,55609921536,105,1935.0,12.9,28487598080,72513658880,100,16167337984,1233719296,68.0,52.048,69.0,
60663707362591,303.080036,203.6,18034921472,55609921536,105,1844.0,9.9,28487598080,72513658880,100,16167337984,1233719296,69.0,52.057,69.0,
60663761394891,303.1340683,203.5,18034925568,55609921536,105,1857.0,11.0,28487598080,72513658880,100,16167337984,1233719296,68.0,52.056,69.0,
60663817301715,303.189975124,214.6,18034925568,55609921536,105,1865.0,10.6,28487598080,72513658880,100,16167337984,1233719296,68.0,52.052,69.0,
60663871343101,303.24401651,203.4,18034925568,55609921536,105,1838.0,9.3,28487598080,72513658880,100,16167337984,1233719296,69.0,52.059,69.0,
60663926401514,303.299074923,199.9,18034929664,55609921536,105,1922.0,9.8,28488056832,72513200128,100,16167337984,1233719296,69.0,52.046,69.0,
60663980467757,303.353141166,203.4,18034929664,55609921536,105,1843.0,9.3,28488056832,72513200128,100,16167337984,1233719296,68.0,52.054,69.0,
60664034349755,303.407023164,222.7,18034929664,55609921536,105,1871.0,11.0,28487000064,72514256896,100,16167337984,1233719296,68.0,52.037,69.0,
60664088419635,303.461093044,203.5,18034929664,55609921536,105,1850.0,9.4,28487000064,72514256896,100,16167337984,1233719296,68.0,52.053,69.0,
60664142302404,303.514975813,204.1,18034929664,55609921536,105,1806.0,10.5,28487229440,72514027520,100,16167337984,1233719296,68.0,52.032,69.0,
60664196385800,303.569059209,221.9,18034933760,55609921536,105,1831.0,9.3,28487458816,72513798144,100,16167337984,1233719296,68.0,52.055,69.0,
60664250221991,303.6228954,204.3,18034933760,55609921536,105,1862.0,10.5,28487458816,72513798144,100,16167337984,1233719296,68.0,52.033,69.0,
60664304318872,303.676992281,203.3,18034933760,55609921536,105,1873.0,9.8,28487458816,72513798144,100,16167337984,1233719296,68.0,52.054,69.0,
60664358291790,303.730965199,203.9,18034933760,55609921536,105,1827.0,10.1,28487712768,72513544192,100,16167337984,1233719296,68.0,52.04,69.0,
60664412299614,303.784973023,203.6,18034937856,55609921536,105,1883.0,10.4,28487942144,72513314816,100,16163143680,1233719296,68.0,52.056,69.0,
60664466363222,303.839036631,203.5,18034937856,55609921536,105,1855.0,11.6,28487942144,72513314816,100,16163143680,1233719296,68.0,52.046,69.0,
60664520323897,303.892997306,203.9,18034937856,55609921536,105,1855.0,9.9,28487942144,72513314816,100,16163143680,1233719296,68.0,52.051,69.0,
60664574330929,303.947004338,203.5,18034937856,55609921536,105,1846.0,11.0,28487942144,72513314816,100,16163143680,1233719296,68.0,52.056,69.0,
60664628328654,304.001002063,204.0,18034937856,55609921536,105,1857.0,12.4,28487942144,72513314816,100,16163143680,1233719296,69.0,52.051,69.0,
60664682282406,304.054955815,222.3,18034937856,55609921536,105,1814.0,14.4,28488200192,72513056768,100,16163143680,1233719296,68.0,52.051,69.0,
60664736287354,304.108960763,203.7,18034937856,55609921536,105,1787.0,11.0,28488200192,72513056768,100,16163143680,1233719296,68.0,52.036,69.0,
60664790402649,304.163076058,221.8,18034941952,55609921536,105,1874.0,8.7,28488429568,72512827392,100,16163143680,1233719296,68.0,52.051,69.0,
60664844557398,304.217230807,203.0,18034941952,55609921536,105,1861.0,11.0,28488142848,72513114112,100,16163143680,1233719296,68.0,52.026,69.0,
60664898397247,304.271070656,204.4,18034941952,55609921536,105,1873.0,8.8,28487774208,72513482752,100,16163143680,1233719296,68.0,52.053,69.0,
60664952168777,304.324842186,204.6,18034946048,55609921536,105,1848.0,10.5,28487192576,72514064384,100,16163143680,1233719296,68.0,52.033,69.0,
60665005455869,304.378129278,206.4,18034946048,55609921536,105,1852.0,9.9,28487450624,72513806336,100,16163143680,1233719296,68.0,52.054,69.0,
60665062551442,304.435224851,210.2,18034946048,55609921536,105,1892.0,11.0,28491063296,72510193664,100,16163143680,1233719296,68.0,52.037,69.0,
60665116206143,304.488879552,205.0,18034946048,55609921536,105,1931.0,9.9,28490371072,72510885888,100,16163143680,1233719296,69.0,52.054,68.875,
60665170304446,304.542977855,203.3,18034946048,55609921536,105,1869.0,11.5,28490600448,72510656512,100,16163143680,1233719296,68.0,52.041,68.875,
60665225408124,304.598081533,217.8,18034946048,55609921536,105,1891.0,9.2,28490600448,72510656512,100,16163143680,1233719296,69.0,52.05,68.875,
60665279290032,304.651963441,204.1,18034946048,55609921536,105,1850.0,9.2,28490600448,72510656512,100,16163143680,1233719296,68.0,52.052,68.875,
60665336378461,304.70905187,192.7,18034946048,55609921536,105,1879.0,9.5,28490600448,72510656512,100,16163143680,1233719296,69.0,52.049,68.875,
60665390328656,304.763002065,222.4,18034950144,55609921536,105,1856.0,11.6,28490657792,72510599168,100,16167337984,1233719296,69.0,52.053,68.875,
60665444314298,304.816987707,203.8,18034950144,55609921536,105,1913.0,11.9,28490657792,72510599168,100,16167337984,1233719296,68.0,52.04,68.875,
60665499339780,304.872013189,217.9,18034954240,55609921536,105,1882.0,9.7,28490297344,72510959616,100,16167337984,1233719296,68.0,52.043,68.875,
60665555147017,304.927820426,627.7,18034962432,55609921536,105,1912.0,30.9,28490297344,72510959616,100,16167337984,1233719296,68.0,52.036,68.875,
60665610418329,304.983091738,578.9,18034962432,55609921536,105,1869.0,15.8,28490297344,72510959616,100,16167337984,1233719296,68.0,52.059,68.875,
60665664283785,305.036957194,204.1,18034962432,55609921536,105,1923.0,13.5,28490821632,72510435328,100,16167337984,1233719296,68.0,52.04,68.875,
60665718374123,305.091047532,203.5,18034966528,55609921536,105,1880.0,11.0,28490821632,72510435328,100,16167337984,1233719296,68.0,52.062,68.875,
60665772230593,305.144904002,204.2,18034966528,55609921536,105,1840.0,12.1,28490821632,72510435328,100,16167337984,1233719296,68.0,52.044,68.875,
60665826355546,305.199028955,221.8,18034966528,55609921536,105,1873.0,9.9,28490563584,72510693376,100,16167337984,1233719296,68.0,52.061,68.875,
60665880549128,305.253222537,184.5,18034966528,55609921536,105,1818.0,11.0,28490563584,72510693376,100,16167337984,1233719296,68.0,52.046,68.875,
60665934356996,305.307030405,223.0,18034966528,55609921536,105,1925.0,9.3,28490633216,72510623744,100,16167337984,1233719296,69.0,52.062,68.875,
60665988585624,305.361259033,202.8,18034970624,55609921536,105,1771.0,11.6,28490633216,72510623744,100,16167337984,1233719296,68.0,52.053,68.875,
60666042405605,305.415079014,204.6,18034970624,55609921536,105,1885.0,9.4,28490633216,72510623744,100,16167337984,1233719296,69.0,52.058,68.875,
60666096236797,305.468910206,222.7,18034974720,55609921536,105,1925.0,11.6,28490633216,72510623744,100,16167337984,1233719296,68.0,52.062,68.875,
60666150327396,305.523000805,203.5,18034974720,55609921536,105,1982.0,8.3,28490633216,72510623744,100,16167337984,1233719296,68.0,52.052,68.875,
60666204355568,305.577028977,203.3,18034974720,55609921536,105,1978.0,9.8,28490633216,72510623744,100,16167337984,1233719296,68.0,52.057,68.875,
60666259462802,305.632136211,199.9,18034974720,55609921536,105,1976.0,9.9,28490633216,72510623744,100,16167337984,1233719296,69.0,52.042,68.875,
60666313365859,305.686039268,203.9,18034974720,55609921536,105,1950.0,9.8,28490633216,72510623744,100,16167337984,1233719296,68.0,52.051,68.875,
60666367248859,305.739922268,204.0,18034974720,55609921536,105,1951.0,26.4,28490633216,72510623744,100,16167337984,1233719296,68.0,52.048,68.875,
60666422488802,305.795162211,217.3,18034974720,55609921536,105,1919.0,22.2,28490268672,72510988288,100,16167337984,1233719296,68.0,52.07,68.875,
60666477222747,305.849896156,219.4,18034978816,55609921536,105,1993.0,14.2,28485107712,72516149248,100,16167337984,1233719296,68.0,52.038,68.875,
60666530318070,305.902991479,207.3,18034978816,55609921536,105,1958.0,8.9,28485337088,72515919872,100,16167337984,1233719296,68.0,52.052,68.875,
60666583314547,305.955987956,188.6,18034978816,55609921536,105,1946.0,11.2,28485337088,72515919872,100,16167337984,1233719296,68.0,52.047,68.875,
60666636343084,306.009016493,207.4,18034978816,55609921536,105,1994.0,11.9,28485337088,72515919872,100,16167337984,1233719296,69.0,52.054,68.875,
60666689353287,306.062026696,207.5,18034982912,55609921536,105,1975.0,13.5,28485595136,72515661824,100,16167337984,1233719296,68.0,52.053,68.875,
60666742332402,306.115005811,188.9,18034982912,55609921536,105,1929.0,11.3,28485595136,72515661824,100,16167337984,1233719296,68.0,52.041,68.875,
60666795450227,306.168123636,225.9,18034982912,55609921536,105,1925.0,8.2,28485595136,72515661824,100,16167337984,1233719296,68.0,52.047,68.875,
60666848463766,306.221137175,207.5,18034982912,55609921536,105,1944.0,12.4,28485595136,72515661824,100,16167337984,1233719296,68.0,52.033,68.875,
60666901470112,306.274143521,188.7,18034982912,55609921536,105,1917.0,8.9,28486156288,72515100672,100,16167337984,1233719296,68.0,52.052,68.875,
60666954279298,306.326952707,208.2,18034982912,55609921536,105,1872.0,11.2,28486385664,72514871296,100,16167337984,1233719296,68.0,52.036,68.875,
60667008488980,306.381162389,202.8,18034991104,55609921536,105,1921.0,9.2,28486615040,72514641920,100,16167337984,1233719296,68.0,52.054,68.875,
60667064654909,306.437328318,231.5,18034991104,55609921536,105,1835.0,11.4,28486098944,72515158016,100,16167337984,1233719296,68.0,52.04,68.875,
60667117495464,306.490168873,189.4,18034991104,55609921536,105,1944.0,11.2,28490227712,72511029248,100,16167337984,1233719296,69.0,52.057,68.875,
60667170351618,306.543025027,208.1,18034991104,55609921536,105,1859.0,9.6,28490473472,72510783488,100,16167337984,1233719296,68.0,52.05,68.875,
60667225410172,306.598083581,199.8,18034995200,55609921536,105,1914.0,9.7,28490186752,72511070208,100,16167337984,1233719296,69.0,52.05,68.875,
60667278337840,306.651011249,207.6,18034995200,55609921536,105,1903.0,10.1,28490186752,72511070208,100,16167337984,1233719296,68.0,52.053,68.875,
60667331286678,306.703960087,208.2,18034995200,55609921536,105,1922.0,12.4,28490186752,72511070208,100,16167337984,1233719296,69.0,52.041,68.875,
60667384415614,306.757089023,206.7,18034995200,55609921536,105,1877.0,10.6,28490186752,72511070208,100,16167337984,1233719296,68.0,52.049,68.875,
60667438401476,306.811074885,204.0,18034995200,55609921536,105,1933.0,10.0,28488622080,72512634880,100,16167337984,1233719296,68.0,52.033,68.875,
60667491336177,306.864009586,207.8,18034995200,55609921536,105,1933.0,8.3,28487303168,72513953792,100,16167337984,1233719296,69.0,52.051,69.0,
60667546220394,306.918893803,218.6,18034999296,55609921536,105,1919.0,9.2,28487532544,72513724416,100,16167337984,1233719296,68.0,52.031,69.0,
60667599358947,306.972032356,188.0,18034999296,55609921536,105,1976.0,10.0,28487532544,72513724416,100,16167337984,1233719296,68.0,52.056,69.0,
60667652224148,307.024897557,208.3,18034999296,55609921536,105,1863.0,12.6,28487761920,72513495040,100,16167337984,1233719296,68.0,52.044,69.0,
60667704641820,307.077315229,209.2,18034999296,55609921536,105,1895.0,8.8,28487761920,72513495040,100,16167337984,1233719296,68.0,52.059,69.0,
60667759637195,307.132310604,218.8,18034999296,55609921536,105,1893.0,10.0,28487761920,72513495040,100,16167337984,1233719296,68.0,52.047,69.0,
60667812343839,307.185017248,189.8,18034999296,55609921536,105,1882.0,9.5,28486713344,72514543616,100,16167337984,1233719296,69.0,52.057,69.0,
60667865303307,307.237976716,207.4,18034999296,55609921536,105,1870.0,9.9,28486713344,72514543616,100,16167337984,1233719296,68.0,52.056,69.0,
60667920503616,307.293177025,199.3,18035003392,55609921536,105,1899.0,9.7,28486762496,72514494464,100,16167337984,1233719296,69.0,52.055,69.0,
60667974467196,307.347140605,222.3,18035003392,55609921536,105,1868.0,10.5,28486762496,72514494464,100,16167337984,1233719296,68.0,52.058,69.0,
60668028487573,307.401160982,203.7,18035003392,55609921536,105,1847.0,10.5,28486754304,72514502656,100,16167337984,1233719296,69.0,52.045,69.0,
60668082406389,307.455079798,204.0,18035003392,55609921536,105,1859.0,9.4,28486754304,72514502656,100,16167337984,1233719296,68.0,52.054,69.0,
60668136473444,307.509146853,203.4,18035007488,55609921536,105,1893.0,9.2,28486983680,72514273280,100,16167337984,1233719296,68.0,52.036,69.0,
60668190434299,307.563107708,204.2,18035007488,55609921536,105,1886.0,8.8,28486983680,72514273280,100,16167337984,1233719296,68.0,52.055,69.0,
60668244429168,307.617102577,222.1,18035007488,55609921536,105,1911.0,10.5,28486983680,72514273280,100,16167337984,1233719296,68.0,52.032,69.0,
60668298451087,307.671124496,203.7,18035007488,55609921536,105,1888.0,8.7,28487213056,72514043904,100,16167337984,1233719296,68.0,52.057,69.0,
60668352446257,307.725119666,203.7,18035011584,55609921536,105,1921.0,9.9,28487442432,72513814528,100,16167337984,1233719296,68.0,52.036,69.0,
60668406498243,307.779171652,203.4,18035011584,55609921536,105,1889.0,9.9,28487442432,72513814528,100,16163143680,1233719296,68.0,52.057,69.0,
60668461564270,307.834237679,199.8,18035011584,55609921536,105,1947.0,11.4,28487442432,72513814528,100,16163143680,1233719296,68.0,52.04,69.0,
60668515461326,307.888134735,222.6,18035011584,55609921536,105,1929.0,9.3,28487442432,72513814528,100,16163143680,1233719296,69.0,52.058,69.0,
60668569517750,307.942191159,203.5,18035011584,55609921536,105,1896.0,11.6,28487671808,72513585152,100,16163143680,1233719296,68.0,52.048,69.0,
60668623476812,307.996150221,203.9,18035015680,55609921536,105,1920.0,11.2,28487925760,72513331200,100,16163143680,1233719296,69.0,52.058,69.0,
60668679534388,308.052207797,196.2,18035015680,55609921536,105,1826.0,14.4,28487925760,72513331200,100,16163143680,1233719296,68.0,52.066,69.0,
60668733480025,308.106153434,204.0,18035015680,55609921536,105,1862.0,9.4,28487925760,72513331200,100,16163143680,1233719296,69.0,52.061,69.0,
60668787564381,308.16023779,221.9,18035015680,55609921536,105,1888.0,8.7,28487925760,72513331200,100,16163143680,1233719296,68.0,52.063,69.0,
60668841538992,308.214212401,203.8,18035015680,55609921536,105,1896.0,10.5,28487741440,72513515520,100,16163143680,1233719296,69.0,52.053,69.0,
60668895539361,308.26821277,203.7,18035015680,55609921536,105,1877.0,9.8,28487741440,72513515520,100,16163143680,1233719296,68.0,52.058,69.0,
60668949455363,308.322128772,204.1,18035019776,55609921536,105,1891.0,10.5,28488159232,72513097728,100,16163143680,1233719296,69.0,52.044,69.0,
60669003487251,308.37616066,203.6,18035019776,55609921536,105,1865.0,8.2,28488159232,72513097728,100,16163143680,1233719296,68.0,52.059,69.0,
60669058627798,308.431301207,217.6,18035019776,55609921536,105,1869.0,11.4,28489707520,72511549440,100,16163143680,1233719296,68.0,52.037,69.0,
60669112547536,308.485220945,204.0,18035019776,55609921536,105,1863.0,9.9,28492021760,72509235200,100,16163143680,1233719296,69.0,52.06,69.0,
60669166345365,308.539018774,223.1,18035023872,55609921536,105,1843.0,11.1,28492251136,72509005824,100,16163143680,1233719296,68.0,52.039,69.0,
60669220455520,308.593128929,203.3,18035023872,55609921536,105,1873.0,10.4,28492251136,72509005824,100,16163143680,1233719296,68.0,52.061,69.0,
60669275518131,308.64819154,199.9,18035032064,55609921536,105,1805.0,10.2,28492251136,72509005824,100,16163143680,1233719296,68.0,52.042,69.0,
60669333989683,308.706663092,957.5,18035032064,55609921536,105,1836.0,33.9,28492251136,72509005824,100,16163143680,1233719296,68.0,52.061,69.0,
60669388541275,308.761214684,201.5,18035032064,55609921536,105,1813.0,14.0,28492251136,72509005824,100,16167337984,1233719296,68.0,52.052,69.0,
60669442488214,308.815161623,204.2,18035032064,55609921536,105,1826.0,11.2,28492480512,72508776448,100,16167337984,1233719296,68.0,52.055,69.0,
60669495476486,308.868149895,207.3,18035032064,55609921536,105,1803.0,10.6,28492709888,72508547072,100,16167337984,1233719296,68.0,52.058,69.0,
60669549515798,308.922189207,222.1,18035032064,55609921536,105,1795.0,13.4,28492709888,72508547072,100,16167337984,1233719296,69.0,52.049,69.0,
60669602552280,308.975225689,207.5,18035032064,55609921536,105,1758.0,11.8,28492709888,72508547072,100,16167337984,1233719296,68.0,52.058,69.0,
60669656573889,309.029247298,203.6,18035032064,55609921536,105,1784.0,13.5,28492709888,72508547072,100,16167337984,1233719296,68.0,52.041,69.0,
60669711623235,309.084296644,199.8,18035032064,55609921536,105,1850.0,10.8,28492709888,72508547072,100,16167337984,1233719296,68.0,52.056,69.0,
60669765439639,309.138113048,223.0,18035032064,55609921536,105,1804.0,11.3,28492709888,72508547072,100,16167337984,1233719296,68.0,52.036,69.0,
60669819463583,309.192136992,203.7,18035032064,55609921536,105,1834.0,9.3,28492939264,72508317696,100,16167337984,1233719296,68.0,52.056,69.0,
60669873374394,309.246047803,203.9,18035032064,55609921536,105,1800.0,12.1,28492500992,72508755968,100,16167337984,1233719296,68.0,52.036,69.0,
60669927629531,309.30030294,202.4,18035036160,55609921536,105,1849.0,10.8,28492271616,72508985344,100,16167337984,1233719296,68.0,52.055,69.0,
60669982663958,309.355337367,200.2,18035036160,55609921536,105,1815.0,10.6,28492247040,72509009920,100,16167337984,1233719296,68.0,52.042,69.0,
60670036689825,309.409363234,222.3,18035036160,55609921536,105,1855.0,9.8,28492247040,72509009920,100,16167337984,1233719296,69.0,52.057,69.0,
60670090580659,309.463254068,204.0,18035036160,55609921536,105,1759.0,11.2,28492730368,72508526592,100,16167337984,1233719296,68.0,52.051,69.0,
60670144605023,309.517278432,203.6,18035036160,55609921536,105,1814.0,11.0,28492730368,72508526592,100,16167337984,1233719296,69.0,52.052,69.0,
60670198535972,309.571209381,204.0,18035036160,55609921536,105,1833.0,10.5,28492959744,72508297216,100,16167337984,1233719296,68.0,52.056,69.0,
60670252550468,309.625223877,203.6,18035036160,55609921536,105,1807.0,11.8,28492959744,72508297216,100,16167337984,1233719296,69.0,52.047,69.0,
60670306598567,309.679271976,203.5,18035036160,55609921536,105,1830.0,9.9,28493189120,72508067840,100,16167337984,1233719296,68.0,52.053,69.0,
60670360486445,309.733159854,222.7,18035036160,55609921536,105,1819.0,11.2,28493672448,72507584512,100,16167337984,1233719296,68.0,52.036,69.0,
60670414531878,309.787205287,203.6,18035036160,55609921536,105,1731.0,10.4,28493672448,72507584512,100,16167337984,1233719296,68.0,52.053,69.0,
60670468521167,309.841194576,185.0,18035036160,55609921536,105,1869.0,12.2,28493672448,72507584512,100,16167337984,1233719296,68.0,52.032,69.0,
60670522571950,309.895245359,222.2,18035040256,55609921536,105,1833.0,9.9,28493901824,72507355136,100,16167337984,1233719296,68.0,52.056,69.0,
60670576485978,309.949159387,203.8,18035040256,55609921536,105,1818.0,12.3,28492328960,72508928000,100,16167337984,1233719296,68.0,52.036,69.0,
60670630595431,310.00326884,203.1,18035040256,55609921536,105,1834.0,13.7,28492161024,72509095936,100,16167337984,1233719296,68.0,52.058,69.0,
60670685660777,310.058334186,218.3,18035040256,55609921536,105,1773.0,13.2,28492161024,72509095936,100,16167337984,1233719296,68.0,52.051,69.0,
60670739619227,310.112292636,203.8,18035040256,55609921536,105,1844.0,11.0,28492161024,72509095936,100,16167337984,1233719296,69.0,52.065,69.0,
60670793432245,310.166105654,204.3,18035040256,55609921536,105,1842.0,12.7,28492390400,72508866560,100,16167337984,1233719296,68.0,52.058,69.0,
60670847511372,310.220184781,203.5,18035040256,55609921536,105,1829.0,10.6,28492390400,72508866560,100,16167337984,1233719296,69.0,52.06,69.0,
60670901563328,310.274236737,203.3,18035040256,55609921536,105,1797.0,12.1,28491333632,72509923328,100,16167337984,1233719296,69.0,52.062,69.0,
60670955684764,310.328358173,221.9,18035040256,55609921536,105,1817.0,12.2,28491333632,72509923328,100,16167337984,1233719296,69.0,52.053,69.0,
60671009641260,310.382314669,203.8,18035044352,55609921536,105,1843.0,10.5,28491563008,72509693952,100,16167337984,1233719296,68.0,52.057,69.0,
60671063601544,310.436274953,203.8,18035044352,55609921536,105,1794.0,14.3,28494917632,72506339328,100,16167337984,1233719296,68.0,52.042,69.0,
60671117455238,310.490128647,204.3,18035044352,55609921536,105,1844.0,9.9,28495405056,72505851904,100,16167337984,1233719296,68.0,52.06,69.0,
60671171496324,310.544169733,222.0,18035044352,55609921536,105,1824.0,12.9,28495405056,72505851904,100,16167337984,1233719296,68.0,52.038,69.0,
60671225577955,310.598251364,203.4,18035044352,55609921536,105,1838.0,10.9,28495405056,72505851904,100,16167337984,1233719296,68.0,52.061,69.0,
60671279538750,310.652212159,203.9,18035044352,55609921536,105,1829.0,12.8,28495634432,72505622528,100,16167337984,1233719296,68.0,52.04,69.0,
60671334631878,310.707305287,199.4,18035044352,55609921536,105,1842.0,10.3,28495634432,72505622528,100,16167337984,1233719296,68.0,52.058,69.0,
60671388554792,310.761228201,222.9,18035044352,55609921536,105,1806.0,12.7,28495634432,72505622528,100,16167337984,1233719296,68.0,52.047,69.0,
60671442602520,310.815275929,203.5,18035044352,55609921536,105,1869.0,8.8,28495634432,72505622528,100,16167337984,1233719296,69.0,52.059,69.0,
60671496706693,310.869380102,203.1,18035044352,55609921536,105,1814.0,10.9,28495536128,72505720832,100,16167337984,1233719296,68.0,52.054,69.0,
60671550629126,310.923302535,204.1,18035048448,55609921536,105,1838.0,10.0,28496019456,72505237504,100,16167337984,1233719296,69.0,52.055,69.0,
60671604584431,310.97725784,203.7,18035048448,55609921536,105,1827.0,11.6,28496105472,72505151488,100,16167337984,1233719296,68.0,52.059,69.0,
60671658610558,311.031283967,222.3,18035052544,55609921536,105,1797.0,16.3,28496105472,72505151488,100,16167337984,1233719296,69.0,52.049,69.0,
60671712537479,311.085210888,204.0,18035052544,55609921536,105,1854.0,10.5,28496334848,72504922112,100,16167337984,1233719296,68.0,52.052,69.0,
60671766598792,311.139272201,203.4,18035052544,55609921536,105,1824.0,10.4,28496564224,72504692736,100,16167337984,1233719296,69.0,52.036,69.0,
60671820614500,311.193287909,203.7,18035052544,55609921536,105,1817.0,8.2,28496269312,72504987648,100,16167337984,1233719296,68.0,52.056,69.0,
60671874472713,311.247146122,204.2,18035052544,55609921536,105,1803.0,11.6,28494553088,72506703872,100,16167337984,1233719296,68.0,52.035,69.0,
60671928545948,311.301219357,203.6,18035052544,55609921536,105,1858.0,7.6,28494553088,72506703872,100,16169435136,1233719296,69.0,52.056,69.0,
60671982458593,311.355132002,222.4,18035052544,55609921536,105,1823.0,10.5,28494782464,72506474496,100,16169435136,1233719296,68.0,52.035,69.0,
60672036622599,311.409296008,203.0,18035052544,55609921536,105,1854.0,9.3,28495011840,72506245120,100,16169435136,1233719296,68.0,52.056,69.0,
60672090631223,311.463304632,203.8,18035056640,55609921536,105,1823.0,11.5,28495265792,72505991168,100,16169435136,1233719296,68.0,52.041,69.0,
60672144560288,311.517233697,204.0,18035056640,55609921536,105,1885.0,7.6,28493692928,72507564032,100,16169435136,1233719296,69.0,52.058,69.0,
60672198685742,311.571359151,221.5,18035056640,55609921536,105,1842.0,11.0,28493692928,72507564032,100,16169435136,1233719296,68.0,52.047,69.0,
60672252661615,311.625335024,203.9,18035056640,55609921536,105,1855.0,9.3,28493692928,72507564032,100,16169435136,1233719296,68.0,52.052,69.0,
60672306575742,311.679249151,204.0,18035056640,55609921536,105,1799.0,10.5,28493692928,72507564032,100,16169435136,1233719296,68.0,52.058,69.0,
60672360616567,311.733289976,222.0,18035060736,55609921536,105,1832.0,10.5,28493692928,72507564032,100,16169435136,1233719296,69.0,52.05,69.0,
60672414633557,311.787306966,203.7,18035060736,55609921536,105,1835.0,10.5,28492083200,72509173760,100,16169435136,1233719296,69.0,52.056,69.0,
60672469773022,311.842446431,199.4,18035060736,55609921536,105,1826.0,10.7,28492312576,72508944384,100,16169435136,1233719296,69.0,52.042,69.0,
60672523772900,311.896446309,203.6,18035060736,55609921536,105,1840.0,9.9,28492312576,72508944384,100,16169435136,1233719296,68.0,52.052,69.0,
60672577640450,311.950313859,204.3,18035060736,55609921536,105,1819.0,11.1,28492304384,72508952576,100,16169435136,1233719296,69.0,52.039,69.0,
60672631788566,312.004461975,203.2,18035060736,55609921536,105,1762.0,13.8,28492304384,72508952576,100,16169435136,1233719296,68.0,52.059,69.0,
60672685660694,312.058334103,204.2,18035064832,55609921536,105,1817.0,13.4,28492042240,72509214720,100,16169435136,1233719296,68.0,52.038,69.0,
60672739634673,312.112308082,222.3,18035064832,55609921536,105,1821.0,10.5,28492042240,72509214720,100,16169435136,1233719296,68.0,52.062,69.0,
60672793605086,312.166278495,203.8,18035064832,55609921536,105,1834.0,11.0,28492042240,72509214720,100,16169435136,1233719296,68.0,52.044,69.0,
60672847747401,312.22042081,221.5,18035068928,55609921536,105,1833.0,9.8,28491972608,72509284352,100,16169435136,1233719296,68.0,52.06,69.0,
60672901592439,312.274265848,185.7,18035068928,55609921536,105,1812.0,11.4,28491997184,72509259776,100,16169435136,1233719296,68.0,52.048,69.0,
60672956642796,312.329316205,200.0,18035068928,55609921536,105,1867.0,9.8,28492251136,72509005824,100,16169435136,1233719296,69.0,52.061,69.0,
60673010601397,312.383274806,222.4,18035068928,55609921536,105,1827.0,11.7,28492251136,72509005824,100,16169435136,1233719296,68.0,52.053,69.0,
60673068058867,312.440732276,208.8,18035068928,55609921536,105,1858.0,9.8,28492480512,72508776448,100,16169435136,1233719296,68.0,52.056,69.0,
60673121628679,312.494302088,205.2,18035068928,55609921536,105,1787.0,26.7,28492128256,72509128704,100,16169435136,1233719296,68.0,52.071,69.0,
60673176738658,312.549412067,199.7,18035073024,55609921536,105,1809.0,24.1,28481544192,72519712768,100,16169435136,1233719296,69.0,52.052,69.0,
60673231705008,312.604378417,200.3,18035073024,55609921536,105,1817.0,9.2,28481544192,72519712768,100,16169435136,1233719296,68.0,52.05,69.0,
60673285729752,312.658403161,222.2,18035073024,55609921536,105,1830.0,10.5,28481544192,72519712768,100,16169435136,1233719296,69.0,52.038,69.0,
60673339652566,312.712325975,204.0,18035073024,55609921536,105,1817.0,9.4,28482068480,72519188480,100,16169435136,1233719296,68.0,52.058,69.0,
60673393514495,312.766187904,204.1,18035073024,55609921536,105,1832.0,12.4,28483874816,72517382144,100,16167337984,1233719296,68.0,52.035,69.0,
60673447880620,312.820554029,220.7,18035073024,55609921536,105,1834.0,9.8,28484132864,72517124096,100,16167337984,1233719296,68.0,52.058,69.0,
60673501769941,312.87444335,204.1,18035077120,55609921536,105,1810.0,11.6,28484657152,72516599808,100,16167337984,1233719296,68.0,52.04,69.0,
60673555665904,312.928339313,204.1,18035077120,55609921536,105,1834.0,9.9,28484657152,72516599808,100,16167337984,1233719296,68.0,52.058,69.0,
60673609790796,312.982464205,203.1,18035077120,55609921536,105,1764.0,13.3,28484657152,72516599808,100,16167337984,1233719296,68.0,52.047,69.0,
60673663858190,313.036531599,203.5,18035077120,55609921536,105,1815.0,12.7,28485173248,72516083712,100,16167337984,1233719296,68.0,52.062,69.0,
60673717709259,313.090382668,222.8,18035081216,55609921536,105,1803.0,14.0,28485173248,72516083712,100,16167337984,1233719296,68.0,52.059,69.0,
60673771803554,313.144476963,203.4,18035081216,55609921536,105,1849.0,11.0,28485173248,72516083712,100,16167337984,1233719296,69.0,52.061,69.0,
60673825822007,313.198495416,203.6,18035081216,55609921536,105,1842.0,12.2,28485173248,72516083712,100,16167337984,1233719296,68.0,52.065,69.0,
60673879680580,313.252353989,204.3,18035081216,55609921536,105,1879.0,13.2,28484751360,72516505600,100,16167337984,1233719296,68.0,52.056,68.875,
60673933653998,313.306327407,203.7,18035081216,55609921536,105,1845.0,9.4,28483264512,72517992448,100,16167337984,1233719296,68.0,52.061,68.875,
60673989715221,313.36238863,214.3,18035081216,55609921536,105,1853.0,11.8,28483264512,72517992448,100,16167337984,1233719296,69.0,52.049,68.875,
60674043766495,313.416439904,203.2,18035085312,55609921536,105,1905.0,8.7,28483489792,72517767168,100,16167337984,1233719296,68.0,52.056,68.875,
60674097715478,313.470388887,204.1,18035085312,55609921536,105,1965.0,12.3,28483747840,72517509120,100,16167337984,1233719296,68.0,52.042,68.875,
60674151759158,313.524432567,203.7,18035085312,55609921536,105,1880.0,9.3,28483747840,72517509120,100,16167337984,1233719296,68.0,52.059,68.875,
60674205648989,313.578322398,222.6,18035085312,55609921536,105,1913.0,11.0,28483747840,72517509120,100,16167337984,1233719296,68.0,52.041,68.875,
60674259633628,313.632307037,203.6,18035089408,55609921536,105,1824.0,10.4,28483977216,72517279744,100,16167337984,1233719296,68.0,52.06,68.875,
60674313664805,313.686338214,203.7,18035089408,55609921536,105,1822.0,11.6,28483977216,72517279744,100,16167337984,1233719296,68.0,52.043,68.875,
60674367714667,313.740388076,203.5,18035089408,55609921536,105,1897.0,10.9,28483977216,72517279744,100,16167337984,1233719296,68.0,52.061,68.875,
60674421881397,313.794554806,221.5,18035089408,55609921536,105,1888.0,10.6,28483977216,72517279744,100,16167337984,1233719296,68.0,52.05,68.875,
60674475790205,313.848463614,204.1,18035089408,55609921536,105,1874.0,10.5,28483977216,72517279744,100,16167337984,1233719296,68.0,52.057,68.875,
60674530874696,313.903548105,199.6,18035089408,55609921536,105,1835.0,12.6,28483977216,72517279744,100,16167337984,1233719296,68.0,52.06,68.875,
60674584713922,313.957387331,204.2,18035089408,55609921536,105,1926.0,25.6,28483977216,72517279744,100,16167337984,1233719296,68.0,52.066,68.875,
60674639827799,314.012501208,199.7,18035089408,55609921536,105,1920.0,19.8,28483719168,72517537792,100,16167337984,1233719296,68.0,52.063,68.875,
60674693754349,314.066427758,222.5,18035093504,55609921536,105,1938.0,19.2,28483977216,72517279744,100,16167337984,1233719296,67.0,52.041,68.875,
60674747669258,314.120342667,204.2,18035093504,55609921536,105,1883.0,10.5,28483977216,72517279744,100,16167337984,1233719296,68.0,52.056,68.875,
60674801699983,314.174373392,203.6,18035097600,55609921536,105,1866.0,11.0,28483977216,72517279744,100,16167337984,1233719296,68.0,52.035,68.75,
60674855698669,314.228372078,185.1,18035097600,55609921536,105,1935.0,10.5,28483977216,72517279744,100,16167337984,1233719296,68.0,52.059,68.875,
60674909648262,314.282321671,222.5,18035097600,55609921536,105,1954.0,12.8,28483731456,72517525504,100,16167337984,1233719296,68.0,52.043,68.75,
60674963669621,314.33634303,203.6,18035097600,55609921536,105,1898.0,9.9,28483731456,72517525504,100,16167337984,1233719296,69.0,52.06,68.75,
60675019667334,314.392340743,214.3,18035097600,55609921536,105,1755.0,14.4,28483731456,72517525504,100,16167337984,1233719296,68.0,52.047,68.75,
60675073768662,314.446442071,203.4,18035097600,55609921536,105,1877.0,12.1,28485279744,72515977216,100,16167337984,1233719296,69.0,52.061,68.75,
60675127704920,314.500378329,222.4,18035097600,55609921536,105,1843.0,12.3,28484763648,72516493312,100,16167337984,1233719296,68.0,52.059,68.75,
60675181780430,314.554453839,203.4,18035097600,55609921536,105,1868.0,12.3,28484993024,72516263936,100,16167337984,1233719296,69.0,52.056,68.75,
60675235753698,314.608427107,185.2,18035101696,55609921536,105,1814.0,11.0,28484993024,72516263936,100,16167337984,1233719296,68.0,52.06,68.75,
60675289669168,314.662342577,204.1,18035101696,55609921536,105,1836.0,11.2,28485222400,72516034560,100,16167337984,1233719296,68.0,52.046,68.75,
60675343821030,314.716494439,221.6,18035105792,55609921536,105,1827.0,9.8,28484927488,72516329472,100,16167337984,1233719296,68.0,52.053,68.75,
60675397819566,314.770492975,203.2,18035105792,55609921536,105,1815.0,13.2,28484927488,72516329472,100,16167337984,1233719296,68.0,52.039,68.75,
60675451832969,314.824506378,204.2,18035105792,55609921536,105,1821.0,9.9,28484665344,72516591616,100,16167337984,1233719296,68.0,52.057,68.875,
60675505630447,314.878303856,204.4,18035105792,55609921536,105,1829.0,11.1,28484665344,72516591616,100,16167337984,1233719296,68.0,52.035,68.75,
60675559826473,314.932499882,203.0,18035105792,55609921536,105,1862.0,8.7,28484665344,72516591616,100,16167337984,1233719296,68.0,52.057,68.875,
60675613628980,314.986302389,204.5,18035105792,55609921536,105,1827.0,12.4,28484665344,72516591616,100,16167337984,1233719296,68.0,52.039,68.875,
60675667726661,315.04040007,221.7,18035105792,55609921536,105,1857.0,12.1,28484665344,72516591616,100,16167337984,1233719296,68.0,52.056,68.875,
60675723629737,315.096303146,196.8,18035105792,55609921536,105,1824.0,12.4,28484665344,72516591616,100,16167337984,1233719296,68.0,52.045,68.75,
60675777824330,315.150497739,221.0,18035109888,55609921536,105,1882.0,9.1,28484665344,72516591616,100,16167337984,1233719296,69.0,52.063,68.875,
60675831845979,315.204519388,222.5,18035109888,55609921536,105,1829.0,10.6,28484403200,72516853760,100,16167337984,1233719296,68.0,52.05,68.875,
60675885801654,315.258475063,185.4,18035113984,55609921536,105,1889.0,9.4,28484141056,72517115904,100,16167337984,1233719296,68.0,52.062,68.875,
60675940897005,315.313570414,217.8,18035113984,55609921536,105,1849.0,11.4,28483526656,72517730304,100,16167337984,1233719296,68.0,52.056,68.875,
60675994741051,315.36741446,185.7,18035113984,55609921536,105,1874.0,9.9,28483526656,72517730304,100,16167337984,1233719296,68.0,52.057,68.875,
60676048827110,315.421500519,240.3,18035113984,55609921536,105,1864.0,10.5,28483784704,72517472256,100,16167337984,1233719296,68.0,52.062,68.875,
60676102743181,315.47541659,185.5,18035113984,55609921536,105,1856.0,10.5,28483457024,72517799936,100,16167337984,1233719296,68.0,52.054,68.75,
60676156742918,315.529416327,203.7,18035113984,55609921536,105,1872.0,8.7,28483686400,72517570560,100,16167337984,1233719296,68.0,52.059,68.875,
60676210798941,315.58347235,203.5,18035113984,55609921536,105,1888.0,11.6,28483031040,72518225920,100,16167337984,1233719296,69.0,52.046,68.875,
60676264855194,315.637528603,221.7,18035113984,55609921536,105,1854.0,9.2,28483031040,72518225920,100,16167337984,1233719296,68.0,52.055,68.875,
60676318807964,315.691481373,204.1,18035113984,55609921536,105,1800.0,11.0,28483260416,72517996544,100,16167337984,1233719296,69.0,52.04,68.875,
60676372823701,315.74549711,203.6,18035118080,55609921536,105,1822.0,10.4,28483260416,72517996544,100,16165240832,1233719296,68.0,52.059,68.875,
60676426738439,315.799411848,204.1,18035122176,55609921536,105,1865.0,10.6,28482744320,72518512640,100,16165240832,1233719296,68.0,52.036,68.75,
60676480913125,315.853586534,221.7,18035122176,55609921536,105,1884.0,9.3,28482478080,72518778880,100,16165240832,1233719296,68.0,52.059,68.875,
60676533767054,315.906440463,189.2,18035122176,55609921536,105,1850.0,10.7,28482478080,72518778880,100,16165240832,1233719296,68.0,52.041,68.875,
60676586690674,315.959364083,207.8,18035122176,55609921536,105,1864.0,8.3,28481880064,72519376896,100,16165240832,1233719296,68.0,52.06,68.875,
60676641768372,316.014441781,199.6,18035122176,55609921536,105,1847.0,13.1,28481880064,72519376896,100,16165240832,1233719296,68.0,52.05,68.875,
60676695802585,316.068475994,222.0,18035122176,55609921536,105,1885.0,9.8,28482134016,72519122944,100,16165240832,1233719296,68.0,52.06,68.875,
60676750849255,316.123522664,1000.1,18035142656,55609921536,105,1915.0,35.1,28482363392,72518893568,99,16165240832,1233719296,66.0,51.097,68.75,
60676804784501,316.17745791,203.9,18035146752,55609921536,105,1891.0,9.9,28481757184,72519499776,99,16165240832,1233719296,68.0,52.014,68.75,
60676857870636,316.230544045,207.1,18035146752,56197124096,105,1904.0,10.5,28968886272,72032370688,99,16752443392,1233711104,68.0,52.026,68.875,
60676911829086,316.284502495,203.8,18035146752,56473948160,105,1890.0,9.4,29312561152,71688695808,99,17029267456,1233707008,70.0,52.065,68.875,
60676965909004,316.338582413,184.8,18035154944,56750772224,105,1882.0,10.9,29630775296,71370481664,99,17306091520,1233698816,68.0,52.05,68.875,
60677020853382,316.393526791,218.5,18035154944,57314906112,105,1858.0,10.8,30037622784,70963634176,99,17870225408,1233694720,69.0,52.058,68.875,
60677076944370,316.449617779,213.9,18035159040,58065686528,105,1871.0,11.4,30851772416,70149484544,99,18621005824,1233686528,69.0,52.066,68.875,
60677130853417,316.503526826,185.4,18035159040,58535448576,105,1831.0,12.1,31405158400,69596098560,99,19090767872,1233678336,69.0,52.09,69.0,
60677188205029,316.560878438,209.4,18035163136,58535448576,105,1888.0,11.5,31429832704,69571424256,99,19090767872,1233678336,68.0,52.063,69.0,
60677242894449,316.615567858,219.3,18035167232,58998919168,105,1864.0,10.4,31897726976,69103529984,100,19554238464,1233670144,67.0,52.021,68.875,
60677296868288,316.669541697,185.3,18035175424,59466584064,105,1839.0,11.1,32365391872,68635865088,100,20340670464,1233567744,68.0,52.037,68.875,
60677350894755,316.723568164,203.6,18035179520,60443856896,105,1872.0,11.0,33148923904,67852333056,100,20999176192,1233567744,68.0,52.032,68.875,
60677404843387,316.777516796,203.8,18035179520,60768915456,105,1858.0,13.9,33677406208,67323850752,100,21328429056,1233567744,69.0,52.055,68.875,
60677459143969,316.831817378,202.6,18035183616,61419032576,105,1839.0,13.4,34202468352,66798788608,100,21978546176,1233567744,69.0,52.057,68.875,
60677512884480,316.885557889,204.6,18035191808,61744091136,105,1834.0,13.2,34660417536,66340839424,100,22303604736,1233567744,68.0,52.071,68.875,
60677566962444,316.939635853,203.3,18035195904,62593437696,105,1837.0,12.1,35348283392,65652973568,100,23152951296,1233567744,68.0,52.073,68.875,
60677621869312,316.994542721,200.4,18035195904,63151280128,105,1853.0,14.0,35935485952,65065771008,100,23710793728,1233567744,68.0,52.064,68.875,
60677675956894,317.048630303,203.4,18035195904,63715414016,105,1827.0,14.0,36531027968,64470228992,100,24274927616,1233567744,67.0,52.039,68.875,
60677729956281,317.10262969,203.7,18035195904,64285839360,105,1810.0,14.0,37176950784,63824306176,100,24845352960,1233567744,68.0,52.037,68.875,
60677783863104,317.156536513,204.2,18035195904,64877236224,105,1811.0,12.9,37801902080,63199354880,100,25436749824,1233567744,67.0,52.031,68.875,
60677837864965,317.210538374,203.7,18035195904,65810468864,105,1786.0,13.8,38556876800,62444380160,100,26369982464,1233567744,68.0,52.039,68.75,
60677891900429,317.264573838,166.5,18035195904,66135527424,105,1839.0,13.7,39081226240,61920030720,100,26695041024,1233567744,68.0,52.05,68.75,
60677945956963,317.318630372,185.0,18035195904,66785644544,105,1867.0,11.9,39722143744,61279113216,100,27345158144,1233567744,68.0,52.052,68.75,
60677999956230,317.372629639,203.7,18035195904,67435761664,105,1843.0,15.6,40051978240,60949278720,100,27995275264,1233567744,68.0,52.055,68.75,
60678053824330,317.426497739,204.1,18035200000,67760820224,105,1825.0,14.3,40602681344,60398575616,100,28320333824,1233567744,68.0,52.061,68.75,
60678108969625,317.481643034,199.1,18035200000,68410937344,105,1762.0,16.1,41103233024,59898023936,100,28970450944,1233567744,67.0,52.063,68.75,
60678162814181,317.53548759,204.8,18035200000,69061054464,105,1754.0,16.5,41584316416,59416940544,100,29620568064,1233567744,68.0,52.064,68.75,
60678219011709,317.591685118,159.9,18035200000,69061054464,105,1824.0,14.5,41905422336,59095834624,100,29620568064,1233567744,67.0,52.05,68.75,
60678273148373,317.645821782,184.9,18035200000,69369335808,105,1790.0,15.5,42211532800,58789724160,100,29964500992,1233567744,67.0,52.037,68.625,
60678327835940,317.700509349,183.1,18035163136,69719560192,105,1821.0,15.8,42545315840,58455941120,100,30593646592,1233498112,68.0,52.038,68.625,
60678381728857,317.754402266,204.2,18035195904,70348705792,105,1751.0,16.6,42968125440,58033131520,100,30908219392,1233498112,68.0,52.04,68.625,
60678433861694,317.806535103,211.0,18035200000,70663278592,105,1827.0,17.0,43482853376,57518403584,100,31222792192,1233498112,68.0,52.038,68.625,
60678489107408,317.861780817,198.3,18035200000,71294521344,105,1782.0,16.7,43903119360,57098137600,100,31854034944,1233494016,68.0,52.038,68.625,
60678543998446,317.916671855,200.7,18035200000,71609094144,105,1781.0,15.8,44435296256,56565960704,100,32168607744,1233494016,68.0,52.049,68.625,
60678600049849,317.972723258,196.4,18035204096,72234045440,105,1781.0,17.1,44795490304,56205766656,100,32793559040,1233489920,67.0,52.052,68.625,
60678655064449,318.027737858,163.0,18035204096,72550715392,105,1802.0,16.0,45259214848,55742042112,100,33110228992,1233485824,67.0,52.054,68.625,
60678709927534,318.082600943,219.0,18035179520,73181958144,105,1812.0,17.0,45742161920,55259095040,100,33741471744,1233481728,68.0,52.053,68.5,
60678764841225,318.137514634,218.8,18035183616,73496530944,105,1766.0,15.5,46316773376,54684483584,100,34056044544,1233481728,68.0,52.054,68.5,
60678818975965,318.191649374,184.8,18035183616,74129870848,105,1819.0,16.6,46756937728,54244319232,100,34689384448,1233473536,68.0,52.056,68.5,
60678873979154,318.246652563,218.3,18035187712,74431860736,105,1752.0,17.2,47280439296,53720817664,99,34991374336,1233473536,66.0,52.035,68.5,
60678928052790,318.300726199,203.6,18035191808,77451759616,105,2987.0,15.0,47991803904,53009453056,95,38011273216,1233473536,64.0,51.083,68.75,
60678983926891,318.3566003,196.9,18035191808,77451759616,105,2877.0,11.3,49491611648,51509645312,91,38011273216,1233473536,62.0,51.057,70.375,
60679035829547,318.408502956,211.8,18035195904,77454561280,105,2586.0,10.8,50321747968,50679508992,88,38011273216,1233481728,64.0,51.037,71.875,
60679087886852,318.460560261,1499.0,18054770688,77471338496,105,3573.0,54.8,50358358016,50642898944,86,38011273216,1233481728,62.0,52.003,73.25,
60679141032979,318.513706388,2202.3,18021347328,77437784064,105,4112.0,73.7,50348662784,50652594176,82,38011273216,1233481728,61.0,52.001,74.625,
60679202859520,318.575532929,954.1,18021347328,77437784064,105,2685.0,29.2,50350419968,50650836992,78,38011273216,1233481728,61.0,51.043,76.0,
60679259066085,318.631739494,213.4,18021347328,77437784064,105,2395.0,10.0,50351198208,50650058752,74,38011273216,1233481728,61.0,50.065,77.375,
60679316943201,318.68961661,207.4,18021347328,77437784064,105,2588.0,9.2,50350903296,50650353664,70,38011273216,1233481728,61.0,49.092,78.625,
60679372139251,318.74481266,217.5,18021347328,77437784064,105,2602.0,10.3,50351132672,50650124288,67,38011273216,1233481728,61.0,49.022,79.75,
