t_ns,rel_s,proc_cpu_pct,rss_bytes,vms_bytes,nthreads,cpu_freq_mhz,sys_cpu_pct,sys_used_bytes,sys_available_bytes,gpu_busy_pct,gtt_used_bytes,vram_used_bytes,gpu_temp_c,gpu_power_w,cpu_temp_c,rapl_energy_uj
59714020512606,0.000248688,0.0,1126019072,15910494208,98,2940.0,0.0,4192190464,96809066496,7,313917440,1230041088,60.0,40.002,97.375,
59714134493769,0.114229851,991.0,1351458816,46713614336,129,4067.0,68.3,4279398400,96721858560,7,313917440,1230041088,60.0,40.096,97.5,
59714187460380,0.167196462,1453.4,1688735744,46713614336,129,4159.0,45.5,4439404544,96561852416,7,312152064,1230041088,60.0,41.084,97.625,
59714252576720,0.232312802,1444.4,2046619648,46713614336,129,4061.0,48.8,4613599232,96387657728,7,312152064,1230041088,60.0,42.06,97.875,
59714311405856,0.291141938,799.1,2490417152,46713614336,129,3970.0,29.0,4832284672,96168972288,7,312152064,1230041088,60.0,43.012,97.875,
59714364642475,0.344378557,1558.8,2692616192,46713614336,129,4100.0,49.4,4940906496,96060350464,7,312152064,1230041088,60.0,43.084,98.0,
59714426319061,0.406055143,810.7,3144413184,46713614336,129,3912.0,35.6,5177737216,95823519744,7,313917440,1230041088,60.0,44.061,98.125,
59714487688180,0.467424262,1515.6,3501772800,46713614336,129,4195.0,50.3,5350875136,95650381824,7,313917440,1230041088,60.0,45.031,98.25,
59714545393133,0.525129215,848.3,4000096256,46713614336,129,3911.0,31.5,5610213376,95391043584,7,313917440,1230041088,60.0,45.075,98.5,
59714616555082,0.596291164,1659.5,4393336832,46713614336,129,4199.0,54.2,5805162496,95196094464,7,313917440,1230041088,60.0,46.045,98.5,
59714669469494,0.649205576,1209.4,4759556096,46713614336,129,4064.0,41.6,5984841728,95016415232,7,313917440,1230041088,60.0,46.08,98.625,
59714722452125,0.702188207,1132.6,5123190784,46713614336,129,4136.0,38.0,6168047616,94833209344,7,313917440,1230041088,61.0,47.022,98.75,
59714785422241,0.765158323,1619.6,5487034368,46713614336,129,4051.0,53.8,6352392192,94648864768,7,313917440,1230041088,61.0,47.059,98.75,
59714839494369,0.819230451,702.8,5955358720,46713614336,129,4062.0,26.5,6596902912,94404354048,7,313917440,1230041088,61.0,47.073,98.875,
59714891511465,0.871247547,1961.0,6225354752,46713614336,129,4129.0,63.6,6724370432,94276886528,7,313917440,1230041088,60.0,48.024,99.0,
59714943505378,0.92324146,942.3,6661988352,46713614336,129,4195.0,32.5,6941872128,94059384832,7,313917440,1230041088,60.0,48.043,99.0,
59714995452022,0.975188104,1463.0,7003443200,46713614336,129,4207.0,49.1,7117836288,93883420672,7,313917440,1230041088,60.0,48.078,99.125,
59715050497339,1.030233421,1035.4,7416942592,46713614336,129,4043.0,36.4,7322558464,93678698496,7,313917440,1230041088,60.0,48.081,99.125,
59715102321062,1.082057144,1196.3,7791534080,46713614336,129,4015.0,43.3,7512973312,93488283648,7,313917440,1230041088,60.0,49.009,99.25,
59715155502927,1.135239009,1843.3,8034205696,46713614336,129,4230.0,59.0,7633850368,93367406592,7,313917440,1230041088,60.0,49.039,99.125,
59715208487221,1.188223303,736.0,8489897984,46714662912,129,4006.0,27.2,7859499008,93141757952,7,313917440,1230041088,61.0,49.046,99.25,
59715260538511,1.240274593,1574.9,8779948032,46714662912,129,4098.0,55.7,8011472896,92989784064,7,313917440,1230041088,60.0,49.066,99.25,
59715318672751,1.298408833,1032.0,9228259328,46714662912,129,3750.0,34.6,8234717184,92766539776,7,313917440,1230041088,61.0,49.061,99.125,
59715379013247,1.358749329,1441.9,9603145728,46714662912,129,4128.0,50.8,8420073472,92581183488,7,313917440,1230041088,60.0,49.083,99.25,
59715432662771,1.412398853,1174.5,10009292800,46714662912,129,4064.0,41.2,8646762496,92354494464,7,313917440,1230041088,60.0,50.033,99.125,
59715492894852,1.472630934,2837.5,11205050368,46714662912,129,4209.0,95.8,9363046400,91638210560,7,313917440,1230041088,60.0,51.046,99.0,
59715546037784,1.525773866,3010.1,12189171712,46714662912,129,4170.0,98.2,9829474304,91171782656,7,313917440,1230041088,60.0,52.035,99.0,
59715599043427,1.578779509,3039.1,13158285312,46714662912,129,4043.0,99.4,10272079872,90729177088,7,313917440,1230041088,60.0,52.06,98.75,
59715652050212,1.631786294,2979.1,14214205440,46714662912,129,4163.0,98.2,10871595008,90129661952,7,313917440,1230041088,60.0,52.093,98.375,
59715709033950,1.688770032,3002.7,15573221376,46714662912,129,4008.0,99.4,11588718592,89412538368,7,313917440,1230041088,61.0,53.018,98.0,
59715761454444,1.741190526,3262.8,16584658944,46714662912,129,3987.0,98.9,12045381632,88955875328,8,313917440,1230041088,61.0,53.003,97.625,
59715817472888,1.79720897,2802.3,17518395392,46714662912,129,4015.0,98.8,12480806912,88520450048,7,313917440,1230041088,60.0,52.085,97.125,
59715870103267,1.849839349,3075.0,18575888384,46714662912,129,4134.0,100.0,13095174144,87906082816,8,313917440,1230041088,60.0,52.089,96.75,
59715924047003,1.903783085,3024.4,19930513408,46714662912,129,4007.0,98.8,13719248896,87282008064,8,313917440,1230041088,60.0,52.098,96.375,
59715977948058,1.95768414,3060.8,21006491648,46714662912,129,4022.0,99.4,14299164672,86702092288,8,313917440,1230041088,61.0,52.089,96.0,
59716034514362,2.014250444,2969.3,22339223552,46714662912,129,4017.0,98.3,14923464704,86077792256,8,313917440,1230041088,60.0,52.086,95.625,
59716088077182,2.067813264,3044.3,23410966528,46714662912,129,4037.0,97.6,15485931520,85515325440,8,313917440,1230041088,60.0,52.081,95.25,
59716141042269,2.120778351,2964.0,24293449728,46714662912,129,4032.0,97.6,15950934016,85050322944,8,313917440,1230041088,60.0,52.078,94.875,
59716194053493,2.173789575,3018.2,25299558400,46714662912,129,4053.0,98.3,16443867136,84557389824,8,313917440,1230041088,60.0,52.073,94.625,
59716249055538,2.22879162,3018.2,26238623744,46714662912,129,4077.0,97.6,16946028544,84055228416,8,313917440,1230041088,60.0,52.067,94.25,
59716305044216,2.284780298,3000.8,27580280832,46714662912,129,4028.0,97.8,17578274816,83422982144,8,313917440,1230041088,60.0,52.072,94.0,
59716357655679,2.337391761,2961.1,28608278528,46714662912,129,4047.0,97.6,18176122880,82825134080,8,313917440,1230041088,61.0,52.07,93.75,
59716411031067,2.390767149,3058.3,29592629248,46714662912,129,4039.0,99.4,18643353600,82357903360,8,313917440,1230041088,61.0,52.069,93.5,
59716564332076,2.544068158,378.3,15363526656,33159892992,129,2761.0,15.0,18642612224,82358644736,8,313917440,1230041088,61.0,50.036,94.25,
59716626031283,2.605767365,2318.2,15373479936,34511155200,129,4161.0,88.0,18644160512,82357096448,8,313917440,1230041088,60.0,50.061,94.625,
59716683051800,2.662787882,3138.6,15385661440,34513809408,129,4188.0,100.0,18645708800,82355548160,7,313917440,1230041088,61.0,51.001,94.875,
59716744389518,2.7241256,3096.7,15435255808,34471329792,129,4147.0,99.0,18663256064,82338000896,7,313917440,1230041088,61.0,51.047,95.25,
59716801029620,2.780765702,3091.0,15503970304,34386366464,129,4164.0,98.9,18696032256,82305224704,7,313917440,1230041088,60.0,51.078,95.5,
59716861038992,2.840775074,3115.9,15599075328,34349203456,129,4153.0,100.0,18782175232,82219081728,7,313917440,1230041088,61.0,52.005,95.75,
59716918343562,2.898079644,3106.2,15802908672,34110320640,129,4151.0,100.0,18999967744,82001289216,7,313917440,1230041088,60.0,52.035,96.0,
59716973585196,2.953321278,3093.9,15977979904,33943105536,129,4144.0,99.4,19172601856,81828655104,7,313917440,1230041088,60.0,52.065,96.125,
59717030082930,3.009819012,3114.5,16013418496,33931157504,129,4150.0,100.0,19201761280,81799495680,7,313917440,1230041088,60.0,52.085,96.375,
59717082439784,3.062175866,3076.9,16035651584,33931157504,129,4140.0,99.4,19222405120,81778851840,7,313917440,1230041088,60.0,52.098,96.5,
59717138047296,3.117783378,2751.1,16044576768,33931157504,129,4132.0,99.4,19228856320,81772400640,7,313917440,1230041088,60.0,53.033,96.75,
59717191085800,3.170821882,2866.7,16046612480,33931157504,129,4228.0,97.6,19229605888,81771651072,7,312152064,1230041088,60.0,53.057,96.625,
59717249028439,3.228764521,3038.3,16053239808,33931157504,129,4108.0,98.9,19230507008,81770749952,7,312152064,1230041088,60.0,53.048,96.375,
59717302039993,3.281776075,3093.2,16087842816,33931157504,129,4111.0,98.9,19231023104,81770233856,7,312152064,1230041088,60.0,53.023,96.0,
59717356467217,3.336203299,3105.4,16173694976,33931157504,129,4112.0,100.0,19231281152,81769975808,8,312152064,1230041088,60.0,53.007,95.75,
59717409030729,3.388766811,3120.1,16257880064,33931157504,129,4099.0,100.0,19232841728,81768415232,8,313917440,1230041088,60.0,52.095,95.5,
59717461674091,3.441410173,2923.8,16449638400,33931157504,129,4084.0,98.8,19232841728,81768415232,8,313917440,1230041088,60.0,52.087,95.25,
59717515048727,3.494784809,3166.0,16646836224,33931157504,129,4109.0,100.0,19233071104,81768185856,8,313917440,1230041088,60.0,52.076,95.0,
59717568037828,3.54777391,3096.3,16704835584,33931157504,129,4132.0,98.8,19233329152,81767927808,8,313917440,1230041088,60.0,52.067,94.875,
59717623016278,3.60275236,2984.6,16714338304,33931157504,129,4151.0,94.3,19233460224,81767796736,8,313917440,1230041088,61.0,52.061,94.875,
59717688079685,3.667815767,1890.5,16726880256,33961627648,129,2894.0,57.8,19239575552,81761681408,8,313917440,1230041088,60.0,52.015,94.875,
59717901666393,3.881402475,201.0,16730542080,33297166336,37,2885.0,9.1,19283423232,81717833728,7,313917440,1230041088,61.0,49.053,95.875,
59717954551259,3.934287341,190.2,16759267328,40872853504,37,2975.0,9.0,19314294784,81686962176,7,313917440,1230041088,61.0,49.012,96.0,
59718007633796,3.987369878,188.4,16776880128,40872853504,37,2390.0,8.3,19333988352,81667268608,7,313917440,1230041088,61.0,48.058,96.25,
59718064638833,4.044374915,228.0,16782368768,40872853504,37,2900.0,10.1,19346587648,81654669312,7,311820288,1230041088,61.0,47.089,96.5,
59718119485835,4.099221917,638.0,17033920512,41926574080,68,3966.0,23.0,19346853888,81654403072,7,311820288,1230041088,60.0,48.024,96.625,
59718175801115,4.155537197,319.4,17195163648,41926574080,68,3191.0,13.9,19344154624,81657102336,7,311820288,1230041088,60.0,47.081,96.875,
59718233798697,4.213534779,396.7,17274769408,41926574080,68,3181.0,16.1,19341406208,81659850752,7,311820288,1230041088,60.0,47.043,97.0,
59718291593658,4.27132974,190.3,17360687104,41926574080,68,3150.0,9.8,19339661312,81661595648,7,311820288,1230041088,61.0,47.0,97.125,
59718344663371,4.324399453,414.2,17444114432,41926574080,68,3305.0,18.0,19338231808,81663025152,7,311820288,1230041088,60.0,46.081,97.375,
59718409918689,4.389654771,260.8,17539796992,41926574080,68,3674.0,13.6,19337760768,81663496192,7,311820288,1230041088,61.0,46.071,97.375,
59718461635079,4.441371161,386.6,17614180352,41926574080,68,3589.0,18.1,19336187904,81665069056,7,311820288,1230041088,61.0,46.072,97.625,
59718517671185,4.497407267,874.1,18079551488,41926574080,68,3625.0,31.8,19335589888,81665667072,7,311820288,1230041088,60.0,47.035,97.75,
59718575841881,4.555577963,825.5,18517463040,41926574080,68,3127.0,29.0,19335647232,81665609728,7,311820288,1230041088,61.0,47.068,97.75,
59718627717149,4.607453231,404.8,18592567296,41926574080,68,3296.0,16.0,19336232960,81665024000,7,311820288,1230041088,61.0,47.061,97.875,
59718682603214,4.662339296,218.6,18692837376,41926574080,68,3187.0,11.5,19336105984,81665150976,7,311820288,1230041088,61.0,47.029,98.0,
59718763256954,4.742993036,372.0,18838851584,41926574080,68,3447.0,18.1,19336400896,81664856064,7,311820288,1230041088,60.0,47.051,98.125,
59718815505463,4.795241545,210.5,18919198720,41926574080,68,3188.0,10.2,19335979008,81665277952,7,311820288,1230041088,60.0,47.049,98.25,
59718878045098,4.85778118,367.8,19024191488,41926574080,68,3155.0,17.3,19336028160,81665228800,7,311820288,1230041088,61.0,47.054,98.25,
59718934703864,4.914439946,282.4,19129901056,41926574080,68,3122.0,14.4,19336085504,81665171456,7,311820288,1230041088,60.0,47.041,98.25,
59719000182572,4.979918654,335.9,19230695424,41926574080,68,3263.0,12.2,19334844416,81666412544,7,311820288,1230041088,60.0,47.003,98.375,
59719058747268,5.03848335,392.8,19334701056,41926574080,68,3601.0,17.6,19340898304,81660358656,7,311820288,1230041088,60.0,46.099,98.5,
59719124726616,5.104462698,242.5,19445194752,41926574080,68,2941.0,12.7,19339247616,81662009344,7,311820288,1230041088,61.0,46.071,98.625,
59719183718055,5.163454137,406.8,19530522624,41926574080,68,3167.0,14.1,19339026432,81662230528,7,311820288,1230041088,60.0,46.06,98.75,
59719242866198,5.22260228,219.8,19606675456,41926574080,68,2787.0,12.0,19338743808,81662513152,7,311820288,1230041088,60.0,46.006,98.75,
59719304813310,5.284549392,177.5,19687809024,41926574080,68,2850.0,11.0,19338129408,81663127552,7,311820288,1230041088,61.0,45.079,98.875,
59719374416777,5.354152859,359.2,19780083712,41926574080,68,3118.0,15.1,19337326592,81663930368,7,311820288,1230041088,60.0,45.06,98.875,
59719429112454,5.408848536,219.4,19850338304,41926574080,68,3053.0,11.6,19336634368,81664622592,7,311820288,1230041088,60.0,45.062,99.0,
59719483757837,5.463493919,347.5,19922821120,41926574080,68,2836.0,16.2,19337121792,81664135168,7,311820288,1230041088,60.0,45.05,99.0,
59719541702438,5.52143852,172.7,20000415744,41926574080,68,3050.0,9.2,19337015296,81664241664,7,311820288,1230041088,61.0,44.095,99.125,
59719626909482,5.606645564,293.4,20112285696,41926574080,68,3142.0,13.6,19336368128,81664888832,7,311820288,1230041088,61.0,44.087,99.125,
59719688913991,5.668650073,209.7,20194664448,41926574080,68,2977.0,11.1,19336429568,81664827392,7,311820288,1230041088,61.0,44.077,99.125,
59719742775019,5.722511101,185.6,20268064768,41926574080,68,2835.0,10.9,19337441280,81663815680,7,311820288,1230041088,60.0,44.065,99.125,
59719823657318,5.8033934,333.8,20381048832,41926574080,68,2969.0,13.3,19337801728,81663455232,7,311820288,1230041088,60.0,44.052,99.125,
59719876778877,5.856514959,150.6,20449599488,41926574080,68,3428.0,10.2,19338022912,81663234048,7,311820288,1230041088,60.0,44.089,99.0,
59719929784158,5.90952024,301.6,20519854080,41926574080,68,3056.0,12.3,19338399744,81662857216,8,311820288,1230041088,60.0,45.013,98.875,
59720000713916,5.980449998,211.6,20613177344,41926574080,68,2914.0,9.9,19338219520,81663037440,8,311820288,1230041088,60.0,45.044,98.75,
59720086862309,6.066598391,301.8,20729307136,41926574080,68,3045.0,13.5,19338469376,81662787584,8,311820288,1230041088,60.0,45.069,98.625,
59720191636257,6.171372339,257.6,20868374528,41926574080,68,2840.0,11.1,19336138752,81665118208,7,310054912,1230041088,60.0,45.048,98.75,
59720267880060,6.247616142,236.2,20971266048,41926574080,68,2937.0,10.0,19336122368,81665134592,8,310054912,1230041088,60.0,45.074,98.5,
59720325992526,6.305728608,172.1,21048336384,41926574080,68,3097.0,9.2,19336417280,81664839680,8,310054912,1230041088,60.0,45.085,98.25,
59720390358813,6.370094895,341.7,21134188544,41926574080,68,3019.0,15.0,19338797056,81662459904,8,311820288,1230041088,60.0,46.006,98.25,
59720456663191,6.436399273,181.0,21222793216,41926574080,68,2707.0,9.4,19339714560,81661542400,8,311820288,1230041088,60.0,46.01,98.125,
59720509864009,6.489600091,394.7,21294096384,41926574080,68,3360.0,14.1,19339100160,81662156800,8,311820288,1230041088,60.0,46.024,98.125,
59720562704519,6.542440601,170.1,21365923840,41926574080,68,2791.0,8.7,19338788864,81662468096,8,311820288,1230041088,60.0,46.0,98.125,
59720614830267,6.594566349,230.4,21433294848,41926574080,68,2916.0,10.4,19338690560,81662566400,8,311820288,1230041088,60.0,45.095,98.25,
59720666768282,6.646504364,346.6,21501190144,41926574080,68,2951.0,13.3,19338489856,81662767104,8,311820288,1230041088,60.0,45.088,98.125,
59720720725841,6.700461923,222.5,21589663744,41926574080,68,3057.0,10.0,19338846208,81662410752,8,311820288,1230041088,60.0,45.085,98.125,
59720800671399,6.780407481,362.7,21732401152,41926574080,68,3019.0,13.5,19338043392,81663213568,8,311820288,1230041088,60.0,46.005,98.25,
59720857789106,6.837525188,227.7,21824413696,41926574080,68,2988.0,9.8,19336908800,81664348160,8,311820288,1230041088,60.0,46.004,98.25,
59720909706923,6.889443005,365.9,21913477120,41926574080,68,2984.0,14.1,19336822784,81664434176,8,311820288,1230041088,60.0,46.062,98.25,
59721035339560,7.015075642,302.5,22113427456,41926574080,68,3028.0,18.4,19335606272,81665650688,8,309723136,1230041088,61.0,46.055,98.375,
59721089745041,7.069481123,165.4,22194298880,41926574080,68,3110.0,12.1,19337302016,81663954944,8,309723136,1230041088,60.0,46.03,98.5,
59721160511442,7.140247524,325.0,22299942912,41926574080,68,3204.0,12.9,19335516160,81665740800,8,309723136,1230041088,60.0,45.096,98.625,
59721242855116,7.222591198,328.0,22434553856,41926574080,68,3214.0,13.0,19334770688,81666486272,8,309723136,1230041088,60.0,46.008,98.5,
59721317939069,7.297675151,213.1,22575849472,41926574080,68,2998.0,9.7,19334307840,81666949120,8,309723136,1230041088,60.0,46.014,98.5,
59721377621364,7.357357446,335.1,22678347776,41926574080,68,3049.0,14.3,19333615616,81667641344,8,309723136,1230041088,60.0,46.031,98.5,
59721432062723,7.411798805,165.3,22748471296,41926574080,68,3259.0,11.0,19333775360,81667481600,8,309723136,1230041088,60.0,46.053,98.5,
59721500162563,7.479898645,337.6,22870892544,41926574080,68,2785.0,15.3,19333582848,81667674112,8,309723136,1230041088,60.0,46.075,98.625,
59721576231246,7.555967328,407.8,23018414080,41926574080,68,3173.0,16.1,19331932160,81669324800,8,309723136,1230041088,60.0,46.074,98.25,
59721642877184,7.622613266,240.1,23143899136,41926574080,68,2961.0,10.0,19330809856,81670447104,8,309723136,1230041088,61.0,46.061,98.375,
59721715677987,7.695414069,370.9,23281016832,41926574080,68,3378.0,13.9,19330064384,81671192576,8,309723136,1230041088,61.0,46.08,98.375,
59721771815903,7.751551985,213.7,23370407936,41926574080,68,3094.0,9.1,19330535424,81670721536,8,309723136,1230041088,60.0,46.077,98.375,
59721828603649,7.808339731,352.1,23458553856,41926574080,68,3101.0,14.4,19330908160,81670348800,8,309723136,1230041088,61.0,46.069,98.375,
59721884790416,7.864526498,178.0,23537917952,41926574080,68,3127.0,7.9,19330551808,81670705152,8,309723136,1230041088,60.0,46.055,98.375,
59721942883746,7.922619828,361.5,23626653696,41926574080,68,2876.0,13.5,19330342912,81670914048,8,309723136,1230041088,60.0,46.046,98.5,
59722014914602,7.994650684,208.2,23737278464,41926574080,68,3057.0,9.6,19329097728,81672159232,8,312152064,1230041088,60.0,46.018,98.625,
59722075957012,8.055693094,180.2,23814610944,41926574080,68,3049.0,10.3,19327041536,81674215424,8,312152064,1230041088,60.0,45.084,98.75,
59722134742843,8.114478925,136.1,23895875584,41926574080,68,3014.0,7.9,19328331776,81672925184,8,312152064,1230041088,60.0,45.038,98.75,
59722218050326,8.197786408,168.1,24026292224,41926574080,68,3119.0,8.4,19327328256,81673928704,8,312152064,1230041088,61.0,45.025,98.875,
59722271812247,8.251548329,130.2,24118304768,41926574080,68,2975.0,8.1,19326631936,81674625024,8,312152064,1230041088,60.0,45.001,99.0,
59722325910631,8.305646713,129.4,24208089088,41926574080,68,3054.0,8.2,19326541824,81674715136,8,312152064,1230041088,60.0,44.079,99.0,
59722396956867,8.376692949,154.8,24333393920,41926574080,68,3313.0,9.8,19328786432,81672470528,8,313917440,1230041088,60.0,44.077,99.125,
59722517952761,8.497688843,479.3,24415100928,50368700416,70,2657.0,20.1,19343781888,81657475072,8,313917440,1230041088,60.0,45.022,99.125,
59722597334368,8.57707045,226.8,24503824384,50995269632,70,2907.0,9.6,19358580736,81642676224,8,313917440,1230041088,60.0,44.091,99.25,
59722649852461,8.629588543,114.3,24573161472,50995269632,70,3018.0,8.3,19359199232,81642057728,8,313917440,1230041088,60.0,44.071,99.25,
59722702877127,8.682613209,113.1,24646823936,50995269632,70,3257.0,7.2,19358748672,81642508288,8,313917440,1230041088,60.0,44.039,99.25,
59722757865462,8.737601544,127.3,24721010688,50995269632,70,3265.0,7.4,19359080448,81642176512,8,313917440,1230041088,60.0,44.042,99.25,
59722824997974,8.804734056,163.8,24821805056,50995269632,70,2949.0,7.9,19358658560,81642598400,8,313917440,1230041088,60.0,43.09,99.375,
59722904944652,8.884680734,200.2,25051385856,51618213888,70,3160.0,10.7,19360260096,81640996864,8,313917440,1230041088,60.0,44.012,99.0,
59723340607459,9.320343541,426.9,17328869376,46300291072,104,3372.0,18.0,19711193088,81290063872,8,313917440,1230041088,60.0,45.062,98.875,
59723396231118,9.3759672,1565.4,17772462080,46531235840,104,3124.0,56.5,19941355520,81059901440,8,313917440,1230041088,60.0,46.088,98.625,
59723448935061,9.428671143,1592.8,18389540864,46853054464,104,3147.0,56.3,20214886400,80786370560,8,313917440,1230041088,60.0,48.0,98.125,
59723502023285,9.481759367,1581.4,18937303040,47125241856,104,2975.0,58.1,20486549504,80514707456,8,313917440,1230041088,60.0,48.036,97.5,
59723557131235,9.536867317,1616.2,19343122432,47326584832,104,2933.0,58.3,20735553536,80265703424,8,313917440,1230041088,60.0,48.094,96.875,
59723611055840,9.590791922,1632.5,20097359872,47704096768,104,3213.0,59.2,21112045568,79889211392,8,313917440,1230041088,60.0,49.044,96.25,
59723663947526,9.643683608,1682.1,20482789376,47897047040,104,2848.0,60.4,21282066432,79719190528,8,313917440,1230041088,60.0,50.011,95.625,
59723717028356,9.696764438,1658.2,21253607424,48282947584,104,3184.0,59.5,21675819008,79325437952,8,313917440,1230041088,60.0,50.05,95.125,
59723769986446,9.749722528,1679.4,21639548928,48480092160,104,2927.0,60.9,21877325824,79123931136,8,313917440,1230041088,60.0,51.009,94.5,
59723823069551,9.802805633,1638.9,22410719232,48861798400,104,3356.0,58.4,22273658880,78727598080,8,313917440,1230041088,60.0,51.047,93.875,
59723882244231,9.861980313,1707.3,22960308224,49180585984,104,3092.0,61.5,22573223936,78428033024,8,313917440,1230041088,60.0,51.097,93.375,
59723936063990,9.915800072,1690.0,23568351232,49440649216,104,2986.0,61.0,22859419648,78141837312,8,313917440,1230041088,60.0,52.05,92.875,
59723990028150,9.969764232,1705.9,24332173312,49826549760,104,3328.0,61.0,23247970304,77753286656,8,313917440,1230041088,60.0,52.075,92.375,
59724042965962,10.022702044,1661.3,24765558784,50044665856,104,2940.0,60.0,23465746432,77535510528,8,313917440,1230041088,60.0,53.021,91.875,
59724097138344,10.076874426,1698.9,25496084480,50405404672,104,3157.0,60.8,23829544960,77171712000,8,313917440,1230041088,60.0,53.06,91.5,
59724151067659,10.130803741,1705.8,26197168128,50774528000,104,3249.0,61.0,24217292800,76783964160,8,313917440,1230041088,60.0,53.084,91.0,
59724204048421,10.183784503,1698.0,26652372992,50984255488,104,2617.0,60.1,24421490688,76579766272,8,313917440,1230041088,61.0,53.078,90.5,
59724260210962,10.239947044,1692.8,27407855616,51370156032,104,2900.0,60.7,24803115008,76198141952,8,313917440,1230041088,60.0,53.038,89.875,
59724314152760,10.293888842,1706.0,27815702528,51567300608,104,2683.0,62.2,25009954816,75991302144,8,313917440,1230041088,60.0,53.025,89.25,
59724368062899,10.347798981,1705.8,28580761600,51949006848,104,2998.0,60.8,25395593216,75605663744,8,313917440,1230041088,60.0,53.001,88.75,
59724422071473,10.401807555,1703.8,29016678400,52167122944,104,2839.0,61.6,25624653824,75376603136,8,313917440,1230041088,60.0,52.094,88.25,
59724476065238,10.45580132,1702.3,29738217472,52527857664,104,3043.0,61.8,25966731264,75034525696,8,313917440,1230041088,61.0,52.084,87.625,
59724530057571,10.509793653,1706.1,30274777088,52796309504,104,2994.0,62.0,26251722752,74749534208,8,313917440,1230041088,60.0,52.074,87.125,
59724584072306,10.563808388,1683.0,31201861632,53787865088,104,3260.0,61.6,26739228672,74262028288,8,313917440,1230041088,60.0,52.061,86.625,
59724638173393,10.617909475,1589.8,32126205952,53900562432,104,3142.0,57.3,27192037376,73809219584,8,313917440,1230041088,60.0,52.075,86.125,
59724693074723,10.672810805,1312.6,32338432000,54012997632,104,3208.0,46.5,27405242368,73596014592,8,313917440,1230041088,61.0,52.032,85.75,
59724746060705,10.725796787,1470.5,32286855168,53907640320,104,3524.0,54.1,27447115776,73554141184,8,313917440,1230041088,60.0,52.053,85.375,
59724800161492,10.779897574,1720.0,32286855168,53907640320,104,3533.0,61.6,27447115776,73554141184,8,313917440,1230041088,60.0,52.058,84.875,
59724854145549,10.833881631,1558.2,32301711360,53922668544,104,3390.0,55.0,27447861248,73553395712,8,313917440,1230041088,60.0,52.049,84.5,
59724908956309,10.888692391,218.7,32110714880,54132383744,104,2402.0,8.6,27630772224,73370484736,10,716578816,1230462976,61.0,51.055,84.625,
59724968047872,10.947783954,186.1,31708057600,54132375552,104,2414.0,10.0,27956813824,73044443136,12,1119232000,1231257600,60.0,51.007,85.25,
59725020947282,11.000683364,189.0,31305396224,54132367360,104,2644.0,9.0,28100661248,72900595712,13,1521885184,1232060416,61.0,50.066,86.0,
59725074994147,11.054730229,222.0,30902734848,54132359168,104,3923.0,15.5,28510457856,72490799104,14,2325426176,1233743872,61.0,51.014,87.25,
59725168390172,11.148126254,235.7,29896081408,53931012096,104,2855.0,17.5,28968456192,72032800768,15,2929405952,1235222528,62.0,51.001,88.0,
59725232131842,11.211867924,203.8,29292089344,54132326400,104,2739.0,10.2,29094281216,71906975744,16,3533385728,1236070400,61.0,50.078,88.625,
59725286605760,11.266341842,202.0,28688097280,54132314112,104,2932.0,9.8,29092241408,71909015552,17,4137365504,1237274624,62.0,50.081,88.75,
59725342035503,11.321771585,216.4,28285435904,54132305920,104,3008.0,10.5,29364482048,71636774912,17,4741345280,1238736896,62.0,51.001,88.875,
59725421818252,11.401554334,225.7,27480113152,54132289536,104,3244.0,13.1,29193633792,71807623168,18,5347090432,1239670784,61.0,51.07,89.0,
59725479400038,11.45913612,208.4,27077451776,54132281344,104,2566.0,12.0,29360771072,71640485888,19,5951070208,1240870912,61.0,51.087,89.25,
59725559257577,11.538993659,225.4,26272129024,53930938368,104,2874.0,11.0,29477765120,71523491840,19,6555049984,1242267648,61.0,51.086,89.625,
59725625206243,11.604942325,227.4,25869467648,54065147904,104,2867.0,10.7,29833478144,71167778816,20,6991257600,1242865664,62.0,51.079,89.875,
59725726768410,11.706504492,226.5,25030578176,54031560704,104,2701.0,10.6,29799731200,71201525760,20,7796563968,1242865664,62.0,52.002,89.75,
59725787996547,11.767732629,212.1,24527241216,54031540224,104,2987.0,10.6,29920604160,71080652800,21,8299880448,1242865664,62.0,52.023,89.75,
59725858054965,11.837791047,228.4,23923240960,54031515648,104,3130.0,10.6,29957349376,71043907584,22,8903860224,1242669056,62.0,52.034,89.625,
59725917026873,11.896762955,203.5,23419908096,54031495168,104,2928.0,9.7,29963657216,71037599744,22,9306513408,1242701824,62.0,52.025,90.0,
59725970042550,11.949778632,207.6,23017238528,54031478784,104,2617.0,8.9,29957648384,71043608576,22,9910493184,1242865664,62.0,52.012,90.5,
59726050258812,12.029994894,212.0,22413225984,53964337152,104,2461.0,9.5,29885300736,71115956224,23,10243940352,1242873856,62.0,51.099,90.875,
59726105914379,12.085650461,197.7,22044082176,53964292096,104,3081.0,9.0,29857583104,71143673856,23,10881474560,1242853376,62.0,51.077,91.25,
59726200785566,12.180521648,242.4,21372911616,53964210176,104,2927.0,10.6,29862793216,71138463744,24,11552563200,1242828800,62.0,52.007,91.375,
59726289535051,12.269271133,225.2,20701741056,53964128256,104,3106.0,10.9,29930143744,71071113216,25,12156542976,1242816512,62.0,52.041,91.25,
59726366186215,12.345922297,235.0,20097687552,53964054528,104,2604.0,11.2,29885460480,71115796480,25,12995403776,1242783744,61.0,52.064,91.25,
59726487433607,12.467169689,247.5,19392962560,53963968512,104,3304.0,21.9,29898919936,71102337024,27,13263839232,1242775552,61.0,53.016,91.5,
59726541987895,12.521723977,201.6,19090939904,53963931648,104,3314.0,10.1,29897650176,71103606784,28,13632937984,1242767360,61.0,52.055,91.875,
59726604546110,12.584282192,207.8,18654679040,53963878400,104,3486.0,9.8,29916209152,71085047808,28,14561976320,1242710016,60.0,52.028,92.375,
59726771278710,12.751014792,263.9,18133078016,54017699840,104,3094.0,11.5,29927854080,71073402880,27,14698512384,1242468352,61.0,52.05,92.75,
59726876178868,12.85591495,495.7,18172043264,54286135296,105,3470.0,19.3,29962047488,71039209472,26,14701830144,1242464256,61.0,52.008,93.125,
59726934053654,12.913789736,224.5,18258255872,54351433728,105,3088.0,10.3,30001123328,71000133632,25,14717714432,1242435584,61.0,52.013,93.375,
59726993063332,12.972799414,186.5,18264215552,54395777024,105,2996.0,8.6,30046650368,70954606592,24,14756536320,1242365952,61.0,51.074,93.625,
59727048088675,13.027824757,199.9,18305249280,54445883392,105,3012.0,10.8,30047637504,70953619456,23,14772785152,1242341376,61.0,51.048,94.0,
59727109105194,13.088841276,213.1,18346885120,54542172160,105,3007.0,11.9,30103433216,70897823744,23,14830915584,1242234880,61.0,51.037,94.375,
59727166311754,13.146047836,209.6,18384199680,54596415488,105,3177.0,10.3,30120898560,70880358400,22,14841434112,1242230784,61.0,51.042,94.625,
59727220070658,13.19980674,204.8,18425487360,54646198272,105,3275.0,9.4,30219337728,70781919232,22,15152029696,1241690112,64.0,51.036,94.875,
59727291122040,13.270858122,225.1,18425774080,55220916224,105,2398.0,11.3,30779600896,70221656064,27,15454068736,1241108480,67.0,52.083,95.125,
59727351343505,13.331079587,746.8,18425786368,55220916224,105,1957.0,26.3,30779600896,70221656064,31,15454068736,1241108480,68.0,53.062,94.75,
59727406184722,13.385920804,218.6,18425790464,55220916224,105,1855.0,13.2,30780100608,70221156352,35,15454068736,1241108480,68.0,53.063,94.0,
59727460224593,13.439960675,203.6,18425790464,55220916224,105,1825.0,12.1,30780096512,70221160448,38,15454068736,1241108480,67.0,53.066,93.25,
59727515072381,13.494808463,218.8,18425790464,55220916224,105,1826.0,13.7,30780579840,70220677120,42,15454068736,1241108480,66.0,53.019,92.625,
59727570207700,13.549943782,199.7,18425790464,55220916224,105,1917.0,9.2,30780809216,70220447744,45,15454068736,1241108480,67.0,53.002,91.875,
59727624053375,13.603789457,204.1,18425790464,55220916224,105,1799.0,11.5,30780481536,70220775424,48,15454068736,1241108480,67.0,52.091,91.25,
59727678194115,13.657930197,203.2,18425790464,55220916224,105,1877.0,9.9,30780710912,70220546048,50,15454068736,1241108480,67.0,52.069,90.625,
59727732219609,13.711955691,203.8,18425790464,55220916224,105,1874.0,9.3,30780710912,70220546048,53,15454068736,1241108480,68.0,52.079,90.0,
59727786151687,13.765887769,203.9,18425790464,55220916224,105,1820.0,10.9,30780710912,70220546048,55,15454068736,1241108480,68.0,52.056,89.375,
59727840246550,13.819982632,203.5,18425790464,55220916224,105,1847.0,8.8,30755864576,70245392384,58,15454068736,1241108480,68.0,52.075,88.875,
59727894064063,13.873800145,223.0,18425790464,55220916224,105,1849.0,10.6,30690648064,70310608896,60,15454068736,1241108480,67.0,52.062,88.25,
59727948060362,13.927796444,221.9,18425798656,55220916224,105,1874.0,9.9,30674296832,70326960128,62,15454068736,1241108480,68.0,52.072,87.75,
59728002159774,13.981895856,203.3,18425798656,55220916224,105,1819.0,10.9,30664744960,70336512000,64,15454068736,1241108480,68.0,52.08,87.25,
59728056260910,14.035996992,203.6,18425798656,55220916224,105,1885.0,9.4,30664744960,70336512000,66,15454068736,1241108480,68.0,52.072,86.75,
59728110039109,14.089775191,204.5,18425798656,55220916224,105,1903.0,9.8,30664744960,70336512000,68,15454068736,1241108480,68.0,52.071,86.25,
59728164027182,14.143763264,203.8,18425798656,55220916224,105,1882.0,9.9,30664482816,70336774144,69,15454068736,1241108480,68.0,52.058,85.75,
59728218069827,14.197805909,203.3,18425798656,55220916224,105,1874.0,8.7,30664187904,70337069056,71,15454068736,1241108480,68.0,52.076,85.25,
59728274239529,14.253975611,213.7,18425798656,55220916224,105,1863.0,10.1,30664445952,70336811008,73,15454068736,1241108480,68.0,52.053,84.75,
59728328116394,14.307852476,204.4,18425798656,55220916224,105,1829.0,9.9,30664183808,70337073152,74,15454068736,1241108480,68.0,52.077,84.375,
59728381966738,14.36170282,204.1,18425798656,55220916224,105,1814.0,11.7,30663921664,70337335296,75,15454068736,1241108480,68.0,52.064,83.875,
59728436142884,14.415878966,203.0,18425798656,55220916224,105,1839.0,13.7,30664167424,70337089536,77,15454068736,1241108480,68.0,52.081,83.5,
59728491310684,14.471046766,217.5,18425802752,55220916224,105,1783.0,12.0,30663856128,70337400832,78,15454068736,1241108480,67.0,52.073,83.125,
59728545159505,14.524895587,204.2,18425806848,55220916224,105,1852.0,10.5,30663430144,70337826816,79,15454068736,1241108480,68.0,52.063,82.625,
59728599285577,14.579021659,203.4,18425806848,55220916224,105,1879.0,9.9,30663430144,70337826816,80,15454068736,1241108480,67.0,52.067,82.25,
59728653165226,14.632901308,222.6,18425806848,55220916224,105,1864.0,9.2,30663659520,70337597440,81,15454068736,1241108480,68.0,52.049,81.875,
59728707169799,14.686905881,203.7,18425806848,55220916224,105,1869.0,9.3,30663659520,70337597440,82,15454068736,1241108480,68.0,52.074,81.5,
59728761085025,14.740821107,204.1,18425806848,55220916224,105,1829.0,9.8,30663626752,70337630208,83,15454068736,1241108480,68.0,52.054,81.125,
59728816086392,14.795822474,199.9,18425806848,55220916224,105,1854.0,9.8,30663688192,70337568768,84,15454068736,1241108480,68.0,52.074,80.75,
59728872157097,14.851893179,232.0,18425806848,55220916224,105,1840.0,9.0,30615310336,70385946624,85,15454068736,1241108480,67.0,52.061,80.5,
59728926202277,14.905938359,203.6,18425806848,55220916224,105,1877.0,9.2,30565994496,70435262464,86,15454068736,1241108480,68.0,52.074,80.125,
59728982145673,14.961881755,196.5,18425806848,55220916224,105,1831.0,9.5,30558478336,70442778624,87,15454068736,1241108480,68.0,52.077,79.75,
59729036179512,15.015915594,222.0,18425810944,55220916224,105,1857.0,9.8,30558965760,70442291200,87,15454068736,1241108480,68.0,52.075,79.5,
59729092257671,15.071993753,196.2,18425810944,55220916224,105,1844.0,10.2,30559453184,70441803776,88,15454068736,1241108480,68.0,52.074,79.125,
59729146102675,15.125838757,204.2,18425815040,55220916224,105,1839.0,9.9,30559166464,70442090496,89,15454068736,1241108480,68.0,52.062,78.875,
59729200249566,15.179985648,203.2,18425815040,55220916224,105,1860.0,8.6,30559404032,70441852928,89,15454068736,1241108480,67.0,52.076,78.625,
59729255161324,15.234897406,218.7,18425815040,55220916224,105,1853.0,9.8,30558887936,70442369024,90,15454068736,1241108480,68.0,52.059,78.375,
59729309053016,15.288789098,204.2,18425815040,55220916224,105,1882.0,8.8,30558806016,70442450944,90,15454068736,1241108480,68.0,52.078,78.0,
59729363031992,15.342768074,203.8,18425815040,55220916224,105,1831.0,11.0,30558543872,70442713088,91,15454068736,1241108480,68.0,52.063,77.75,
59729417070719,15.396806801,222.1,18425815040,55220916224,105,1885.0,11.6,30559272960,70441984000,91,15454068736,1241108480,68.0,52.083,77.5,
59729471072327,15.450808409,203.6,18425815040,55220916224,105,1883.0,14.1,30559272960,70441984000,92,15454068736,1241108480,68.0,52.078,77.25,
59729524196937,15.503933019,206.8,18425815040,55220916224,105,1865.0,9.4,30559272960,70441984000,92,15454068736,1241108480,68.0,52.066,77.0,
59729578155233,15.557891315,204.0,18425819136,55220916224,105,1877.0,8.7,30559010816,70442246144,93,15454068736,1241108480,68.0,52.068,76.875,
59729632212866,15.611948948,203.2,18425819136,55220916224,105,1833.0,10.5,30559240192,70442016768,93,15454068736,1241108480,68.0,52.056,76.625,
59729687127078,15.66686316,200.6,18425823232,55220916224,105,1872.0,9.9,30559698944,70441558016,93,15454068736,1241108480,68.0,52.076,76.375,
59729741060849,15.720796931,203.7,18425823232,55220916224,105,1844.0,11.6,30551437312,70449819648,94,15454068736,1241108480,68.0,52.055,76.125,
59729795172162,15.774908244,221.8,18425823232,55220916224,105,1849.0,9.1,30551142400,70450114560,94,15454068736,1241108480,68.0,52.075,75.875,
59729852099567,15.831835649,211.0,18425823232,55220916224,105,1860.0,10.6,30501072896,70500184064,94,15454068736,1241108480,68.0,52.059,75.75,
59729906185723,15.885921805,203.1,18425823232,55220916224,105,1860.0,9.3,30493073408,70508183552,95,15454068736,1241108480,69.0,52.076,75.5,
59729960435317,15.940171399,221.1,18425823232,55220916224,105,1850.0,11.0,30469562368,70531694592,95,15454068736,1241108480,68.0,52.071,75.375,
59730014345442,15.994081524,204.1,18425823232,55220916224,105,1848.0,9.8,30469754880,70531502080,95,15454068736,1241108480,68.0,52.075,75.125,
59730071343720,16.051079802,193.1,18425823232,55220916224,105,1841.0,11.2,30462779392,70538477568,95,15456165888,1241108480,68.0,52.078,75.0,
59730125069329,16.104805411,204.7,18425827328,55220916224,105,1863.0,12.2,30462775296,70538481664,96,15456165888,1241108480,68.0,52.067,74.75,
59730179302231,16.159038313,221.1,18425827328,55220916224,105,1825.0,10.5,30462771200,70538485760,96,15456165888,1241108480,68.0,52.073,74.625,
59730233192119,16.212928201,204.2,18425827328,55220916224,105,1808.0,13.4,30446256128,70555000832,96,15456165888,1241108480,68.0,52.054,74.5,
59730288324301,16.268060383,199.6,18425831424,55220916224,105,1817.0,9.1,30446256128,70555000832,96,15456165888,1241108480,68.0,52.077,74.25,
59730342247731,16.321983813,203.8,18425831424,55220916224,105,1828.0,13.2,30446256128,70555000832,97,15456165888,1241108480,68.0,52.057,74.125,
59730396260610,16.375996692,222.0,18425831424,55220916224,105,1830.0,12.9,30445817856,70555439104,97,15456165888,1241108480,68.0,52.08,74.0,
59730450216772,16.429952854,204.1,18425831424,55220916224,105,1851.0,13.5,30446075904,70555181056,97,15456165888,1241108480,67.0,52.068,73.875,
59730504201748,16.48393783,203.8,18425831424,55220916224,105,1778.0,12.3,30445809664,70555447296,97,15456165888,1241108480,69.0,52.071,73.625,
59730558389084,16.538125166,202.9,18425831424,55220916224,105,1768.0,13.2,30445809664,70555447296,97,15456165888,1241108480,68.0,52.075,73.5,
59730612222195,16.591958277,223.0,18425831424,55220916224,105,1799.0,11.7,30446067712,70555189248,97,15456165888,1241108480,69.0,52.062,73.375,
59730666297831,16.646033913,203.3,18425835520,55220916224,105,1818.0,11.9,30445805568,70555451392,98,15456165888,1241108480,68.0,52.07,73.25,
59730721386781,16.701122863,199.9,18425835520,55220916224,105,1826.0,11.0,30445805568,70555451392,98,15456165888,1241108480,68.0,52.047,73.125,
59730775207658,16.75494374,223.1,18425835520,55220916224,105,1814.0,11.0,30445805568,70555451392,98,15456165888,1241108480,68.0,52.075,73.0,
59730830401826,16.810137908,199.1,18425839616,55220916224,105,1830.0,11.9,30445805568,70555451392,98,15456165888,1241108480,68.0,52.055,72.875,
59730884290240,16.864026322,204.0,18425839616,55220916224,105,1814.0,10.9,30347902976,70653353984,98,15456165888,1241108480,68.0,52.074,72.75,
59730938170119,16.917906201,204.3,18425839616,55220916224,105,1859.0,11.8,30330867712,70670389248,98,15456165888,1241108480,68.0,52.065,72.625,
59730992350582,16.972086664,203.0,18425839616,55220916224,105,1865.0,10.3,30330863616,70670393344,98,15456165888,1241108480,68.0,52.071,72.5,
59731046275615,17.026011697,222.4,18425839616,55220916224,105,1821.0,11.6,30330863616,70670393344,98,15456165888,1241108480,68.0,52.075,72.375,
59731101376177,17.081112259,199.7,18425839616,55220916224,105,1830.0,13.6,30330605568,70670651392,98,15456165888,1241108480,68.0,52.066,72.25,
59731156528556,17.136264638,199.5,18425872384,55220916224,105,1807.0,10.5,30330343424,70670913536,98,15456198656,1241112576,66.0,52.044,72.25,
59731214717189,17.194453271,223.4,18425917440,55220981760,105,1835.0,11.6,30329819136,70671437824,98,15456198656,1241112576,68.0,52.056,72.125,
59731273041528,17.25277761,445.7,18426015744,55225176064,105,1749.0,29.5,30334271488,70666985472,98,15460392960,1241120768,67.0,52.074,72.0,
59731332227595,17.311963677,659.4,18426019840,55225176064,105,1775.0,15.0,30334271488,70666985472,98,15460392960,1241120768,68.0,52.056,71.875,
59731385488240,17.365224322,206.3,18426019840,55225176064,105,1786.0,12.1,30334259200,70666997760,98,15460392960,1241120768,68.0,52.078,71.75,
59731439349674,17.419085756,222.8,18426019840,55225176064,105,1810.0,13.5,30333272064,70667984896,98,15460392960,1241120768,68.0,52.056,71.625,
59731493324250,17.473060332,203.6,18426019840,55225176064,105,1779.0,13.3,30332956672,70668300288,98,15460392960,1241120768,68.0,52.076,71.625,
59731547305188,17.52704127,185.4,18426019840,55225176064,105,1779.0,12.8,30330695680,70670561280,99,15460392960,1241120768,68.0,52.062,71.5,
59731601793619,17.581529701,220.2,18426019840,55225176064,105,1872.0,9.8,30330695680,70670561280,99,15460392960,1241120768,68.0,52.075,71.375,
59731655408489,17.635144571,205.0,18426023936,55225176064,105,1796.0,11.8,30330925056,70670331904,99,15460392960,1241120768,68.0,52.064,71.375,
59731711404092,17.691140174,214.5,18426023936,55225176064,105,1784.0,10.7,30330925056,70670331904,99,15460392960,1241120768,68.0,52.074,71.25,
59731765291504,17.745027586,204.0,18426023936,55225176064,105,1794.0,12.2,30330925056,70670331904,99,15460392960,1241120768,68.0,52.074,71.25,
59731819316124,17.799052206,203.6,18426023936,55225176064,105,1834.0,15.1,30330925056,70670331904,99,15460392960,1241120768,68.0,52.07,71.125,
59731873315446,17.853051528,203.6,18426023936,55225176064,105,1795.0,12.1,30294867968,70706388992,99,15460392960,1241120768,68.0,52.073,71.0,
59731928503271,17.908239353,199.3,18426023936,55225176064,105,1790.0,13.2,30208147456,70793109504,99,15460392960,1241120768,68.0,52.061,71.0,
59731982298961,17.962035043,223.1,18426023936,55225176064,105,1802.0,11.0,30207832064,70793424896,99,15460392960,1241120768,67.0,52.065,70.875,
59732038471997,18.018208079,213.7,18426023936,55225176064,105,1808.0,12.4,30208090112,70793166848,99,15460392960,1241120768,68.0,52.059,70.75,
59732092408561,18.072144643,204.0,18426023936,55225176064,105,1815.0,8.8,30208577536,70792679424,99,15460392960,1241120768,68.0,52.079,70.75,
59732146272970,18.126009052,204.1,18426023936,55225176064,105,1816.0,10.6,30208315392,70792941568,99,15460392960,1241120768,68.0,52.058,70.625,
59732200264898,18.18000098,203.8,18426023936,55225176064,105,1815.0,9.9,30208544768,70792712192,99,15460392960,1241120768,68.0,52.077,70.625,
59732254300268,18.23403635,203.5,18426023936,55225176064,105,1794.0,11.1,30208086016,70793170944,99,15460392960,1241120768,68.0,52.06,70.5,
59732308335929,18.288072011,203.3,18426023936,55225176064,105,1842.0,9.2,30208315392,70792941568,99,15460392960,1241120768,67.0,52.076,70.5,
59732362212831,18.341948913,204.5,18426023936,55225176064,105,1826.0,11.8,30207381504,70793875456,99,15460392960,1241120768,68.0,52.066,70.5,
59732417431955,18.397168037,217.3,18426023936,55225176064,105,1863.0,13.0,30207369216,70793887744,99,15460392960,1241120768,68.0,52.082,70.375,
59732471300291,18.451036373,222.8,18426023936,55225176064,105,1774.0,13.5,30207111168,70794145792,99,15460392960,1241120768,68.0,52.076,70.375,
59732525419088,18.50515517,203.2,18426023936,55225176064,105,1783.0,10.5,30207111168,70794145792,99,15460392960,1241120768,68.0,52.073,70.25,
59732579351704,18.559087786,203.9,18426023936,55225176064,105,1833.0,9.9,30206595072,70794661888,99,15460392960,1241120768,68.0,52.073,70.25,
59732633321520,18.613057602,203.9,18426023936,55225176064,105,1830.0,10.5,30206590976,70794665984,100,15460392960,1241120768,68.0,52.071,70.125,
59732690568915,18.670304997,209.5,18426023936,55225176064,105,1815.0,10.4,30206586880,70794670080,100,15460392960,1241120768,68.0,52.069,70.125,
59732744321052,18.724057134,204.7,18426028032,55225176064,105,1820.0,11.1,30206324736,70794932224,100,15460392960,1241120768,68.0,52.06,70.125,
59732798362423,18.778098505,203.4,18426028032,55225176064,105,1813.0,10.9,30206062592,70795194368,100,15460392960,1241120768,67.0,52.072,70.0,
59732853334993,18.833071075,218.2,18426028032,55225176064,105,1786.0,11.5,30205800448,70795456512,100,15460392960,1241120768,68.0,52.053,70.0,
59732907439462,18.887175544,203.5,18426028032,55225176064,105,1832.0,9.9,30137806848,70863450112,100,15460392960,1241120768,68.0,52.076,70.0,
59732961236274,18.940972356,204.4,18426028032,55225176064,105,1779.0,11.8,30103068672,70898188288,100,15460392960,1241120768,68.0,52.057,69.875,
59733015356603,18.995092685,221.8,18426028032,55225176064,105,1875.0,10.4,30102777856,70898479104,100,15460392960,1241120768,68.0,52.078,69.875,
59733069318194,19.049054276,203.9,18426028032,55225176064,105,1831.0,11.2,30099578880,70901678080,100,15456198656,1241120768,68.0,52.063,69.875,
59733123521949,19.103258031,202.9,18426028032,55225176064,105,1896.0,8.7,30099189760,70902067200,100,15456198656,1241120768,68.0,52.079,69.75,
59733179676891,19.159412973,195.9,18426028032,55225176064,105,1835.0,11.2,30098894848,70902362112,100,15456198656,1241120768,68.0,52.067,69.75,
59733233365840,19.213101922,223.6,18426028032,55225176064,105,1858.0,9.4,30099091456,70902165504,100,15456198656,1241120768,69.0,52.076,69.75,
59733287618968,19.26735505,202.7,18426032128,55225176064,105,1822.0,10.9,30098862080,70902394880,100,15456198656,1241120768,68.0,52.075,69.75,
59733343348300,19.323084382,197.4,18426032128,55225176064,105,1826.0,9.7,30098833408,70902423552,100,15456198656,1241120768,68.0,52.074,69.625,
59733397334007,19.377070089,203.8,18426032128,55225176064,105,1782.0,13.9,30090317824,70910939136,100,15456198656,1241120768,68.0,52.077,69.625,
59733451334260,19.431070342,222.2,18426032128,55225176064,105,1786.0,12.3,30090178560,70911078400,100,15456198656,1241120768,68.0,52.069,69.625,
59733505370932,19.485107014,203.6,18426032128,55225176064,105,1856.0,10.3,30090178560,70911078400,100,15456198656,1241120768,68.0,52.067,69.5,
59733559390962,19.539127044,203.6,18426032128,55225176064,105,1797.0,10.5,30089916416,70911340544,100,15456198656,1241120768,68.0,52.056,69.5,
59733613348435,19.593084517,204.1,18426032128,55225176064,105,1853.0,8.2,30090149888,70911107072,100,15456198656,1241120768,68.0,52.076,69.5,
59733666460098,19.64619618,207.0,18426032128,55225176064,105,1823.0,10.6,30090379264,70910877696,100,15456198656,1241120768,68.0,52.052,69.5,
59733720486100,19.700222182,222.1,18426032128,55225176064,105,1849.0,9.3,30090379264,70910877696,100,15456198656,1241120768,68.0,52.077,69.5,
59733775460663,19.755196745,200.0,18426032128,55225176064,105,1849.0,10.3,30089338880,70911918080,100,15456198656,1241120768,68.0,52.056,69.375,
59733829405131,19.809141213,204.0,18426040320,55225176064,105,1837.0,9.8,30050234368,70951022592,100,15456198656,1241120768,68.0,52.077,69.375,
59733884484261,19.864220343,199.6,18426040320,55225176064,105,1842.0,10.4,29987446784,71013810176,100,15456198656,1241120768,68.0,52.063,69.375,
59733938427557,19.918163639,222.5,18426040320,55225176064,105,1880.0,8.2,29987549184,71013707776,100,15456198656,1241120768,68.0,52.078,69.375,
59733994499112,19.974235194,196.1,18426040320,55225176064,105,1834.0,11.7,29978599424,71022657536,100,15456198656,1241120768,68.0,52.067,69.375,
59734048414055,20.028150137,204.1,18426040320,55225176064,105,1815.0,11.0,29978857472,71022399488,100,15460392960,1241120768,69.0,52.08,69.375,
59734102363933,20.082100015,222.3,18426040320,55225176064,105,1829.0,11.6,29979115520,71022141440,100,15460392960,1241120768,68.0,52.08,69.25,
59734156520329,20.136256411,203.2,18426040320,55225176064,105,1837.0,10.5,29978853376,71022403584,100,15460392960,1241120768,69.0,52.078,69.25,
59734212396747,20.192132829,214.8,18426040320,55225176064,105,1805.0,11.2,29979111424,71022145536,100,15460392960,1241120768,68.0,52.079,69.25,
59734266406558,20.24614264,203.7,18426040320,55225176064,105,1793.0,12.3,29979824128,71021432832,100,15460392960,1241120768,69.0,52.07,69.25,
59734320430386,20.300166468,203.6,18426040320,55225176064,105,1816.0,11.6,29980082176,71021174784,100,15460392960,1241120768,67.0,52.071,69.25,
59734374394791,20.354130873,222.4,18426044416,55225176064,105,1833.0,12.9,29980069888,71021187072,100,15460392960,1241120768,68.0,52.062,69.125,
59734428433677,20.408169759,203.6,18426048512,55225176064,105,1815.0,13.3,29980057600,71021199360,100,15460392960,1241120768,68.0,52.084,69.125,
59734482316589,20.462052671,204.1,18426048512,55225176064,105,1803.0,15.1,29973876736,71027380224,100,15460392960,1241120768,68.0,52.058,69.125,
59734536452016,20.516188098,184.7,18426048512,55225176064,105,1857.0,11.1,29973618688,71027638272,100,15460392960,1241120768,68.0,52.078,69.125,
59734590347962,20.570084044,222.7,18426048512,55225176064,105,1788.0,10.6,29974044672,71027212288,100,15460392960,1241120768,68.0,52.061,69.125,
59734644437012,20.624173094,203.6,18426048512,55225176064,105,1828.0,9.9,29974044672,71027212288,100,15460392960,1241120768,69.0,52.078,69.125,
59734701490651,20.681226733,210.2,18426048512,55225176064,105,1764.0,12.7,29973946368,71027310592,100,15460392960,1241120768,68.0,52.067,69.125,
59734755470505,20.735206587,203.7,18426048512,55225176064,105,1845.0,8.7,29974585344,71026671616,100,15460392960,1241120768,68.0,52.078,69.0,
59734811468180,20.791204262,214.2,18426048512,55225176064,105,1774.0,11.7,29961428992,71039827968,100,15460392960,1241120768,68.0,52.074,69.0,
59734865425873,20.845161955,203.9,18426048512,55225176064,105,1811.0,10.5,29918412800,71082844160,100,15460392960,1241120768,68.0,52.073,69.0,
59734919408512,20.899144594,222.4,18426101760,55229370368,105,1813.0,10.5,29889257472,71111999488,99,15464587264,1241112576,65.0,52.039,69.0,
59734973468687,20.953204769,203.5,18428669952,55233691648,105,1902.0,10.1,29890174976,71111081984,98,15466344448,1241112576,69.0,52.061,69.0,
59735029715551,21.009451633,977.2,18428678144,55233691648,105,1871.0,35.8,29881135104,71120121856,98,15466344448,1241112576,68.0,53.006,69.0,
59735083376175,21.063112257,205.0,18428678144,55233691648,105,1776.0,11.8,29881122816,71120134144,98,15466344448,1241112576,68.0,52.086,69.0,
59735137432793,21.117168875,203.5,18428678144,55233691648,105,1821.0,11.0,29881606144,71119650816,98,15466344448,1241112576,69.0,52.09,69.0,
59735193709503,21.173445585,230.9,18428678144,55233691648,105,1817.0,11.2,29878976512,71122280448,98,15466344448,1241112576,68.0,52.088,69.0,
59735247500913,21.227236995,185.9,18428678144,55233691648,105,1857.0,11.6,29878964224,71122292736,98,15466344448,1241112576,69.0,52.068,68.875,
59735301427808,21.28116389,203.9,18428678144,55233691648,105,1852.0,9.8,29878636544,71122620416,99,15466344448,1241112576,67.0,52.075,68.875,
59735356482181,21.336218263,218.0,18428678144,55233691648,105,1838.0,12.1,29878468608,71122788352,99,15466344448,1241112576,68.0,52.054,68.875,
59735410495307,21.390231389,203.7,18428678144,55233691648,105,1815.0,12.2,29878456320,71122800640,99,15466344448,1241112576,68.0,52.083,68.875,
59735464459001,21.444195083,203.8,18428682240,55233691648,105,1789.0,14.0,29880004608,71121252352,99,15466344448,1241112576,68.0,52.059,68.875,
59735518474261,21.498210343,203.7,18428682240,55233691648,105,1845.0,10.5,29880520704,71120736256,99,15466344448,1241112576,68.0,52.076,68.875,
59735572379856,21.552115938,222.9,18428682240,55233691648,105,1790.0,12.4,29880520704,71120736256,99,15466344448,1241112576,68.0,52.064,68.875,
59735625677818,21.6054139,206.1,18428682240,55233691648,105,1847.0,9.4,29880778752,71120478208,99,15466344448,1241112576,69.0,52.079,68.875,
59735681268518,21.6610046,197.9,18428682240,55233691648,105,1834.0,11.9,29880778752,71120478208,99,15466344448,1241112576,68.0,52.068,68.875,
59735735472202,21.715208284,202.9,18428686336,55233691648,105,1800.0,11.4,29881008128,71120248832,99,15466344448,1241112576,68.0,52.078,68.875,
59735789480149,21.769216231,222.2,18428686336,55233691648,105,1790.0,11.7,29881008128,71120248832,99,15466344448,1241112576,68.0,52.081,68.875,
59735843474871,21.823210953,203.7,18428686336,55233691648,105,1788.0,11.7,29869539328,71131717632,99,15466344448,1241112576,68.0,52.073,68.875,
59735897536768,21.87727285,203.4,18428686336,55233691648,105,1788.0,11.4,29797941248,71203315712,99,15466344448,1241112576,68.0,52.08,68.875,
59735952596190,21.932332272,199.9,18428686336,55233691648,105,1854.0,11.0,29784248320,71217008640,99,15466344448,1241112576,69.0,52.065,68.75,
59736006480565,21.986216647,222.7,18428690432,55233691648,105,1798.0,11.6,29784219648,71217037312,99,15466344448,1241112576,68.0,52.079,68.75,
59736063549532,22.043285614,210.2,18428690432,55233691648,105,1813.0,11.6,29784707072,71216549888,99,15466344448,1241112576,69.0,52.069,68.75,
59736117555695,22.097291777,203.5,18428690432,55233691648,105,1832.0,9.2,29784510464,71216746496,99,15466344448,1241112576,67.0,52.081,68.75,
59736171446431,22.151182513,204.3,18428690432,55233691648,105,1850.0,10.6,29784739840,71216517120,99,15466344448,1241112576,68.0,52.064,68.75,
59736226610660,22.206346742,217.6,18428690432,55233691648,105,1834.0,10.3,29784997888,71216259072,99,15466344448,1241112576,68.0,52.085,68.75,
59736282413950,22.262150032,215.0,18428690432,55233691648,105,1861.0,11.8,29785251840,71216005120,99,15466344448,1241112576,68.0,52.061,68.75,
59736336529558,22.31626564,203.3,18428694528,55233691648,105,1844.0,9.9,29784854528,71216402432,99,15466344448,1241112576,68.0,52.083,68.75,
59736390450451,22.370186533,204.0,18428694528,55233691648,105,1831.0,13.4,29785067520,71216189440,100,15466344448,1241112576,68.0,52.067,68.75,
59736444515044,22.424251126,203.3,18428694528,55233691648,105,1849.0,12.8,29785034752,71216222208,100,15466344448,1241112576,68.0,52.084,68.75,
59736498488195,22.478224277,203.9,18428694528,55233691648,105,1764.0,14.5,29785034752,71216222208,100,15466344448,1241112576,68.0,52.07,68.75,
59736552622599,22.532358681,203.2,18428698624,55234740224,105,1848.0,9.3,29785006080,71216250880,100,15466344448,1241112576,69.0,52.083,68.75,
59736608574687,22.588310769,214.4,18428698624,55234740224,105,1819.0,11.2,29785235456,71216021504,100,15466344448,1241112576,68.0,52.074,68.75,
59736662598643,22.642334725,203.7,18428698624,55234740224,105,1832.0,8.8,29785235456,71216021504,100,15466344448,1241112576,69.0,52.079,68.75,
59736716396855,22.696132937,204.4,18428698624,55234740224,105,1779.0,11.6,29785464832,71215792128,100,15466344448,1241112576,68.0,52.084,68.75,
59736770511341,22.750247423,203.4,18428698624,55234740224,105,1848.0,9.3,29785464832,71215792128,100,15466344448,1241112576,69.0,52.076,68.75,
59736824524697,22.804260779,222.0,18428698624,55234740224,105,1830.0,9.3,29775089664,71226167296,100,15466344448,1241112576,68.0,52.083,68.75,
59736880616709,22.860352791,214.0,18428702720,55234740224,105,1832.0,10.1,29745725440,71255531520,100,15466344448,1241112576,69.0,52.076,68.75,
59736939646490,22.919382572,203.3,18428702720,55234740224,105,1835.0,9.0,29706727424,71294529536,100,15466344448,1241112576,68.0,52.08,68.75,
59736994689470,22.974425552,218.0,18428702720,55234740224,105,1823.0,10.3,29706399744,71294857216,100,15466344448,1241112576,69.0,52.068,68.75,
59737048604912,23.028340994,204.1,18428702720,55234740224,105,1833.0,9.4,29702692864,71298564096,100,15466344448,1241112576,68.0,52.084,68.75,
59737102563355,23.082299437,203.6,18428706816,55234740224,105,1804.0,13.7,29694693376,71306563584,100,15466344448,1241112576,68.0,52.063,68.75,
59737156563036,23.136299118,204.0,18428706816,55234740224,105,1828.0,9.8,29695152128,71306104832,100,15466344448,1241112576,68.0,52.084,68.75,
59737210564299,23.190300381,222.2,18428706816,55234740224,105,1842.0,10.7,29694824448,71306432512,100,15466344448,1241112576,68.0,52.061,68.75,
59737264525858,23.24426194,203.9,18428706816,55234740224,105,1844.0,9.2,29694197760,71307059200,100,15466344448,1241112576,68.0,52.081,68.75,
59737318492987,23.298229069,203.8,18428706816,55234740224,105,1832.0,11.7,29691936768,71309320192,100,15466344448,1241112576,68.0,52.06,68.75,
59737373645103,23.353381185,217.5,18428706816,55234740224,105,1841.0,11.9,29691908096,71309348864,100,15466344448,1241112576,68.0,52.082,68.75,
59737427567779,23.407303861,185.6,18428706816,55234740224,105,1764.0,13.5,29691826176,71309430784,100,15466344448,1241112576,68.0,52.072,68.75,
59737481560265,23.461296347,203.7,18428710912,55234740224,105,1869.0,12.1,29692260352,71308996608,100,15466344448,1241112576,68.0,52.084,68.75,
59737535683006,23.515419088,203.3,18428710912,55234740224,105,1829.0,10.5,29692518400,71308738560,100,15466344448,1241112576,68.0,52.071,68.75,
59737589675924,23.569412006,222.2,18428710912,55234740224,105,1833.0,10.0,29692747776,71308509184,100,15466344448,1241112576,68.0,52.08,68.75,
59737643551170,23.623287252,204.2,18428715008,55234740224,105,1841.0,10.6,29692747776,71308509184,100,15466344448,1241112576,68.0,52.08,68.75,
59737700826083,23.680562165,209.5,18428715008,55234740224,105,1862.0,9.9,29693263872,71307993088,100,15466344448,1241112576,68.0,52.077,68.75,
59737755533954,23.735270036,219.3,18428715008,55234740224,105,1847.0,10.9,29693460480,71307796480,100,15466344448,1241112576,68.0,52.083,68.75,
59737809641286,23.789377368,203.3,18428715008,55234740224,105,1852.0,10.5,29690363904,71310893056,100,15466344448,1241112576,68.0,52.074,68.75,
59737863580202,23.843316284,203.9,18428715008,55234740224,105,1846.0,10.9,29653524480,71347732480,100,15466344448,1241112576,68.0,52.082,68.75,
59737919623100,23.899359182,196.3,18428715008,55234740224,105,1841.0,10.9,29585780736,71415476224,100,15466344448,1241112576,69.0,52.068,68.75,
59737973637428,23.95337351,222.4,18428715008,55234740224,105,1824.0,9.3,29585940480,71415316480,100,15466344448,1241112576,68.0,52.079,68.75,
59738027661984,24.007398066,203.4,18428715008,55234740224,105,1847.0,11.0,29577736192,71423520768,100,15464247296,1241112576,68.0,52.06,68.75,
59738081554363,24.061290445,204.1,18428723200,55234740224,105,1871.0,8.2,29578481664,71422775296,100,15464247296,1241112576,68.0,52.08,68.75,
59738135567819,24.115303901,203.6,18428723200,55234740224,105,1801.0,12.7,29578448896,71422808064,100,15464247296,1241112576,68.0,52.059,68.75,
59738190764538,24.17050062,217.4,18428727296,55234740224,105,1826.0,10.3,29578674176,71422582784,100,15464247296,1241112576,68.0,52.08,68.75,
59738244603035,24.224339117,204.3,18428727296,55234740224,105,1839.0,11.7,29579157504,71422099456,100,15464247296,1241112576,68.0,52.059,68.75,
59738298561968,24.27829805,203.8,18428727296,55234740224,105,1846.0,10.3,29579386880,71421870080,100,15464247296,1241112576,68.0,52.079,68.75,
59738354664729,24.334400811,213.9,18428727296,55234740224,105,1768.0,13.0,29579091968,71422164992,100,15464247296,1241112576,68.0,52.065,68.75,
59738408637398,24.38837348,203.7,18428727296,55234740224,105,1857.0,12.4,29580619776,71420637184,100,15464247296,1241112576,68.0,52.083,68.75,
59738464743946,24.444480028,213.9,18428727296,55234740224,105,1779.0,13.8,29586034688,71415222272,100,15464247296,1241112576,68.0,52.069,68.75,
59738519690605,24.499426687,218.4,18428727296,55234740224,105,1842.0,10.5,29585948672,71415308288,100,15464247296,1241112576,68.0,52.078,68.75,
59738573616536,24.553352618,204.0,18428731392,55234740224,105,1775.0,12.6,29585948672,71415308288,100,15464247296,1241112576,68.0,52.08,68.75,
59738627613600,24.607349682,203.7,18428735488,55234740224,105,1835.0,11.6,29585948672,71415308288,100,15464247296,1241112576,68.0,52.072,68.75,
59738681600255,24.661336337,203.8,18428735488,55234740224,105,1799.0,12.1,29585948672,71415308288,100,15464247296,1241112576,68.0,52.069,68.75,
59738739041280,24.718777362,939.9,18428755968,55234740224,105,1825.0,35.6,29585686528,71415570432,100,15464247296,1241112576,68.0,52.074,68.75,
59738792716590,24.772452672,223.6,18428755968,55234740224,105,1930.0,9.4,29585686528,71415570432,100,15464247296,1241112576,68.0,52.078,68.75,
59738846593259,24.826329341,204.1,18428755968,55234740224,105,1901.0,11.1,29553467392,71447789568,100,15464247296,1241112576,69.0,52.061,68.75,
59738900657229,24.880393311,203.6,18428755968,55234740224,105,1921.0,9.9,29519114240,71482142720,100,15464247296,1241112576,68.0,52.079,68.75,
59738955653781,24.935389863,200.1,18428755968,55234740224,105,1901.0,10.9,29519847424,71481409536,100,15464247296,1241112576,68.0,52.058,68.75,
59739009533535,24.989269617,222.8,18428755968,55234740224,105,1930.0,10.6,29520105472,71481151488,100,15464247296,1241112576,68.0,52.081,68.75,
59739062695902,25.042431984,206.5,18428755968,55234740224,105,1893.0,12.2,29519818752,71481438208,100,15464247296,1241112576,68.0,52.064,68.75,
59739116756185,25.096492267,203.6,18428755968,55234740224,105,1895.0,9.9,29519679488,71481577472,100,15464247296,1241112576,68.0,52.08,68.75,
59739170827008,25.15056309,203.5,18428760064,55234740224,105,1832.0,11.2,29519679488,71481577472,100,15464247296,1241112576,68.0,52.068,68.75,
59739224701503,25.204437585,204.2,18428760064,55234740224,105,1938.0,9.3,29520166912,71481090048,100,15464247296,1241112576,69.0,52.082,68.75,
59739280584620,25.260320702,214.6,18428760064,55234740224,105,1924.0,12.3,29520166912,71481090048,100,15464247296,1241112576,68.0,52.073,68.75,
59739334650043,25.314386125,203.5,18428760064,55234740224,105,1911.0,9.4,29519904768,71481352192,100,15464247296,1241112576,68.0,52.079,68.75,
59739388614136,25.368350218,222.3,18428760064,55234740224,105,1873.0,12.7,29519863808,71481393152,100,15464247296,1241112576,69.0,52.082,68.75,
59739442639283,25.422375365,203.7,18428764160,55234740224,105,1808.0,12.8,29519831040,71481425920,100,15464247296,1241112576,68.0,52.078,68.75,
59739496656806,25.476392888,203.6,18428764160,55234740224,105,1886.0,13.5,29520089088,71481167872,100,15464247296,1241112576,68.0,52.081,68.75,
59739550651926,25.530388008,203.9,18428764160,55234740224,105,1945.0,10.5,29520089088,71481167872,100,15464247296,1241112576,69.0,52.066,68.75,
59739603618394,25.583354476,188.7,18428764160,55234740224,105,1894.0,9.5,29519572992,71481683968,100,15464247296,1241112576,68.0,52.079,68.75,
59739658778584,25.638514666,217.5,18428764160,55234740224,105,1902.0,11.4,29520285696,71480971264,100,15464247296,1241112576,68.0,52.061,68.75,
59739712638310,25.692374392,204.3,18428768256,55234740224,105,1834.0,9.3,29520285696,71480971264,100,15464247296,1241112576,68.0,52.078,68.75,
59739766681210,25.746417292,203.3,18428768256,55234740224,105,1847.0,11.1,29520285696,71480971264,100,15464247296,1241112576,68.0,52.055,68.75,
59739820668876,25.800404958,203.9,18428768256,55234740224,105,1886.0,9.3,29520515072,71480741888,100,15464247296,1241112576,69.0,52.08,68.75,
59739875741531,25.855477613,235.9,18428768256,55234740224,105,1878.0,10.9,29490774016,71510482944,100,15464247296,1241112576,68.0,52.059,68.75,
59739929669114,25.909405196,185.5,18428768256,55234740224,105,1896.0,9.9,29471744000,71529512960,100,15464247296,1241112576,68.0,52.079,68.75,
59739983575989,25.963312071,204.0,18428768256,55234740224,105,1864.0,11.7,29471744000,71529512960,100,15464247296,1241112576,68.0,52.064,68.625,
59740037736290,26.017472372,203.2,18428772352,55234740224,105,1901.0,9.2,29468622848,71532634112,100,15464247296,1241112576,69.0,52.081,68.75,
59740091603470,26.071339552,204.1,18428772352,55234740224,105,1916.0,9.9,29468360704,71532896256,100,15464247296,1241112576,68.0,52.074,68.75,
59740145675825,26.125411907,222.1,18428772352,55234740224,105,1915.0,9.2,29468590080,71532666880,100,15464247296,1241112576,69.0,52.084,68.75,
59740199673561,26.179409643,203.6,18428772352,55234740224,105,1830.0,10.4,29468102656,71533154304,100,15464247296,1241112576,67.0,52.082,68.75,
59740253741378,26.23347746,203.5,18428776448,55234740224,105,1896.0,9.2,29468332032,71532924928,100,15464247296,1241112576,68.0,52.08,68.75,
59740307670304,26.287406386,204.0,18428776448,55234740224,105,1812.0,9.4,29467582464,71533674496,100,15464247296,1241112576,68.0,52.085,68.75,
59740361644034,26.341380116,222.3,18428776448,55234740224,105,1888.0,11.0,29467324416,71533932544,100,15464247296,1241112576,68.0,52.075,68.75,
59740415801610,26.395537692,203.1,18428776448,55234740224,105,1883.0,12.1,29467312128,71533944832,100,15464247296,1241112576,68.0,52.086,68.75,
59740469684990,26.449421072,204.3,18428780544,55234740224,105,1879.0,12.9,29467541504,71533715456,100,15464247296,1241112576,68.0,52.067,68.75,
59740523658199,26.503394281,204.0,18428780544,55234740224,105,1813.0,8.8,29467770880,71533486080,100,15464247296,1241112576,68.0,52.082,68.75,
59740576588438,26.55632452,207.6,18428784640,55234740224,105,1838.0,12.3,29468000256,71533256704,100,15464247296,1241112576,68.0,52.059,68.75,
59740630814722,26.610550804,202.8,18428784640,55234740224,105,1866.0,9.2,29467742208,71533514752,100,15464247296,1241112576,68.0,52.08,68.75,
59740684667104,26.664403186,204.3,18428784640,55234740224,105,1804.0,9.9,29467971584,71533285376,100,15464247296,1241112576,68.0,52.06,68.75,
59740738716977,26.718453059,222.1,18428784640,55234740224,105,1847.0,9.3,29467971584,71533285376,100,15464247296,1241112576,68.0,52.081,68.75,
59740792691658,26.77242774,203.8,18428788736,55234740224,105,1790.0,10.4,29463764992,71537491968,100,15464247296,1241112576,68.0,52.064,68.75,
59740846725952,26.826462034,203.4,18428788736,55234740224,105,1923.0,8.1,29463732224,71537524736,100,15464247296,1241112576,68.0,52.085,68.75,
59740900732924,26.880469006,203.8,18428788736,55234740224,105,1898.0,10.5,29418426368,71582830592,100,15464247296,1241112576,68.0,52.07,68.75,
59740954667671,26.934403753,204.1,18428788736,55234740224,105,1937.0,8.7,29417889792,71583367168,100,15464247296,1241112576,68.0,52.08,68.75,
59741008660717,26.988396799,203.6,18428788736,55234740224,105,1904.0,10.4,29418893312,71582363648,100,15464247296,1241112576,68.0,52.077,68.75,
59741062654254,27.042390336,222.5,18428788736,55234740224,105,1923.0,9.4,29418520576,71582736384,100,15460052992,1241112576,68.0,52.077,68.75,
59741115667549,27.095403631,207.5,18428788736,55234740224,105,1960.0,9.5,29418520576,71582736384,100,15460052992,1241112576,68.0,52.081,68.75,
59741170962190,27.150698272,198.8,18428792832,55234740224,105,1922.0,9.7,29418749952,71582507008,100,15460052992,1241112576,69.0,52.071,68.75,
59741223727410,27.203463492,208.5,18428792832,55234740224,105,1907.0,10.6,29418979328,71582277632,100,15460052992,1241112576,68.0,52.081,68.75,
59741276652099,27.256388181,189.0,18428792832,55234740224,105,1855.0,9.5,29419466752,71581790208,100,15460052992,1241112576,68.0,52.064,68.75,
59741329645426,27.309381508,207.8,18428796928,55234740224,105,1905.0,8.3,29419720704,71581536256,100,15460052992,1241112576,68.0,52.079,68.75,
59741382687085,27.362423167,207.2,18428796928,55234740224,105,1933.0,11.2,29419950080,71581306880,100,15460052992,1241112576,68.0,52.056,68.75,
59741435736108,27.41547219,226.1,18428796928,55234740224,105,1821.0,12.4,29419913216,71581343744,100,15460052992,1241112576,68.0,52.085,68.75,
59741488768759,27.468504841,188.9,18428796928,55234740224,105,1864.0,11.4,29419884544,71581372416,100,15460052992,1241112576,68.0,52.061,68.75,
59741541764801,27.521500883,207.0,18428796928,55234740224,105,1861.0,9.3,29419864064,71581392896,100,15460052992,1241112576,68.0,52.078,68.75,
59741594827179,27.574563261,207.9,18428796928,55234740224,105,1771.0,11.4,29419298816,71581958144,100,15460052992,1241112576,68.0,52.066,68.75,
59741647671797,27.627407879,208.2,18428796928,55234740224,105,1899.0,9.5,29419528192,71581728768,100,15460052992,1241112576,68.0,52.08,68.75,
59741700738352,27.680474434,207.0,18428801024,55234740224,105,1829.0,9.9,29419757568,71581499392,100,15460052992,1241112576,68.0,52.077,68.75,
59741753789628,27.73352571,207.3,18428801024,55234740224,105,1886.0,9.4,29419102208,71582154752,100,15460052992,1241112576,69.0,52.076,68.75,
59741807986546,27.787722628,202.9,18428801024,55234740224,105,1852.0,9.2,29419102208,71582154752,100,15460052992,1241112576,68.0,52.082,68.75,
59741861819441,27.841555523,204.6,18428805120,55234740224,105,1860.0,9.4,29398687744,71602569216,100,15460052992,1241112576,69.0,52.074,68.75,
59741915685548,27.89542163,222.7,18428805120,55234740224,105,1872.0,9.9,29386665984,71614590976,100,15460052992,1241112576,68.0,52.08,68.75,
59741971912601,27.951648683,195.7,18428805120,55234740224,105,1903.0,9.6,29384114176,71617142784,100,15460052992,1241112576,68.0,52.068,68.75,
59742025718474,28.005454556,204.4,18428805120,55234740224,105,1898.0,10.3,29376892928,71624364032,100,15464247296,1241112576,68.0,52.08,68.75,
59742079893913,28.059629995,221.3,18428805120,55234740224,105,1921.0,9.9,29376757760,71624499200,100,15464247296,1241112576,68.0,52.061,68.75,
59742133770570,28.113506652,204.6,18428805120,55234740224,105,1916.0,8.8,29376724992,71624531968,100,15464247296,1241112576,68.0,52.082,68.75,
59742187843455,28.167579537,203.2,18428805120,55234740224,105,1902.0,11.0,29376720896,71624536064,100,15464247296,1241112576,68.0,52.058,68.75,
59742241803519,28.221539601,185.5,18428805120,55234740224,105,1847.0,9.8,29369208832,71632048128,100,15464247296,1241112576,68.0,52.081,68.75,
59742295757671,28.275493753,240.7,18428809216,55234740224,105,1876.0,10.5,29369208832,71632048128,100,15464247296,1241112576,68.0,52.059,68.75,
59742349807193,28.329543275,185.1,18428809216,55234740224,105,1829.0,9.9,29368909824,71632347136,100,15464247296,1241112576,68.0,52.08,68.75,
59742403766224,28.383502306,204.0,18428821504,55234740224,105,1838.0,14.8,29368639488,71632617472,100,15464247296,1241112576,68.0,52.069,68.75,
59742461288480,28.441024562,1025.6,18428833792,55234740224,105,1931.0,39.4,29368381440,71632875520,100,15464247296,1241112576,69.0,52.092,68.75,
59742514779211,28.494515293,224.2,18428833792,55234740224,105,1891.0,12.3,29368381440,71632875520,100,15464247296,1241112576,68.0,52.081,68.75,
59742568745807,28.548481889,203.8,18428833792,55234740224,105,1922.0,9.9,29368586240,71632670720,100,15464247296,1241112576,68.0,52.073,68.75,
59742622758629,28.602494711,203.6,18428833792,55234740224,105,1903.0,10.4,29368586240,71632670720,100,15464247296,1241112576,68.0,52.08,68.75,
59742676788824,28.656524906,203.7,18428833792,55234740224,105,1848.0,11.7,29368844288,71632412672,100,15464247296,1241112576,69.0,52.069,68.75,
59742730768814,28.710504896,222.5,18428833792,55234740224,105,1911.0,9.3,29368811520,71632445440,100,15464247296,1241112576,68.0,52.078,68.75,
59742783841390,28.763577472,207.2,18428833792,55234740224,105,1879.0,10.8,29366906880,71634350080,100,15464247296,1241112576,68.0,52.061,68.75,
59742837743003,28.817479085,185.4,18428833792,55234740224,105,1834.0,10.3,29365993472,71635263488,100,15464247296,1241112576,68.0,52.079,68.75,
59742892871241,28.872607323,217.7,18428833792,55234740224,105,1803.0,11.9,29337739264,71663517696,100,15464247296,1241112576,68.0,52.058,68.75,
59742946834340,28.926570422,203.9,18428837888,55234740224,105,1900.0,9.4,29332357120,71668899840,100,15464247296,1241112576,68.0,52.08,68.75,
59743000664449,28.980400531,222.8,18428837888,55234740224,105,1930.0,11.6,29332295680,71668961280,100,15464247296,1241112576,68.0,52.059,68.75,
59743054796745,29.034532827,203.3,18428841984,55234740224,105,1874.0,10.3,29332037632,71669219328,100,15464247296,1241112576,68.0,52.08,68.75,
59743108763311,29.088499393,203.7,18428841984,55234740224,105,1845.0,11.2,29332267008,71668989952,100,15464247296,1241112576,68.0,52.07,68.75,
59743162808874,29.142544956,185.1,18428841984,55234740224,105,1900.0,9.3,29331988480,71669268480,100,15464247296,1241112576,69.0,52.089,68.75,
59743217966698,29.19770278,217.3,18428841984,55234740224,105,1859.0,12.0,29332217856,71669039104,100,15464247296,1241112576,68.0,52.079,68.75,
59743270805685,29.250541767,208.4,18428841984,55234740224,105,1907.0,9.5,29332217856,71669039104,100,15464247296,1241112576,69.0,52.084,68.75,
59743323836702,29.303572784,207.3,18428841984,55234740224,105,1862.0,10.7,29332475904,71668781056,100,15464247296,1241112576,68.0,52.087,68.75,
59743376777541,29.356513623,207.9,18428841984,55234740224,105,1856.0,10.7,29332705280,71668551680,100,15464247296,1241112576,68.0,52.074,68.75,
59743429897636,29.409633718,206.9,18428841984,55234740224,105,1833.0,13.5,29332946944,71668310016,100,15464247296,1241112576,68.0,52.086,68.75,
59743483865874,29.463601956,185.1,18428846080,55234740224,105,1832.0,12.7,29332946944,71668310016,100,15464247296,1241112576,68.0,52.064,68.75,
59743536939972,29.516676054,226.4,18428846080,55234740224,105,1843.0,9.5,29332946944,71668310016,100,15464247296,1241112576,68.0,52.083,68.75,
59743590841785,29.570577867,204.1,18428846080,55234740224,105,1785.0,11.0,29332684800,71668572160,100,15464247296,1241112576,68.0,52.063,68.75,
59743643823710,29.623559792,207.6,18428850176,55234740224,105,1826.0,9.5,29332914176,71668342784,100,15464247296,1241112576,68.0,52.085,68.75,
59743696709545,29.676445627,189.2,18428850176,55234740224,105,1847.0,11.2,29332914176,71668342784,100,15464247296,1241112576,68.0,52.066,68.75,
59743750128952,29.729865034,205.8,18428850176,55234740224,105,1907.0,9.3,29333143552,71668113408,100,15464247296,1241112576,69.0,52.084,68.75,
59743805941805,29.785677887,233.1,18428850176,55234740224,105,1826.0,11.3,29331189760,71670067200,100,15464247296,1241112576,68.0,52.072,68.75,
59743858911307,29.838647389,188.7,18428850176,55234740224,105,1870.0,10.7,29326893056,71674363904,100,15464247296,1241112576,69.0,52.082,68.75,
59743911838188,29.89157427,207.9,18428850176,55234740224,105,1814.0,11.8,29287788544,71713468416,100,15464247296,1241112576,69.0,52.085,68.75,
59743964811046,29.944547128,189.0,18428850176,55234740224,105,1830.0,11.3,29288017920,71713239040,100,15464247296,1241112576,68.0,52.074,68.75,
59744017864636,29.997600718,207.0,18428854272,55234740224,105,1856.0,10.1,29285470208,71715786752,100,15464247296,1241112576,68.0,52.082,68.75,
59744071920258,30.05165634,222.0,18428854272,55234740224,105,1880.0,9.9,29285470208,71715786752,100,15464247296,1241112576,68.0,52.064,68.75,
59744124784863,30.104520945,208.3,18428854272,55234740224,105,1877.0,8.3,29285957632,71715299328,100,15464247296,1241112576,68.0,52.081,68.75,
59744177859371,30.157595453,207.2,18428854272,55234740224,105,1870.0,10.6,29286187008,71715069952,100,15464247296,1241112576,68.0,52.055,68.75,
59744230809076,30.210545158,188.9,18428858368,55234740224,105,1874.0,9.0,29286445056,71714811904,100,15464247296,1241112576,68.0,52.082,68.75,
59744283751226,30.263487308,207.6,18428858368,55234740224,105,1893.0,10.0,29286711296,71714545664,100,15464247296,1241112576,68.0,52.061,68.75,
59744336811288,30.31654737,207.2,18428858368,55234740224,105,1884.0,10.5,29286678528,71714578432,100,15464247296,1241112576,68.0,52.081,68.75,
59744389921895,30.369657977,207.2,18428858368,55234740224,105,1880.0,10.7,29286137856,71715119104,100,15464247296,1241112576,68.0,52.07,68.75,
59744442813400,30.422549482,208.1,18428858368,55234740224,105,1931.0,11.9,29286367232,71714889728,100,15464247296,1241112576,69.0,52.084,68.75,
59744495856990,30.475593072,207.3,18428858368,55234740224,105,1863.0,12.9,29286367232,71714889728,100,15464247296,1241112576,68.0,52.08,68.75,
59744549948339,30.529684421,203.2,18428862464,55234740224,105,1904.0,8.7,29286596608,71714660352,100,15464247296,1241112576,69.0,52.075,68.75,
59744603921125,30.583657207,203.9,18428862464,55234740224,105,1829.0,9.8,29286338560,71714918400,100,15464247296,1241112576,68.0,52.083,68.75,
59744658100149,30.637836231,203.1,18428862464,55234740224,105,1897.0,9.4,29286305792,71714951168,100,15464247296,1241112576,68.0,52.07,68.75,
59744711944133,30.691680215,204.6,18428862464,55234740224,105,1909.0,8.8,29286240256,71715016704,100,15464247296,1241112576,68.0,52.076,68.75,
59744764890721,30.744626803,207.7,18428866560,55234740224,105,1918.0,10.0,29286240256,71715016704,100,15464247296,1241112576,68.0,52.061,68.75,
59744818821979,30.798558061,204.0,18428866560,55234740224,105,1866.0,9.9,29286240256,71715016704,100,15464247296,1241112576,68.0,52.081,68.75,
59744872857152,30.852593234,222.0,18428866560,55234740224,105,1843.0,9.9,29261414400,71739842560,100,15464247296,1241112576,68.0,52.06,68.75,
59744925913296,30.905649378,188.5,18428866560,55234740224,105,1852.0,8.4,29244116992,71757139968,100,15464247296,1241112576,68.0,52.082,68.75,
59744979941526,30.959677608,203.6,18428866560,55234740224,105,1896.0,9.8,29242654720,71758602240,100,15464247296,1241112576,68.0,52.063,68.75,
59745032890058,31.01262614,207.8,18428870656,55234740224,105,1874.0,8.7,29243166720,71758090240,100,15464247296,1241112576,68.0,52.081,68.75,
59745087877230,31.067613312,218.2,18428874752,55234740224,105,1912.0,10.5,29242642432,71758614528,100,15464247296,1241112576,68.0,52.072,68.75,
59745140859435,31.120595517,207.7,18428874752,55234740224,105,1932.0,8.8,29242609664,71758647296,100,15464247296,1241112576,69.0,52.084,68.75,
59745193849755,31.173585837,207.5,18428874752,55234740224,105,1874.0,10.1,29243613184,71757643776,100,15464247296,1241112576,68.0,52.083,68.75,
59745246855865,31.226591947,188.7,18428874752,55234740224,105,1872.0,8.3,29243613184,71757643776,100,15464247296,1241112576,68.0,52.079,68.75,
59745299839633,31.279575715,207.5,18428874752,55234740224,105,1884.0,8.9,29243514880,71757742080,100,15464247296,1241112576,68.0,52.084,68.75,
59745354043192,31.333779274,221.3,18428878848,55234740224,105,1855.0,10.9,29243514880,71757742080,100,15464247296,1241112576,69.0,52.073,68.75,
59745407998295,31.387734377,203.7,18428878848,55234740224,105,1878.0,11.4,29241655296,71759601664,100,15464247296,1241112576,69.0,52.086,68.75,
59745462876883,31.442612965,200.7,18428878848,55234740224,105,1883.0,12.7,29241655296,71759601664,100,15464247296,1241112576,68.0,52.068,68.75,
59745517842153,31.497578235,200.2,18428878848,55234740224,105,1876.0,8.7,29241884672,71759372288,100,15464247296,1241112576,68.0,52.082,68.75,
59745570871987,31.550608069,207.4,18428878848,55234740224,105,1879.0,10.1,29241507840,71759749120,100,15464247296,1241112576,68.0,52.059,68.75,
59745623950362,31.603686444,207.1,18428882944,55234740224,105,1869.0,8.2,29241761792,71759495168,100,15464247296,1241112576,68.0,52.083,68.75,
59745679837795,31.659573877,214.5,18428882944,55234740224,105,1870.0,10.7,29241761792,71759495168,100,15464247296,1241112576,68.0,52.059,68.75,
59745733852138,31.71358822,203.7,18428882944,55234740224,105,1871.0,10.2,29241761792,71759495168,100,15464247296,1241112576,68.0,52.082,68.75,
59745788826495,31.768562577,218.4,18428882944,55234740224,105,1865.0,10.4,29241499648,71759757312,100,15464247296,1241112576,68.0,52.067,68.75,
59745843035775,31.822771857,202.6,18428882944,55234740224,105,1857.0,8.6,29241499648,71759757312,100,15464247296,1241112576,68.0,52.081,68.75,
59745900098676,31.879834758,228.2,18428882944,55234740224,105,1845.0,11.7,29219807232,71781449728,100,15464247296,1241112576,68.0,52.069,68.75,
59745954095216,31.933831298,203.8,18428887040,55234740224,105,1869.0,8.7,29163835392,71837421568,100,15464247296,1241112576,69.0,52.08,68.75,
59746007988572,31.987724654,204.0,18428887040,55234740224,105,1863.0,11.0,29154140160,71847116800,100,15464247296,1241112576,68.0,52.075,68.75,
59746061915321,32.041651403,203.9,18428887040,55234740224,105,1863.0,11.0,29154598912,71846658048,100,15462150144,1241112576,69.0,52.078,68.75,
59746115992643,32.095728725,203.5,18428891136,55234740224,105,1823.0,11.5,29155627008,71845629952,100,15462150144,1241112576,68.0,52.08,68.75,
59746173207249,32.152943331,961.4,18428903424,55234740224,105,1905.0,36.5,29155618816,71845638144,100,15462150144,1241112576,68.0,52.086,68.75,
59746226912241,32.206648323,204.8,18428903424,55234740224,105,1871.0,11.0,29155356672,71845900288,100,15462150144,1241112576,68.0,52.088,68.75,
59746281013148,32.26074923,203.2,18428903424,55234740224,105,1857.0,12.3,29155586048,71845670912,100,15462150144,1241112576,68.0,52.069,68.75,
59746335019837,32.314755919,203.9,18428903424,55234740224,105,1851.0,9.3,29155160064,71846096896,100,15462150144,1241112576,68.0,52.085,68.75,
59746388964349,32.368700431,203.8,18428903424,55234740224,105,1812.0,13.5,29155160064,71846096896,100,15462150144,1241112576,68.0,52.064,68.75,
59746442924431,32.422660513,222.3,18428903424,55234740224,105,1841.0,12.7,29155377152,71845879808,100,15462150144,1241112576,68.0,52.09,68.75,
59746496992625,32.476728707,203.4,18428903424,55234740224,105,1882.0,12.8,29155377152,71845879808,100,15462150144,1241112576,68.0,52.065,68.75,
59746550913322,32.530649404,204.1,18428903424,55234740224,105,1865.0,9.9,29155377152,71845879808,100,15462150144,1241112576,69.0,52.083,68.75,
59746606088807,32.585824889,199.3,18428903424,55234740224,105,1861.0,11.9,29155377152,71845879808,100,15462150144,1241112576,68.0,52.068,68.75,
59746659975931,32.639712013,204.2,18428907520,55234740224,105,1894.0,9.4,29155377152,71845879808,100,15462150144,1241112576,68.0,52.084,68.75,
59746714035910,32.693771992,221.9,18428907520,55234740224,105,1835.0,12.8,29155377152,71845879808,100,15462150144,1241112576,68.0,52.075,68.75,
59746768024184,32.747760266,203.8,18428907520,55234740224,105,1868.0,10.5,29155606528,71845650432,100,15462150144,1241112576,69.0,52.082,68.75,
59746821971591,32.801707673,203.9,18428907520,55234740224,105,1783.0,11.6,29133459456,71867797504,100,15462150144,1241112576,68.0,52.082,68.75,
59746878011159,32.857747241,214.1,18428907520,55234740224,105,1847.0,11.2,29127421952,71873835008,100,15462150144,1241112576,69.0,52.079,68.75,
59746931949008,32.91168509,203.9,18428907520,55234740224,105,1843.0,11.0,29115789312,71885467648,100,15462150144,1241112576,68.0,52.084,68.75,
59746986019657,32.965755739,203.5,18428907520,55234740224,105,1766.0,12.7,29115527168,71885729792,100,15462150144,1241112576,69.0,52.074,68.75,
59747040024653,33.019760735,203.7,18428907520,55234740224,105,1795.0,9.4,29115707392,71885549568,100,15462150144,1241112576,68.0,52.082,68.75,
59747094036000,33.073772082,222.1,18428907520,55234740224,105,1816.0,12.8,29115420672,71885836288,100,15462150144,1241112576,68.0,52.067,68.75,
59747148030997,33.127767079,203.7,18428907520,55234740224,105,1888.0,8.8,29115904000,71885352960,100,15462150144,1241112576,68.0,52.08,68.75,
59747202232893,33.181968975,202.8,18428907520,55234740224,105,1854.0,12.8,29115641856,71885615104,100,15462150144,1241112576,68.0,52.059,68.75,
59747256068460,33.235804542,204.5,18428911616,55234740224,105,1840.0,11.0,29115613184,71885643776,100,15462150144,1241112576,68.0,52.083,68.875,
59747309993946,33.289730028,222.5,18428911616,55234740224,105,1801.0,12.6,29116096512,71885160448,100,15462150144,1241112576,68.0,52.06,68.75,
59747365203865,33.344939947,199.2,18428911616,55234740224,105,1809.0,11.0,29115834368,71885422592,100,15462150144,1241112576,68.0,52.083,68.875,
59747418942400,33.398678482,204.7,18428911616,55234740224,105,1743.0,12.9,29117562880,71883694080,100,15464247296,1241112576,68.0,52.069,68.875,
59747473057502,33.452793584,202.8,18428911616,55234740224,105,1820.0,14.1,29121662976,71879593984,100,15464247296,1241112576,68.0,52.08,68.875,
59747529042587,33.508778669,214.8,18428911616,55234740224,105,1826.0,12.9,29121921024,71879335936,100,15464247296,1241112576,68.0,52.07,68.875,
59747583030630,33.562766712,203.7,18428911616,55234740224,105,1848.0,11.5,29121662976,71879593984,100,15464247296,1241112576,69.0,52.082,68.875,
59747636973719,33.616709801,222.5,18428915712,55234740224,105,1818.0,11.6,29121634304,71879622656,100,15464247296,1241112576,68.0,52.078,68.875,
59747690954088,33.67069017,203.8,18428915712,55234740224,105,1826.0,9.9,29121376256,71879880704,100,15464247296,1241112576,68.0,52.077,68.875,
59747744085041,33.723821123,206.9,18428919808,55234740224,105,1841.0,10.7,29121376256,71879880704,100,15464247296,1241112576,68.0,52.083,68.875,
59747797991100,33.777727182,185.5,18428923904,55234740224,105,1841.0,11.7,29121376256,71879880704,100,15464247296,1241112576,69.0,52.071,68.875,
59747852018938,33.83175502,222.2,18428923904,55234740224,105,1841.0,9.9,29110542336,71890714624,100,15464247296,1241112576,68.0,52.077,68.875,
59747906026779,33.885762861,203.7,18428923904,55234740224,105,1865.0,11.1,29090750464,71910506496,100,15464247296,1241112576,69.0,52.062,68.875,
59747960038647,33.939774729,203.6,18428923904,55234740224,105,1832.0,9.2,29089320960,71911936000,100,15464247296,1241112576,68.0,52.08,68.875,
59748013908728,33.99364481,204.1,18428923904,55234740224,105,1779.0,12.3,29079871488,71921385472,100,15464247296,1241112576,68.0,52.06,68.875,
59748068034811,34.047770893,203.4,18428923904,55234740224,105,1852.0,10.5,29079662592,71921594368,100,15464247296,1241112576,68.0,52.081,68.875,
59748121980114,34.101716196,222.3,18428923904,55234740224,105,1851.0,9.8,29079564288,71921692672,100,15464247296,1241112576,68.0,52.068,68.875,
59748176072262,34.155808344,203.4,18428923904,55234740224,105,1881.0,9.3,29079564288,71921692672,100,15464247296,1241112576,68.0,52.086,68.875,
59748230067199,34.209803281,222.2,18428923904,55234740224,105,1853.0,10.5,29080080384,71921176576,100,15464247296,1241112576,68.0,52.072,68.875,
59748284114553,34.263850635,203.5,18428928000,55234740224,105,1922.0,8.7,29080309760,71920947200,100,15464247296,1241112576,68.0,52.088,68.875,
59748338079423,34.317815505,203.8,18428928000,55234740224,105,1861.0,10.4,29080305664,71920951296,100,15464247296,1241112576,68.0,52.077,68.875,
59748392073918,34.37181,185.2,18428932096,55234740224,105,1895.0,9.9,29080305664,71920951296,100,15464247296,1241112576,69.0,52.085,68.875,
59748446069015,34.425805097,222.2,18428932096,55234740224,105,1911.0,13.3,29080117248,71921139712,100,15464247296,1241112576,68.0,52.089,68.875,
59748499995522,34.479731604,204.0,18428932096,55234740224,105,1880.0,11.0,29080371200,71920885760,100,15464247296,1241112576,69.0,52.077,68.875,
59748554069937,34.533806019,221.9,18428932096,55234740224,105,1857.0,9.3,29080129536,71921127424,100,15464247296,1241112576,68.0,52.084,68.875,
59748610198050,34.589934132,196.0,18428932096,55234740224,105,1903.0,10.7,29080129536,71921127424,100,15464247296,1241112576,69.0,52.075,68.875,
59748664194188,34.64393027,203.7,18428932096,55234740224,105,1847.0,10.3,29080129536,71921127424,100,15464247296,1241112576,68.0,52.084,68.875,
59748719425045,34.699161127,217.3,18428932096,55234740224,105,1860.0,10.9,29080358912,71920898048,100,15464247296,1241112576,68.0,52.068,68.875,
59748773221739,34.752957821,204.5,18428932096,55234740224,105,1872.0,9.3,29080616960,71920640000,100,15464247296,1241112576,68.0,52.079,68.875,
59748827104053,34.806840135,204.1,18428936192,55234740224,105,1870.0,11.0,29078732800,71922524160,100,15464247296,1241112576,69.0,52.065,68.875,
59748881098758,34.86083484,203.8,18428936192,55234740224,105,1847.0,8.2,29062868992,71938387968,100,15464247296,1241112576,68.0,52.084,68.875,
59748935138848,34.91487493,222.1,18428940288,55234740224,105,1917.0,9.9,29042315264,71958941696,100,15464247296,1241112576,68.0,52.062,68.875,
59748988967171,34.968703253,204.4,18428940288,55234740224,105,1895.0,9.3,29041086464,71960170496,100,15464247296,1241112576,68.0,52.083,68.875,
59749042199394,35.021935476,187.8,18428940288,55234740224,105,1910.0,9.4,29038022656,71963234304,100,15462150144,1241112576,68.0,52.065,68.875,
59749096063554,35.075799636,204.4,18428940288,55234740224,105,1904.0,10.0,29037731840,71963525120,100,15462150144,1241112576,68.0,52.082,68.875,
59749150055073,35.129791155,222.2,18428940288,55234740224,105,1873.0,11.0,29037985792,71963271168,100,15462150144,1241112576,68.0,52.074,68.875,
59749204059387,35.183795469,203.9,18428940288,55234740224,105,1895.0,8.7,29038215168,71963041792,100,15462150144,1241112576,70.0,52.091,68.875,
59749257964674,35.237700756,204.0,18428940288,55234740224,105,1925.0,11.0,29038215168,71963041792,100,15462150144,1241112576,68.0,52.082,68.875,
59749310974118,35.2907102,207.6,18428940288,55234740224,105,1932.0,8.9,29038702592,71962554368,100,15462150144,1241112576,69.0,52.085,68.875,
59749364054486,35.343790568,207.0,18428944384,55234740224,105,1869.0,10.5,29038415872,71962841088,100,15462150144,1241112576,68.0,52.091,68.875,
59749418051856,35.397787938,203.8,18428944384,55234740224,105,1860.0,12.9,29038047232,71963209728,100,15462150144,1241112576,69.0,52.083,68.875,
59749472040890,35.451776972,202.6,18428944384,55234740224,105,1870.0,12.6,29037895680,71963361280,100,15462150144,1241112576,68.0,52.087,68.875,
59749526038410,35.505774492,205.0,18428948480,55234740224,105,1883.0,10.1,29038354432,71962902528,100,15462150144,1241112576,68.0,52.065,68.875,
59749579033617,35.558769699,207.6,18428948480,55234740224,105,1878.0,8.3,29038092288,71963164672,100,15462150144,1241112576,68.0,52.085,68.875,
59749632022613,35.611758695,207.6,18428948480,55234740224,105,1870.0,10.6,29038092288,71963164672,100,15462150144,1241112576,68.0,52.059,68.875,
59749685076891,35.664812973,188.5,18428948480,55234740224,105,1884.0,8.3,29038321664,71962935296,100,15462150144,1241112576,68.0,52.085,68.875,
59749738047001,35.717783083,226.5,18428948480,55234740224,105,1853.0,9.5,29038125056,71963131904,100,15462150144,1241112576,68.0,52.063,68.875,
59749794138885,35.773874967,213.9,18428948480,55234740224,105,1878.0,9.5,29038125056,71963131904,100,15462150144,1241112576,68.0,52.085,68.875,
59749847049654,35.826785736,189.0,18428956672,55234740224,105,1858.0,9.6,29023899648,71977357312,100,15462150144,1241112576,68.0,52.07,68.875,
59749903366992,35.883103074,994.4,18428973056,55234740224,105,1909.0,35.8,29000499200,72000757760,100,15462150144,1241112576,69.0,52.089,68.875,
59749957045473,35.936781555,204.7,18428973056,55234740224,105,1904.0,9.3,29000237056,72001019904,100,15462150144,1241112576,68.0,52.08,68.875,
59750011117252,35.990853334,222.1,18428973056,55234740224,105,1842.0,9.4,28999868416,72001388544,100,15462150144,1241112576,69.0,52.081,68.875,
59750065101958,36.04483804,203.7,18428973056,55234740224,105,1828.0,9.9,28999770112,72001486848,100,15466344448,1241112576,68.0,52.086,68.875,
59750119111721,36.098847803,203.7,18428973056,55234740224,105,1870.0,11.1,28999413760,72001843200,100,15466344448,1241112576,69.0,52.074,68.875,
59750172164226,36.151900308,207.3,18428973056,55234740224,105,1839.0,9.9,28999643136,72001613824,100,15466344448,1241112576,68.0,52.081,68.875,
59750226240334,36.205976416,203.3,18428973056,55234740224,105,1871.0,12.7,28999643136,72001613824,100,15466344448,1241112576,68.0,52.065,68.875,
59750280102019,36.259838101,204.3,18428977152,55234740224,105,1844.0,9.8,28999008256,72002248704,100,15466344448,1241112576,68.0,52.084,68.875,
59750334047340,36.313783422,203.8,18428977152,55234740224,105,1808.0,12.2,28999262208,72001994752,100,15466344448,1241112576,68.0,52.065,68.875,
59750388146231,36.367882313,221.8,18428977152,55234740224,105,1829.0,11.7,28999507968,72001748992,100,15466344448,1241112576,68.0,52.087,68.875,
59750442270028,36.42200611,203.3,18428981248,55234740224,105,1830.0,14.0,28997783552,72003473408,100,15466344448,1241112576,68.0,52.072,68.875,
59750496148284,36.475884366,204.2,18428981248,55234740224,105,1918.0,10.5,28997521408,72003735552,100,15466344448,1241112576,68.0,52.082,68.875,
59750550280326,36.530016408,203.1,18428981248,55234740224,105,1825.0,11.0,28997750784,72003506176,100,15466344448,1241112576,68.0,52.072,68.875,
59750604048815,36.583784897,204.7,18428981248,55234740224,105,1857.0,10.5,28997488640,72003768320,100,15466344448,1241112576,69.0,52.08,68.875,
59750657139601,36.636875683,226.1,18428981248,55234740224,105,1824.0,10.5,28997718016,72003538944,100,15466344448,1241112576,68.0,52.084,68.875,
59750711048905,36.690784987,204.0,18428981248,55234740224,105,1853.0,10.7,28997718016,72003538944,100,15466344448,1241112576,69.0,52.072,68.875,
59750764110156,36.743846238,207.3,18428981248,55234740224,105,1832.0,9.5,28997718016,72003538944,100,15466344448,1241112576,68.0,52.082,69.0,
59750818201632,36.797937714,203.3,18428981248,55234740224,105,1848.0,11.1,28988329984,72012926976,100,15466344448,1241112576,68.0,52.064,69.0,
59750871245169,36.850981251,188.5,18428985344,55234740224,105,1842.0,9.4,28967997440,72033259520,100,15466344448,1241112576,68.0,52.081,69.0,
59750924198758,36.90393484,207.7,18428985344,55234740224,105,1897.0,11.3,28964753408,72036503552,100,15466344448,1241112576,68.0,52.061,69.0,
59750977223460,36.956959542,226.4,18428989440,55234740224,105,1888.0,9.5,28964753408,72036503552,100,15466344448,1241112576,69.0,52.082,69.0,
59751031222963,37.010959045,203.7,18428989440,55234740224,105,1875.0,10.5,28964982784,72036274176,100,15466344448,1241112576,68.0,52.066,69.0,
59751084201228,37.06393731,207.5,18428989440,55234740224,105,1898.0,10.0,28963340288,72037916672,100,15466344448,1241112576,68.0,52.083,69.0,
59751138048014,37.117784096,204.3,18428989440,55234740224,105,1883.0,12.2,28963569664,72037687296,100,15466344448,1241112576,68.0,52.077,69.0,
59751191138069,37.170874151,188.4,18428989440,55234740224,105,1887.0,10.1,28964052992,72037203968,100,15466344448,1241112576,69.0,52.086,69.0,
59751247151937,37.226888019,232.1,18428989440,55234740224,105,1842.0,10.6,28963971072,72037285888,100,15466344448,1241112576,68.0,52.086,69.0,
59751300158224,37.279894306,188.5,18428989440,55234740224,105,1863.0,10.7,28963971072,72037285888,100,15466344448,1241112576,68.0,52.079,69.0,
59751354184377,37.333920459,203.7,18428989440,55234740224,105,1834.0,11.0,28964200448,72037056512,100,15466344448,1241112576,68.0,52.084,69.0,
59751407292085,37.387028167,225.8,18428989440,55234740224,105,1846.0,12.9,28964159488,72037097472,100,15466344448,1241112576,68.0,52.071,69.0,
59751461244720,37.440980802,203.9,18428993536,55234740224,105,1817.0,12.2,28963893248,72037363712,100,15466344448,1241112576,68.0,52.087,69.0,
59751515228494,37.494964576,203.8,18428997632,55234740224,105,1828.0,12.3,28964093952,72037163008,100,15466344448,1241112576,68.0,52.061,69.0,
59751569192079,37.548928161,203.7,18428997632,55234740224,105,1850.0,9.4,28962381824,72038875136,100,15466344448,1241112576,68.0,52.082,69.0,
59751623052420,37.602788502,204.3,18428997632,55234740224,105,1874.0,10.6,28962611200,72038645760,100,15466344448,1241112576,68.0,52.066,69.0,
59751676255888,37.65599197,206.8,18428997632,55234740224,105,1885.0,9.4,28962611200,72038645760,100,15466344448,1241112576,68.0,52.084,69.0,
59751730232187,37.709968269,203.7,18428997632,55234740224,105,1869.0,12.1,28962611200,72038645760,100,15466344448,1241112576,68.0,52.072,69.0,
59751784244534,37.763980616,222.1,18428997632,55234740224,105,1859.0,10.5,28962611200,72038645760,100,15466344448,1241112576,69.0,52.083,69.0,
59751839203599,37.818939681,200.1,18428997632,55234740224,105,1831.0,10.9,28951789568,72049467392,100,15466344448,1241112576,68.0,52.079,69.0,
59751894304501,37.874040583,199.7,18428997632,55234740224,105,1885.0,11.5,28926492672,72074764288,100,15466344448,1241112576,69.0,52.08,69.0,
59751948349099,37.928085181,203.5,18428997632,55234740224,105,1839.0,11.0,28926492672,72074764288,100,15466344448,1241112576,68.0,52.084,69.0,
59752002152403,37.981888485,204.5,18429001728,55234740224,105,1856.0,11.8,28926980096,72074276864,100,15466344448,1241112576,69.0,52.072,69.0,
59752056337114,38.036073196,221.4,18429009920,55234740224,105,1854.0,10.3,28926980096,72074276864,100,15466344448,1241112576,68.0,52.077,69.0,
59752110200270,38.089936352,204.3,18429009920,55234740224,105,1842.0,10.6,28926980096,72074276864,100,15466344448,1241112576,69.0,52.064,69.0,
59752164150481,38.143886563,204.0,18429009920,55234740224,105,1814.0,9.3,28926849024,72074407936,100,15466344448,1241112576,68.0,52.082,69.0,
59752219300535,38.199036617,217.5,18429009920,55234740224,105,1833.0,10.3,28926332928,72074924032,100,15466344448,1241112576,68.0,52.061,69.0,
59752273197385,38.252933467,204.1,18429009920,55234740224,105,1853.0,9.2,28926349312,72074907648,100,15466344448,1241112576,69.0,52.084,69.0,
59752327120023,38.306856105,204.2,18429009920,55234740224,105,1836.0,10.0,28926578688,72074678272,100,15466344448,1241112576,68.0,52.066,69.0,
59752382998125,38.362734207,214.0,18429009920,55234740224,105,1840.0,11.0,28925374464,72075882496,100,15466344448,1241112576,68.0,52.082,69.0,
59752437396818,38.4171329,202.8,18429009920,55234740224,105,1764.0,14.6,28925362176,72075894784,100,15466344448,1241112576,68.0,52.075,69.0,
59752491227734,38.470963816,204.3,18429009920,55234740224,105,1831.0,13.4,28925591552,72075665408,100,15466344448,1241112576,69.0,52.084,69.0,
59752545265458,38.52500154,203.6,18429009920,55234740224,105,1794.0,9.4,28926320640,72074936320,100,15466344448,1241112576,69.0,52.083,69.0,
59752599242277,38.578978359,222.5,18429018112,55234740224,105,1844.0,9.9,28926291968,72074964992,100,15466344448,1241112576,69.0,52.074,69.0,
59752653222013,38.632958095,203.7,18429018112,55234740224,105,1852.0,8.6,28926521344,72074735616,100,15466344448,1241112576,69.0,52.083,69.0,
59752707146424,38.686882506,203.8,18429018112,55234740224,105,1828.0,10.0,28926750720,72074506240,100,15466344448,1241112576,69.0,52.068,69.0,
59752761303532,38.741039614,203.2,18429018112,55234740224,105,1846.0,9.2,28926226432,72075030528,100,15466344448,1241112576,68.0,52.078,69.0,
59752815210030,38.794946112,204.3,18429018112,55234740224,105,1846.0,9.9,28926709760,72074547200,100,15466344448,1241112576,69.0,52.062,69.0,
59752869243506,38.848979588,203.3,18429018112,55234740224,105,1858.0,9.2,28912631808,72088625152,100,15466344448,1241112576,68.0,52.08,69.0,
59752927401731,38.907137813,223.6,18429018112,55234740224,105,1869.0,10.9,28895813632,72105443328,100,15466344448,1241112576,68.0,52.057,69.0,
59752981448111,38.961184193,203.6,18429018112,55234740224,105,1882.0,9.2,28896043008,72105213952,100,15466344448,1241112576,68.0,52.083,69.0,
59753035238120,39.014974202,223.0,18429018112,55234740224,105,1810.0,11.0,28893798400,72107458560,100,15466344448,1241112576,68.0,52.061,69.0,
59753089252230,39.068988312,203.7,18429018112,55234740224,105,1873.0,9.4,28890189824,72111067136,100,15466344448,1241112576,68.0,52.082,69.125,
59753143271449,39.123007531,203.6,18429026304,55234740224,105,1819.0,11.0,28890189824,72111067136,100,15466344448,1241112576,68.0,52.071,69.125,
59753197230776,39.176966858,203.9,18429026304,55234740224,105,1909.0,8.7,28890902528,72110354432,100,15466344448,1241112576,69.0,52.094,69.125,
59753251269773,39.231005855,203.6,18429026304,55234740224,105,1852.0,10.5,28890902528,72110354432,100,15466344448,1241112576,68.0,52.081,69.125,
59753305277490,39.285013572,222.2,18429026304,55234740224,105,1905.0,9.2,28891131904,72110125056,100,15466344448,1241112576,69.0,52.089,69.125,
59753360332986,39.340069068,199.7,18429026304,55234740224,105,1852.0,11.4,28884930560,72116326400,100,15466344448,1241112576,68.0,52.091,69.125,
59753414340424,39.394076506,203.7,18429026304,55234740224,105,1852.0,12.0,28884918272,72116338688,100,15466344448,1241112576,69.0,52.088,69.125,
59753468375923,39.448112005,203.6,18429026304,55234740224,105,1801.0,13.5,28885254144,72116002816,100,15466344448,1241112576,68.0,52.091,69.125,
59753522336532,39.502072614,222.6,18429026304,55234740224,105,1887.0,11.2,28885508096,72115748864,100,15466344448,1241112576,68.0,52.07,69.125,
59753575344652,39.555080734,188.8,18429026304,55234740224,105,1884.0,8.8,28885450752,72115806208,100,15466344448,1241112576,68.0,52.086,69.125,
59753628193682,39.607929764,340.1,18429054976,55234740224,105,1753.0,21.3,28885450752,72115806208,100,15466344448,1241112576,68.0,52.066,69.125,
59753683591371,39.663327453,884.3,18429054976,55234740224,105,1843.0,24.3,28885708800,72115548160,100,15466344448,1241112576,68.0,52.087,69.125,
59753741600956,39.721337038,224.0,18429054976,55234740224,105,1842.0,10.3,28885938176,72115318784,100,15466344448,1241112576,69.0,52.065,69.125,
59753796426459,39.776162541,201.0,18429054976,55234740224,105,1862.0,9.2,28875866112,72125390848,100,15466344448,1241112576,68.0,52.088,69.125,
59753852240079,39.831976161,197.1,18429054976,55234740224,105,1836.0,9.2,28867706880,72133550080,100,15466344448,1241112576,68.0,52.067,69.125,
59753905202964,39.884939046,207.6,18429054976,55234740224,105,1840.0,9.3,28867514368,72133742592,100,15466344448,1241112576,68.0,52.086,69.125,
59753959369960,39.939106042,221.3,18429054976,55234740224,105,1840.0,10.5,28856143872,72145113088,100,15466344448,1241112576,68.0,52.072,69.0,
59754013338263,39.993074345,204.0,18429054976,55234740224,105,1853.0,9.4,28855980032,72145276928,100,15466344448,1241112576,69.0,52.086,69.0,
59754067302459,40.047038541,203.7,18429054976,55234740224,105,1822.0,11.6,28856205312,72145051648,100,15464247296,1241112576,68.0,52.077,69.0,
59754121306900,40.101042982,203.7,18429059072,55234740224,105,1871.0,9.4,28856205312,72145051648,100,15464247296,1241112576,68.0,52.083,69.0,
59754175310229,40.155046311,203.7,18429059072,55234740224,105,1813.0,12.7,28856107008,72145149952,100,15464247296,1241112576,68.0,52.091,69.125,
59754229389481,40.209125563,221.9,18429059072,55234740224,105,1860.0,10.5,28856578048,72144678912,100,15464247296,1241112576,69.0,52.088,69.0,
59754283215006,40.262951088,186.0,18429059072,55234740224,105,1858.0,10.1,28857061376,72144195584,100,15464247296,1241112576,68.0,52.091,69.0,
59754336179142,40.315915224,207.6,18429059072,55234740224,105,1823.0,11.2,28856958976,72144297984,100,15464247296,1241112576,68.0,52.078,69.0,
59754389368412,40.369104494,206.7,18429059072,55234740224,105,1846.0,9.5,28856958976,72144297984,100,15464247296,1241112576,68.0,52.088,69.0,
59754443298113,40.423034195,203.8,18429059072,55234740224,105,1800.0,13.7,28857438208,72143818752,100,15464247296,1241112576,68.0,52.074,69.0,
59754498365190,40.478101272,218.2,18429059072,55234740224,105,1833.0,11.1,28857176064,72144080896,100,15464247296,1241112576,68.0,52.087,69.0,
59754552187008,40.53192309,204.4,18429063168,55234740224,105,1846.0,11.6,28857405440,72143851520,100,15464247296,1241112576,68.0,52.064,69.0,
59754606303519,40.586039601,203.4,18429063168,55234740224,105,1844.0,10.4,28857888768,72143368192,100,15464247296,1241112576,69.0,52.088,69.0,
59754660202040,40.639938122,203.9,18429067264,55234740224,105,1832.0,10.5,28857724928,72143532032,100,15464247296,1241112576,68.0,52.068,69.0,
59754714300878,40.69403696,203.3,18429067264,55234740224,105,1857.0,10.4,28858241024,72143015936,100,15464247296,1241112576,69.0,52.086,69.0,
59754768275723,40.748011805,203.8,18429067264,55234740224,105,1834.0,11.1,28857708544,72143548416,100,15464247296,1241112576,68.0,52.072,69.0,
59754822377206,40.802113288,221.8,18429067264,55234740224,105,1866.0,10.4,28857696256,72143560704,100,15464247296,1241112576,69.0,52.089,69.0,
59754876292219,40.856028301,203.8,18429067264,55234740224,105,1821.0,11.8,28838141952,72163115008,100,15464247296,1241112576,68.0,52.077,69.0,
59754930335633,40.910071715,203.6,18429067264,55234740224,105,1862.0,11.0,28827815936,72173441024,100,15464247296,1241112576,68.0,52.085,69.0,
59754984322370,40.964058452,203.8,18429067264,55234740224,105,1811.0,11.0,28826894336,72174362624,100,15464247296,1241112576,68.0,52.089,69.0,
59755038488535,41.018224617,203.3,18429067264,55234740224,105,1853.0,10.5,28827123712,72174133248,100,15464247296,1241112576,69.0,52.078,69.0,
59755092388669,41.072124751,222.4,18429071360,55234740224,105,1814.0,11.1,28830965760,72170291200,100,15464247296,1241112576,68.0,52.087,69.0,
59755146313631,41.126049713,203.8,18429071360,55234740224,105,1856.0,10.9,28831195136,72170061824,100,15464247296,1241112576,69.0,52.073,69.0,
59755201448455,41.181184537,199.7,18429075456,55234740224,105,1846.0,10.9,28830670848,72170586112,100,15464247296,1241112576,69.0,52.086,69.0,
59755258531218,41.2382673,227.8,18429075456,55234740224,105,1844.0,12.2,28830826496,72170430464,100,15464247296,1241112576,68.0,52.072,69.0,
59755313391467,41.293127549,200.5,18429075456,55234740224,105,1868.0,10.3,28831055872,72170201088,100,15464247296,1241112576,68.0,52.083,69.0,
59755367359549,41.347095631,203.7,18429075456,55234740224,105,1800.0,13.5,28831285248,72169971712,100,15464247296,1241112576,67.0,52.063,69.0,
59755421391371,41.401127453,203.8,18429075456,55234740224,105,1909.0,11.7,28831010816,72170246144,100,15464247296,1241112576,69.0,52.089,69.0,
59755475570379,41.455306461,202.9,18429075456,55234740224,105,1963.0,15.4,28830752768,72170504192,100,15464247296,1241112576,68.0,52.067,69.0,
59755529368943,41.509105025,222.9,18429075456,55234740224,105,1905.0,10.3,28830195712,72171061248,100,15464247296,1241112576,68.0,52.082,69.0,
59755584356550,41.564092632,200.4,18429075456,55234740224,105,1884.0,10.1,28830195712,72171061248,100,15464247296,1241112576,68.0,52.071,69.0,
59755637296410,41.617032492,207.7,18429075456,55234740224,105,1944.0,8.8,28830195712,72171061248,100,15464247296,1241112576,68.0,52.084,69.0,
59755692257317,41.671993399,218.4,18429079552,55234740224,105,1899.0,12.0,28830146560,72171110400,100,15464247296,1241112576,68.0,52.077,69.0,
59755746408393,41.726144475,203.0,18429083648,55234740224,105,1900.0,9.8,28829630464,72171626496,100,15464247296,1241112576,69.0,52.081,69.0,
59755800352009,41.780088091,204.0,18429083648,55234740224,105,1913.0,9.3,28829114368,72172142592,100,15464247296,1241112576,68.0,52.084,69.0,
59755855375854,41.835111936,218.0,18429083648,55234740224,105,1851.0,11.3,28820365312,72180891648,100,15464247296,1241112576,68.0,52.077,69.0,
59755910347240,41.890083322,200.2,18429083648,55234740224,105,1778.0,11.1,28799221760,72202035200,100,15464247296,1241112576,68.0,52.087,69.0,
59755964377449,41.944113531,203.4,18429083648,55234740224,105,1843.0,9.9,28797247488,72204009472,100,15464247296,1241112576,69.0,52.073,69.0,
59756018382941,41.998119023,222.3,18429083648,55234740224,105,1832.0,9.9,28795932672,72205324288,100,15464247296,1241112576,68.0,52.083,69.0,
59756074566605,42.054302687,195.6,18429087744,55234740224,105,1865.0,10.6,28796157952,72205099008,100,15464247296,1241112576,68.0,52.063,69.0,
59756128395445,42.108131527,204.5,18429087744,55234740224,105,1852.0,8.8,28796157952,72205099008,100,15464247296,1241112576,69.0,52.082,69.0,
59756182330966,42.162067048,204.1,18429087744,55234740224,105,1855.0,10.5,28796157952,72205099008,100,15464247296,1241112576,69.0,52.068,69.0,
59756235426799,42.215162881,207.1,18429087744,55234740224,105,1876.0,8.3,28796157952,72205099008,100,15464247296,1241112576,68.0,52.092,69.0,
59756288468721,42.268204803,207.3,18429095936,55234740224,105,1867.0,10.1,28795863040,72205393920,100,15464247296,1241112576,69.0,52.069,69.0,
59756342328139,42.322064221,222.8,18429095936,55234740224,105,1876.0,9.3,28795863040,72205393920,100,15464247296,1241112576,68.0,52.091,69.0,
59756397555016,42.377291098,199.1,18429095936,55234740224,105,1877.0,11.3,28796112896,72205144064,100,15464247296,1241112576,68.0,52.071,69.0,
59756451493282,42.431229364,203.6,18429095936,55234740224,105,1877.0,12.8,28795842560,72205414400,100,15464247296,1241112576,68.0,52.092,69.0,
59756511331881,42.491067963,217.5,18429095936,55234740224,105,1852.0,12.7,28796071936,72205185024,100,15464247296,1241112576,68.0,52.073,69.0,
59756565473047,42.545209129,203.1,18429095936,55234740224,105,1890.0,9.7,28796071936,72205185024,100,15464247296,1241112576,69.0,52.089,69.0,
59756619465394,42.599201476,203.9,18429095936,55234740224,105,1853.0,11.1,28796329984,72204926976,100,15464247296,1241112576,68.0,52.077,69.0,
59756673345972,42.653082054,222.8,18429095936,55234740224,105,1894.0,8.7,28796329984,72204926976,100,15464247296,1241112576,69.0,52.086,69.0,
59756726385879,42.706121961,207.2,18429095936,55234740224,105,1863.0,10.6,28796559360,72204697600,100,15464247296,1241112576,68.0,52.086,69.0,
59756781556059,42.761292141,199.5,18429095936,55234740224,105,1898.0,10.2,28796035072,72205221888,100,15464247296,1241112576,69.0,52.084,69.0,
59756835368147,42.815104229,204.4,18429104128,55234740224,105,1868.0,9.4,28789190656,72212066304,100,15464247296,1241112576,68.0,52.09,69.0,
59756889394578,42.86913066,222.3,18429104128,55234740224,105,1883.0,9.4,28770832384,72230424576,100,15464247296,1241112576,69.0,52.079,69.0,
59756942340810,42.922076892,207.7,18429104128,55234740224,105,1885.0,9.0,28769865728,72231391232,100,15464247296,1241112576,68.0,52.086,69.0,
59756996454495,42.976190577,203.3,18429104128,55234740224,105,1877.0,9.8,28765839360,72235417600,100,15464247296,1241112576,69.0,52.07,69.0,
59757049511595,43.029247677,188.4,18429104128,55234740224,105,1875.0,8.9,28765810688,72235446272,100,15462150144,1241112576,68.0,52.082,69.0,
59757103432007,43.083168089,203.9,18429104128,55234740224,105,1866.0,10.5,28766797824,72234459136,100,15462150144,1241112576,69.0,52.068,69.0,
59757157525504,43.137261586,222.0,18429104128,55234740224,105,1867.0,9.2,28766793728,72234463232,100,15462150144,1241112576,69.0,52.088,69.0,
59757210414278,43.19015036,208.0,18429104128,55234740224,105,1876.0,9.5,28767309824,72233947136,100,15462150144,1241112576,68.0,52.071,69.0,
59757263350641,43.243086723,207.8,18429104128,55234740224,105,1858.0,8.4,28767506432,72233750528,100,15462150144,1241112576,68.0,52.095,69.0,
59757316351876,43.296087958,188.5,18429112320,55234740224,105,1880.0,10.5,28767506432,72233750528,100,15462150144,1241112576,68.0,52.076,69.0,
59757373772122,43.353508204,975.6,18429112320,55234740224,105,1887.0,35.4,28766498816,72234758144,100,15462150144,1241112576,68.0,52.094,69.0,
59757431972074,43.411708156,223.3,18429112320,55234740224,105,1869.0,13.4,28766224384,72235032576,100,15462150144,1241112576,68.0,52.083,69.0,
59757485405821,43.465141903,205.9,18429116416,55234740224,105,1875.0,10.6,28766224384,72235032576,100,15462150144,1241112576,69.0,52.093,69.0,
59757539465133,43.519201215,203.4,18429116416,55234740224,105,1839.0,10.5,28766224384,72235032576,100,15462150144,1241112576,68.0,52.086,69.0,
59757593503526,43.573239608,203.6,18429116416,55234740224,105,1877.0,9.3,28766224384,72235032576,100,15462150144,1241112576,69.0,52.085,69.0,
59757647455076,43.627191158,222.4,18429116416,55234740224,105,1778.0,10.4,28766224384,72235032576,100,15462150144,1241112576,69.0,52.092,69.0,
59757701445088,43.68118117,204.1,18429116416,55234740224,105,1856.0,9.5,28766224384,72235032576,100,15462150144,1241112576,69.0,52.079,69.0,
59757755478492,43.735214574,203.5,18429116416,55234740224,105,1871.0,9.8,28766224384,72235032576,100,15462150144,1241112576,69.0,52.086,69.0,
59757808448377,43.788184459,188.7,18429116416,55234740224,105,1846.0,10.7,28766740480,72234516480,100,15462150144,1241112576,69.0,52.07,69.0,
59757861484137,43.841220219,226.1,18429116416,55234740224,105,1862.0,8.9,28759707648,72241549312,100,15462150144,1241112576,68.0,52.088,69.0,
59757917383957,43.897120039,214.7,18429116416,55234740224,105,1845.0,10.7,28751777792,72249479168,100,15462150144,1241112576,68.0,52.064,69.0,
59757971442758,43.95117884,203.6,18429116416,55234740224,105,1858.0,8.2,28750938112,72250318848,100,15462150144,1241112576,69.0,52.088,69.0,
59758024636374,44.004372456,187.9,18429120512,55234740224,105,1843.0,10.6,28752486400,72248770560,100,15466344448,1241112576,68.0,52.069,69.0,
59758078389131,44.058125213,223.2,18429120512,55234740224,105,1843.0,14.0,28751622144,72249634816,100,15466344448,1241112576,68.0,52.095,69.125,
59758132421031,44.112157113,203.5,18429124608,55234740224,105,1944.0,17.4,28747079680,72254177280,100,15466344448,1241112576,68.0,52.088,69.125,
59758186511933,44.166248015,203.3,18429124608,55234740224,105,1835.0,21.3,28748161024,72253095936,100,15468109824,1241112576,68.0,52.095,69.0,
59758240500683,44.220236765,203.8,18429124608,55234740224,105,1873.0,17.4,28746625024,72254631936,100,15468109824,1241112576,68.0,52.095,69.0,
59758294473442,44.274209524,222.2,18429124608,55234740224,105,1844.0,28.9,28746420224,72254836736,100,15468109824,1241112576,68.0,52.076,69.0,
59758349662888,44.32939897,199.4,18429124608,55234740224,105,1835.0,21.6,28745986048,72255270912,100,15468109824,1255399424,68.0,52.09,69.0,
59758403521353,44.383257435,204.2,18429124608,55234740224,105,1829.0,18.7,28746563584,72254693376,100,15468109824,1255391232,68.0,52.062,69.0,
59758457581967,44.437318049,203.5,18429124608,55234740224,105,1880.0,9.2,28746563584,72254693376,100,15468109824,1255391232,68.0,52.074,69.0,
59758511433369,44.491169451,223.0,18429124608,55234740224,105,1822.0,9.9,28746817536,72254439424,100,15468109824,1255391232,68.0,52.064,69.0,
59758564383878,44.54411996,207.8,18429128704,55234740224,105,1868.0,8.3,28747300864,72253956096,100,15468109824,1255391232,69.0,52.081,69.0,
59758618431177,44.598167259,203.5,18429128704,55234740224,105,1822.0,10.5,28739014656,72262242304,100,15468109824,1255391232,68.0,52.073,69.0,
59758671460123,44.651196205,188.6,18429128704,55234740224,105,1868.0,8.9,28739190784,72262066176,100,15468109824,1255391232,69.0,52.081,69.0,
59758724441590,44.704177672,207.4,18429132800,55234740224,105,1835.0,10.6,28741255168,72260001792,100,15468109824,1255391232,68.0,52.087,69.0,
59758778491023,44.758227105,222.3,18429132800,55234740224,105,1832.0,9.9,28741746688,72259510272,100,15468109824,1255391232,69.0,52.075,69.0,
59758831400706,44.811136788,207.9,18429132800,55234740224,105,1841.0,9.5,28741230592,72260026368,100,15468109824,1255391232,68.0,52.083,69.0,
59758884479445,44.864215527,188.5,18429132800,55234740224,105,1889.0,9.5,28735541248,72265715712,100,15468109824,1255391232,68.0,52.063,69.0,
59758937432369,44.917168451,207.6,18429132800,55234740224,105,1880.0,8.9,28733267968,72267988992,100,15468109824,1255391232,68.0,52.083,69.0,
59758990388097,44.970124179,207.8,18429132800,55234740224,105,1858.0,10.6,28731228160,72270028800,100,15468109824,1255391232,68.0,52.061,69.0,
59759043432964,45.023169046,226.2,18429132800,55234740224,105,1852.0,9.5,28731150336,72270106624,100,15468109824,1255391232,68.0,52.083,69.0,
59759096441612,45.076177694,188.4,18429136896,55234740224,105,1845.0,11.1,28737056768,72264200192,100,15468109824,1255391232,68.0,52.067,69.0,
59759150536170,45.130272252,203.3,18429136896,55234740224,105,1856.0,10.3,28736704512,72264552448,100,15468109824,1255391232,69.0,52.09,69.0,
59759204563481,45.184299563,222.1,18429136896,55234740224,105,1811.0,9.9,28736507904,72264749056,100,15468109824,1255391232,68.0,52.086,69.0,
59759258553974,45.238290056,185.3,18429140992,55234740224,105,1886.0,8.7,28736966656,72264290304,100,15468109824,1255391232,69.0,52.099,69.0,
59759314533994,45.294270076,232.1,18429145088,55234740224,105,1826.0,10.7,28736966656,72264290304,100,15468109824,1255391232,68.0,52.091,69.0,
59759368565293,45.348301375,203.6,18429145088,55234740224,105,1842.0,11.0,28736966656,72264290304,100,15468109824,1255391232,69.0,52.092,69.0,
59759422515380,45.402251462,203.8,18429145088,55234740224,105,1799.0,10.0,28736966656,72264290304,100,15468109824,1255391232,68.0,52.098,69.0,
59759476562849,45.456298931,203.6,18429145088,55234740224,105,1812.0,11.5,28737449984,72263806976,100,15468109824,1255391232,69.0,52.085,69.0,
59759530562779,45.510298861,203.7,18429145088,55234740224,105,1864.0,10.5,28737449984,72263806976,100,15468109824,1255391232,68.0,52.093,69.0,
59759584550676,45.564286758,222.3,18429145088,55234740224,105,1844.0,10.0,28737679360,72263577600,100,15468109824,1255391232,68.0,52.074,69.0,
59759638578097,45.618314179,203.7,18429149184,55234740224,105,1869.0,9.8,28737675264,72263581696,100,15468109824,1255391232,69.0,52.095,69.0,
59759692547480,45.672283562,203.8,18429149184,55234740224,105,1800.0,11.1,28737675264,72263581696,100,15468109824,1255391232,68.0,52.071,69.0,
59759746491495,45.726227577,203.9,18429149184,55234740224,105,1855.0,9.3,28737675264,72263581696,100,15468109824,1255391232,68.0,52.092,69.0,
59759800694987,45.780431069,221.4,18429149184,55234740224,105,1835.0,10.4,28737675264,72263581696,100,15468109824,1255391232,68.0,52.071,69.0,
59759854562548,45.83429863,185.6,18429153280,55234740224,105,1884.0,9.4,28732203008,72269053952,100,15468109824,1255391232,68.0,52.091,69.0,
59759908525659,45.888261741,203.9,18429153280,55234740224,105,1846.0,11.0,28714995712,72286261248,100,15468109824,1255391232,68.0,52.075,69.0,
59759962537711,45.942273793,222.1,18429153280,55234740224,105,1872.0,8.7,28714504192,72286752768,100,15468109824,1255391232,69.0,52.092,69.0,
59760017743206,45.997479288,217.4,18429153280,55234740224,105,1819.0,12.5,28712513536,72288743424,100,15468109824,1255391232,68.0,52.082,69.0,
59760071560482,46.051296564,185.8,18429153280,55234740224,105,1841.0,10.5,28711989248,72289267712,100,15463915520,1255391232,70.0,52.089,69.0,
59760125555663,46.105291745,203.7,18429153280,55234740224,105,1853.0,9.8,28711989248,72289267712,100,15463915520,1255391232,68.0,52.092,69.0,
59760179502573,46.159238655,222.5,18429157376,55234740224,105,1857.0,10.5,28711731200,72289525760,100,15463915520,1255391232,69.0,52.081,69.0,
59760233614323,46.213350405,203.2,18429157376,55234740224,105,1814.0,11.1,28709429248,72291827712,100,15462150144,1255391232,68.0,52.092,69.0,
59760287615696,46.267351778,203.8,18429157376,55234740224,105,1801.0,11.0,28709429248,72291827712,100,15462150144,1255391232,69.0,52.073,69.0,
59760341551054,46.321287136,204.1,18429157376,55234740224,105,1804.0,9.4,28709658624,72291598336,100,15462150144,1255391232,68.0,52.085,69.0,
59760396723767,46.376459849,217.3,18429161472,55234740224,105,1780.0,11.3,28710141952,72291115008,100,15462150144,1255391232,69.0,52.069,69.0,
59760450669926,46.430406008,204.0,18429161472,55234740224,105,1821.0,9.4,28710141952,72291115008,100,15462150144,1255391232,69.0,52.088,69.0,
59760508078739,46.487814821,208.9,18429161472,55234740224,105,1830.0,11.4,28710141952,72291115008,100,15462150144,1255391232,69.0,52.065,69.0,
59760561700197,46.541436279,205.2,18429161472,55234740224,105,1847.0,9.4,28710141952,72291115008,100,15462150144,1255391232,69.0,52.088,69.0,
59760618038830,46.597774912,230.6,18429161472,55234740224,105,1812.0,10.6,28710600704,72290656256,100,15462150144,1255391232,68.0,52.066,69.0,
59760671624811,46.651360893,186.6,18429161472,55234740224,105,1829.0,8.8,28710858752,72290398208,100,15462150144,1255391232,69.0,52.087,69.0,
59760725494286,46.705230368,204.2,18429165568,55234740224,105,1819.0,10.5,28710858752,72290398208,100,15462150144,1255391232,68.0,52.071,69.0,
59760779576770,46.759312852,221.9,18429165568,55234740224,105,1872.0,9.2,28710858752,72290398208,100,15462150144,1255391232,68.0,52.087,69.125,
59760837909468,46.81764555,205.9,18429165568,55234740224,105,1809.0,12.0,28697640960,72303616000,100,15462150144,1255391232,68.0,52.076,69.125,
59760891510188,46.87124627,205.4,18429165568,55234740224,105,1852.0,10.1,28697870336,72303386624,100,15462150144,1255391232,69.0,52.088,69.125,
59760946685635,46.926421717,198.9,18429165568,55234740224,105,1798.0,9.6,28697870336,72303386624,100,15462150144,1255391232,68.0,52.085,69.125,
59761000532267,46.980268349,223.4,18429169664,55234740224,105,1825.0,10.7,28698099712,72303157248,100,15462150144,1255391232,69.0,52.081,69.125,
59761053475671,47.033211753,207.8,18429169664,55234740224,105,1784.0,11.2,28698329088,72302927872,100,15462150144,1255391232,68.0,52.075,69.125,
59761108814175,47.088550257,957.4,18429190144,55234740224,105,1774.0,38.1,28692111360,72309145600,100,15462150144,1255391232,68.0,52.075,69.125,
59761161634929,47.141371011,284.1,18429190144,55234740224,105,1822.0,10.2,28692111360,72309145600,100,15462150144,1255391232,68.0,52.085,69.125,
59761217475346,47.197211428,214.9,18429190144,55234740224,105,1845.0,12.4,28693143552,72308113408,100,15462150144,1255391232,69.0,52.072,69.125,
59761269543607,47.249279689,211.2,18429190144,55234740224,105,1856.0,9.6,28693143552,72308113408,100,15462150144,1255391232,69.0,52.096,69.125,
59761323612736,47.303348818,203.4,18429190144,55234740224,105,1795.0,10.5,28693143552,72308113408,100,15462150144,1255391232,68.0,52.071,69.125,
59761376523319,47.356259401,189.0,18429190144,55234740224,105,1819.0,11.7,28693114880,72308142080,100,15462150144,1255391232,68.0,52.096,69.125,
59761430572090,47.410308172,221.7,18429190144,55234740224,105,1836.0,34.5,28693372928,72307884032,100,15462150144,1255391232,68.0,52.088,69.0,
59761484626021,47.464362103,203.7,18429190144,55234740224,105,1869.0,17.4,28650536960,72350720000,100,15462150144,1255391232,68.0,52.095,69.0,
59761537488202,47.517224284,208.2,18429190144,55234740224,105,1781.0,11.3,28649369600,72351887360,100,15462150144,1255391232,69.0,52.089,69.0,
59761591518488,47.57125457,203.6,18429190144,55234740224,105,1831.0,10.4,28649369600,72351887360,100,15462150144,1255391232,69.0,52.082,69.0,
59761643660687,47.623396769,210.9,18429190144,55234740224,105,1813.0,10.8,28649369600,72351887360,100,15462150144,1255391232,69.0,52.093,69.0,
59761696506478,47.67624256,208.2,18429194240,55234740224,105,1838.0,10.1,28649615360,72351641600,100,15462150144,1255391232,69.0,52.077,69.0,
59761749588753,47.729324835,188.4,18429194240,55234740224,105,1841.0,9.4,28649615360,72351641600,100,15462150144,1255391232,69.0,52.087,69.0,
59761802534962,47.782271044,207.8,18429198336,55234740224,105,1840.0,10.7,28646244352,72355012608,100,15462150144,1255391232,69.0,52.072,69.0,
59761854655921,47.834392003,191.8,18429198336,55234740224,105,1840.0,8.4,28644847616,72356409344,100,15462150144,1255391232,68.0,52.091,69.125,
59761907556565,47.887292647,226.8,18429198336,55234740224,105,1852.0,10.1,28635881472,72365375488,100,15462150144,1255391232,68.0,52.069,69.0,
59761960426742,47.940162824,208.1,18429198336,55234740224,105,1821.0,10.1,28635099136,72366157824,100,15462150144,1255391232,68.0,52.088,69.125,
59762012571897,47.992307979,191.8,18429198336,55234740224,105,1803.0,11.4,28635099136,72366157824,100,15462150144,1255391232,68.0,52.071,69.0,
59762065611211,48.045347293,207.4,18429198336,55234740224,105,1867.0,9.5,28635099136,72366157824,100,15462150144,1255391232,69.0,52.089,69.125,
59762118497919,48.098234001,207.9,18429198336,55234740224,105,1818.0,11.8,28635095040,72366161920,100,15462150144,1255391232,68.0,52.08,69.0,
59762171814373,48.151550455,205.9,18429198336,55234740224,105,1857.0,9.9,28635095040,72366161920,100,15462150144,1255391232,69.0,52.087,69.125,
59762225561077,48.205297159,205.1,18429202432,55234740224,105,1798.0,11.7,28635578368,72365678592,100,15462150144,1255391232,68.0,52.092,69.125,
59762278544867,48.258280949,207.7,18429202432,55234740224,105,1809.0,9.6,28635250688,72366006272,100,15462150144,1255391232,69.0,52.089,69.125,
59762330674141,48.310410223,211.0,18429202432,55234740224,105,1812.0,9.0,28635250688,72366006272,100,15462150144,1255391232,69.0,52.094,69.125,
59762383575176,48.363311258,189.0,18429206528,55234740224,105,1834.0,11.9,28635508736,72365748224,100,15462150144,1255391232,69.0,52.081,69.125,
59762436628226,48.416364308,207.4,18429206528,55234740224,105,1807.0,9.4,28635508736,72365748224,100,15462150144,1255391232,68.0,52.087,69.125,
59762489529872,48.469265954,189.0,18429206528,55234740224,105,1834.0,9.6,28635508736,72365748224,100,15462150144,1255391232,68.0,52.067,69.125,
59762541863660,48.521599742,228.9,18429206528,55234740224,105,1836.0,9.5,28635410432,72365846528,100,15462150144,1255391232,69.0,52.092,69.125,
59762594758933,48.574495015,189.4,18429206528,55234740224,105,1837.0,14.1,28637474816,72363782144,100,15462150144,1255391232,68.0,52.073,69.125,
59762647708909,48.627444991,207.4,18429206528,55234740224,105,1828.0,16.5,28640878592,72360378368,100,15462150144,1255391232,68.0,53.0,69.125,
59762700747652,48.680483734,207.8,18429206528,55234740224,105,1813.0,15.5,28641050624,72360206336,100,15463915520,1255391232,68.0,52.087,69.125,
59762753644298,48.73338038,188.7,18429210624,55234740224,105,1848.0,11.8,28640985088,72360271872,100,15463915520,1255391232,68.0,52.088,69.125,
59762806690074,48.786426156,207.3,18429214720,55234740224,105,1811.0,12.5,28641222656,72360034304,100,15463915520,1255391232,68.0,52.09,69.125,
59762859779442,48.839515524,207.7,18429214720,55234740224,105,1844.0,12.5,28631515136,72369741824,100,15463915520,1255391232,69.0,52.081,69.125,
59762912598622,48.892334704,226.8,18429218816,55234740224,105,1837.0,12.9,28628463616,72372793344,100,15474401280,1261699072,68.0,52.087,69.125,
59762965524643,48.945260725,189.2,18429218816,55234740224,105,1813.0,13.1,28628361216,72372895744,100,15474401280,1261699072,68.0,52.071,69.125,
59763018604594,48.998340676,206.8,18429218816,55234740224,105,1848.0,9.4,28627804160,72373452800,100,15474401280,1261699072,68.0,52.085,69.125,
59763071657313,49.051393395,207.8,18429218816,55234740224,105,1815.0,14.4,28632965120,72368291840,100,15474401280,1261699072,68.0,52.064,69.125,
59763124899377,49.104635459,206.1,18429218816,55234740224,105,1847.0,9.9,28633452544,72367804416,100,15474401280,1261699072,68.0,52.086,69.125,
59763178652963,49.158389045,204.7,18429218816,55234740224,105,1831.0,11.8,28632862720,72368394240,100,15474401280,1261699072,69.0,52.068,69.125,
59763231694822,49.211430904,207.3,18429218816,55234740224,105,1857.0,11.2,28632862720,72368394240,100,15474401280,1261699072,68.0,52.086,69.125,
59763284730499,49.264466581,188.7,18429222912,55234740224,105,1830.0,10.8,28636684288,72364572672,100,15474401280,1261699072,68.0,52.074,69.125,
59763338711692,49.318447774,203.9,18429222912,55234740224,105,1882.0,9.2,28635758592,72365498368,100,15474401280,1261699072,69.0,52.088,69.125,
59763392565896,49.372301978,204.1,18429227008,55234740224,105,1869.0,12.8,28635758592,72365498368,100,15474401280,1261699072,68.0,52.081,69.125,
59763446658739,49.426394821,222.1,18429227008,55234740224,105,1836.0,9.9,28635758592,72365498368,100,15474401280,1261699072,69.0,52.085,69.125,
59763500725403,49.480461485,203.4,18429231104,55234740224,105,1851.0,11.0,28635758592,72365498368,100,15474401280,1261699072,69.0,52.087,69.125,
59763553807537,49.533543619,207.2,18429231104,55234740224,105,1835.0,10.1,28635758592,72365498368,100,15474401280,1261699072,69.0,52.076,69.125,
59763606793279,49.586529361,207.6,18429231104,55234740224,105,1865.0,9.5,28635242496,72366014464,100,15474401280,1261699072,69.0,52.085,69.125,
59763660710762,49.640446844,203.9,18429231104,55234740224,105,1833.0,12.1,28632915968,72368340992,100,15474401280,1261699072,68.0,52.07,69.125,
59763714811720,49.694547802,203.4,18429231104,55234740224,105,1850.0,9.8,28632915968,72368340992,100,15474401280,1261699072,68.0,52.083,69.125,
59763768724023,49.748460105,222.5,18429231104,55234740224,105,1809.0,11.7,28629426176,72371830784,100,15474401280,1261699072,69.0,52.063,69.125,
59763822757935,49.802494017,185.2,18429235200,55234740224,105,1834.0,10.4,28629426176,72371830784,100,15474401280,1261699072,68.0,52.087,69.125,
59763877778891,49.857514973,218.0,18429235200,55234740224,105,1825.0,12.6,28615397376,72385859584,100,15474401280,1261699072,68.0,52.065,69.125,
59763931755184,49.911491266,203.7,18429235200,55234740224,105,1795.0,11.6,28615569408,72385687552,100,15474401280,1261699072,69.0,52.087,69.125,
59763985818772,49.965554854,203.5,18429235200,55234740224,105,1771.0,12.7,28614754304,72386502656,100,15461818368,1261699072,68.0,52.07,69.125,
59764039861410,50.019597492,221.6,18429239296,55234740224,105,1840.0,9.2,28614856704,72386400256,100,15461818368,1261699072,68.0,52.084,69.125,
59764095793077,50.075529159,197.0,18429239296,55234740224,105,1780.0,13.1,28614856704,72386400256,100,15461818368,1261699072,68.0,52.074,69.125,
59764149738352,50.129474434,204.0,18429239296,55234740224,105,1858.0,9.4,28614856704,72386400256,100,15461818368,1261699072,69.0,52.087,69.125,
59764206887806,50.186623888,227.4,18429239296,55234740224,105,1756.0,13.1,28614856704,72386400256,100,15461818368,1261699072,68.0,52.083,69.125,
59764260762148,50.24049823,185.7,18429239296,55234740224,105,1828.0,9.9,28614856704,72386400256,100,15461818368,1261699072,69.0,52.097,69.125,
59764314789407,50.294525489,203.5,18429239296,55234740224,105,1825.0,12.7,28614856704,72386400256,100,15461818368,1261699072,68.0,52.095,69.125,
59764370866237,50.350602319,231.9,18429243392,55234740224,105,1856.0,11.8,28614856704,72386400256,100,15461818368,1261699072,69.0,52.093,69.125,
59764424810370,50.404546452,203.8,18429243392,55234740224,105,1838.0,11.1,28614561792,72386695168,100,15461818368,1261699072,68.0,52.096,69.125,
59764478750976,50.458487058,185.6,18429243392,55234740224,105,1822.0,12.3,28614561792,72386695168,100,15461818368,1261699072,69.0,52.086,69.125,
59764532793403,50.512529485,221.9,18429243392,55234740224,105,1828.0,10.5,28614561792,72386695168,100,15461818368,1261699072,69.0,52.094,69.125,
59764587879120,50.567615202,199.8,18429243392,55234740224,105,1845.0,12.1,28614561792,72386695168,100,15461818368,1261699072,69.0,52.077,69.125,
59764641820448,50.62155653,222.4,18429247488,55234740224,105,1789.0,10.9,28614557696,72386699264,100,15461818368,1261699072,68.0,52.089,69.125,
59764695775962,50.675512044,203.9,18429247488,55234740224,105,1803.0,14.1,28612972544,72388284416,100,15460052992,1261699072,68.0,52.074,69.125,
59764749801697,50.729537779,203.6,18429247488,55234740224,105,1847.0,11.7,28612788224,72388468736,100,15460052992,1261699072,68.0,52.097,69.125,
59764803642496,50.783378578,204.4,18429259776,55234740224,105,1841.0,13.5,28609966080,72391290880,100,15460052992,1261699072,68.0,52.073,69.125,
59764858812371,50.838548453,1012.3,18429267968,55234740224,105,1828.0,35.1,28603588608,72397668352,100,15460052992,1261699072,68.0,52.09,69.125,
59764912741766,50.892477848,204.5,18429272064,55234740224,105,1798.0,11.2,28598304768,72402952192,100,15460052992,1257504768,68.0,52.078,69.0,
59764966904329,50.946640411,203.0,18429272064,55234740224,105,1860.0,9.2,28598296576,72402960384,100,15460052992,1257504768,69.0,52.09,69.125,
59765020769914,51.000505996,222.7,18429272064,55234740224,105,1820.0,11.6,28598296576,72402960384,100,15460052992,1257504768,68.0,52.085,69.0,
59765074822871,51.054558953,203.6,18429272064,55234740224,105,1813.0,11.7,28599844864,72401412096,100,15460052992,1257504768,69.0,52.088,69.0,
59765128773015,51.108509097,203.8,18429272064,55234740224,105,1844.0,10.5,28600332288,72400924672,100,15460052992,1257504768,68.0,52.092,69.0,
59765182829789,51.162565871,203.5,18429272064,55234740224,105,1847.0,9.9,28600332288,72400924672,100,15460052992,1257504768,69.0,52.079,69.0,
59765236826190,51.216562272,203.7,18429272064,55234740224,105,1843.0,10.5,28600561664,72400695296,100,15460052992,1257504768,68.0,52.093,69.0,
59765290772186,51.270508268,222.4,18429272064,55234740224,105,1818.0,10.4,28600561664,72400695296,100,15460052992,1257504768,69.0,52.085,69.0,
59765344848146,51.324584228,203.4,18429272064,55234740224,105,1846.0,9.3,28600561664,72400695296,100,15460052992,1257504768,68.0,52.093,69.0,
59765398864885,51.378600967,203.6,18429276160,55234740224,105,1835.0,12.3,28600561664,72400695296,100,15460052992,1257504768,69.0,52.076,69.0,
59765452924285,51.432660367,203.5,18429280256,55234740224,105,1857.0,8.2,28600561664,72400695296,100,15460052992,1257504768,68.0,52.095,69.0,
59765506733503,51.486469585,204.5,18429280256,55234740224,105,1807.0,11.6,28600791040,72400465920,100,15460052992,1257504768,68.0,52.071,69.0,
59765560922786,51.540658868,221.4,18429280256,55234740224,105,1835.0,10.3,28600791040,72400465920,100,15460052992,1257504768,68.0,52.092,69.0,
59765614885653,51.594621735,203.8,18429280256,55234740224,105,1837.0,10.5,28601274368,72399982592,100,15460052992,1257504768,68.0,52.074,69.0,
59765668961162,51.648697244,203.4,18429280256,55234740224,105,1860.0,9.4,28601454592,72399802368,100,15460052992,1257504768,68.0,52.094,69.0,
59765723875627,51.703611709,200.3,18429280256,55234740224,105,1751.0,14.8,28601683968,72399572992,100,15460052992,1257504768,68.0,52.082,69.0,
59765777853042,51.757589124,203.9,18429280256,55234740224,105,1895.0,11.0,28601913344,72399343616,100,15460052992,1257504768,69.0,52.092,69.0,
59765831807553,51.811543635,222.4,18429280256,55234740224,105,1792.0,11.0,28601913344,72399343616,100,15460052992,1257504768,68.0,52.083,69.0,
59765885845141,51.865581223,203.6,18429280256,55234740224,105,1844.0,9.4,28589924352,72411332608,100,15460052992,1257504768,69.0,52.086,69.0,
59765941957626,51.921693708,196.0,18429280256,55234740224,105,1795.0,11.2,28582014976,72419241984,100,15460052992,1244872704,69.0,52.091,69.0,
59765995818973,51.975555055,204.3,18429288448,55234740224,105,1837.0,9.9,28581982208,72419274752,100,15460052992,1244872704,68.0,52.083,69.0,
59766049932063,52.029668145,221.6,18429288448,55234740224,105,1854.0,8.8,28582211584,72419045376,100,15460052992,1244872704,68.0,52.091,69.0,
59766103783791,52.083519873,204.4,18429288448,55234740224,105,1869.0,10.5,28582211584,72419045376,100,15460052992,1244872704,69.0,52.077,69.0,
59766157839393,52.137575475,203.4,18429288448,55234740224,105,1854.0,8.7,28581400576,72419856384,100,15460052992,1244872704,68.0,52.088,69.0,
59766211976207,52.191712289,203.2,18429288448,55234740224,105,1849.0,11.0,28581400576,72419856384,100,15460052992,1244872704,68.0,52.071,69.0,
59766265882909,52.245618991,204.1,18429288448,55234740224,105,1848.0,8.8,28581658624,72419598336,100,15460052992,1244872704,68.0,52.088,69.0,
59766319854432,52.299590514,203.8,18429288448,55234740224,105,1848.0,11.7,28579627008,72421629952,100,15460052992,1244872704,68.0,52.069,69.0,
59766373838139,52.353574221,203.8,18429288448,55234740224,105,1838.0,11.6,28579627008,72421629952,100,15460052992,1244872704,68.0,52.088,69.0,
59766427837525,52.407573607,221.8,18429288448,55234740224,105,1749.0,14.0,28578050048,72423206912,100,15460052992,1244872704,68.0,52.071,69.0,
59766481899798,52.46163588,203.7,18429288448,55234740224,105,1878.0,8.8,28578308096,72422948864,100,15460052992,1244872704,68.0,52.087,69.0,
59766535760794,52.515496876,204.4,18429292544,55234740224,105,1855.0,9.4,28578308096,72422948864,100,15460052992,1244872704,68.0,52.075,69.0,
59766589902246,52.569638328,203.2,18429296640,55234740224,105,1894.0,9.2,28578037760,72423219200,100,15460052992,1244872704,69.0,52.089,69.0,
59766643761989,52.623498071,222.9,18429296640,55234740224,105,1818.0,9.9,28578037760,72423219200,100,15460052992,1244872704,68.0,52.082,69.0,
59766697887963,52.677624045,203.2,18429296640,55234740224,105,1784.0,12.6,28577501184,72423755776,100,15460052992,1244872704,69.0,52.087,69.0,
59766751922144,52.731658226,203.6,18429296640,55234740224,105,1810.0,11.2,28577755136,72423501824,100,15460052992,1244872704,68.0,52.09,69.0,
59766805890821,52.785626903,203.9,18429296640,55234740224,105,1839.0,11.0,28577755136,72423501824,100,15460052992,1244872704,69.0,52.077,69.0,
59766859982470,52.839718552,203.2,18429296640,55234740224,105,1819.0,10.4,28573990912,72427266048,100,15464247296,1244876800,68.0,52.086,69.0,
59766913872941,52.893609023,204.2,18429296640,55234740224,105,1841.0,11.8,28568305664,72432951296,100,15464247296,1244876800,69.0,52.068,69.0,
59766967957086,52.947693168,203.2,18429296640,55234740224,105,1841.0,10.9,28566753280,72434503680,100,15464247296,1244876800,68.0,52.084,69.0,
59767021996897,53.001732979,222.2,18429296640,55234740224,105,1816.0,12.4,28566982656,72434274304,100,15464247296,1244876800,68.0,52.064,69.0,
59767075977788,53.05571387,203.7,18429300736,55234740224,105,1840.0,10.5,28572397568,72428859392,100,15464247296,1244876800,68.0,52.086,69.0,
59767130903854,53.110639936,200.3,18429304832,55234740224,105,1791.0,12.6,28572880896,72428376064,100,15464247296,1244876800,69.0,52.064,69.0,
59767184926774,53.164662856,203.6,18429304832,55234740224,105,1816.0,10.5,28573138944,72428118016,100,15464247296,1244876800,68.0,52.088,69.0,
59767238916160,53.218652242,222.3,18429304832,55234740224,105,1754.0,12.7,28573138944,72428118016,100,15464247296,1244876800,68.0,52.072,69.0,
59767292938419,53.272674501,203.6,18429304832,55234740224,105,1898.0,10.5,28573138944,72428118016,100,15464247296,1244876800,68.0,52.09,69.0,
59767351930553,53.331666635,220.3,18429304832,55234740224,105,1750.0,12.8,28573396992,72427859968,100,15464247296,1244876800,68.0,52.076,69.0,
59767405924178,53.38566026,203.8,18429304832,55234740224,105,1844.0,10.5,28573396992,72427859968,100,15464247296,1244876800,68.0,52.091,69.0,
59767459856237,53.439592319,204.0,18429304832,55234740224,105,1804.0,12.2,28573655040,72427601920,100,15464247296,1244876800,68.0,52.084,69.0,
59767514074813,53.493810895,202.9,18429304832,55234740224,105,1816.0,11.1,28573655040,72427601920,100,15464247296,1244876800,69.0,52.088,69.0,
59767567898969,53.547635051,204.2,18429304832,55234740224,105,1761.0,12.1,28573655040,72427601920,100,15464247296,1244876800,69.0,52.09,69.0,
59767622889907,53.602625989,218.6,18429308928,55234740224,105,1811.0,12.4,28573396992,72427859968,100,15464247296,1244876800,69.0,52.082,69.0,
59767675821526,53.655557608,207.5,18429313024,55234740224,105,1794.0,11.2,28572962816,72428294144,100,15464247296,1244876800,68.0,52.092,69.0,
59767728828076,53.708564158,189.0,18429317120,55234740224,105,1793.0,13.8,28572962816,72428294144,100,15464247296,1244876800,68.0,52.072,69.0,
59767781849945,53.761586027,207.1,18429317120,55234740224,105,1815.0,11.2,28572962816,72428294144,100,15464247296,1244876800,68.0,52.087,69.0,
59767836117343,53.815853425,203.1,18429317120,55234740224,105,1825.0,12.9,28572962816,72428294144,100,15464247296,1244876800,68.0,52.064,69.0,
59767888928135,53.868664217,207.3,18429317120,55234740224,105,1846.0,9.9,28565102592,72436154368,100,15460052992,1244876800,68.0,52.088,69.0,
59767942042338,53.92177842,207.8,18429317120,55234740224,105,1822.0,11.9,28564000768,72437256192,100,15460052992,1244876800,68.0,52.068,69.0,
59767995419694,53.975155776,224.3,18429317120,55234740224,105,1869.0,10.0,28564000768,72437256192,100,15460052992,1244876800,68.0,52.086,69.0,
59768048853577,54.028589659,187.9,18429317120,55234740224,105,1800.0,11.9,28564000768,72437256192,100,15460052992,1244876800,68.0,52.073,69.0,
59768101805955,54.081542037,207.7,18429317120,55234740224,105,1866.0,10.7,28564000768,72437256192,100,15460052992,1244876800,69.0,52.086,69.0,
59768154018654,54.133754736,210.3,18429321216,55234740224,105,1780.0,12.5,28564000768,72437256192,100,15460052992,1244876800,68.0,52.086,69.0,
59768209385197,54.189121279,198.6,18429321216,55234740224,105,1840.0,10.8,28564484096,72436772864,100,15460052992,1244876800,69.0,52.083,69.0,
59768262932313,54.242668395,224.1,18429325312,55234740224,105,1750.0,11.8,28564484096,72436772864,100,15460052992,1244876800,68.0,52.096,69.0,
59768315912463,54.295648545,189.2,18429325312,55234740224,105,1837.0,11.2,28564484096,72436772864,100,15460052992,1244876800,68.0,52.086,69.0,
59768369913852,54.349649934,203.4,18429325312,55234740224,105,1806.0,10.4,28564971520,72436285440,100,15460052992,1244876800,68.0,52.092,69.0,
59768423923857,54.403659939,203.6,18429325312,55234740224,105,1800.0,12.4,28565200896,72436056064,100,15460052992,1244876800,68.0,52.075,69.0,
59768479088360,54.458824442,235.9,18429325312,55234740224,105,1821.0,9.7,28565430272,72435826688,100,15460052992,1244876800,68.0,52.087,69.0,
59768534170248,54.51390633,399.2,18429353984,55234740224,105,1754.0,24.4,28565430272,72435826688,100,15460052992,1244876800,68.0,52.072,69.0,
59768588980776,54.568716858,838.9,18429358080,55234740224,105,1856.0,26.0,28565159936,72436097024,100,15460052992,1244876800,68.0,52.093,69.0,
59768642991743,54.622727825,222.2,18429362176,55234740224,105,1821.0,11.6,28565159936,72436097024,100,15460052992,1244876800,68.0,52.076,69.0,
59768696955490,54.676691572,203.8,18429362176,55234740224,105,1862.0,11.7,28565663744,72435593216,100,15460052992,1244876800,68.0,52.095,69.0,
59768750950396,54.730686478,203.7,18429362176,55234740224,105,1799.0,13.4,28565663744,72435593216,100,15460052992,1244876800,68.0,52.077,69.0,
59768805008581,54.784744663,203.5,18429362176,55234740224,105,1893.0,11.0,28565893120,72435363840,100,15460052992,1244876800,69.0,52.089,69.0,
59768860160952,54.839897034,217.6,18429366272,55234740224,105,1873.0,11.4,28566122496,72435134464,100,15460052992,1244876800,68.0,52.08,69.0,
59768914059156,54.893795238,204.1,18429370368,55234740224,105,1883.0,9.8,28562337792,72438919168,100,15460052992,1244876800,69.0,52.086,69.0,
59768967966388,54.94770247,203.9,18429370368,55234740224,105,1809.0,10.5,28562038784,72439218176,100,15460052992,1244876800,68.0,52.088,69.0,
59769024010763,55.003746845,214.3,18429370368,55234740224,105,1860.0,9.7,28557443072,72443813888,100,15460052992,1244876800,69.0,52.084,69.0,
59769078156222,55.057892304,203.0,18429374464,55234740224,105,1821.0,12.0,28561055744,72440201216,100,15460052992,1244876800,68.0,52.092,69.0,
59769132052553,55.111788635,204.2,18429378560,55234740224,105,1820.0,10.7,28561285120,72439971840,100,15460052992,1244876800,69.0,52.08,69.0,
59769185959685,55.165695767,204.0,18429378560,55234740224,105,1799.0,9.9,28561022976,72440233984,100,15460052992,1244876800,69.0,52.089,69.0,
59769241121062,55.220857144,217.6,18429378560,55234740224,105,1811.0,10.9,28560531456,72440725504,100,15460052992,1244876800,69.0,52.075,69.0,
59769295039184,55.274775266,203.9,18429378560,55234740224,105,1814.0,8.8,28560531456,72440725504,100,15460052992,1244876800,68.0,52.084,69.125,
59769349109892,55.328845974,203.7,18429378560,55234740224,105,1857.0,10.5,28559548416,72441708544,100,15460052992,1244876800,68.0,52.069,69.0,
59769403051498,55.38278758,203.9,18429378560,55234740224,105,1821.0,11.0,28559548416,72441708544,100,15460052992,1244876800,69.0,52.088,69.125,
59769457030985,55.436767067,203.8,18429378560,55234740224,105,1850.0,11.0,28559548416,72441708544,100,15460052992,1244876800,69.0,52.064,69.125,
59769511066978,55.49080306,203.6,18429378560,55234740224,105,1839.0,9.4,28559548416,72441708544,100,15460052992,1244876800,68.0,52.088,69.125,
59769564968839,55.544704921,222.6,18429378560,55234740224,105,1850.0,11.0,28559548416,72441708544,100,15460052992,1244876800,68.0,52.068,69.125,
59769618955780,55.598691862,222.2,18429378560,55234740224,105,1830.0,10.4,28559290368,72441966592,100,15460052992,1244876800,68.0,52.088,69.125,
59769677070845,55.656806927,189.3,18429386752,55234740224,105,1804.0,11.8,28559290368,72441966592,100,15460052992,1244876800,68.0,52.073,69.125,
59769731111116,55.710847198,221.6,18429386752,55234740224,105,1863.0,11.9,28559290368,72441966592,100,15460052992,1244876800,68.0,52.087,69.125,
59769788289572,55.768025654,210.3,18429386752,55234740224,105,1815.0,12.8,28559519744,72441737216,100,15460052992,1244876800,68.0,52.074,69.125,
59769843060054,55.822796136,200.8,18429386752,55234740224,105,1847.0,8.7,28559257600,72441999360,100,15460052992,1244876800,69.0,52.088,69.125,
59769897155529,55.876891611,203.3,18429386752,55234740224,105,1806.0,11.1,28552855552,72448401408,100,15460052992,1244876800,68.0,52.078,69.125,
59769951064393,55.930800475,204.1,18429386752,55234740224,105,1865.0,9.3,28552626176,72448630784,100,15460052992,1244876800,69.0,52.086,69.125,
59770006084905,55.985820987,217.9,18429386752,55234740224,105,1850.0,11.2,28552626176,72448630784,100,15460052992,1244876800,68.0,52.083,69.125,
59770061115686,56.040851768,218.2,18429386752,55234740224,105,1842.0,9.9,28552880128,72448376832,100,15460052992,1244876800,69.0,52.084,69.0,
59770115140729,56.094876811,203.6,18429386752,55234740224,105,1829.0,10.3,28553109504,72448147456,100,15460052992,1244876800,69.0,52.088,69.0,
59770170154729,56.149890811,200.0,18429386752,55234740224,105,1823.0,9.9,28553109504,72448147456,100,15460052992,1244876800,69.0,52.079,69.0,
59770224057842,56.203793924,222.5,18429394944,55234740224,105,1812.0,10.3,28553109504,72448147456,100,15460052992,1244876800,69.0,52.086,69.0,
59770279131183,56.258867265,199.8,18429394944,55234740224,105,1844.0,11.0,28553338880,72447918080,100,15460052992,1244876800,69.0,52.075,69.0,
59770333235524,56.312971606,203.2,18429394944,55234740224,105,1855.0,9.7,28553338880,72447918080,100,15460052992,1244876800,68.0,52.087,69.0,
59770388122396,56.367858478,218.5,18429394944,55234740224,105,1842.0,11.9,28553338880,72447918080,100,15460052992,1244876800,68.0,52.069,69.0,
59770443090389,56.422826471,200.4,18429394944,55234740224,105,1846.0,9.4,28553338880,72447918080,100,15460052992,1244876800,69.0,52.088,69.125,
59770497095764,56.476831846,203.7,18429394944,55234740224,105,1846.0,11.1,28553338880,72447918080,100,15460052992,1244876800,67.0,52.062,69.0,
59770551125845,56.530861927,222.2,18429394944,55234740224,105,1860.0,9.4,28553338880,72447918080,100,15460052992,1244876800,68.0,52.088,69.0,
59770604940171,56.584676253,204.2,18429394944,55234740224,105,1826.0,11.6,28553568256,72447688704,100,15460052992,1244876800,68.0,52.068,69.0,
59770659050453,56.638786535,203.4,18429394944,55234740224,105,1856.0,9.4,28553568256,72447688704,100,15460052992,1244876800,68.0,52.088,69.0,
59770715212970,56.694949052,196.0,18429394944,55234740224,105,1840.0,15.1,28553568256,72447688704,100,15460052992,1244876800,68.0,52.073,69.0,
59770769204990,56.748941072,203.4,18429394944,55234740224,105,1872.0,10.9,28553568256,72447688704,100,15460052992,1244876800,68.0,52.086,69.0,
59770823071414,56.802807496,223.1,18429403136,55234740224,105,1835.0,10.7,28551712768,72449544192,100,15460052992,1244876800,68.0,52.072,69.0,
59770877068944,56.856805026,203.7,18429403136,55234740224,105,1832.0,12.0,28545159168,72456097792,100,15462150144,1244876800,69.0,52.089,69.0,
59770931028983,56.910765065,203.9,18429403136,55234740224,105,1821.0,13.0,28545159168,72456097792,100,15462150144,1241120768,68.0,52.081,69.0,
59770985062962,56.964799044,203.6,18429403136,55234740224,105,1802.0,11.0,28544704512,72456552448,100,15462150144,1241120768,69.0,52.084,69.0,
59771039091631,57.018827713,203.6,18429403136,55234740224,105,1809.0,12.8,28544704512,72456552448,100,15462150144,1241120768,68.0,52.089,69.0,
59771093120029,57.072856111,222.0,18429403136,55234740224,105,1841.0,12.2,28551929856,72449327104,100,15462150144,1241120768,68.0,52.079,69.0,
59771147178794,57.126914876,203.5,18429403136,55234740224,105,1812.0,10.5,28552159232,72449097728,100,15462150144,1241120768,69.0,52.087,69.0,
59771201037653,57.180773735,222.8,18429403136,55234740224,105,1761.0,13.4,28552413184,72448843776,100,15462150144,1241120768,68.0,52.073,69.0,
59771255078635,57.234814717,203.6,18429403136,55234740224,105,1817.0,9.3,28552155136,72449101824,100,15462150144,1241120768,68.0,52.085,69.0,
59771309068320,57.288804402,203.7,18429407232,55234740224,105,1818.0,12.3,28552384512,72448872448,100,15462150144,1241120768,69.0,52.07,69.0,
59771363069317,57.342805399,203.8,18429407232,55234740224,105,1791.0,10.5,28552384512,72448872448,100,15462150144,1241120768,68.0,52.091,69.0,
59771417232689,57.396968771,203.0,18429411328,55234740224,105,1827.0,11.7,28552384512,72448872448,100,15462150144,1241120768,68.0,52.067,69.0,
59771471226331,57.450962413,222.3,18429411328,55234740224,105,1814.0,12.1,28552384512,72448872448,100,15462150144,1241120768,68.0,52.091,69.0,
59771525057559,57.504793641,204.2,18429411328,55234740224,105,1806.0,11.8,28552314880,72448942080,100,15462150144,1241120768,68.0,52.07,69.0,
59771579181215,57.558917297,203.3,18429411328,55234740224,105,1829.0,10.5,28553089024,72448167936,100,15462150144,1241120768,68.0,52.088,69.0,
59771633141435,57.612877517,185.4,18429411328,55234740224,105,1767.0,13.9,28552572928,72448684032,100,15462150144,1241120768,68.0,52.075,69.0,
59771687126812,57.666862894,203.8,18429411328,55234740224,105,1802.0,12.1,28552044544,72449212416,100,15462150144,1241120768,69.0,52.095,69.0,
59771741326291,57.721062373,221.4,18429415424,55234740224,105,1827.0,13.5,28551929856,72449327104,100,15462150144,1241120768,68.0,52.085,69.0,
59771795266312,57.775002394,204.0,18429415424,55234740224,105,1867.0,14.1,28551929856,72449327104,100,15462150144,1241120768,69.0,52.085,69.0,
59771849133207,57.828869289,204.2,18429419520,55234740224,105,1848.0,11.6,28550381568,72450875392,100,15462150144,1241120768,69.0,52.089,69.0,
59771903151595,57.882887677,203.6,18429419520,55234740224,105,1817.0,11.7,28548747264,72452509696,100,15462150144,1241120768,69.0,52.08,69.0,
59771957217724,57.936953806,203.4,18429423616,55234740224,105,1779.0,11.4,28546658304,72454598656,100,15462150144,1241120768,68.0,52.089,69.125,
59772012408255,57.992144337,217.6,18429423616,55234740224,105,1788.0,11.5,28546887680,72454369280,100,15462150144,1241120768,69.0,52.073,69.0,
59772066160704,58.045896786,223.1,18429423616,55234740224,105,1805.0,10.5,28547010560,72454246400,100,15462150144,1241120768,68.0,52.084,69.125,
59772120155458,58.09989154,203.8,18429423616,55234740224,105,1779.0,12.4,28547010560,72454246400,100,15462150144,1241120768,69.0,52.067,69.0,
59772174174178,58.15391026,203.6,18429423616,55234740224,105,1825.0,11.0,28546486272,72454770688,100,15462150144,1241120768,68.0,52.088,69.125,
59772228132774,58.207868856,204.0,18429427712,55234740224,105,1744.0,13.7,28546101248,72455155712,100,15462150144,1241120768,68.0,52.065,69.0,
59772289563867,58.269299949,911.1,18429427712,55234740224,105,1846.0,35.3,28546330624,72454926336,100,15462150144,1241120768,68.0,52.09,69.0,
59772344053592,58.323789674,220.3,18429427712,55234740224,105,1830.0,11.8,28546330624,72454926336,100,15462150144,1241120768,68.0,52.069,69.0,
59772398165466,58.377901548,203.1,18429427712,55234740224,105,1843.0,11.0,28546330624,72454926336,100,15462150144,1241120768,68.0,52.088,69.0,
59772453262241,58.432998323,199.8,18429427712,55234740224,105,1839.0,11.5,28546330624,72454926336,100,15462150144,1241120768,68.0,52.074,69.0,
59772507165072,58.486901154,222.6,18429431808,55234740224,105,1871.0,9.9,28546560000,72454696960,100,15462150144,1241120768,69.0,52.088,69.0,
59772561073744,58.540809826,204.1,18429431808,55234740224,105,1840.0,12.7,28546789376,72454467584,100,15462150144,1241120768,68.0,52.084,69.0,
59772615392637,58.595128719,202.5,18429431808,55234740224,105,1856.0,10.4,28547018752,72454238208,100,15462150144,1241120768,69.0,52.086,69.0,
59772669231869,58.648967951,204.3,18429431808,55234740224,105,1845.0,11.1,28547010560,72454246400,100,15462150144,1241120768,69.0,52.091,69.0,
59772723203038,58.70293912,203.8,18429431808,55234740224,105,1828.0,14.0,28547010560,72454246400,100,15462150144,1241120768,69.0,52.082,69.0,
59772777166734,58.756902816,203.8,18429431808,55234740224,105,1835.0,11.6,28546748416,72454508544,100,15462150144,1241120768,68.0,52.087,69.0,
59772831067331,58.810803413,222.7,18429431808,55234740224,105,1856.0,11.7,28546977792,72454279168,100,15462150144,1241120768,69.0,52.067,69.0,
59772885193833,58.864929915,203.3,18429431808,55234740224,105,1795.0,10.3,28542754816,72458502144,100,15462150144,1241120768,68.0,52.084,69.0,
59772939225656,58.918961738,203.5,18429431808,55234740224,105,1792.0,11.7,28543008768,72458248192,100,15462150144,1241120768,68.0,52.063,69.0,
59772993354462,58.973090544,221.7,18429431808,55234740224,105,1828.0,9.3,28543238144,72458018816,100,15462150144,1241120768,69.0,52.087,69.0,
59773047062217,59.026798299,204.8,18429435904,55234740224,105,1835.0,11.7,28542980096,72458276864,100,15462150144,1241120768,68.0,52.068,69.0,
59773101146750,59.080882832,203.4,18429435904,55234740224,105,1831.0,10.4,28543754240,72457502720,100,15462150144,1241120768,69.0,52.088,69.0,
59773156282537,59.136018619,199.5,18429435904,55234740224,105,1800.0,11.3,28543582208,72457674752,100,15462150144,1241120768,68.0,52.07,69.0,
59773210248306,59.189984388,203.7,18429435904,55234740224,105,1829.0,9.3,28543320064,72457936896,100,15462150144,1241120768,68.0,52.087,69.0,
59773264251456,59.243987538,222.3,18429435904,55234740224,105,1840.0,10.5,28543545344,72457711616,100,15462150144,1241120768,68.0,52.074,69.0,
59773318258533,59.297994615,203.8,18429435904,55234740224,105,1872.0,9.3,28543287296,72457969664,100,15462150144,1241120768,69.0,52.087,69.0,
59773372153840,59.351889922,204.0,18429435904,55234740224,105,1799.0,12.7,28543287296,72457969664,100,15462150144,1241120768,68.0,52.083,69.0,
59773426197727,59.405933809,203.6,18429435904,55234740224,105,1847.0,11.0,28543254528,72458002432,100,15462150144,1241120768,69.0,52.084,69.0,
59773480196528,59.45993261,222.1,18429435904,55234740224,105,1766.0,9.4,28543086592,72458170368,100,15462150144,1241120768,68.0,52.088,69.0,
59773535247456,59.514983538,199.9,18429435904,55234740224,105,1809.0,10.9,28542857216,72458399744,100,15462150144,1241120768,69.0,52.079,69.0,
59773589264551,59.569000633,203.6,18429440000,55234740224,105,1841.0,11.0,28542857216,72458399744,100,15462150144,1241120768,69.0,52.089,69.0,
59773645246046,59.624982128,214.4,18429444096,55234740224,105,1831.0,11.2,28543086592,72458170368,100,15462150144,1241120768,69.0,52.072,69.0,
59773699374150,59.679110232,203.1,18429444096,55234740224,105,1817.0,11.3,28543045632,72458211328,100,15462150144,1241120768,68.0,52.087,69.125,
59773755368290,59.735104372,196.5,18429444096,55234740224,105,1760.0,14.2,28543045632,72458211328,100,15462150144,1241120768,68.0,52.071,69.0,
59773810259547,59.789995629,218.8,18429444096,55234740224,105,1846.0,8.7,28543045632,72458211328,100,15462150144,1241120768,69.0,52.086,69.0,
59773864213053,59.843949135,222.3,18429444096,55234740224,105,1829.0,11.8,28539944960,72461312000,100,15462150144,1241120768,69.0,52.063,69.0,
59773918285212,59.898021294,185.0,18429444096,55234740224,105,1823.0,9.2,28539658240,72461598720,100,15462150144,1241120768,69.0,52.088,69.125,
59773972061365,59.951797447,204.5,18429444096,55234740224,105,1801.0,11.7,28536844288,72464412672,100,15462150144,1241120768,68.0,52.064,69.0,
59774026284197,60.006020279,221.2,18429444096,55234740224,105,1836.0,10.3,28536844288,72464412672,100,15462150144,1241120768,69.0,52.087,69.125,
59774081187317,60.060923399,200.5,18429444096,55234740224,105,1836.0,10.5,28536844288,72464412672,100,15462150144,1241120768,68.0,52.07,69.125,
59774135276117,60.115012199,184.7,18429448192,55234740224,105,1866.0,10.6,28536844288,72464412672,100,15462150144,1241120768,68.0,52.087,69.125,
59774191189875,60.170925957,232.7,18429452288,55234740224,105,1838.0,11.1,28537098240,72464158720,100,15462150144,1241120768,68.0,52.075,69.125,
59774245240664,60.224976746,203.6,18429452288,55234740224,105,1890.0,9.3,28537327616,72463929344,100,15462150144,1241120768,69.0,52.087,69.125,
59774299177739,60.278913821,203.9,18429452288,55234740224,105,1849.0,11.6,28537327616,72463929344,100,15462150144,1241120768,68.0,52.084,69.125,
59774353292548,60.33302863,203.3,18429452288,55234740224,105,1860.0,9.9,28537327616,72463929344,100,15462150144,1241120768,69.0,52.091,69.125,
59774407268526,60.387004608,222.2,18429452288,55234740224,105,1797.0,15.0,28537810944,72463446016,100,15462150144,1241120768,68.0,52.094,69.125,
59774461239295,60.440975377,203.9,18429452288,55234740224,105,1858.0,9.9,28537810944,72463446016,100,15462150144,1241120768,69.0,52.082,69.125,
59774515266188,60.49500227,203.6,18429452288,55234740224,105,1839.0,10.9,28537810944,72463446016,100,15462150144,1241120768,68.0,52.093,69.125,
59774569300836,60.549036918,203.7,18429452288,55234740224,105,1845.0,10.6,28535197696,72466059264,100,15462150144,1241120768,69.0,52.076,69.125,
59774623343259,60.603079341,203.5,18429452288,55234740224,105,1825.0,9.3,28532584448,72468672512,100,15462150144,1241120768,68.0,52.087,69.125,
59774677356927,60.657093009,203.6,18429456384,55234740224,105,1821.0,11.1,28532572160,72468684800,100,15462150144,1241120768,68.0,52.073,69.125,
59774731269436,60.711005518,204.0,18429456384,55234740224,105,1861.0,12.7,28532051968,72469204992,100,15462150144,1241120768,68.0,52.093,69.125,
59774785145767,60.764881849,204.2,18429460480,55234740224,105,1849.0,11.7,28532535296,72468721664,100,15462150144,1241120768,68.0,52.067,69.125,
59774839217795,60.818953877,203.5,18429460480,55234740224,105,1843.0,9.8,28532506624,72468750336,100,15462150144,1241120768,68.0,52.09,69.125,
59774893177562,60.872913644,222.4,18429460480,55234740224,105,1858.0,11.0,28532736000,72468520960,100,15464247296,1241120768,68.0,52.071,69.125,
59774947390064,60.927126146,202.6,18429460480,55234740224,105,1851.0,10.3,28531781632,72469475328,100,15464247296,1241120768,68.0,52.089,69.125,
59775010321384,60.990057466,222.8,18429460480,55234740224,105,1847.0,12.5,28531503104,72469753856,100,15464247296,1241120768,68.0,52.071,69.125,
59775064289637,61.044025719,203.5,18429460480,55234740224,105,1863.0,12.1,28532764672,72468492288,100,15464247296,1241120768,68.0,52.088,69.125,
59775119308363,61.099044445,218.5,18429464576,55234740224,105,1792.0,12.7,28532736000,72468520960,100,15464247296,1241120768,68.0,52.076,69.125,
59775173352469,61.153088551,203.5,18429464576,55234740224,105,1857.0,9.8,28532678656,72468578304,100,15464247296,1241120768,69.0,52.089,69.125,
59775227351029,61.207087111,185.2,18429464576,55234740224,105,1820.0,12.8,28532678656,72468578304,100,15464247296,1241120768,68.0,52.084,69.125,
59775281589260,61.261325342,202.8,18429468672,55234740224,105,1833.0,11.1,28532637696,72468619264,100,15464247296,1241120768,69.0,52.086,69.125,
59775335322742,61.315058824,223.3,18429468672,55234740224,105,1834.0,11.6,28532350976,72468905984,100,15464247296,1241120768,69.0,52.095,69.125,
59775389301254,61.369037336,203.8,18429472768,55234740224,105,1809.0,13.8,28532064256,72469192704,100,15464247296,1241120768,69.0,52.085,69.125,
59775443287652,61.423023734,203.8,18429472768,55234740224,105,1825.0,9.9,28532322304,72468934656,100,15464247296,1241120768,69.0,52.093,69.125,
59775498420182,61.478156264,199.4,18429472768,55234740224,105,1807.0,13.6,28532035584,72469221376,100,15464247296,1241120768,68.0,52.079,69.125,
59775552305118,61.5320412,222.8,18429472768,55234740224,105,1838.0,9.4,28531978240,72469278720,100,15464247296,1241120768,68.0,52.09,69.125,
59775606277278,61.58601336,203.7,18429472768,55234740224,105,1814.0,13.3,28531691520,72469565440,100,15464247296,1241120768,69.0,52.071,69.125,
59775660323568,61.64005965,203.5,18429472768,55234740224,105,1852.0,10.4,28531433472,72469823488,100,15464247296,1241120768,68.0,52.092,69.125,
59775714256925,61.693993007,204.0,18429472768,55234740224,105,1828.0,14.0,28531134464,72470122496,100,15464247296,1241120768,68.0,52.073,69.125,
59775768264151,61.748000233,222.2,18429476864,55234740224,105,1837.0,12.3,28531335168,72469921792,100,15464247296,1241120768,68.0,52.091,69.125,
59775822214610,61.801950692,203.9,18429476864,55234740224,105,1779.0,13.3,28531396608,72469860352,100,15464247296,1241120768,68.0,52.073,69.125,
59775876332063,61.856068145,202.9,18429476864,55234740224,105,1839.0,10.3,28529123328,72472133632,100,15464247296,1241120768,68.0,52.089,69.125,
59775930460487,61.910196569,203.6,18429485056,55234740224,105,1820.0,13.7,28528295936,72472961024,100,15464247296,1241120768,68.0,52.078,69.125,
59775988681849,61.968417931,944.8,18429501440,55234740224,105,1857.0,34.5,28528549888,72472707072,100,15464247296,1241120768,69.0,52.092,69.125,
59776043224180,62.022960262,201.6,18429501440,55234740224,105,1847.0,12.1,28528549888,72472707072,100,15464247296,1241120768,68.0,52.088,69.125,
59776097304413,62.077040495,203.4,18429501440,55234740224,105,1795.0,12.1,28528254976,72473001984,100,15464247296,1241120768,69.0,52.086,69.125,
59776151340573,62.131076655,222.1,18429501440,55234740224,105,1763.0,13.2,28528152576,72473104384,100,15464247296,1241120768,68.0,52.092,69.125,
59776205252280,62.184988362,204.0,18429505536,55234740224,105,1831.0,11.7,28528152576,72473104384,100,15464247296,1241120768,69.0,52.08,69.125,
59776259430878,62.23916696,203.0,18429505536,55234740224,105,1843.0,11.0,28528152576,72473104384,100,15464247296,1241120768,69.0,52.086,69.125,
59776313353736,62.293089818,204.0,18429505536,55234740224,105,1810.0,12.7,28528381952,72472875008,100,15464247296,1241120768,68.0,52.07,69.125,
59776367378885,62.347114967,222.2,18429505536,55234740224,105,1858.0,9.5,28528381952,72472875008,100,15464247296,1241120768,68.0,52.088,69.125,
59776423412307,62.403148389,196.3,18429505536,55234740224,105,1855.0,13.4,28528381952,72472875008,100,15464247296,1241120768,68.0,52.069,69.125,
59776477392112,62.457128194,203.9,18429505536,55234740224,105,1859.0,9.9,28528381952,72472875008,100,15464247296,1241120768,68.0,52.089,69.125,
59776531234678,62.51097076,204.2,18429505536,55234740224,105,1854.0,11.1,28528381952,72472875008,100,15466344448,1241120768,68.0,52.069,69.125,
59776585344777,62.565080859,221.8,18429505536,55234740224,105,1845.0,10.9,28528381952,72472875008,100,15466344448,1241120768,68.0,52.089,69.125,
59776639371779,62.619107861,203.6,18429505536,55234740224,105,1845.0,11.0,28528381952,72472875008,100,15466344448,1241120768,68.0,52.07,69.125,
59776693349570,62.673085652,203.9,18429505536,55234740224,105,1845.0,12.4,28528369664,72472887296,100,15466344448,1241120768,69.0,52.093,69.125,
59776746182970,62.725919052,208.4,18429513728,55234740224,105,1797.0,14.3,28528369664,72472887296,100,15466344448,1241120768,68.0,52.083,69.125,
59776799269777,62.779005859,188.5,18429513728,55234740224,105,1823.0,13.0,28528369664,72472887296,100,15466344448,1241120768,69.0,52.089,69.125,
59776854212490,62.833948572,218.4,18429513728,55234740224,105,1790.0,10.9,28527599616,72473657344,100,15466344448,1241120768,69.0,52.09,69.125,
59776906299809,62.886035891,211.2,18429513728,55234740224,105,1828.0,10.1,28527017984,72474238976,100,15466344448,1241120768,69.0,52.079,69.125,
59776959280867,62.939016949,188.5,18429513728,55234740224,105,1815.0,8.8,28527017984,72474238976,100,15466344448,1241120768,68.0,52.088,69.125,
59777012285549,62.992021631,207.8,18429513728,55234740224,105,1860.0,10.2,28527247360,72474009600,100,15466344448,1241120768,68.0,52.073,69.125,
59777065270725,63.045006807,207.2,18429513728,55234740224,105,1876.0,9.9,28531343360,72469913600,100,15466344448,1241120768,68.0,52.083,69.125,
59777119378951,63.099115033,221.9,18429513728,55234740224,105,1847.0,12.3,28532375552,72468881408,100,15466344448,1241120768,68.0,52.068,69.125,
59777173359095,63.153095177,203.8,18429513728,55234740224,105,1842.0,9.2,28532629504,72468627456,100,15466344448,1241120768,68.0,52.088,69.125,
59777227396217,63.207132299,203.5,18429513728,55234740224,105,1804.0,11.0,28532584448,72468672512,100,15466344448,1241120768,68.0,52.065,69.125,
59777281369709,63.261105791,203.9,18429513728,55234740224,105,1825.0,8.8,28532584448,72468672512,100,15466344448,1241120768,68.0,52.088,69.125,
59777336390779,63.316126861,199.8,18429513728,55234740224,105,1848.0,10.8,28532322304,72468934656,100,15466344448,1241120768,68.0,52.072,69.125,
59777390362809,63.370098891,203.9,18429517824,55234740224,105,1895.0,10.5,28532322304,72468934656,100,15466344448,1241120768,68.0,52.092,69.125,
59777445440605,63.425176687,236.0,18429517824,55234740224,105,1854.0,10.2,28532322304,72468934656,100,15466344448,1241120768,68.0,52.075,69.125,
59777499390503,63.479126585,203.9,18429517824,55234740224,105,1861.0,9.3,28532551680,72468705280,100,15466344448,1241120768,68.0,52.09,69.125,
59777557405225,63.537141307,189.6,18429517824,55234740224,105,1845.0,10.9,28532551680,72468705280,100,15466344448,1241120768,68.0,52.078,69.125,
59777611381332,63.591117414,222.4,18429517824,55234740224,105,1845.0,8.7,28532551680,72468705280,100,15466344448,1241120768,69.0,52.092,69.125,
59777666528268,63.64626435,217.4,18429517824,55234740224,105,1829.0,11.9,28532539392,72468717568,100,15466344448,1241120768,68.0,52.083,69.125,
59777721454669,63.701190751,200.4,18429517824,55234740224,105,1835.0,17.5,28547670016,72453586944,100,15466344448,1241120768,69.0,52.097,69.125,
59777775357478,63.75509356,204.1,18429517824,55234740224,105,1812.0,12.2,28548157440,72453099520,100,15466344448,1241120768,69.0,52.091,69.125,
59777829351108,63.80908719,203.7,18429521920,55234740224,105,1836.0,10.3,28548157440,72453099520,100,15466344448,1241120768,69.0,52.08,69.125,
59777883432653,63.863168735,221.7,18429526016,55234740224,105,1820.0,9.9,28547489792,72453767168,100,15462150144,1241120768,69.0,52.091,69.125,
59777937342385,63.917078467,204.2,18429526016,55234740224,105,1808.0,9.9,28546080768,72455176192,100,15462150144,1241120768,69.0,52.077,69.125,
59777991491015,63.971227097,203.1,18429526016,55234740224,105,1809.0,9.8,28543758336,72457498624,100,15462150144,1241120768,68.0,52.085,69.125,
59778045437557,64.025173639,204.0,18429526016,55234740224,105,1838.0,10.1,28543758336,72457498624,100,15462150144,1241120768,69.0,52.069,69.125,
59778099432308,64.07916839,203.7,18429526016,55234740224,105,1840.0,9.2,28543234048,72458022912,100,15462150144,1241120768,68.0,52.089,69.125,
59778153376795,64.133112877,222.4,18429526016,55234740224,105,1849.0,11.6,28543463424,72457793536,100,15462150144,1241120768,68.0,52.065,69.125,
59778208507541,64.188243623,199.6,18429526016,55234740224,105,1785.0,10.3,28543463424,72457793536,100,15462150144,1241120768,68.0,52.09,69.125,
59778263538980,64.243275062,199.7,18429526016,55234740224,105,1846.0,11.8,28543692800,72457564160,100,15462150144,1241120768,69.0,52.068,69.125,
59778318507170,64.298243252,218.4,18429526016,55234740224,105,1829.0,10.4,28543692800,72457564160,100,15462150144,1241120768,69.0,52.093,69.125,
59778372277731,64.352013813,204.7,18429530112,55234740224,105,1858.0,11.7,28543692800,72457564160,100,15462150144,1241120768,68.0,52.077,69.125,
59778426387889,64.406123971,203.3,18429530112,55234740224,105,1842.0,9.8,28540669952,72460587008,100,15462150144,1241120768,69.0,52.096,69.125,
59778480437654,64.460173736,203.5,18429534208,55234740224,105,1835.0,11.0,28540669952,72460587008,100,15462150144,1241120768,68.0,52.08,69.125,
59778534419210,64.514155292,222.3,18429534208,55234740224,105,1885.0,9.1,28540669952,72460587008,100,15462150144,1241120768,69.0,52.097,69.125,
59778589538083,64.569274165,199.6,18429534208,55234740224,105,1842.0,10.5,28540669952,72460587008,100,15462150144,1241120768,68.0,52.083,69.125,
59778643617173,64.623353255,203.4,18429534208,55234740224,105,1867.0,9.9,28537565184,72463691776,100,15462150144,1241120768,69.0,52.096,69.125,
59778699544263,64.679280345,214.6,18429534208,55234740224,105,1817.0,12.9,28537806848,72463450112,100,15462150144,1241120768,69.0,52.091,69.125,
59778753439718,64.7331758,204.1,18429534208,55234740224,105,1832.0,11.7,28537290752,72463966208,100,15462150144,1241120768,69.0,52.094,69.125,
59778807485846,64.787221928,203.5,18429534208,55234740224,105,1847.0,12.1,28537290752,72463966208,100,15462150144,1241120768,69.0,52.095,69.125,
59778861444269,64.841180351,203.9,18429534208,55234740224,105,1856.0,11.0,28536700928,72464556032,100,15466344448,1241120768,69.0,52.086,69.125,
59778915497610,64.895233692,221.7,18429538304,55234740224,105,1844.0,11.5,28536483840,72464773120,100,15466344448,1241120768,68.0,52.095,69.125,
59778970396780,64.950132862,200.7,18429538304,55234740224,105,1755.0,34.3,28535959552,72465297408,100,15466344448,1241120768,68.0,52.085,69.125,
59779023329026,65.003065108,207.7,18429542400,55234740224,105,1787.0,21.5,28536733696,72464523264,100,15466344448,1241120768,69.0,52.099,69.125,
59779076366148,65.05610223,188.9,18429546496,55234740224,105,1774.0,14.9,28519727104,72481529856,100,15466344448,1241120768,68.0,52.073,69.125,
59779129513428,65.10924951,225.2,18429546496,55234740224,105,1811.0,11.1,28523618304,72477638656,100,15466344448,1241120768,68.0,52.089,69.125,
59779182502600,65.162238682,208.1,18429546496,55234740224,105,1760.0,11.4,28522889216,72478367744,100,15466344448,1241120768,68.0,52.076,69.125,
59779235202880,65.214938962,189.8,18429546496,55234740224,105,1849.0,9.6,28522889216,72478367744,100,15466344448,1241120768,69.0,52.09,69.125,
59779287390817,65.267126899,210.4,18429546496,55234740224,105,1785.0,11.3,28523118592,72478138368,100,15466344448,1241120768,68.0,52.084,69.125,
59779340385099,65.320121181,189.0,18429546496,55234740224,105,1862.0,10.2,28523118592,72478138368,100,15466344448,1241120768,69.0,52.086,69.125,
59779393460954,65.373197036,206.9,18429546496,55234740224,105,1778.0,13.6,28521881600,72479375360,100,15466344448,1241120768,69.0,52.091,69.125,
59779447526038,65.42726212,222.0,18429550592,55234740224,105,1809.0,12.4,28522110976,72479145984,100,15466344448,1241120768,69.0,52.081,69.125,
59779501525577,65.481261659,203.6,18429554688,55234740224,105,1776.0,10.5,28522110976,72479145984,100,15466344448,1241120768,69.0,52.089,69.125,
59779555449425,65.535185507,204.1,18429554688,55234740224,105,1788.0,12.2,28522110976,72479145984,100,15466344448,1241120768,69.0,52.073,69.125,
59779609738729,65.589474811,202.5,18429558784,55234740224,105,1827.0,10.2,28522340352,72478916608,100,15466344448,1241120768,68.0,52.081,69.125,
59779665045314,65.644781396,416.1,18429571072,55234740224,105,1762.0,27.1,28522684416,72478572544,100,15466344448,1241120768,69.0,52.073,69.125,
59779722586586,65.702322668,747.1,18429571072,55234740224,105,1816.0,22.9,28520620032,72480636928,100,15466344448,1241120768,69.0,52.097,69.125,
59779776422028,65.75615811,204.3,18429571072,55234740224,105,1809.0,14.1,28520620032,72480636928,100,15466344448,1241120768,68.0,52.069,69.125,
59779830502920,65.810239002,203.3,18429571072,55234740224,105,1844.0,11.0,28520615936,72480641024,100,15466344448,1241120768,68.0,52.088,69.125,
59779884418913,65.864154995,222.5,18429571072,55234740224,105,1811.0,12.2,28520329216,72480927744,100,15466344448,1241120768,68.0,52.072,69.125,
59779938499255,65.918235337,203.5,18429571072,55234740224,105,1855.0,11.5,28519899136,72481357824,100,15466344448,1241120768,69.0,52.09,69.125,
59779992609092,65.972345174,203.2,18429575168,55234740224,105,1765.0,14.5,28519743488,72481513472,100,15466344448,1241120768,68.0,52.081,69.125,
59780046537357,66.026273439,204.1,18429575168,55234740224,105,1856.0,10.5,28520517632,72480739328,100,15466344448,1241120768,69.0,52.089,69.125,
59780100459261,66.080195343,204.0,18429575168,55234740224,105,1771.0,13.8,28520517632,72480739328,100,15466344448,1241120768,68.0,52.091,69.125,
59780154527600,66.134263682,222.0,18429575168,55234740224,105,1836.0,11.7,28520517632,72480739328,100,15466344448,1241120768,69.0,52.082,69.125,
59780208546236,66.188282318,203.4,18429575168,55234740224,105,1809.0,10.5,28520771584,72480485376,100,15466344448,1241120768,68.0,52.09,69.125,
59780262644411,66.242380493,203.5,18429575168,55234740224,105,1790.0,12.6,28521000960,72480256000,100,15466344448,1241120768,69.0,52.076,69.125,
59780316673917,66.296409999,203.5,18429575168,55234740224,105,1802.0,9.8,28521230336,72480026624,100,15466344448,1241120768,68.0,52.087,69.125,
59780371545114,66.351281196,200.6,18429579264,55234740224,105,1829.0,12.7,28521459712,72479797248,100,15466344448,1241120768,69.0,52.075,69.125,
59780425631086,66.405367168,221.9,18429579264,55234740224,105,1827.0,10.4,28521689088,72479567872,100,15466344448,1241120768,68.0,52.093,69.125,
59780479476045,66.459212127,204.2,18429579264,55234740224,105,1818.0,12.8,28521689088,72479567872,100,15466344448,1241120768,68.0,52.07,69.125,
59780533537872,66.513273954,203.6,18429583360,55234740224,105,1826.0,11.1,28521689088,72479567872,100,15466344448,1241120768,68.0,52.093,69.125,
59780587415843,66.567151925,204.2,18429583360,55234740224,105,1802.0,12.3,28521578496,72479678464,100,15466344448,1241120768,68.0,52.074,69.125,
59780641569051,66.621305133,221.3,18429583360,55234740224,105,1832.0,10.9,28521807872,72479449088,100,15466344448,1241120768,68.0,52.09,69.125,
59780697516779,66.677252861,196.9,18429583360,55234740224,105,1830.0,12.6,28521795584,72479461376,100,15466344448,1241120768,68.0,52.081,69.125,
59780751525887,66.731261969,203.7,18429583360,55234740224,105,1860.0,13.2,28521795584,72479461376,100,15466344448,1241120768,68.0,52.093,69.125,
59780807537074,66.787273156,232.0,18429583360,55234740224,105,1805.0,12.4,28521795584,72479461376,100,15466344448,1241120768,68.0,52.084,69.125,
59780861537345,66.841273427,203.8,18429583360,55234740224,105,1842.0,9.9,28521582592,72479674368,100,15466344448,1241120768,68.0,52.089,69.125,
59780915696725,66.895432807,203.0,18429583360,55234740224,105,1860.0,10.4,28521398272,72479858688,100,15466344448,1241120768,69.0,52.093,69.125,
59780969654495,66.949390577,204.1,18429587456,55234740224,105,1826.0,10.4,28521132032,72480124928,100,15466344448,1241120768,69.0,52.084,69.125,
59781024666396,67.004402478,217.8,18429587456,55234740224,105,1861.0,9.7,28521328640,72479928320,100,15466344448,1241120768,69.0,52.092,69.125,
59781078555338,67.05829142,204.3,18429591552,55234740224,105,1821.0,11.1,28524941312,72476315648,100,15466344448,1241120768,69.0,52.079,69.125,
59781134587726,67.114323808,196.3,18429591552,55234740224,105,1810.0,10.0,28525199360,72476057600,100,15466344448,1241120768,68.0,52.09,69.125,
59781188506343,67.168242425,222.6,18429595648,55234740224,105,1830.0,10.6,28525199360,72476057600,100,15466344448,1241120768,68.0,52.071,69.125,
59781242479593,67.222215675,203.9,18429595648,55234740224,105,1824.0,9.3,28525199360,72476057600,100,15466344448,1241120768,68.0,52.089,69.125,
59781296530058,67.27626614,203.5,18429595648,55234740224,105,1842.0,11.0,28525715456,72475541504,100,15466344448,1241120768,68.0,52.066,69.125,
59781350597635,67.330333717,203.5,18429595648,55234740224,105,1853.0,9.2,28525715456,72475541504,100,15466344448,1241120768,69.0,52.091,69.125,
59781404510572,67.384246654,203.9,18429595648,55234740224,105,1821.0,12.8,28525715456,72475541504,100,15466344448,1241120768,68.0,52.071,69.125,
59781458575964,67.438312046,221.8,18429595648,55234740224,105,1789.0,10.8,28525715456,72475541504,100,15466344448,1241120768,68.0,52.093,69.125,
59781514689023,67.494425105,214.0,18429595648,55234740224,105,1841.0,11.2,28525944832,72475312128,100,15466344448,1241120768,68.0,52.072,69.125,
59781569615693,67.549351775,200.1,18429599744,55234740224,105,1855.0,9.3,28525944832,72475312128,100,15466344448,1241120768,69.0,52.092,69.125,
59781624591105,67.604327187,200.3,18429603840,55234740224,105,1820.0,12.6,28526174208,72475082752,100,15466344448,1241120768,68.0,52.077,69.125,
59781678562030,67.658298112,222.3,18429603840,55234740224,105,1861.0,9.8,28526403584,72474853376,100,15466344448,1241120768,69.0,52.094,69.125,
59781734745902,67.714481984,195.7,18429603840,55234740224,105,1775.0,14.0,28510404608,72490852352,100,15466344448,1241120768,68.0,52.085,69.125,
59781788579599,67.768315681,204.4,18429603840,55234740224,105,1889.0,12.3,28510404608,72490852352,100,15466344448,1241120768,69.0,52.092,69.125,
59781842581813,67.822317895,222.2,18429603840,55234740224,105,1825.0,10.5,28510404608,72490852352,100,15466344448,1241120768,69.0,52.091,69.125,
59781896586402,67.876322484,203.7,18429603840,55234740224,105,1835.0,9.9,28510105600,72491151360,100,15462150144,1241120768,70.0,52.083,69.125,
59781950566594,67.930302676,203.8,18429603840,55234740224,105,1774.0,9.9,28510105600,72491151360,100,15462150144,1241120768,68.0,52.092,69.125,
59782004594356,67.984330438,203.6,18429603840,55234740224,105,1834.0,9.9,28510105600,72491151360,100,15462150144,1241120768,69.0,52.076,69.125,
59782058504467,68.038240549,222.6,18429603840,55234740224,105,1794.0,9.3,28510105600,72491151360,100,15462150144,1241120768,68.0,52.087,69.125,
59782112542909,68.092278991,203.4,18429607936,55234740224,105,1814.0,10.4,28510105600,72491151360,100,15462150144,1241120768,68.0,52.069,69.125,
59782166589586,68.146325668,203.6,18429612032,55234740224,105,1836.0,8.7,28509614080,72491642880,100,15462150144,1241120768,69.0,52.091,69.125,
59782223669651,68.203405733,192.7,18429612032,55234740224,105,1820.0,9.9,28507934720,72493322240,100,15462150144,1241120768,69.0,52.065,69.125,
59782277589020,68.257325102,222.8,18429612032,55234740224,105,1818.0,9.3,28507934720,72493322240,100,15462150144,1241120768,68.0,52.092,69.125,
59782330632032,68.310368114,207.3,18429612032,55234740224,105,1853.0,9.5,28507934720,72493322240,100,15462150144,1241120768,69.0,52.068,69.125,
59782384568392,68.364304474,203.9,18429612032,55234740224,105,1813.0,10.9,28508164096,72493092864,100,15462150144,1241120768,68.0,52.092,69.125,
59782439704686,68.419440768,217.7,18429612032,55234740224,105,1800.0,10.3,28504350720,72496906240,100,15462150144,1241120768,68.0,52.073,69.125,
59782493638912,68.473374994,203.6,18429612032,55234740224,105,1856.0,8.1,28504301568,72496955392,100,15462150144,1241120768,69.0,52.091,69.125,
59782547653990,68.527390072,222.5,18429612032,55234740224,105,1805.0,10.5,28504301568,72496955392,100,15462150144,1241120768,68.0,52.078,69.125,
59782601583116,68.581319198,204.0,18429612032,55234740224,105,1841.0,9.8,28504473600,72496783360,100,15462150144,1241120768,69.0,52.091,69.125,
59782655638138,68.63537422,185.0,18429612032,55234740224,105,1859.0,9.9,28504186880,72497070080,100,15462150144,1241120768,68.0,52.085,69.25,
59782709585699,68.689321781,204.0,18429620224,55234740224,105,1807.0,12.7,28504117248,72497139712,100,15462150144,1241120768,69.0,52.092,69.125,
59782765607165,68.745343247,231.9,18429620224,55234740224,105,1792.0,12.4,28504117248,72497139712,100,15462150144,1241120768,68.0,52.094,69.125,
59782819640567,68.799376649,203.8,18429620224,55234740224,105,1838.0,9.4,28503830528,72497426432,100,15462150144,1241120768,69.0,52.079,69.125,
59782873627582,68.853363664,203.7,18429620224,55234740224,105,1832.0,9.9,28504313856,72496943104,100,15466344448,1241120768,69.0,52.089,69.125,
59782929697429,68.909433511,196.2,18429620224,55234740224,105,1817.0,11.7,28504219648,72497037312,100,15466344448,1241120768,69.0,52.075,69.125,
59782983643567,68.963379649,222.4,18429620224,55234740224,105,1853.0,10.5,28504219648,72497037312,100,15466344448,1241120768,68.0,52.084,69.125,
59783037649067,69.017385149,203.7,18429620224,55234740224,105,1860.0,11.6,28504449024,72496807936,100,15466344448,1241120768,69.0,52.068,69.125,
59783091728565,69.071464647,203.5,18429620224,55234740224,105,1878.0,11.6,28506513408,72494743552,100,15466344448,1241120768,68.0,52.09,69.125,
59783145712735,69.125448817,203.8,18429620224,55234740224,105,1832.0,11.7,28506742784,72494514176,100,15466344448,1241120768,68.0,52.068,69.125,
59783199671968,69.17940805,203.8,18429624320,55234740224,105,1823.0,11.0,28506742784,72494514176,100,15466344448,1241120768,69.0,52.089,69.125,
59783253660485,69.233396567,222.3,18429632512,55234740224,105,1838.0,11.8,28506742784,72494514176,100,15466344448,1241120768,68.0,52.073,69.125,
59783307690491,69.287426573,203.6,18429632512,55234740224,105,1886.0,9.9,28506742784,72494514176,100,15466344448,1241120768,68.0,52.088,69.125,
59783363709282,69.343445364,196.4,18429636608,55234740224,105,1823.0,12.7,28506742784,72494514176,100,15466344448,1241120768,68.0,52.078,69.125,
59783420901447,69.400637529,979.0,18429648896,55234740224,105,1866.0,36.2,28506742784,72494514176,100,15466344448,1241120768,69.0,52.092,69.125,
59783474580233,69.454316315,204.8,18429648896,55234740224,105,1852.0,10.6,28506742784,72494514176,100,15466344448,1241120768,68.0,52.088,69.125,
59783530865464,69.510601546,213.3,18429648896,55234740224,105,1848.0,12.3,28506972160,72494284800,100,15466344448,1241120768,69.0,52.087,69.125,
59783584598482,69.564334564,186.1,18429648896,55234740224,105,1768.0,10.9,28506972160,72494284800,100,15466344448,1241120768,68.0,52.091,69.125,
59783639729805,69.619465887,217.6,18429648896,55234740224,105,1827.0,11.6,28506972160,72494284800,100,15466344448,1241120768,69.0,52.082,69.125,
59783693677456,69.673413538,203.8,18429648896,55234740224,105,1839.0,11.5,28506959872,72494297088,100,15466344448,1241120768,68.0,52.092,69.125,
59783748686269,69.728422351,200.1,18429652992,55234740224,105,1803.0,14.5,28506959872,72494297088,100,15466344448,1241120768,69.0,52.078,69.125,
59783802633108,69.78236919,203.9,18429652992,55234740224,105,1812.0,11.6,28506959872,72494297088,100,15466344448,1241120768,68.0,52.085,69.125,
59783856703029,69.836439111,222.0,18429652992,55234740224,105,1836.0,12.9,28507475968,72493780992,100,15466344448,1241120768,68.0,52.069,69.125,
59783910658674,69.890394756,203.9,18429652992,55234740224,105,1865.0,9.3,28506226688,72495030272,100,15466344448,1241120768,69.0,52.088,69.125,
59783964544198,69.94428028,204.1,18429652992,55234740224,105,1862.0,11.6,28506226688,72495030272,100,15466344448,1241120768,68.0,52.066,69.125,
59784018666166,69.998402248,203.3,18429652992,55234740224,105,1807.0,10.4,28506714112,72494542848,100,15466344448,1241120768,69.0,52.09,69.125,
59784072571387,70.052307469,222.6,18429657088,55234740224,105,1826.0,12.1,28506714112,72494542848,100,15466344448,1241120768,68.0,52.071,69.125,
59784126609337,70.106345419,203.3,18429657088,55234740224,105,1894.0,9.8,28506943488,72494313472,100,15466344448,1241120768,68.0,52.088,69.125,
59784180689296,70.160425378,203.7,18429657088,55234740224,105,1855.0,11.7,28506943488,72494313472,100,15466344448,1241120768,68.0,52.077,69.125,
59784234725442,70.214461524,203.6,18429661184,55234740224,105,1870.0,10.3,28507172864,72494084096,100,15466344448,1241120768,69.0,52.09,69.125,
59784290753380,70.270489462,214.1,18429661184,55234740224,105,1828.0,11.7,28506370048,72494886912,100,15466344448,1241120768,68.0,52.082,69.125,
59784344693046,70.324429128,203.9,18429661184,55234740224,105,1892.0,9.9,28506370048,72494886912,100,15466344448,1241120768,69.0,52.088,69.125,
59784398718543,70.378454625,203.6,18429661184,55234740224,105,1790.0,12.3,28506599424,72494657536,100,15466344448,1241120768,68.0,52.098,69.125,
59784452712911,70.432448993,203.8,18429661184,55234740224,105,1859.0,11.0,28506828800,72494428160,100,15466344448,1241120768,69.0,52.09,69.125,
59784506636556,70.486372638,222.4,18429661184,55234740224,105,1864.0,9.9,28506304512,72494952448,100,15466344448,1241120768,69.0,52.096,69.125,
59784561665116,70.541401198,200.0,18429661184,55234740224,105,1884.0,11.4,28506533888,72494723072,100,15466344448,1241120768,68.0,52.086,69.125,
59784615688017,70.595424099,221.3,18429661184,55234740224,105,1887.0,9.6,28506501120,72494755840,100,15466344448,1241120768,68.0,52.091,69.125,
59784670992957,70.650729039,199.5,18429665280,55234740224,105,1825.0,11.1,28506501120,72494755840,100,15466344448,1241120768,68.0,52.075,69.125,
59784724763163,70.704499245,204.7,18429665280,55234740224,105,1847.0,12.1,28506423296,72494833664,100,15466344448,1241120768,68.0,52.096,69.125,
59784777682833,70.757418915,226.8,18429669376,55234740224,105,1887.0,14.3,28506652672,72494604288,100,15466344448,1241120768,68.0,52.07,69.0,
59784830749628,70.81048571,188.5,18429669376,55234740224,105,1917.0,9.5,28506652672,72494604288,100,15466344448,1241120768,68.0,52.093,69.0,
59784883552909,70.863288991,208.3,18429669376,55234740224,105,1863.0,10.2,28506882048,72494374912,100,15466344448,1241120768,68.0,52.075,69.0,
59784936770107,70.916506189,206.1,18429669376,55234740224,105,1869.0,9.2,28505571328,72495685632,100,15466344448,1241120768,69.0,52.092,69.0,
59784990642766,70.970378848,204.8,18429669376,55234740224,105,1850.0,10.1,28505571328,72495685632,100,15466344448,1241120768,68.0,52.082,69.0,
59785043760687,71.023496769,207.1,18429669376,55234740224,105,1886.0,9.4,28505571328,72495685632,100,15466344448,1241120768,69.0,52.092,69.0,
59785096660008,71.07639609,208.0,18429669376,55234740224,105,1848.0,11.8,28506603520,72494653440,100,15466344448,1241120768,69.0,52.094,69.0,
59785149660910,71.129396992,188.5,18429669376,55234740224,105,1911.0,31.4,28506832896,72494424064,100,15466344448,1241120768,68.0,52.095,69.0,
59785202649308,71.18238539,226.6,18429677568,55234740224,105,1921.0,14.8,28498329600,72502927360,100,15466344448,1241120768,67.0,52.089,69.0,
59785255733066,71.235469148,207.5,18429677568,55234740224,105,1889.0,11.2,28498067456,72503189504,100,15466344448,1241120768,68.0,52.063,69.0,
59785308653366,71.288389448,188.6,18429681664,55234740224,105,1865.0,9.4,28497530880,72503726080,100,15466344448,1241120768,69.0,52.088,69.0,
59785361610496,71.341346578,207.7,18429681664,55234740224,105,1890.0,10.7,28497530880,72503726080,100,15466344448,1241120768,68.0,52.069,69.0,
59785414716324,71.394452406,207.1,18429681664,55234740224,105,1881.0,11.1,28496875520,72504381440,100,15466344448,1241120768,69.0,52.09,69.0,
59785467683403,71.447419485,208.0,18429681664,55234740224,105,1793.0,10.8,28496875520,72504381440,100,15466344448,1241120768,68.0,52.076,69.0,
59785520751049,71.500487131,206.9,18429681664,55234740224,105,1904.0,8.8,28496875520,72504381440,100,15466344448,1241120768,69.0,52.092,69.0,
59785574842679,71.554578761,203.7,18429681664,55234740224,105,1864.0,10.5,28495794176,72505462784,100,15466344448,1241120768,68.0,52.084,69.0,
59785627637664,71.607373746,208.4,18429681664,55234740224,105,1831.0,9.6,28495794176,72505462784,100,15466344448,1241120768,69.0,52.09,69.0,
59785680695522,71.660431604,206.9,18429681664,55234740224,105,1866.0,11.7,28495781888,72505475072,100,15466344448,1241120768,68.0,52.095,69.0,
59785733659805,71.713395887,208.1,18429681664,55234740224,105,1824.0,14.3,28495781888,72505475072,100,15466344448,1241120768,69.0,52.085,69.0,
59785786622624,71.766358706,207.3,18429685760,55234740224,105,1821.0,11.8,28495769600,72505487360,100,15466344448,1241120768,68.0,52.088,69.0,
59785839699458,71.81943554,188.8,18429685760,55234740224,105,1819.0,9.0,28495769600,72505487360,100,15466344448,1241120768,68.0,52.066,69.0,
59785892668440,71.872404522,207.3,18429689856,55234740224,105,1844.0,9.4,28495769600,72505487360,100,15462150144,1241120768,68.0,52.091,69.0,
59785945612404,71.925348486,208.1,18429689856,55234740224,105,1818.0,10.8,28496248832,72505008128,100,15462150144,1241120768,69.0,52.069,69.0,
59785998621100,71.978357182,207.2,18429689856,55234740224,105,1834.0,8.8,28495728640,72505528320,100,15462150144,1241120768,68.0,52.091,69.0,
59786051610089,72.031346171,208.0,18429689856,55234740224,105,1819.0,11.2,28495958016,72505298944,100,15462150144,1241120768,69.0,52.073,69.0,
59786105430169,72.085166251,203.8,18429689856,55234740224,105,1892.0,8.7,28496187392,72505069568,100,15462150144,1241120768,68.0,52.091,69.0,
59786158757694,72.138493776,206.5,18429689856,55234740224,105,1859.0,10.1,28496187392,72505069568,100,15462150144,1241120768,68.0,52.079,69.0,
59786211830560,72.191566642,207.2,18429689856,55234740224,105,1875.0,8.8,28495925248,72505331712,100,15462150144,1241120768,69.0,52.09,69.0,
59786264827564,72.244563646,207.7,18429689856,55234740224,105,1878.0,9.5,28496154624,72505102336,100,15462150144,1241120768,68.0,52.086,69.125,
59786317715934,72.297452016,189.1,18429689856,55234740224,105,1884.0,9.4,28496154624,72505102336,100,15462150144,1241120768,69.0,52.086,69.125,
59786370818276,72.350554358,225.8,18429698048,55234740224,105,1844.0,10.1,28493574144,72507682816,100,15462150144,1241120768,69.0,52.095,69.125,
59786423772860,72.403508942,207.7,18429698048,55234740224,105,1858.0,10.1,28493168640,72508088320,100,15462150144,1241120768,69.0,52.087,69.125,
59786476688862,72.456424944,189.0,18429698048,55234740224,105,1876.0,8.3,28493168640,72508088320,100,15462150144,1241120768,68.0,52.096,69.125,
59786530842328,72.51057841,203.1,18429698048,55234740224,105,1851.0,10.4,28493168640,72508088320,100,15462150144,1241120768,69.0,52.077,69.125,
59786583769530,72.563505612,207.3,18429698048,55234740224,105,1800.0,9.7,28493168640,72508088320,100,15462150144,1241120768,68.0,52.093,69.125,
59786637873753,72.617609835,203.8,18429698048,55234740224,105,1858.0,9.5,28493168640,72508088320,100,15462150144,1241120768,69.0,52.072,69.125,
59786691809290,72.671545372,222.5,18429698048,55234740224,105,1832.0,10.4,28493156352,72508100608,100,15462150144,1241120768,68.0,52.098,69.125,
59786745694301,72.725430383,204.0,18429698048,55234740224,105,1842.0,13.4,28493156352,72508100608,100,15462150144,1241120768,68.0,52.078,69.125,
59786799870119,72.779606201,203.1,18429698048,55234740224,105,1871.0,9.9,28491145216,72510111744,100,15462150144,1241120768,68.0,52.094,69.125,
59786853801497,72.833537579,204.1,18429698048,55234740224,105,1841.0,9.9,28491145216,72510111744,100,15466344448,1241120768,68.0,52.077,69.125,
59786906834979,72.886571061,207.4,18429706240,55234740224,105,1869.0,8.9,28489121792,72512135168,100,15466344448,1241120768,68.0,52.092,69.125,
59786962657490,72.942393572,214.9,18429706240,55234740224,105,1830.0,12.3,28489113600,72512143360,100,15466344448,1241120768,68.0,52.082,69.125,
59787015771914,72.995507996,207.2,18429706240,55234740224,105,1854.0,10.1,28483436544,72517820416,100,15466344448,1241120768,69.0,52.096,69.125,
59787072878847,73.052614929,192.5,18429710336,55234740224,105,1814.0,14.0,28488081408,72513175552,100,15466344448,1241120768,68.0,52.088,69.125,
59787130157102,73.109893184,942.6,18429710336,55234740224,105,1871.0,35.7,28488007680,72513249280,100,15466344448,1241120768,69.0,52.091,69.125,
59787183762388,73.16349847,205.1,18429710336,55234740224,105,1790.0,10.0,28488007680,72513249280,100,15466344448,1241120768,68.0,52.095,69.125,
59787237805326,73.217541408,203.7,18429710336,55234740224,105,1803.0,10.6,28488265728,72512991232,100,15466344448,1241120768,69.0,52.078,69.125,
59787291728389,73.271464471,204.1,18429710336,55234740224,105,1820.0,11.0,28488007680,72513249280,100,15466344448,1241120768,68.0,52.091,69.125,
59787344785235,73.324521317,226.2,18429710336,55234740224,105,1843.0,10.1,28488007680,72513249280,100,15466344448,1241120768,68.0,52.07,69.125,
59787397783201,73.377519283,207.5,18429710336,55234740224,105,1858.0,11.2,28488523776,72512733184,100,15466344448,1241120768,68.0,52.098,69.125,
59787453180913,73.432916995,198.7,18429710336,55234740224,105,1807.0,11.4,28488523776,72512733184,100,15466344448,1241120768,68.0,52.075,69.125,
59787506793032,73.486529114,186.5,18429710336,55234740224,105,1820.0,9.9,28488781824,72512475136,100,15466344448,1241120768,68.0,52.098,69.125,
59787561731752,73.541467834,218.5,18429714432,55234740224,105,1826.0,11.4,28488781824,72512475136,100,15466344448,1241120768,69.0,52.079,69.125,
59787614719558,73.59445564,207.4,18429714432,55234740224,105,1867.0,9.4,28488454144,72512802816,100,15466344448,1241120768,69.0,52.097,69.125,
59787668926984,73.648663066,202.9,18429714432,55234740224,105,1829.0,12.2,28488454144,72512802816,100,15466344448,1241120768,68.0,52.086,69.125,
59787722849236,73.702585318,204.0,18429714432,55234740224,105,1850.0,12.9,28488179712,72513077248,100,15466344448,1241120768,69.0,52.098,69.125,
59787776995167,73.756731249,203.1,18429714432,55234740224,105,1811.0,13.4,28488179712,72513077248,100,15466344448,1241120768,69.0,52.097,69.125,
59787830842657,73.810578739,223.0,18429714432,55234740224,105,1886.0,11.8,28488179712,72513077248,100,15466344448,1241120768,69.0,52.088,69.125,
59787884824751,73.864560833,203.9,18429714432,55234740224,105,1863.0,9.3,28488179712,72513077248,100,15466344448,1241120768,68.0,52.094,69.125,
59787939863949,73.919600031,199.6,18429714432,55234740224,105,1916.0,11.3,28487417856,72513839104,100,15466344448,1241120768,69.0,52.082,69.125,
59787993922486,73.973658568,222.0,18429714432,55234740224,105,1880.0,8.8,28487417856,72513839104,100,15466344448,1241120768,68.0,52.092,69.125,
59788047821945,74.027558027,204.4,18429714432,55234740224,105,1850.0,10.6,28487905280,72513351680,100,15466344448,1241120768,68.0,52.073,69.125,
59788100951076,74.080687158,206.9,18429718528,55234740224,105,1866.0,9.9,28487905280,72513351680,100,15466344448,1241120768,68.0,52.093,69.125,
59788154740537,74.134476619,186.0,18429718528,55234740224,105,1860.0,12.3,28487905280,72513351680,100,15466344448,1241120768,68.0,52.071,69.125,
59788207759181,74.187495263,207.4,18429718528,55234740224,105,1877.0,10.7,28487651328,72513605632,100,15466344448,1241120768,68.0,52.096,69.125,
59788260796169,74.240532251,207.4,18429718528,55234740224,105,1841.0,11.2,28487651328,72513605632,100,15466344448,1241120768,68.0,52.077,69.125,
59788313814633,74.293550715,207.5,18429718528,55234740224,105,1870.0,9.5,28487307264,72513949696,100,15466344448,1241120768,69.0,52.093,69.125,
59788367879061,74.347615143,221.9,18429722624,55234740224,105,1852.0,12.1,28487307264,72513949696,100,15466344448,1241120768,68.0,52.084,69.125,
59788420919656,74.400655738,207.3,18429722624,55234740224,105,1853.0,10.6,28487561216,72513695744,100,15466344448,1241120768,69.0,52.09,69.125,
59788474905216,74.454641298,203.8,18429722624,55234740224,105,1818.0,10.5,28487561216,72513695744,100,15466344448,1241120768,69.0,52.094,69.125,
59788528855388,74.50859147,203.9,18429722624,55234740224,105,1830.0,10.5,28487561216,72513695744,100,15466344448,1241120768,69.0,52.086,69.125,
59788582858230,74.562594312,222.2,18429726720,55234740224,105,1809.0,11.5,28487561216,72513695744,100,15466344448,1241120768,68.0,52.093,69.125,
59788636894355,74.616630437,203.5,18429730816,55234740224,105,1820.0,11.6,28487536640,72513720320,100,15466344448,1241120768,69.0,52.079,69.125,
59788689982108,74.66971819,207.1,18429730816,55234740224,105,1841.0,11.6,28487417856,72513839104,100,15466344448,1241120768,68.0,52.093,69.125,
59788745083463,74.724819545,199.6,18429730816,55234740224,105,1840.0,13.2,28487417856,72513839104,100,15466344448,1241120768,68.0,52.074,69.125,
59788799063212,74.778799294,203.7,18429730816,55234740224,105,1852.0,9.4,28487417856,72513839104,100,15466344448,1241120768,68.0,52.089,69.0,
59788852818989,74.832555071,204.6,18429730816,55234740224,105,1831.0,12.2,28487417856,72513839104,100,15466344448,1241120768,68.0,52.07,69.0,
59788906836409,74.886572491,222.3,18429730816,55234740224,105,1850.0,8.7,28487053312,72514203648,100,15466344448,1241120768,68.0,52.091,69.0,
59788960809174,74.940545256,203.8,18429730816,55234740224,105,1829.0,11.2,28486672384,72514584576,100,15466344448,1241120768,68.0,52.072,69.0,
59789014959723,74.994695805,203.0,18429730816,55234740224,105,1865.0,9.7,28486672384,72514584576,100,15466344448,1241120768,68.0,52.091,69.125,
59789068872356,75.048608438,204.1,18429730816,55234740224,105,1839.0,11.2,28489252864,72512004096,100,15466344448,1241120768,68.0,52.08,69.0,
59789122907358,75.10264344,203.5,18429734912,55234740224,105,1902.0,9.3,28489482240,72511774720,100,15466344448,1241120768,69.0,52.093,69.125,
59789178018802,75.157754884,217.7,18429739008,55234740224,105,1830.0,11.2,28489711616,72511545344,100,15466344448,1241120768,68.0,52.086,69.125,
59789232878303,75.212614385,200.6,18429739008,55234740224,105,1856.0,10.5,28489711616,72511545344,100,15466344448,1241120768,69.0,52.088,69.125,
59789286952259,75.266688341,203.3,18429739008,55234740224,105,1879.0,9.8,28489940992,72511315968,100,15466344448,1241120768,69.0,52.093,69.125,
59789341965729,75.321701811,200.0,18429739008,55234740224,105,1863.0,10.9,28489940992,72511315968,100,15466344448,1241120768,69.0,52.082,69.125,
59789395899321,75.375635403,203.9,18429739008,55234740224,105,1864.0,10.4,28489940992,72511315968,100,15466344448,1241120768,69.0,52.095,69.125,
59789449893186,75.429629268,222.2,18429739008,55234740224,105,1906.0,9.4,28486778880,72514478080,100,15466344448,1241120768,70.0,52.086,69.125,
59789503924631,75.483660713,222.2,18429739008,55234740224,105,1858.0,9.4,28486258688,72514998272,100,15466344448,1241120768,68.0,52.094,69.125,
59789557950546,75.537686628,203.3,18429739008,55234740224,105,1869.0,10.8,28486258688,72514998272,100,15466344448,1241120768,68.0,52.077,69.125,
59789612954708,75.59269079,200.4,18429739008,55234740224,105,1871.0,8.7,28486488064,72514768896,100,15466344448,1241120768,69.0,52.098,69.125,
59789666879583,75.646615665,204.1,18429739008,55234740224,105,1893.0,10.5,28485955584,72515301376,100,15466344448,1241120768,68.0,52.074,69.125,
59789719860916,75.699596998,207.4,18429747200,55234740224,105,1853.0,12.3,28485955584,72515301376,100,15466344448,1241120768,68.0,52.099,69.125,
59789773907830,75.753643912,203.5,18429747200,55234740224,105,1872.0,12.7,28485955584,72515301376,100,15466344448,1241120768,68.0,52.078,69.125,
59789827893579,75.807629661,222.5,18429747200,55234740224,105,1862.0,9.3,28485414912,72515842048,100,15466344448,1241120768,68.0,52.093,69.125,
59789880761128,75.86049721,189.0,18429747200,55234740224,105,1876.0,8.9,28485361664,72515895296,100,15462150144,1241120768,68.0,52.082,69.125,
59789933994615,75.913730697,206.5,18429747200,55234740224,105,1856.0,9.9,28485074944,72516182016,100,15462150144,1241120768,69.0,52.095,69.125,
59789987956509,75.967692591,203.8,18429747200,55234740224,105,1885.0,12.1,28485074944,72516182016,100,15462150144,1241120768,68.0,52.091,69.125,
59790041937239,76.021673321,203.8,18429747200,55234740224,105,1908.0,11.0,28485074944,72516182016,100,15462150144,1241120768,69.0,52.091,69.125,
59790095957443,76.075693525,203.6,18429747200,55234740224,105,1911.0,9.9,28485304320,72515952640,100,15462150144,1241120768,68.0,52.097,69.125,
59790149947851,76.129683933,222.3,18429747200,55234740224,105,1870.0,9.9,28485304320,72515952640,100,15462150144,1241120768,68.0,52.085,69.125,
59790203921097,76.183657179,203.8,18429747200,55234740224,105,1878.0,9.3,28485304320,72515952640,100,15462150144,1241120768,68.0,52.094,69.125,
59790257947413,76.237683495,203.8,18429755392,55235788800,105,1913.0,9.9,28485304320,72515952640,100,15462150144,1241120768,68.0,52.072,69.125,
59790310936220,76.290672302,207.8,18429755392,55235788800,105,1864.0,9.5,28485533696,72515723264,100,15462150144,1241120768,68.0,52.095,69.125,
59790363811884,76.343547966,208.0,18429755392,55235788800,105,1906.0,10.7,28483723264,72517533696,100,15462150144,1241120768,68.0,52.069,69.125,
59790416860984,76.396597066,207.3,18429755392,55235788800,105,1865.0,10.1,28483723264,72517533696,100,15462150144,1241120768,68.0,52.094,69.125,
59790469809084,76.449545166,207.8,18429755392,55235788800,105,1902.0,10.1,28483723264,72517533696,100,15462150144,1241120768,68.0,52.077,69.125,
59790522846081,76.502582163,207.4,18429755392,55235788800,105,1896.0,9.4,28483723264,72517533696,100,15462150144,1241120768,68.0,52.095,69.125,
59790579008057,76.558744139,195.7,18429755392,55235788800,105,1885.0,10.6,28483723264,72517533696,100,15462150144,1241120768,68.0,52.08,69.125,
59790633020577,76.612756659,203.8,18429755392,55235788800,105,1915.0,8.2,28483952640,72517304320,100,15462150144,1241120768,70.0,52.094,69.125,
59790689931400,76.669667482,228.2,18429759488,55235788800,105,1903.0,12.1,28483952640,72517304320,100,15462150144,1241120768,68.0,52.088,69.125,
59790743904314,76.723640396,203.9,18429759488,55235788800,105,1928.0,12.9,28484468736,72516788224,100,15462150144,1241120768,68.0,52.095,69.125,
59790797924819,76.777660901,203.6,18429767680,55235788800,105,1950.0,11.0,28484689920,72516567040,100,15462150144,1241120768,69.0,52.083,69.125,
59790852477132,76.832213214,972.1,18429779968,55235788800,105,1912.0,35.8,28488400896,72512856064,100,15466344448,1241120768,69.0,52.087,69.125,
59790905938806,76.885674888,205.7,18429779968,55235788800,105,1872.0,9.4,28488818688,72512438272,100,15466344448,1241120768,68.0,52.092,69.125,
59790959963338,76.93969942,222.0,18429779968,55235788800,105,1937.0,11.6,28488990720,72512266240,100,15466344448,1241120768,69.0,52.075,69.125,
59791014121370,76.993857452,203.2,18429779968,55235788800,105,1930.0,9.8,28488990720,72512266240,100,15466344448,1241120768,68.0,52.091,69.125,
59791067936459,77.047672541,204.4,18429779968,55235788800,105,1959.0,11.2,28489248768,72512008192,100,15466344448,1241120768,68.0,52.068,69.125,
59791122013018,77.1017491,203.4,18429779968,55235788800,105,1911.0,10.4,28488638464,72512618496,100,15466344448,1241120768,68.0,52.093,69.125,
59791177222095,77.156958177,217.3,18429779968,55235788800,105,1908.0,11.9,28488638464,72512618496,100,15466344448,1241120768,68.0,52.071,69.125,
59791231016154,77.210752236,204.5,18429784064,55235788800,105,1937.0,9.9,28488638464,72512618496,100,15466344448,1241120768,68.0,52.093,69.125,
59791284977978,77.26471406,203.8,18429784064,55235788800,105,1887.0,12.1,28488638464,72512618496,100,15466344448,1241120768,68.0,52.075,69.125,
59791339013801,77.318749883,203.4,18429784064,55235788800,105,1898.0,10.3,28488638464,72512618496,100,15466344448,1241120768,68.0,52.091,69.125,
59791392940148,77.37267623,204.2,18429784064,55235788800,105,1872.0,11.8,28488638464,72512618496,100,15466344448,1241120768,68.0,52.081,69.125,
59791446961424,77.426697506,203.6,18429784064,55235788800,105,1961.0,9.8,28488376320,72512880640,100,15466344448,1241120768,69.0,52.093,69.125,
59791508322274,77.488058356,211.9,18429784064,55235788800,105,1951.0,12.2,28488376320,72512880640,100,15466344448,1241120768,68.0,52.083,69.125,
59791561926055,77.541662137,223.9,18429784064,55235788800,105,1963.0,8.8,28487999488,72513257472,100,15466344448,1241120768,69.0,52.091,69.125,
59791615052029,77.594788111,207.0,18429784064,55235788800,105,1932.0,10.7,28487999488,72513257472,100,15466344448,1241120768,69.0,52.094,69.125,
59791669009665,77.648745747,203.8,18429788160,55235788800,105,1934.0,9.9,28487999488,72513257472,100,15466344448,1241120768,69.0,52.086,69.125,
59791722982629,77.702718711,203.8,18429788160,55235788800,105,1908.0,12.2,28487987200,72513269760,100,15466344448,1241120768,68.0,52.097,69.125,
59791777036836,77.756772918,203.5,18429792256,55235788800,105,1988.0,12.8,28487725056,72513531904,100,15466344448,1241120768,69.0,52.08,69.125,
59791831040659,77.810776741,203.6,18429792256,55235788800,105,1856.0,10.3,28487725056,72513531904,100,15466344448,1241120768,68.0,52.086,69.125,
59791885033320,77.864769402,222.4,18429792256,55235788800,105,1904.0,11.0,28487163904,72514093056,100,15466344448,1241120768,69.0,52.07,69.125,
59791938972571,77.918708653,204.0,18429792256,55235788800,105,1916.0,8.2,28487163904,72514093056,100,15466344448,1241120768,69.0,52.091,69.125,
59791992981172,77.972717254,203.6,18429792256,55235788800,105,1892.0,11.6,28487163904,72514093056,100,15466344448,1241120768,69.0,52.067,69.125,
59792047078290,78.026814372,203.4,18429792256,55235788800,105,1858.0,10.4,28486901760,72514355200,100,15466344448,1241120768,68.0,52.09,69.125,
59792100917253,78.080653335,204.3,18429792256,55235788800,105,1854.0,11.0,28486639616,72514617344,100,15466344448,1241120768,69.0,52.073,69.125,
59792154080276,78.133816358,206.8,18429792256,55235788800,105,1862.0,9.9,28486311936,72514945024,100,15466344448,1241120768,68.0,52.09,69.125,
59792208080932,78.187817014,222.3,18429796352,55235788800,105,1841.0,11.7,28485787648,72515469312,100,15466344448,1241120768,68.0,52.078,69.125,
59792262036745,78.241772827,203.9,18429804544,55235788800,105,1897.0,9.9,28485914624,72515342336,100,15466344448,1241120768,69.0,52.093,69.125,
59792315880496,78.295616578,204.3,18429808640,55235788800,105,1860.0,12.9,28487618560,72513638400,100,15468109824,1241120768,68.0,52.085,69.125,
59792369120815,78.348856897,206.6,18429812736,55235788800,105,1851.0,11.8,28487618560,72513638400,100,15468109824,1241120768,69.0,52.09,69.125,
59792423131340,78.402867422,203.6,18429812736,55235788800,105,1856.0,11.6,28487847936,72513409024,100,15468109824,1241120768,69.0,52.095,69.125,
59792477138999,78.456875081,203.8,18429812736,55235788800,105,1795.0,11.6,28488077312,72513179648,100,15468109824,1241120768,69.0,52.091,69.125,
59792531059344,78.510795426,222.5,18429812736,55235788800,105,1859.0,11.5,28488306688,72512950272,100,15468109824,1241120768,69.0,52.097,69.125,
59792585136293,78.564872375,203.4,18429812736,55235788800,105,1864.0,10.6,28488306688,72512950272,100,15468109824,1241120768,69.0,52.082,69.125,
59792639079662,78.618815744,185.4,18429812736,55235788800,105,1886.0,9.8,28488306688,72512950272,100,15468109824,1241120768,68.0,52.093,69.125,
59792693046534,78.672782616,222.4,18429812736,55235788800,105,1850.0,14.0,28496564224,72504692736,100,15468109824,1241120768,68.0,52.08,69.125,
59792747123333,78.726859415,203.4,18429812736,55235788800,105,1844.0,15.2,28501893120,72499363840,100,15468109824,1241120768,68.0,53.002,69.125,
59792800929664,78.780665746,204.4,18429816832,55235788800,105,1851.0,11.8,28502380544,72498876416,100,15468109824,1241120768,68.0,52.076,69.125,
59792854189800,78.833925882,206.4,18429820928,55235788800,105,1875.0,10.0,28502380544,72498876416,100,15468109824,1241120768,68.0,52.094,69.125,
59792911920241,78.891656323,225.3,18429820928,55235788800,105,1869.0,11.5,28503019520,72498237440,100,15468109824,1241120768,68.0,52.077,69.125,
59792966165476,78.945901558,202.6,18429820928,55235788800,105,1888.0,9.2,28503019520,72498237440,100,15468109824,1241120768,69.0,52.094,69.125,
59793020066245,78.999802327,204.3,18429820928,55235788800,105,1877.0,9.4,28503019520,72498237440,100,15468109824,1241120768,68.0,52.081,69.125,
59793074114220,79.053850302,203.7,18429820928,55235788800,105,1957.0,9.9,28505587712,72495669248,100,15468109824,1241120768,69.0,52.096,69.125,
59793127121710,79.106857792,207.3,18429820928,55235788800,105,1970.0,30.4,28505579520,72495677440,100,15468109824,1241120768,68.0,53.009,69.125,
59793181032868,79.16076895,204.1,18429820928,55235788800,105,1939.0,17.5,28498173952,72503083008,100,15468109824,1241120768,68.0,52.085,69.125,
59793235147078,79.21488316,221.7,18429820928,55235788800,105,1876.0,9.2,28497649664,72503607296,100,15468109824,1241120768,69.0,52.089,69.125,
59793289192487,79.268928569,203.5,18429820928,55235788800,105,1908.0,9.9,28498132992,72503123968,100,15468109824,1241120768,68.0,52.073,69.125,
59793344137187,79.323873269,200.3,18429820928,55235788800,105,1878.0,8.6,28498362368,72502894592,100,15468109824,1241120768,68.0,52.09,69.125,
59793398080796,79.377816878,203.7,18429829120,55235788800,105,1862.0,11.7,28497805312,72503451648,100,15468109824,1241120768,69.0,52.067,69.125,
59793452063328,79.43179941,203.8,18429829120,55235788800,105,1879.0,9.8,28497104896,72504152064,100,15468109824,1241120768,69.0,52.093,69.125,
59793506083650,79.485819732,222.2,18429829120,55235788800,105,1920.0,10.4,28497334272,72503922688,100,15468109824,1241120768,68.0,52.069,69.125,
59793560136975,79.539873057,203.5,18429829120,55235788800,105,1872.0,9.9,28497563648,72503693312,100,15468109824,1241120768,68.0,52.093,69.125,
59793614020210,79.593756292,204.1,18429829120,55235788800,105,1866.0,11.5,28498051072,72503205888,100,15468109824,1241120768,68.0,52.074,69.125,
59793668059938,79.64779602,203.4,18429829120,55235788800,105,1894.0,9.2,28498051072,72503205888,100,15468109824,1241120768,68.0,52.092,69.125,
59793722097884,79.701833966,203.7,18429829120,55235788800,105,1910.0,12.9,28496334848,72504922112,100,15466344448,1241120768,68.0,52.085,69.125,
59793776114981,79.755851063,203.6,18429833216,55235788800,105,1874.0,11.1,28496334848,72504922112,100,15466344448,1241120768,69.0,52.094,69.125,
59793830127158,79.80986324,222.2,18429833216,55235788800,105,1899.0,10.5,28496564224,72504692736,100,15466344448,1241120768,68.0,52.088,69.125,
59793884110541,79.863846623,203.9,18429833216,55235788800,105,1886.0,8.7,28496683008,72504573952,100,15466344448,1241120768,69.0,52.088,69.125,
59793937171772,79.916907854,207.3,18429841408,55235788800,105,1916.0,8.9,28496977920,72504279040,100,15466344448,1241120768,68.0,52.094,69.125,
59793990165015,79.969901097,188.7,18429841408,55235788800,105,1918.0,9.6,28497231872,72504025088,100,15466344448,1241120768,69.0,52.081,69.125,
59794043031801,80.022767883,208.1,18429841408,55235788800,105,1948.0,9.4,28496973824,72504283136,100,15466344448,1241120768,69.0,52.094,69.125,
59794095985821,80.075721903,207.6,18429841408,55235788800,105,1926.0,8.9,28496973824,72504283136,100,15466344448,1241120768,68.0,52.07,69.125,
59794150044465,80.129780547,203.6,18429841408,55235788800,105,1879.0,7.6,28497231872,72504025088,100,15466344448,1241120768,68.0,52.093,69.125,
59794203092782,80.182828864,207.1,18429841408,55235788800,105,1882.0,11.5,28497231872,72504025088,100,15466344448,1241120768,68.0,52.067,69.125,
59794257168068,80.23690415,222.0,18429841408,55235788800,105,1895.0,8.3,28497231872,72504025088,100,15466344448,1241120768,69.0,52.094,69.125,
59794311062284,80.290798366,185.5,18429841408,55235788800,105,1858.0,10.4,28497231872,72504025088,100,15466344448,1241120768,68.0,52.07,69.125,
59794365183937,80.344920019,221.7,18429841408,55235788800,105,1884.0,9.9,28497231872,72504025088,100,15466344448,1241120768,69.0,52.093,69.125,
59794419139718,80.3988758,204.0,18429841408,55235788800,105,1874.0,11.0,28497231872,72504025088,100,15466344448,1241120768,68.0,52.075,69.125,
59794473177763,80.452913845,203.2,18429845504,55235788800,105,1883.0,9.8,28497231872,72504025088,100,15466344448,1241120768,69.0,52.093,69.25,
59794527164773,80.506900855,204.0,18429857792,55235788800,105,1841.0,11.7,28497231872,72504025088,100,15466344448,1241120768,68.0,52.082,69.125,
59794584481136,80.564217218,942.2,18429870080,55235788800,105,1848.0,34.9,28497231872,72504025088,100,15466344448,1241120768,69.0,52.094,69.125,
59794638198379,80.617934461,204.7,18429870080,55235788800,105,1877.0,9.9,28497231872,72504025088,100,15466344448,1241120768,69.0,52.096,69.125,
59794692163918,80.6719,203.8,18429870080,55235788800,105,1892.0,11.0,28497375232,72503881728,100,15466344448,1241120768,69.0,52.087,69.125,
59794746173750,80.725909832,203.7,18429870080,55235788800,105,1863.0,11.6,28497375232,72503881728,100,15466344448,1241120768,68.0,52.095,69.125,
59794800143507,80.779879589,203.8,18429870080,55235788800,105,1852.0,11.6,28497604608,72503652352,100,15466344448,1241120768,69.0,52.078,69.125,
59794854229673,80.833965755,203.4,18429870080,55235788800,105,1867.0,9.2,28497833984,72503422976,100,15464247296,1241120768,68.0,52.089,69.125,
59794908160857,80.887896939,222.5,18429870080,55235788800,105,1871.0,11.2,28499255296,72502001664,100,15464247296,1241120768,69.0,52.071,69.125,
59794962206557,80.941942639,203.6,18429870080,55235788800,105,1885.0,10.4,28498706432,72502550528,100,15464247296,1241120768,68.0,52.092,69.125,
59795016146578,80.99588266,203.9,18429874176,55235788800,105,1978.0,12.2,28498935808,72502321152,100,15464247296,1241120768,68.0,52.07,69.125,
59795070159697,81.049895779,203.7,18429874176,55235788800,105,1862.0,11.0,28501987328,72499269632,100,15464247296,1241120768,68.0,52.093,69.125,
59795124039685,81.103775767,204.1,18429874176,55235788800,105,1864.0,12.1,28501987328,72499269632,100,15464247296,1241120768,68.0,52.075,69.125,
59795178152992,81.157889074,221.5,18429874176,55235788800,105,1881.0,9.8,28502261760,72498995200,100,15464247296,1241120768,69.0,52.092,69.125,
59795232165670,81.211901752,203.9,18429874176,55235788800,105,1857.0,11.2,28502253568,72499003392,100,15464247296,1241120768,68.0,52.082,69.125,
59795286193195,81.265929277,203.7,18429878272,55235788800,105,1881.0,9.9,28502728704,72498528256,100,15464247296,1241120768,69.0,52.093,69.125,
59795342257416,81.321993498,213.9,18429878272,55235788800,105,1845.0,12.8,28502958080,72498298880,100,15464247296,1241120768,68.0,52.089,69.125,
59795396227003,81.375963085,203.9,18429878272,55235788800,105,1870.0,11.2,28503212032,72498044928,100,15464247296,1241120768,69.0,52.088,69.125,
59795451291396,81.431027478,199.7,18429878272,55235788800,105,1903.0,12.4,28503212032,72498044928,100,15464247296,1241120768,69.0,52.098,69.125,
59795510180252,81.489916334,220.8,18429878272,55235788800,105,1892.0,11.2,28502163456,72499093504,100,15464247296,1241120768,69.0,52.096,69.125,
59795564186407,81.543922489,203.7,18429882368,55235788800,105,1899.0,11.0,28502392832,72498864128,100,15464247296,1241120768,68.0,52.098,69.125,
59795618185108,81.59792119,203.7,18429882368,55235788800,105,1937.0,11.6,28502622208,72498634752,100,15464247296,1241120768,69.0,52.088,69.125,
59795672229946,81.651966028,203.7,18429882368,55235788800,105,1913.0,8.7,28502622208,72498634752,100,15464247296,1241120768,69.0,52.098,69.125,
59795726286896,81.706022978,221.8,18429882368,55235788800,105,1884.0,13.5,28494139392,72507117568,100,15464247296,1241120768,68.0,52.081,69.125,
59795780235433,81.759971515,204.0,18429882368,55235788800,105,1883.0,12.3,28494368768,72506888192,100,15464247296,1241120768,68.0,52.096,69.125,
59795834185272,81.813921354,203.9,18429882368,55235788800,105,1859.0,12.8,28494598144,72506658816,100,15464247296,1241120768,68.0,52.073,69.125,
59795888163725,81.867899807,203.8,18429886464,55235788800,105,1876.0,9.9,28494598144,72506658816,100,15464247296,1241120768,69.0,52.095,69.125,
59795942351511,81.922087593,203.0,18429886464,55235788800,105,1864.0,12.1,28494524416,72506732544,100,15464247296,1241120768,68.0,52.078,69.125,
59795996292524,81.976028606,222.2,18429886464,55235788800,105,1881.0,9.9,28494491648,72506765312,100,15464247296,1241120768,68.0,52.094,69.125,
59796051291283,82.031027365,200.2,18429886464,55235788800,105,1805.0,11.6,28494491648,72506765312,100,15464247296,1241120768,68.0,52.083,69.125,
59796105265027,82.085001109,204.0,18429890560,55235788800,105,1895.0,9.9,28494491648,72506765312,100,15464247296,1241120768,69.0,52.096,69.125,
59796162289541,82.142025623,227.8,18429890560,55235788800,105,1834.0,12.6,28494491648,72506765312,100,15464247296,1241120768,68.0,52.089,69.125,
59796216136327,82.195872409,204.4,18429890560,55235788800,105,1875.0,9.4,28494491648,72506765312,100,15464247296,1241120768,69.0,52.094,69.125,
59796270194800,82.249930882,203.3,18429890560,55235788800,105,1845.0,10.9,28494229504,72507027456,100,15464247296,1241120768,69.0,52.097,69.125,
59796324481142,82.304217224,202.6,18429890560,55235788800,105,1854.0,12.1,28493803520,72507453440,100,15464247296,1241120768,69.0,52.088,69.125,
59796378211168,82.35794725,204.7,18429890560,55235788800,105,1837.0,10.6,28494032896,72507224064,100,15464247296,1241120768,68.0,52.095,69.125,
59796432187026,82.411923108,203.8,18429894656,55235788800,105,1870.0,11.8,28494024704,72507232256,100,15464247296,1241120768,69.0,52.076,69.125,
59796486303278,82.46603936,203.2,18429894656,55235788800,105,1852.0,9.2,28493664256,72507592704,100,15464247296,1241120768,68.0,52.091,69.125,
59796540215686,82.519951768,204.1,18429898752,55235788800,105,1834.0,12.9,28493893632,72507363328,100,15464247296,1241120768,68.0,52.07,69.125,
59796594305428,82.57404151,203.4,18429898752,55235788800,105,1851.0,9.9,28493893632,72507363328,100,15464247296,1241120768,69.0,52.094,69.125,
59796648275615,82.628011697,203.8,18429902848,55235788800,105,1832.0,12.9,28493213696,72508043264,100,15464247296,1241120768,68.0,52.072,69.125,
59796702258245,82.681994327,222.3,18429902848,55235788800,105,1881.0,11.1,28493201408,72508055552,100,15464247296,1241120768,69.0,52.097,69.125,
59796756433096,82.736169178,203.1,18429902848,55235788800,105,1872.0,12.7,28493430784,72507826176,100,15464247296,1241120768,68.0,52.078,69.125,
59796810250967,82.789987049,204.5,18429902848,55235788800,105,1928.0,10.2,28493430784,72507826176,100,15464247296,1241120768,69.0,52.093,69.125,
59796865263913,82.844999995,199.8,18429902848,55235788800,105,1874.0,11.0,28493430784,72507826176,100,15464247296,1241120768,68.0,52.082,69.125,
59796919332124,82.899068206,203.6,18429902848,55235788800,105,1877.0,8.8,28493430784,72507826176,100,15464247296,1241120768,69.0,52.093,69.125,
59796973270050,82.953006132,222.6,18429902848,55235788800,105,1920.0,9.9,28493963264,72507293696,100,15464247296,1241120768,68.0,52.092,69.125,
59797027194632,83.006930714,204.1,18429906944,55235788800,105,1879.0,9.4,28493963264,72507293696,100,15464247296,1241120768,69.0,52.087,69.125,
59797080205387,83.059941469,207.5,18429906944,55235788800,105,1914.0,9.5,28495740928,72505516032,100,15464247296,1241120768,69.0,52.094,69.125,
59797133299839,83.113035921,206.8,18429906944,55235788800,105,1900.0,11.1,28495740928,72505516032,100,15464247296,1241120768,69.0,52.082,69.125,
59797187320701,83.167056783,203.5,18429911040,55235788800,105,1873.0,9.4,28496199680,72505057280,100,15464247296,1241120768,68.0,52.089,69.125,
59797241276802,83.221012884,203.9,18429911040,55235788800,105,1897.0,10.5,28496674816,72504582144,100,15464247296,1241120768,68.0,52.074,69.125,
59797295279640,83.275015722,222.3,18429911040,55235788800,105,1870.0,8.8,28496674816,72504582144,100,15464247296,1241120768,68.0,52.094,69.125,
59797353369505,83.333105587,206.5,18429911040,55235788800,105,1849.0,11.9,28496904192,72504352768,100,15464247296,1241120768,68.0,52.071,69.125,
59797407339842,83.387075924,203.9,18429911040,55235788800,105,1874.0,10.5,28496904192,72504352768,100,15464247296,1241120768,68.0,52.089,69.125,
59797471353533,83.451089615,218.7,18429911040,55235788800,105,1853.0,11.3,28497133568,72504123392,100,15464247296,1241120768,69.0,52.073,69.125,
59797525274036,83.505010118,204.0,18429911040,55235788800,105,1887.0,9.4,28496707584,72504549376,100,15464247296,1241120768,69.0,52.095,69.125,
59797579283326,83.559019408,222.2,18429911040,55235788800,105,1853.0,11.0,28496936960,72504320000,100,15464247296,1241120768,68.0,52.07,69.125,
59797633291283,83.613027365,203.5,18429915136,55235788800,105,1855.0,10.2,28496674816,72504582144,100,15464247296,1241120768,68.0,52.092,69.125,
59797688264895,83.668000977,200.2,18429915136,55235788800,105,1868.0,11.7,28496642048,72504614912,100,15464247296,1241120768,68.0,52.08,69.125,
59797742375976,83.722112058,202.8,18429919232,55235788800,105,1856.0,12.6,28496642048,72504614912,100,15464247296,1241120768,68.0,52.099,69.125,
59797797342975,83.777079057,218.8,18429919232,55235788800,105,1840.0,11.6,28496871424,72504385536,100,15464247296,1241120768,68.0,52.079,69.125,
59797851373605,83.831109687,185.1,18429919232,55235788800,105,1868.0,9.4,28496871424,72504385536,100,15464247296,1241120768,69.0,52.093,69.125,
59797905271065,83.885007147,222.5,18429919232,55235788800,105,1790.0,11.6,28497072128,72504184832,100,15460052992,1241120768,68.0,52.088,69.125,
59797960388786,83.940124868,199.7,18429919232,55235788800,105,1810.0,10.4,28497072128,72504184832,100,15460052992,1241120768,69.0,52.09,69.125,
59798014317876,83.994053958,203.9,18429919232,55235788800,105,1813.0,10.9,28495388672,72505868288,100,15460052992,1241120768,68.0,52.099,69.125,
59798069460635,84.049196717,217.6,18429919232,55235788800,105,1816.0,10.4,28495388672,72505868288,100,15460052992,1241120768,69.0,52.085,69.125,
59798123322348,84.10305843,222.8,18429919232,55235788800,105,1836.0,10.2,28495388672,72505868288,100,15460052992,1241120768,68.0,52.095,69.125,
59798178475666,84.158211748,199.5,18429923328,55235788800,105,1804.0,11.0,28495126528,72506130432,100,15460052992,1241120768,69.0,52.082,69.125,
59798232483413,84.212219495,203.5,18429923328,55235788800,105,1815.0,10.4,28495384576,72505872384,100,15460052992,1241120768,68.0,52.086,69.125,
59798286374251,84.266110333,501.5,18429952000,55235788800,105,1770.0,24.1,28495613952,72505643008,100,15460052992,1241120768,68.0,52.071,69.125,
59798342591197,84.322327279,658.3,18429952000,55235788800,105,1872.0,18.1,28495597568,72505659392,100,15460052992,1241120768,68.0,52.095,69.125,
59798396258144,84.375994226,204.7,18429952000,55235788800,105,1875.0,12.1,28495597568,72505659392,100,15460052992,1241120768,68.0,52.073,69.125,
59798450359938,84.43009602,222.0,18429952000,55235788800,105,1877.0,8.7,28495597568,72505659392,100,15460052992,1241120768,68.0,52.096,69.125,
59798505287402,84.485023484,200.5,18429952000,55235788800,105,1871.0,9.9,28496080896,72505176064,100,15460052992,1241120768,69.0,52.082,69.125,
59798558347569,84.538083651,207.3,18429952000,55235788800,105,1882.0,8.9,28495556608,72505700352,100,15460052992,1241120768,68.0,53.001,69.125,
59798612345347,84.592081429,185.2,18429952000,55235788800,105,1924.0,9.3,28495556608,72505700352,100,15460052992,1241120768,68.0,52.085,69.125,
59798665241997,84.644978079,208.0,18429952000,55235788800,105,1928.0,8.3,28495785984,72505470976,100,15460052992,1241120768,69.0,53.0,69.125,
59798721495391,84.701231473,213.1,18429952000,55235788800,105,1870.0,12.8,28496015360,72505241600,100,15460052992,1241120768,68.0,52.094,69.125,
59798775296861,84.755032943,204.5,18429952000,55235788800,105,1866.0,12.9,28495753216,72505503744,100,15460052992,1241120768,69.0,52.099,69.125,
59798829250846,84.808986928,203.8,18429952000,55235788800,105,1899.0,9.9,28495261696,72505995264,100,15460052992,1241120768,68.0,52.096,69.125,
59798884464298,84.86420038,217.3,18429952000,55235788800,105,1871.0,11.3,28494745600,72506511360,100,15464247296,1241120768,69.0,52.092,69.125,
59798938385422,84.918121504,203.8,18429952000,55235788800,105,1904.0,10.4,28494323712,72506933248,100,15464247296,1241120768,68.0,52.098,69.125,
59798992413015,84.972149097,203.8,18429956096,55235788800,105,1818.0,13.9,28494323712,72506933248,100,15464247296,1241120768,68.0,52.088,69.125,
59799046411104,85.026147186,203.6,18429956096,55235788800,105,1838.0,10.8,28494323712,72506933248,100,15464247296,1241120768,68.0,52.095,69.125,
59799101398982,85.081135064,218.3,18429956096,55235788800,105,1850.0,13.4,28498968576,72502288384,100,15464247296,1241120768,68.0,52.078,69.125,
59799155371021,85.135107103,203.9,18429956096,55235788800,105,1848.0,9.4,28498968576,72502288384,100,15464247296,1241120768,68.0,52.095,69.125,
59799209282697,85.189018779,204.1,18429956096,55235788800,105,1831.0,13.0,28498968576,72502288384,100,15464247296,1241120768,69.0,52.075,69.125,
59799263357821,85.243093903,203.5,18429960192,55235788800,105,1894.0,11.0,28498968576,72502288384,100,15464247296,1241120768,68.0,52.095,69.125,
59799317266070,85.297002152,203.9,18429960192,55235788800,105,1883.0,11.7,28498968576,72502288384,100,15464247296,1241120768,68.0,52.076,69.125,
59799371388673,85.351124755,221.6,18429960192,55235788800,105,1882.0,11.0,28498575360,72502681600,100,15464247296,1241120768,68.0,52.094,69.125,
59799425349261,85.405085343,204.0,18429960192,55235788800,105,1902.0,12.2,28498575360,72502681600,100,15464247296,1241120768,68.0,52.082,69.125,
59799479378077,85.459114159,203.6,18429960192,55235788800,105,1910.0,10.4,28498575360,72502681600,100,15464247296,1241120768,69.0,52.098,69.125,
59799533305643,85.513041725,203.9,18429960192,55235788800,105,1859.0,12.1,28498575360,72502681600,100,15464247296,1241120768,68.0,52.09,69.125,
59799587376778,85.56711286,203.5,18429964288,55235788800,105,1866.0,10.0,28498575360,72502681600,100,15464247296,1241120768,69.0,52.094,69.125,
59799646600120,85.626336202,219.5,18429964288,55235788800,105,1835.0,11.6,28498575360,72502681600,100,15464247296,1241120768,68.0,52.093,69.125,
59799700367615,85.680103697,204.6,18429964288,55235788800,105,1861.0,12.4,28498563072,72502693888,100,15464247296,1241120768,69.0,52.095,69.125,
59799754441325,85.734177407,203.4,18429964288,55235788800,105,1778.0,13.5,28498563072,72502693888,100,15464247296,1241120768,69.0,52.099,69.125,
59799808371335,85.788107417,203.9,18429968384,55235788800,105,1820.0,12.8,28498563072,72502693888,100,15464247296,1241120768,69.0,52.082,69.125,
59799863487844,85.843223926,217.8,18429968384,55235788800,105,1870.0,9.8,28498563072,72502693888,100,15464247296,1241120768,68.0,52.091,69.125,
59799918391994,85.898128076,218.5,18429968384,55235788800,105,1915.0,12.5,28498792448,72502464512,100,15464247296,1241120768,68.0,52.076,69.125,
59799972386996,85.952123078,203.9,18429968384,55235788800,105,1900.0,9.3,28498755584,72502501376,100,15464247296,1241120768,68.0,52.092,69.125,
59800026399141,86.006135223,185.2,18429968384,55235788800,105,1894.0,11.6,28498755584,72502501376,100,15464247296,1241120768,68.0,52.071,69.125,
59800080473833,86.060209915,221.9,18429968384,55235788800,105,1891.0,10.5,28498755584,72502501376,100,15464247296,1241120768,69.0,52.094,69.125,
59800136379423,86.116115505,214.6,18429972480,55235788800,105,1919.0,10.7,28499009536,72502247424,100,15464247296,1241120768,68.0,52.074,69.125,
59800190388672,86.170124754,203.7,18429972480,55235788800,105,1877.0,9.9,28499238912,72502018048,100,15464247296,1241120768,68.0,52.094,69.125,
59800246423045,86.226159127,214.0,18429972480,55235788800,105,1948.0,12.2,28499238912,72502018048,100,15464247296,1241120768,68.0,52.075,69.125,
59800300451089,86.280187171,203.4,18429972480,55235788800,105,1949.0,9.3,28499238912,72502018048,100,15464247296,1241120768,68.0,52.092,69.125,
59800354421986,86.334158068,204.1,18429976576,55235788800,105,1912.0,12.2,28499238912,72502018048,100,15464247296,1241120768,68.0,52.082,69.125,
59800408393895,86.388129977,222.5,18429976576,55235788800,105,1996.0,10.4,28499238912,72502018048,100,15464247296,1241120768,69.0,52.095,69.125,
59800464477811,86.444213893,195.9,18429976576,55235788800,105,1927.0,11.6,28499238912,72502018048,100,15464247296,1241120768,68.0,52.09,69.125,
59800519373194,86.499109276,218.9,18429980672,55235788800,105,1912.0,9.4,28499238912,72502018048,100,15464247296,1241120768,69.0,53.001,69.125,
59800572281986,86.552018068,207.8,18429980672,55235788800,105,1913.0,11.3,28499238912,72502018048,100,15464247296,1241120768,69.0,53.005,69.125,
59800625355447,86.605091529,188.7,18429980672,55235788800,105,1911.0,10.2,28499238912,72502018048,100,15464247296,1241120768,69.0,52.093,69.125,
59800678334961,86.658071043,207.4,18429980672,55235788800,105,1909.0,10.5,28499238912,72502018048,100,15464247296,1241120768,69.0,53.001,69.125,
59800731468846,86.711204928,188.4,18429984768,55235788800,105,1860.0,14.0,28499238912,72502018048,100,15464247296,1241120768,69.0,52.088,69.125,
59800785461573,86.765197655,221.6,18429984768,55235788800,105,1874.0,12.1,28499468288,72501788672,100,15464247296,1241120768,68.0,52.095,69.125,
59800840471251,86.820207333,200.3,18429984768,55235788800,105,1882.0,13.6,28499468288,72501788672,100,15464247296,1241120768,68.0,52.079,69.125,
59800894641923,86.874378005,203.0,18429984768,55235788800,105,1875.0,9.3,28499456000,72501800960,100,15464247296,1241120768,69.0,52.099,69.125,
59800948401713,86.928137795,204.7,18429988864,55235788800,105,1842.0,11.1,28499456000,72501800960,100,15464247296,1241120768,68.0,52.074,69.125,
59801002478869,86.982214951,221.9,18429988864,55235788800,105,1892.0,9.9,28499456000,72501800960,100,15464247296,1241120768,68.0,52.098,69.125,
59801056629403,87.036365485,203.0,18429988864,55235788800,105,1874.0,11.4,28499456000,72501800960,100,15464247296,1241120768,68.0,52.077,69.125,
59801113572893,87.093308975,210.8,18429988864,55235788800,105,1875.0,10.7,28503322624,72497934336,100,15464247296,1241120768,69.0,52.099,69.125,
59801167441477,87.147177559,204.1,18429988864,55235788800,105,1847.0,10.9,28503322624,72497934336,100,15464247296,1241120768,68.0,52.079,69.125,
59801222531015,87.202267097,217.8,18429988864,55235788800,105,1885.0,9.8,28503322624,72497934336,100,15464247296,1241120768,69.0,52.097,69.125,
59801276565861,87.256301943,203.7,18429988864,55235788800,105,1879.0,10.6,28503322624,72497934336,100,15464247296,1241120768,68.0,52.083,69.125,
59801330451017,87.310187099,204.2,18429992960,55235788800,105,1876.0,8.8,28503543808,72497713152,100,15464247296,1241120768,69.0,52.098,69.125,
59801388627572,87.368363654,223.4,18429992960,55235788800,105,1874.0,12.9,28503314432,72497942528,100,15464247296,1241120768,68.0,52.085,69.125,
59801443468233,87.423204315,200.5,18429997056,55235788800,105,1951.0,28.6,28503572480,72497684480,100,15464247296,1241120768,69.0,53.005,69.125,
59801497493952,87.477230034,203.7,18429997056,55235788800,105,1882.0,16.4,28499595264,72501661696,100,15464247296,1241120768,68.0,53.008,69.125,
59801553559292,87.533295374,214.1,18429997056,55235788800,105,1917.0,10.6,28499333120,72501923840,100,15464247296,1241120768,69.0,53.003,69.125,
59801607570503,87.587306585,203.4,18429997056,55235788800,105,1862.0,9.2,28499562496,72501694464,100,15464247296,1241120768,69.0,53.01,69.125,
59801662409610,87.642145692,201.0,18429997056,55235788800,105,1880.0,9.9,28499791872,72501465088,100,15464247296,1241120768,69.0,52.099,69.125,
59801715369808,87.69510589,207.4,18429997056,55235788800,105,1866.0,11.8,28499779584,72501477376,100,15464247296,1241120768,69.0,53.009,69.125,
59801769449679,87.749185761,203.4,18429997056,55235788800,105,1861.0,12.8,28500295680,72500961280,100,15464247296,1241120768,69.0,52.093,69.125,
59801823568062,87.803304144,221.6,18429997056,55235788800,105,1834.0,9.9,28500295680,72500961280,100,15464247296,1241120768,68.0,53.002,69.125,
59801877493112,87.857229194,204.2,18430001152,55235788800,105,1840.0,9.4,28500013056,72501243904,100,15460052992,1241120768,68.0,52.083,69.125,
59801931541664,87.911277746,203.5,18430001152,55235788800,105,1812.0,11.0,28499607552,72501649408,100,15460052992,1241120768,68.0,53.004,69.125,
59801985374842,87.965110924,204.3,18430005248,55235788800,105,1807.0,12.3,28496818176,72504438784,100,15460052992,1241120768,68.0,52.083,69.125,
59802041443357,88.021179439,964.1,18430005248,55235788800,105,1889.0,32.2,28496818176,72504438784,100,15460052992,1241120768,68.0,53.005,69.125,
59802097358786,88.077094868,214.5,18430005248,55235788800,105,1845.0,11.9,28496818176,72504438784,100,15460052992,1241120768,68.0,52.087,69.125,
59802151601773,88.131337855,202.8,18430005248,55235788800,105,1887.0,9.6,28496556032,72504700928,100,15460052992,1241120768,69.0,53.003,69.125,
59802206600710,88.186336792,200.1,18430005248,55235788800,105,1833.0,9.9,28495998976,72505257984,100,15460052992,1241120768,68.0,52.089,69.125,
59802260536841,88.240272923,222.4,18430005248,55235788800,105,1858.0,9.3,28495998976,72505257984,100,15460052992,1241120768,70.0,53.0,69.125,
59802314575083,88.294311165,203.4,18430005248,55235788800,105,1859.0,9.9,28495998976,72505257984,100,15460052992,1241120768,68.0,52.096,69.125,
59802368586476,88.348322558,203.7,18430005248,55235788800,105,1843.0,11.1,28495736832,72505520128,100,15460052992,1241120768,69.0,53.001,69.125,
59802426499636,88.406235718,224.5,18430005248,55235788800,105,1841.0,11.9,28495736832,72505520128,100,15460052992,1241120768,68.0,53.002,69.125,
59802480526788,88.46026287,203.5,18430005248,55235788800,105,1842.0,9.9,28495736832,72505520128,100,15460052992,1241120768,69.0,52.094,69.125,
59802535541103,88.515277185,199.9,18430005248,55235788800,105,1841.0,10.7,28495310848,72505946112,100,15460052992,1241120768,69.0,53.002,69.125,
59802590512217,88.570248299,217.8,18430005248,55235788800,105,1844.0,10.5,28495310848,72505946112,100,15460052992,1241120768,69.0,52.087,69.125,
59802645517826,88.625253908,200.5,18430005248,55235788800,105,1857.0,10.3,28495310848,72505946112,100,15460052992,1241120768,69.0,52.098,69.25,
59802699493932,88.679230014,203.8,18430009344,55235788800,105,1848.0,12.7,28495310848,72505946112,100,15460052992,1241120768,68.0,52.082,69.25,
59802753463054,88.733199136,204.0,18430009344,55235788800,105,1872.0,11.1,28495310848,72505946112,100,15460052992,1241120768,68.0,52.094,69.25,
59802813667948,88.79340403,215.8,18430009344,55235788800,105,1828.0,12.0,28495310848,72505946112,100,15460052992,1241120768,69.0,52.076,69.25,
59802867611312,88.847347394,204.0,18430009344,55235788800,105,1843.0,10.6,28496859136,72504397824,100,15464247296,1241120768,70.0,52.098,69.25,
59802922670312,88.902406394,217.9,18430009344,55235788800,105,1864.0,11.4,28495462400,72505794560,100,15464247296,1241120768,69.0,52.075,69.25,
59802976538304,88.956274386,204.2,18430009344,55235788800,105,1824.0,11.6,28495691776,72505565184,100,15464247296,1241120768,68.0,52.098,69.25,
59803031752625,89.011488707,217.4,18430009344,55235788800,105,1761.0,12.0,28495691776,72505565184,100,15464247296,1241120768,68.0,52.08,69.25,
59803085536189,89.065272271,204.5,18430009344,55235788800,105,1836.0,11.2,28496179200,72505077760,100,15464247296,1241120768,68.0,52.096,69.25,
59803139487298,89.11922338,222.5,18430009344,55235788800,105,1826.0,12.2,28496408576,72504848384,100,15464247296,1241120768,68.0,52.082,69.25,
59803193633162,89.173369244,203.1,18430009344,55235788800,105,1870.0,11.0,28496637952,72504619008,100,15464247296,1241120768,69.0,52.098,69.25,
59803252008119,89.231744201,205.6,18430013440,55235788800,105,1807.0,12.9,28497125376,72504131584,100,15464247296,1241120768,68.0,52.087,69.25,
59803305491309,89.285227391,224.4,18430013440,55235788800,105,1857.0,8.9,28497379328,72503877632,100,15464247296,1241120768,69.0,52.097,69.25,
59803360611774,89.340347856,199.6,18430013440,55235788800,105,1840.0,12.5,28497608704,72503648256,100,15464247296,1241120768,68.0,52.095,69.25,
59803414529680,89.394265762,204.0,18430013440,55235788800,105,1844.0,11.1,28497838080,72503418880,100,15464247296,1241120768,69.0,52.089,69.25,
59803468512608,89.44824869,203.7,18430013440,55235788800,105,1857.0,11.6,28497838080,72503418880,100,15464247296,1241120768,69.0,52.096,69.25,
59803522517567,89.502253649,203.8,18430013440,55235788800,105,1809.0,12.2,28497838080,72503418880,100,15464247296,1241120768,69.0,52.083,69.25,
59803576724616,89.556460698,221.4,18430013440,55235788800,105,1814.0,10.4,28497838080,72503418880,100,15464247296,1241120768,69.0,52.094,69.25,
59803630556791,89.610292873,204.3,18430013440,55235788800,105,1800.0,13.3,28497838080,72503418880,100,15464247296,1241120768,68.0,52.076,69.25,
59803684643554,89.664379636,203.4,18430013440,55235788800,105,1840.0,9.9,28497825792,72503431168,100,15464247296,1241120768,68.0,52.096,69.25,
59803739623975,89.719360057,200.0,18430013440,55235788800,105,1790.0,13.2,28497539072,72503717888,100,15464247296,1241120768,68.0,52.077,69.25,
59803793581766,89.773317848,203.9,18430013440,55235788800,105,1709.0,12.7,28497522688,72503734272,100,15464247296,1241120768,69.0,52.097,69.25,
59803847467842,89.827203924,222.7,18430013440,55235788800,105,1805.0,12.8,28497633280,72503623680,100,15464247296,1241120768,68.0,52.076,69.25,
59803901698725,89.881434807,202.6,18430017536,55235788800,105,1845.0,9.3,28498120704,72503136256,100,15464247296,1241120768,68.0,52.095,69.25,
59803957715092,89.937451174,196.6,18430017536,55235788800,105,1804.0,12.8,28497637376,72503619584,100,15464247296,1241120768,68.0,52.081,69.25,
59804011582203,89.991318285,222.9,18430017536,55235788800,105,1833.0,9.9,28497895424,72503361536,100,15464247296,1241120768,69.0,52.096,69.25,
59804066901571,90.046637653,198.8,18430017536,55235788800,105,1837.0,12.4,28497895424,72503361536,100,15464247296,1241120768,68.0,52.087,69.25,
59804121640829,90.101376911,201.0,18430017536,55235788800,105,1830.0,10.4,28497637376,72503619584,100,15464247296,1241120768,69.0,52.095,69.25,
59804175606595,90.155342677,222.3,18430017536,55235788800,105,1854.0,11.6,28497866752,72503390208,100,15464247296,1241120768,69.0,52.098,69.25,
59804229581317,90.209317399,203.8,18430017536,55235788800,105,1842.0,12.2,28497833984,72503422976,100,15464247296,1241120768,69.0,52.088,69.25,
59804284741957,90.264478039,199.3,18430017536,55235788800,105,1811.0,12.4,28497694720,72503562240,100,15464247296,1241120768,68.0,52.095,69.25,
59804338648161,90.318384243,222.5,18430021632,55235788800,105,1834.0,11.7,28497924096,72503332864,100,15464247296,1241120768,69.0,52.077,69.125,
59804392763347,90.372499429,203.4,18430021632,55235788800,105,1815.0,10.4,28497891328,72503365632,100,15464247296,1241120768,68.0,52.089,69.125,
59804446710107,90.426446189,204.0,18430025728,55235788800,105,1838.0,11.8,28497891328,72503365632,100,15464247296,1241120768,68.0,52.074,69.125,
59804500733330,90.480469412,203.7,18430025728,55235788800,105,1859.0,9.3,28497891328,72503365632,100,15464247296,1241120768,68.0,52.095,69.125,
59804554603055,90.534339137,222.5,18430025728,55235788800,105,1842.0,11.2,28497891328,72503365632,100,15464247296,1241120768,68.0,52.08,69.125,
59804608799373,90.588535455,203.0,18430025728,55235788800,105,1831.0,11.4,28497543168,72503713792,100,15464247296,1241120768,68.0,53.002,69.125,
59804662653849,90.642389931,204.4,18430025728,55235788800,105,1803.0,11.3,28497543168,72503713792,100,15464247296,1241120768,68.0,52.084,69.125,
59804715693926,90.695430008,206.7,18430025728,55235788800,105,1842.0,12.7,28497522688,72503734272,100,15464247296,1241120768,69.0,53.003,69.125,
59804769584119,90.749320201,204.8,18430025728,55235788800,105,1897.0,14.7,28497518592,72503738368,100,15464247296,1241120768,68.0,52.095,69.125,
59804822535439,90.802271521,188.9,18430025728,55235788800,105,1910.0,10.2,28497747968,72503508992,100,15464247296,1241120768,69.0,52.097,69.125,
59804875651388,90.85538747,207.1,18430029824,55235788800,105,1865.0,9.5,28497747968,72503508992,100,15464247296,1241120768,68.0,52.099,69.125,
59804928557253,90.908293335,208.0,18430029824,55235788800,105,1906.0,10.1,28497813504,72503443456,100,15464247296,1241120768,69.0,52.089,69.125,
59804981529332,90.961265414,207.5,18430029824,55235788800,105,1852.0,8.9,28498296832,72502960128,100,15464247296,1241120768,69.0,52.099,69.125,
59805037617754,91.017353836,214.3,18430033920,55235788800,105,1831.0,11.9,28498116608,72503140352,100,15466344448,1241120768,69.0,52.081,69.125,
59805090615521,91.070351603,188.2,18430033920,55235788800,105,1826.0,11.0,28500697088,72500559872,100,15466344448,1241120768,68.0,52.094,69.125,
59805143648103,91.123384185,207.9,18430033920,55235788800,105,1855.0,10.8,28500926464,72500330496,100,15466344448,1241120768,68.0,52.073,69.125,
59805196672661,91.176408743,226.0,18430033920,55235788800,105,1813.0,10.6,28500926464,72500330496,100,15466344448,1241120768,69.0,52.098,69.25,
59805253892888,91.23362897,192.1,18430033920,55235788800,105,1829.0,11.4,28500926464,72500330496,100,15466344448,1241120768,68.0,52.074,69.25,
59805310702144,91.290438226,211.3,18430033920,55235788800,105,1832.0,10.6,28500598784,72500658176,100,15466344448,1241120768,69.0,52.094,69.25,
59805364573262,91.344309344,204.2,18430033920,55235788800,105,1824.0,11.0,28500566016,72500690944,100,15466344448,1241120768,68.0,52.075,69.25,
59805418579062,91.398315144,203.7,18430038016,55235788800,105,1875.0,9.9,28500303872,72500953088,100,15466344448,1241120768,69.0,52.097,69.25,
59805473737437,91.453473519,216.9,18430038016,55235788800,105,1861.0,10.3,28500303872,72500953088,100,15466344448,1241120768,68.0,52.078,69.25,
59805533071454,91.512807536,219.6,18430038016,55235788800,105,1846.0,11.6,28500533248,72500723712,100,15466344448,1241120768,69.0,52.095,69.25,
59805587588354,91.567324436,201.9,18430038016,55235788800,105,1811.0,11.0,28500533248,72500723712,100,15466344448,1241120768,68.0,52.081,69.25,
59805641628368,91.62136445,222.1,18430042112,55235788800,105,1887.0,8.2,28500533248,72500723712,100,15466344448,1241120768,69.0,52.095,69.25,
59805695780914,91.675516996,203.1,18430042112,55235788800,105,1846.0,12.9,28500258816,72500998144,100,15466344448,1241120768,68.0,52.086,69.25,
59805753893146,91.733629228,912.3,18430050304,55235788800,105,1898.0,35.7,28500258816,72500998144,100,15466344448,1241120768,69.0,52.099,69.25,
59805807778920,91.787515002,204.0,18430050304,55235788800,105,1832.0,11.6,28500258816,72500998144,100,15466344448,1241120768,69.0,52.096,69.25,
59805861707505,91.841443587,222.6,18430050304,55235788800,105,1864.0,11.6,28497391616,72503865344,100,15462150144,1241120768,69.0,52.085,69.25,
59805916628895,91.896364977,200.2,18430050304,55235788800,105,1833.0,10.9,28496764928,72504492032,100,15462150144,1241120768,68.0,52.095,69.25,
59805970653530,91.950389612,203.7,18430050304,55235788800,105,1852.0,11.6,28496764928,72504492032,100,15462150144,1241120768,69.0,52.08,69.25,
59806024649742,92.004385824,203.6,18430050304,55235788800,105,1828.0,10.5,28495421440,72505835520,100,15462150144,1241120768,69.0,52.091,69.25,
59806078657005,92.058393087,203.7,18430050304,55235788800,105,1829.0,10.5,28495421440,72505835520,100,15462150144,1241120768,69.0,52.073,69.25,
59806132649520,92.112385602,222.2,18430050304,55235788800,105,1829.0,10.4,28495650816,72505606144,100,15462150144,1241120768,68.0,52.093,69.25,
59806186531357,92.166267439,204.2,18430050304,55235788800,105,1841.0,11.1,28495118336,72506138624,100,15462150144,1241120768,69.0,52.069,69.25,
59806240769413,92.220505495,202.8,18430050304,55235788800,105,1868.0,9.8,28495118336,72506138624,100,15462150144,1241120768,68.0,52.094,69.25,
59806295787424,92.275523506,218.1,18430050304,55235788800,105,1849.0,11.5,28494585856,72506671104,100,15462150144,1241120768,68.0,52.074,69.25,
59806349705450,92.329441532,204.0,18430050304,55235788800,105,1853.0,9.4,28494585856,72506671104,100,15462150144,1241120768,68.0,52.094,69.25,
59806404670521,92.384406603,200.1,18430058496,55235788800,105,1876.0,12.6,28494807040,72506449920,100,15462150144,1241120768,68.0,52.078,69.25,
59806458698463,92.438434545,203.6,18430058496,55235788800,105,1875.0,9.2,28494807040,72506449920,100,15462150144,1241120768,68.0,52.093,69.25,
59806513828353,92.493564435,235.8,18430058496,55235788800,105,1874.0,12.0,28495323136,72505933824,100,15462150144,1241120768,68.0,52.082,69.25,
59806567802073,92.547538155,185.3,18430058496,55235788800,105,1899.0,9.3,28495323136,72505933824,100,15462150144,1241120768,69.0,53.0,69.25,
59806621653663,92.601389745,204.3,18430058496,55235788800,105,1857.0,12.2,28493750272,72507506688,100,15462150144,1241120768,68.0,52.091,69.25,
59806675630708,92.65536679,222.4,18430058496,55235788800,105,1876.0,9.3,28493750272,72507506688,100,15462150144,1241120768,69.0,52.096,69.25,
59806730684957,92.710421039,199.7,18430058496,55235788800,105,1803.0,13.7,28493750272,72507506688,100,15462150144,1241120768,69.0,53.002,69.25,
59806784632357,92.764368439,204.0,18430058496,55235788800,105,1904.0,12.9,28493750272,72507506688,100,15462150144,1241120768,69.0,52.094,69.25,
59806838784210,92.818520292,221.6,18430062592,55235788800,105,1879.0,9.8,28494270464,72506986496,100,15462150144,1241120768,69.0,52.096,69.25,
59806893666125,92.873402207,200.4,18430062592,55235788800,105,1892.0,12.1,28498112512,72503144448,100,15466344448,1241120768,69.0,52.087,69.25,
59806947791810,92.927527892,203.2,18430066688,55235788800,105,1875.0,9.9,28493987840,72507269120,100,15466344448,1241120768,69.0,52.094,69.25,
59807001702852,92.981438934,204.0,18430070784,55235788800,105,1822.0,12.3,28493987840,72507269120,100,15466344448,1241120768,69.0,52.08,69.25,
59807055813458,93.03554954,202.9,18430070784,55235788800,105,1869.0,11.5,28493938688,72507318272,100,15466344448,1241120768,68.0,52.093,69.25,
59807109816893,93.089552975,222.6,18430070784,55235788800,105,1828.0,13.5,28495429632,72505827328,100,15466344448,1241120768,69.0,52.073,69.25,
59807163713768,93.14344985,204.1,18430070784,55235788800,105,1837.0,11.1,28495429632,72505827328,100,15466344448,1241120768,68.0,52.095,69.25,
59807217724266,93.197460348,203.7,18430070784,55235788800,105,1844.0,13.4,28495372288,72505884672,100,15466344448,1241120768,68.0,52.076,69.25,
59807271800128,93.25153621,203.3,18430070784,55235788800,105,1853.0,11.0,28495085568,72506171392,100,15466344448,1241120768,69.0,52.095,69.25,
59807328770465,93.308506547,228.3,18430070784,55235788800,105,1817.0,13.8,28495052800,72506204160,100,15466344448,1241120768,68.0,52.077,69.25,
59807382804487,93.362540569,184.5,18430070784,55235788800,105,1861.0,11.5,28494995456,72506261504,100,15466344448,1241120768,68.0,52.093,69.25,
59807437796880,93.417532962,237.1,18430070784,55235788800,105,1909.0,13.2,28494995456,72506261504,100,15466344448,1241120768,68.0,52.084,69.25,
59807491877590,93.471613672,203.3,18430074880,55235788800,105,1893.0,9.9,28494995456,72506261504,100,15466344448,1241120768,69.0,52.094,69.25,
59807548708054,93.528444136,193.6,18430074880,55235788800,105,1813.0,12.6,28495482880,72505774080,100,15466344448,1241120768,68.0,52.091,69.25,
59807602805826,93.582541908,221.8,18430078976,55235788800,105,1868.0,11.1,28495482880,72505774080,100,15466344448,1241120768,69.0,53.0,69.25,
59807657996650,93.637732732,199.2,18430078976,55235788800,105,1843.0,11.8,28495605760,72505651200,100,15466344448,1241120768,68.0,52.096,69.25,
59807713897849,93.693633931,214.7,18430078976,55235788800,105,1929.0,15.8,28501549056,72499707904,100,15466344448,1241120768,68.0,53.003,69.25,
59807767871829,93.747607911,203.9,18430078976,55235788800,105,1841.0,12.5,28495519744,72505737216,100,15466344448,1241120768,68.0,53.0,69.25,
59807821758504,93.801494586,204.2,18430078976,55235788800,105,1874.0,12.1,28495749120,72505507840,100,15466344448,1241120768,69.0,52.081,69.25,
59807875689683,93.855425765,204.2,18430078976,55235788800,105,1836.0,11.2,28495585280,72505671680,100,15466344448,1241120768,68.0,52.092,69.25,
59807928735269,93.908471351,207.6,18430078976,55235788800,105,1797.0,12.6,28495585280,72505671680,100,15466344448,1241120768,69.0,52.075,69.25,
59807981706355,93.961442437,207.3,18430078976,55235788800,105,1829.0,10.5,28495585280,72505671680,100,15466344448,1241120768,68.0,52.097,69.25,
59808034650810,94.014386892,189.2,18430083072,55235788800,105,1848.0,12.7,28495585280,72505671680,100,15466344448,1241120768,68.0,52.076,69.25,
59808087723457,94.067459539,206.7,18430083072,55235788800,105,1884.0,26.5,28495814656,72505442304,100,15466344448,1241120768,68.0,53.004,69.25,
59808140675827,94.120411909,207.9,18430087168,55235788800,105,1899.0,23.1,28495814656,72505442304,100,15466344448,1241120768,68.0,52.096,69.25,
59808193670948,94.17340703,226.4,18430087168,55235788800,105,1867.0,10.7,28491685888,72509571072,100,15466344448,1241120768,69.0,52.088,69.125,
59808246683592,94.226419674,188.6,18430087168,55235788800,105,1869.0,12.4,28491501568,72509755392,100,15466344448,1241120768,68.0,52.092,69.125,
59808299646122,94.279382204,208.1,18430087168,55235788800,105,1806.0,12.5,28491501568,72509755392,100,15466344448,1241120768,69.0,52.081,69.125,
59808352680677,94.332416759,207.1,18430087168,55235788800,105,1831.0,9.4,28492017664,72509239296,100,15466344448,1241120768,68.0,52.091,69.125,
59808405751650,94.385487732,188.2,18430087168,55235788800,105,1784.0,13.9,28491759616,72509497344,100,15466344448,1241120768,68.0,52.073,69.125,
59808459780312,94.439516394,203.9,18430087168,55235788800,105,1816.0,8.8,28491759616,72509497344,100,15466344448,1241120768,69.0,52.092,69.125,
59808513857164,94.493593246,221.8,18430087168,55235788800,105,1879.0,12.2,28491759616,72509497344,100,15466344448,1241120768,68.0,52.07,69.125,
59808567847654,94.547583736,203.8,18430091264,55235788800,105,1842.0,9.9,28491988992,72509267968,100,15466344448,1241120768,68.0,52.093,69.125,
59808621903297,94.601639379,203.2,18430091264,55235788800,105,1797.0,11.6,28491988992,72509267968,100,15466344448,1241120768,68.0,52.073,69.125,
59808675671209,94.655407291,204.8,18430091264,55235788800,105,1842.0,10.5,28491988992,72509267968,100,15466344448,1241120768,69.0,52.094,69.125,
59808729764211,94.709500293,203.4,18430095360,55235788800,105,1836.0,13.3,28491976704,72509280256,100,15466344448,1241120768,68.0,52.081,69.125,
59808783754230,94.763490312,222.3,18430095360,55235788800,105,1871.0,12.1,28491976704,72509280256,100,15466344448,1241120768,69.0,52.094,69.125,
59808837881316,94.817617398,203.1,18430095360,55235788800,105,1812.0,12.2,28492206080,72509050880,100,15466344448,1241120768,68.0,52.083,69.125,
59808891724089,94.871460171,185.9,18430095360,55235788800,105,1881.0,9.8,28492255232,72509001728,100,15466344448,1241120768,69.0,52.089,69.125,
59808945742742,94.925478824,203.6,18430095360,55235788800,105,1899.0,9.9,28491890688,72509366272,100,15466344448,1241120768,68.0,52.091,69.125,
59809000779256,94.980515338,236.1,18430095360,55235788800,105,1881.0,10.2,28492120064,72509136896,100,15466344448,1241120768,69.0,52.088,69.125,
59809054829629,95.034565711,203.6,18430095360,55235788800,105,1817.0,10.5,28492349440,72508907520,100,15466344448,1241120768,69.0,52.094,69.125,
59809108866496,95.088602578,203.4,18430103552,55235788800,105,1848.0,11.0,28493348864,72507908096,100,15466344448,1241120768,69.0,52.083,69.125,
59809162868096,95.142604178,203.8,18430103552,55235788800,105,1859.0,11.0,28492935168,72508321792,100,15466344448,1241120768,68.0,52.093,69.25,
59809216809464,95.196545546,203.9,18430103552,55235788800,105,1851.0,10.5,28493164544,72508092416,100,15466344448,1241120768,69.0,52.076,69.25,
59809270832154,95.250568236,203.4,18430107648,55235788800,105,1838.0,9.2,28493385728,72507871232,100,15466344448,1241120768,68.0,52.086,69.25,
59809324768022,95.304504104,204.0,18430107648,55235788800,105,1845.0,11.0,28493615104,72507641856,100,15466344448,1241120768,69.0,52.074,69.25,
59809378904977,95.358641059,221.6,18430107648,55235788800,105,1859.0,9.9,28493352960,72507904000,100,15466344448,1241120768,69.0,52.093,69.25,
59809435246452,95.414982534,319.7,18430124032,55235788800,105,1756.0,22.2,28493582336,72507674624,100,15466344448,1241120768,68.0,52.071,69.25,
59809491984632,95.471720714,863.1,18430124032,55235788800,105,1846.0,25.3,28493582336,72507674624,100,15466344448,1241120768,68.0,52.094,69.25,
59809545717077,95.525453159,223.4,18430124032,55235788800,105,1856.0,11.0,28493582336,72507674624,100,15466344448,1241120768,69.0,52.08,69.25,
59809599986631,95.579722713,202.5,18430124032,55235788800,105,1859.0,10.4,28493582336,72507674624,100,15466344448,1241120768,68.0,53.003,69.25,
59809653774560,95.633510642,204.7,18430128128,55235788800,105,1857.0,10.5,28494098432,72507158528,100,15466344448,1241120768,68.0,52.088,69.25,
59809707914370,95.687650452,203.2,18430128128,55235788800,105,1868.0,9.4,28494086144,72507170816,100,15466344448,1241120768,69.0,53.006,69.25,
59809762926277,95.742662359,218.1,18430128128,55235788800,105,1819.0,14.3,28494086144,72507170816,100,15466344448,1241120768,68.0,52.094,69.25,
59809816847286,95.796583368,204.0,18430128128,55235788800,105,1866.0,9.4,28494086144,72507170816,100,15466344448,1241120768,69.0,52.098,69.25,
59809870790838,95.85052692,204.0,18430128128,55235788800,105,1872.0,11.0,28492791808,72508465152,100,15462150144,1241120768,68.0,53.0,69.25,
59809924779684,95.904515766,203.8,18430128128,55235788800,105,1888.0,9.9,28492918784,72508338176,100,15462150144,1241120768,69.0,52.094,69.25,
59809981947300,95.961683382,209.8,18430128128,55235788800,105,1874.0,9.9,28492918784,72508338176,100,15462150144,1241120768,69.0,53.001,69.25,
59810037799056,96.017535138,214.9,18430128128,55235788800,105,1850.0,10.1,28489445376,72511811584,100,15462150144,1241120768,69.0,52.09,69.25,
59810091837084,96.071573166,203.4,18430132224,55235788800,105,1856.0,11.5,28489445376,72511811584,100,15462150144,1241120768,69.0,53.0,69.25,
59810145822324,96.125558406,203.9,18430132224,55235788800,105,1873.0,10.5,28489379840,72511877120,100,15462150144,1241120768,69.0,52.085,69.25,
59810202047681,96.181783763,213.5,18430136320,55235788800,105,1862.0,10.6,28489019392,72512237568,100,15462150144,1241120768,68.0,52.095,69.25,
59810255860627,96.235596709,204.4,18430136320,55235788800,105,1859.0,11.6,28489248768,72512008192,100,15462150144,1241120768,69.0,52.077,69.25,
59810309848962,96.289585044,203.8,18430136320,55235788800,105,1872.0,8.8,28489478144,72511778816,100,15462150144,1241120768,68.0,52.096,69.25,
59810364041662,96.343777744,221.4,18430136320,55235788800,105,1858.0,12.6,28489732096,72511524864,100,15462150144,1241120768,68.0,52.074,69.25,
59810417857503,96.397593585,204.4,18430136320,55235788800,105,1827.0,11.2,28489732096,72511524864,100,15462150144,1241120768,68.0,52.094,69.25,
59810471938332,96.451674414,203.3,18430136320,55235788800,105,1849.0,10.4,28489961472,72511295488,100,15462150144,1241120768,68.0,52.074,69.25,
59810525930985,96.505667067,203.7,18430136320,55235788800,105,1875.0,9.9,28489699328,72511557632,100,15462150144,1241120768,69.0,52.094,69.25,
59810579958484,96.559694566,203.6,18430136320,55235788800,105,1872.0,11.0,28489699328,72511557632,100,15462150144,1241120768,68.0,52.085,69.25,
59810633797168,96.61353325,204.5,18430140416,55235788800,105,1900.0,9.4,28489699328,72511557632,100,15462150144,1241120768,69.0,53.002,69.25,
59810691023394,96.670759476,209.6,18430140416,55235788800,105,1881.0,12.6,28489687040,72511569920,100,15462150144,1241120768,68.0,52.091,69.25,
59810744943521,96.724679603,222.5,18430144512,55235788800,105,1853.0,12.7,28489687040,72511569920,100,15462150144,1241120768,69.0,53.003,69.25,
59810798952965,96.778689047,203.7,18430144512,55235788800,105,1815.0,14.0,28489687040,72511569920,100,15462150144,1241120768,69.0,53.0,69.25,
59810852903660,96.832639742,185.4,18430144512,55235788800,105,1845.0,10.6,28490203136,72511053824,100,15466344448,1241120768,69.0,52.091,69.25,
59810906922432,96.886658514,222.0,18430144512,55235788800,105,1859.0,11.0,28490182656,72511074304,100,15466344448,1241120768,68.0,52.097,69.25,
59810960958707,96.940694789,203.6,18430144512,55235788800,105,1889.0,12.2,28490182656,72511074304,100,15466344448,1241120768,69.0,52.086,69.25,
59811014893822,96.994629904,204.0,18430144512,55235788800,105,1859.0,9.9,28490182656,72511074304,100,15466344448,1241120768,68.0,52.094,69.25,
59811068856208,97.04859229,203.9,18430148608,55235788800,105,1862.0,12.1,28490698752,72510558208,100,15466344448,1241120768,69.0,52.079,69.25,
59811123036664,97.102772746,202.9,18430148608,55235788800,105,1863.0,10.5,28493221888,72508035072,100,15466344448,1241120768,69.0,52.096,69.25,
59811176956460,97.156692542,204.0,18430148608,55235788800,105,1864.0,12.9,28493221888,72508035072,100,15466344448,1241120768,68.0,52.075,69.25,
59811230841401,97.210577483,222.7,18430152704,55235788800,105,1857.0,9.9,28493221888,72508035072,100,15466344448,1241120768,69.0,52.096,69.25,
59811284999545,97.264735627,203.0,18430156800,55235788800,105,1845.0,12.0,28493221888,72508035072,100,15466344448,1241120768,68.0,52.077,69.25,
59811340042621,97.319778703,199.4,18430156800,55235788800,105,1855.0,10.3,28493221888,72508035072,100,15466344448,1241120768,68.0,52.094,69.25,
59811395978694,97.375714776,215.1,18430156800,55235788800,105,1784.0,14.8,28493221888,72508035072,100,15466344448,1241120768,68.0,52.08,69.25,
59811449936151,97.429672233,222.4,18430156800,55235788800,105,1882.0,9.9,28492697600,72508559360,100,15466344448,1241120768,69.0,52.096,69.25,
59811504027740,97.483763822,203.3,18430156800,55235788800,105,1868.0,11.8,28492697600,72508559360,100,15466344448,1241120768,68.0,52.088,69.25,
59811557867495,97.537603577,204.4,18430156800,55235788800,105,1870.0,11.1,28492697600,72508559360,100,15466344448,1241120768,69.0,52.091,69.25,
59811611928446,97.591664528,203.4,18430156800,55235788800,105,1830.0,12.6,28492697600,72508559360,100,15466344448,1241120768,68.0,52.096,69.25,
59811666025605,97.645761687,221.9,18430156800,55235788800,105,1860.0,13.3,28492697600,72508559360,100,15466344448,1241120768,69.0,52.085,69.25,
59811719962723,97.699698805,203.9,18430156800,55235788800,105,1823.0,11.6,28492673024,72508583936,100,15466344448,1241120768,68.0,52.096,69.25,
59811773915421,97.753651503,203.9,18430156800,55235788800,105,1801.0,14.0,28492673024,72508583936,100,15466344448,1241120768,68.0,52.077,69.125,
59811827963838,97.80769992,203.5,18430164992,55235788800,105,1821.0,10.4,28492673024,72508583936,100,15466344448,1241120768,68.0,52.089,69.25,
59811881939790,97.861675872,203.8,18430164992,55235788800,105,1858.0,12.3,28492673024,72508583936,100,15466344448,1241120768,68.0,52.069,69.125,
59811935905472,97.915641554,203.9,18430164992,55235788800,105,1838.0,9.4,28492468224,72508788736,100,15466344448,1241120768,68.0,52.091,69.125,
59811989757991,97.969494073,222.7,18430164992,55235788800,105,1836.0,11.6,28492468224,72508788736,100,15466344448,1241120768,68.0,52.072,69.125,
59812043975917,98.023711999,202.8,18430164992,55235788800,105,1866.0,9.4,28492464128,72508792832,100,15466344448,1241120768,68.0,52.092,69.125,
59812099026537,98.078762619,199.9,18430164992,55235788800,105,1873.0,12.4,28492464128,72508792832,100,15466344448,1241120768,68.0,52.075,69.125,
59812152936103,98.132672185,222.7,18430164992,55235788800,105,1906.0,9.4,28492464128,72508792832,100,15466344448,1241120768,69.0,52.092,69.125,
59812206943153,98.186679235,203.6,18430164992,55235788800,105,1923.0,10.9,28492464128,72508792832,100,15466344448,1241120768,68.0,52.082,69.125,
59812262023699,98.241759781,199.7,18430164992,55235788800,105,1891.0,11.0,28492464128,72508792832,100,15466344448,1241120768,69.0,52.09,69.125,
59812315963743,98.295699825,203.9,18430164992,55235788800,105,1837.0,10.6,28492464128,72508792832,100,15466344448,1241120768,69.0,52.094,69.125,
59812369919847,98.349655929,222.5,18430173184,55235788800,105,1893.0,12.7,28492464128,72508792832,100,15466344448,1241120768,69.0,52.083,69.125,
59812423956552,98.403692634,203.6,18430173184,55235788800,105,1871.0,10.5,28492464128,72508792832,100,15466344448,1241120768,68.0,52.092,69.125,
59812477993147,98.457729229,203.6,18430173184,55235788800,105,1865.0,11.6,28491431936,72509825024,100,15466344448,1241120768,69.0,52.077,69.125,
59812532016888,98.51175297,203.5,18430173184,55235788800,105,1859.0,9.8,28491366400,72509890560,100,15466344448,1241120768,68.0,52.087,69.125,
59812585924952,98.565661034,204.2,18430173184,55235788800,105,1970.0,11.1,28491366400,72509890560,100,15466344448,1241120768,69.0,52.083,69.125,
59812639916832,98.619652914,222.3,18430173184,55235788800,105,1899.0,9.2,28491366400,72509890560,100,15466344448,1241120768,68.0,53.0,69.125,
59812695073010,98.674809092,199.3,18430173184,55235788800,105,1950.0,12.0,28491366400,72509890560,100,15466344448,1241120768,68.0,52.08,69.125,
59812748890673,98.728626755,204.6,18430173184,55235788800,105,1904.0,12.4,28491354112,72509902848,100,15466344448,1241120768,68.0,53.004,69.125,
59812802924984,98.782661066,203.4,18430173184,55235788800,105,1890.0,12.6,28491354112,72509902848,100,15466344448,1241120768,68.0,52.079,69.125,
59812856995362,98.836731444,222.1,18430173184,55235788800,105,1957.0,10.3,28491354112,72509902848,100,15466344448,1241120768,69.0,52.097,69.125,
59812913155285,98.892891367,195.9,18430177280,55235788800,105,1872.0,10.2,28491354112,72509902848,100,15466344448,1241120768,68.0,52.083,69.125,
59812967021910,98.946757992,204.3,18430181376,55235788800,105,1920.0,9.3,28491354112,72509902848,100,15466344448,1241120768,69.0,52.097,69.125,
59813020915386,99.000651468,222.6,18430181376,55235788800,105,1840.0,11.0,28491354112,72509902848,100,15466344448,1241120768,68.0,52.091,69.125,
59813074915212,99.054651294,203.7,18430181376,55235788800,105,1884.0,10.5,28493418496,72507838464,100,15466344448,1241120768,69.0,52.092,69.125,
59813129090217,99.108826299,203.1,18430189568,55235788800,105,1850.0,10.9,28493418496,72507838464,100,15466344448,1241120768,69.0,52.087,69.125,
59813186109233,99.165845315,982.0,18430210048,55235788800,105,1912.0,38.4,28493418496,72507838464,100,15466344448,1241120768,68.0,52.09,69.125,
59813239958906,99.219694988,222.8,18430210048,55235788800,105,1848.0,9.3,28493418496,72507838464,100,15466344448,1241120768,69.0,52.094,69.125,
59813293995451,99.273731533,222.1,18430210048,55235788800,105,1859.0,10.5,28493418496,72507838464,100,15466344448,1241120768,69.0,52.077,69.25,
59813348061551,99.327797633,203.5,18430214144,55235788800,105,1848.0,10.7,28493418496,72507838464,100,15466344448,1241120768,68.0,52.093,69.25,
59813403013044,99.382749126,200.1,18430214144,55235788800,105,1807.0,11.1,28492206080,72509050880,100,15466344448,1241120768,69.0,52.076,69.25,
59813456998443,99.436734525,203.6,18430214144,55235788800,105,1865.0,9.8,28492206080,72509050880,100,15466344448,1241120768,69.0,52.093,69.25,
59813510921023,99.490657105,204.3,18430214144,55235788800,105,1808.0,11.2,28492206080,72509050880,100,15466344448,1241120768,68.0,52.07,69.25,
59813566069846,99.545805928,217.7,18430214144,55235788800,105,1818.0,9.1,28492206080,72509050880,100,15466344448,1241120768,68.0,52.096,69.25,
59813619847825,99.599583907,204.5,18430214144,55235788800,105,1861.0,10.6,28492206080,72509050880,100,15466344448,1241120768,69.0,52.076,69.25,
59813674156070,99.653892152,202.6,18430214144,55235788800,105,1834.0,9.2,28492206080,72509050880,100,15466344448,1241120768,68.0,52.098,69.25,
59813727966760,99.707702842,204.2,18430214144,55235788800,105,1803.0,13.8,28489768960,72511488000,100,15466344448,1241120768,68.0,52.081,69.25,
59813782389459,99.762125541,202.2,18430214144,55235788800,105,1864.0,14.5,28489768960,72511488000,100,15466344448,1241120768,68.0,52.096,69.25,
59813837068049,99.816804131,219.7,18430214144,55235788800,105,1826.0,11.0,28486483968,72514772992,100,15466344448,1241120768,68.0,52.081,69.25,
59813890065161,99.869801243,207.4,18430218240,55235788800,105,1868.0,9.4,28483076096,72518180864,100,15462150144,1241120768,70.0,52.097,69.25,
59813945085283,99.924821365,200.0,18430218240,55235788800,105,1846.0,10.2,28483076096,72518180864,100,15462150144,1241120768,68.0,52.085,69.25,
59813999232976,99.978969058,203.2,18430218240,55235788800,105,1861.0,9.9,28483018752,72518238208,100,15462150144,1241120768,70.0,52.093,69.25,
59814053046111,100.032782193,222.7,18430218240,55235788800,105,1831.0,12.2,28483219456,72518037504,100,15462150144,1241120768,68.0,52.091,69.25,
59814107055293,100.086791375,203.6,18430218240,55235788800,105,1849.0,9.9,28483162112,72518094848,100,15462150144,1241120768,69.0,52.09,69.25,
59814160991740,100.140727822,204.2,18430218240,55235788800,105,1829.0,10.6,28483391488,72517865472,100,15462150144,1241120768,69.0,52.097,69.25,
59814215033634,100.194769716,203.6,18430218240,55235788800,105,1827.0,11.5,28483588096,72517668864,100,15462150144,1241120768,69.0,52.087,69.25,
59814272044424,100.251780506,210.5,18430218240,55235788800,105,1821.0,10.4,28483588096,72517668864,100,15462150144,1241120768,69.0,52.093,69.25,
59814330101499,100.309837581,206.7,18430222336,55235788800,105,1846.0,11.9,28483530752,72517726208,100,15462150144,1241120768,70.0,52.085,69.25,
59814384092067,100.363828149,222.2,18430222336,55235788800,105,1860.0,9.9,28483473408,72517783552,100,15462150144,1241120768,69.0,52.095,69.25,
59814438073488,100.41780957,203.8,18430226432,55235788800,105,1819.0,9.9,28483416064,72517840896,100,15462150144,1241120768,69.0,52.081,69.25,
59814493189028,100.47292511,199.5,18430226432,55235788800,105,1826.0,10.2,28483416064,72517840896,100,15462150144,1241120768,69.0,52.09,69.25,
59814547067746,100.526803828,222.7,18430226432,55235788800,105,1833.0,10.6,28483612672,72517644288,100,15462150144,1241120768,69.0,52.072,69.25,
59814601127002,100.580863084,203.5,18430226432,55235788800,105,1835.0,10.8,28483555328,72517701632,100,15462150144,1241120768,69.0,52.091,69.25,
59814656291414,100.636027496,199.3,18430226432,55235788800,105,1847.0,12.0,28483497984,72517758976,100,15462150144,1241120768,68.0,52.069,69.25,
59814710070564,100.689806646,223.2,18430226432,55235788800,105,1849.0,10.7,28483477504,72517779456,100,15462150144,1241120768,69.0,52.095,69.25,
59814764083344,100.743819426,185.0,18430226432,55235788800,105,1760.0,14.9,28483649536,72517607424,100,15462150144,1241120768,68.0,52.076,69.25,
59814818079261,100.797815343,203.8,18430226432,55235788800,105,1828.0,10.6,28483592192,72517664768,100,15462150144,1241120768,68.0,52.092,69.25,
59814872016098,100.85175218,222.5,18430226432,55235788800,105,1839.0,12.8,28483788800,72517468160,100,15466344448,1241120768,68.0,52.075,69.25,
59814926150185,100.905886267,184.7,18430230528,55235788800,105,1873.0,10.3,28484046848,72517210112,100,15466344448,1241120768,69.0,52.089,69.25,
59814981955511,100.961691593,232.3,18430234624,55235788800,105,1806.0,13.6,28483989504,72517267456,100,15466344448,1241120768,68.0,52.079,69.25,
59815036147386,101.015883468,203.6,18430234624,55235788800,105,1856.0,9.9,28483932160,72517324800,100,15466344448,1241120768,69.0,52.091,69.25,
59815090075687,101.069811769,203.9,18430234624,55235788800,105,1804.0,19.0,28489609216,72511647744,100,15466344448,1241120768,68.0,52.089,69.25,
59815145091690,101.124827772,199.9,18430238720,55235788800,105,1823.0,29.3,28489867264,72511389696,100,15466344448,1241120768,68.0,52.094,69.25,
59815199140407,101.178876489,203.6,18430238720,55235788800,105,1816.0,15.9,28488835072,72512421888,100,15466344448,1241120768,68.0,52.09,69.25,
59815253060832,101.232796914,204.1,18430238720,55235788800,105,1829.0,11.8,28488310784,72512946176,100,15466344448,1241120768,68.0,52.076,69.25,
59815307319303,101.287055385,220.9,18430238720,55235788800,105,1832.0,10.3,28488048640,72513208320,100,15466344448,1241120768,68.0,52.085,69.25,
59815361210183,101.340946265,204.2,18430238720,55235788800,105,1816.0,13.3,28487532544,72513724416,100,15466344448,1241120768,69.0,52.071,69.25,
59815415144225,101.394880307,204.1,18430238720,55235788800,105,1837.0,10.6,28487532544,72513724416,100,15466344448,1241120768,69.0,52.089,69.25,
59815469078677,101.448814759,203.8,18430242816,55235788800,105,1793.0,12.6,28487532544,72513724416,100,15466344448,1241120768,69.0,52.068,69.25,
59815524066908,101.50380299,200.1,18430246912,55235788800,105,1836.0,10.4,28487532544,72513724416,100,15466344448,1241120768,69.0,52.089,69.25,
59815578131333,101.557867415,221.8,18430246912,55235788800,105,1771.0,13.3,28487532544,72513724416,100,15466344448,1241120768,68.0,52.073,69.25,
59815632179118,101.6119152,203.5,18430246912,55235788800,105,1881.0,9.9,28487528448,72513728512,100,15466344448,1241120768,68.0,52.091,69.25,
59815686195283,101.665931365,203.8,18430246912,55235788800,105,1802.0,12.8,28487528448,72513728512,100,15466344448,1241120768,68.0,52.08,69.25,
59815740174389,101.719910471,203.6,18430246912,55235788800,105,1849.0,13.6,28487520256,72513736704,100,15466344448,1241120768,69.0,52.097,69.25,
59815795239944,101.774976026,199.7,18430246912,55235788800,105,1777.0,14.3,28488003584,72513253376,100,15466344448,1241120768,68.0,52.084,69.25,
59815850090567,101.829826649,237.2,18430246912,55235788800,105,1876.0,11.6,28488003584,72513253376,100,15466344448,1241120768,69.0,52.089,69.25,
59815904079781,101.883815863,203.6,18430246912,55235788800,105,1822.0,11.4,28489355264,72511901696,100,15466344448,1241120768,69.0,52.089,69.25,
59815961301537,101.941037619,192.3,18430246912,55235788800,105,1786.0,11.2,28489584640,72511672320,100,15466344448,1241120768,69.0,52.086,69.25,
59816015073493,101.994809575,204.6,18430246912,55235788800,105,1821.0,11.5,28489584640,72511672320,100,15466344448,1241120768,68.0,52.092,69.25,
59816069327665,102.049063747,221.1,18430259200,55235788800,105,1842.0,10.5,28489814016,72511442944,100,15466344448,1241120768,69.0,52.082,69.25,
59816123248531,102.102984613,204.1,18430259200,55235788800,105,1834.0,10.5,28490072064,72511184896,100,15466344448,1241120768,69.0,52.088,69.25,
59816177075441,102.156811523,204.3,18430259200,55235788800,105,1807.0,12.6,28490301440,72510955520,100,15466344448,1241120768,69.0,52.075,69.25,
59816232174480,102.211910562,217.6,18430259200,55235788800,105,1838.0,9.2,28490301440,72510955520,100,15466344448,1241120768,67.0,52.085,69.25,
59816286318545,102.266054627,203.4,18430259200,55235788800,105,1830.0,12.2,28490559488,72510697472,100,15466344448,1241120768,68.0,52.069,69.25,
59816340194407,102.319930489,222.8,18430259200,55235788800,105,1856.0,9.8,28490559488,72510697472,100,15466344448,1241120768,69.0,52.09,69.25,
59816394066502,102.373802584,185.6,18430259200,55235788800,105,1781.0,13.9,28490559488,72510697472,100,15466344448,1241120768,69.0,52.069,69.25,
59816448143701,102.427879783,203.4,18430259200,55235788800,105,1831.0,10.0,28490559488,72510697472,100,15466344448,1241120768,69.0,52.091,69.25,
59816502182539,102.481918621,203.6,18430259200,55235788800,105,1800.0,11.1,28490559488,72510697472,100,15466344448,1241120768,68.0,52.072,69.25,
59816556122490,102.535858572,222.2,18430259200,55235788800,105,1850.0,10.9,28490559488,72510697472,100,15466344448,1241120768,68.0,52.088,69.25,
59816610194580,102.589930662,203.7,18430267392,55235788800,105,1806.0,10.6,28490559488,72510697472,100,15466344448,1241120768,68.0,52.081,69.25,
59816664219992,102.643956074,203.6,18430267392,55235788800,105,1869.0,10.4,28490813440,72510443520,100,15466344448,1241120768,69.0,52.098,69.25,
59816718235596,102.697971678,222.2,18430267392,55235788800,105,1787.0,14.0,28491284480,72509972480,100,15466344448,1241120768,68.0,52.09,69.25,
59816772083505,102.751819587,204.3,18430267392,55235788800,105,1857.0,11.7,28491284480,72509972480,100,15466344448,1241120768,69.0,52.097,69.25,
59816826096092,102.805832174,203.6,18430267392,55235788800,105,1782.0,14.5,28491284480,72509972480,100,15466344448,1241120768,69.0,52.087,69.25,
59816884436709,102.864172791,977.3,18430267392,55235788800,105,1903.0,36.4,28491534336,72509722624,100,15466344448,1241120768,69.0,52.088,69.25,
59816939221046,102.918957128,218.9,18430267392,55235788800,105,1832.0,11.7,28490960896,72510296064,100,15466344448,1241120768,69.0,52.094,69.25,
59816995211859,102.974947941,196.6,18430267392,55235788800,105,1793.0,11.2,28490436608,72510820352,100,15466344448,1241120768,69.0,52.081,69.25,
59817050285380,103.030021462,217.9,18430267392,55235788800,105,1780.0,10.4,28490436608,72510820352,100,15466344448,1241120768,69.0,52.092,69.25,
59817104106398,103.08384248,222.9,18430267392,55235788800,105,1815.0,12.8,28493791232,72507465728,100,15466344448,1241120768,68.0,52.073,69.25,
59817158112754,103.137848836,185.3,18430267392,55235788800,105,1818.0,8.2,28494020608,72507236352,100,15466344448,1241120768,68.0,52.092,69.25,
59817212235179,103.191971261,203.2,18430267392,55235788800,105,1794.0,13.1,28493987840,72507269120,100,15466344448,1241120768,68.0,52.068,69.25,
59817266309783,103.246045865,221.9,18430271488,55235788800,105,1879.0,9.3,28493922304,72507334656,100,15466344448,1241120768,68.0,52.092,69.25,
59817320087139,103.299823221,204.5,18430271488,55235788800,105,1858.0,10.6,28493922304,72507334656,100,15466344448,1241120768,69.0,52.067,69.25,
59817374196078,103.35393216,203.3,18430271488,55235788800,105,1823.0,12.0,28494147584,72507109376,100,15466344448,1241120768,69.0,52.091,69.25,
59817429247207,103.408983289,199.8,18430271488,55235788800,105,1810.0,10.3,28494147584,72507109376,100,15466344448,1241120768,68.0,52.073,69.25,
59817483303116,103.463039198,203.2,18430271488,55235788800,105,1833.0,9.7,28494114816,72507142144,100,15466344448,1241120768,69.0,52.09,69.25,
59817539178973,103.518915055,232.9,18430271488,55235788800,105,1817.0,10.9,28494114816,72507142144,100,15466344448,1241120768,68.0,52.077,69.25,
59817593144131,103.572880213,203.9,18430271488,55235788800,105,1916.0,9.8,28494114816,72507142144,100,15466344448,1241120768,69.0,52.091,69.25,
59817650399749,103.630135831,192.1,18430271488,55235788800,105,1784.0,13.0,28494344192,72506912768,100,15466344448,1241120768,68.0,52.082,69.25,
59817704202282,103.683938364,223.1,18430271488,55235788800,105,1838.0,10.6,28494573568,72506683392,100,15466344448,1241120768,69.0,52.092,69.25,
59817759123807,103.738859889,200.3,18430271488,55235788800,105,1782.0,13.2,28494802944,72506454016,100,15466344448,1241120768,69.0,52.096,69.25,
59817813220172,103.792956254,203.3,18430275584,55235788800,105,1810.0,13.4,28495056896,72506200064,100,15466344448,1241120768,69.0,52.081,69.25,
59817867206250,103.846942332,203.8,18430275584,55235788800,105,1838.0,10.9,28491616256,72509640704,100,15462150144,1241120768,69.0,52.089,69.25,
59817922189791,103.901925873,218.3,18430275584,55235788800,105,1821.0,9.7,28491743232,72509513728,100,15462150144,1241120768,69.0,52.074,69.25,
59817976228587,103.955964669,203.5,18430275584,55235788800,105,1820.0,10.3,28491743232,72509513728,100,15462150144,1241120768,69.0,52.086,69.25,
59818030230625,104.009966707,203.7,18430275584,55235788800,105,1823.0,12.2,28490452992,72510803968,100,15462150144,1241120768,68.0,52.071,69.25,
59818084183641,104.063919723,204.0,18430275584,55235788800,105,1843.0,8.8,28490682368,72510574592,100,15462150144,1241120768,68.0,52.088,69.25,
59818138078547,104.117814629,204.0,18430275584,55235788800,105,1793.0,10.9,28490911744,72510345216,100,15462150144,1241120768,68.0,52.065,69.25,
59818192256926,104.171993008,221.5,18430275584,55235788800,105,1878.0,9.9,28491165696,72510091264,100,15462150144,1241120768,68.0,52.089,69.25,
59818246125083,104.225861165,204.2,18430275584,55235788800,105,1813.0,10.5,28491132928,72510124032,100,15462150144,1241120768,69.0,52.069,69.25,
59818300325563,104.280061645,202.7,18430279680,55235788800,105,1810.0,10.3,28491132928,72510124032,100,15462150144,1241120768,69.0,52.087,69.25,
59818354191806,104.333927888,204.5,18430283776,55235788800,105,1829.0,10.0,28491067392,72510189568,100,15462150144,1241120768,68.0,52.076,69.25,
59818408232937,104.387969019,222.1,18430287872,55235788800,105,1882.0,10.9,28491034624,72510222336,100,15462150144,1241120768,69.0,52.089,69.25,
59818474377509,104.454113591,211.6,18430287872,55235788800,105,1826.0,11.4,28491264000,72509992960,100,15462150144,1241120768,68.0,52.072,69.25,
59818528209427,104.507945509,204.4,18430287872,55235788800,105,1887.0,9.3,28491001856,72510255104,100,15462150144,1241120768,69.0,52.09,69.25,
59818582139950,104.561876032,204.0,18430287872,55235788800,105,1843.0,11.0,28491001856,72510255104,100,15462150144,1241120768,68.0,52.082,69.25,
59818636268024,104.616004106,221.9,18430287872,55235788800,105,1812.0,10.4,28490543104,72510713856,100,15462150144,1241120768,69.0,52.083,69.25,
59818689275954,104.669012036,207.5,18430287872,55235788800,105,1833.0,9.5,28490543104,72510713856,100,15462150144,1241120768,69.0,52.09,69.25,
59818743204043,104.722940125,203.9,18430287872,55235788800,105,1754.0,14.3,28490530816,72510726144,100,15462150144,1241120768,69.0,52.082,69.25,
59818797189168,104.77692525,203.6,18430287872,55235788800,105,1806.0,11.6,28490530816,72510726144,100,15462150144,1241120768,68.0,52.084,69.25,
59818851213898,104.83094998,222.2,18430291968,55235788800,105,1816.0,11.6,28491362304,72509894656,100,15466344448,1241120768,69.0,52.069,69.25,
59818905229291,104.884965373,203.9,18430296064,55235788800,105,1876.0,8.8,28490346496,72510910464,100,15466344448,1241120768,68.0,52.084,69.25,
59818960506553,104.940242635,198.7,18430296064,55235788800,105,1821.0,13.0,28490604544,72510652416,100,15466344448,1241120768,69.0,52.063,69.25,
59819014258190,104.993994272,204.8,18430296064,55235788800,105,1816.0,11.0,28490346496,72510910464,100,15466344448,1241120768,68.0,52.087,69.25,
59819068182762,105.047918844,204.0,18430296064,55235788800,105,1866.0,11.2,28493959168,72507297792,100,15466344448,1241120768,68.0,52.066,69.25,
59819122180892,105.101916974,222.2,18430296064,55235788800,105,1849.0,12.1,28493959168,72507297792,100,15466344448,1241120768,69.0,52.086,69.25,
59819176305940,105.156042022,203.3,18430296064,55235788800,105,1791.0,13.3,28493959168,72507297792,100,15466344448,1241120768,68.0,52.072,69.25,
59819230281748,105.21001783,203.8,18430296064,55235788800,105,1850.0,9.4,28493959168,72507297792,100,15466344448,1241120768,69.0,52.088,69.25,
59819284434729,105.264170811,203.1,18430296064,55235788800,105,1837.0,11.5,28493697024,72507559936,100,15466344448,1241120768,68.0,52.08,69.25,
59819338320378,105.31805646,204.1,18430296064,55235788800,105,1845.0,10.5,28493238272,72508018688,100,15466344448,1241120768,69.0,52.084,69.25,
59819393378388,105.37311447,217.9,18430296064,55235788800,105,1802.0,12.0,28493238272,72508018688,100,15466344448,1241120768,69.0,52.089,69.25,
59819447274346,105.427010428,204.2,18430304256,55235788800,105,1832.0,11.7,28492353536,72508903424,100,15466344448,1241120768,69.0,52.08,69.25,
59819501282385,105.481018467,203.6,18430304256,55235788800,105,1821.0,10.9,28492836864,72508420096,100,15466344448,1241120768,69.0,52.088,69.25,
59819555282788,105.53501887,222.3,18430304256,55235788800,105,1864.0,11.6,28492836864,72508420096,100,15466344448,1241120768,68.0,52.071,69.25,
59819609383180,105.589119262,203.2,18430304256,55235788800,105,1854.0,9.8,28493066240,72508190720,100,15466344448,1241120768,68.0,52.085,69.25,
59819663320756,105.643056838,204.1,18430304256,55235788800,105,1864.0,11.1,28493066240,72508190720,100,15466344448,1241120768,69.0,52.076,69.25,
59819717333994,105.697070076,203.7,18430304256,55235788800,105,1843.0,10.6,28493058048,72508198912,100,15466344448,1241120768,69.0,53.0,69.25,
59819771300564,105.751036646,222.4,18430304256,55235788800,105,1805.0,14.9,28493058048,72508198912,100,15466344448,1241120768,68.0,52.075,69.25,
59819825395245,105.805131327,203.3,18430304256,55235788800,105,1832.0,12.1,28493058048,72508198912,100,15466344448,1241120768,69.0,52.092,69.25,
59819879273129,105.859009211,185.6,18430304256,55235788800,105,1785.0,11.7,28492365824,72508891136,100,15466344448,1241120768,68.0,52.074,69.25,
59819933341661,105.913077743,203.4,18430304256,55235788800,105,1854.0,10.3,28492595200,72508661760,100,15466344448,1241120768,68.0,52.091,69.25,
59819989370865,105.969106947,232.1,18430308352,55235788800,105,1824.0,10.8,28492824576,72508432384,100,15466344448,1241120768,68.0,52.078,69.25,
59820043301397,106.023037479,204.0,18430312448,55235788800,105,1837.0,10.5,28492824576,72508432384,100,15466344448,1241120768,69.0,52.092,69.25,
59820100339997,106.080076079,210.3,18430312448,55235788800,105,1830.0,12.2,28492824576,72508432384,100,15466344448,1241120768,68.0,52.084,69.25,
59820154276561,106.134012643,203.9,18430312448,55235788800,105,1795.0,11.6,28492824576,72508432384,100,15466344448,1241120768,69.0,52.087,69.25,
59820208396990,106.188133072,203.2,18430312448,55235788800,105,1832.0,12.2,28492824576,72508432384,100,15466344448,1241120768,69.0,52.091,69.25,
59820262374551,106.242110633,222.4,18430312448,55235788800,105,1829.0,11.7,28492529664,72508727296,100,15466344448,1241120768,69.0,52.079,69.25,
59820316348145,106.296084227,203.8,18430312448,55235788800,105,1849.0,9.9,28492529664,72508727296,100,15466344448,1241120768,69.0,52.089,69.25,
59820370392351,106.350128433,203.4,18430312448,55235788800,105,1804.0,12.8,28492529664,72508727296,100,15466344448,1241120768,68.0,52.072,69.25,
59820424487252,106.404223334,203.6,18430312448,55235788800,105,1817.0,9.9,28492529664,72508727296,100,15466344448,1241120768,68.0,52.089,69.25,
59820478337574,106.458073656,204.3,18430312448,55235788800,105,1789.0,13.4,28491939840,72509317120,100,15466344448,1241120768,68.0,52.066,69.25,
59820532368104,106.512104186,222.1,18430316544,55235788800,105,1802.0,10.5,28491939840,72509317120,100,15466344448,1241120768,69.0,52.09,69.25,
59820586216131,106.565952213,204.3,18430328832,55235788800,105,1844.0,13.1,28491939840,72509317120,100,15466344448,1241120768,68.0,52.07,69.25,
59820643416654,106.623152736,979.1,18430341120,55235788800,105,1880.0,35.8,28491681792,72509575168,100,15466344448,1241120768,68.0,52.089,69.25,
59820697338530,106.677074612,204.1,18430341120,55235788800,105,1864.0,11.7,28491681792,72509575168,100,15466344448,1241120768,68.0,52.077,69.125,
59820751428472,106.731164554,203.3,18430341120,55235788800,105,1844.0,12.7,28491669504,72509587456,100,15466344448,1241120768,69.0,52.092,69.125,
59820805350969,106.785087051,203.9,18430341120,55235788800,105,1820.0,15.0,28491669504,72509587456,100,15466344448,1241120768,68.0,52.084,69.125,
59820859345672,106.839081754,222.4,18430341120,55235788800,105,1866.0,9.9,28490895360,72510361600,100,15466344448,1241120768,69.0,52.082,69.125,
59820913347939,106.893084021,203.6,18430341120,55235788800,105,1835.0,9.9,28491153408,72510103552,100,15466344448,1241120768,68.0,52.09,69.125,
59820967325549,106.947061631,203.9,18430341120,55235788800,105,1833.0,10.0,28490735616,72510521344,100,15466344448,1241120768,69.0,52.08,69.125,
59821021339739,107.001075821,222.1,18430341120,55235788800,105,1862.0,9.9,28490735616,72510521344,100,15466344448,1241120768,69.0,52.088,69.125,
59821077371797,107.057107879,196.3,18430341120,55235788800,105,1844.0,11.2,28490735616,72510521344,100,15466344448,1241120768,69.0,52.078,69.125,
59821131436983,107.111173065,203.4,18430341120,55235788800,105,1843.0,9.3,28489687040,72511569920,100,15466344448,1241120768,69.0,52.087,69.125,
59821188328145,107.168064227,228.5,18430341120,55235788800,105,1830.0,9.7,28489687040,72511569920,100,15466344448,1241120768,69.0,52.074,69.125,
59821243445967,107.223182049,199.6,18430341120,55235788800,105,1833.0,9.3,28489687040,72511569920,100,15466344448,1241120768,69.0,52.085,69.25,
59821297411294,107.277147376,203.8,18430341120,55235788800,105,1832.0,11.7,28489687040,72511569920,100,15466344448,1241120768,69.0,52.065,69.125,
59821352479193,107.332215275,199.8,18430341120,55235788800,105,1832.0,9.2,28489687040,72511569920,100,15466344448,1241120768,69.0,52.087,69.25,
59821406353569,107.386089651,222.7,18430345216,55235788800,105,1839.0,13.3,28489687040,72511569920,100,15466344448,1241120768,68.0,52.063,69.25,
59821460362208,107.44009829,203.7,18430345216,55235788800,105,1847.0,9.3,28489687040,72511569920,100,15466344448,1241120768,68.0,52.088,69.25,
59821514394251,107.494130333,203.7,18430349312,55235788800,105,1846.0,10.6,28489916416,72511340544,100,15466344448,1241120768,68.0,52.067,69.25,
59821568308502,107.548044584,204.0,18430349312,55235788800,105,1842.0,9.2,28489916416,72511340544,100,15466344448,1241120768,68.0,52.086,69.25,
59821622279750,107.602015832,203.8,18430349312,55235788800,105,1815.0,11.1,28489850880,72511406080,100,15466344448,1241120768,69.0,52.068,69.25,
59821676414556,107.656150638,221.4,18430349312,55235788800,105,1843.0,9.9,28489850880,72511406080,100,15466344448,1241120768,69.0,52.086,69.25,
59821732383315,107.712119397,196.7,18430349312,55235788800,105,1808.0,11.9,28488790016,72512466944,100,15466344448,1241120768,68.0,52.076,69.25,
59821786397694,107.766133776,203.8,18430349312,55235788800,105,1817.0,11.6,28489502720,72511754240,100,15466344448,1241120768,68.0,52.088,69.25,
59821840316965,107.820053047,221.8,18430349312,55235788800,105,1841.0,12.1,28486406144,72514850816,100,15466344448,1241120768,68.0,52.078,69.25,
59821895362761,107.875098843,200.5,18430349312,55235788800,105,1885.0,8.7,28486713344,72514543616,100,15462150144,1241120768,69.0,52.083,69.25,
59821950321083,107.930057165,200.1,18430349312,55235788800,105,1809.0,10.2,28486713344,72514543616,100,15462150144,1241120768,68.0,52.085,69.25,
59822005477056,107.985213138,235.7,18430353408,55235788800,105,1828.0,10.3,28486713344,72514543616,100,15462150144,1241120768,69.0,52.081,69.25,
59822059359598,108.03909568,185.5,18430357504,55235788800,105,1820.0,10.5,28485611520,72515645440,100,15462150144,1241120768,69.0,52.087,69.25,
59822113362005,108.093098087,203.8,18430357504,55235788800,105,1835.0,10.5,28485611520,72515645440,100,15462150144,1241120768,69.0,52.078,69.25,
59822167351608,108.14708769,203.7,18430357504,55235788800,105,1823.0,9.3,28485611520,72515645440,100,15462150144,1241120768,68.0,52.085,69.25,
59822221499207,108.201235289,221.7,18430357504,55235788800,105,1846.0,11.6,28485611520,72515645440,100,15462150144,1241120768,69.0,52.067,69.25,
59822275495693,108.255231775,203.8,18430357504,55235788800,105,1845.0,9.2,28485611520,72515645440,100,15462150144,1241120768,68.0,52.081,69.25,
59822330412667,108.310148749,200.2,18430357504,55235788800,105,1833.0,12.0,28485840896,72515416064,100,15462150144,1241120768,68.0,52.063,69.25,
59822384472762,108.364208844,222.0,18430357504,55235788800,105,1851.0,11.7,28485840896,72515416064,100,15462150144,1241120768,68.0,52.086,69.25,
59822438418292,108.418154374,203.9,18430361600,55235788800,105,1843.0,11.1,28485840896,72515416064,100,15462150144,1241120768,68.0,52.064,69.125,
59822492485751,108.472221833,203.5,18430361600,55235788800,105,1858.0,9.8,28485840896,72515416064,100,15462150144,1241120768,69.0,52.085,69.25,
59822546411002,108.526147084,204.1,18430365696,55235788800,105,1846.0,10.0,28486070272,72515186688,100,15462150144,1241120768,68.0,52.066,69.125,
59822600445869,108.580181951,203.5,18430369792,55235788800,105,1860.0,11.6,28494819328,72506437632,100,15462150144,1241120768,68.0,52.09,69.25,
59822654420694,108.634156776,222.4,18430373888,55235788800,105,1910.0,23.8,28499968000,72501288960,100,15462150144,1241120768,68.0,52.096,69.125,
59822708469538,108.68820562,203.5,18430373888,55235788800,105,1831.0,24.4,28509556736,72491700224,100,15462150144,1241120768,68.0,53.011,69.125,
59822762406250,108.742142332,204.0,18430373888,55235788800,105,1843.0,21.5,28514754560,72486502400,100,15462150144,1241120768,68.0,53.009,69.125,
59822816435227,108.796171309,203.6,18430373888,55235788800,105,1865.0,23.8,28505960448,72495296512,100,15462150144,1241120768,68.0,52.086,69.125,
59822870377200,108.850113282,222.5,18430373888,55235788800,105,1871.0,20.8,28507508736,72493748224,100,15462150144,1245331456,68.0,52.092,69.125,
59822924544516,108.904280598,202.9,18430373888,55235788800,105,1867.0,16.5,28482076672,72519180288,100,15466344448,1241120768,68.0,52.068,69.125,
59822978508831,108.958244913,204.0,18430373888,55235788800,105,1898.0,11.0,28482076672,72519180288,100,15466344448,1241120768,68.0,52.087,69.125,
59823032395499,109.012131581,204.1,18430373888,55235788800,105,1893.0,10.5,28482076672,72519180288,100,15466344448,1241120768,68.0,52.069,69.125,
59823086401893,109.066137975,222.0,18430373888,55235788800,105,1905.0,19.9,28487745536,72513511424,100,15466344448,1241120768,68.0,52.093,69.125,
59823141398988,109.12113507,200.2,18430382080,55235788800,105,1912.0,30.0,28488003584,72513253376,100,15466344448,1241120768,68.0,52.085,69.125,
59823194401216,109.174137298,207.7,18430382080,55235788800,105,1958.0,12.5,28488003584,72513253376,100,15466344448,1241120768,69.0,52.088,69.0,
59823247271085,109.227007167,189.0,18430382080,55235788800,105,1963.0,11.3,28488003584,72513253376,100,15466344448,1241120768,69.0,52.092,69.0,
59823300315543,109.280051625,207.7,18430382080,55235788800,105,1945.0,10.8,28488003584,72513253376,100,15466344448,1241120768,68.0,52.081,69.0,
59823352348851,109.332084933,192.2,18430382080,55235788800,105,1892.0,9.1,28488003584,72513253376,100,15466344448,1241120768,68.0,52.087,69.0,
59823404205808,109.38394189,231.4,18430382080,55235788800,105,1839.0,12.1,28488003584,72513253376,100,15466344448,1241120768,68.0,52.068,69.0,
59823456336870,109.436072952,191.8,18430382080,55235788800,105,1879.0,10.2,28488527872,72512729088,100,15466344448,1241120768,69.0,52.09,69.0,
59823508293274,109.488029356,211.7,18430382080,55235788800,105,1816.0,10.4,28488527872,72512729088,100,15466344448,1241120768,68.0,52.066,69.0,
59823560388027,109.540124109,191.7,18430382080,55235788800,105,1851.0,10.1,28487315456,72513941504,100,15466344448,1241120768,68.0,52.09,69.125,
59823614457078,109.59419316,203.6,18430382080,55235788800,105,1893.0,10.5,28487315456,72513941504,100,15466344448,1241120768,68.0,52.075,69.125,
59823667317299,109.647053381,208.1,18430386176,55235788800,105,1931.0,9.5,28487315456,72513941504,100,15466344448,1241120768,69.0,52.091,69.125,
59823720458257,109.700194339,188.2,18430390272,55235788800,105,1848.0,12.9,28487303168,72513953792,100,15466344448,1241120768,68.0,52.084,69.125,
59823773317045,109.753053127,227.1,18430390272,55235788800,105,1913.0,13.5,28487303168,72513953792,100,15466344448,1241120768,69.0,52.088,69.125,
59823828390322,109.808126404,199.7,18430390272,55235788800,105,1857.0,11.5,28487303168,72513953792,100,15466344448,1241120768,69.0,52.09,69.125,
59823881290027,109.861026109,208.0,18430390272,55235788800,105,1941.0,9.5,28487917568,72513339392,100,15466344448,1241120768,69.0,52.079,69.125,
59823933370404,109.913106486,211.2,18430390272,55235788800,105,1909.0,9.0,28488171520,72513085440,100,15466344448,1241120768,68.0,52.088,69.125,
59823987434586,109.967170668,203.4,18430390272,55235788800,105,1942.0,10.3,28488171520,72513085440,100,15466344448,1241120768,69.0,52.075,69.125,
59824041462670,110.021198752,203.2,18430390272,55235788800,105,1903.0,9.2,28488400896,72512856064,100,15466344448,1241120768,68.0,52.082,69.125,
59824095664971,110.075401053,203.0,18430390272,55235788800,105,1897.0,12.2,28488630272,72512626688,100,15466344448,1241120768,68.0,52.066,69.125,
59824149540369,110.129276451,204.4,18430390272,55235788800,105,1808.0,9.9,28488220672,72513036288,100,15466344448,1241120768,69.0,52.086,69.125,
59824203481059,110.183217141,222.3,18430394368,55235788800,105,1856.0,11.0,28488220672,72513036288,100,15466344448,1241120768,68.0,52.064,69.125,
59824257511237,110.237247319,203.6,18430398464,55235788800,105,1876.0,10.5,28488450048,72512806912,100,15466344448,1241120768,68.0,52.087,69.125,
59824311619041,110.291355123,203.4,18430402560,55235788800,105,1866.0,11.6,28488450048,72512806912,100,15466344448,1241120768,68.0,52.07,69.125,
59824368448906,110.348184988,1003.4,18430418944,55235788800,105,1939.0,36.8,28488450048,72512806912,100,15466344448,1241120768,68.0,52.09,69.125,
59824422466190,110.402202272,221.9,18430418944,55235788800,105,1856.0,12.6,28488679424,72512577536,100,15466344448,1241120768,68.0,52.08,69.125,
59824476513791,110.456249873,203.6,18430418944,55235788800,105,1910.0,9.9,28488679424,72512577536,100,15466344448,1241120768,69.0,52.083,69.125,
59824530467405,110.510203487,203.8,18430418944,55235788800,105,1832.0,11.6,28488155136,72513101824,100,15466344448,1241120768,68.0,52.09,69.125,
59824584491722,110.564227804,222.2,18430418944,55235788800,105,1906.0,9.9,28488155136,72513101824,100,15466344448,1241120768,69.0,52.077,69.125,
59824638427662,110.618163744,203.9,18430418944,55235788800,105,1872.0,11.0,28488155136,72513101824,100,15466344448,1241120768,69.0,52.088,69.125,
59824692510449,110.672246531,203.3,18430418944,55235788800,105,1856.0,11.0,28488155136,72513101824,100,15466344448,1241120768,69.0,52.082,69.125,
59824747530836,110.727266918,200.0,18430423040,55235788800,105,1869.0,12.6,28488142848,72513114112,100,15466344448,1241120768,68.0,52.097,69.125,
59824801515899,110.781251981,222.4,18430423040,55235788800,105,1848.0,13.3,28488372224,72512884736,100,15466344448,1241120768,68.0,52.066,69.125,
59824855478119,110.835214201,203.9,18430423040,55235788800,105,1865.0,9.4,28488601600,72512655360,100,15466344448,1241120768,69.0,52.092,69.125,
59824909357403,110.889093485,204.1,18430423040,55235788800,105,1869.0,10.4,28487979008,72513277952,100,15466344448,1241120768,68.0,52.069,69.125,
59824963599379,110.943335461,184.3,18430423040,55235788800,105,1870.0,9.2,28487979008,72513277952,100,15466344448,1241120768,68.0,52.091,69.125,
59825017430893,110.997166975,223.0,18430423040,55235788800,105,1817.0,11.2,28487979008,72513277952,100,15466344448,1241120768,68.0,52.074,69.125,
59825071583040,111.051319122,203.1,18430427136,55235788800,105,1838.0,11.0,28490559488,72510697472,100,15466344448,1241120768,69.0,52.092,69.125,
59825127586013,111.107322095,214.3,18430427136,55235788800,105,1809.0,11.8,28490788864,72510468096,100,15466344448,1241120768,68.0,52.08,69.125,
59825181556829,111.161292911,222.3,18430427136,55235788800,105,1890.0,10.4,28491018240,72510238720,100,15466344448,1241120768,69.0,52.092,69.125,
59825235527014,111.215263096,203.8,18430427136,55235788800,105,1728.0,11.0,28491018240,72510238720,100,15466344448,1241120768,69.0,52.089,69.125,
59825290606642,111.270342724,199.7,18430431232,55235788800,105,1786.0,10.2,28490887168,72510369792,100,15466344448,1241120768,69.0,52.084,69.125,
59825344521253,111.324257335,204.1,18430431232,55235788800,105,1819.0,9.5,28490887168,72510369792,100,15466344448,1241120768,68.0,52.091,69.125,
59825398545349,111.378281431,203.6,18430431232,55235788800,105,1823.0,11.6,28490887168,72510369792,100,15466344448,1241120768,69.0,52.077,69.125,
59825452497600,111.432233682,204.1,18430431232,55235788800,105,1862.0,8.8,28490887168,72510369792,100,15466344448,1241120768,68.0,52.086,69.125,
59825506520474,111.486256556,222.0,18430431232,55235788800,105,1831.0,10.5,28491116544,72510140416,100,15466344448,1241120768,68.0,52.068,69.125,
59825560533780,111.540269862,203.7,18430431232,55235788800,105,1835.0,9.3,28491116544,72510140416,100,15466344448,1241120768,69.0,52.088,69.125,
59825617640144,111.597376226,192.5,18430435328,55235788800,105,1825.0,11.5,28491116544,72510140416,100,15466344448,1241120768,68.0,52.063,69.125,
59825671545116,111.651281198,204.1,18430435328,55235788800,105,1786.0,11.1,28490559488,72510697472,100,15466344448,1241120768,68.0,52.088,69.125,
59825725592505,111.705328587,203.5,18430435328,55235788800,105,1833.0,12.8,28490285056,72510971904,100,15466344448,1241120768,68.0,52.071,69.125,
59825779614568,111.75935065,222.1,18430435328,55235788800,105,1857.0,12.2,28490285056,72510971904,100,15466344448,1241120768,69.0,52.088,69.125,
59825835552057,111.815288139,196.5,18430439424,55235788800,105,1859.0,11.3,28490801152,72510455808,100,15466344448,1241120768,68.0,52.069,69.125,
59825889514396,111.869250478,204.1,18430439424,55235788800,105,1882.0,9.3,28489244672,72512012288,100,15460052992,1241120768,69.0,52.088,69.125,
59825943646255,111.923382337,221.6,18430439424,55235788800,105,1833.0,10.4,28489281536,72511975424,100,15460052992,1241120768,68.0,52.076,69.125,
59825997605098,111.97734118,203.9,18430439424,55235788800,105,1855.0,9.4,28489510912,72511746048,100,15460052992,1241120768,69.0,52.086,69.125,
59826051493960,112.031230042,204.1,18430439424,55235788800,105,1828.0,10.5,28489474048,72511782912,100,15460052992,1241120768,68.0,52.084,69.125,
59826107587622,112.087323704,213.9,18430439424,55235788800,105,1831.0,10.6,28489474048,72511782912,100,15460052992,1241120768,69.0,52.081,69.125,
59826161508174,112.141244256,204.0,18430439424,55235788800,105,1853.0,9.9,28489211904,72512045056,100,15460052992,1241120768,68.0,52.088,69.125,
59826215520197,112.195256279,203.6,18430443520,55235788800,105,1853.0,11.6,28489211904,72512045056,100,15460052992,1241120768,69.0,52.075,69.125,
59826269592002,112.249328084,203.4,18430443520,55235788800,105,1842.0,9.9,28489441280,72511815680,100,15460052992,1241120768,68.0,52.084,69.125,
59826323566244,112.303302326,222.3,18430443520,55235788800,105,1833.0,11.5,28489179136,72512077824,100,15460052992,1241120768,68.0,52.063,69.125,
59826377567327,112.357303409,203.7,18430447616,55235788800,105,1853.0,10.5,28489408512,72511848448,100,15460052992,1241120768,69.0,52.086,69.125,
59826431636187,112.411372269,203.5,18430447616,55235788800,105,1826.0,12.7,28489211904,72512045056,100,15460052992,1241120768,68.0,52.062,69.125,
59826485607012,112.465343094,203.7,18430447616,55235788800,105,1850.0,9.4,28489211904,72512045056,100,15460052992,1241120768,69.0,52.084,69.125,
59826539585823,112.519321905,222.3,18430447616,55235788800,105,1802.0,11.0,28489211904,72512045056,100,15460052992,1241120768,68.0,52.065,69.125,
59826593678337,112.573414419,203.3,18430451712,55235788800,105,1870.0,8.8,28489211904,72512045056,100,15460052992,1241120768,68.0,52.085,69.125,
59826647607063,112.627343145,204.1,18430451712,55235788800,105,1843.0,11.6,28489211904,72512045056,100,15460052992,1241120768,68.0,52.07,69.125,
59826701577237,112.681313319,185.3,18430451712,55235788800,105,1837.0,10.5,28489453568,72511803392,100,15460052992,1241120768,69.0,52.088,69.125,
59826755530790,112.735266872,203.8,18430455808,55235788800,105,1780.0,15.1,28489453568,72511803392,100,15460052992,1241120768,68.0,52.084,69.125,
59826809616141,112.789352223,222.0,18430455808,55235788800,105,1839.0,11.6,28489453568,72511803392,100,15460052992,1241120768,69.0,52.078,69.125,
59826863617944,112.843354026,203.6,18430455808,55235788800,105,1858.0,11.0,28489711616,72511545344,100,15464247296,1241120768,68.0,52.084,69.125,
59826917616081,112.897352163,203.8,18430459904,55235788800,105,1816.0,11.8,28489711616,72511545344,100,15464247296,1241120768,69.0,52.074,69.125,
59826971667858,112.95140394,203.4,18430459904,55235788800,105,1858.0,9.8,28489940992,72511315968,100,15464247296,1241120768,68.0,52.082,69.125,
59827025640377,113.005376459,222.3,18430459904,55235788800,105,1773.0,13.4,28490170368,72511086592,100,15464247296,1241120768,68.0,52.063,69.125,
59827079548735,113.059284817,204.2,18430459904,55235788800,105,1825.0,9.9,28493783040,72507473920,100,15464247296,1241120768,68.0,52.083,69.125,
59827133549727,113.113285809,203.7,18430459904,55235788800,105,1804.0,13.4,28493520896,72507736064,100,15464247296,1241120768,68.0,52.059,69.125,
59827187601655,113.167337737,203.5,18430459904,55235788800,105,1845.0,9.9,28493520896,72507736064,100,15464247296,1241120768,68.0,52.085,69.125,
59827241457825,113.221193907,204.2,18430459904,55235788800,105,1776.0,12.4,28493520896,72507736064,100,15464247296,1241120768,68.0,52.064,69.125,
59827295607937,113.275344019,203.1,18430459904,55235788800,105,1848.0,10.9,28493520896,72507736064,100,15464247296,1241120768,68.0,52.083,69.125,
59827349551681,113.329287763,203.9,18430464000,55235788800,105,1780.0,11.8,28493484032,72507772928,100,15464247296,1241120768,68.0,52.068,69.125,
59827403632012,113.383368094,203.4,18430464000,55235788800,105,1871.0,12.1,28493484032,72507772928,100,15464247296,1241120768,69.0,52.085,69.125,
59827457491769,113.437227851,204.2,18430468096,55235788800,105,1770.0,12.9,28493484032,72507772928,100,15464247296,1241120768,68.0,52.079,69.125,
59827511556220,113.491292302,203.5,18430468096,55235788800,105,1826.0,10.5,28493484032,72507772928,100,15464247296,1241120768,69.0,52.082,69.125,
59827568617589,113.548353671,227.8,18430468096,55235788800,105,1828.0,11.2,28493484032,72507772928,100,15464247296,1241120768,68.0,52.084,69.125,
59827622616406,113.602352488,203.7,18430468096,55235788800,105,1856.0,12.1,28493484032,72507772928,100,15464247296,1241120768,69.0,52.077,69.125,
59827676619171,113.656355253,203.7,18430468096,55235788800,105,1807.0,11.7,28493713408,72507543552,100,15464247296,1241120768,69.0,52.089,69.125,
59827730609392,113.710345474,203.8,18430468096,55235788800,105,1777.0,12.3,28493713408,72507543552,100,15464247296,1241120768,68.0,52.081,69.125,
59827784631945,113.764368027,222.1,18430468096,55235788800,105,1815.0,12.3,28493701120,72507555840,100,15464247296,1241120768,68.0,52.088,69.125,
59827840715868,113.82045195,196.1,18430468096,55235788800,105,1791.0,13.4,28493701120,72507555840,100,15464247296,1241120768,68.0,52.068,69.125,
59827894675612,113.874411694,203.9,18430468096,55235788800,105,1827.0,10.4,28493701120,72507555840,100,15464247296,1241120768,69.0,52.087,69.125,
59827948869065,113.928605147,221.3,18430472192,55235788800,105,1805.0,12.3,28493647872,72507609088,100,15464247296,1241120768,69.0,52.065,69.125,
59828002551659,113.982287741,186.4,18430476288,55235788800,105,1832.0,11.1,28492812288,72508444672,100,15464247296,1241120768,68.0,52.088,69.125,
59828057800674,114.037536756,199.0,18430480384,55235788800,105,1815.0,11.8,28492812288,72508444672,100,15464247296,1241120768,68.0,52.067,69.125,
59828114911195,114.094647277,997.7,18430492672,55235788800,105,1863.0,35.1,28493070336,72508186624,100,15464247296,1241120768,68.0,52.087,69.125,
59828168735645,114.148471727,204.5,18430492672,55235788800,105,1852.0,12.3,28493291520,72507965440,100,15464247296,1241120768,68.0,52.075,69.125,
59828222661786,114.202397868,204.0,18430492672,55235788800,105,1912.0,8.7,28493094912,72508162048,100,15464247296,1241120768,69.0,52.089,69.125,
59828276662477,114.256398559,203.7,18430492672,55235788800,105,1809.0,11.6,28493324288,72507932672,100,15464247296,1241120768,68.0,52.079,69.125,
59828330593738,114.31032982,203.9,18430492672,55235788800,105,1905.0,9.9,28492505088,72508751872,100,15464247296,1241120768,69.0,52.086,69.125,
59828384661104,114.364397186,203.4,18430492672,55235788800,105,1848.0,11.7,28492505088,72508751872,100,15464247296,1241120768,69.0,52.087,69.125,
59828438632781,114.418368863,203.8,18430496768,55235788800,105,1862.0,10.4,28492734464,72508522496,100,15464247296,1241120768,69.0,52.08,69.125,
59828492604096,114.472340178,222.4,18430496768,55235788800,105,1840.0,9.9,28492734464,72508522496,100,15464247296,1241120768,68.0,52.087,69.125,
59828546679247,114.526415329,203.3,18430496768,55235788800,105,1842.0,11.6,28491071488,72510185472,100,15464247296,1241120768,68.0,52.076,69.125,
59828600687582,114.580423664,203.7,18430496768,55235788800,105,1834.0,9.2,28491071488,72510185472,100,15464247296,1241120768,68.0,52.084,69.125,
59828654682842,114.634418924,203.5,18430496768,55235788800,105,1859.0,12.1,28491071488,72510185472,100,15464247296,1241120768,68.0,52.066,69.125,
59828708711726,114.688447808,222.3,18430500864,55235788800,105,1860.0,10.5,28491059200,72510197760,100,15464247296,1241120768,68.0,52.087,69.125,
59828762586600,114.742322682,185.6,18430500864,55235788800,105,1828.0,13.4,28491059200,72510197760,100,15464247296,1241120768,68.0,52.064,69.125,
59828816784892,114.796520974,221.3,18430500864,55235788800,105,1864.0,13.3,28491059200,72510197760,100,15464247296,1241120768,69.0,52.083,69.125,
59828870668833,114.850404915,185.7,18430500864,55235788800,105,1808.0,10.5,28491243520,72510013440,100,15464247296,1241120768,68.0,52.065,69.125,
59828923582893,114.903318975,207.9,18430500864,55235788800,105,1871.0,9.5,28491243520,72510013440,100,15464247296,1241120768,68.0,52.084,69.125,
59828976500119,114.956236201,226.6,18430504960,55235788800,105,1838.0,10.7,28491243520,72510013440,100,15464247296,1241120768,68.0,52.071,69.125,
59829029803120,115.009539202,206.3,18430504960,55235788800,105,1896.0,8.8,28491243520,72510013440,100,15464247296,1241120768,69.0,52.082,69.125,
59829082799664,115.062535746,188.8,18430504960,55235788800,105,1838.0,10.8,28493279232,72507977728,100,15464247296,1241120768,68.0,52.08,69.125,
59829135621251,115.115357333,208.4,18430504960,55235788800,105,1843.0,9.5,28493508608,72507748352,100,15464247296,1241120768,69.0,52.079,69.125,
59829188655316,115.168391398,188.4,18430504960,55235788800,105,1845.0,10.7,28493508608,72507748352,100,15464247296,1241120768,68.0,52.085,69.125,
59829241584444,115.221320526,227.1,18430504960,55235788800,105,1881.0,10.8,28493508608,72507748352,100,15464247296,1241120768,69.0,52.072,69.125,
59829294584576,115.274320658,207.5,18430509056,55235788800,105,1791.0,9.4,28493508608,72507748352,100,15464247296,1241120768,69.0,52.081,69.125,
59829347502644,115.327238726,208.0,18430509056,55235788800,105,1878.0,9.6,28493508608,72507748352,100,15464247296,1241120768,69.0,52.064,69.125,
59829399592175,115.379328257,191.7,18430509056,55235788800,105,1847.0,10.1,28493737984,72507518976,100,15464247296,1241120768,69.0,52.083,69.125,
59829452538175,115.432274257,208.1,18430509056,55235788800,105,1789.0,10.8,28493737984,72507518976,100,15464247296,1241120768,68.0,52.061,69.125,
59829505634627,115.485370709,206.9,18430509056,55235788800,105,1848.0,8.8,28493737984,72507518976,100,15464247296,1241120768,69.0,52.083,69.125,
59829558584935,115.538321017,208.0,18430509056,55235788800,105,1823.0,10.2,28494221312,72507035648,100,15464247296,1241120768,68.0,52.065,69.125,
59829611714579,115.591450661,206.3,18430509056,55235788800,105,1889.0,9.2,28494450688,72506806272,100,15464247296,1241120768,68.0,52.082,69.125,
59829665641982,115.645378064,185.9,18430509056,55235788800,105,1911.0,10.6,28494450688,72506806272,100,15464247296,1241120768,68.0,52.072,69.125,
59829718711343,115.698447425,226.2,18430509056,55235788800,105,1887.0,10.0,28494667776,72506589184,100,15464247296,1241120768,69.0,52.086,69.125,
59829771712516,115.751448598,207.4,18430509056,55235788800,105,1910.0,11.9,28494667776,72506589184,100,15464247296,1241120768,68.0,52.083,69.125,
59829824709592,115.804445674,188.8,18430509056,55235788800,105,1927.0,9.5,28494897152,72506359808,100,15464247296,1241120768,69.0,52.076,69.125,
59829877722076,115.857458158,207.5,18430513152,55235788800,105,1886.0,9.9,28493864960,72507392000,100,15460052992,1241120768,68.0,52.082,69.125,
59829930822686,115.910558768,207.3,18430513152,55235788800,105,1888.0,9.5,28493398016,72507858944,100,15460052992,1241120768,69.0,52.069,69.125,
59829983634333,115.963370415,208.1,18430513152,55235788800,105,1888.0,10.7,28493627392,72507629568,100,15460052992,1241120768,68.0,52.08,69.125,
59830036703124,116.016439206,207.3,18430517248,55235788800,105,1873.0,9.5,28493627392,72507629568,100,15460052992,1241120768,69.0,52.061,69.125,
59830089705679,116.069441761,188.8,18430517248,55235788800,105,1862.0,8.3,28492746752,72508510208,100,15460052992,1241120768,68.0,52.082,69.125,
59830142659444,116.122395526,226.4,18430517248,55235788800,105,1886.0,11.5,28492746752,72508510208,100,15460052992,1241120768,68.0,52.057,69.125,
59830196860400,116.176596482,203.0,18430517248,55235788800,105,1913.0,8.8,28493230080,72508026880,100,15460052992,1241120768,69.0,52.082,69.125,
59830250684328,116.23042041,204.3,18430517248,55235788800,105,1865.0,9.9,28493230080,72508026880,100,15460052992,1241120768,68.0,52.063,69.125,
59830304733630,116.284469712,203.5,18430517248,55235788800,105,1880.0,8.7,28493459456,72507797504,100,15460052992,1241120768,68.0,52.083,69.125,
59830359806754,116.339542836,218.0,18430517248,55235788800,105,1891.0,9.1,28493942784,72507314176,100,15460052992,1241120768,68.0,52.065,69.125,
59830413807113,116.393543195,203.7,18430525440,55235788800,105,1932.0,9.8,28493033472,72508223488,100,15460052992,1241120768,68.0,52.082,69.125,
59830470803399,116.450539481,193.0,18430525440,55235788800,105,1946.0,9.9,28493033472,72508223488,100,15460052992,1241120768,68.0,52.069,69.125,
59830524807816,116.504543898,222.1,18430525440,55235788800,105,1932.0,8.7,28493033472,72508223488,100,15460052992,1241120768,68.0,52.084,69.25,
59830578800561,116.558536643,203.7,18430529536,55235788800,105,1960.0,9.9,28493033472,72508223488,100,15460052992,1241120768,68.0,52.077,69.25,
59830632757218,116.6124933,204.0,18430529536,55235788800,105,1902.0,9.4,28491198464,72510058496,100,15460052992,1241120768,69.0,52.079,69.25,
59830686874477,116.666610559,203.0,18430529536,55235788800,105,1876.0,9.8,28491681792,72509575168,100,15460052992,1241120768,69.0,52.087,69.25,
59830740811737,116.720547819,222.5,18430529536,55235788800,105,1890.0,12.3,28491669504,72509587456,100,15460052992,1241120768,69.0,52.086,69.25,
59830794776049,116.774512131,203.9,18430529536,55235788800,105,1888.0,12.8,28491669504,72509587456,100,15460052992,1241120768,69.0,52.089,69.25,
59830848869913,116.828605995,203.4,18430529536,55235788800,105,1863.0,10.5,28491898880,72509358080,100,15464247296,1241120768,69.0,52.076,69.25,
59830902782087,116.882518169,222.6,18430529536,55235788800,105,1864.0,9.3,28491898880,72509358080,100,15464247296,1241120768,68.0,52.085,69.25,
59830956780943,116.936517025,203.6,18430529536,55235788800,105,1854.0,11.7,28491898880,72509358080,100,15464247296,1241120768,68.0,52.067,69.25,
59831010747349,116.990483431,185.4,18430533632,55235788800,105,1808.0,11.0,28492128256,72509128704,100,15464247296,1241120768,69.0,52.087,69.25,
59831064772955,117.044509037,222.2,18430533632,55235788800,105,1835.0,12.7,28498034688,72503222272,100,15464247296,1241120768,69.0,52.062,69.25,
59831118759228,117.09849531,203.6,18430537728,55235788800,105,1800.0,31.4,28499062784,72502194176,100,15464247296,1241120768,68.0,52.098,69.25,
59831172639151,117.152375233,204.1,18430537728,55235788800,105,1809.0,18.6,28492951552,72508305408,100,15464247296,1241120768,68.0,52.074,69.25,
59831226787408,117.20652349,221.8,18430537728,55235788800,105,1860.0,10.5,28492828672,72508428288,100,15464247296,1241120768,69.0,52.084,69.25,
59831280672791,117.260408873,204.2,18430537728,55235788800,105,1808.0,9.9,28492828672,72508428288,100,15464247296,1241120768,68.0,52.077,69.25,
59831334712504,117.314448586,203.5,18430537728,55235788800,105,1841.0,11.0,28492451840,72508805120,100,15464247296,1241120768,69.0,52.081,69.25,
59831387878988,117.36761507,206.8,18430537728,55235788800,105,1871.0,12.4,28492451840,72508805120,100,15464247296,1241120768,68.0,52.087,69.125,
59831441813453,117.421549535,204.1,18430537728,55235788800,105,1958.0,11.6,28492681216,72508575744,100,15464247296,1241120768,69.0,52.075,69.125,
59831495690370,117.475426452,204.1,18430537728,55235788800,105,1875.0,9.4,28492910592,72508346368,100,15464247296,1241120768,68.0,52.083,69.125,
59831554936770,117.534672852,219.2,18430541824,55235788800,105,1890.0,12.2,28493139968,72508116992,100,15464247296,1241120768,69.0,52.073,69.125,
59831609871594,117.589607676,200.5,18430541824,55235788800,105,1820.0,10.3,28493623296,72507633664,100,15464247296,1241120768,68.0,52.082,69.125,
59831663789809,117.643525891,203.8,18430545920,55235788800,105,1825.0,11.0,28493852672,72507404288,100,15464247296,1241120768,69.0,52.063,69.125,
59831717748008,117.69748409,222.4,18430545920,55235788800,105,1854.0,11.0,28493852672,72507404288,100,15464247296,1241120768,69.0,52.088,69.25,
59831778041826,117.757777908,464.5,18430562304,55235788800,105,1812.0,27.3,28494340096,72506916864,100,15464247296,1241120768,68.0,52.065,69.125,
59831833745213,117.813481295,664.2,18430566400,55235788800,105,1879.0,20.7,28494340096,72506916864,100,15464247296,1241120768,68.0,52.085,69.125,
59831887714834,117.867450916,203.7,18430566400,55235788800,105,1833.0,11.0,28492316672,72508940288,100,15464247296,1241120768,68.0,52.064,69.125,
59831941913655,117.921649737,221.3,18430566400,55235788800,105,1840.0,11.5,28491575296,72509681664,100,15464247296,1241120768,68.0,52.084,69.125,
59831995923261,117.975659343,203.8,18430566400,55235788800,105,1829.0,11.2,28491575296,72509681664,100,15464247296,1241120768,68.0,52.07,69.125,
59832049953646,118.029689728,203.7,18430566400,55235788800,105,1895.0,8.8,28491575296,72509681664,100,15464247296,1241120768,69.0,52.084,69.125,
59832107134097,118.086870179,209.8,18430566400,55235788800,105,1836.0,12.6,28488388608,72512868352,100,15464247296,1241120768,68.0,52.073,69.125,
59832160853979,118.140590061,204.8,18430566400,55235788800,105,1847.0,9.9,28489388032,72511868928,100,15464247296,1241120768,69.0,52.082,69.125,
59832214905775,118.194641857,203.4,18430570496,55235788800,105,1819.0,12.7,28489125888,72512131072,100,15464247296,1241120768,68.0,52.084,69.125,
59832268805053,118.248541135,222.8,18430570496,55235788800,105,1837.0,11.2,28489355264,72511901696,100,15464247296,1241120768,69.0,52.076,69.125,
59832322832734,118.302568816,203.3,18430570496,55235788800,105,1825.0,10.7,28489355264,72511901696,100,15464247296,1241120768,68.0,52.085,69.125,
59832377885058,118.35762114,199.8,18430574592,55235788800,105,1911.0,12.1,28488929280,72512327680,100,15464247296,1241120768,69.0,52.071,69.125,
59832432895534,118.412631616,200.1,18430574592,55235788800,105,1845.0,10.5,28488929280,72512327680,100,15464247296,1241120768,68.0,52.08,69.125,
59832486928213,118.466664295,222.1,18430574592,55235788800,105,1870.0,11.6,28488929280,72512327680,100,15464247296,1241120768,69.0,52.064,69.125,
59832540844062,118.520580144,204.1,18430574592,55235788800,105,1833.0,9.9,28488929280,72512327680,100,15464247296,1241120768,68.0,52.084,69.125,
59832594836596,118.574572678,203.8,18430574592,55235788800,105,1894.0,11.6,28488929280,72512327680,100,15464247296,1241120768,68.0,52.063,69.125,
59832648816747,118.628552829,203.6,18430574592,55235788800,105,1914.0,10.4,28488929280,72512327680,100,15464247296,1241120768,68.0,52.084,69.25,
59832702808118,118.6825442,222.4,18430574592,55235788800,105,1833.0,11.7,28488871936,72512385024,100,15464247296,1241120768,68.0,52.067,69.125,
59832756919545,118.736655627,202.9,18430578688,55235788800,105,1835.0,12.6,28489129984,72512126976,100,15464247296,1241120768,68.0,52.086,69.25,
59832811824773,118.791560855,200.8,18430578688,55235788800,105,1868.0,14.4,28489129984,72512126976,100,15464247296,1241120768,68.0,52.072,69.25,
59832865968620,118.845704702,203.2,18430578688,55235788800,105,1894.0,9.8,28489388032,72511868928,100,15464247296,1241120768,69.0,52.083,69.25,
59832919962707,118.899698789,222.3,18430582784,55235788800,105,1924.0,9.9,28488671232,72512585728,100,15464247296,1241120768,68.0,52.079,69.25,
59832974818442,118.954554524,200.8,18430582784,55235788800,105,1884.0,9.2,28488671232,72512585728,100,15464247296,1241120768,69.0,52.076,69.25,
59833027784237,119.007520319,207.7,18430582784,55235788800,105,1882.0,9.5,28488671232,72512585728,100,15464247296,1241120768,69.0,52.084,69.25,
59833080732500,119.060468582,207.5,18430582784,55235788800,105,1873.0,11.8,28491223040,72510033920,100,15464247296,1241120768,69.0,52.07,69.25,
59833134845069,119.114581151,221.9,18430582784,55235788800,105,1855.0,11.0,28491223040,72510033920,100,15464247296,1241120768,68.0,52.078,69.25,
59833187904460,119.167640542,188.4,18430582784,55235788800,105,1927.0,9.0,28491223040,72510033920,100,15464247296,1241120768,69.0,52.065,69.25,
59833241726043,119.221462125,204.3,18430582784,55235788800,105,1929.0,9.2,28491223040,72510033920,100,15464247296,1241120768,68.0,52.083,69.25,
59833295884779,119.275620861,203.1,18430586880,55235788800,105,1875.0,9.9,28491223040,72510033920,100,15464247296,1241120768,69.0,52.058,69.25,
59833349924561,119.329660643,222.1,18430586880,55235788800,105,1897.0,9.2,28491223040,72510033920,100,15464247296,1241120768,69.0,52.083,69.25,
59833403817497,119.383553579,204.1,18430586880,55235788800,105,1861.0,11.1,28491223040,72510033920,100,15464247296,1241120768,68.0,52.065,69.25,
59833457897646,119.437633728,203.1,18430586880,55235788800,105,1872.0,9.2,28491223040,72510033920,100,15464247296,1241120768,69.0,52.082,69.25,
59833517859529,119.497595611,217.2,18430590976,55235788800,105,1851.0,10.1,28491681792,72509575168,100,15464247296,1241120768,68.0,52.066,69.25,
59833570931423,119.550667505,188.5,18430590976,55235788800,105,1914.0,8.3,28491190272,72510066688,100,15464247296,1241120768,69.0,52.083,69.25,
59833626957205,119.606693287,231.7,18430590976,55235788800,105,1864.0,11.7,28491419648,72509837312,100,15464247296,1241120768,68.0,52.07,69.25,
59833681026242,119.660762324,203.5,18430590976,55235788800,105,1899.0,9.3,28491419648,72509837312,100,15464247296,1241120768,69.0,52.082,69.25,
59833734890434,119.714626516,204.2,18430590976,55235788800,105,1794.0,12.9,28492165120,72509091840,100,15464247296,1241120768,68.0,52.087,69.25,
59833789042236,119.768778318,203.2,18430590976,55235788800,105,1851.0,13.2,28492152832,72509104128,100,15466344448,1241120768,69.0,52.09,69.25,
59833846900820,119.826636902,224.5,18430595072,55235788800,105,1816.0,12.0,28491026432,72510230528,100,15462150144,1241120768,69.0,52.088,69.25,
59833900995154,119.880731236,203.5,18430595072,55235788800,105,1886.0,9.9,28490866688,72510390272,100,15462150144,1241120768,69.0,52.078,69.25,
59833955019016,119.934755098,185.2,18430595072,55235788800,105,1822.0,9.9,28490055680,72511201280,100,15462150144,1241120768,69.0,52.087,69.25,
59834009049871,119.988785953,222.1,18430595072,55235788800,105,1845.0,10.5,28490285056,72510971904,100,15462150144,1241120768,69.0,52.069,69.25,
59834062903293,120.042639375,185.7,18430595072,55235788800,105,1807.0,9.8,28487053312,72514203648,100,15462150144,1241120768,68.0,52.081,69.25,
59834116923639,120.096659721,222.1,18430599168,55235788800,105,1844.0,11.1,28487053312,72514203648,100,15462150144,1241120768,68.0,52.062,69.25,
59834170996723,120.150732805,203.5,18430599168,55235788800,105,1849.0,9.9,28487053312,72514203648,100,15462150144,1241120768,69.0,52.086,69.25,
59834224871996,120.204608078,204.1,18430599168,55235788800,105,1889.0,11.0,28487053312,72514203648,100,15462150144,1241120768,68.0,52.063,69.25,
59834278875851,120.258611933,222.2,18430599168,55235788800,105,1809.0,9.9,28487282688,72513974272,100,15462150144,1241120768,68.0,52.084,69.25,
59834332937073,120.312673155,203.5,18430599168,55235788800,105,1840.0,11.0,28487282688,72513974272,100,15462150144,1241120768,68.0,52.066,69.25,
59834387029193,120.366765275,203.4,18430603264,55235788800,105,1898.0,9.8,28487512064,72513744896,100,15462150144,1241120768,69.0,52.085,69.25,
59834440961323,120.420697405,203.9,18430603264,55235788800,105,1822.0,10.1,28487512064,72513744896,100,15462150144,1241120768,68.0,52.073,69.25,
59834494995474,120.474731556,203.6,18430603264,55235788800,105,1879.0,9.3,28487512064,72513744896,100,15462150144,1241120768,70.0,52.084,69.25,
59834549066725,120.528802807,203.3,18430603264,55235788800,105,1857.0,11.6,28487512064,72513744896,100,15462150144,1241120768,68.0,52.081,69.25,
59834603071771,120.582807853,203.7,18430603264,55235788800,105,1855.0,9.4,28487512064,72513744896,100,15462150144,1241120768,69.0,52.079,69.25,
59834656909964,120.636646046,222.8,18430611456,55235788800,105,1845.0,9.9,28487512064,72513744896,100,15462150144,1241120768,69.0,52.086,69.25,
59834711050194,120.690786276,203.2,18430611456,55235788800,105,1889.0,9.9,28487512064,72513744896,100,15462150144,1241120768,69.0,52.076,69.25,
59834764969931,120.744706013,204.0,18430611456,55235788800,105,1872.0,12.3,28487499776,72513757184,100,15462150144,1241120768,68.0,52.085,69.25,
59834819020082,120.798756164,203.6,18430611456,55235788800,105,1862.0,11.7,28487499776,72513757184,100,15462150144,1241120768,68.0,52.065,69.25,
59834873060765,120.852796847,203.6,18430611456,55235788800,105,1863.0,9.2,28486443008,72514813952,100,15466344448,1241120768,69.0,52.079,69.25,
59834927042808,120.90677889,203.8,18430615552,55235788800,105,1848.0,12.9,28485115904,72516141056,100,15466344448,1241120768,68.0,52.056,69.25,
59834981075777,120.960811859,222.0,18430615552,55235788800,105,1854.0,10.5,28485316608,72515940352,100,15466344448,1241120768,69.0,52.081,69.25,
59835037041886,121.016777968,214.5,18430615552,55235788800,105,1858.0,12.4,28485316608,72515940352,100,15466344448,1241120768,68.0,52.064,69.25,
59835091027987,121.070764069,203.7,18430615552,55235788800,105,1849.0,11.6,28488929280,72512327680,100,15466344448,1241120768,68.0,52.081,69.25,
59835149205839,121.128941921,206.3,18430615552,55235788800,105,1841.0,12.0,28488929280,72512327680,100,15466344448,1241120768,68.0,52.063,69.25,
59835203955814,121.183691896,218.9,18430615552,55235788800,105,1842.0,10.3,28488929280,72512327680,100,15466344448,1241120768,69.0,52.082,69.25,
59835264184799,121.243920881,216.1,18430619648,55235788800,105,1828.0,13.5,28488929280,72512327680,100,15466344448,1241120768,68.0,52.065,69.25,
59835318075470,121.297811552,204.0,18430619648,55235788800,105,1830.0,9.8,28489187328,72512069632,100,15466344448,1241120768,68.0,52.081,69.25,
59835373974764,121.353710846,214.9,18430619648,55235788800,105,1822.0,12.6,28489670656,72511586304,100,15466344448,1241120768,68.0,52.069,69.125,
59835427928333,121.407664415,203.8,18430619648,55235788800,105,1838.0,9.4,28489375744,72511881216,100,15466344448,1241120768,69.0,52.082,69.125,
59835481811160,121.461547242,204.3,18430623744,55235788800,105,1818.0,13.7,28489605120,72511651840,100,15466344448,1241120768,68.0,52.075,69.125,
59835539307873,121.519043955,973.8,18430627840,55235788800,105,1863.0,37.2,28489605120,72511651840,100,15466344448,1241120768,68.0,52.079,69.125,
59835593081013,121.572817095,204.5,18430627840,55235788800,105,1849.0,10.5,28489342976,72511913984,100,15466344448,1241120768,69.0,52.082,69.125,
59835646967737,121.626703819,204.1,18430627840,55235788800,105,1762.0,11.7,28489342976,72511913984,100,15466344448,1241120768,69.0,52.071,69.125,
59835700987070,121.680723152,203.7,18430627840,55235788800,105,1816.0,10.5,28489084928,72512172032,100,15466344448,1241120768,68.0,52.08,69.125,
59835756069519,121.735805601,217.8,18430627840,55235788800,105,1777.0,14.2,28489297920,72511959040,100,15466344448,1241120768,69.0,52.078,69.125,
59835810060769,121.789796851,203.8,18430627840,55235788800,105,1780.0,11.1,28488839168,72512417792,100,15466344448,1241120768,68.0,52.086,69.125,
59835864051829,121.843787911,203.7,18430627840,55235788800,105,1857.0,12.3,28488978432,72512278528,100,15466344448,1241120768,68.0,52.067,69.125,
59835918056644,121.897792726,203.8,18430627840,55235788800,105,1850.0,9.2,28489072640,72512184320,100,15466344448,1241120768,69.0,52.087,69.125,
59835971859951,121.951596033,204.5,18430627840,55235788800,105,1864.0,10.1,28489007104,72512249856,100,15466344448,1241120768,69.0,52.065,69.125,
59836025923317,122.005659399,203.3,18430627840,55235788800,105,1819.0,10.9,28489007104,72512249856,100,15466344448,1241120768,68.0,52.087,69.125,
59836080084065,122.059820147,221.8,18430627840,55235788800,105,1814.0,11.6,28489007104,72512249856,100,15466344448,1241120768,68.0,52.07,69.125,
59836134051941,122.113788023,203.4,18430627840,55235788800,105,1871.0,9.8,28488974336,72512282624,100,15466344448,1241120768,68.0,52.085,69.125,
59836188120597,122.167856679,203.7,18430627840,55235788800,105,1848.0,11.2,28488974336,72512282624,100,15466344448,1241120768,68.0,52.074,69.125,
59836242027639,122.221763721,204.1,18430627840,55235788800,105,1851.0,9.9,28488716288,72512540672,100,15466344448,1241120768,69.0,52.085,69.125,
59836296165895,122.275901977,203.0,18430627840,55235788800,105,1812.0,11.6,28488716288,72512540672,100,15466344448,1241120768,68.0,52.082,69.125,
59836350069330,122.329805412,222.8,18430627840,55235788800,105,1814.0,11.2,28488716288,72512540672,100,15466344448,1241120768,69.0,52.08,69.125,
59836403990097,122.383726179,203.9,18430627840,55235788800,105,1809.0,12.1,28488716288,72512540672,100,15466344448,1241120768,68.0,52.084,69.125,
59836458051429,122.437787511,203.7,18430627840,55235788800,105,1814.0,11.2,28488454144,72512802816,100,15466344448,1241120768,68.0,52.074,69.125,
59836512049862,122.491785944,203.7,18430627840,55235788800,105,1831.0,9.9,28488454144,72512802816,100,15466344448,1241120768,68.0,52.082,69.125,
59836566011987,122.545748069,203.8,18430627840,55235788800,105,1804.0,12.7,28488454144,72512802816,100,15466344448,1241120768,69.0,52.066,69.125,
59836620088116,122.599824198,203.5,18430631936,55235788800,105,1825.0,9.8,28488454144,72512802816,100,15466344448,1241120768,68.0,52.082,69.125,
59836674108009,122.653844091,203.5,18430631936,55235788800,105,1851.0,11.7,28488454144,72512802816,100,15466344448,1241120768,69.0,52.061,69.125,
59836728083509,122.707819591,222.4,18430631936,55235788800,105,1868.0,11.0,28488441856,72512815104,100,15466344448,1241120768,69.0,52.089,69.125,
59836781899690,122.761635772,204.4,18430631936,55235788800,105,1921.0,13.9,28488671232,72512585728,100,15466344448,1241120768,68.0,52.074,69.125,
59836836161879,122.815897961,202.7,18430631936,55235788800,105,1889.0,11.7,28488900608,72512356352,100,15466344448,1241120768,68.0,52.091,69.125,
59836890053361,122.869789443,204.1,18430631936,55235788800,105,1877.0,10.3,28487880704,72513376256,100,15466344448,1241120768,68.0,52.072,69.125,
59836944080187,122.923816269,203.3,18430631936,55235788800,105,1894.0,8.7,28488364032,72512892928,100,15466344448,1241120768,68.0,52.088,69.125,
59836998145857,122.977881939,222.4,18430631936,55235788800,105,1809.0,10.6,28488617984,72512638976,100,15466344448,1241120768,68.0,52.076,69.125,
59837052110777,123.031846859,203.8,18430631936,55235788800,105,1907.0,8.2,28488589312,72512667648,100,15466344448,1241120768,69.0,52.089,69.125,
59837106068303,123.085804385,203.8,18430631936,55235788800,105,1869.0,11.1,28492689408,72508567552,100,15466344448,1241120768,68.0,52.082,69.125,
59837160049885,123.139785967,203.8,18430636032,55235788800,105,1870.0,9.4,28492918784,72508338176,100,15466344448,1241120768,69.0,52.085,69.125,
59837214061072,123.193797154,203.6,18430636032,55235788800,105,1876.0,10.4,28492918784,72508338176,100,15466344448,1241120768,69.0,52.09,69.125,
59837268024429,123.247760511,222.4,18430640128,55235788800,105,1891.0,9.8,28492918784,72508338176,100,15466344448,1241120768,69.0,52.079,69.125,
59837322027681,123.301763763,203.6,18430640128,55235788800,105,1826.0,9.2,28492918784,72508338176,100,15466344448,1241120768,68.0,52.088,69.125,
59837377111452,123.356847534,199.6,18430640128,55235788800,105,1871.0,11.3,28492918784,72508338176,100,15466344448,1241120768,69.0,52.075,69.125,
59837432275304,123.412011386,217.5,18430640128,55235788800,105,1881.0,9.7,28492918784,72508338176,100,15466344448,1241120768,69.0,52.083,69.125,
59837487084289,123.466820371,200.7,18430640128,55235788800,105,1870.0,10.5,28492918784,72508338176,100,15466344448,1241120768,68.0,52.064,69.125,
59837541178121,123.520914203,222.1,18430640128,55235788800,105,1879.0,8.8,28492918784,72508338176,100,15466344448,1241120768,68.0,52.084,69.125,
59837595185731,123.574921813,203.6,18430640128,55235788800,105,1891.0,11.0,28492918784,72508338176,100,15466344448,1241120768,69.0,52.062,69.125,
59837649308236,123.629044318,184.7,18430640128,55235788800,105,1914.0,8.7,28492918784,72508338176,100,15466344448,1241120768,68.0,52.085,69.125,
59837703177536,123.682913618,204.3,18430644224,55235788800,105,1877.0,9.9,28493434880,72507822080,100,15466344448,1241120768,68.0,52.063,69.125,
59837757194905,123.736930987,222.1,18430644224,55235788800,105,1900.0,15.9,28504002560,72497254400,100,15466344448,1241120768,68.0,52.094,69.125,
59837811091015,123.790827097,204.1,18430644224,55235788800,105,1885.0,11.0,28501557248,72499699712,100,15466344448,1241120768,68.0,52.069,69.125,
59837865163868,123.84489995,203.3,18430648320,55235788800,105,1932.0,8.7,28501811200,72499445760,100,15466344448,1241120768,69.0,52.081,69.125,
59837919059878,123.89879596,204.3,18430648320,55235788800,105,1855.0,11.0,28501925888,72499331072,100,15462150144,1241120768,68.0,52.075,69.125,
59837973061437,123.952797519,222.2,18430648320,55235788800,105,1888.0,9.3,28502155264,72499101696,100,15462150144,1241120768,69.0,52.078,69.125,
59838028116484,124.007852566,199.8,18430648320,55235788800,105,1854.0,10.3,28501897216,72499359744,100,15462150144,1241120768,69.0,52.083,69.125,
59838082077235,124.061813317,222.3,18430648320,55235788800,105,1847.0,10.5,28502126592,72499130368,100,15462150144,1241120768,69.0,52.076,69.125,
59838136054288,124.11579037,203.9,18430648320,55235788800,105,1840.0,9.4,28502126592,72499130368,100,15462150144,1241120768,69.0,52.081,69.125,
59838195196721,124.174932803,219.8,18430652416,55235788800,105,1879.0,11.1,28501602304,72499654656,100,15462150144,1241120768,69.0,52.074,69.125,
59838249191206,124.228927288,203.6,18430656512,55235788800,105,1877.0,10.5,28501602304,72499654656,100,15462150144,1241120768,69.0,52.084,69.125,
59838303069673,124.282805755,204.2,18430656512,55235788800,105,1854.0,10.5,28500553728,72500703232,100,15462150144,1241120768,69.0,52.069,69.125,
59838357093784,124.336829866,203.6,18430656512,55235788800,105,1844.0,9.9,28500553728,72500703232,100,15462150144,1241120768,68.0,52.079,69.125,
59838411054115,124.390790197,204.0,18430660608,55235788800,105,1843.0,11.1,28500553728,72500703232,100,15462150144,1241120768,69.0,52.061,69.125,
59838465043451,124.444779533,222.2,18430660608,55235788800,105,1874.0,9.2,28500553728,72500703232,100,15462150144,1241120768,69.0,52.081,69.125,
59838521207460,124.500943542,195.7,18430660608,55235788800,105,1853.0,11.8,28500553728,72500703232,100,15462150144,1241120768,68.0,52.056,69.125,
59838575221291,124.554957373,203.8,18430660608,55235788800,105,1800.0,10.3,28500291584,72500965376,100,15462150144,1241120768,68.0,52.082,69.125,
59838629139332,124.608875414,222.5,18430660608,55235788800,105,1857.0,11.6,28500029440,72501227520,100,15462150144,1241120768,68.0,52.061,69.125,
59838683078062,124.662814144,204.0,18430660608,55235788800,105,1842.0,9.8,28499771392,72501485568,100,15462150144,1241120768,68.0,52.081,69.125,
59838738103323,124.717839405,199.8,18430660608,55235788800,105,1822.0,12.9,28499496960,72501760000,100,15462150144,1241120768,68.0,52.064,69.125,
59838793275289,124.773011371,217.1,18430664704,55235788800,105,1860.0,12.4,28499234816,72502022144,100,15462150144,1241120768,68.0,52.08,69.125,
59838851330660,124.831066742,207.2,18430664704,55235788800,105,1862.0,11.7,28498522112,72502734848,100,15466344448,1241120768,68.0,52.061,69.125,
59838906134084,124.885870166,200.6,18430664704,55235788800,105,1884.0,9.7,28498227200,72503029760,100,15466344448,1241120768,69.0,52.079,69.125,
59838961127394,124.940863476,218.3,18430664704,55235788800,105,1856.0,13.1,28498227200,72503029760,100,15466344448,1241120768,68.0,52.068,69.125,
59839015188204,124.994924286,203.5,18430668800,55235788800,105,1940.0,11.0,28498227200,72503029760,100,15466344448,1241120768,69.0,52.08,69.125,
59839069242150,125.048978232,203.5,18430668800,55235788800,105,1832.0,13.3,28499210240,72502046720,100,15466344448,1241120768,68.0,52.077,69.125,
59839123277853,125.103013935,203.5,18430668800,55235788800,105,1884.0,30.5,28502306816,72498950144,100,15466344448,1241120768,68.0,52.085,69.125,
59839178305267,125.158041349,218.2,18430668800,55235788800,105,1830.0,20.0,28496371712,72504885248,100,15466344448,1241120768,68.0,52.068,69.125,
59839235538444,125.215274526,698.5,18430676992,55235788800,105,1919.0,32.8,28495568896,72505688064,100,15466344448,1241120768,68.0,52.061,69.125,
59839290156369,125.269892451,476.2,18430676992,55235788800,105,1874.0,14.3,28494802944,72506454016,100,15466344448,1241120768,68.0,52.077,69.125,
59839345319649,125.325055731,217.5,18430681088,55235788800,105,1838.0,12.0,28494802944,72506454016,100,15466344448,1241120768,68.0,52.052,69.125,
59839399206612,125.378942694,185.6,18430685184,55235788800,105,1823.0,10.5,28494999552,72506257408,100,15466344448,1241120768,68.0,52.078,69.125,
59839453067486,125.432803568,222.8,18430689280,55235788800,105,1855.0,12.3,28494999552,72506257408,100,15466344448,1241120768,68.0,52.06,69.125,
59839507195561,125.486931643,203.3,18430689280,55235788800,105,1870.0,9.8,28494999552,72506257408,100,15466344448,1241120768,69.0,52.078,69.125,
59839561234129,125.540970211,203.3,18430689280,55235788800,105,1786.0,12.1,28494999552,72506257408,100,15466344448,1241120768,68.0,52.062,69.125,
59839616289195,125.596025277,218.2,18430689280,55235788800,105,1856.0,10.3,28495228928,72506028032,100,15466344448,1241120768,69.0,52.081,69.125,
59839670422340,125.650158422,203.0,18430689280,55235788800,105,1813.0,12.1,28495458304,72505798656,100,15466344448,1241120768,68.0,52.071,69.125,
59839725085259,125.704821341,201.4,18430689280,55235788800,105,1853.0,11.7,28492349440,72508907520,100,15466344448,1241120768,69.0,52.081,69.125,
59839780296248,125.76003233,217.3,18430689280,55235788800,105,1774.0,15.7,28492070912,72509186048,100,15466344448,1241120768,68.0,52.088,69.125,
59839836283375,125.816019457,214.4,18430693376,55235788800,105,1829.0,10.7,28492554240,72508702720,100,15466344448,1241120768,69.0,52.085,69.125,
59839890168694,125.869904776,204.0,18430697472,55235788800,105,1839.0,11.6,28490756096,72510500864,100,15466344448,1241120768,68.0,52.091,69.125,
59839944181142,125.923917224,185.2,18430697472,55235788800,105,1866.0,11.7,28490985472,72510271488,100,15466344448,1241120768,69.0,52.079,69.125,
59839998222104,125.977958186,222.0,18430697472,55235788800,105,1821.0,11.4,28490797056,72510459904,100,15466344448,1241120768,69.0,52.087,69.125,
59840054214621,126.033950703,214.3,18430697472,55235788800,105,1822.0,11.9,28491280384,72509976576,100,15466344448,1241120768,69.0,52.07,69.125,
59840108268727,126.088004809,203.2,18430701568,55235788800,105,1836.0,10.3,28491280384,72509976576,100,15466344448,1241120768,68.0,52.083,69.125,
59840162058597,126.141794679,204.7,18430701568,55235788800,105,1901.0,11.2,28491280384,72509976576,100,15466344448,1241120768,68.0,52.063,69.125,
59840216159562,126.195895644,203.4,18430701568,55235788800,105,1857.0,9.9,28491280384,72509976576,100,15466344448,1241120768,69.0,52.085,69.125,
59840270063125,126.249799207,204.0,18430701568,55235788800,105,1803.0,11.7,28491509760,72509747200,100,15466344448,1241120768,68.0,52.067,69.125,
59840324189147,126.303925229,221.8,18430701568,55235788800,105,1877.0,10.3,28491739136,72509517824,100,15466344448,1241120768,69.0,52.084,69.125,
59840381423395,126.361159477,192.2,18430705664,55235788800,105,1868.0,12.2,28491476992,72509779968,100,15466344448,1241120768,68.0,52.066,69.125,
59840435245376,126.414981458,204.0,18430709760,55235788800,105,1893.0,10.5,28491476992,72509779968,100,15466344448,1241120768,68.0,52.082,69.125,
59840489200506,126.468936588,222.7,18430709760,55235788800,105,1833.0,12.8,28490723328,72510533632,100,15466344448,1241120768,68.0,52.071,69.125,
59840543162810,126.522898892,203.9,18430709760,55235788800,105,1874.0,9.4,28490981376,72510275584,100,15466344448,1241120768,69.0,52.083,69.125,
59840598328092,126.578064174,217.6,18430709760,55235788800,105,1784.0,12.5,28490981376,72510275584,100,15466344448,1241120768,68.0,52.079,69.125,
59840652189957,126.631926039,204.2,18430709760,55235788800,105,1835.0,10.6,28491440128,72509816832,100,15466344448,1241120768,68.0,52.08,69.125,
59840706179302,126.685915384,203.7,18430709760,55235788800,105,1854.0,12.6,28491685888,72509571072,100,15466344448,1241120768,68.0,52.084,69.125,
59840760291878,126.74002796,203.3,18430709760,55235788800,105,1856.0,13.4,28491915264,72509341696,100,15466344448,1241120768,69.0,52.074,69.125,
59840814229284,126.793965366,203.9,18430709760,55235788800,105,1825.0,12.8,28491653120,72509603840,100,15466344448,1241120768,68.0,52.078,69.125,
59840868171971,126.847908053,222.5,18430709760,55235788800,105,1893.0,11.1,28490092544,72511164416,100,15466344448,1241120768,68.0,52.059,69.125,
59840922260842,126.901996924,203.4,18430709760,55235788800,105,1868.0,8.2,28490321920,72510935040,100,15466344448,1241120768,68.0,52.08,69.125,
59840976175807,126.955911889,185.5,18430717952,55235788800,105,1833.0,13.1,28489273344,72511983616,100,15466344448,1241120768,68.0,52.055,69.125,
59841030290186,127.010026268,203.3,18430717952,55235788800,105,1875.0,9.2,28489068544,72512188416,100,15466344448,1241120768,68.0,52.081,69.125,
59841087089147,127.066825229,228.8,18430717952,55235788800,105,1853.0,12.2,28491055104,72510201856,100,15466344448,1241120768,68.0,52.059,69.125,
59841141198266,127.120934348,203.3,18430717952,55235788800,105,1873.0,9.8,28491313152,72509943808,100,15466344448,1241120768,68.0,52.081,69.125,
59841195244247,127.174980329,203.6,18430717952,55235788800,105,1889.0,10.5,28489830400,72511426560,100,15466344448,1241120768,68.0,52.062,69.125,
59841249245253,127.228981335,203.4,18430717952,55235788800,105,1858.0,9.8,28490289152,72510967808,100,15466344448,1241120768,68.0,52.079,69.125,
59841304309256,127.284045338,200.0,18430717952,55235788800,105,1855.0,10.5,28490289152,72510967808,100,15466344448,1241120768,68.0,52.067,69.125,
59841358225132,127.337961214,222.6,18430717952,55235788800,105,1829.0,10.4,28490289152,72510967808,100,15466344448,1241120768,69.0,52.081,69.125,
59841412247929,127.391984011,203.4,18430717952,55235788800,105,1768.0,12.1,28490289152,72510967808,100,15466344448,1241120768,68.0,52.076,69.125,
59841466261349,127.445997431,203.9,18430717952,55235788800,105,1908.0,9.9,28490289152,72510967808,100,15466344448,1241120768,70.0,52.074,69.125,
59841520306788,127.50004287,221.9,18430726144,55235788800,105,1893.0,10.5,28490289152,72510967808,100,15466344448,1241120768,69.0,52.083,69.125,
59841574263271,127.553999353,203.9,18430726144,55235788800,105,1844.0,11.0,28490772480,72510484480,100,15466344448,1241120768,69.0,52.071,69.125,
59841628270097,127.608006179,203.7,18430726144,55235788800,105,1877.0,9.9,28491231232,72510025728,100,15466344448,1241120768,69.0,52.078,69.125,
59841682365751,127.662101833,184.9,18430726144,55235788800,105,1825.0,11.1,28491231232,72510025728,100,15466344448,1241120768,69.0,52.06,69.125,
59841736277489,127.716013571,241.2,18430726144,55235788800,105,1820.0,12.2,28491448320,72509808640,100,15466344448,1241120768,69.0,52.082,69.125,
59841790295627,127.770031709,203.7,18430726144,55235788800,105,1848.0,14.5,28491448320,72509808640,100,15466344448,1241120768,68.0,52.066,69.125,
59841844263892,127.823999974,185.2,18430726144,55235788800,105,1839.0,13.2,28487573504,72513683456,100,15466344448,1241120768,68.0,52.091,69.125,
59841899288330,127.879024412,200.0,18430726144,55235788800,105,1830.0,9.8,28487573504,72513683456,100,15462150144,1241120768,68.0,52.068,69.125,
59841953186893,127.932922975,222.6,18430726144,55235788800,105,1840.0,9.8,28487307264,72513949696,100,15462150144,1241120768,69.0,52.09,69.125,
59842013914120,127.993650202,214.0,18430726144,55235788800,105,1836.0,10.5,28487536640,72513720320,100,15462150144,1241120768,68.0,52.069,69.125,
59842067277769,128.047013851,206.0,18430730240,55235788800,105,1891.0,8.7,28487766016,72513490944,100,15462150144,1241120768,68.0,52.087,69.125,
59842121401295,128.101137377,203.4,18430734336,55235788800,105,1857.0,9.5,28484255744,72517001216,100,15462150144,1241120768,68.0,52.072,69.125,
59842175251388,128.15498747,204.3,18430734336,55235788800,105,1901.0,8.7,28484091904,72517165056,100,15462150144,1241120768,69.0,52.087,69.125,
59842229306164,128.209042246,203.4,18430734336,55235788800,105,1866.0,11.0,28484091904,72517165056,100,15462150144,1241120768,68.0,52.078,69.125,
59842283301409,128.263037491,203.7,18430734336,55235788800,105,1887.0,9.8,28484321280,72516935680,100,15462150144,1241120768,69.0,52.083,69.125,
59842337303197,128.317039279,222.1,18430734336,55235788800,105,1881.0,10.4,28484321280,72516935680,100,15462150144,1241120768,68.0,52.083,69.125,
59842392376567,128.372112649,199.8,18430734336,55235788800,105,1904.0,10.9,28483264512,72517992448,100,15462150144,1241120768,69.0,52.081,69.125,
59842446345121,128.426081203,203.8,18430738432,55235788800,105,1874.0,9.9,28483223552,72518033408,100,15462150144,1241120768,68.0,52.086,69.125,
59842500335357,128.480071439,203.9,18430738432,55235788800,105,1835.0,11.6,28483223552,72518033408,100,15462150144,1241120768,69.0,52.073,69.125,
59842554269707,128.534005789,222.4,18430738432,55235788800,105,1886.0,10.4,28483223552,72518033408,100,15462150144,1241120768,69.0,52.084,69.125,
59842609445629,128.589181711,217.5,18430738432,55235788800,105,1886.0,11.4,28483452928,72517804032,100,15462150144,1241120768,69.0,52.067,69.125,
59842663309497,128.643045579,185.5,18430742528,55235788800,105,1839.0,9.8,28483452928,72517804032,100,15462150144,1241120768,68.0,52.08,69.125,
59842717341280,128.697077362,203.8,18430746624,55235788800,105,1840.0,11.2,28483145728,72518111232,100,15462150144,1241120768,68.0,52.063,69.125,
59842771324292,128.751060374,222.4,18430746624,55235788800,105,1848.0,11.1,28483145728,72518111232,100,15462150144,1241120768,68.0,52.092,69.125,
59842825242993,128.804979075,204.0,18430746624,55235788800,105,1816.0,12.2,28482097152,72519159808,100,15462150144,1241120768,68.0,52.072,69.125,
59842879269316,128.859005398,203.6,18430746624,55235788800,105,1845.0,11.0,28481351680,72519905280,100,15466344448,1241120768,69.0,52.094,69.125,
59842933249683,128.912985765,203.8,18430750720,55235788800,105,1838.0,12.7,28481351680,72519905280,100,15466344448,1241120768,68.0,52.077,69.125,
59842989517775,128.969253857,871.5,18430758912,55235788800,105,1887.0,31.4,28481093632,72520163328,100,15466344448,1241120768,69.0,52.093,69.125,
59843043479397,129.023215479,203.7,18430758912,55235788800,105,1845.0,12.3,28481093632,72520163328,100,15466344448,1241120768,68.0,52.082,69.125,
59843097305153,129.077041235,204.3,18430758912,55235788800,105,1842.0,11.6,28485197824,72516059136,100,15466344448,1241120768,69.0,52.09,69.125,
59843151345593,129.131081675,222.1,18430758912,55235788800,105,1794.0,12.8,28485427200,72515829760,100,15466344448,1241120768,68.0,52.091,69.125,
59843205346097,129.185082179,203.7,18430758912,55235788800,105,1867.0,11.7,28485681152,72515575808,100,15466344448,1241120768,69.0,52.084,69.125,
59843259337385,129.239073467,222.3,18430758912,55235788800,105,1868.0,10.0,28485910528,72515346432,100,15466344448,1241120768,68.0,52.089,69.125,
59843313371001,129.293107083,185.1,18430758912,55235788800,105,1836.0,12.6,28485427200,72515829760,100,15466344448,1241120768,69.0,52.075,69.125,
59843367435456,129.347171538,203.2,18430758912,55235788800,105,1847.0,10.8,28485427200,72515829760,100,15466344448,1241120768,68.0,52.083,69.125,
59843422336301,129.402072383,219.1,18430758912,55235788800,105,1852.0,13.1,28485951488,72515305472,100,15466344448,1241120768,69.0,52.067,69.125,
59843475181005,129.454917087,189.4,18430763008,55235788800,105,1776.0,11.8,28485951488,72515305472,100,15466344448,1241120768,69.0,52.087,69.125,
59843527324272,129.507060354,211.0,18430763008,55235788800,105,1845.0,10.9,28485951488,72515305472,100,15466344448,1241120768,68.0,52.068,69.125,
59843579429307,129.559165389,229.8,18430767104,55235788800,105,1858.0,10.7,28485918720,72515338240,100,15466344448,1241120768,68.0,52.083,69.125,
59843632386422,129.612122504,189.2,18430767104,55235788800,105,1817.0,12.1,28485918720,72515338240,100,15466344448,1241120768,68.0,52.071,69.125,
59843685228330,129.664964412,208.2,18430767104,55235788800,105,1814.0,10.7,28485918720,72515338240,100,15466344448,1241120768,68.0,52.085,69.125,
59843738158935,129.717895017,207.8,18430767104,55235788800,105,1779.0,12.9,28485918720,72515338240,100,15466344448,1241120768,69.0,52.087,69.125,
59843790329293,129.770065375,191.7,18430767104,55235788800,105,1823.0,13.3,28486402048,72514854912,100,15466344448,1241120768,69.0,52.08,69.125,
59843843210104,129.822946186,208.0,18430767104,55235788800,105,1839.0,11.8,28486402048,72514854912,100,15466344448,1241120768,68.0,52.078,69.125,
59843896428580,129.876164662,206.4,18430767104,55235788800,105,1947.0,11.2,28486774784,72514482176,100,15466344448,1241120768,69.0,52.064,69.125,
59843949289133,129.929025215,208.0,18430767104,55235788800,105,1798.0,10.6,28486877184,72514379776,100,15466344448,1241120768,68.0,52.08,69.125,
59844002412130,129.982148212,207.4,18430767104,55235788800,105,1845.0,12.6,28487360512,72513896448,100,15466344448,1241120768,69.0,52.059,69.125,
59844055231466,130.034967548,189.0,18430775296,55235788800,105,1871.0,10.7,28487360512,72513896448,100,15466344448,1241120768,68.0,52.08,69.125,
59844108287717,130.088023799,207.3,18430779392,55235788800,105,1804.0,12.4,28487360512,72513896448,100,15466344448,1241120768,68.0,52.065,69.125,
59844161390585,130.141126667,225.9,18430779392,55235788800,105,1868.0,9.4,28487360512,72513896448,100,15466344448,1241120768,69.0,52.08,69.125,
59844215286553,130.195022635,204.2,18430779392,55235788800,105,1756.0,11.9,28487360512,72513896448,100,15466344448,1241120768,68.0,52.074,69.125,
59844268406013,130.248142095,188.2,18430779392,55235788800,105,1860.0,10.5,28487360512,72513896448,100,15466344448,1241120768,69.0,52.081,69.125,
59844324384491,130.304120573,232.7,18430779392,55235788800,105,1842.0,11.4,28487360512,72513896448,100,15466344448,1241120768,69.0,52.082,69.125,
59844377548705,130.357284787,187.7,18430779392,55235788800,105,1834.0,12.3,28487360512,72513896448,100,15466344448,1241120768,69.0,52.073,69.125,
59844431325008,130.41106109,223.2,18430779392,55235788800,105,1845.0,10.5,28487360512,72513896448,100,15466344448,1241120768,68.0,52.076,69.125,
59844484315095,130.464051177,189.1,18430779392,55235788800,105,1801.0,12.6,28486934528,72514322432,100,15466344448,1241120768,68.0,52.063,69.125,
59844537210964,130.516947046,208.0,18430779392,55235788800,105,1853.0,8.9,28487163904,72514093056,100,15466344448,1241120768,68.0,52.078,69.125,
59844589361514,130.569097596,191.7,18430783488,55235788800,105,1824.0,12.6,28487163904,72514093056,100,15466344448,1241120768,69.0,52.056,69.125,
59844642264487,130.622000569,207.5,18430787584,55235788800,105,1831.0,10.0,28487421952,72513835008,100,15466344448,1241120768,69.0,52.078,69.125,
59844695278418,130.6750145,226.8,18430787584,55235788800,105,1778.0,11.5,28487413760,72513843200,100,15466344448,1241120768,68.0,52.063,69.125,
59844748315062,130.728051144,188.1,18430787584,55235788800,105,1867.0,12.2,28487032832,72514224128,100,15466344448,1241120768,69.0,52.085,69.125,
59844802360810,130.782096892,203.6,18430787584,55235788800,105,1815.0,14.8,28487032832,72514224128,100,15466344448,1241120768,68.0,52.081,69.125,
59844855326872,130.835062954,208.1,18430787584,55235788800,105,1878.0,11.8,28485570560,72515686400,100,15466344448,1241120768,69.0,52.091,69.125,
59844908247157,130.887983239,226.3,18430787584,55235788800,105,1867.0,10.5,28485570560,72515686400,100,15466344448,1241120768,69.0,52.091,69.125,
59844961261609,130.940997691,189.0,18430787584,55235788800,105,1860.0,9.6,28485570560,72515686400,100,15466344448,1241120768,69.0,52.081,69.125,
59845014264179,130.994000261,207.2,18430787584,55235788800,105,1848.0,9.4,28485570560,72515686400,100,15466344448,1241120768,69.0,52.088,69.125,
59845067331630,131.047067712,207.6,18430787584,55235788800,105,1861.0,11.8,28487348224,72513908736,100,15466344448,1241120768,69.0,52.071,69.125,
59845120355039,131.100091121,188.2,18430787584,55235788800,105,1859.0,9.5,28489412608,72511844352,100,15466344448,1241120768,68.0,52.086,69.125,
59845173322674,131.153058756,227.0,18430795776,55235788800,105,1819.0,11.3,28489412608,72511844352,100,15466344448,1241120768,68.0,52.064,69.125,
59845226299615,131.206035697,188.3,18430795776,55235788800,105,1824.0,9.9,28489412608,72511844352,100,15466344448,1241120768,69.0,52.085,69.25,
59845279416560,131.259152642,207.4,18430795776,55235788800,105,1840.0,10.1,28489412608,72511844352,100,15466344448,1241120768,68.0,52.068,69.25,
59845332580703,131.312316785,225.2,18430795776,55235788800,105,1855.0,9.3,28489641984,72511614976,100,15466344448,1241120768,69.0,52.084,69.25,
59845386345264,131.366081346,186.3,18430795776,55235788800,105,1823.0,11.2,28489641984,72511614976,100,15466344448,1241120768,68.0,52.074,69.25,
59845439681029,131.419417111,206.2,18430795776,55235788800,105,1871.0,8.8,28489641984,72511614976,100,15466344448,1241120768,69.0,52.083,69.25,
59845493407829,131.473143911,204.8,18430795776,55235788800,105,1827.0,9.9,28489641984,72511614976,100,15466344448,1241120768,69.0,52.083,69.25,
59845546464941,131.526201023,207.3,18430795776,55235788800,105,1850.0,9.5,28490125312,72511131648,100,15466344448,1241120768,69.0,52.076,69.25,
59845599505031,131.579241113,207.4,18430795776,55235788800,105,1857.0,10.7,28490125312,72511131648,100,15466344448,1241120768,69.0,52.084,69.25,
59845652349413,131.632085495,208.3,18430795776,55235788800,105,1840.0,10.1,28489076736,72512180224,100,15466344448,1241120768,69.0,52.067,69.25,
59845705396075,131.685132157,207.2,18430799872,55235788800,105,1873.0,9.3,28489076736,72512180224,100,15466344448,1241120768,68.0,52.08,69.25,
59845759479745,131.739215827,203.5,18430803968,55235788800,105,1852.0,13.2,28489064448,72512192512,100,15466344448,1241120768,68.0,52.064,69.25,
59845812424906,131.792160988,207.7,18430803968,55235788800,105,1789.0,11.8,28487032832,72514224128,100,15466344448,1241120768,69.0,52.085,69.25,
59845867298609,131.847034691,218.7,18430803968,55235788800,105,1832.0,10.3,28485197824,72516059136,100,15460052992,1241120768,68.0,52.064,69.25,
59845920612904,131.900348986,187.4,18430803968,55235788800,105,1850.0,9.3,28485083136,72516173824,100,15460052992,1241120768,68.0,52.085,69.25,
59845975380197,131.955116279,201.1,18430803968,55235788800,105,1832.0,10.4,28485017600,72516239360,100,15460052992,1241120768,68.0,52.07,69.25,
59846028715962,132.008452044,224.7,18430803968,55235788800,105,1891.0,9.3,28485017600,72516239360,100,15460052992,1241120768,69.0,52.087,69.25,
59846082414409,132.062150491,205.3,18430803968,55235788800,105,1837.0,11.9,28483428352,72517828608,100,15460052992,1241120768,68.0,52.077,69.25,
59846135309226,132.115045308,189.1,18430803968,55235788800,105,1844.0,10.7,28483428352,72517828608,100,15460052992,1241120768,69.0,52.08,69.25,
59846188723438,132.16845952,224.2,18430803968,55235788800,105,1859.0,9.9,28483428352,72517828608,100,15460052992,1241120768,69.0,52.085,69.25,
59846242445298,132.22218138,204.9,18430808064,55235788800,105,1854.0,11.1,28483428352,72517828608,100,15460052992,1241120768,69.0,52.074,69.25,
59846296406758,132.27614284,203.7,18430816256,55235788800,105,1831.0,10.5,28483428352,72517828608,100,15460052992,1241120768,69.0,52.081,69.25,
59846350575247,132.330311329,203.2,18430816256,55235788800,105,1843.0,11.0,28482863104,72518393856,100,15460052992,1241120768,69.0,52.065,69.25,
59846404426761,132.384162843,222.9,18430816256,55235788800,105,1822.0,10.9,28482863104,72518393856,100,15460052992,1241120768,68.0,52.079,69.25,
59846458526510,132.438262592,203.3,18430816256,55235788800,105,1814.0,11.0,28482347008,72518909952,100,15460052992,1241120768,69.0,52.057,69.25,
59846512491096,132.492227178,203.8,18430816256,55235788800,105,1862.0,8.8,28482347008,72518909952,100,15460052992,1241120768,69.0,52.08,69.25,
59846566557693,132.546293775,203.4,18430816256,55235788800,105,1872.0,10.4,28482576384,72518680576,100,15460052992,1241120768,68.0,52.06,69.25,
59846620485870,132.600221952,222.4,18430816256,55235788800,105,1846.0,8.7,28482043904,72519213056,100,15460052992,1241120768,69.0,52.08,69.25,
59846675533369,132.655269451,200.1,18430824448,55235788800,105,1894.0,10.4,28482273280,72518983680,100,15460052992,1241120768,68.0,52.064,69.25,
59846731665815,132.711401897,961.3,18430832640,55236837376,105,1899.0,35.8,28482260992,72518995968,100,15460052992,1241120768,69.0,52.086,69.25,
59846785439432,132.765175514,204.5,18430832640,55236837376,105,1857.0,12.9,28482310144,72518946816,100,15460052992,1241120768,68.0,52.082,69.25,
59846839528011,132.819264093,203.4,18430832640,55236837376,105,1869.0,11.7,28483526656,72517730304,100,15460052992,1241120768,69.0,52.079,69.25,
59846893489901,132.873225983,203.8,18430832640,55236837376,105,1803.0,11.6,28483526656,72517730304,100,15464247296,1241120768,68.0,52.084,69.25,
59846947507987,132.927244069,203.6,18430832640,55236837376,105,1885.0,12.8,28483981312,72517275648,100,15464247296,1241120768,69.0,52.071,69.25,
59847001509402,132.981245484,203.6,18430832640,55236837376,105,1813.0,10.5,28483981312,72517275648,100,15464247296,1241120768,68.0,52.078,69.25,
59847055464349,133.035200431,203.9,18430832640,55236837376,105,1852.0,13.4,28484235264,72517021696,100,15464247296,1241120768,68.0,52.062,69.25,
59847109581721,133.089317803,221.8,18430836736,55236837376,105,1892.0,12.2,28488077312,72513179648,100,15464247296,1241120768,68.0,52.083,69.25,
59847163498567,133.143234649,204.0,18430836736,55236837376,105,1914.0,32.9,28488060928,72513196032,100,15464247296,1241120768,68.0,52.068,69.25,
59847217627782,133.197363864,203.0,18430836736,55236837376,105,1908.0,14.9,28481597440,72519659520,100,15464247296,1241120768,68.0,52.081,69.25,
59847271665335,133.251401417,203.9,18430836736,55236837376,105,1883.0,11.2,28481826816,72519430144,100,15464247296,1241120768,68.0,52.069,69.25,
59847325505737,133.305241819,204.4,18430840832,55236837376,105,1883.0,10.4,28481826816,72519430144,100,15464247296,1241120768,69.0,52.079,69.25,
59847379598743,133.359334825,221.8,18430840832,55236837376,105,1914.0,11.6,28481630208,72519626752,100,15464247296,1241120768,69.0,52.081,69.25,
59847433475524,133.413211606,204.2,18430840832,55236837376,105,1880.0,11.1,28480876544,72520380416,100,15464247296,1241120768,69.0,52.072,69.25,
59847487510081,133.467246163,203.6,18430840832,55236837376,105,1869.0,9.9,28480876544,72520380416,100,15464247296,1241120768,69.0,52.08,69.25,
59847541627944,133.521364026,203.2,18430840832,55236837376,105,1909.0,12.6,28480876544,72520380416,100,15464247296,1241120768,69.0,52.067,69.25,
59847596532985,133.576269067,218.3,18430840832,55236837376,105,1920.0,8.8,28480876544,72520380416,100,15464247296,1241120768,68.0,52.075,69.25,
59847649501980,133.629238062,189.2,18430844928,55236837376,105,1926.0,13.1,28480548864,72520708096,100,15464247296,1241120768,68.0,52.056,69.25,
59847702337495,133.682073577,208.1,18430844928,55236837376,105,1896.0,10.7,28479893504,72521363456,100,15464247296,1241120768,69.0,52.077,69.25,
59847755324485,133.735060567,207.7,18430844928,55236837376,105,1931.0,13.2,28479873024,72521383936,100,15464247296,1241120768,68.0,52.064,69.25,
59847808381295,133.788117377,207.4,18430844928,55236837376,105,1914.0,11.8,28479873024,72521383936,100,15464247296,1241120768,69.0,52.083,69.25,
59847861578770,133.841314852,206.6,18430849024,55236837376,105,1878.0,11.8,28480077824,72521179136,100,15464247296,1241120768,68.0,52.077,69.25,
59847914379199,133.894115281,208.7,18430849024,55236837376,105,1892.0,12.0,28479229952,72522027008,100,15464247296,1241120768,70.0,52.083,69.25,
59847966372182,133.946108264,211.1,18430849024,55236837376,105,1876.0,12.4,28479459328,72521797632,100,15464247296,1241120768,68.0,52.086,69.25,
59848019527808,133.99926389,188.5,18430849024,55236837376,105,1893.0,12.0,28479459328,72521797632,100,15464247296,1241120768,69.0,52.072,69.25,
59848071531290,134.051267372,210.9,18430849024,55236837376,105,1877.0,10.6,28479459328,72521797632,100,15464247296,1241120768,68.0,52.079,69.25,
59848124514402,134.104250484,207.9,18430849024,55236837376,105,1862.0,12.9,28479942656,72521314304,100,15464247296,1241120768,69.0,52.059,69.25,
59848177493307,134.157229389,188.9,18430849024,55236837376,105,1878.0,8.9,28480172032,72521084928,100,15464247296,1241120768,69.0,52.083,69.25,
59848230527304,134.210263386,226.2,18430857216,55236837376,105,1912.0,12.4,28480172032,72521084928,100,15464247296,1241120768,68.0,52.064,69.25,
59848283557885,134.263293967,188.0,18430857216,55236837376,105,1925.0,10.6,28480131072,72521125888,100,15464247296,1241120768,69.0,52.082,69.25,
59848341614464,134.321350546,224.4,18430857216,55236837376,105,1964.0,12.0,28480360448,72520896512,100,15464247296,1241120768,68.0,52.069,69.25,
59848395640876,134.375376958,203.5,18430861312,55236837376,105,1868.0,9.9,28480589824,72520667136,100,15464247296,1241120768,69.0,52.082,69.25,
59848449532564,134.429268646,204.0,18430861312,55236837376,105,1876.0,11.5,28480843776,72520413184,100,15464247296,1241120768,68.0,52.075,69.25,
59848503708986,134.483445068,203.2,18430861312,55236837376,105,1893.0,11.2,28481073152,72520183808,100,15464247296,1241120768,69.0,52.077,69.25,
59848557558285,134.537294367,204.2,18430861312,55236837376,105,1856.0,12.0,28481302528,72519954432,100,15464247296,1241120768,68.0,52.083,69.25,
59848612578482,134.592314564,218.2,18430861312,55236837376,105,1847.0,12.1,28481531904,72519725056,100,15464247296,1241120768,69.0,52.073,69.25,
59848666564687,134.646300769,203.6,18430861312,55236837376,105,1865.0,10.3,28481531904,72519725056,100,15464247296,1241120768,69.0,52.078,69.25,
59848721663852,134.701399934,199.7,18430861312,55236837376,105,1876.0,13.2,28481519616,72519737344,100,15464247296,1241120768,69.0,52.064,69.25,
59848775701794,134.755437876,222.2,18430861312,55236837376,105,1853.0,12.2,28481519616,72519737344,100,15464247296,1241120768,69.0,52.081,69.25,
59848829608430,134.809344512,203.9,18430865408,55236837376,105,1869.0,13.3,28481519616,72519737344,100,15464247296,1241120768,68.0,52.056,69.25,
59848884726471,134.864462553,199.7,18430865408,55236837376,105,1863.0,9.8,28481519616,72519737344,100,15464247296,1241120768,69.0,52.077,69.25,
59848939665325,134.919401407,200.3,18430869504,55236837376,105,1821.0,10.9,28481122304,72520134656,100,15464247296,1241120768,69.0,52.059,69.25,
59848993569076,134.973305158,222.5,18430869504,55236837376,105,1893.0,9.2,28481122304,72520134656,100,15464247296,1241120768,68.0,52.078,69.25,
59849049701521,135.029437603,213.8,18430869504,55236837376,105,1882.0,10.7,28481609728,72519647232,100,15464247296,1241120768,68.0,52.063,69.25,
59849103578251,135.083314333,204.2,18430869504,55236837376,105,1899.0,10.5,28481601536,72519655424,100,15464247296,1241120768,69.0,52.079,69.25,
59849157679322,135.137415404,221.7,18430869504,55236837376,105,1839.0,11.6,28481601536,72519655424,100,15464247296,1241120768,68.0,52.073,69.25,
59849211559378,135.19129546,185.6,18430869504,55236837376,105,1874.0,11.6,28481601536,72519655424,100,15464247296,1241120768,69.0,52.074,69.25,
59849265694974,135.245431056,221.6,18430869504,55236837376,105,1856.0,9.8,28481601536,72519655424,100,15464247296,1241120768,69.0,52.08,69.25,
59849320742492,135.300478574,199.9,18430869504,55236837376,105,1850.0,10.4,28481830912,72519426048,100,15464247296,1241120768,70.0,52.07,69.25,
59849378788671,135.358524753,223.8,18430873600,55236837376,105,1850.0,12.6,28481568768,72519688192,100,15464247296,1241120768,69.0,52.079,69.25,
59849433799380,135.413535462,200.1,18430873600,55236837376,105,1832.0,11.0,28481298432,72519958528,100,15464247296,1241120768,69.0,52.066,69.25,
59849487625926,135.467362008,204.3,18430877696,55236837376,105,1831.0,9.3,28481527808,72519729152,100,15464247296,1241120768,68.0,52.071,69.25,
59849541553540,135.521289622,204.1,18430877696,55236837376,105,1826.0,11.1,28481011712,72520245248,100,15464247296,1241120768,68.0,52.055,69.25,
59849595704976,135.575441058,203.1,18430877696,55236837376,105,1876.0,9.2,28480503808,72520753152,100,15464247296,1241120768,69.0,52.077,69.25,
59849649603646,135.629339728,204.0,18430877696,55236837376,105,1850.0,11.3,28480503808,72520753152,100,15464247296,1241120768,68.0,52.056,69.25,
59849704579319,135.684315401,218.4,18430877696,55236837376,105,1913.0,8.8,28480503808,72520753152,100,15464247296,1241120768,69.0,52.078,69.25,
59849758608525,135.738344607,203.5,18430877696,55236837376,105,1949.0,12.0,28480720896,72520536064,100,15464247296,1243213824,68.0,52.063,69.25,
59849813680218,135.7934163,199.8,18430877696,55236837376,105,1883.0,13.2,28480950272,72520306688,100,15464247296,1243213824,69.0,52.079,69.25,
59849867918506,135.847654588,221.1,18430877696,55236837376,105,1914.0,10.8,28478885888,72522371072,100,15460052992,1243213824,68.0,52.072,69.25,
59849922678815,135.902414897,201.0,18430877696,55236837376,105,1935.0,9.9,28478296064,72522960896,100,15460052992,1243213824,69.0,52.084,69.25,
59849978760635,135.958496717,213.8,18430881792,55236837376,105,1857.0,11.2,28477247488,72524009472,100,15460052992,1243213824,68.0,52.079,69.25,
59850033588860,136.013324942,219.1,18430885888,55236837376,105,1877.0,11.4,28477247488,72524009472,100,15460052992,1243213824,69.0,52.079,69.25,
59850087569705,136.067305787,203.8,18430885888,55236837376,105,1878.0,10.5,28475441152,72525815808,100,15460052992,1243213824,69.0,52.083,69.25,
59850141634878,136.12137096,203.4,18430885888,55236837376,105,1867.0,10.5,28474294272,72526962688,100,15460052992,1243213824,69.0,52.071,69.25,
59850195646371,136.175382453,203.6,18430885888,55236837376,105,1873.0,9.2,28474294272,72526962688,100,15460052992,1243213824,68.0,52.079,69.25,
59850249626825,136.229362907,203.8,18430889984,55236837376,105,1838.0,11.0,28474294272,72526962688,100,15460052992,1243213824,69.0,52.061,69.25,
59850303605556,136.283341638,203.9,18430889984,55236837376,105,1854.0,8.2,28474818560,72526438400,100,15460052992,1243213824,68.0,52.08,69.25,
59850359697555,136.339433637,213.8,18430889984,55236837376,105,1862.0,10.9,28474560512,72526696448,100,15460052992,1243213824,68.0,52.054,69.25,
59850414743840,136.394479922,199.8,18430889984,55236837376,105,1866.0,10.5,28472471552,72528785408,100,15460052992,1243213824,68.0,52.08,69.25,
59850468546250,136.448282332,223.1,18430889984,55236837376,105,1858.0,10.7,28472471552,72528785408,100,15460052992,1243213824,68.0,52.059,69.25,
59850525077113,136.504813195,989.5,18430910464,55236837376,105,1885.0,35.3,28472471552,72528785408,100,15460052992,1243213824,69.0,52.082,69.25,
59850580727933,136.560464015,197.7,18430910464,55236837376,105,1904.0,9.6,28472471552,72528785408,100,15460052992,1243213824,68.0,52.063,69.25,
59850634758261,136.614494343,203.7,18430910464,55236837376,105,1929.0,8.1,28472471552,72528785408,100,15460052992,1243213824,69.0,52.079,69.25,
59850689727962,136.669464044,218.3,18430910464,55236837376,105,1928.0,11.3,28472729600,72528527360,100,15460052992,1243213824,68.0,52.067,69.25,
59850744815635,136.724551717,199.6,18430910464,55236837376,105,1959.0,10.7,28472721408,72528535552,100,15460052992,1243213824,69.0,52.084,69.25,
59850799790776,136.779526858,218.4,18430910464,55236837376,105,1974.0,13.5,28472721408,72528535552,100,15460052992,1243213824,68.0,52.074,69.25,
59850853634473,136.833370555,185.8,18430910464,55236837376,105,1947.0,10.5,28476846080,72524410880,100,15464247296,1243213824,69.0,52.075,69.25,
59850907678316,136.887414398,203.4,18430910464,55236837376,105,1932.0,11.4,28476948480,72524308480,100,15464247296,1243213824,69.0,52.077,69.25,
59850962675849,136.942411931,200.0,18430910464,55236837376,105,1986.0,10.5,28477177856,72524079104,100,15464247296,1243213824,69.0,52.069,69.25,
59851016665741,136.996401823,222.2,18430914560,55236837376,105,1950.0,9.9,28477177856,72524079104,100,15464247296,1243213824,68.0,52.078,69.25,
59851070636677,137.050372759,204.0,18430914560,55236837376,105,1976.0,11.6,28481789952,72519467008,100,15464247296,1243213824,69.0,52.063,69.25,
59851124679868,137.10441595,203.6,18430914560,55236837376,105,1925.0,9.4,28482203648,72519053312,100,15464247296,1243213824,68.0,52.073,69.25,
59851178699806,137.158435888,203.6,18430914560,55236837376,105,1949.0,11.6,28482203648,72519053312,100,15464247296,1243213824,68.0,52.055,69.25,
59851232633913,137.212369995,222.6,18430914560,55236837376,105,1896.0,11.0,28482203648,72519053312,100,15464247296,1243213824,69.0,52.076,69.25,
59851286798833,137.266534915,203.0,18430914560,55236837376,105,1897.0,12.2,28482686976,72518569984,100,15464247296,1243213824,68.0,52.053,69.25,
59851340739622,137.320475704,203.9,18430918656,55236837376,105,1900.0,9.9,28482686976,72518569984,100,15464247296,1243213824,69.0,52.077,69.25,
59851397589564,137.377325646,228.6,18430918656,55236837376,105,1883.0,12.2,28482686976,72518569984,100,15464247296,1243213824,68.0,52.059,69.25,
59851451686587,137.431422669,203.3,18430918656,55236837376,105,1881.0,10.4,28482916352,72518340608,100,15464247296,1243213824,68.0,52.075,69.25,
59851505658614,137.485394696,185.3,18430918656,55236837376,105,1877.0,12.2,28482916352,72518340608,100,15464247296,1243213824,68.0,52.062,69.25,
59851559641121,137.539377203,203.9,18430922752,55236837376,105,1936.0,10.5,28482916352,72518340608,100,15464247296,1243213824,69.0,52.077,69.25,
59851613640490,137.593376572,222.1,18430922752,55236837376,105,1963.0,11.0,28483145728,72518111232,100,15464247296,1243213824,68.0,52.071,69.25,
59851667651811,137.647387893,203.8,18430922752,55236837376,105,1932.0,9.3,28481048576,72520208384,100,15462481920,1243213824,69.0,52.074,69.25,
59851721702116,137.701438198,221.8,18430922752,55236837376,105,1884.0,12.1,28481048576,72520208384,100,15462481920,1243213824,69.0,52.079,69.25,
59851775706584,137.755442666,185.3,18430922752,55236837376,105,1955.0,12.9,28483436544,72517820416,100,15464247296,1243213824,69.0,52.07,69.25,
59851829802835,137.809538917,203.2,18430922752,55236837376,105,1786.0,12.7,28483436544,72517820416,100,15464247296,1243213824,68.0,52.071,69.125,
59851883640110,137.863376192,223.0,18430922752,55236837376,105,1915.0,11.1,28483436544,72517820416,100,15464247296,1243213824,69.0,52.063,69.125,
59851937673272,137.917409354,203.6,18430926848,55236837376,105,1873.0,8.8,28482666496,72518590464,100,15464247296,1243213824,68.0,52.077,69.125,
59851991653675,137.971389757,203.7,18430926848,55236837376,105,1930.0,12.2,28481945600,72519311360,100,15464247296,1243213824,68.0,52.054,69.125,
59852045760636,138.025496718,203.3,18430926848,55236837376,105,1933.0,9.8,28481945600,72519311360,100,15464247296,1243213824,68.0,52.078,69.125,
59852099710151,138.079446233,222.5,18430930944,55236837376,105,1934.0,11.0,28481945600,72519311360,100,15464247296,1243213824,68.0,52.058,69.125,
59852153656981,138.133393063,204.0,18430935040,55236837376,105,1934.0,9.9,28482428928,72518828032,100,15464247296,1243213824,68.0,52.079,69.125,
59852208700671,138.188436753,199.7,18430935040,55236837376,105,1906.0,11.9,28482658304,72518598656,100,15464247296,1243213824,68.0,52.065,69.125,
59852262689029,138.242425111,203.8,18430935040,55236837376,105,1949.0,9.2,28482887680,72518369280,100,15464247296,1243213824,69.0,52.078,69.125,
59852316733192,138.296469274,203.5,18430935040,55236837376,105,1850.0,12.9,28482887680,72518369280,100,15464247296,1243213824,68.0,52.068,69.125,
59852370690332,138.350426414,222.4,18430935040,55236837376,105,1918.0,11.0,28482629632,72518627328,100,15464247296,1243213824,69.0,52.076,69.125,
59852424700581,138.404436663,203.5,18430935040,55236837376,105,1941.0,12.0,28482859008,72518397952,100,15464247296,1243213824,68.0,52.078,69.125,
59852479803592,138.459539674,199.8,18430935040,55236837376,105,1927.0,11.0,28483088384,72518168576,100,15464247296,1243213824,69.0,52.072,69.125,
59852533696030,138.513432112,204.0,18430939136,55236837376,105,1915.0,10.9,28483317760,72517939200,100,15464247296,1243213824,68.0,52.076,69.125,
59852588666101,138.568402183,218.4,18430939136,55236837376,105,1903.0,10.1,28483055616,72518201344,100,15464247296,1243213824,69.0,52.065,69.125,
59852641725655,138.621461737,207.3,18430943232,55236837376,105,1878.0,10.6,28483055616,72518201344,100,15464247296,1243213824,68.0,52.074,69.125,
59852694721459,138.674457541,207.6,18430943232,55236837376,105,1878.0,11.2,28483055616,72518201344,100,15464247296,1243213824,68.0,52.056,69.125,
59852747720439,138.727456521,207.6,18430943232,55236837376,105,1928.0,14.2,28490784768,72510472192,100,15464247296,1241116672,68.0,52.083,69.125,
59852800722574,138.780458656,188.6,18430943232,55236837376,105,1900.0,16.5,28492337152,72508919808,100,15464247296,1241116672,68.0,52.06,69.125,
59852853775045,138.833511127,207.2,18430943232,55236837376,105,1853.0,10.5,28491649024,72509607936,100,15464247296,1241116672,68.0,52.071,69.125,
59852907707868,138.88744395,204.1,18430943232,55236837376,105,1862.0,10.6,28491038720,72510218240,100,15464247296,1241116672,68.0,52.057,69.125,
59852961649919,138.941386001,222.8,18430943232,55236837376,105,1898.0,8.2,28490543104,72510713856,100,15464247296,1241116672,69.0,52.075,69.125,
59853017850160,138.997586242,195.7,18430943232,55236837376,105,1871.0,10.6,28490543104,72510713856,100,15464247296,1241116672,68.0,52.063,69.125,
59853071690570,139.051426652,204.2,18430947328,55236837376,105,1896.0,9.9,28491059200,72510197760,100,15464247296,1241116672,69.0,52.075,69.125,
59853125825864,139.105561946,221.7,18430947328,55236837376,105,1919.0,9.8,28489748480,72511508480,100,15464247296,1241116672,68.0,52.072,69.125,
59853178786652,139.158522734,207.7,18430951424,55236837376,105,1898.0,9.5,28489748480,72511508480,100,15464247296,1241116672,69.0,52.069,69.125,
59853231675826,139.211411908,208.0,18430951424,55236837376,105,1857.0,9.4,28489977856,72511279104,100,15464247296,1241116672,69.0,52.075,69.125,
59853284734318,139.2644704,207.2,18430951424,55236837376,105,1888.0,9.5,28490231808,72511025152,100,15464247296,1241116672,69.0,52.064,69.125,
59853338706385,139.318442467,203.7,18430951424,55236837376,105,1883.0,9.7,28490231808,72511025152,100,15464247296,1241116672,69.0,52.073,69.125,
59853392854432,139.372590514,203.3,18430951424,55236837376,105,1910.0,11.1,28490461184,72510795776,100,15464247296,1241116672,69.0,52.056,69.125,
59853446788889,139.426524971,204.1,18430951424,55236837376,105,1892.0,7.6,28490690560,72510566400,100,15464247296,1241116672,69.0,52.074,69.125,
59853501815907,139.481551989,217.9,18430951424,55236837376,105,1919.0,10.3,28490690560,72510566400,100,15464247296,1241116672,68.0,52.049,69.125,
59853554829965,139.534566047,207.4,18430951424,55236837376,105,1885.0,9.4,28490690560,72510566400,100,15464247296,1241116672,69.0,52.075,69.25,
59853608850182,139.588586264,203.5,18430951424,55236837376,105,1915.0,11.4,28490690560,72510566400,100,15464247296,1241116672,68.0,52.054,69.125,
59853663710827,139.643446909,200.7,18430955520,55236837376,105,1917.0,10.5,28490690560,72510566400,100,15464247296,1241116672,68.0,52.075,69.25,
59853719742912,139.699478994,214.1,18430959616,55236837376,105,1929.0,10.6,28490690560,72510566400,100,15464247296,1241116672,68.0,52.058,69.25,
59853773797634,139.753533716,203.2,18430959616,55236837376,105,1934.0,12.1,28490678272,72510578688,100,15464247296,1241116672,68.0,52.079,69.25,
59853827689200,139.807425282,204.4,18430959616,55236837376,105,1950.0,11.8,28490678272,72510578688,100,15464247296,1241116672,68.0,52.064,69.25,
59853881746436,139.861482518,222.0,18430959616,55236837376,105,1938.0,10.4,28491137024,72510119936,100,15464247296,1241116672,69.0,52.072,69.25,
59853936869565,139.916605647,199.6,18430959616,55236837376,105,1896.0,9.7,28491137024,72510119936,100,15464247296,1241116672,68.0,52.067,69.25,
59853992888164,139.972624246,232.1,18430959616,55236837376,105,1924.0,9.0,28491137024,72510119936,100,15464247296,1241116672,69.0,52.069,69.25,
59854046889286,140.026625368,203.5,18430959616,55236837376,105,1913.0,10.9,28491653120,72509603840,100,15464247296,1241116672,69.0,52.075,69.25,
59854101858525,140.081594607,200.2,18430959616,55236837376,105,1939.0,9.3,28491395072,72509861888,100,15464247296,1241116672,69.0,52.065,69.25,
59854155872130,140.135608212,222.2,18430963712,55236837376,105,1917.0,9.8,28491624448,72509632512,100,15464247296,1241116672,69.0,52.061,69.25,
59854216883805,140.196619887,835.5,18430963712,55236837376,105,1913.0,35.1,28488929280,72512327680,100,15464247296,1241116672,69.0,52.063,69.25,
59854270762507,140.250498589,278.5,18430963712,55236837376,105,1901.0,10.5,28489183232,72512073728,100,15464247296,1241116672,68.0,52.069,69.25,
59854324841344,140.304577426,240.4,18430963712,55236837376,105,1897.0,10.5,28489641984,72511614976,100,15464247296,1241116672,68.0,52.052,69.25,
59854378772103,140.358508185,185.5,18430963712,55236837376,105,1878.0,8.8,28489641984,72511614976,100,15464247296,1241116672,68.0,52.074,69.25,
59854432898129,140.412634211,203.0,18430963712,55236837376,105,1894.0,11.0,28489641984,72511614976,100,15464247296,1241116672,68.0,52.049,69.25,
59854486822977,140.466559059,222.6,18430967808,55236837376,105,1883.0,10.3,28489641984,72511614976,100,15464247296,1241116672,68.0,52.076,69.25,
59854540818046,140.520554128,203.7,18430967808,55236837376,105,1832.0,11.0,28489641984,72511614976,100,15464247296,1241116672,69.0,52.054,69.25,
59854594916430,140.574652512,203.3,18430967808,55236837376,105,1868.0,8.8,28489900032,72511356928,100,15464247296,1241116672,69.0,52.073,69.25,
59854648930776,140.628666858,222.3,18430967808,55236837376,105,1879.0,10.3,28490129408,72511127552,100,15464247296,1241116672,68.0,52.057,69.25,
59854702748362,140.682484444,185.9,18430967808,55236837376,105,1893.0,8.3,28490358784,72510898176,100,15464247296,1241116672,70.0,52.075,69.25,
59854760265896,140.740001978,208.5,18430967808,55236837376,105,1941.0,14.1,28490338304,72510918656,100,15464247296,1241116672,68.0,52.069,69.25,
59854813811421,140.793547503,224.1,18430967808,55236837376,105,1903.0,11.2,28490592256,72510664704,100,15464247296,1241116672,69.0,52.074,69.25,
59854869760861,140.849496943,196.6,18430967808,55236837376,105,1886.0,10.1,28489830400,72511426560,100,15464247296,1245327360,68.0,52.074,69.25,
59854922902598,140.90263868,207.0,18430967808,55236837376,105,1914.0,10.1,28489818112,72511438848,100,15464247296,1245327360,69.0,52.072,69.25,
59854976914639,140.956650721,203.4,18430967808,55236837376,105,1928.0,9.9,28490076160,72511180800,100,15464247296,1245327360,69.0,52.079,69.25,
59855030918125,141.010654207,222.2,18430971904,55236837376,105,1978.0,11.6,28490211328,72511045632,100,15464247296,1245327360,69.0,52.064,69.25,
59855084861668,141.06459775,203.7,18430971904,55236837376,105,1911.0,16.9,28495888384,72505368576,100,15464247296,1245327360,68.0,52.076,69.25,
59855142935646,141.122671728,206.8,18430971904,55236837376,105,1905.0,28.4,28495888384,72505368576,100,15464247296,1245327360,68.0,52.059,69.25,
59855196802305,141.176538387,223.1,18430971904,55236837376,105,1973.0,16.3,28489179136,72512077824,100,15464247296,1245327360,68.0,52.072,69.25,
59855250843551,141.230579633,185.2,18430971904,55236837376,105,1969.0,10.0,28489019392,72512237568,100,15464247296,1245327360,68.0,52.056,69.25,
59855303829205,141.283565287,207.6,18430971904,55236837376,105,1887.0,8.9,28489248768,72512008192,100,15464247296,1245327360,69.0,52.073,69.25,
59855356785645,141.336521727,207.7,18430971904,55236837376,105,1904.0,11.2,28488724480,72512532480,100,15464247296,1245327360,68.0,52.065,69.25,
59855409820050,141.389556132,207.3,18430971904,55236837376,105,1972.0,8.9,28488953856,72512303104,100,15464247296,1245327360,69.0,52.075,69.25,
59855467888599,141.447624681,223.9,18430971904,55236837376,105,1919.0,11.4,28488953856,72512303104,100,15464247296,1245327360,68.0,52.07,69.25,
59855521867147,141.501603229,203.7,18430971904,55236837376,105,1935.0,9.9,28489437184,72511819776,100,15464247296,1245327360,69.0,52.071,69.25,
59855576087279,141.555823361,184.3,18430976000,55236837376,105,1856.0,10.5,28487880704,72513376256,100,15464247296,1245327360,69.0,52.076,69.25,
59855629979825,141.609715907,222.6,18430976000,55236837376,105,1871.0,12.3,28487880704,72513376256,100,15464247296,1245327360,69.0,52.065,69.25,
59855684010571,141.663746653,222.1,18430980096,55236837376,105,1839.0,10.4,28487880704,72513376256,100,15464247296,1245327360,69.0,52.073,69.25,
59855739851978,141.71958806,197.0,18430980096,55236837376,105,1887.0,13.4,28481572864,72519684096,100,15464247296,1245327360,68.0,52.061,69.25,
59855793934040,141.773670122,203.4,18430980096,55236837376,105,1841.0,13.5,28482605056,72518651904,100,15464247296,1245327360,69.0,52.079,69.25,
59855847920223,141.827656305,203.6,18430980096,55236837376,105,1944.0,14.0,28482834432,72518422528,100,15464247296,1245327360,68.0,52.052,69.25,
59855901845130,141.881581212,222.9,18430980096,55236837376,105,1902.0,9.9,28476784640,72524472320,100,15464247296,1245327360,68.0,52.072,69.25,
59855954925903,141.934661985,188.3,18430980096,55236837376,105,1892.0,10.1,28477014016,72524242944,100,15464247296,1245327360,68.0,52.055,69.25,
59856008845009,141.988581091,204.1,18430980096,55236837376,105,1888.0,10.5,28476727296,72524529664,100,15464247296,1245327360,69.0,52.075,69.25,
59856062986673,142.042722755,221.2,18430980096,55236837376,105,1836.0,10.5,28476440576,72524816384,100,15464247296,1245327360,68.0,52.063,69.25,
59856117039401,142.096775483,203.8,18430984192,55236837376,105,1853.0,10.9,28476440576,72524816384,100,15464247296,1245327360,69.0,52.072,69.25,
59856170877666,142.150613748,204.3,18430984192,55236837376,105,1851.0,12.1,28476153856,72525103104,100,15464247296,1245327360,68.0,52.071,69.25,
59856226954825,142.206690907,214.0,18430988288,55236837376,105,1881.0,11.2,28475867136,72525389824,100,15464247296,1245327360,69.0,52.07,69.25,
59856280840378,142.26057646,222.6,18430988288,55236837376,105,1879.0,9.9,28475867136,72525389824,100,15464247296,1245327360,69.0,52.075,69.25,
59856335028790,142.314764872,203.0,18430988288,55236837376,105,1940.0,11.6,28475867136,72525389824,100,15464247296,1245327360,69.0,52.062,69.25,
59856388898364,142.368634446,204.1,18430988288,55236837376,105,1916.0,10.5,28475867136,72525389824,100,15464247296,1245327360,69.0,52.072,69.25,
59856442999162,142.422735244,203.4,18430988288,55236837376,105,1921.0,11.1,28475867136,72525389824,100,15464247296,1245327360,69.0,52.054,69.25,
59856496779207,142.476515289,204.6,18430988288,55236837376,105,1909.0,9.4,28475838464,72525418496,100,15464247296,1245327360,68.0,52.072,69.25,
59856552292506,142.532028588,216.1,18430992384,55236837376,105,1917.0,11.4,28476067840,72525189120,100,15464247296,1245327360,68.0,52.048,69.25,
59856605872716,142.585608798,205.4,18430992384,55236837376,105,1881.0,10.5,28476297216,72524959744,100,15464247296,1245327360,68.0,52.073,69.25,
59856659889275,142.639625357,203.7,18430996480,55236837376,105,1933.0,11.0,28476284928,72524972032,100,15464247296,1245327360,68.0,52.053,69.125,
59856714028655,142.693764737,203.1,18430996480,55236837376,105,1896.0,10.3,28476284928,72524972032,100,15464247296,1245327360,68.0,52.073,69.25,
59856771972188,142.75170827,224.3,18430996480,55236837376,105,1940.0,13.1,28476272640,72524984320,100,15464247296,1245327360,68.0,52.06,69.125,
59856825909398,142.80564548,204.0,18431000576,55236837376,105,1876.0,10.8,28476272640,72524984320,100,15464247296,1245327360,69.0,52.072,69.125,
59856881024881,142.860760963,199.7,18431000576,55236837376,105,1871.0,9.9,28476272640,72524984320,100,15464247296,1245327360,68.0,52.063,69.125,
59856934882221,142.914618303,185.7,18431000576,55236837376,105,1876.0,9.3,28475813888,72525443072,100,15464247296,1245327360,69.0,52.076,69.125,
59856988989841,142.968725923,221.7,18431000576,55236837376,105,1898.0,9.8,28476043264,72525213696,100,15464247296,1245327360,68.0,52.072,69.125,
59857042958781,143.022694863,203.8,18431000576,55236837376,105,1891.0,9.3,28476272640,72524984320,100,15464247296,1245327360,69.0,52.077,69.125,
59857102960458,143.08269654,216.6,18431000576,55236837376,105,1919.0,10.5,28479111168,72522145792,100,15464247296,1245327360,68.0,52.075,69.125,
59857159090596,143.138826678,213.9,18431000576,55236837376,105,1882.0,9.5,28479111168,72522145792,100,15464247296,1245327360,69.0,52.073,69.125,
59857212818504,143.192554586,204.7,18431004672,55236837376,105,1923.0,9.9,28479111168,72522145792,100,15464247296,1245327360,68.0,52.079,69.125,
59857266845482,143.246581564,203.6,18431004672,55236837376,105,1892.0,9.9,28479340544,72521916416,100,15464247296,1245327360,69.0,52.065,69.125,
59857319803674,143.299539756,207.7,18431004672,55236837376,105,1899.0,9.4,28479340544,72521916416,100,15464247296,1245327360,69.0,52.076,69.125,
59857372837267,143.352573349,207.2,18431004672,55236837376,105,1891.0,10.6,28479340544,72521916416,100,15464247296,1245327360,68.0,52.054,69.125,
59857426954385,143.406690467,203.2,18431008768,55236837376,105,1874.0,9.4,28479340544,72521916416,100,15464247296,1245327360,68.0,52.076,69.125,
59857480861128,143.46059721,204.1,18431008768,55236837376,105,1918.0,11.5,28479340544,72521916416,100,15464247296,1245327360,68.0,52.053,69.125,
59857534929334,143.514665416,221.9,18431008768,55236837376,105,1877.0,9.8,28479078400,72522178560,100,15464247296,1245327360,68.0,52.075,69.125,
59857589070196,143.568806278,203.2,18431008768,55236837376,105,1967.0,10.5,28479299584,72521957376,100,15464247296,1245327360,68.0,52.057,69.125,
59857644080511,143.623816593,199.9,18431008768,55236837376,105,1892.0,8.6,28479299584,72521957376,100,15464247296,1245327360,69.0,52.075,69.125,
59857703098210,143.682834292,220.4,18431008768,55236837376,105,1871.0,11.1,28479528960,72521728000,100,15464247296,1245327360,68.0,52.058,69.125,
59857756925263,143.736661345,204.3,18431012864,55236837376,105,1867.0,11.1,28479782912,72521474048,100,15464247296,1245327360,69.0,52.079,69.125,
59857810975766,143.790711848,203.6,18431012864,55236837376,105,1830.0,14.1,28479782912,72521474048,100,15464247296,1245327360,68.0,52.067,69.125,
59857864879402,143.844615484,222.8,18431012864,55236837376,105,1911.0,8.8,28475412480,72525844480,100,15464247296,1245327360,68.0,52.073,69.125,
59857924041102,143.903777184,202.8,18431012864,55236837376,105,1931.0,9.9,28475396096,72525860864,100,15466344448,1245327360,68.0,52.068,69.125,
59857982088891,143.961824973,981.8,18431025152,55236837376,105,1913.0,35.1,28475396096,72525860864,100,15466344448,1245327360,70.0,52.08,69.125,
59858034935783,144.014671865,189.1,18431025152,55236837376,105,1934.0,10.6,28475396096,72525860864,100,15466344448,1245327360,68.0,52.081,69.125,
59858087976870,144.067712952,207.5,18431025152,55236837376,105,1916.0,9.5,28475375616,72525881344,100,15466344448,1245327360,69.0,52.07,69.125,
59858140887973,144.120624055,207.8,18431025152,55236837376,105,1931.0,10.0,28473946112,72527310848,100,15466344448,1245327360,68.0,52.076,69.125,
59858193893103,144.173629185,207.5,18431029248,55236837376,105,1869.0,9.5,28474462208,72526794752,100,15466344448,1245327360,68.0,52.058,69.125,
59858246925594,144.226661676,207.4,18431029248,55236837376,105,1921.0,8.8,28474658816,72526598144,100,15466344448,1245327360,68.0,52.076,69.125,
59858301065514,144.280801596,203.4,18431029248,55236837376,105,1884.0,10.5,28474658816,72526598144,100,15466344448,1245327360,68.0,52.054,69.125,
59858354051778,144.33378786,207.7,18431029248,55236837376,105,1881.0,8.3,28474658816,72526598144,100,15466344448,1245327360,68.0,52.078,69.125,
59858407055796,144.386791878,207.5,18431029248,55236837376,105,1871.0,11.2,28474888192,72526368768,100,15466344448,1245327360,68.0,52.058,69.125,
59858460941669,144.440677751,204.2,18431029248,55236837376,105,1879.0,8.8,28474847232,72526409728,100,15466344448,1245327360,68.0,52.077,69.125,
59858514009516,144.493745598,188.5,18431029248,55236837376,105,1886.0,10.0,28474290176,72526966784,100,15466344448,1245327360,68.0,52.06,69.125,
59858568018150,144.547754232,222.2,18431029248,55236837376,105,1885.0,8.7,28474290176,72526966784,100,15466344448,1245327360,69.0,52.076,69.125,
59858621973323,144.601709405,203.6,18431029248,55236837376,105,1873.0,10.5,28474773504,72526483456,100,15466344448,1245327360,68.0,52.064,69.125,
59858676060163,144.655796245,203.4,18431029248,55236837376,105,1897.0,8.7,28475002880,72526254080,100,15466344448,1245327360,69.0,52.075,69.125,
59858731000025,144.710736107,218.4,18431033344,55236837376,105,1902.0,11.9,28474728448,72526528512,100,15466344448,1245327360,68.0,52.074,69.125,
59858785072488,144.76480857,222.0,18431037440,55236837376,105,1880.0,12.3,28474728448,72526528512,100,15466344448,1245327360,69.0,52.076,69.125,
59858842956439,144.822692521,190.1,18431037440,55236837376,105,1910.0,10.9,28474728448,72526528512,100,15464247296,1245327360,69.0,52.073,69.125,
59858897044100,144.876780182,221.9,18431037440,55236837376,105,1855.0,10.5,28474912768,72526344192,100,15464247296,1245327360,69.0,52.068,69.125,
59858950056062,144.929792144,207.5,18431037440,55236837376,105,1841.0,10.7,28475170816,72526086144,100,15464247296,1241116672,69.0,52.076,69.125,
59859003895308,144.98363139,204.2,18431037440,55236837376,105,1931.0,12.6,28482912256,72518344704,100,15464247296,1241116672,69.0,52.064,69.125,
59859058064463,145.037800545,203.2,18431037440,55236837376,105,1872.0,9.5,28484034560,72517222400,100,15464247296,1241116672,68.0,52.068,69.125,
59859111961086,145.091697168,203.9,18431037440,55236837376,105,1889.0,11.7,28488163328,72513093632,100,15464247296,1241116672,68.0,52.052,69.125,
59859165983635,145.145719717,203.7,18431037440,55236837376,105,1868.0,10.4,28488163328,72513093632,100,15464247296,1241116672,69.0,52.073,69.125,
59859220070075,145.199806157,203.3,18431037440,55236837376,105,1941.0,12.2,28488417280,72512839680,100,15464247296,1241116672,68.0,52.054,69.125,
59859274047630,145.253783712,203.8,18431041536,55236837376,105,1906.0,9.4,28488417280,72512839680,100,15464247296,1241116672,68.0,52.073,69.125,
59859328142586,145.307878668,203.4,18431041536,55236837376,105,1951.0,11.1,28488417280,72512839680,100,15464247296,1241116672,68.0,52.057,69.125,
59859382039259,145.361775341,222.6,18431045632,55236837376,105,1943.0,11.5,28488417280,72512839680,100,15464247296,1241116672,69.0,52.075,69.125,
59859436060316,145.415796398,203.5,18431045632,55236837376,105,1893.0,12.3,28488646656,72512610304,100,15464247296,1241116672,68.0,52.064,69.125,
59859490036748,145.46977283,203.8,18431045632,55236837376,105,1921.0,11.0,28488646656,72512610304,100,15464247296,1241116672,69.0,52.072,69.125,
59859546295867,145.526031949,213.3,18431045632,55236837376,105,1911.0,11.7,28488876032,72512380928,100,15464247296,1241116672,68.0,52.072,69.125,
59859600067395,145.579803477,204.6,18431045632,55236837376,105,1917.0,10.0,28488876032,72512380928,100,15464247296,1241116672,69.0,52.067,69.125,
59859654033458,145.63376954,203.8,18431045632,55236837376,105,1932.0,10.5,28488876032,72512380928,100,15464247296,1241116672,68.0,52.072,69.125,
59859708214966,145.687951048,203.0,18431045632,55236837376,105,1908.0,11.6,28488876032,72512380928,100,15464247296,1241116672,69.0,52.06,69.125,
59859762073167,145.741809249,204.2,18431045632,55236837376,105,1809.0,11.2,28488876032,72512380928,100,15464247296,1241116672,69.0,52.076,69.125,
59859816043708,145.79577979,203.9,18431049728,55236837376,105,1954.0,12.8,28488843264,72512413696,100,15464247296,1241116672,68.0,52.055,69.125,
59859870050117,145.849786199,222.3,18431049728,55236837376,105,1871.0,9.9,28488843264,72512413696,100,15464247296,1241116672,68.0,52.067,69.125,
59859924019927,145.903756009,203.7,18431053824,55236837376,105,1898.0,13.2,28489089024,72512167936,100,15464247296,1241116672,68.0,52.048,69.125,
59859978085147,145.957821229,203.5,18431053824,55236837376,105,1849.0,9.9,28489089024,72512167936,100,15464247296,1241116672,68.0,52.07,69.125,
59860031988693,146.011724775,204.1,18431053824,55236837376,105,1889.0,11.7,28489089024,72512167936,100,15464247296,1241116672,68.0,52.053,69.125,
59860086113053,146.065849135,221.4,18431053824,55236837376,105,1879.0,10.3,28489089024,72512167936,100,15464247296,1241116672,68.0,52.07,69.125,
59860140027980,146.119764062,204.3,18431053824,55236837376,105,1922.0,11.8,28489318400,72511938560,100,15464247296,1241116672,68.0,52.058,69.125,
59860194057883,146.173793965,203.6,18431053824,55236837376,105,1879.0,10.9,28489318400,72511938560,100,15464247296,1241116672,69.0,52.072,69.125,
59860248179869,146.227915951,203.2,18431053824,55236837376,105,1890.0,11.2,28489318400,72511938560,100,15464247296,1241116672,68.0,52.066,69.125,
59860302077834,146.281813916,204.1,18431053824,55236837376,105,1894.0,10.5,28488802304,72512454656,100,15464247296,1241116672,69.0,52.068,69.125,
59860356049738,146.33578582,222.3,18431057920,55236837376,105,1914.0,10.5,28488802304,72512454656,100,15464247296,1241116672,69.0,52.076,69.125,
59860410030519,146.389766601,203.8,18431062016,55236837376,105,1880.0,11.7,28489060352,72512196608,100,15464247296,1241116672,69.0,52.065,69.125,
59860464076633,146.443812715,203.5,18431062016,55236837376,105,1958.0,10.4,28489060352,72512196608,100,15464247296,1241116672,68.0,52.069,69.125,
59860518035742,146.497771824,204.0,18431066112,55236837376,105,1945.0,11.1,28489060352,72512196608,100,15464247296,1241116672,69.0,52.056,69.125,
59860572059293,146.551795375,203.4,18431066112,55236837376,105,1896.0,9.8,28489060352,72512196608,100,15464247296,1241116672,68.0,52.065,69.125,
59860626119483,146.605855565,203.6,18431066112,55236837376,105,1932.0,11.2,28488802304,72512454656,100,15464247296,1241116672,68.0,52.048,69.125,
59860680075186,146.659811268,203.9,18431066112,55236837376,105,1977.0,9.2,28488802304,72512454656,100,15464247296,1241116672,69.0,52.072,69.125,
59860733951440,146.713687522,222.6,18431066112,55236837376,105,1975.0,12.2,28488790016,72512466944,100,15464247296,1241116672,68.0,52.051,69.125,
59860788068196,146.767804278,203.3,18431066112,55236837376,105,1971.0,11.1,28488790016,72512466944,100,15464247296,1241116672,68.0,52.076,69.125,
59860842085485,146.821821567,203.7,18431066112,55236837376,105,1987.0,12.9,28489756672,72511500288,100,15464247296,1241116672,68.0,52.054,69.125,
59860896108735,146.875844817,203.4,18431070208,55236837376,105,1967.0,8.6,28489756672,72511500288,100,15464247296,1241116672,68.0,52.07,69.125,
59860950131374,146.929867456,203.9,18431070208,55236837376,105,1995.0,9.9,28489752576,72511504384,100,15464247296,1241116672,68.0,52.06,69.125,
59861004177687,146.983913769,203.4,18431070208,55236837376,105,2000.0,8.7,28489752576,72511504384,100,15464247296,1241116672,69.0,52.072,69.125,
59861058117340,147.037853422,203.6,18431074304,55236837376,105,1964.0,10.5,28490391552,72510865408,100,15464247296,1241116672,68.0,52.07,69.125,
59861113139867,147.092875949,218.4,18431074304,55236837376,105,2004.0,9.2,28490649600,72510607360,100,15464247296,1241116672,69.0,52.068,69.125,
59861167103185,147.146839267,203.8,18431074304,55236837376,105,1994.0,9.3,28490649600,72510607360,100,15464247296,1241116672,68.0,52.073,69.125,
59861221081570,147.200817652,203.8,18431074304,55236837376,105,1988.0,8.8,28490649600,72510607360,100,15464247296,1241116672,69.0,52.065,69.125,
59861275072269,147.254808351,203.8,18431074304,55236837376,105,1946.0,9.8,28490649600,72510607360,100,15464247296,1241116672,68.0,52.072,69.125,
59861329210976,147.308947058,203.2,18431074304,55236837376,105,2014.0,9.9,28488814592,72512442368,100,15464247296,1241116672,69.0,52.056,69.125,
59861383176228,147.36291231,222.3,18431074304,55236837376,105,1999.0,9.2,28488814592,72512442368,100,15464247296,1241116672,68.0,52.068,69.125,
59861437043425,147.416779507,204.3,18431078400,55236837376,105,2005.0,10.5,28489043968,72512212992,100,15464247296,1241116672,68.0,52.051,69.125,
59861490180280,147.469916362,207.1,18431078400,55236837376,105,1941.0,8.3,28489043968,72512212992,100,15464247296,1241116672,69.0,52.072,69.125,
59861544145060,147.523881142,203.6,18431078400,55236837376,105,1952.0,9.9,28489043968,72512212992,100,15464247296,1241116672,68.0,52.05,69.125,
59861598153211,147.577889293,203.8,18431078400,55236837376,105,1901.0,8.7,28489043968,72512212992,100,15464247296,1241116672,69.0,52.072,69.125,
59861653311082,147.633047164,217.6,18431086592,55236837376,105,1935.0,10.4,28489043968,72512212992,100,15464247296,1241116672,68.0,52.053,69.125,
59861709326773,147.689062855,982.2,18431098880,55236837376,105,1927.0,34.9,28489043968,72512212992,100,15464247296,1241116672,69.0,52.075,69.125,
59861767259964,147.746996046,224.3,18431098880,55236837376,105,1926.0,12.5,28489043968,72512212992,100,15464247296,1241116672,68.0,52.066,69.125,
59861821059504,147.800795586,204.4,18431098880,55236837376,105,1935.0,11.1,28489043968,72512212992,100,15464247296,1241116672,69.0,52.073,69.125,
59861874244670,147.853980752,207.0,18431098880,55236837376,105,1957.0,10.1,28489011200,72512245760,100,15462150144,1241116672,69.0,52.074,69.125,
59861927182381,147.906918463,188.9,18431098880,55236837376,105,1905.0,9.5,28489469952,72511787008,100,15462150144,1241116672,69.0,52.062,69.125,
59861980075188,147.95981127,207.7,18431102976,55236837376,105,1913.0,9.5,28489592832,72511664128,100,15462150144,1241116672,68.0,52.072,69.125,
59862034142050,148.013878132,203.5,18431102976,55236837376,105,1947.0,11.0,28489592832,72511664128,100,15462150144,1241116672,69.0,52.056,69.125,
59862088097062,148.067833144,222.5,18431102976,55236837376,105,1875.0,8.2,28489822208,72511434752,100,15462150144,1241116672,68.0,52.066,69.125,
59862142220550,148.121956632,203.1,18431102976,55236837376,105,1923.0,12.1,28488273920,72512983040,100,15462150144,1241116672,68.0,52.05,69.125,
59862196128884,148.175864966,204.1,18431102976,55236837376,105,1866.0,9.3,28488273920,72512983040,100,15462150144,1241116672,69.0,52.071,69.125,
59862250195695,148.229931777,203.4,18431102976,55236837376,105,1890.0,10.5,28488273920,72512983040,100,15462150144,1241116672,68.0,52.05,69.125,
59862307198630,148.286934712,228.1,18431102976,55236837376,105,1881.0,9.9,28488273920,72512983040,100,15462150144,1241116672,68.0,52.071,69.125,
59862362121549,148.341857631,200.2,18431102976,55236837376,105,1897.0,12.0,28488273920,72512983040,100,15462150144,1241116672,68.0,52.053,69.125,
59862416180245,148.395916327,203.2,18431102976,55236837376,105,1920.0,10.3,28488503296,72512753664,100,15462150144,1241116672,68.0,52.07,69.125,
59862471251052,148.450987134,200.0,18431107072,55236837376,105,1912.0,10.3,28488503296,72512753664,100,15462150144,1241116672,68.0,52.057,69.125,
59862525183942,148.504920024,222.6,18431111168,55236837376,105,1942.0,8.2,28488503296,72512753664,100,15462150144,1241116672,69.0,52.072,69.125,
59862579265140,148.559001222,203.3,18431111168,55236837376,105,1967.0,9.8,28488503296,72512753664,100,15462150144,1241116672,68.0,52.065,69.125,
59862633258263,148.612994345,222.2,18431111168,55236837376,105,1929.0,10.5,28488503296,72512753664,100,15462150144,1241116672,69.0,52.066,69.125,
59862687290850,148.667026932,203.6,18431111168,55236837376,105,1915.0,8.8,28488732672,72512524288,100,15462150144,1241116672,69.0,52.072,69.125,
59862741035446,148.720771528,204.8,18431111168,55236837376,105,1926.0,12.3,28488732672,72512524288,100,15462150144,1241116672,69.0,52.062,69.125,
59862794259074,148.773995156,187.8,18431111168,55236837376,105,1972.0,11.8,28488732672,72512524288,100,15462150144,1241116672,68.0,52.07,69.125,
59862849207140,148.828943222,218.5,18431111168,55236837376,105,1960.0,10.9,28488962048,72512294912,100,15466344448,1241116672,69.0,52.05,69.125,
59862903092670,148.882828752,204.3,18431111168,55236837376,105,1996.0,8.2,28488962048,72512294912,100,15466344448,1241116672,69.0,52.069,69.125,
59862955993262,148.935729344,207.9,18431111168,55236837376,105,1998.0,10.7,28488785920,72512471040,100,15466344448,1241116672,68.0,52.056,69.125,
59863009074402,148.988810484,207.0,18431115264,55236837376,105,1924.0,9.5,28488785920,72512471040,100,15466344448,1241116672,69.0,52.077,69.125,
59863063167312,149.042903394,203.4,18431119360,55236837376,105,1919.0,11.7,28492398592,72508858368,100,15466344448,1241116672,68.0,52.058,69.125,
59863117182296,149.096918378,222.0,18431119360,55236837376,105,1856.0,28.2,28493168640,72508088320,100,15466344448,1241116672,68.0,52.086,69.125,
59863172407773,149.152143855,199.3,18431119360,55236837376,105,1923.0,21.8,28493684736,72507572224,100,15466344448,1241116672,68.0,52.076,69.125,
59863226168149,149.205904231,204.7,18431119360,55236837376,105,1916.0,11.7,28493684736,72507572224,100,15466344448,1241116672,69.0,52.069,69.125,
59863280161862,149.259897944,203.7,18431119360,55236837376,105,1913.0,11.0,28493684736,72507572224,100,15466344448,1241116672,68.0,52.072,69.125,
59863334392531,149.314128613,203.0,18431119360,55236837376,105,1949.0,11.0,28493684736,72507572224,100,15466344448,1241116672,68.0,52.058,69.125,
59863388315412,149.368051494,222.4,18431119360,55236837376,105,1912.0,10.9,28493684736,72507572224,100,15466344448,1241116672,68.0,52.066,69.125,
59863442342349,149.422078431,203.8,18431119360,55236837376,105,1951.0,11.2,28493684736,72507572224,100,15466344448,1241116672,68.0,52.051,69.125,
59863496420040,149.476156122,203.4,18431119360,55236837376,105,1920.0,9.2,28493684736,72507572224,100,15466344448,1241116672,68.0,52.072,69.125,
59863554292547,149.534028629,224.6,18431119360,55236837376,105,1938.0,10.9,28493942784,72507314176,100,15466344448,1241116672,69.0,52.054,69.125,
59863607276063,149.587012145,188.8,18431127552,55236837376,105,1963.0,9.5,28493942784,72507314176,100,15466344448,1241116672,69.0,52.072,69.125,
59863660270420,149.640006502,207.3,18431127552,55236837376,105,1913.0,11.7,28493942784,72507314176,100,15466344448,1241116672,68.0,52.057,69.125,
59863715337409,149.695073491,199.9,18431127552,55236837376,105,1910.0,8.7,28493942784,72507314176,100,15466344448,1241116672,69.0,52.072,69.125,
59863769506442,149.749242524,202.9,18431127552,55236837376,105,1948.0,13.9,28493500416,72507756544,100,15466344448,1241116672,68.0,52.064,69.125,
59863823233214,149.802969296,204.7,18431127552,55236837376,105,1912.0,12.3,28493758464,72507498496,100,15466344448,1241116672,70.0,52.071,69.125,
59863877324381,149.857060463,221.8,18431127552,55236837376,105,1871.0,11.0,28492681216,72508575744,100,15466344448,1241116672,69.0,52.074,69.125,
59863931249295,149.910985377,204.1,18431127552,55236837376,105,1906.0,11.7,28492681216,72508575744,100,15466344448,1241116672,70.0,52.064,69.125,
59863985183777,149.964919859,204.0,18431127552,55236837376,105,1931.0,8.8,28492386304,72508870656,100,15466344448,1241116672,69.0,52.072,69.125,
59864039312484,150.019048566,203.2,18431127552,55236837376,105,1922.0,11.0,28492386304,72508870656,100,15466344448,1241116672,69.0,52.053,69.125,
59864093219505,150.072955587,222.9,18431127552,55236837376,105,1879.0,8.8,28492386304,72508870656,100,15466344448,1241116672,70.0,52.069,69.125,
59864146349316,150.126085398,206.8,18431135744,55236837376,105,1951.0,11.2,28492386304,72508870656,100,15466344448,1241116672,68.0,52.047,69.125,
59864200349712,150.180085794,185.1,18431135744,55236837376,105,1915.0,8.8,28492115968,72509140992,100,15466344448,1241116672,69.0,52.07,69.125,
59864255243566,150.234979648,218.6,18431135744,55236837376,105,1911.0,13.0,28492328960,72508928000,100,15466344448,1241116672,68.0,52.051,69.125,
59864309309886,150.289045968,203.6,18431135744,55236837376,105,1898.0,8.8,28492328960,72508928000,100,15466344448,1241116672,69.0,52.071,69.125,
59864365374638,150.34511072,196.1,18431135744,55236837376,105,1915.0,10.7,28492328960,72508928000,100,15466344448,1241116672,69.0,52.056,69.125,
59864419289063,150.399025145,222.6,18431135744,55236837376,105,1907.0,10.4,28492558336,72508698624,100,15466344448,1241116672,69.0,52.071,69.125,
59864473422318,150.4531584,203.2,18431135744,55236837376,105,1939.0,12.2,28492558336,72508698624,100,15466344448,1241116672,68.0,52.063,69.125,
59864527238007,150.506974089,204.4,18431135744,55236837376,105,1941.0,9.9,28493041664,72508215296,100,15466344448,1241116672,69.0,52.07,69.125,
59864581307002,150.561043084,203.3,18431135744,55236837376,105,1902.0,10.5,28493041664,72508215296,100,15466344448,1241116672,69.0,52.073,69.25,
59864635214042,150.614950124,204.2,18431135744,55236837376,105,1936.0,11.1,28493041664,72508215296,100,15466344448,1241116672,69.0,52.064,69.25,
59864689483002,150.669219084,221.1,18431143936,55236837376,105,1905.0,9.8,28493041664,72508215296,100,15466344448,1241116672,69.0,52.069,69.25,
59864744438751,150.724174833,200.2,18431148032,55236837376,105,1925.0,12.1,28493041664,72508215296,100,15466344448,1241116672,68.0,52.054,69.25,
59864798277363,150.778013445,223.1,18431148032,55236837376,105,1958.0,12.2,28493041664,72508215296,100,15466344448,1241116672,69.0,52.071,69.25,
59864851315843,150.831051925,188.6,18431148032,55236837376,105,1976.0,10.7,28491821056,72509435904,100,15466344448,1241116672,69.0,52.048,69.25,
59864905252118,150.8849882,203.9,18431148032,55236837376,105,1939.0,9.2,28491628544,72509628416,100,15466344448,1241116672,69.0,52.068,69.25,
59864961360843,150.941096925,213.7,18431148032,55236837376,105,1955.0,10.6,28491628544,72509628416,100,15466344448,1241116672,68.0,52.056,69.25,
59865015446689,150.995182771,203.5,18431148032,55236837376,105,1928.0,7.6,28491628544,72509628416,100,15466344448,1241116672,68.0,52.073,69.25,
59865069225428,151.04896151,223.0,18431148032,55236837376,105,1966.0,11.8,28494696448,72506560512,100,15466344448,1241116672,68.0,52.066,69.25,
59865123221315,151.102957397,203.5,18431148032,55236837376,105,1904.0,8.7,28494696448,72506560512,100,15466344448,1241116672,70.0,52.074,69.25,
59865178386007,151.158122089,199.3,18431148032,55236837376,105,1899.0,11.2,28494696448,72506560512,100,15466344448,1241116672,68.0,52.069,69.25,
59865232400990,151.212137072,204.0,18431152128,55236837376,105,1928.0,8.8,28494696448,72506560512,100,15466344448,1241116672,69.0,52.07,69.25,
59865286324692,151.266060774,203.9,18431152128,55236837376,105,1922.0,9.8,28494438400,72506818560,100,15466344448,1241116672,68.0,52.073,69.25,
59865340300131,151.320036213,222.6,18431156224,55236837376,105,1900.0,8.3,28494438400,72506818560,100,15466344448,1241116672,69.0,52.059,69.25,
59865393282575,151.373018657,207.5,18431156224,55236837376,105,1904.0,10.5,28494438400,72506818560,100,15466344448,1241116672,68.0,52.065,69.25,
59865447070612,151.426806694,798.8,18431172608,55236837376,105,1910.0,34.1,28494438400,72506818560,100,15466344448,1241116672,69.0,52.057,69.25,
59865504276927,151.484013009,402.5,18431172608,55236837376,105,1883.0,8.8,28494438400,72506818560,100,15466344448,1241116672,69.0,52.072,69.25,
59865558501002,151.538237084,221.2,18431172608,55236837376,105,1887.0,9.9,28494438400,72506818560,100,15466344448,1241116672,68.0,52.048,69.25,
59865612295671,151.592031753,204.3,18431172608,55236837376,105,1914.0,9.8,28494438400,72506818560,100,15466344448,1241116672,68.0,52.073,69.25,
59865666433565,151.646169647,203.2,18431176704,55236837376,105,1908.0,10.4,28494925824,72506331136,100,15466344448,1241116672,68.0,52.053,69.125,
59865720249033,151.699985115,186.1,18431176704,55236837376,105,1896.0,8.3,28494925824,72506331136,100,15466344448,1241116672,68.0,52.07,69.25,
59865773391998,151.75312808,225.5,18431176704,55236837376,105,1857.0,12.9,28494925824,72506331136,100,15466344448,1241116672,68.0,52.061,69.125,
59865827384489,151.807120571,203.8,18431176704,55236837376,105,1846.0,12.8,28494925824,72506331136,100,15466344448,1241116672,68.0,52.073,69.125,
59865881279967,151.861016049,204.1,18431176704,55236837376,105,1859.0,9.9,28492161024,72509095936,100,15466344448,1241116672,68.0,52.066,69.125,
59865935430194,151.915166276,203.4,18431176704,55236837376,105,1918.0,8.8,28491276288,72509980672,100,15466344448,1241116672,68.0,52.065,69.125,
59865988355791,151.968091873,207.8,18431176704,55236837376,105,1905.0,9.5,28491276288,72509980672,100,15466344448,1241116672,69.0,52.071,69.125,
59866041200316,152.020936398,208.2,18431176704,55236837376,105,1878.0,8.9,28491276288,72509980672,100,15466344448,1241116672,69.0,52.058,69.125,
59866094311201,152.074047283,207.1,18431180800,55236837376,105,1875.0,9.5,28491276288,72509980672,100,15466344448,1241116672,68.0,52.068,69.125,
59866147227350,152.126963432,207.9,18431180800,55236837376,105,1847.0,10.5,28489900032,72511356928,100,15466344448,1241116672,68.0,52.052,69.125,
59866201394479,152.181130561,203.1,18431180800,55236837376,105,1865.0,8.7,28489900032,72511356928,100,15466344448,1241116672,69.0,52.07,69.125,
59866256313158,152.23604924,218.5,18431180800,55236837376,105,1857.0,9.8,28489900032,72511356928,100,15466344448,1241116672,68.0,52.045,69.125,
59866309356206,152.289092288,207.4,18431180800,55236837376,105,1920.0,8.8,28489900032,72511356928,100,15466344448,1241116672,68.0,52.07,69.125,
59866365380962,152.345117044,196.3,18431180800,55236837376,105,1932.0,11.2,28486995968,72514260992,100,15466344448,1241116672,68.0,52.05,69.125,
59866418296591,152.398032673,207.9,18431180800,55236837376,105,1953.0,8.9,28486594560,72514662400,100,15466344448,1241116672,68.0,52.072,69.125,
59866471277993,152.451014075,207.7,18431180800,55236837376,105,1942.0,10.0,28486594560,72514662400,100,15466344448,1241116672,68.0,52.054,69.125,
59866524311061,152.504047143,207.3,18431180800,55236837376,105,1922.0,7.7,28486250496,72515006464,100,15466344448,1241116672,69.0,52.07,69.125,
59866581309305,152.561045387,210.7,18431180800,55236837376,105,1912.0,9.9,28486250496,72515006464,100,15466344448,1241116672,68.0,52.058,69.125,
59866634281309,152.614017391,207.7,18431180800,55236837376,105,1901.0,7.7,28486250496,72515006464,100,15466344448,1241116672,69.0,52.07,69.125,
59866690370436,152.670106518,195.8,18431184896,55236837376,105,1874.0,10.5,28486221824,72515035136,100,15466344448,1241116672,68.0,52.064,69.125,
59866744396990,152.724133072,222.1,18431188992,55236837376,105,1856.0,11.1,28486221824,72515035136,100,15466344448,1241116672,69.0,52.069,69.125,
59866800379406,152.780115488,214.2,18431188992,55236837376,105,1738.0,13.5,28486221824,72515035136,100,15466344448,1241116672,69.0,52.074,69.125,
59866854342291,152.834078373,204.0,18431188992,55236837376,105,1855.0,11.0,28486029312,72515227648,100,15466344448,1241116672,69.0,52.062,69.125,
59866908376980,152.888113062,203.5,18431188992,55236837376,105,1874.0,10.5,28485373952,72515883008,100,15466344448,1241116672,69.0,52.068,69.125,
59866962371775,152.942107857,222.2,18431188992,55236837376,105,1908.0,12.1,28485857280,72515399680,100,15466344448,1241116672,68.0,52.053,69.125,
59867016456418,152.9961925,203.4,18431188992,55236837376,105,1875.0,9.9,28486086656,72515170304,100,15466344448,1241116672,68.0,52.065,69.125,
59867070335445,153.050071527,204.3,18431188992,55236837376,105,1916.0,11.7,28490444800,72510812160,100,15466344448,1241116672,69.0,52.049,69.125,
59867124295103,153.104031185,203.9,18431188992,55236837376,105,1878.0,10.4,28490444800,72510812160,100,15466344448,1241116672,69.0,52.068,69.125,
59867177512438,153.15724852,187.9,18431188992,55236837376,105,1866.0,10.1,28490674176,72510582784,100,15466344448,1241116672,68.0,52.049,69.125,
59867231321814,153.211057896,223.0,18431193088,55236837376,105,1856.0,9.4,28490674176,72510582784,100,15466344448,1241116672,69.0,52.068,69.125,
59867288242633,153.267978715,210.9,18431197184,55236837376,105,1964.0,10.0,28490407936,72510849024,100,15466344448,1241116672,68.0,52.049,69.125,
59867341347456,153.321083538,206.9,18431197184,55236837376,105,1864.0,9.5,28490014720,72511242240,100,15466344448,1241116672,68.0,52.068,69.125,
59867394470083,153.374206165,188.2,18431197184,55236837376,105,1857.0,12.9,28489490432,72511766528,100,15466344448,1241116672,68.0,52.057,69.125,
59867448378084,153.428114166,222.8,18431197184,55236837376,105,1898.0,8.2,28489359360,72511897600,100,15466344448,1241116672,70.0,52.069,69.125,
59867507537075,153.487273157,202.7,18431197184,55236837376,105,1896.0,13.2,28489359360,72511897600,100,15466344448,1241116672,68.0,52.061,69.125,
59867561320151,153.541056233,223.4,18431197184,55236837376,105,1864.0,9.4,28489359360,72511897600,100,15466344448,1241116672,69.0,52.068,69.125,
59867614356696,153.594092778,207.3,18431197184,55236837376,105,1918.0,10.7,28489359360,72511897600,100,15466344448,1241116672,69.0,52.072,69.125,
59867668584177,153.648320259,202.7,18431197184,55236837376,105,1899.0,9.9,28489588736,72511668224,100,15466344448,1241116672,69.0,52.061,69.125,
59867721492521,153.701228603,188.9,18431197184,55236837376,105,1916.0,10.1,28489588736,72511668224,100,15466344448,1241116672,68.0,52.069,69.25,
59867775571573,153.755307655,203.6,18431197184,55236837376,105,1934.0,17.5,28500680704,72500576256,100,15466344448,1241116672,68.0,52.059,69.125,
59867829368095,153.809104177,223.1,18431205376,55236837376,105,1970.0,11.2,28497502208,72503754752,100,15466344448,1241116672,68.0,52.068,69.125,
59867882528893,153.862264975,206.9,18431205376,55236837376,105,1969.0,11.1,28496769024,72504487936,100,15466344448,1241116672,68.0,52.045,69.125,
59867936306459,153.916042541,204.7,18431205376,55236837376,105,1916.0,8.8,28495630336,72505626624,100,15466344448,1241116672,68.0,52.067,69.125,
59867989299472,153.969035554,207.4,18431205376,55236837376,105,1918.0,10.1,28495630336,72505626624,100,15466344448,1241116672,69.0,52.051,69.125,
59868043396047,154.023132129,203.4,18431205376,55236837376,105,1866.0,9.9,28495630336,72505626624,100,15466344448,1241116672,68.0,52.07,69.25,
59868097474017,154.077210099,221.9,18431205376,55236837376,105,1872.0,11.5,28496113664,72505143296,100,15466344448,1241116672,68.0,52.058,69.25,
59868151375787,154.131111869,204.1,18431205376,55236837376,105,1903.0,8.8,28496113664,72505143296,100,15466344448,1241116672,69.0,52.072,69.25,
59868206873853,154.186609935,198.1,18431205376,55236837376,105,1865.0,11.9,28496113664,72505143296,100,15466344448,1241116672,68.0,52.064,69.25,
59868260618267,154.240354349,204.8,18431205376,55236837376,105,1881.0,9.9,28496113664,72505143296,100,15466344448,1241116672,69.0,52.071,69.25,
59868314399781,154.294135863,223.1,18431205376,55236837376,105,1873.0,11.1,28496101376,72505155584,100,15466344448,1241116672,69.0,52.075,69.25,
59868368393433,154.348129515,203.7,18431209472,55236837376,105,1893.0,10.0,28496101376,72505155584,100,15466344448,1241116672,68.0,52.064,69.125,
59868421515027,154.401251109,207.1,18431213568,55236837376,105,1882.0,10.1,28496101376,72505155584,100,15466344448,1241116672,69.0,52.07,69.125,
59868477554630,154.457290712,196.3,18431213568,55236837376,105,1942.0,11.8,28496101376,72505155584,100,15466344448,1241116672,69.0,52.056,69.125,
59868530498070,154.510234152,207.8,18431213568,55236837376,105,1904.0,8.9,28496814080,72504442880,100,15466344448,1241116672,68.0,52.068,69.125,
59868584381254,154.564117336,222.5,18431217664,55236837376,105,1900.0,11.0,28496814080,72504442880,100,15466344448,1241116672,68.0,52.049,69.125,
59868638365117,154.618101199,203.7,18431217664,55236837376,105,1880.0,10.3,28497043456,72504213504,100,15466344448,1241116672,68.0,52.071,69.125,
59868692376742,154.672112824,185.1,18431217664,55236837376,105,1857.0,12.2,28497043456,72504213504,100,15466344448,1241116672,68.0,52.047,69.125,
59868746528821,154.726264903,221.6,18431217664,55236837376,105,1877.0,11.6,28497043456,72504213504,100,15466344448,1241116672,69.0,52.072,69.125,
59868800456168,154.78019225,203.9,18431217664,55236837376,105,1852.0,14.0,28497301504,72503955456,100,15466344448,1241116672,68.0,52.058,69.125,
59868854379958,154.83411604,204.2,18431217664,55236837376,105,1854.0,10.5,28496232448,72505024512,100,15466344448,1241116672,69.0,52.069,69.125,
59868908487714,154.888223796,203.4,18431221760,55236837376,105,1899.0,10.6,28493209600,72508047360,100,15466344448,1241116672,68.0,52.06,69.125,
59868961515252,154.941251334,207.5,18431225856,55236837376,105,1899.0,8.3,28493193216,72508063744,100,15466344448,1241116672,69.0,52.065,69.125,
59869014396544,154.994132626,226.9,18431225856,55236837376,105,1899.0,10.1,28493193216,72508063744,100,15466344448,1241116672,69.0,52.073,69.25,
59869067497840,155.047233922,188.2,18431225856,55236837376,105,1840.0,10.1,28496805888,72504451072,100,15466344448,1241116672,69.0,52.062,69.25,
59869120536258,155.10027234,207.4,18431225856,55236837376,105,1880.0,9.6,28497035264,72504221696,100,15466344448,1241116672,68.0,52.051,69.25,
59869177706995,155.157443077,734.5,18431238144,55236837376,105,1918.0,32.0,28497035264,72504221696,100,15466344448,1241116672,68.0,52.051,69.25,
59869231504148,155.21124023,464.9,18431238144,55236837376,105,1851.0,11.8,28497035264,72504221696,100,15466344448,1241116672,68.0,52.068,69.25,
59869285503730,155.265239812,203.5,18431238144,55236837376,105,1865.0,11.5,28497035264,72504221696,100,15466344448,1241116672,68.0,52.042,69.25,
59869339452377,155.319188459,222.6,18431238144,55236837376,105,1864.0,8.8,28497264640,72503992320,100,15466344448,1241116672,69.0,52.07,69.25,
59869393377320,155.373113402,204.1,18431238144,55236837376,105,1857.0,11.0,28497264640,72503992320,100,15466344448,1241116672,69.0,52.047,69.25,
59869446443961,155.426180043,188.5,18431242240,55236837376,105,1889.0,8.3,28497264640,72503992320,100,15466344448,1241116672,69.0,52.071,69.25,
59869499495052,155.479231134,207.2,18431242240,55236837376,105,1881.0,10.5,28497264640,72503992320,100,15466344448,1241116672,68.0,52.053,69.25,
59869553454369,155.533190451,222.5,18431242240,55236837376,105,1916.0,8.2,28497723392,72503533568,100,15466344448,1241116672,69.0,52.07,69.25,
59869607470712,155.587206794,203.6,18431242240,55236837376,105,1863.0,10.3,28497952768,72503304192,100,15466344448,1241116672,68.0,52.06,69.25,
59869661718380,155.641454462,202.9,18431242240,55236837376,105,1910.0,8.3,28497428480,72503828480,100,15466344448,1241116672,69.0,52.067,69.25,
59869714514092,155.694250174,208.4,18431242240,55236837376,105,1909.0,10.1,28497231872,72504025088,100,15466344448,1241116672,69.0,52.073,69.25,
59869767423528,155.74715961,207.8,18431246336,55236837376,105,1917.0,11.2,28497203200,72504053760,100,15466344448,1241116672,69.0,52.066,69.25,
59869821459188,155.80119527,185.1,18431246336,55236837376,105,1875.0,12.1,28496609280,72504647680,100,15466344448,1241116672,69.0,52.066,69.25,
59869875466384,155.855202466,222.3,18431246336,55236837376,105,1851.0,8.9,28492705792,72508551168,100,15460052992,1241116672,69.0,52.049,69.25,
59869928503289,155.908239371,207.4,18431246336,55236837376,105,1873.0,8.9,28492656640,72508600320,100,15460052992,1241116672,69.0,52.067,69.25,
59869981465703,155.961201785,207.2,18431250432,55236837376,105,1864.0,10.7,28492656640,72508600320,100,15460052992,1241116672,69.0,52.051,69.25,
59870034506495,156.014242577,207.9,18431250432,55236837376,105,1869.0,8.9,28492656640,72508600320,100,15460052992,1241116672,69.0,52.076,69.25,
59870087411943,156.067148025,208.0,18431250432,55236837376,105,1915.0,10.1,28492656640,72508600320,100,15460052992,1241116672,68.0,52.057,69.25,
59870140416628,156.12015271,188.6,18431250432,55236837376,105,1892.0,8.9,28492886016,72508370944,100,15460052992,1241116672,68.0,52.075,69.25,
59870193499779,156.173235861,207.3,18431250432,55236837376,105,1893.0,9.5,28492886016,72508370944,100,15460052992,1241116672,68.0,52.062,69.25,
59870246419884,156.226155966,207.9,18431250432,55236837376,105,1924.0,8.3,28492886016,72508370944,100,15460052992,1241116672,69.0,52.075,69.25,
59870299384463,156.279120545,226.4,18431254528,55236837376,105,1924.0,10.1,28492886016,72508370944,100,15460052992,1241116672,68.0,52.072,69.25,
59870352423983,156.332160065,188.6,18431254528,55236837376,105,1892.0,8.9,28493115392,72508141568,100,15460052992,1241116672,69.0,52.067,69.25,
59870405490082,156.385226164,207.1,18431254528,55236837376,105,1893.0,10.5,28493344768,72507912192,100,15460052992,1241116672,69.0,52.074,69.25,
59870459606253,156.439342335,203.4,18431258624,55236837376,105,1883.0,10.4,28493598720,72507658240,100,15460052992,1241116672,69.0,52.062,69.25,
59870513495708,156.49323179,222.5,18431262720,55236837376,105,1877.0,8.7,28493598720,72507658240,100,15460052992,1241116672,69.0,52.071,69.25,
59870567545034,156.547281116,203.6,18431262720,55236837376,105,1888.0,10.5,28493598720,72507658240,100,15460052992,1241116672,69.0,52.054,69.25,
59870621515301,156.601251383,203.9,18431262720,55236837376,105,1858.0,8.2,28493598720,72507658240,100,15460052992,1241116672,68.0,52.071,69.25,
59870675558985,156.655295067,203.5,18431262720,55236837376,105,1867.0,10.5,28493828096,72507428864,100,15460052992,1241116672,68.0,52.046,69.25,
59870729588784,156.709324866,203.6,18431262720,55236837376,105,1853.0,9.3,28493828096,72507428864,100,15460052992,1241116672,69.0,52.072,69.25,
59870783554221,156.763290303,222.2,18431262720,55236837376,105,1832.0,12.6,28494057472,72507199488,100,15460052992,1241116672,68.0,52.055,69.25,
59870838711597,156.818447679,199.6,18431262720,55236837376,105,1885.0,11.0,28495605760,72505651200,100,15460052992,1241116672,68.0,52.071,69.25,
59870892672086,156.872408168,203.6,18431266816,55236837376,105,1856.0,11.4,28495347712,72505909248,100,15464247296,1241116672,68.0,52.055,69.25,
59870947613847,156.927349929,200.4,18431266816,55236837376,105,1886.0,9.8,28495319040,72505937920,100,15464247296,1241116672,69.0,52.071,69.25,
59871002705910,156.982441992,217.8,18431266816,55236837376,105,1877.0,12.0,28495319040,72505937920,100,15464247296,1241116672,68.0,52.065,69.25,
59871056573474,157.036309556,204.2,18431270912,55236837376,105,1854.0,11.1,28497096704,72504160256,100,15464247296,1241116672,69.0,52.077,69.25,
59871110628500,157.090364582,203.3,18431270912,55236837376,105,1908.0,30.1,28499652608,72501604352,100,15464247296,1241116672,68.0,52.087,69.25,
59871164602874,157.144338956,203.9,18431270912,55236837376,105,1904.0,22.7,28499652608,72501604352,100,15464247296,1241116672,69.0,52.072,69.25,
59871220491784,157.200227866,214.9,18431270912,55236837376,105,1956.0,10.7,28494131200,72507125760,100,15464247296,1241116672,68.0,52.068,69.25,
59871274475085,157.254211167,222.3,18431270912,55236837376,105,1938.0,11.1,28494389248,72506867712,100,15464247296,1241116672,69.0,52.052,69.125,
59871327433913,157.307169995,188.8,18431270912,55236837376,105,1983.0,8.9,28494389248,72506867712,100,15464247296,1241116672,68.0,52.071,69.25,
59871380430261,157.360166343,207.5,18431270912,55236837376,105,2003.0,11.2,28494389248,72506867712,100,15464247296,1241116672,68.0,52.049,69.125,
59871434494484,157.414230566,203.5,18431270912,55236837376,105,1966.0,9.9,28494618624,72506638336,100,15464247296,1241116672,68.0,52.073,69.25,
59871487497775,157.467233857,226.4,18431275008,55236837376,105,1960.0,10.1,28494618624,72506638336,100,15464247296,1241116672,69.0,52.055,69.25,
59871540602246,157.520338328,188.3,18431275008,55236837376,105,1911.0,8.8,28494094336,72507162624,100,15464247296,1241116672,69.0,52.075,69.25,
59871594468166,157.574204248,204.2,18431279104,55236837376,105,2007.0,10.5,28494094336,72507162624,100,15464247296,1241116672,68.0,52.064,69.25,
59871647479753,157.627215835,207.5,18431279104,55236837376,105,1918.0,8.4,28494094336,72507162624,100,15464247296,1241116672,69.0,52.071,69.25,
59871711871216,157.691607298,232.8,18431279104,55236837376,105,1943.0,11.6,28494094336,72507162624,100,15464247296,1241116672,68.0,52.06,69.25,
59871765587115,157.745323197,186.1,18431279104,55236837376,105,1869.0,12.1,28493062144,72508194816,100,15464247296,1241116672,69.0,52.075,69.25,
59871822691897,157.802427979,210.1,18431279104,55236837376,105,1879.0,14.4,28493053952,72508203008,100,15464247296,1241116672,68.0,52.07,69.25,
59871876599976,157.856336058,222.6,18431279104,55236837376,105,1867.0,12.7,28493316096,72507940864,100,15464247296,1241116672,69.0,52.064,69.25,
59871930578258,157.91031434,203.8,18431279104,55236837376,105,1874.0,9.8,28492935168,72508321792,100,15464247296,1241116672,68.0,52.069,69.25,
59871984673780,157.964409862,203.4,18431279104,55236837376,105,1860.0,11.8,28492935168,72508321792,100,15464247296,1241116672,69.0,52.059,69.25,
59872038695442,158.018431524,203.6,18431283200,55236837376,105,1854.0,10.5,28492935168,72508321792,100,15464247296,1241116672,68.0,52.064,69.25,
59872092793449,158.072529531,203.4,18431283200,55236837376,105,1905.0,12.1,28492935168,72508321792,100,15464247296,1241116672,69.0,52.051,69.125,
59872146668526,158.126404608,204.3,18431287296,55236837376,105,1871.0,9.9,28492935168,72508321792,100,15464247296,1241116672,68.0,52.069,69.25,
59872200690570,158.180426652,221.9,18431287296,55236837376,105,1853.0,12.7,28493164544,72508092416,100,15464247296,1241116672,69.0,52.047,69.125,
59872254516656,158.234252738,204.5,18431287296,55236837376,105,1843.0,10.0,28493393920,72507863040,100,15464247296,1241116672,68.0,52.069,69.125,
59872308679995,158.288416077,203.2,18431287296,55236837376,105,1850.0,11.0,28493877248,72507379712,100,15464247296,1241116672,68.0,52.05,69.125,
59872362566654,158.342302736,222.3,18431287296,55236837376,105,1875.0,10.3,28493877248,72507379712,100,15464247296,1241116672,68.0,52.069,69.25,
59872418975519,158.398711601,195.2,18431287296,55236837376,105,1868.0,12.4,28493877248,72507379712,100,15464247296,1241116672,68.0,52.057,69.25,
59872472627588,158.45236367,205.2,18431287296,55236837376,105,1886.0,9.4,28494131200,72507125760,100,15464247296,1241116672,69.0,52.07,69.25,
59872528689692,158.508425774,196.1,18431291392,55236837376,105,1892.0,12.3,28494131200,72507125760,100,15464247296,1241116672,68.0,52.065,69.25,
59872582651713,158.562387795,222.4,18431291392,55236837376,105,1875.0,11.0,28494131200,72507125760,100,15464247296,1241116672,69.0,52.064,69.25,
59872636565102,158.616301184,204.1,18431295488,55236837376,105,1854.0,10.5,28494131200,72507125760,100,15464247296,1241116672,69.0,52.071,69.25,
59872690669470,158.670405552,203.3,18431299584,55236837376,105,1923.0,11.7,28494131200,72507125760,100,15464247296,1241116672,69.0,52.058,69.25,
59872743564517,158.723300599,207.9,18431303680,55236837376,105,1867.0,10.2,28494131200,72507125760,100,15464247296,1241116672,68.0,52.065,69.25,
59872796599988,158.77633607,207.4,18431303680,55236837376,105,1946.0,13.0,28494131200,72507125760,100,15464247296,1241116672,68.0,52.05,69.25,
59872849624939,158.829361021,188.6,18431303680,55236837376,105,1905.0,10.1,28494131200,72507125760,100,15464247296,1241116672,68.0,52.066,69.25,
59872902626175,158.882362257,226.5,18431307776,55236837376,105,1817.0,10.2,28494614528,72506642432,100,15464247296,1241116672,68.0,52.043,69.125,
59872959071128,158.93880721,194.7,18431307776,55236837376,105,1905.0,9.9,28494614528,72506642432,100,15464247296,1241116672,68.0,52.068,69.25,
59873012628910,158.992364992,205.4,18431307776,55236837376,105,1810.0,10.6,28494614528,72506642432,100,15464247296,1241116672,68.0,52.056,69.125,
59873065629495,159.045365577,226.5,18431307776,55236837376,105,1912.0,10.7,28493778944,72507478016,100,15464247296,1241116672,68.0,52.076,69.25,
59873118656370,159.098392452,188.5,18431307776,55236837376,105,1852.0,10.6,28493520896,72507736064,100,15464247296,1241116672,68.0,52.063,69.125,
59873171552268,159.15128835,208.1,18431307776,55236837376,105,1889.0,9.5,28493750272,72507506688,100,15464247296,1241116672,69.0,52.069,69.125,
59873224618617,159.204354699,207.0,18431311872,55236837376,105,1835.0,10.6,28493488128,72507768832,100,15464247296,1241116672,69.0,52.074,69.25,
59873277601970,159.257338052,188.8,18431315968,55236837376,105,1897.0,10.1,28493176832,72508080128,100,15464247296,1241116672,69.0,52.064,69.25,
59873330663239,159.310399321,207.2,18431315968,55236837376,105,1882.0,9.5,28493176832,72508080128,100,15464247296,1241116672,69.0,52.072,69.25,
59873383613490,159.363349572,208.1,18431315968,55236837376,105,1853.0,11.4,28493144064,72508112896,100,15464247296,1241116672,69.0,52.053,69.25,
59873436822487,159.416558569,224.9,18431315968,55236837376,105,1883.0,8.1,28492881920,72508375040,100,15464247296,1241116672,68.0,52.066,69.25,
59873490602626,159.470338708,204.8,18431315968,55236837376,105,1839.0,10.6,28492881920,72508375040,100,15464247296,1241116672,69.0,52.049,69.25,
59873543615885,159.523351967,188.6,18431315968,55236837376,105,1848.0,8.9,28492881920,72508375040,100,15464247296,1241116672,68.0,52.07,69.25,
59873596590761,159.576326843,207.8,18431315968,55236837376,105,1869.0,10.7,28492881920,72508375040,100,15464247296,1241116672,68.0,52.048,69.25,
59873649675925,159.629412007,206.9,18431315968,55236837376,105,1872.0,8.9,28492881920,72508375040,100,15464247296,1241116672,69.0,52.071,69.25,
59873702633078,159.68236916,208.0,18431315968,55236837376,105,1918.0,10.1,28492881920,72508375040,100,15464247296,1241116672,68.0,52.055,69.25,
59873755687344,159.735423426,207.4,18431320064,55236837376,105,1891.0,11.2,28492619776,72508637184,100,15464247296,1241116672,69.0,52.075,69.25,
59873808584675,159.788320757,207.8,18431320064,55236837376,105,1906.0,13.5,28492619776,72508637184,100,15464247296,1241116672,68.0,52.066,69.25,
59873863650328,159.84338641,199.9,18431324160,55236837376,105,1895.0,11.5,28490342400,72510914560,100,15460052992,1241116672,69.0,52.066,69.25,
59873916741072,159.896477154,207.0,18431324160,55236837376,105,1904.0,10.0,28490170368,72511086592,100,15460052992,1241116672,68.0,52.07,69.125,
59873969699047,159.949435129,207.8,18431324160,55236837376,105,1943.0,9.6,28490006528,72511250432,100,15460052992,1241116672,69.0,52.056,69.125,
59874022746139,160.002482221,207.3,18431324160,55236837376,105,1902.0,9.4,28490006528,72511250432,100,15460052992,1241116672,69.0,52.07,69.25,
59874075740072,160.055476154,188.8,18431324160,55236837376,105,1914.0,9.6,28490493952,72510763008,100,15460052992,1241116672,69.0,52.055,69.125,
59874128633606,160.108369688,207.9,18431324160,55236837376,105,1884.0,8.8,28490493952,72510763008,100,15460052992,1241116672,68.0,52.073,69.25,
59874181557917,160.161293999,226.9,18431324160,55236837376,105,1910.0,9.6,28487843840,72513413120,100,15460052992,1241116672,68.0,52.05,69.125,
59874234722631,160.214458713,188.1,18431324160,55236837376,105,1952.0,8.9,28488073216,72513183744,100,15460052992,1241116672,68.0,52.072,69.25,
59874287757460,160.267493542,207.5,18431328256,55236837376,105,1925.0,10.5,28488302592,72512954368,100,15460052992,1241116672,69.0,52.052,69.125,
59874340689386,160.320425468,207.3,18431328256,55236837376,105,1899.0,9.9,28488302592,72512954368,100,15460052992,1241116672,68.0,52.071,69.125,
59874394702342,160.374438424,204.0,18431332352,55236837376,105,1903.0,10.6,28486754304,72514502656,100,15460052992,1241116672,68.0,52.059,69.125,
59874447651550,160.427387632,207.9,18431332352,55236837376,105,1967.0,8.3,28486983680,72514273280,100,15460052992,1241116672,69.0,52.072,69.125,
59874502715569,160.482451651,217.9,18431332352,55236837376,105,1885.0,10.3,28487237632,72514019328,100,15460052992,1241116672,68.0,52.065,69.125,
59874555610506,160.535346588,189.1,18431332352,55236837376,105,1983.0,9.5,28486987776,72514269184,100,15460052992,1241116672,69.0,52.068,69.125,
59874608710256,160.588446338,207.1,18431332352,55236837376,105,1920.0,9.5,28486987776,72514269184,100,15460052992,1241116672,68.0,52.072,69.125,
59874661590014,160.641326096,208.2,18431332352,55236837376,105,1885.0,9.0,28486987776,72514269184,100,15460052992,1241116672,69.0,52.058,69.125,
59874714604996,160.694341078,207.5,18431332352,55236837376,105,1883.0,8.9,28482449408,72518807552,100,15460052992,1241116672,69.0,52.068,69.25,
59874767552661,160.747288743,189.0,18431332352,55236837376,105,1933.0,13.1,28482707456,72518549504,100,15460052992,1241116672,68.0,52.053,69.25,
59874819604895,160.799340977,230.5,18431336448,55236837376,105,1910.0,11.5,28482936832,72518320128,100,15460052992,1241116672,68.0,52.069,69.25,
59874871571939,160.851308021,192.1,18431336448,55236837376,105,1993.0,12.6,28482936832,72518320128,100,15464247296,1241116672,68.0,52.05,69.25,
59874924702668,160.90443875,207.0,18431336448,55236837376,105,1948.0,9.4,28482936832,72518320128,100,15464247296,1241116672,69.0,52.069,69.25,
59874978690486,160.958426568,203.8,18431340544,55236837376,105,1949.0,10.9,28483166208,72518090752,100,15464247296,1241116672,68.0,52.052,69.25,
59875032741773,161.012477855,203.6,18431340544,55236837376,105,1880.0,9.3,28483166208,72518090752,100,15464247296,1241116672,69.0,52.07,69.25,
59875086734531,161.066470613,222.2,18431340544,55236837376,105,1996.0,12.4,28487008256,72514248704,100,15464247296,1241116672,68.0,52.062,69.25,
59875140725565,161.120461647,203.9,18431340544,55236837376,105,1961.0,11.0,28487524352,72513732608,100,15464247296,1241116672,69.0,52.067,69.25,
59875194623795,161.174359877,204.1,18431340544,55236837376,105,1994.0,9.4,28487524352,72513732608,100,15464247296,1241116672,68.0,52.071,69.25,
59875247626314,161.227362396,188.7,18431340544,55236837376,105,1976.0,10.1,28487778304,72513478656,100,15464247296,1241116672,69.0,52.06,69.25,
59875300691840,161.280427922,207.1,18431340544,55236837376,105,1905.0,10.5,28487778304,72513478656,100,15464247296,1241116672,69.0,52.068,69.25,
59875354747065,161.334483147,222.2,18431344640,55236837376,105,1917.0,11.0,28487778304,72513478656,100,15464247296,1241116672,69.0,52.051,69.125,
59875407838751,161.387574833,207.0,18431344640,55236837376,105,1912.0,11.2,28487262208,72513994752,100,15464247296,1241116672,68.0,52.063,69.125,
59875461836067,161.441572149,203.9,18431344640,55236837376,105,1930.0,11.1,28487262208,72513994752,100,15464247296,1241116672,68.0,52.044,69.125,
59875514822284,161.494558366,207.6,18431344640,55236837376,105,1905.0,9.5,28487397376,72513859584,100,15464247296,1241116672,69.0,52.067,69.125,
59875570939730,161.550675812,213.8,18431348736,55236837376,105,1924.0,11.2,28487626752,72513630208,100,15464247296,1241116672,68.0,52.044,69.125,
59875624639948,161.60437603,204.8,18431348736,55236837376,105,1949.0,9.1,28487368704,72513888256,100,15464247296,1241116672,68.0,52.067,69.125,
59875679806830,161.659542912,199.5,18431348736,55236837376,105,1958.0,10.9,28487368704,72513888256,100,15464247296,1241116672,68.0,52.05,69.125,
59875733812952,161.713549034,203.4,18431348736,55236837376,105,1942.0,9.8,28487368704,72513888256,100,15464247296,1241116672,68.0,52.069,69.125,
59875788702894,161.768438976,200.5,18431348736,55236837376,105,1991.0,14.5,28487368704,72513888256,100,15464247296,1241116672,68.0,52.059,69.125,
59875842894765,161.822630847,221.3,18431348736,55236837376,105,1902.0,10.4,28487598080,72513658880,100,15464247296,1241116672,69.0,52.066,69.125,
59875896738943,161.876475025,204.3,18431352832,55236837376,105,1889.0,11.1,28487454720,72513802240,100,15464247296,1241116672,68.0,52.059,69.125,
59875950844041,161.930580123,221.9,18431352832,55236837376,105,1866.0,10.6,28487454720,72513802240,100,15464247296,1241116672,69.0,52.063,69.125,
59876004814867,161.984550949,185.3,18431352832,55236837376,105,1920.0,11.6,28487454720,72513802240,100,15464247296,1241116672,69.0,52.069,69.125,
59876058846487,162.038582569,203.6,18431356928,55236837376,105,1859.0,11.7,28488167424,72513089536,100,15464247296,1241116672,69.0,52.062,69.125,
59876112852659,162.092588741,222.2,18431361024,55236837376,105,1813.0,10.5,28488167424,72513089536,100,15464247296,1241116672,68.0,52.07,69.125,
59876166940305,162.146676387,203.3,18431361024,55236837376,105,1830.0,12.8,28488396800,72512860160,100,15464247296,1241116672,68.0,52.051,69.125,
59876220830830,162.200566912,204.3,18431361024,55236837376,105,1869.0,8.7,28488396800,72512860160,100,15464247296,1241116672,68.0,52.065,69.125,
59876277030982,162.256767064,213.4,18431361024,55236837376,105,1832.0,12.4,28488396800,72512860160,100,15464247296,1241116672,69.0,52.05,69.125,
59876330874459,162.310610541,222.8,18431361024,55236837376,105,1841.0,9.9,28488396800,72512860160,100,15464247296,1241116672,68.0,52.07,69.125,
59876384671007,162.364407089,204.5,18431361024,55236837376,105,1816.0,12.9,28488396800,72512860160,100,15464247296,1241116672,68.0,52.049,69.125,
59876438817212,162.418553294,203.1,18431365120,55236837376,105,1851.0,9.8,28488884224,72512372736,100,15464247296,1241116672,68.0,52.068,69.125,
59876492809759,162.472545841,203.8,18431365120,55236837376,105,1865.0,12.3,28488622080,72512634880,100,15464247296,1241116672,68.0,52.053,69.125,
59876546811463,162.526547545,222.3,18431365120,55236837376,105,1897.0,9.8,28488880128,72512376832,100,15464247296,1241116672,68.0,52.068,69.125,
59876605518150,162.585254232,204.6,18383663104,55189053440,105,1917.0,11.1,28420231168,72581025792,97,15464247296,1241260032,65.0,51.054,69.125,
59876661087968,162.64082405,180.0,18025283584,54830673920,105,2494.0,10.7,28087791616,72913465344,95,15464247296,1241915392,66.0,51.013,69.25,
59876713751198,162.69348728,702.2,18008666112,54837403648,105,2822.0,25.7,28082647040,72918609920,92,15485280256,1242456064,63.0,51.007,70.375,
59876765701681,162.745437763,231.0,18009612288,54997774336,105,3154.0,13.3,28255969280,72745287680,88,15655747584,1242128384,63.0,51.01,72.0,
59876820750360,162.800486442,181.6,18019880960,55151104000,105,2715.0,11.4,28406382592,72594874368,86,15791288320,1241866240,63.0,51.072,73.125,
59876872690603,162.852426685,212.0,18024386560,55294332928,105,2426.0,9.7,28549681152,72451575808,83,16064229376,1241333760,67.0,51.078,74.75,
59876935531753,162.915267835,222.5,18025119744,56016449536,105,2497.0,9.9,29248274432,71752982528,84,16651780096,1240186880,69.0,52.095,76.25,
59877002311289,162.982047371,224.8,18025119744,56570097664,105,1974.0,10.2,29671903232,71329353728,85,17205428224,1239646208,71.0,53.089,76.125,
59877055835786,163.035571868,186.8,18025119744,56846921728,105,1918.0,10.5,30052311040,70948945920,85,17482252288,1239105536,68.0,53.082,76.0,
59877109932468,163.08966855,221.7,18025119744,57432027136,105,1870.0,10.9,30710431744,70290825216,86,18520342528,1237422080,71.0,54.025,75.875,
59877164886139,163.144622221,200.3,18025119744,58354774016,105,1863.0,9.9,31352160256,69649096704,87,18990104576,1236537344,70.0,54.044,75.625,
59877218777045,163.198513127,222.7,18025119744,58354774016,105,1851.0,9.9,31637372928,69363884032,88,18990104576,1235619840,69.0,54.049,75.5,
59877272679372,163.252415454,185.6,18025119744,58354774016,105,1832.0,10.5,31632773120,69368483840,88,18990104576,1235619840,68.0,54.006,75.375,
59877326817171,163.306553253,221.5,18025123840,58818244608,105,1878.0,9.7,32095965184,68905291776,89,19453575168,1234714624,67.0,53.051,75.125,
59877381939438,163.36167552,181.2,18025123840,59285909504,105,1853.0,10.9,32563343360,68437913600,89,19921240064,1233801216,68.0,53.032,74.875,
59877436815644,163.416551726,218.9,18025123840,60263182336,105,1879.0,10.4,33364168704,67637088256,90,20898512896,1233805312,68.0,53.026,74.75,
59877490845019,163.470581101,185.0,18025123840,60588240896,105,1850.0,10.4,33880010752,67121246208,91,21548630016,1233809408,68.0,53.038,74.625,
59877544922515,163.524658597,222.0,18025123840,61238358016,105,1865.0,11.0,34529841152,66471415808,91,21873688576,1233809408,68.0,53.026,74.5,
59877598834760,163.578570842,204.1,18025123840,61842337792,105,1861.0,10.5,35016093696,65985163264,92,22477668352,1233809408,70.0,53.048,74.25,
59877652834349,163.632570431,222.0,18025123840,62412763136,105,1864.0,10.3,35712290816,65288966144,92,23048093696,1233268736,68.0,53.051,74.125,
59877706880966,163.686617048,185.0,18025123840,62970605568,105,1882.0,10.0,36274753536,64726503424,92,23605936128,1233272832,68.0,53.041,74.0,
59877760866149,163.740602231,222.4,18025127936,63534739456,105,1808.0,12.2,36715155456,64286101504,93,24170070016,1233272832,68.0,53.014,73.875,
59877814881217,163.794617299,203.5,18025127936,64105164800,105,1866.0,12.8,37407444992,63593811968,93,24740495360,1233272832,68.0,52.096,73.75,
59877868889322,163.848625404,185.2,18025127936,64696561664,105,1863.0,12.1,38050549760,62950707200,94,25931677696,1233276928,69.0,53.001,73.625,
59877922949705,163.902685787,166.4,18025127936,65629794304,105,1907.0,8.7,38835265536,62165991424,94,26260930560,1233281024,68.0,52.091,73.5,
59877976881317,163.956617399,204.2,18025127936,66279911424,105,1934.0,11.6,39161589760,61839667200,94,26911047680,1233281024,69.0,53.016,73.375,
59878030911524,164.010647606,203.4,18025127936,66604969984,105,1942.0,12.8,39799709696,61201547264,95,27236106240,1233285120,68.0,53.017,73.25,
59878086009585,164.065745667,199.7,18025127936,67255087104,105,1936.0,14.2,40316014592,60685242368,94,27886223360,1233285120,68.0,53.014,73.125,
59878139826412,164.119562494,204.5,18025127936,67905204224,105,1918.0,12.2,40826822656,60174434304,94,28536340480,1233289216,68.0,53.02,73.0,
59878193909187,164.173645269,203.2,18025127936,68230262784,105,1919.0,13.1,41431056384,59570200576,94,28861399040,1233289216,68.0,53.002,72.875,
59878249066530,164.228802612,199.5,18025127936,68882477056,105,1950.0,14.4,42010746880,58990510080,94,29513613312,1233289216,68.0,53.005,72.75,
59878302947056,164.282683138,222.8,18025132032,69543079936,105,1949.0,11.2,42509844480,58491412480,94,30174216192,1233285120,68.0,53.007,72.625,
59878356788758,164.33652484,204.4,18025132032,70174322688,105,1956.0,13.5,43101532160,57899724800,94,30805458944,1233285120,68.0,52.09,72.5,
59878410740738,164.39047682,203.9,18025132032,70488895488,105,1923.0,14.5,43698806784,57302450176,94,31120031744,1233289216,68.0,52.094,72.375,
59878464824034,164.444560116,202.8,18025136128,71122235392,105,1964.0,13.8,44027092992,56974163968,94,31753371648,1233281024,68.0,52.091,72.25,
59878518976751,164.498712833,203.6,18025136128,71436808192,105,1911.0,12.9,44652875776,56348381184,94,32067944448,1233281024,68.0,52.083,72.125,
59878573135779,164.552871861,203.1,18025140224,72061759488,105,1890.0,15.5,45111943168,55889313792,94,32692895744,1233281024,68.0,52.089,72.0,
59878627925531,164.607661613,218.9,18025140224,72378429440,105,1920.0,14.5,45606084608,55395172352,95,33324138496,1233276928,68.0,52.081,72.0,
59878683993253,164.663729335,213.9,18025144320,73009672192,105,1883.0,14.9,45921067008,55080189952,95,33640808448,1233276928,68.0,52.091,71.875,
59878737985719,164.717721801,203.9,18025144320,73324244992,105,1881.0,16.0,46277611520,54723645440,95,33955381248,1233276928,68.0,52.092,71.75,
59878792844681,164.772580763,200.5,18025148416,73640914944,105,1903.0,16.8,46697238528,54304018432,96,34272051200,1233272832,68.0,52.089,71.625,
59878846903231,164.826639313,203.5,18025152512,73957584896,105,1847.0,16.9,47141588992,53859667968,96,34588721152,1229062144,68.0,52.086,71.5,
59878902055263,164.881791345,217.5,18025152512,74561564672,105,1883.0,18.8,47662157824,53339099136,96,35196895232,1233272832,68.0,52.083,71.5,
59878956070932,164.935807014,203.5,18025156608,77279473664,105,1867.0,15.1,48208789504,52792467456,96,37914804224,1233272832,68.0,52.074,71.375,
59879011247521,164.990983603,217.8,18025156608,77279473664,105,1993.0,12.4,48955863040,52045393920,93,37914804224,1233272832,64.0,51.067,71.25,
59879075054234,165.054790316,219.5,18025156608,77279473664,105,3088.0,13.7,50536357888,50464899072,89,37914804224,1234145280,63.0,51.049,72.625,
59879130058128,165.10979421,417.9,18035765248,77306855424,105,3475.0,42.1,50589028352,50412228608,88,37914804224,1234145280,63.0,52.06,74.0,
59879192056085,165.171792167,2678.2,18019782656,77273300992,105,3535.0,90.1,50588618752,50412638208,84,37914804224,1234145280,63.0,52.085,75.5,
59879245906664,165.225642746,427.3,18019856384,77273300992,105,2564.0,15.2,50594459648,50406797312,80,37914804224,1234145280,62.0,52.008,76.75,
59879298914110,165.278650192,207.4,18019864576,77273300992,105,2689.0,10.1,50595590144,50405666816,76,37914804224,1234145280,62.0,51.046,78.0,
59879354988394,165.334724476,214.0,18019864576,77273300992,105,2903.0,10.0,50596073472,50405183488,73,37914804224,1234145280,61.0,50.085,79.0,
59879407884611,165.387620693,208.0,18019864576,77273300992,105,2750.0,11.3,50598739968,50402516992,69,37914804224,1234145280,61.0,50.064,79.875,
59879460918537,165.440654619,865.6,18019868672,77273300992,105,3255.0,33.7,50598547456,50402709504,66,37914804224,1234145280,61.0,51.018,80.75,
59879517341936,165.497078018,1666.9,18019872768,77273300992,105,3134.0,61.1,50599030784,50402226176,63,37914804224,1234145280,61.0,52.023,80.75,
59879572134483,165.551870565,1680.1,18019872768,77273300992,105,3276.0,60.2,50599743488,50401513472,60,37914804224,1234145280,61.0,53.021,80.875,
59879628254944,165.607991026,1674.0,18019872768,77273300992,105,2677.0,64.9,50613760000,50387496960,58,37914804224,1234145280,61.0,53.071,80.75,
59879683103366,165.662839448,1604.3,18019872768,77273300992,105,2581.0,60.1,50607763456,50393493504,55,37914804224,1234145280,61.0,53.046,80.5,
59879737111421,165.716847503,1592.7,18019872768,77273300992,105,2639.0,62.8,50608766976,50392489984,54,37914804224,1234145280,61.0,53.025,80.125,
59879794871419,165.774607501,1645.0,18019872768,77273300992,105,2677.0,65.2,50618716160,50382540800,52,37914804224,1234145280,61.0,53.01,79.875,
59879852893761,165.832629843,1671.3,18019876864,77273300992,105,2727.0,64.8,50625347584,50375909376,50,37914804224,1234145280,61.0,52.098,79.5,
59879910758787,165.890494869,1676.7,18019876864,77273300992,105,2757.0,64.8,50613714944,50387542016,48,37914804224,1234145280,61.0,52.088,79.125,
59879965086642,165.944822724,1655.9,18019876864,77273300992,105,2764.0,64.8,50616438784,50384818176,46,37914804224,1234145280,61.0,52.082,78.875,
59880023768301,166.003504383,1719.9,18019876864,77273300992,105,3038.0,65.2,50617143296,50384113664,45,37914804224,1234145280,61.0,52.08,78.625,
59880078142052,166.057878134,1675.7,18019876864,77273300992,105,2785.0,65.7,50619703296,50381553664,43,37914804224,1234145280,61.0,52.085,78.375,
59880137634965,166.117371047,1680.7,18019876864,77273300992,105,2806.0,65.8,50617131008,50384125952,42,37914804224,1234145280,61.0,52.081,78.125,
59880192079850,166.171815932,1120.1,18019885056,77273300992,105,3455.0,44.4,50624122880,50377134080,41,37914804224,1234145280,61.0,52.046,78.0,
59880246018634,166.225754716,1705.0,18019885056,77273300992,105,3445.0,64.5,50625052672,50376204288,39,37914804224,1234145280,61.0,52.059,77.875,
59880299874422,166.279610504,1708.6,18019885056,77273300992,105,3475.0,65.1,50629464064,50371792896,38,37914804224,1234145280,61.0,52.066,77.75,
59880354159106,166.333895188,996.1,18033790976,67837513728,105,3221.0,39.4,40174252032,60827004928,37,27521318912,1234145280,61.0,52.021,77.625,
59880406946318,166.3866824,758.5,18033807360,55091023872,105,3419.0,29.4,28308090880,72693166080,38,15752101888,1233272832,62.0,52.005,78.5,
59880459782071,166.439518153,189.4,18033815552,55531425792,105,2677.0,10.3,28730007552,72271249408,41,16158949376,1233260544,63.0,52.043,79.25,
59880515276346,166.495012428,755.8,18033815552,55531425792,105,2644.0,27.5,28730236928,72271020032,44,16158949376,1233260544,67.0,52.091,79.5,
59880568083084,166.547819166,208.0,18033815552,55531425792,105,1931.0,8.8,28730720256,72270536704,47,16158949376,1233260544,66.0,52.083,79.125,
59880622100295,166.601836377,203.9,18033815552,55531425792,105,1860.0,13.9,28730720256,72270536704,50,16158949376,1233260544,67.0,52.06,78.875,
59880675922370,166.655658452,204.3,18033815552,55531425792,105,1873.0,10.0,28730974208,72270282752,53,16158949376,1233260544,68.0,52.08,78.5,
59880729973024,166.709709106,222.1,18033815552,55531425792,105,1845.0,12.8,28731457536,72269799424,55,16158949376,1233260544,68.0,52.064,78.25,
59880783900287,166.763636369,204.0,18033815552,55531425792,105,1866.0,11.6,28731457536,72269799424,57,16158949376,1233260544,69.0,52.079,78.0,
59880838067279,166.817803361,203.0,18033815552,55531425792,105,1828.0,14.5,28732002304,72269254656,60,16158949376,1233260544,68.0,52.075,77.75,
59880892092305,166.871828387,203.7,18033815552,55531425792,105,1814.0,11.1,28731138048,72270118912,62,16158949376,1233260544,69.0,52.062,77.5,
59880946013776,166.925749858,203.9,18033819648,55531425792,105,1842.0,9.4,28730892288,72270364672,64,16158949376,1233260544,68.0,52.064,77.25,
59881000027611,166.979763693,203.8,18033819648,55531425792,105,1806.0,11.6,28730892288,72270364672,66,16158949376,1233260544,69.0,52.052,77.125,
59881054017641,167.033753723,203.7,18033819648,55531425792,105,1831.0,9.9,28731121664,72270135296,67,16158949376,1233260544,69.0,52.076,76.875,
59881108014865,167.087750947,222.2,18033819648,55531425792,105,1897.0,12.2,28731351040,72269905920,69,16158949376,1233260544,68.0,52.057,76.625,
59881161947567,167.141683649,204.2,18033819648,55531425792,105,1914.0,9.3,28731580416,72269676544,71,16158949376,1233260544,69.0,52.078,76.5,
59881215938559,167.195674641,203.5,18033819648,55531425792,105,1865.0,10.5,28731580416,72269676544,72,16158949376,1233260544,68.0,52.067,76.25,
59881270039077,167.249775159,203.4,18033819648,55531425792,105,1825.0,9.9,28732313600,72268943360,74,16158949376,1233260544,69.0,52.078,76.125,
59881324076426,167.303812508,203.5,18033819648,55531425792,105,1816.0,9.8,28732542976,72268713984,75,16158949376,1233260544,69.0,52.078,75.875,
59881377991034,167.357727116,222.6,18033823744,55531425792,105,1823.0,11.2,28732772352,72268484608,76,16158949376,1233260544,69.0,52.068,75.75,
59881432040636,167.411776718,203.5,18033823744,55531425792,105,1783.0,11.5,28732772352,72268484608,78,16158949376,1233260544,68.0,52.068,75.5,
59881485978548,167.46571463,204.0,18033827840,55531425792,105,1876.0,11.0,28732772352,72268484608,79,16158949376,1233260544,68.0,52.056,75.375,
59881540113711,167.519849793,203.4,18033827840,55531425792,105,1867.0,8.2,28727418880,72273838080,80,16158949376,1233260544,69.0,52.074,75.125,
59881596048081,167.575784163,214.3,18033827840,55531425792,105,1832.0,11.2,28727418880,72273838080,81,16158949376,1233260544,69.0,52.049,75.0,
59881653041099,167.632777181,210.6,18033827840,55531425792,105,1807.0,11.0,28727648256,72273608704,82,16158949376,1233260544,68.0,52.074,74.875,
59881708011159,167.687747241,200.1,18033827840,55531425792,105,1810.0,10.3,28728107008,72273149952,83,16158949376,1233260544,68.0,52.056,74.75,
59881762059458,167.74179554,222.1,18033827840,55531425792,105,1856.0,10.5,28728336384,72272920576,84,16158949376,1233260544,69.0,52.078,74.5,
59881816065769,167.795801851,203.7,18033827840,55531425792,105,1817.0,16.0,28728336384,72272920576,85,16158949376,1233260544,68.0,52.072,74.375,
59881870067520,167.849803602,203.7,18033827840,55531425792,105,1842.0,12.4,28728565760,72272691200,86,16154755072,1233260544,68.0,52.065,74.25,
59881923986266,167.903722348,204.0,18033827840,55531425792,105,1837.0,11.0,28727734272,72273522688,86,16154755072,1233260544,68.0,52.064,74.125,
59881978073468,167.95780955,221.7,18033831936,55531425792,105,1837.0,10.9,28727734272,72273522688,87,16154755072,1233260544,68.0,52.05,74.0,
59882032056725,168.011792807,204.0,18033836032,55531425792,105,1786.0,9.3,28727963648,72273293312,88,16154755072,1233260544,68.0,52.069,73.875,
59882094189013,168.073925095,209.1,18033836032,55531425792,105,1841.0,12.1,28728217600,72273039360,88,16154755072,1233260544,68.0,52.047,73.75,
59882148144798,168.12788088,222.5,18033836032,55531425792,105,1831.0,8.7,28728217600,72273039360,89,16154755072,1233260544,68.0,52.068,73.5,
59882209461354,168.189197436,212.0,18033836032,55531425792,105,1798.0,11.7,28728958976,72272297984,90,16154755072,1233260544,68.0,52.053,73.375,
59882263074045,168.242810127,223.8,18033836032,55531425792,105,1821.0,9.9,28728958976,72272297984,90,16154755072,1233260544,68.0,52.069,73.375,
59882316983965,168.296720047,204.1,18033836032,55531425792,105,1820.0,10.5,28728958976,72272297984,91,16154755072,1233260544,68.0,52.056,73.25,
59882371128655,168.350864737,203.2,18033836032,55531425792,105,1866.0,10.5,28729188352,72272068608,91,16154755072,1233260544,70.0,52.071,73.125,
59882426211006,168.405947088,199.7,18033836032,55531425792,105,1785.0,11.9,28729417728,72271839232,92,16154755072,1233260544,69.0,52.07,73.0,
59882480071252,168.459807334,204.2,18033836032,55531425792,105,1836.0,10.5,28729417728,72271839232,92,16154755072,1233260544,69.0,52.063,72.875,
59882534031395,168.513767477,203.8,18033840128,55531425792,105,1819.0,9.9,28729417728,72271839232,93,16154755072,1233260544,68.0,52.061,72.75,
59882588087859,168.567823941,203.5,18033844224,55531425792,105,1841.0,10.5,28730130432,72271126528,93,16154755072,1233260544,69.0,52.05,72.625,
59882642071637,168.621807719,222.3,18033844224,55531425792,105,1796.0,9.9,28730130432,72271126528,93,16154755072,1233260544,68.0,52.069,72.625,
59882697208559,168.676944641,199.6,18033844224,55531425792,105,1820.0,11.3,28730359808,72270897152,94,16154755072,1233260544,68.0,52.049,72.5,
59882751093622,168.730829704,203.9,18033844224,55531425792,105,1823.0,11.1,28731117568,72270139392,94,16154755072,1233260544,68.0,52.071,72.375,
59882805173330,168.784909412,203.6,18033844224,55531425792,105,1816.0,24.3,28746792960,72254464000,94,16154755072,1233260544,68.0,52.064,72.25,
59882864072155,168.843808237,220.7,18033844224,55531425792,105,1794.0,27.3,28750921728,72250335232,95,16154755072,1233260544,68.0,52.07,72.25,
59882918253214,168.897989296,203.0,18033844224,55531425792,105,1781.0,21.5,28749262848,72251994112,95,16158949376,1233260544,69.0,52.068,72.125,
59882973080665,168.952816747,218.9,18033844224,55531425792,105,1797.0,12.6,28749307904,72251949056,95,16158949376,1233260544,69.0,52.049,72.0,
59883027170302,169.006906384,203.3,18033844224,55531425792,105,1791.0,9.9,28749537280,72251719680,95,16158949376,1233260544,68.0,52.058,71.875,
59883081137578,169.06087366,204.0,18033844224,55531425792,105,1813.0,14.0,28749537280,72251719680,96,16158949376,1233260544,68.0,52.049,71.875,
59883136197927,169.115934009,217.9,18033852416,55531425792,105,1790.0,11.4,28749766656,72251490304,96,16158949376,1233260544,68.0,52.071,71.75,
59883190069224,169.169805306,204.2,18033852416,55531425792,105,1810.0,13.5,28749373440,72251883520,96,16158949376,1233260544,68.0,52.054,71.75,
59883244068070,169.223804152,203.7,18033852416,55531425792,105,1875.0,9.9,28749627392,72251629568,96,16158949376,1233260544,69.0,52.073,71.625,
59883298230733,169.277966815,203.0,18033852416,55531425792,105,1835.0,13.9,28749627392,72251629568,97,16158949376,1233260544,68.0,52.069,71.5,
59883353476120,169.333212202,199.2,18033852416,55531425792,105,1850.0,10.9,28749881344,72251375616,97,16158949376,1233260544,68.0,52.067,71.5,
59883413039383,169.392775465,235.0,18033852416,55531425792,105,1798.0,12.2,28750340096,72250916864,97,16158949376,1233260544,68.0,52.067,71.375,
59883467222595,169.446958677,203.0,18033852416,55531425792,105,1810.0,12.2,28750569472,72250687488,97,16158949376,1233260544,69.0,52.058,71.375,
59883521277516,169.501013598,203.3,18033852416,55531425792,105,1824.0,11.0,28750823424,72250433536,97,16158949376,1233260544,68.0,52.066,71.25,
59883575205879,169.554941961,222.6,18033852416,55531425792,105,1802.0,12.9,28750823424,72250433536,97,16158949376,1233260544,68.0,52.044,71.25,
59883629174598,169.60891068,185.3,18033852416,55531425792,105,1807.0,10.0,28750823424,72250433536,98,16158949376,1233260544,68.0,52.07,71.125,
59883682970232,169.662706314,204.5,18033860608,55531425792,105,1814.0,11.8,28750823424,72250433536,98,16158949376,1233260544,68.0,52.053,71.125,
59883737206323,169.716942405,221.3,18033860608,55531425792,105,1860.0,10.3,28750823424,72250433536,98,16158949376,1233260544,68.0,52.068,71.0,
59883795794155,169.775530237,204.8,18033860608,55531425792,105,1802.0,15.1,28750823424,72250433536,98,16158949376,1233260544,68.0,52.06,71.0,
59883850177983,169.829914065,202.2,18033864704,55531425792,105,1836.0,13.3,28751081472,72250175488,98,16158949376,1233260544,69.0,52.063,71.0,
59883904126274,169.883862356,203.9,18033864704,55531425792,105,1775.0,12.9,28750450688,72250806272,98,16158949376,1233260544,69.0,52.064,70.875,
59883958143444,169.937879526,222.2,18033864704,55531425792,105,1784.0,11.6,28749713408,72251543552,98,16158949376,1233260544,69.0,52.057,70.875,
59884016311818,169.9960479,206.1,18033864704,55531425792,105,1793.0,11.3,28749602816,72251654144,98,16158949376,1233260544,68.0,52.061,70.75,
59884070152176,170.049888258,204.4,18033864704,55531425792,105,1807.0,12.4,28749602816,72251654144,98,16158949376,1233260544,68.0,52.043,70.75,
59884124067304,170.103803386,222.6,18033864704,55531425792,105,1787.0,11.6,28749602816,72251654144,98,16158949376,1233260544,68.0,52.066,70.75,
59884178042946,170.157779028,203.8,18033864704,55531425792,105,1808.0,12.8,28749832192,72251424768,99,16158949376,1233260544,68.0,52.044,70.625,
59884237407086,170.217143168,218.9,18033868800,55531425792,105,1820.0,10.5,28750061568,72251195392,99,16158949376,1233260544,69.0,52.065,70.625,
59884291227386,170.270963468,204.3,18033872896,55531425792,105,1807.0,12.8,28750061568,72251195392,99,16158949376,1233260544,68.0,52.055,70.625,
59884345208879,170.324944961,203.9,18033872896,55531425792,105,1820.0,11.2,28750061568,72251195392,99,16158949376,1233260544,69.0,52.064,70.5,
59884399055489,170.378791571,204.4,18033893376,55531425792,105,1781.0,13.3,28750290944,72250966016,99,16158949376,1233260544,69.0,52.053,70.5,
59884456508399,170.436244481,208.9,18033897472,55531425792,105,1824.0,11.7,28751003648,72250253312,99,16158949376,1233260544,70.0,52.064,70.5,
59884520054650,170.499790732,739.1,18033913856,55535620096,105,1805.0,31.4,28755197952,72246059008,99,16163143680,1233252352,68.0,52.068,70.375,
59884577296304,170.557032386,471.8,18033913856,55535620096,105,1802.0,16.7,28755197952,72246059008,99,16163143680,1233252352,69.0,52.058,70.375,
59884631221020,170.610957102,203.8,18033913856,55535620096,105,1831.0,10.5,28755197952,72246059008,99,16163143680,1233252352,68.0,52.054,70.375,
59884685385045,170.665121127,203.3,18033917952,55535620096,105,1827.0,13.8,28755197952,72246059008,99,16163143680,1233252352,69.0,52.048,70.25,
59884739248386,170.718984468,204.3,18033917952,55535620096,105,1848.0,10.0,28755427328,72245829632,99,16163143680,1233252352,69.0,52.068,70.25,
59884793014114,170.772750196,204.5,18033917952,55535620096,105,1776.0,15.2,28755165184,72246091776,99,16163143680,1233252352,68.0,52.048,70.25,
59884847103409,170.826839491,221.7,18033917952,55535620096,105,1870.0,13.9,28758769664,72242487296,99,16163143680,1233252352,68.0,52.063,70.25,
59884905309122,170.885045204,206.2,18033917952,55535620096,105,1805.0,12.4,28757716992,72243539968,99,16163143680,1233252352,68.0,52.048,70.125,
59884959233247,170.938969329,204.0,18033917952,55535620096,105,1874.0,9.8,28756590592,72244666368,99,16163143680,1233252352,69.0,52.065,70.125,
59885013171238,170.99290732,203.8,18033917952,55535620096,105,1782.0,11.4,28756590592,72244666368,99,16163143680,1233252352,68.0,52.056,70.125,
59885068193615,171.047929697,200.0,18033917952,55535620096,105,1806.0,11.0,28759564288,72241692672,99,16163143680,1233252352,69.0,52.065,70.125,
59885123255236,171.102991318,217.9,18033917952,55535620096,105,1814.0,13.1,28759851008,72241405952,99,16163143680,1233252352,69.0,52.064,70.125,
59885184168293,171.163904375,213.5,18033917952,55535620096,105,1835.0,10.4,28760080384,72241176576,99,16163143680,1233252352,70.0,52.064,70.0,
59885240267872,171.220003954,231.6,18033917952,55535620096,105,1834.0,11.1,28760080384,72241176576,99,16163143680,1233252352,69.0,52.064,70.0,
59885294164505,171.273900587,204.3,18033917952,55535620096,105,1807.0,11.2,28760309760,72240947200,99,16163143680,1233252352,70.0,52.059,70.0,
59885348155866,171.327891948,203.5,18033922048,55535620096,105,1819.0,8.7,28760813568,72240443392,99,16163143680,1233252352,68.0,52.057,70.0,
59885402208943,171.381945025,203.8,18033922048,55535620096,105,1810.0,12.4,28761042944,72240214016,99,16163143680,1233252352,69.0,52.049,70.0,
59885456316793,171.436052875,203.3,18033922048,55535620096,105,1821.0,8.7,28761264128,72239992832,100,16163143680,1233252352,68.0,52.057,70.0,
59885517495609,171.497231691,212.5,18033926144,55535620096,105,1814.0,13.2,28761493504,72239763456,100,16163143680,1233252352,69.0,52.049,69.875,
59885571252950,171.550989032,204.6,18033926144,55535620096,105,1791.0,9.3,28761493504,72239763456,100,16163143680,1233252352,69.0,52.067,69.875,
59885625150765,171.604886847,222.7,18033926144,55535620096,105,1834.0,11.2,28761722880,72239534080,100,16163143680,1233252352,69.0,52.047,69.875,
59885679153006,171.658889088,203.7,18033926144,55535620096,105,1849.0,9.8,28761722880,72239534080,100,16163143680,1233252352,68.0,52.066,69.875,
59885736378179,171.716114261,192.1,18033926144,55535620096,105,1832.0,11.0,28761952256,72239304704,100,16163143680,1233252352,68.0,52.05,69.875,
59885790311411,171.770047493,204.1,18033930240,55535620096,105,1856.0,12.9,28762181632,72239075328,100,16163143680,1233252352,69.0,52.072,69.875,
59885844292963,171.824029045,222.0,18033930240,55535620096,105,1804.0,12.3,28762435584,72238821376,100,16163143680,1233252352,68.0,52.059,69.75,
59885899350305,171.879086387,200.0,18033934336,55535620096,105,1844.0,9.8,28760281088,72240975872,100,16158949376,1233252352,69.0,52.061,69.75,
59885955445656,171.935181738,213.8,18033934336,55535620096,105,1796.0,10.6,28759470080,72241786880,100,16158949376,1233252352,69.0,52.061,69.75,
59886009275023,171.989011105,204.5,18033934336,55535620096,105,1805.0,11.0,28759236608,72242020352,100,16158949376,1233252352,69.0,52.055,69.75,
59886063240475,172.042976557,222.3,18033934336,55535620096,105,1817.0,9.4,28759433216,72241823744,100,16158949376,1233252352,69.0,52.056,69.75,
59886117243708,172.09697979,185.1,18033934336,55535620096,105,1836.0,11.0,28759433216,72241823744,100,16158949376,1233252352,69.0,52.047,69.75,
59886171306894,172.151042976,222.1,18033934336,55535620096,105,1845.0,9.8,28759171072,72242085888,100,16158949376,1233252352,68.0,52.064,69.75,
59886226288223,172.206024305,200.1,18033934336,55535620096,105,1820.0,12.1,28758867968,72242388992,100,16158949376,1233252352,68.0,52.045,69.75,
59886280242715,172.259978797,222.4,18033934336,55535620096,105,1832.0,9.3,28759097344,72242159616,100,16158949376,1233252352,69.0,52.067,69.75,
59886334152292,172.313888374,203.9,18033938432,55535620096,105,1832.0,9.8,28759064576,72242192384,100,16158949376,1233252352,68.0,52.049,69.75,
59886389265880,172.369001962,199.6,18033938432,55535620096,105,1847.0,10.8,28759056384,72242200576,100,16158949376,1233252352,68.0,52.064,69.625,
59886450581622,172.430317704,212.1,18033938432,55535620096,105,1843.0,11.4,28759285760,72241971200,100,16158949376,1233252352,68.0,52.05,69.625,
59886505267186,172.485003268,201.3,18033942528,55535620096,105,1872.0,8.1,28759252992,72242003968,100,16158949376,1233252352,68.0,52.067,69.625,
59886559386767,172.539122849,203.0,18033942528,55535620096,105,1826.0,10.8,28759252992,72242003968,100,16158949376,1233252352,68.0,52.058,69.625,
59886614316199,172.594052281,236.7,18033942528,55535620096,105,1873.0,10.5,28759252992,72242003968,100,16158949376,1233252352,69.0,52.064,69.625,
59886669296526,172.649032608,200.1,18033942528,55535620096,105,1830.0,11.4,28759711744,72241545216,100,16158949376,1233252352,69.0,52.063,69.625,
59886727310569,172.707046651,206.8,18033942528,55535620096,105,1797.0,10.3,28759711744,72241545216,100,16158949376,1233252352,69.0,52.061,69.625,
59886781298613,172.761034695,222.1,18033942528,55535620096,105,1850.0,12.2,28759969792,72241287168,100,16158949376,1233252352,68.0,52.067,69.625,
59886835314399,172.815050481,185.3,18033942528,55535620096,105,1838.0,12.9,28760223744,72241033216,100,16158949376,1233252352,69.0,52.053,69.625,
59886889390980,172.869127062,221.6,18033946624,55535620096,105,1814.0,10.9,28762955776,72238301184,100,16163143680,1233252352,68.0,52.056,69.625,
59886946405096,172.926141178,210.8,18033946624,55535620096,105,1820.0,12.4,28761489408,72239767552,100,16163143680,1233252352,69.0,52.044,69.5,
59887001402134,172.981138216,200.0,18033946624,55535620096,105,1805.0,10.3,28761948160,72239308800,100,16163143680,1233252352,68.0,52.062,69.5,
59887055365021,173.035101103,203.8,18033946624,55535620096,105,1792.0,12.8,28762177536,72239079424,100,16163143680,1233252352,68.0,52.044,69.5,
59887109368204,173.089104286,203.6,18033950720,55535620096,105,1847.0,24.7,28763467776,72237789184,100,16163143680,1233252352,68.0,52.073,69.5,
59887164372666,173.144108748,218.2,18033950720,55535620096,105,1779.0,26.6,28764241920,72237015040,100,16163143680,1233252352,68.0,52.059,69.5,
59887219256202,173.198992284,200.5,18033950720,55535620096,105,1821.0,12.8,28757278720,72243978240,100,16163143680,1233252352,69.0,52.059,69.5,
59887274415385,173.254151467,199.3,18033950720,55535620096,105,1819.0,13.0,28757524480,72243732480,100,16163143680,1233252352,68.0,52.057,69.5,
59887328359106,173.308095188,222.6,18033950720,55535620096,105,1825.0,11.7,28757000192,72244256768,100,16163143680,1233252352,70.0,52.055,69.375,
59887382343052,173.362079134,203.7,18033950720,55535620096,105,1790.0,12.1,28757000192,72244256768,100,16163143680,1233252352,68.0,52.054,69.375,
59887438449985,173.418186067,196.0,18033954816,55535620096,105,1817.0,13.3,28757000192,72244256768,100,16163143680,1233252352,68.0,52.046,69.375,
59887492397693,173.472133775,222.7,18033954816,55535620096,105,1776.0,10.0,28757000192,72244256768,100,16163143680,1233252352,68.0,52.064,69.375,
59887546306778,173.52604286,204.0,18033954816,55535620096,105,1819.0,14.3,28757000192,72244256768,100,16163143680,1233252352,69.0,52.04,69.375,
59887600356638,173.58009272,203.5,18033954816,55535620096,105,1807.0,10.1,28757229568,72244027392,100,16163143680,1233252352,68.0,52.064,69.375,
59887654312101,173.634048183,203.9,18033958912,55535620096,105,1781.0,12.2,28757229568,72244027392,100,16163143680,1233252352,68.0,52.047,69.375,
59887708374745,173.688110827,203.5,18033958912,55535620096,105,1883.0,9.9,28757483520,72243773440,100,16163143680,1233252352,70.0,52.063,69.375,
59887762333564,173.742069646,203.7,18033958912,55535620096,105,1834.0,13.9,28757712896,72243544064,100,16163143680,1233252352,68.0,52.061,69.375,
59887816326036,173.796062118,203.8,18033958912,55535620096,105,1826.0,14.4,28757712896,72243544064,100,16163143680,1233252352,69.0,52.063,69.375,
59887870261972,173.849998054,222.5,18033963008,55535620096,105,1836.0,11.7,28756168704,72245088256,100,16163143680,1233252352,69.0,52.058,69.375,
59887924280904,173.904016986,203.6,18033963008,55535620096,105,1828.0,11.8,28755189760,72246067200,100,16163143680,1233252352,69.0,52.05,69.375,
59887978401877,173.958137959,203.0,18033967104,55535620096,105,1822.0,10.9,28755447808,72245809152,100,16163143680,1233252352,68.0,52.053,69.375,
59888032280846,174.012016928,223.0,18033967104,55535620096,105,1822.0,12.4,28755447808,72245809152,100,16163143680,1233252352,68.0,52.042,69.375,
59888086348820,174.066084902,203.5,18033967104,55535620096,105,1804.0,10.4,28755447808,72245809152,100,16163143680,1233252352,68.0,52.063,69.375,
59888140231035,174.119967117,204.2,18033967104,55535620096,105,1868.0,12.3,28755963904,72245293056,100,16163143680,1233252352,68.0,52.048,69.375,
59888194220281,174.173956363,203.8,18033967104,55535620096,105,1819.0,9.9,28755963904,72245293056,100,16163143680,1233252352,69.0,52.069,69.375,
59888248274018,174.2280101,222.0,18033971200,55539814400,105,1805.0,13.0,28760158208,72241098752,100,16167337984,1233244160,68.0,52.054,69.375,
59888305451330,174.285187412,1172.4,18033975296,55539814400,105,1824.0,41.3,28760158208,72241098752,100,16167337984,1233244160,69.0,52.072,69.375,
59888359241853,174.338977935,204.3,18033975296,55539814400,105,1841.0,12.7,28760158208,72241098752,100,16167337984,1233244160,68.0,52.066,69.375,
59888415429707,174.395165789,213.6,18033975296,55539814400,105,1900.0,11.3,28760158208,72241098752,100,16167337984,1233244160,69.0,52.064,69.375,
59888469342289,174.449078371,203.9,18033975296,55539814400,105,1851.0,11.6,28760387584,72240869376,100,16167337984,1233244160,69.0,52.068,69.375,
59888527212071,174.506948153,207.5,18033979392,55539814400,105,1944.0,11.4,28760387584,72240869376,100,16167337984,1233244160,69.0,52.059,69.25,
59888581307976,174.561044058,220.8,18033979392,55539814400,105,1886.0,10.4,28760870912,72240386048,100,16167337984,1233244160,68.0,52.066,69.375,
59888637240902,174.616976984,197.7,18033979392,55539814400,105,1906.0,11.4,28761100288,72240156672,100,16167337984,1233244160,69.0,52.051,69.25,
59888689412094,174.669148176,210.4,18033979392,55539814400,105,1844.0,10.2,28761100288,72240156672,100,16167337984,1233244160,69.0,52.063,69.25,
59888742422351,174.722158433,188.8,18033979392,55539814400,105,1859.0,13.6,28761329664,72239927296,100,16167337984,1233244160,68.0,52.045,69.25,
59888795347760,174.775083842,227.1,18033979392,55539814400,105,1845.0,13.4,28765511680,72235745280,100,16167337984,1233240064,69.0,52.067,69.25,
59888847327342,174.827063424,192.4,18033979392,55539814400,105,1799.0,13.2,28764639232,72236617728,100,16167337984,1233240064,68.0,52.05,69.25,
59888900327150,174.880063232,207.1,18033979392,55539814400,105,1932.0,9.3,28765093888,72236163072,100,16167337984,1233240064,69.0,52.064,69.25,
59888957318993,174.937055075,193.1,18033979392,55539814400,105,1794.0,10.1,28764737536,72236519424,100,16167337984,1233240064,68.0,52.051,69.25,
59889010289837,174.990025919,226.6,18033979392,55539814400,105,1956.0,8.3,28764536832,72236720128,100,16167337984,1233240064,69.0,52.064,69.25,
59889064420208,175.04415629,203.1,18033983488,55539814400,105,1913.0,11.5,28766085120,72235171840,100,16167337984,1233240064,69.0,52.064,69.25,
59889118498801,175.098234883,203.5,18033983488,55539814400,105,1881.0,9.9,28766343168,72234913792,100,16167337984,1233240064,69.0,52.058,69.25,
59889171302521,175.151038603,208.2,18033983488,55539814400,105,1843.0,9.5,28766572544,72234684416,100,16167337984,1233240064,68.0,52.064,69.25,
59889224262494,175.203998576,188.9,18033983488,55539814400,105,1886.0,11.3,28766572544,72234684416,100,16167337984,1233240064,69.0,52.047,69.25,
59889277524865,175.257260947,224.8,18033983488,55539814400,105,1824.0,8.8,28767301632,72233955328,100,16167337984,1233240064,68.0,52.058,69.25,
59889331327510,175.311063592,204.9,18033983488,55539814400,105,1879.0,11.1,28767301632,72233955328,100,16167337984,1233240064,68.0,52.039,69.25,
59889384667046,175.364403128,206.1,18033983488,55539814400,105,1885.0,10.4,28767301632,72233955328,100,16167337984,1233240064,69.0,52.063,69.25,
59889438255690,175.417991772,205.3,18033983488,55539814400,105,1880.0,11.1,28767043584,72234213376,100,16167337984,1233240064,68.0,52.042,69.25,
59889492373647,175.472109729,203.3,18033983488,55539814400,105,1913.0,8.8,28767043584,72234213376,100,16167337984,1233240064,68.0,52.063,69.25,
59889546380485,175.526116567,222.2,18033983488,55539814400,105,1903.0,11.0,28767043584,72234213376,100,16167337984,1233240064,68.0,52.048,69.25,
59889600356676,175.580092758,203.8,18033987584,55539814400,105,1897.0,9.2,28767272960,72233984000,100,16167337984,1233240064,69.0,52.063,69.25,
59889654338317,175.634074399,203.7,18033987584,55539814400,105,1864.0,11.6,28767272960,72233984000,100,16167337984,1233240064,68.0,52.055,69.25,
59889708400630,175.688136712,203.5,18033987584,55539814400,105,1882.0,9.9,28767756288,72233500672,100,16167337984,1233240064,69.0,52.06,69.25,
59889762404943,175.742141025,222.2,18033987584,55539814400,105,1860.0,11.6,28767236096,72234020864,100,16167337984,1233240064,69.0,52.068,69.25,
59889816458660,175.796194742,185.0,18033987584,55539814400,105,1911.0,12.3,28767236096,72234020864,100,16167337984,1233240064,69.0,52.059,69.25,
59889870389345,175.850125427,203.9,18033987584,55539814400,105,1871.0,13.2,28767162368,72234094592,100,16167337984,1233240064,69.0,52.062,69.25,
59889924407445,175.904143527,203.7,18033987584,55539814400,105,1870.0,11.0,28767162368,72234094592,100,16163143680,1233240064,69.0,52.047,69.25,
59889978501317,175.958237399,222.0,18033987584,55539814400,105,1883.0,8.2,28767391744,72233865216,100,16163143680,1233240064,68.0,52.057,69.25,
59890032373412,176.012109494,204.1,18033991680,55539814400,105,1856.0,10.5,28767391744,72233865216,100,16163143680,1233240064,68.0,52.039,69.25,
59890086478905,176.066214987,203.5,18033991680,55539814400,105,1857.0,8.8,28767621120,72233635840,100,16163143680,1233240064,69.0,52.062,69.25,
59890140265390,176.120001472,223.0,18033995776,55539814400,105,1913.0,10.5,28767354880,72233902080,100,16163143680,1233240064,69.0,52.049,69.25,
59890194366936,176.174103018,203.2,18033995776,55539814400,105,1915.0,10.9,28765003776,72236253184,100,16163143680,1233240064,69.0,52.069,69.25,
59890257419548,176.23715563,222.0,18033995776,55539814400,105,1865.0,10.1,28764835840,72236421120,100,16163143680,1233240064,68.0,52.045,69.25,
59890312383614,176.292119696,200.4,18033995776,55539814400,105,1905.0,8.6,28764831744,72236425216,100,16163143680,1233240064,69.0,52.067,69.25,
59890365435649,176.345171731,207.2,18033995776,55539814400,105,1899.0,10.1,28765061120,72236195840,100,16163143680,1233240064,68.0,52.052,69.25,
59890418354816,176.398090898,189.0,18033995776,55539814400,105,1904.0,8.9,28765061120,72236195840,100,16163143680,1233240064,69.0,52.069,69.25,
59890471335968,176.45107205,207.6,18033995776,55539814400,105,1856.0,10.1,28765544448,72235712512,100,16163143680,1233240064,68.0,52.061,69.25,
59890524445121,176.504181203,207.1,18033995776,55539814400,105,1903.0,8.9,28765773824,72235483136,100,16163143680,1233240064,69.0,52.06,69.25,
59890578313399,176.558049481,222.6,18033995776,55539814400,105,1874.0,10.4,28766027776,72235229184,100,16163143680,1233240064,68.0,52.069,69.25,
59890632399035,176.612135117,203.4,18033995776,55539814400,105,1898.0,9.3,28766257152,72234999808,100,16163143680,1233240064,69.0,52.057,69.25,
59890686380866,176.666116948,185.2,18033999872,55539814400,105,1877.0,9.3,28765863936,72235393024,100,16165240832,1233240064,68.0,52.066,69.25,
59890741383924,176.721120006,236.5,18033999872,55539814400,105,1879.0,10.3,28766093312,72235163648,100,16165240832,1233240064,69.0,52.049,69.25,
59890794443984,176.774180066,188.3,18033999872,55539814400,105,1882.0,11.7,28766322688,72234934272,100,16165240832,1233240064,68.0,52.067,69.25,
59890848416388,176.82815247,203.8,18033999872,55539814400,105,1914.0,12.8,28766576640,72234680320,100,16169435136,1233240064,68.0,52.041,69.25,
59890902401515,176.882137597,203.9,18033999872,55539814400,105,1937.0,10.5,28766453760,72234803200,100,16169435136,1233240064,68.0,52.065,69.25,
59890955436879,176.935172961,207.4,18034003968,55539814400,105,1914.0,10.1,28766941184,72234315776,100,16169435136,1233240064,69.0,52.044,69.25,
59891008397022,176.988133104,226.4,18034003968,55539814400,105,1875.0,10.5,28766941184,72234315776,100,16169435136,1233240064,68.0,52.064,69.25,
59891071532619,177.051268701,221.8,18034003968,55539814400,105,1880.0,12.5,28771553280,72229703680,100,16169435136,1233240064,68.0,52.047,69.25,
59891125397741,177.105133823,204.2,18034003968,55539814400,105,1934.0,9.8,28771291136,72229965824,100,16169435136,1233240064,68.0,52.064,69.25,
59891180543167,177.160279249,199.5,18034003968,55539814400,105,1855.0,12.0,28771291136,72229965824,100,16169435136,1233240064,68.0,52.054,69.25,
59891234444136,177.214180218,204.2,18034008064,55539814400,105,1922.0,9.9,28771291136,72229965824,100,16169435136,1233240064,69.0,52.065,69.25,
59891288448900,177.268184982,203.6,18034008064,55539814400,105,1916.0,10.5,28771291136,72229965824,100,16169435136,1233240064,69.0,52.064,69.25,
59891342375377,177.322111459,222.7,18034008064,55539814400,105,1922.0,11.0,28770775040,72230481920,100,16169435136,1233240064,69.0,52.057,69.25,
59891395474731,177.375210813,188.4,18034008064,55539814400,105,1948.0,11.3,28770775040,72230481920,100,16169435136,1233240064,68.0,52.062,69.25,
59891448463518,177.4281996,207.6,18034008064,55539814400,105,1931.0,11.2,28770775040,72230481920,100,16169435136,1233240064,68.0,52.046,69.25,
59891502476026,177.482212108,203.6,18034012160,55539814400,105,1944.0,8.7,28770775040,72230481920,100,16169435136,1233240064,68.0,52.06,69.25,
59891556446536,177.536182618,203.7,18034012160,55539814400,105,1936.0,11.0,28770775040,72230481920,100,16169435136,1233240064,68.0,52.039,69.25,
59891610410863,177.590146945,222.4,18034012160,55539814400,105,1933.0,9.9,28770775040,72230481920,100,16169435136,1233240064,69.0,52.062,69.25,
59891664514864,177.644250946,203.3,18034012160,55539814400,105,1944.0,11.6,28770775040,72230481920,100,16169435136,1233240064,68.0,52.044,69.25,
59891718492697,177.698228779,203.6,18034012160,55539814400,105,1873.0,9.8,28771299328,72229957632,100,16169435136,1233240064,68.0,52.061,69.25,
59891772565258,177.75230134,203.5,18034016256,55539814400,105,1915.0,12.8,28771299328,72229957632,100,16169435136,1233240064,68.0,52.054,69.25,
59891826412175,177.806148257,204.5,18034016256,55539814400,105,1942.0,11.6,28771299328,72229957632,100,16169435136,1233240064,69.0,52.063,69.25,
59891880540551,177.860276633,221.6,18034016256,55539814400,105,1967.0,11.0,28770783232,72230473728,100,16169435136,1233240064,68.0,52.059,69.25,
59891934559171,177.914295253,185.0,18034016256,55539814400,105,1941.0,10.4,28772077568,72229179392,100,16169435136,1233240064,69.0,52.055,69.25,
59891988470749,177.968206831,204.2,18034016256,55539814400,105,1925.0,10.3,28771819520,72229437440,100,16169435136,1233240064,68.0,52.049,69.25,
59892042720443,178.022456525,1013.1,18034028544,55539814400,105,1913.0,38.0,28772458496,72228798464,100,16169435136,1233240064,69.0,52.054,69.25,
59892096523478,178.07625956,316.2,18034028544,55539814400,105,2008.0,9.4,28772687872,72228569088,100,16169435136,1233240064,68.0,52.06,69.25,
59892151569196,178.131305278,199.7,18034028544,55539814400,105,1957.0,10.9,28772917248,72228339712,100,16169435136,1233240064,69.0,52.049,69.125,
59892205506864,178.185242946,203.9,18034032640,55539814400,105,1973.0,9.8,28772917248,72228339712,100,16169435136,1233240064,68.0,52.069,69.125,
59892259373979,178.239110061,204.3,18034032640,55539814400,105,1996.0,11.7,28773146624,72228110336,100,16169435136,1233240064,68.0,52.047,69.125,
59892313498768,178.29323485,221.6,18034032640,55539814400,105,1891.0,9.9,28773146624,72228110336,100,16169435136,1233240064,69.0,52.07,69.125,
59892367478585,178.347214667,203.8,18034036736,55539814400,105,1942.0,11.6,28773146624,72228110336,100,16169435136,1233240064,68.0,52.049,69.125,
59892421484892,178.401220974,203.4,18034036736,55539814400,105,1914.0,9.3,28773146624,72228110336,100,16169435136,1233240064,68.0,52.066,69.125,
59892475512829,178.455248911,204.0,18034036736,55539814400,105,1958.0,11.6,28773146624,72228110336,100,16169435136,1233240064,68.0,52.055,69.125,
59892529454484,178.509190566,222.4,18034036736,55539814400,105,1944.0,9.3,28773146624,72228110336,100,16169435136,1233240064,69.0,52.068,69.125,
59892584487287,178.564223369,199.9,18034036736,55539814400,105,1867.0,11.9,28773376000,72227880960,100,16169435136,1233240064,68.0,52.061,69.125,
59892638526385,178.618262467,203.5,18034036736,55539814400,105,1947.0,10.4,28773605376,72227651584,100,16169435136,1233240064,69.0,52.063,69.125,
59892692486635,178.672222717,203.7,18034036736,55539814400,105,1949.0,11.6,28773605376,72227651584,100,16169435136,1233240064,69.0,52.068,69.125,
59892746449610,178.726185692,204.0,18034040832,55539814400,105,1833.0,11.8,28773605376,72227651584,100,16169435136,1233240064,69.0,52.06,69.125,
59892800465484,178.780201566,222.1,18034044928,55539814400,105,1916.0,12.3,28773834752,72227422208,100,16169435136,1233240064,68.0,52.068,69.125,
59892854385448,178.83412153,185.4,18034044928,55539814400,105,1954.0,13.4,28774060032,72227196928,100,16169435136,1233240064,69.0,52.049,69.125,
59892908557516,178.888293598,203.1,18034044928,55539814400,105,1907.0,9.2,28773543936,72227713024,100,16169435136,1233240064,68.0,52.057,69.125,
59892962511864,178.942247946,222.5,18034044928,55539814400,105,1965.0,8.8,28772958208,72228298752,100,16169435136,1233240064,68.0,52.041,69.125,
59893016546945,178.996283027,203.5,18034044928,55539814400,105,1893.0,9.2,28772651008,72228605952,100,16169435136,1233240064,68.0,52.065,69.125,
59893070387881,179.050123963,204.2,18034044928,55539814400,105,1890.0,11.0,28777295872,72223961088,100,16169435136,1233240064,68.0,52.041,69.125,
59893124518059,179.104254141,203.2,18034044928,55539814400,105,1839.0,9.3,28777295872,72223961088,100,16169435136,1233240064,68.0,52.064,69.125,
59893178636015,179.158372097,203.2,18034044928,55539814400,105,1855.0,11.5,28777033728,72224223232,100,16169435136,1233240064,69.0,52.05,69.125,
59893232554827,179.212290909,222.4,18034044928,55539814400,105,1870.0,9.9,28777033728,72224223232,100,16169435136,1233240064,69.0,52.069,69.125,
59893286525877,179.266261959,185.4,18034049024,55539814400,105,1862.0,9.9,28777033728,72224223232,100,16169435136,1233240064,68.0,52.055,69.125,
59893340532504,179.320268586,203.8,18034049024,55539814400,105,1911.0,8.2,28777033728,72224223232,100,16169435136,1233240064,69.0,52.068,69.125,
59893394468619,179.374204701,222.3,18034053120,55539814400,105,1868.0,10.5,28776775680,72224481280,100,16169435136,1233240064,68.0,52.063,69.125,
59893448564653,179.428300735,203.4,18034053120,55539814400,105,1889.0,8.7,28776775680,72224481280,100,16169435136,1233240064,69.0,52.064,69.125,
59893502520585,179.482256667,203.8,18034053120,55539814400,105,1861.0,11.0,28776775680,72224481280,100,16169435136,1233240064,68.0,52.07,69.125,
59893556474592,179.536210674,203.9,18034053120,55539814400,105,1863.0,9.8,28777033728,72224223232,100,16169435136,1233240064,69.0,52.059,69.125,
59893610489404,179.590225486,203.7,18034053120,55539814400,105,1843.0,9.9,28777033728,72224223232,100,16169435136,1233240064,69.0,52.067,69.125,
59893664570000,179.644306082,221.9,18034053120,55539814400,105,1885.0,9.9,28777291776,72223965184,100,16169435136,1233240064,69.0,52.052,69.125,
59893718573801,179.698309883,203.6,18034053120,55539814400,105,1901.0,9.2,28777291776,72223965184,100,16169435136,1233240064,68.0,52.059,69.125,
59893772684513,179.752420595,203.3,18034053120,55539814400,105,1906.0,12.2,28777291776,72223965184,100,16169435136,1233240064,68.0,52.05,69.125,
59893826532762,179.806268844,204.3,18034057216,55539814400,105,1919.0,11.6,28777291776,72223965184,100,16169435136,1233240064,68.0,52.067,69.125,
59893880560869,179.860296951,203.6,18034057216,55539814400,105,1846.0,10.5,28770504704,72230752256,100,16169435136,1233240064,68.0,52.043,69.125,
59893934570781,179.914306863,222.2,18034061312,55539814400,105,1864.0,8.7,28770471936,72230785024,100,16169435136,1233240064,69.0,52.063,69.125,
59893988448666,179.968184748,204.1,18034065408,55539814400,105,1865.0,9.3,28770267136,72230989824,100,16169435136,1233240064,68.0,52.044,69.125,
59894042610384,180.022346466,202.7,18034065408,55539814400,105,1911.0,8.1,28770267136,72230989824,100,16169435136,1233240064,68.0,52.061,69.125,
59894096582987,180.076319069,204.2,18034065408,55539814400,105,1848.0,10.5,28770496512,72230760448,100,16169435136,1233240064,68.0,52.05,69.125,
59894150626562,180.130362644,222.2,18034065408,55539814400,105,1878.0,8.7,28770725888,72230531072,100,16169435136,1233240064,69.0,52.063,69.125,
59894204533101,180.184269183,185.4,18034065408,55539814400,105,1926.0,10.5,28770955264,72230301696,100,16169435136,1233240064,68.0,52.058,69.125,
59894258543014,180.238279096,203.6,18034065408,55539814400,105,1943.0,8.2,28770955264,72230301696,100,16169435136,1233240064,69.0,52.059,69.125,
59894312551153,180.292287235,222.2,18034065408,55539814400,105,1961.0,9.2,28771184640,72230072320,100,16169435136,1233240064,69.0,52.064,69.125,
59894366562939,180.346299021,203.7,18034069504,55539814400,105,1919.0,9.4,28771184640,72230072320,100,16169435136,1233240064,69.0,52.054,69.125,
59894420553025,180.400289107,203.7,18034069504,55539814400,105,1886.0,9.9,28771184640,72230072320,100,16169435136,1233240064,68.0,52.063,69.125,
59894474621387,180.454357469,203.7,18034069504,55539814400,105,1916.0,9.8,28771184640,72230072320,100,16169435136,1233240064,69.0,52.047,69.125,
59894528529458,180.50826554,204.1,18034073600,55539814400,105,1892.0,8.2,28771442688,72229814272,100,16169435136,1233240064,68.0,52.056,69.125,
59894582622516,180.562358598,203.2,18034073600,55539814400,105,1860.0,10.5,28771672064,72229584896,100,16169435136,1233240064,68.0,52.042,69.125,
59894636536128,180.61627221,222.7,18034073600,55539814400,105,1895.0,8.8,28771672064,72229584896,100,16169435136,1233240064,68.0,52.062,69.125,
59894691748648,180.67148473,199.1,18034073600,55539814400,105,1901.0,9.7,28771069952,72230187008,100,16169435136,1233240064,68.0,52.04,69.125,
59894745588511,180.725324593,204.4,18034073600,55539814400,105,1932.0,9.3,28771041280,72230215680,100,16169435136,1233240064,68.0,52.061,69.125,
59894799556635,180.779292717,203.8,18034073600,55539814400,105,1943.0,12.9,28771041280,72230215680,100,16169435136,1233240064,68.0,52.046,69.125,
59894853706360,180.833442442,221.7,18034073600,55539814400,105,1895.0,9.9,28771524608,72229732352,100,16165240832,1233240064,68.0,52.06,69.125,
59894907686867,180.887422949,203.8,18034077696,55539814400,105,1914.0,11.7,28773273600,72227983360,100,16169435136,1233240064,68.0,52.049,69.125,
59894961538793,180.941274875,204.3,18034077696,55539814400,105,1895.0,9.3,28773273600,72227983360,100,16169435136,1233240064,69.0,52.061,69.125,
59895020647337,181.000383419,202.9,18034077696,55539814400,105,1902.0,11.2,28773502976,72227753984,100,16169435136,1233240064,68.0,52.051,69.125,
59895073700273,181.053436355,226.1,18034077696,55539814400,105,1954.0,11.2,28773990400,72227266560,100,16169435136,1233240064,69.0,52.06,69.125,
59895127619535,181.107355617,203.8,18034081792,55539814400,105,1908.0,27.3,28773990400,72227266560,100,16169435136,1233240064,69.0,52.072,69.125,
59895182746154,181.162482236,199.7,18034081792,55539814400,105,1832.0,22.9,28761083904,72240173056,100,16169435136,1233240064,69.0,52.073,69.125,
59895237691783,181.217427865,200.3,18034081792,55539814400,105,1907.0,12.4,28760145920,72241111040,100,16169435136,1233240064,68.0,52.072,69.125,
59895292557302,181.272293384,200.5,18034081792,55539814400,105,1900.0,11.4,28759629824,72241627136,100,16169435136,1233240064,69.0,52.058,69.125,
59895346654638,181.32639072,221.7,18034081792,55539814400,105,1843.0,10.4,28759629824,72241627136,100,16169435136,1233240064,68.0,52.07,69.125,
59895400708623,181.380444705,203.5,18034085888,55539814400,105,1893.0,12.9,28759334912,72241922048,100,16169435136,1233240064,69.0,52.052,69.125,
59895454780121,181.434516203,203.4,18034089984,55539814400,105,1847.0,10.9,28759334912,72241922048,100,16169435136,1233240064,68.0,52.073,69.125,
59895508504297,181.488240379,204.7,18034089984,55539814400,105,1862.0,11.8,28759564288,72241692672,100,16169435136,1233240064,68.0,52.047,69.125,
59895562668999,181.542405081,221.8,18034089984,55539814400,105,1916.0,9.4,28759793664,72241463296,100,16169435136,1233240064,68.0,52.07,69.125,
59895616443118,181.5961792,204.5,18034089984,55539814400,105,1864.0,11.0,28757934080,72243322880,100,16169435136,1233240064,68.0,52.05,69.125,
59895669642378,181.64937846,206.8,18034094080,55539814400,105,1876.0,10.5,28757934080,72243322880,100,16169435136,1233240064,68.0,52.066,69.125,
59895722672871,181.702408953,207.4,18034098176,55539814400,105,1911.0,10.2,28758392832,72242864128,100,16169435136,1233240064,68.0,52.054,69.125,
59895779957131,181.759693213,924.1,18034110464,55539814400,105,1802.0,35.0,28758392832,72242864128,100,16169435136,1233240064,69.0,52.076,69.125,
59895835701660,181.815437742,215.5,18034110464,55539814400,105,1958.0,14.2,28758650880,72242606080,100,16169435136,1233240064,68.0,52.073,69.125,
59895888696676,181.868432758,207.6,18034110464,55539814400,105,1896.0,12.4,28758216704,72243040256,100,16169435136,1233240064,69.0,52.058,69.0,
59895941600952,181.921337034,207.9,18034110464,55539814400,105,1856.0,9.6,28757954560,72243302400,100,16169435136,1233240064,68.0,52.064,69.0,
59895996659453,181.976395535,199.7,18034110464,55539814400,105,1847.0,12.4,28757430272,72243826688,100,16169435136,1233240064,68.0,52.049,69.0,
59896049725523,182.029461605,206.9,18034114560,55539814400,105,1850.0,9.9,28757266432,72243990528,100,16169435136,1233240064,68.0,52.06,69.0,
59896103527214,182.083263296,204.8,18034114560,55539814400,105,1883.0,11.3,28757495808,72243761152,100,16169435136,1233240064,69.0,52.041,69.0,
59896156716996,182.136453078,206.8,18034114560,55539814400,105,1861.0,9.9,28757495808,72243761152,100,16169435136,1233240064,68.0,52.068,69.0,
59896210682144,182.190418226,203.7,18034114560,55539814400,105,1916.0,12.6,28757725184,72243531776,100,16169435136,1233240064,69.0,52.051,69.0,
59896264780281,182.244516363,203.5,18034114560,55539814400,105,1923.0,9.5,28758212608,72243044352,100,16169435136,1233240064,68.0,52.07,69.125,
59896318745720,182.298481802,203.8,18034114560,55539814400,105,1999.0,10.5,28758212608,72243044352,100,16169435136,1233240064,68.0,52.055,69.0,
59896372635627,182.352371709,222.9,18034118656,55539814400,105,1940.0,10.5,28758700032,72242556928,100,16169435136,1233240064,69.0,52.07,69.125,
59896429067556,182.408803638,194.7,18034118656,55539814400,105,1942.0,11.6,28758700032,72242556928,100,16169435136,1233240064,68.0,52.057,69.0,
59896482599200,182.462335282,205.6,18034118656,55539814400,105,1923.0,9.4,28758183936,72243073024,100,16169435136,1233240064,69.0,52.067,69.125,
59896536664134,182.516400216,222.0,18034122752,55539814400,105,1937.0,10.5,28757200896,72244056064,100,16169435136,1233240064,68.0,52.068,69.125,
59896589874615,182.569610697,206.7,18034122752,55539814400,105,1926.0,10.1,28757200896,72244056064,100,16169435136,1233240064,69.0,52.061,69.125,
59896643617475,182.623353557,204.8,18034122752,55539814400,105,1889.0,9.4,28757200896,72244056064,100,16169435136,1233240064,68.0,52.067,69.125,
59896697917131,182.677653213,202.3,18034122752,55539814400,105,1878.0,12.1,28757200896,72244056064,100,16169435136,1233240064,69.0,52.055,69.125,
59896752669927,182.732406009,219.2,18034122752,55539814400,105,1846.0,9.8,28757200896,72244056064,100,16169435136,1233240064,69.0,52.068,69.125,
59896806638611,182.786374693,203.8,18034122752,55539814400,105,1895.0,13.4,28757430272,72243826688,100,16169435136,1233240064,68.0,52.048,69.125,
59896860726509,182.840462591,203.4,18034122752,55539814400,105,1889.0,11.1,28757430272,72243826688,100,16169435136,1233240064,69.0,52.063,69.125,
59896914626424,182.894362506,204.1,18034122752,55539814400,105,1920.0,11.0,28757372928,72243884032,100,16169435136,1233240064,68.0,52.039,69.125,
59896968763094,182.948499176,203.3,18034126848,55539814400,105,1869.0,9.1,28757372928,72243884032,100,16169435136,1233240064,69.0,52.064,69.125,
59897023761812,183.003497894,199.9,18034126848,55539814400,105,1881.0,10.5,28757372928,72243884032,100,16169435136,1233240064,68.0,52.046,69.125,
59897077702564,183.057438646,222.5,18034130944,55539814400,105,1851.0,10.9,28760469504,72240787456,100,16169435136,1233240064,68.0,52.062,69.125,
59897131801663,183.111537745,203.2,18034130944,55539814400,105,1849.0,10.5,28760698880,72240558080,100,16169435136,1233240064,68.0,52.052,69.125,
59897185646554,183.165382636,204.5,18034130944,55539814400,105,1875.0,9.4,28760698880,72240558080,100,16169435136,1233240064,69.0,52.064,69.125,
59897242722152,183.222458234,210.3,18034130944,55539814400,105,1871.0,9.4,28758110208,72243146752,100,16169435136,1233240064,68.0,52.055,69.125,
59897295746854,183.275482936,207.3,18034130944,55539814400,105,1841.0,9.4,28758593536,72242663424,100,16169435136,1233240064,69.0,52.058,69.125,
59897349691533,183.329427615,203.9,18034130944,55539814400,105,1840.0,9.9,28758593536,72242663424,100,16169435136,1233240064,69.0,52.065,69.125,
59897403634829,183.383370911,204.0,18034130944,55539814400,105,1850.0,11.1,28758593536,72242663424,100,16169435136,1233240064,69.0,52.054,69.125,
59897456762895,183.436498977,206.9,18034130944,55539814400,105,1858.0,8.9,28758822912,72242434048,100,16169435136,1233240064,68.0,52.06,69.125,
59897510750555,183.490486637,222.3,18034130944,55539814400,105,1870.0,10.5,28758822912,72242434048,100,16169435136,1233240064,68.0,52.046,69.125,
59897564782617,183.544518699,203.8,18034135040,55539814400,105,1869.0,8.1,28758822912,72242434048,100,16169435136,1233240064,68.0,52.059,69.125,
59897618699233,183.598435315,203.8,18034139136,55539814400,105,1851.0,10.5,28758364160,72242892800,100,16169435136,1233240064,68.0,52.036,69.125,
59897672715647,183.652451729,185.1,18034139136,55539814400,105,1864.0,9.2,28758364160,72242892800,100,16169435136,1233240064,69.0,52.062,69.125,
59897729818806,183.709554888,227.6,18034139136,55539814400,105,1892.0,9.4,28758364160,72242892800,100,16169435136,1233240064,69.0,52.04,69.125,
59897783822275,183.763558357,203.6,18034139136,55539814400,105,1887.0,15.7,28769611776,72231645184,100,16169435136,1233240064,69.0,52.07,69.125,
59897837616731,183.817352813,204.6,18034139136,55539814400,105,1892.0,14.9,28762157056,72239099904,100,16169435136,1233240064,68.0,52.052,69.125,
59897890958458,183.87069454,206.0,18034139136,55539814400,105,1923.0,7.6,28762157056,72239099904,100,16165240832,1233240064,69.0,52.059,69.125,
59897944730282,183.924466364,223.3,18034143232,55539814400,105,1891.0,11.0,28763004928,72238252032,100,16165240832,1233240064,68.0,52.054,69.125,
59897997784179,183.977520261,188.7,18034143232,55539814400,105,1887.0,8.4,28763004928,72238252032,100,16165240832,1233240064,69.0,52.053,69.125,
59898050795245,184.030531327,207.3,18034143232,55539814400,105,1926.0,10.0,28763004928,72238252032,100,16165240832,1233240064,69.0,52.062,69.125,
59898103685193,184.083421275,208.2,18034147328,55540862976,105,1924.0,11.1,28763004928,72238252032,100,16165240832,1233240064,69.0,52.047,69.125,
59898157759796,184.137495878,203.3,18034147328,55540862976,105,1905.0,9.3,28763004928,72238252032,100,16165240832,1233240064,68.0,52.058,69.125,
59898212729970,184.192466052,200.1,18034151424,55540862976,105,1945.0,9.7,28759670784,72241586176,100,16165240832,1233240064,69.0,52.045,69.125,
59898266746734,184.246482816,222.1,18034151424,55540862976,105,1882.0,8.2,28760154112,72241102848,100,16165240832,1233240064,68.0,52.064,69.125,
59898320690982,184.300427064,204.0,18034151424,55540862976,105,1912.0,11.0,28760154112,72241102848,100,16165240832,1233240064,68.0,52.039,69.125,
59898374747370,184.354483452,203.5,18034151424,55540862976,105,1896.0,9.9,28760383488,72240873472,100,16165240832,1233240064,68.0,52.065,69.125,
59898428697539,184.408433621,204.0,18034151424,55540862976,105,1932.0,9.4,28760383488,72240873472,100,16165240832,1233240064,68.0,52.046,69.125,
59898481791240,184.461527322,207.2,18034151424,55540862976,105,1897.0,7.8,28760612864,72240644096,100,16165240832,1233240064,68.0,52.062,69.125,
59898534786065,184.514522147,207.5,18034151424,55540862976,105,1885.0,8.9,28760612864,72240644096,100,16165240832,1233240064,68.0,52.049,69.125,
59898587714205,184.567450287,207.9,18034151424,55540862976,105,1909.0,8.3,28760612864,72240644096,100,16165240832,1233240064,69.0,52.064,69.25,
59898645794478,184.62553056,223.7,18034151424,55540862976,105,1951.0,10.7,28760612864,72240644096,100,16165240832,1233240064,68.0,52.055,69.25,
59898699699512,184.679435594,185.7,18034159616,55540862976,105,1905.0,8.2,28760612864,72240644096,100,16165240832,1233240064,68.0,52.062,69.125,
59898752703344,184.732439426,207.5,18034159616,55540862976,105,1871.0,10.1,28760612864,72240644096,100,16165240832,1233240064,69.0,52.065,69.125,
59898805720481,184.785456563,207.3,18034159616,55540862976,105,1862.0,13.0,28760612864,72240644096,100,16165240832,1233240064,69.0,52.059,69.125,
59898859775867,184.839511949,203.5,18034159616,55540862976,105,1930.0,11.6,28760940544,72240316416,100,16169435136,1233240064,68.0,52.063,69.125,
59898913863674,184.893599756,222.0,18034159616,55540862976,105,1906.0,10.5,28761186304,72240070656,100,16169435136,1233240064,68.0,52.041,69.125,
59898967757858,184.94749394,204.1,18034159616,55540862976,105,1879.0,9.8,28761186304,72240070656,100,16169435136,1233240064,68.0,52.056,69.125,
59899021811050,185.001547132,203.2,18034159616,55540862976,105,1944.0,13.9,28762476544,72238780416,100,16169435136,1233240064,68.0,52.041,69.125,
59899076804708,185.05654079,218.2,18034159616,55540862976,105,1888.0,10.9,28764979200,72236277760,100,16169435136,1233240064,69.0,52.066,69.125,
59899130699222,185.110435304,204.1,18034159616,55540862976,105,1834.0,14.4,28766572544,72234684416,100,16169435136,1233240064,68.0,52.042,69.125,
59899184742646,185.164478728,203.7,18034159616,55540862976,105,1862.0,9.5,28767059968,72234196992,100,16169435136,1233240064,68.0,52.058,69.125,
59899240838994,185.220575076,213.7,18034163712,55540862976,105,1849.0,12.2,28767289344,72233967616,100,16169435136,1233240064,68.0,52.043,69.125,
59899294789212,185.274525294,204.1,18034167808,55540862976,105,1875.0,8.8,28767289344,72233967616,100,16169435136,1233240064,69.0,52.059,69.125,
59899352872270,185.332608352,223.8,18034167808,55540862976,105,1869.0,12.0,28767518720,72233738240,100,16169435136,1233240064,68.0,52.049,69.125,
59899405837239,185.385573321,207.6,18034167808,55540862976,105,1836.0,10.7,28768002048,72233254912,100,16169435136,1233240064,69.0,52.059,69.125,
59899460895128,185.44063121,199.9,18034171904,55540862976,105,1856.0,12.2,28768231424,72233025536,100,16169435136,1233240064,69.0,52.054,69.125,
59899518048450,185.497784532,944.3,18034184192,55540862976,105,1889.0,36.6,28768231424,72233025536,100,16169435136,1233240064,69.0,52.06,69.125,
59899571930260,185.551666342,222.7,18034188288,55540862976,105,1810.0,9.9,28768231424,72233025536,100,16169435136,1233240064,68.0,52.059,69.125,
59899625811619,185.605547701,204.2,18034188288,55540862976,105,1833.0,11.7,28768231424,72233025536,100,16169435136,1233240064,68.0,52.044,69.125,
59899679802384,185.659538466,203.9,18034192384,55540862976,105,1855.0,9.3,28768129024,72233127936,100,16169435136,1233240064,68.0,52.054,69.125,
59899733778891,185.713514973,203.6,18034192384,55540862976,105,1875.0,11.0,28768129024,72233127936,100,16169435136,1233240064,68.0,52.035,69.125,
59899787846680,185.767582762,203.5,18034192384,55540862976,105,1851.0,11.6,28764491776,72236765184,100,16169435136,1233240064,68.0,52.062,69.125,
59899841913167,185.821649249,221.9,18034192384,55540862976,105,1861.0,13.9,28764721152,72236535808,100,16169435136,1233240064,68.0,52.04,69.125,
59899895834071,185.875570153,204.0,18034192384,55540862976,105,1844.0,9.9,28764356608,72236900352,100,16169435136,1233240064,68.0,52.058,69.0,
59899951942000,185.931678082,214.0,18034192384,55540862976,105,1808.0,11.8,28765077504,72236179456,100,16169435136,1233240064,68.0,52.039,69.0,
59900005816236,185.985552318,204.1,18034196480,55540862976,105,1835.0,9.8,28765077504,72236179456,100,16169435136,1233240064,68.0,52.059,69.0,
59900068778303,186.048514385,222.3,18034196480,55540862976,105,1787.0,12.9,28765790208,72235466752,100,16169435136,1233240064,68.0,52.042,69.0,
59900122882631,186.102618713,184.7,18034196480,55540862976,105,1853.0,9.8,28765339648,72235917312,100,16169435136,1233240064,68.0,52.06,69.0,
59900176839692,186.156575774,222.7,18034196480,55540862976,105,1833.0,11.2,28765339648,72235917312,100,16169435136,1233240064,68.0,52.045,69.0,
59900230893796,186.210629878,203.4,18034200576,55540862976,105,1879.0,9.9,28765339648,72235917312,100,16169435136,1233240064,69.0,52.059,69.0,
59900285868357,186.265604439,200.1,18034200576,55540862976,105,1884.0,11.4,28765339648,72235917312,100,16169435136,1233240064,68.0,52.053,69.0,
59900339829576,186.319565658,204.0,18034200576,55540862976,105,1886.0,9.4,28765339648,72235917312,100,16169435136,1233240064,68.0,52.057,69.0,
59900396915712,186.376651794,227.6,18034200576,55540862976,105,1848.0,12.6,28765339648,72235917312,100,16169435136,1233240064,68.0,52.059,69.0,
59900450784999,186.430521081,204.3,18034200576,55540862976,105,1858.0,11.6,28765339648,72235917312,100,16169435136,1233240064,69.0,52.054,69.0,
59900504856986,186.484593068,203.4,18034200576,55540862976,105,1884.0,11.0,28765339648,72235917312,100,16169435136,1233240064,69.0,52.06,69.0,
59900558777368,186.53851345,204.0,18034200576,55540862976,105,1852.0,12.3,28765569024,72235687936,100,16169435136,1233240064,68.0,52.047,69.0,
59900612942189,186.592678271,203.0,18034204672,55540862976,105,1854.0,9.3,28765798400,72235458560,100,16169435136,1233240064,68.0,52.054,69.0,
59900666876647,186.646612729,204.1,18034204672,55540862976,105,1827.0,13.3,28766027776,72235229184,100,16169435136,1233240064,68.0,52.039,69.0,
59900720789265,186.700525347,204.0,18034204672,55540862976,105,1817.0,9.3,28766027776,72235229184,100,16169435136,1233240064,68.0,52.058,69.0,
59900774869447,186.754605529,221.9,18034208768,55540862976,105,1885.0,13.4,28766253056,72235003904,100,16169435136,1233240064,68.0,52.041,69.0,
59900828954708,186.80869079,203.3,18034208768,55540862976,105,1856.0,13.5,28766736384,72234520576,100,16169435136,1233240064,69.0,52.061,69.0,
59900882859080,186.862595162,204.1,18034208768,55540862976,105,1876.0,11.6,28765982720,72235274240,100,16169435136,1233240064,68.0,52.039,69.0,
59900936972024,186.916708106,202.8,18034208768,55540862976,105,1873.0,8.1,28765982720,72235274240,100,16169435136,1233240064,69.0,52.056,69.0,
59900993024318,186.9727604,214.5,18034208768,55540862976,105,1852.0,11.7,28765712384,72235544576,100,16169435136,1233240064,68.0,52.042,69.0,
59901046820647,187.026556729,204.6,18034208768,55540862976,105,1864.0,9.3,28765286400,72235970560,100,16169435136,1233240064,69.0,52.059,69.0,
59901100903014,187.080639096,203.3,18034208768,55540862976,105,1865.0,11.6,28769931264,72231325696,100,16169435136,1233240064,68.0,52.05,69.0,
59901154893617,187.134629699,203.8,18034212864,55540862976,105,1913.0,9.3,28769931264,72231325696,100,16169435136,1233240064,69.0,52.055,69.0,
59901209920978,187.18965706,218.1,18034212864,55540862976,105,1906.0,10.3,28769931264,72231325696,100,16169435136,1233240064,68.0,52.06,69.0,
59901263975652,187.243711734,203.6,18034212864,55540862976,105,1862.0,10.5,28769931264,72231325696,100,16169435136,1233240064,69.0,52.06,69.0,
59901317985041,187.297721123,203.5,18034216960,55540862976,105,1920.0,10.4,28770160640,72231096320,100,16169435136,1233240064,68.0,52.067,69.0,
59901371895795,187.351631877,222.8,18034216960,55540862976,105,1878.0,11.1,28770160640,72231096320,100,16169435136,1233240064,69.0,52.054,69.0,
59901424936095,187.404672177,207.4,18034216960,55540862976,105,1881.0,8.9,28770160640,72231096320,100,16169435136,1233240064,68.0,52.061,69.0,
59901477834668,187.45757075,189.0,18034216960,55540862976,105,1883.0,10.1,28770160640,72231096320,100,16169435136,1233240064,69.0,52.045,69.0,
59901530957693,187.510693775,207.0,18034216960,55540862976,105,1935.0,8.3,28770418688,72230838272,100,16169435136,1233240064,68.0,52.062,69.0,
59901583778881,187.563514963,208.3,18034216960,55540862976,105,1918.0,10.1,28770648064,72230608896,100,16169435136,1233240064,68.0,52.041,69.0,
59901636705968,187.61644205,188.9,18034216960,55540862976,105,1894.0,8.3,28770648064,72230608896,100,16169435136,1233240064,68.0,52.062,69.0,
59901692051936,187.671788018,216.6,18034216960,55540862976,105,1915.0,10.0,28767207424,72234049536,100,16169435136,1233240064,68.0,52.043,69.0,
59901746902715,187.726638797,218.7,18034221056,55540862976,105,1882.0,8.8,28767207424,72234049536,100,16169435136,1233240064,69.0,52.062,69.125,
59901803024910,187.782760992,213.9,18034221056,55540862976,105,1921.0,13.5,28766662656,72234594304,100,16169435136,1233240064,68.0,52.049,69.125,
59901856921166,187.836657248,204.2,18034225152,55540862976,105,1887.0,10.4,28764479488,72236777472,100,16163143680,1233240064,69.0,52.061,69.125,
59901910840787,187.890576869,185.6,18034225152,55540862976,105,1907.0,10.0,28764164096,72237092864,100,16163143680,1233240064,68.0,52.043,69.0,
59901973938147,187.953674229,221.9,18034229248,55540862976,105,1903.0,10.0,28764106752,72237150208,100,16163143680,1233240064,69.0,52.061,69.125,
59902026953801,188.006689883,226.4,18034229248,55540862976,105,1903.0,11.1,28763820032,72237436928,100,16163143680,1233240064,68.0,52.05,69.125,
59902079812900,188.059548982,208.1,18034229248,55540862976,105,1871.0,8.9,28763820032,72237436928,100,16163143680,1233240064,69.0,52.059,69.125,
59902132864831,188.112600913,188.5,18034229248,55540862976,105,1916.0,9.5,28763533312,72237723648,100,16163143680,1233240064,69.0,52.062,69.125,
59902185873261,188.165609343,207.5,18034229248,55540862976,105,1975.0,10.1,28763246592,72238010368,100,16163143680,1233240064,69.0,52.055,69.125,
59902238969725,188.218705807,206.9,18034229248,55540862976,105,1896.0,9.4,28762226688,72239030272,100,16163143680,1233240064,68.0,52.063,69.125,
59902292957844,188.272693926,203.8,18034229248,55540862976,105,1904.0,9.9,28761939968,72239316992,100,16163143680,1233240064,69.0,52.049,69.125,
59902348029257,188.327765339,199.7,18034233344,55540862976,105,1887.0,10.2,28761882624,72239374336,100,16163143680,1233240064,69.0,52.059,69.125,
59902401961771,188.381697853,204.0,18034237440,55540862976,105,1911.0,11.7,28762120192,72239136768,100,16163143680,1233240064,68.0,52.042,69.125,
59902455971481,188.435707563,222.2,18034241536,55540862976,105,1891.0,9.2,28762120192,72239136768,100,16163143680,1233240064,68.0,52.058,69.125,
59902510047274,188.489783356,203.6,18034241536,55540862976,105,1968.0,10.5,28762349568,72238907392,100,16163143680,1233240064,68.0,52.037,69.125,
59902563895420,188.543631502,204.3,18034241536,55540862976,105,1913.0,9.8,28762062848,72239194112,100,16163143680,1233240064,69.0,52.06,69.125,
59902617953309,188.597689391,203.0,18034241536,55540862976,105,1926.0,10.4,28762062848,72239194112,100,16163143680,1233240064,68.0,52.039,69.125,
59902671964180,188.651700262,203.9,18034241536,55540862976,105,1896.0,9.2,28762062848,72239194112,100,16163143680,1233240064,69.0,52.059,69.125,
59902726108813,188.705844895,221.7,18034241536,55540862976,105,1864.0,9.9,28762062848,72239194112,100,16163143680,1233240064,68.0,52.043,69.125,
59902780052568,188.75978865,203.9,18034241536,55540862976,105,1868.0,11.5,28761800704,72239456256,100,16163143680,1233240064,69.0,52.064,69.125,
59902834099216,188.813835298,203.5,18034241536,55540862976,105,1938.0,14.5,28761538560,72239718400,100,16163143680,1233240064,68.0,52.054,69.125,
59902888942841,188.868678923,218.8,18034245632,55540862976,105,1911.0,11.4,28762570752,72238686208,100,16167337984,1233240064,69.0,52.056,69.125,
59902943049011,188.922785093,203.3,18034249728,55540862976,105,1861.0,10.3,28763901952,72237355008,100,16167337984,1233240064,68.0,52.058,69.125,
59902997992734,188.977728816,200.3,18034249728,55540862976,105,1874.0,12.2,28763615232,72237641728,100,16167337984,1233240064,69.0,52.053,69.125,
59903051928754,189.031664836,222.4,18034249728,55540862976,105,1850.0,11.6,28763615232,72237641728,100,16167337984,1233240064,68.0,52.059,69.125,
59903107971139,189.087707221,196.3,18034249728,55540862976,105,1887.0,26.8,28766969856,72234287104,100,16167337984,1233240064,68.0,52.056,69.0,
59903161929422,189.141665504,203.7,18034249728,55540862976,105,1887.0,21.5,28761800704,72239456256,100,16167337984,1233240064,68.0,52.063,69.0,
59903220043727,189.199779809,533.9,18034266112,55540862976,105,1917.0,28.9,28761800704,72239456256,100,16167337984,1233240064,68.0,52.043,69.0,
59903279933025,189.259669107,634.0,18034266112,55540862976,105,1797.0,20.2,28761608192,72239648768,100,16167337984,1233240064,68.0,52.061,69.0,
59903332831758,189.31256784,208.4,18034266112,55540862976,105,1788.0,13.2,28761608192,72239648768,100,16167337984,1233240064,68.0,52.041,69.0,
59903385944964,189.365681046,206.6,18034266112,55540862976,105,1873.0,11.1,28761608192,72239648768,100,16167337984,1233240064,68.0,52.059,69.0,
59903438961338,189.41869742,207.7,18034266112,55540862976,105,1790.0,11.9,28762132480,72239124480,100,16167337984,1233240064,68.0,52.045,69.0,
59903491953246,189.471689328,207.9,18034270208,55540862976,105,1844.0,11.2,28762132480,72239124480,100,16167337984,1233240064,69.0,52.059,69.0,
59903544904367,189.524640449,188.4,18034270208,55540862976,105,1829.0,12.3,28762132480,72239124480,100,16167337984,1233240064,68.0,52.059,69.0,
59903599876042,189.579612124,218.8,18034274304,55540862976,105,1929.0,10.5,28762132480,72239124480,100,16167337984,1233240064,68.0,52.056,69.0,
59903652916000,189.632652082,207.0,18034274304,55540862976,105,1863.0,11.6,28762361856,72238895104,100,16167337984,1233240064,68.0,52.061,69.0,
59903706964501,189.686700583,203.6,18034274304,55540862976,105,1886.0,11.4,28762591232,72238665728,100,16167337984,1233240064,69.0,52.05,69.0,
59903762141351,189.741877433,217.5,18034274304,55540862976,105,1845.0,9.9,28762820608,72238436352,100,16167337984,1233240064,68.0,52.062,69.0,
59903816070308,189.79580639,204.0,18034274304,55540862976,105,1855.0,14.0,28762820608,72238436352,100,16167337984,1233240064,68.0,52.044,69.0,
59903869968337,189.849704419,204.1,18034274304,55540862976,105,1879.0,13.2,28763578368,72237678592,100,16167337984,1233240064,68.0,52.059,69.0,
59903924069187,189.903805269,203.3,18034274304,55540862976,105,1830.0,12.7,28763963392,72237293568,100,16167337984,1233240064,68.0,52.037,69.0,
59903978073466,189.957809548,203.8,18034274304,55540862976,105,1856.0,10.5,28763963392,72237293568,100,16167337984,1233240064,68.0,52.06,69.0,
59904032122147,190.011858229,222.0,18034278400,55540862976,105,1846.0,12.7,28763963392,72237293568,100,16167337984,1233240064,68.0,52.041,69.0,
59904086100647,190.065836729,203.5,18034278400,55540862976,105,1838.0,9.8,28763963392,72237293568,100,16167337984,1233240064,68.0,52.058,69.0,
59904140042318,190.1197784,222.8,18034278400,55540862976,105,1839.0,12.9,28763963392,72237293568,100,16167337984,1233240064,68.0,52.046,69.0,
59904193995821,190.173731903,185.3,18034282496,55540862976,105,1847.0,9.9,28764192768,72237064192,100,16167337984,1233240064,69.0,52.06,69.0,
59904249025796,190.228761878,218.1,18034282496,55540862976,105,1843.0,13.6,28764192768,72237064192,100,16167337984,1233240064,68.0,52.062,69.0,
59904303068597,190.282804679,203.6,18034282496,55540862976,105,1841.0,11.0,28764422144,72236834816,100,16167337984,1233240064,68.0,52.064,69.0,
59904357134711,190.336870793,203.4,18034282496,55540862976,105,1827.0,11.9,28764651520,72236605440,100,16167337984,1233240064,68.0,52.068,69.0,
59904412127355,190.391863437,218.3,18034282496,55540862976,105,1887.0,12.1,28764880896,72236376064,100,16167337984,1233240064,69.0,52.058,69.0,
59904466133096,190.445869178,203.7,18034282496,55540862976,105,1858.0,10.3,28764880896,72236376064,100,16167337984,1233240064,69.0,52.065,69.0,
59904520175817,190.499911899,203.4,18034282496,55540862976,105,1827.0,12.4,28760350720,72240906240,100,16167337984,1233240064,69.0,52.049,69.0,
59904574192658,190.55392874,221.8,18034286592,55540862976,105,1812.0,11.2,28760289280,72240967680,100,16167337984,1233240064,68.0,52.061,69.0,
59904629251326,190.608987408,200.1,18034286592,55540862976,105,1846.0,12.4,28760547328,72240709632,100,16167337984,1233240064,68.0,52.044,69.0,
59904683128375,190.662864457,204.3,18034286592,55540862976,105,1846.0,10.4,28760776704,72240480256,100,16167337984,1233240064,68.0,52.063,69.0,
59904738195429,190.717931511,199.7,18034290688,55540862976,105,1831.0,11.0,28761006080,72240250880,100,16167337984,1233240064,68.0,52.04,69.0,
59904792058071,190.771794153,222.9,18034290688,55540862976,105,1848.0,12.8,28761006080,72240250880,100,16167337984,1233240064,69.0,52.067,69.0,
59904845962531,190.825698613,204.0,18034290688,55540862976,105,1798.0,14.0,28761235456,72240021504,100,16167337984,1233240064,68.0,52.047,69.0,
59904900045377,190.879781459,203.5,18034290688,55540862976,105,1875.0,9.2,28761718784,72239538176,100,16167337984,1233240064,68.0,52.062,69.0,
59904954139193,190.933875275,203.3,18034290688,55540862976,105,1876.0,10.5,28761063424,72240193536,100,16167337984,1233240064,68.0,52.053,69.0,
59905008017966,190.987754048,204.2,18034290688,55540862976,105,1882.0,9.3,28761321472,72239935488,100,16167337984,1233240064,68.0,52.06,69.0,
59905062186482,191.041922564,203.0,18034290688,55540862976,105,1838.0,12.1,28762066944,72239190016,100,16167337984,1233240064,69.0,52.063,68.875,
59905116079051,191.095815133,204.2,18034294784,55540862976,105,1899.0,10.6,28763070464,72238186496,100,16167337984,1233240064,69.0,52.053,68.875,
59905170039106,191.149775188,222.3,18034294784,55540862976,105,1857.0,9.8,28763070464,72238186496,100,16167337984,1233240064,68.0,52.06,68.875,
59905224044967,191.203781049,203.9,18034294784,55540862976,105,1890.0,9.9,28763299840,72237957120,100,16167337984,1233240064,68.0,52.043,68.875,
59905277046603,191.256782685,207.5,18034294784,55540862976,105,1872.0,8.2,28763299840,72237957120,100,16167337984,1233240064,69.0,52.057,69.0,
59905329970011,191.309706093,207.9,18034298880,55540862976,105,1877.0,10.1,28763529216,72237727744,100,16167337984,1233240064,69.0,52.036,69.0,
59905383054733,191.362790815,188.3,18034298880,55540862976,105,1874.0,9.5,28763529216,72237727744,100,16167337984,1233240064,68.0,52.06,69.0,
59905436034057,191.415770139,226.5,18034298880,55540862976,105,1888.0,10.1,28763529216,72237727744,100,16167337984,1233240064,68.0,52.041,69.0,
59905489049569,191.468785651,207.6,18034298880,55540862976,105,1913.0,8.3,28763529216,72237727744,100,16167337984,1233240064,68.0,52.057,69.0,
59905544131019,191.523867101,199.7,18034298880,55540862976,105,1917.0,10.8,28763529216,72237727744,100,16167337984,1233240064,68.0,52.047,69.0,
59905597121603,191.576857685,207.7,18034298880,55540862976,105,1909.0,8.9,28763783168,72237473792,100,16167337984,1233240064,69.0,52.059,69.0,
59905649991682,191.629727764,208.0,18034302976,55540862976,105,1897.0,10.6,28763783168,72237473792,100,16167337984,1233240064,68.0,52.059,69.0,
59905702999849,191.682735931,207.5,18034302976,55540862976,105,1908.0,8.9,28763774976,72237481984,100,16167337984,1233240064,69.0,52.055,69.0,
59905756110009,191.735846091,207.0,18034302976,55540862976,105,1885.0,10.0,28763774976,72237481984,100,16167337984,1233240064,68.0,52.058,69.0,
59905810207271,191.789943353,203.2,18034302976,55540862976,105,1909.0,13.2,28763774976,72237481984,100,16167337984,1233240064,68.0,52.043,69.0,
59905864061126,191.843797208,204.4,18034302976,55540862976,105,1875.0,11.1,28762742784,72238514176,100,16163143680,1233240064,68.0,52.053,69.0,
59905918160062,191.897896144,203.3,18034311168,55540862976,105,1894.0,9.9,28762357760,72238899200,100,16163143680,1233240064,68.0,52.033,69.0,
59905972127000,191.951863082,204.0,18034311168,55540862976,105,1863.0,8.8,28762357760,72238899200,100,16163143680,1233240064,68.0,52.058,69.0,
59906025027495,192.004763577,226.8,18034311168,55540862976,105,1893.0,9.5,28762357760,72238899200,100,16163143680,1233240064,68.0,52.037,69.0,
59906077935665,192.057671747,189.0,18034311168,55540862976,105,1840.0,8.9,28762357760,72238899200,100,16163143680,1233240064,68.0,52.056,69.0,
59906131023192,192.110759274,207.2,18034311168,55540862976,105,1933.0,10.0,28762357760,72238899200,100,16163143680,1233240064,68.0,52.043,69.0,
59906184012574,192.163748656,207.6,18034315264,55540862976,105,1918.0,9.4,28762587136,72238669824,100,16163143680,1233240064,69.0,52.058,69.0,
59906237019349,192.216755431,207.2,18034315264,55540862976,105,1951.0,9.5,28761538560,72239718400,100,16163143680,1233240064,68.0,52.056,69.0,
59906291056909,192.270792991,203.9,18034315264,55540862976,105,1907.0,9.9,28761767936,72239489024,100,16163143680,1233240064,69.0,52.06,69.0,
59906344157781,192.323893863,207.0,18034315264,55540862976,105,1947.0,9.5,28760768512,72240488448,100,16163143680,1233240064,69.0,52.066,69.0,
59906398285260,192.378021342,221.8,18034315264,55540862976,105,1932.0,11.0,28760760320,72240496640,100,16163143680,1233240064,69.0,52.054,69.0,
59906452071579,192.431807661,186.0,18034319360,55540862976,105,1897.0,9.3,28760989696,72240267264,100,16163143680,1233240064,68.0,52.062,69.0,
59906505141813,192.484877895,207.3,18034319360,55540862976,105,1936.0,10.5,28761219072,72240037888,100,16163143680,1233240064,69.0,52.039,69.0,
59906559010545,192.538746627,204.2,18034319360,55540862976,105,1883.0,8.2,28761219072,72240037888,100,16163143680,1233240064,68.0,52.062,69.0,
59906611992463,192.591728545,207.4,18034319360,55540862976,105,1902.0,10.5,28761219072,72240037888,100,16163143680,1233240064,68.0,52.039,69.0,
59906666145710,192.645881792,221.9,18034319360,55540862976,105,1927.0,9.4,28761219072,72240037888,100,16163143680,1233240064,68.0,52.062,69.0,
59906719106809,192.698842891,188.7,18034323456,55540862976,105,1892.0,10.7,28760485888,72240771072,100,16163143680,1233240064,68.0,52.041,69.0,
59906772075984,192.751812066,207.5,18034323456,55540862976,105,1850.0,10.5,28760743936,72240513024,100,16163143680,1233240064,69.0,52.064,69.0,
59906826120166,192.805856248,203.6,18034323456,55540862976,105,1936.0,13.5,28760973312,72240283648,100,16163143680,1233240064,68.0,52.054,69.0,
59906880051817,192.859787899,204.0,18034323456,55540862976,105,1867.0,11.6,28762779648,72238477312,100,16167337984,1233240064,68.0,52.059,69.0,
59906934078226,192.913814308,222.2,18034323456,55540862976,105,1889.0,10.5,28763009024,72238247936,100,16167337984,1233240064,69.0,52.054,69.0,
59906990508257,192.970244339,938.4,18034348032,55540862976,105,1918.0,36.8,28763009024,72238247936,100,16167337984,1233240064,69.0,52.059,69.0,
59907044264209,193.024000291,223.3,18034352128,55540862976,105,1893.0,11.6,28762750976,72238505984,100,16167337984,1233240064,68.0,52.057,69.0,
59907098318259,193.078054341,184.9,18034352128,55540862976,105,1818.0,13.3,28764291072,72236965888,100,16167337984,1233240064,68.0,52.04,69.0,
59907152159130,193.131895212,222.9,18034356224,55540862976,105,1819.0,11.1,28764549120,72236707840,100,16167337984,1233240064,68.0,52.057,69.0,
59907208293466,193.188029548,196.0,18034356224,55540862976,105,1794.0,13.4,28764549120,72236707840,100,16167337984,1233240064,68.0,52.035,69.0,
59907262196724,193.241932806,222.6,18034356224,55540862976,105,1803.0,9.9,28764778496,72236478464,100,16167337984,1233240064,68.0,52.058,69.0,
59907317241345,193.296977427,199.8,18034356224,55540862976,105,1826.0,13.1,28765036544,72236220416,100,16167337984,1233240064,68.0,52.036,69.0,
59907371080703,193.350816785,204.3,18034356224,55540862976,105,1867.0,10.5,28765036544,72236220416,100,16167337984,1233240064,68.0,52.059,69.0,
59907425152036,193.404888118,203.5,18034356224,55540862976,105,1849.0,12.2,28765036544,72236220416,100,16167337984,1233240064,68.0,52.043,69.0,
59907479154760,193.458890842,203.7,18034356224,55540862976,105,1900.0,9.8,28765036544,72236220416,100,16167337984,1233240064,68.0,52.058,69.0,
59907535135358,193.51487144,232.3,18034356224,55540862976,105,1822.0,12.4,28765036544,72236220416,100,16167337984,1233240064,68.0,52.047,69.0,
59907589147439,193.568883521,203.8,18034356224,55540862976,105,1950.0,9.4,28765036544,72236220416,100,16167337984,1233240064,68.0,52.058,69.0,
59907644124683,193.623860765,199.9,18034356224,55540862976,105,1890.0,12.0,28765036544,72236220416,100,16167337984,1233240064,68.0,52.058,69.0,
59907698176529,193.677912611,203.7,18034360320,55540862976,105,1837.0,11.0,28765036544,72236220416,100,16167337984,1233240064,69.0,52.052,69.0,
59907752143196,193.731879278,222.4,18034364416,55540862976,105,1861.0,10.5,28765028352,72236228608,100,16167337984,1233240064,68.0,52.058,69.0,
59907805164157,193.784900239,207.3,18034364416,55540862976,105,1866.0,14.7,28765028352,72236228608,100,16167337984,1233240064,68.0,52.049,69.0,
59907859180236,193.838916318,203.7,18034364416,55540862976,105,1843.0,11.6,28765028352,72236228608,100,16167337984,1233240064,68.0,52.051,68.875,
59907913135281,193.892871363,203.9,18034364416,55540862976,105,1855.0,11.1,28764069888,72237187072,100,16167337984,1233240064,68.0,52.035,68.875,
59907966135964,193.945872046,188.7,18034364416,55540862976,105,1814.0,8.9,28764221440,72237035520,100,16167337984,1233240064,68.0,52.056,68.875,
59908019036408,193.99877249,226.8,18034364416,55540862976,105,1872.0,11.8,28764221440,72237035520,100,16167337984,1233240064,68.0,52.034,68.875,
59908073242013,194.052978095,202.9,18034364416,55540862976,105,1855.0,9.9,28764221440,72237035520,100,16167337984,1233240064,68.0,52.057,68.875,
59908133351793,194.113087875,216.1,18034364416,55540862976,105,1835.0,11.8,28764450816,72236806144,100,16167337984,1233240064,68.0,52.037,68.875,
59908188221044,194.167957126,200.5,18034364416,55540862976,105,1858.0,10.4,28764450816,72236806144,100,16167337984,1233240064,68.0,52.057,68.875,
59908243380920,194.223117002,217.6,18034368512,55540862976,105,1887.0,12.1,28764450816,72236806144,100,16167337984,1233240064,68.0,52.045,68.875,
59908297182587,194.276918669,204.3,18034368512,55540862976,105,1824.0,9.8,28764450816,72236806144,100,16167337984,1233240064,68.0,52.063,68.875,
59908352487836,194.332223918,217.1,18034372608,55540862976,105,1886.0,12.0,28764450816,72236806144,100,16167337984,1233240064,68.0,52.053,68.875,
59908406240200,194.385976282,204.7,18034372608,55540862976,105,1864.0,11.1,28764450816,72236806144,100,16167337984,1233240064,69.0,52.064,69.0,
59908460304029,194.440040111,203.4,18034372608,55540862976,105,1833.0,12.2,28764385280,72236871680,100,16167337984,1233240064,68.0,52.061,69.0,
59908516270219,194.496006301,196.5,18034372608,55540862976,105,1853.0,11.2,28764614656,72236642304,100,16167337984,1233240064,69.0,52.059,69.0,
59908570250150,194.549986232,222.1,18034372608,55540862976,105,1850.0,11.9,28764614656,72236642304,100,16167337984,1233240064,68.0,52.062,69.0,
59908625405568,194.60514165,217.7,18034372608,55540862976,105,1839.0,12.1,28764352512,72236904448,100,16167337984,1233240064,68.0,52.053,69.0,
59908679249273,194.658985355,204.3,18034372608,55540862976,105,1812.0,11.1,28764352512,72236904448,100,16167337984,1233240064,68.0,52.061,69.0,
59908735274013,194.715010095,196.4,18034372608,55540862976,105,1860.0,12.8,28764573696,72236683264,100,16167337984,1233240064,68.0,52.044,69.0,
59908789282077,194.769018159,203.6,18034376704,55540862976,105,1843.0,12.1,28764172288,72237084672,100,16167337984,1233240064,68.0,52.065,69.0,
59908843374048,194.82311013,221.8,18034376704,55540862976,105,1812.0,15.6,28764172288,72237084672,100,16167337984,1233240064,68.0,52.038,69.0,
59908897208877,194.876944959,204.7,18034380800,55540862976,105,1887.0,10.0,28764082176,72237174784,100,16167337984,1233240064,68.0,52.057,69.0,
59908950043568,194.92977965,208.2,18034380800,55540862976,105,1901.0,10.1,28764565504,72236691456,100,16167337984,1233240064,68.0,52.039,69.0,
59909003222605,194.982958687,206.5,18034380800,55540862976,105,1927.0,9.4,28764794880,72236462080,100,16167337984,1233240064,68.0,52.063,69.0,
59909057512999,195.037249081,202.7,18034380800,55540862976,105,1904.0,10.4,28764794880,72236462080,100,16167337984,1233240064,68.0,52.044,69.0,
59909111234335,195.090970417,204.8,18034380800,55540862976,105,1929.0,9.9,28765560832,72235696128,100,16167337984,1233240064,68.0,52.06,69.0,
59909165191723,195.144927805,222.5,18034380800,55540862976,105,1911.0,10.5,28765560832,72235696128,100,16167337984,1233240064,68.0,52.053,69.0,
59909218136661,195.197872743,189.0,18034380800,55540862976,105,1890.0,9.4,28765790208,72235466752,100,16167337984,1233240064,69.0,52.053,69.0,
59909271105384,195.250841466,207.5,18034380800,55540862976,105,1944.0,9.5,28764860416,72236396544,100,16167337984,1233240064,68.0,52.064,69.0,
59909324275114,195.304011196,188.1,18034384896,55540862976,105,1900.0,9.5,28764860416,72236396544,100,16167337984,1233240064,69.0,52.055,69.0,
59909377192871,195.356928953,226.8,18034384896,55540862976,105,1897.0,10.1,28765089792,72236167168,100,16167337984,1233240064,68.0,52.06,69.0,
59909430210515,195.409946597,207.3,18034384896,55540862976,105,1888.0,10.6,28765319168,72235937792,100,16167337984,1233240064,68.0,52.042,69.0,
59909484230381,195.463966463,203.9,18034388992,55540862976,105,1854.0,8.2,28765548544,72235708416,100,16167337984,1233240064,68.0,52.062,69.0,
59909537051055,195.516787137,189.2,18034388992,55540862976,105,1911.0,10.0,28765548544,72235708416,100,16167337984,1233240064,68.0,52.041,69.0,
59909590233068,195.56996915,206.9,18034388992,55540862976,105,1860.0,9.4,28765777920,72235479040,100,16167337984,1233240064,68.0,52.061,69.0,
59909644322845,195.624058927,221.6,18034388992,55540862976,105,1823.0,10.9,28765777920,72235479040,100,16167337984,1233240064,68.0,52.041,69.0,
59909698171539,195.677907621,204.5,18034388992,55540862976,105,1885.0,9.3,28766261248,72234995712,100,16167337984,1233240064,68.0,52.059,69.0,
59909751353972,195.731090054,188.0,18034393088,55540862976,105,1852.0,10.1,28766261248,72234995712,100,16167337984,1233240064,68.0,52.047,69.0,
59909805279461,195.785015543,222.5,18034397184,55540862976,105,1876.0,12.2,28766515200,72234741760,100,16167337984,1233240064,69.0,52.066,69.0,
59909859217012,195.838953094,203.9,18034401280,55540862976,105,1865.0,12.6,28764450816,72236806144,100,16167337984,1233240064,68.0,52.056,69.0,
59909914263244,195.893999326,199.9,18034401280,55540862976,105,1854.0,9.1,28763742208,72237514752,100,16167337984,1233240064,69.0,52.056,69.0,
59909969269602,195.949005684,218.1,18034401280,55540862976,105,1843.0,10.3,28763742208,72237514752,100,16167337984,1233240064,69.0,52.06,69.0,
59910023304335,196.003040417,203.5,18034401280,55540862976,105,1866.0,10.7,28763742208,72237514752,100,16167337984,1233240064,69.0,52.053,69.0,
59910078324158,196.05806024,218.3,18034405376,55540862976,105,1840.0,10.3,28763430912,72237826048,100,16167337984,1233240064,69.0,52.06,69.0,
59910133427398,196.11316348,199.6,18034405376,55540862976,105,1898.0,10.4,28762775552,72238481408,100,16167337984,1233240064,69.0,52.05,69.0,
59910187267706,196.167003788,204.3,18034405376,55540862976,105,1868.0,9.8,28762775552,72238481408,100,16167337984,1233240064,68.0,52.054,69.0,
59910241305285,196.221041367,222.0,18034405376,55540862976,105,1878.0,10.5,28762775552,72238481408,100,16167337984,1233240064,68.0,52.035,69.0,
59910295264737,196.275000819,204.1,18034405376,55540862976,105,1884.0,8.7,28762775552,72238481408,100,16167337984,1233240064,68.0,52.057,69.0,
59910348144062,196.327880144,188.9,18034405376,55540862976,105,1844.0,11.6,28762775552,72238481408,100,16167337984,1233240064,68.0,52.036,69.0,
59910402330069,196.382066151,203.0,18034409472,55540862976,105,1895.0,10.3,28762775552,72238481408,100,16167337984,1233240064,68.0,52.059,69.0,
59910456246240,196.435982322,204.0,18034409472,55540862976,105,1838.0,9.4,28762775552,72238481408,100,16167337984,1233240064,68.0,52.038,69.0,
59910510380500,196.490116582,221.6,18034409472,55540862976,105,1889.0,9.8,28762775552,72238481408,100,16167337984,1233240064,68.0,52.056,69.0,
59910564263899,196.543999981,222.8,18034409472,55540862976,105,1865.0,11.6,28762775552,72238481408,100,16167337984,1233240064,68.0,52.041,69.0,
59910618305415,196.598041497,203.7,18034413568,55540862976,105,1871.0,8.7,28762775552,72238481408,100,16167337984,1233240064,69.0,52.058,69.0,
59910674341405,196.654077487,196.2,18034413568,55540862976,105,1861.0,11.1,28763004928,72238252032,100,16167337984,1233240064,68.0,52.047,69.0,
59910731767415,196.711503497,1027.7,18034413568,55540862976,105,1910.0,37.2,28763004928,72238252032,100,16167337984,1233240064,68.0,52.06,69.0,
59910785469183,196.765205265,204.6,18034413568,55540862976,105,1906.0,11.2,28762488832,72238768128,100,16167337984,1233240064,68.0,52.063,69.0,
59910839273414,196.819009496,204.5,18034413568,55540862976,105,1895.0,13.9,28764274688,72236982272,100,16165240832,1233240064,68.0,52.046,69.0,
59910893370444,196.873106526,203.5,18034413568,55540862976,105,1888.0,9.9,28764274688,72236982272,100,16165240832,1233240064,68.0,52.051,69.0,
59910947280232,196.927016314,222.6,18034413568,55540862976,105,1906.0,10.5,28764254208,72237002752,100,16165240832,1233240064,68.0,52.038,69.0,
59911001302392,196.981038474,203.5,18034413568,55540862976,105,1841.0,9.8,28764254208,72237002752,100,16165240832,1233240064,68.0,52.055,69.0,
59911055224864,197.034960946,204.0,18034413568,55540862976,105,1859.0,12.3,28764254208,72237002752,100,16165240832,1233240064,68.0,52.034,68.875,
59911109272061,197.089008143,203.4,18034413568,55540862976,105,1854.0,26.2,28768124928,72233132032,100,16165240832,1233240064,68.0,52.066,68.875,
59911163339566,197.143075648,203.5,18034413568,55540862976,105,1893.0,23.6,28763222016,72238034944,100,16165240832,1233240064,68.0,52.051,68.875,
59911217282827,197.197018909,204.1,18034413568,55540862976,105,1840.0,9.4,28763738112,72237518848,100,16165240832,1233240064,69.0,52.05,68.875,
59911271401518,197.2511376,203.3,18034413568,55540862976,105,1888.0,11.0,28763480064,72237776896,100,16165240832,1233240064,68.0,52.054,68.875,
59911325386027,197.305122109,222.3,18034413568,55540862976,105,1857.0,10.5,28763480064,72237776896,100,16165240832,1233240064,68.0,52.051,68.875,
59911379266470,197.359002552,204.1,18034413568,55540862976,105,1827.0,11.0,28763480064,72237776896,100,16165240832,1233240064,68.0,52.056,68.875,
59911433455323,197.413191405,202.9,18034413568,55540862976,105,1822.0,12.6,28763480064,72237776896,100,16165240832,1233240064,69.0,52.044,68.875,
59911487357146,197.467093228,204.0,18034413568,55540862976,105,1797.0,9.9,28763217920,72238039040,100,16165240832,1233240064,68.0,52.052,68.875,
59911541361161,197.521097243,222.2,18034413568,55540862976,105,1802.0,11.7,28763742208,72237514752,100,16165240832,1233240064,69.0,52.038,68.875,
59911595349156,197.575085238,203.7,18034413568,55540862976,105,1861.0,9.3,28763742208,72237514752,100,16165240832,1233240064,69.0,52.056,68.875,
59911649212638,197.62894872,204.2,18034413568,55540862976,105,1862.0,11.7,28763742208,72237514752,100,16165240832,1233240064,68.0,52.035,68.875,
59911703340115,197.683076197,203.2,18034413568,55540862976,105,1834.0,11.0,28764266496,72236990464,100,16165240832,1233240064,69.0,52.057,68.875,
59911758416764,197.738152846,217.9,18034413568,55540862976,105,1823.0,14.0,28764266496,72236990464,100,16165240832,1233240064,68.0,52.04,68.875,
59911812441648,197.79217773,203.5,18034413568,55540862976,105,1813.0,12.8,28764266496,72236990464,100,16165240832,1233240064,68.0,52.06,68.875,
59911866421428,197.84615751,203.9,18034413568,55540862976,105,1813.0,14.0,28763561984,72237694976,100,16165240832,1233240064,68.0,52.047,68.875,
59911920381089,197.900117171,203.9,18034413568,55540862976,105,1893.0,10.3,28763561984,72237694976,100,16165240832,1233240064,69.0,52.056,68.875,
59911981569262,197.961305344,212.4,18034413568,55540862976,105,1838.0,11.3,28763348992,72237907968,100,16165240832,1233240064,68.0,52.048,68.875,
59912035331523,198.015067605,204.7,18034413568,55540862976,105,1855.0,9.9,28763578368,72237678592,100,16165240832,1233240064,69.0,52.053,68.875,
59912089325079,198.069061161,222.2,18034413568,55540862976,105,1830.0,12.1,28763832320,72237424640,100,16165240832,1233240064,69.0,52.057,69.0,
59912143403383,198.123139465,203.4,18034413568,55540862976,105,1875.0,11.8,28763832320,72237424640,100,16165240832,1233240064,69.0,52.05,69.0,
59912197375679,198.177111761,203.7,18034413568,55540862976,105,1846.0,11.0,28763832320,72237424640,100,16165240832,1233240064,69.0,52.055,69.0,
59912251482287,198.231218369,203.4,18034417664,55540862976,105,1875.0,11.2,28763832320,72237424640,100,16165240832,1233240064,69.0,52.04,69.0,
59912305413675,198.285149757,222.5,18034417664,55540862976,105,1798.0,10.4,28763574272,72237682688,100,16165240832,1233240064,68.0,52.05,69.0,
59912360385738,198.34012182,200.1,18034417664,55540862976,105,1895.0,12.1,28763574272,72237682688,100,16165240832,1233240064,68.0,52.032,69.0,
59912414471977,198.394208059,203.3,18034417664,55540862976,105,1826.0,10.9,28763803648,72237453312,100,16165240832,1233240064,69.0,52.055,69.0,
59912469306772,198.449042854,218.9,18034417664,55540862976,105,1825.0,11.6,28763803648,72237453312,100,16165240832,1233240064,68.0,52.035,69.0,
59912523424010,198.503160092,203.2,18034417664,55540862976,105,1815.0,11.0,28763803648,72237453312,100,16165240832,1233240064,69.0,52.055,69.0,
59912579375400,198.559111482,214.6,18034417664,55540862976,105,1818.0,12.3,28763803648,72237453312,100,16165240832,1233240064,68.0,52.038,69.0,
59912633456510,198.613192592,203.1,18034417664,55540862976,105,1829.0,9.8,28764061696,72237195264,100,16165240832,1233240064,69.0,52.055,69.0,
59912687454904,198.667190986,222.5,18034417664,55540862976,105,1830.0,12.3,28764061696,72237195264,100,16165240832,1233240064,68.0,52.044,69.0,
59912741422180,198.721158262,203.9,18034417664,55540862976,105,1843.0,9.4,28763799552,72237457408,100,16165240832,1233240064,69.0,52.055,69.0,
59912795509391,198.775245473,184.9,18034421760,55540862976,105,1905.0,17.0,28769148928,72232108032,100,16165240832,1233240064,68.0,52.061,69.0,
59912849355870,198.829091952,204.2,18034421760,55540862976,105,1885.0,26.0,28764004352,72237252608,100,16165240832,1233240064,69.0,52.057,69.0,
59912903459321,198.883195403,221.8,18034421760,55540862976,105,1813.0,21.5,28763361280,72237895680,100,16165240832,1233240064,68.0,52.051,69.0,
59912957558234,198.937294316,203.4,18034421760,55540862976,105,1900.0,16.2,28752961536,72248295424,100,16165240832,1233240064,68.0,52.026,69.0,
59913011423659,198.991159741,204.4,18034421760,55540862976,105,1803.0,8.8,28752961536,72248295424,100,16165240832,1233240064,69.0,52.051,69.0,
59913068351393,199.048087475,210.7,18034421760,55540862976,105,1880.0,11.0,28754767872,72246489088,100,16165240832,1233240064,68.0,52.032,69.0,
59913122298741,199.102034823,222.6,18034421760,55540862976,105,1911.0,9.8,28754767872,72246489088,100,16165240832,1233240064,68.0,52.053,69.0,
59913175361188,199.15509727,188.5,18034421760,55540862976,105,1906.0,9.5,28754767872,72246489088,100,16165240832,1233240064,68.0,52.037,69.0,
59913228330701,199.208066783,207.7,18034421760,55540862976,105,1853.0,8.9,28754767872,72246489088,100,16165240832,1233240064,69.0,52.053,69.0,
59913281311084,199.261047166,207.6,18034421760,55540862976,105,1873.0,11.2,28754767872,72246489088,100,16165240832,1233240064,68.0,52.051,69.0,
59913334357822,199.314093904,207.3,18034425856,55540862976,105,1871.0,9.4,28754997248,72246259712,100,16165240832,1233240064,69.0,52.058,69.0,
59913387393308,199.36712939,207.3,18034429952,55540862976,105,1831.0,12.3,28754997248,72246259712,100,16165240832,1233240064,69.0,52.063,69.0,
59913440392937,199.420129019,207.6,18034429952,55540862976,105,1898.0,9.0,28754997248,72246259712,100,16165240832,1233240064,69.0,52.05,69.0,
59913493540844,199.473276926,206.5,18034429952,55540862976,105,1911.0,9.8,28754997248,72246259712,100,16165240832,1233240064,68.0,52.058,69.125,
59913547521214,199.527257296,203.9,18034429952,55540862976,105,1835.0,10.7,28754997248,72246259712,100,16165240832,1233240064,69.0,52.038,69.125,
59913602370876,199.582106958,200.9,18034429952,55540862976,105,1815.0,8.9,28754997248,72246259712,100,16165240832,1233240064,69.0,52.061,69.125,
59913655384361,199.635120443,207.3,18034429952,55540862976,105,1839.0,10.6,28754997248,72246259712,100,16165240832,1233240064,68.0,52.036,69.125,
59913709348100,199.689084182,204.0,18034429952,55540862976,105,1855.0,8.8,28755251200,72246005760,100,16165240832,1233240064,69.0,52.06,69.125,
59913765337883,199.745073965,214.2,18034429952,55540862976,105,1902.0,11.5,28755251200,72246005760,100,16165240832,1233240064,68.0,52.042,69.125,
59913819501316,199.799237398,203.1,18034429952,55540862976,105,1895.0,12.8,28755251200,72246005760,100,16165240832,1233240064,68.0,52.061,69.125,
59913873429458,199.85316554,203.9,18034434048,55540862976,105,1869.0,12.7,28755251200,72246005760,100,16165240832,1233240064,68.0,52.044,69.125,
59913927392917,199.907128999,222.4,18034438144,55540862976,105,1906.0,8.2,28755222528,72246034432,100,16165240832,1233240064,69.0,52.058,69.125,
59913981457044,199.961193126,203.4,18034438144,55540862976,105,1860.0,12.2,28755222528,72246034432,100,16165240832,1233240064,68.0,52.053,69.125,
59914035425782,200.015161864,203.8,18034438144,55540862976,105,1798.0,9.9,28755451904,72245805056,100,16165240832,1233240064,69.0,52.054,69.125,
59914089544352,200.069280434,203.3,18034438144,55540862976,105,1845.0,9.9,28755451904,72245805056,100,16165240832,1233240064,69.0,52.06,69.125,
59914146465523,200.126201605,210.8,18034438144,55540862976,105,1838.0,11.0,28755681280,72245575680,100,16165240832,1233240064,69.0,52.049,69.125,
59914200600032,200.180336114,203.2,18034438144,55540862976,105,1851.0,9.9,28755681280,72245575680,100,16165240832,1233240064,68.0,52.057,69.125,
59914255564409,200.235300491,200.2,18034442240,55540862976,105,1837.0,10.9,28752592896,72248664064,100,16165240832,1233240064,69.0,52.045,69.125,
59914309450733,200.289186815,204.1,18034442240,55540862976,105,1826.0,9.7,28752592896,72248664064,100,16165240832,1233240064,68.0,52.056,69.125,
59914369530514,200.349266596,233.0,18034442240,55540862976,105,1840.0,13.2,28752723968,72248532992,100,16165240832,1233240064,69.0,52.042,69.125,
59914423488502,200.403224584,203.9,18034446336,55540862976,105,1846.0,9.3,28752977920,72248279040,100,16165240832,1233240064,68.0,52.052,69.125,
59914477422535,200.457158617,315.1,18034454528,55540862976,105,1916.0,24.7,28752322560,72248934400,100,16165240832,1233240064,68.0,52.043,69.125,
59914537493929,200.517230011,832.5,18034454528,55540862976,105,1886.0,19.8,28752322560,72248934400,100,16165240832,1233240064,68.0,52.058,69.125,
59914591384881,200.571120963,204.2,18034454528,55540862976,105,1884.0,9.4,28752322560,72248934400,100,16165240832,1233240064,68.0,52.034,69.125,
59914645486118,200.6252222,184.7,18034454528,55540862976,105,1834.0,9.8,28752289792,72248967168,100,16167337984,1233240064,68.0,52.054,69.125,
59914699672825,200.679408907,221.6,18034458624,55540862976,105,1820.0,9.9,28752027648,72249229312,100,16167337984,1233240064,68.0,52.04,69.125,
59914753466163,200.733202245,204.5,18034462720,55540862976,105,1888.0,8.7,28751765504,72249491456,100,16167337984,1233240064,68.0,52.058,69.125,
59914807510022,200.787246104,203.4,18034462720,55540862976,105,1797.0,14.1,28751765504,72249491456,100,16167337984,1233240064,68.0,52.051,69.125,
59914861481014,200.841217096,203.8,18034466816,55540862976,105,1873.0,11.6,28751765504,72249491456,100,16169435136,1233240064,69.0,52.055,69.125,
59914915491531,200.895227613,203.6,18034466816,55540862976,105,1867.0,11.0,28751765504,72249491456,100,16169435136,1233240064,68.0,52.057,69.0,
59914969457253,200.949193335,203.9,18034466816,55540862976,105,1954.0,11.0,28751765504,72249491456,100,16169435136,1233240064,69.0,52.051,69.0,
59915023616709,201.003352791,203.0,18034466816,55540862976,105,1934.0,11.0,28751765504,72249491456,100,16169435136,1233240064,68.0,52.055,69.0,
59915077442268,201.05717835,204.5,18034466816,55540862976,105,1946.0,11.2,28758990848,72242266112,100,16169435136,1233240064,69.0,52.04,69.0,
59915131485065,201.111221147,222.2,18034466816,55540862976,105,1908.0,9.3,28758990848,72242266112,100,16169435136,1233240064,68.0,52.051,69.0,
59915184475827,201.164211909,207.2,18034466816,55540862976,105,1908.0,11.3,28758990848,72242266112,100,16169435136,1233240064,68.0,52.032,69.0,
59915238480893,201.218216975,203.9,18034470912,55540862976,105,1880.0,10.5,28758728704,72242528256,100,16169435136,1233240064,68.0,52.055,69.0,
59915291539973,201.271276055,207.2,18034470912,55540862976,105,1857.0,12.1,28758728704,72242528256,100,16169435136,1233240064,69.0,52.038,69.0,
59915346736826,201.326472908,199.2,18034470912,55540862976,105,1845.0,10.9,28758269952,72242987008,100,16169435136,1233240064,68.0,52.058,69.0,
59915400495981,201.380232063,204.7,18034475008,55540862976,105,1787.0,12.9,28758499328,72242757632,100,16169435136,1233240064,68.0,52.043,69.0,
59915454477002,201.434213084,222.3,18034475008,55540862976,105,1844.0,10.3,28758499328,72242757632,100,16169435136,1233240064,69.0,52.059,69.0,
59915509445306,201.489181388,200.4,18034475008,55540862976,105,1749.0,13.5,28758499328,72242757632,100,16169435136,1233240064,68.0,52.051,69.0,
59915562508523,201.542244605,207.0,18034475008,55540862976,105,1840.0,11.0,28758499328,72242757632,100,16169435136,1233240064,69.0,52.056,69.0,
59915615505426,201.595241508,207.6,18034475008,55540862976,105,1825.0,11.9,28758499328,72242757632,100,16169435136,1233240064,69.0,52.061,69.0,
59915668892382,201.648628464,206.1,18034475008,55540862976,105,1821.0,11.6,28758728704,72242528256,100,16169435136,1233240064,68.0,52.052,69.0,
59915722546418,201.7022825,205.0,18034475008,55540862976,105,1816.0,11.0,28758728704,72242528256,100,16169435136,1233240064,68.0,52.057,69.0,
59915776479589,201.756215671,204.0,18034475008,55540862976,105,1823.0,13.5,28758728704,72242528256,100,16169435136,1233240064,69.0,52.042,69.0,
59915830645186,201.810381268,203.1,18034483200,55540862976,105,1831.0,12.1,28758728704,72242528256,100,16169435136,1233240064,68.0,52.054,69.0,
59915885614863,201.865350945,200.1,18034483200,55540862976,105,1882.0,13.3,28758728704,72242528256,100,16169435136,1233240064,68.0,52.034,69.0,
59915939551931,201.919288013,222.5,18034487296,55540862976,105,1910.0,9.4,28759699456,72241557504,100,16169435136,1233240064,68.0,52.056,69.0,
59915993374223,201.973110305,204.4,18034487296,55540862976,105,1839.0,11.6,28759699456,72241557504,100,16169435136,1233240064,68.0,52.034,69.0,
59916047576750,202.027312832,202.9,18034487296,55540862976,105,1851.0,10.9,28759175168,72242081792,100,16169435136,1233240064,69.0,52.056,69.0,
59916101658459,202.081394541,203.4,18034487296,55540862976,105,1877.0,11.6,28759175168,72242081792,100,16169435136,1233240064,68.0,52.04,69.0,
59916155576221,202.135312303,222.8,18034487296,55540862976,105,1915.0,9.9,28759175168,72242081792,100,16169435136,1233240064,69.0,52.056,69.0,
59916209523398,202.18925948,203.7,18034487296,55540862976,105,1851.0,12.1,28759175168,72242081792,100,16169435136,1233240064,68.0,52.045,69.0,
59916263574861,202.243310943,203.5,18034487296,55540862976,105,1897.0,10.5,28759142400,72242114560,100,16169435136,1233240064,68.0,52.055,69.0,
59916317540793,202.297276875,203.7,18034487296,55540862976,105,1912.0,10.4,28759109632,72242147328,100,16169435136,1233240064,68.0,52.056,69.0,
59916372679066,202.352415148,217.8,18034487296,55540862976,105,1834.0,12.0,28759101440,72242155520,100,16169435136,1233240064,69.0,52.057,69.0,
59916426576751,202.406312833,204.0,18034491392,55540862976,105,1787.0,11.5,28759330816,72241926144,100,16169435136,1233240064,68.0,52.063,69.0,
59916480565786,202.460301868,203.8,18034495488,55540862976,105,1809.0,11.7,28759330816,72241926144,100,16169435136,1233240064,68.0,52.052,69.0,
59916534511039,202.514247121,203.9,18034495488,55540862976,105,1809.0,10.5,28759330816,72241926144,100,16169435136,1233240064,68.0,52.059,69.0,
59916588459488,202.56819557,203.6,18034495488,55540862976,105,1827.0,12.1,28759330816,72241926144,100,16169435136,1233240064,68.0,52.041,69.0,
59916642642848,202.62237893,203.3,18034495488,55540862976,105,1830.0,10.0,28759330816,72241926144,100,16169435136,1233240064,68.0,52.057,69.0,
59916696491580,202.676227662,222.9,18034495488,55540862976,105,1797.0,12.1,28759330816,72241926144,100,16169435136,1233240064,68.0,52.035,69.0,
59916750575854,202.730311936,203.3,18034495488,55540862976,105,1825.0,10.8,28759330816,72241926144,100,16169435136,1233240064,68.0,52.056,69.0,
59916805599422,202.785335504,199.9,18034495488,55540862976,105,1796.0,14.5,28759330816,72241926144,100,16169435136,1233240064,68.0,52.042,69.0,
59916859600830,202.839336912,203.7,18034495488,55540862976,105,1824.0,12.8,28759330816,72241926144,100,16169435136,1233240064,68.0,52.056,69.0,
59916913480570,202.893216652,222.8,18034495488,55540862976,105,1832.0,11.7,28758466560,72242790400,100,16169435136,1233240064,68.0,52.042,69.0,
59916967565175,202.947301257,203.5,18034499584,55540862976,105,1844.0,9.3,28758491136,72242765824,100,16169435136,1233240064,69.0,52.056,69.0,
59917021675548,203.00141163,203.2,18034503680,55540862976,105,1845.0,12.7,28758491136,72242765824,100,16169435136,1233240064,68.0,52.05,69.0,
59917075685382,203.055421464,203.7,18034503680,55540862976,105,1842.0,10.5,28761325568,72239931392,100,16169435136,1233240064,68.0,52.054,69.0,
59917132702212,203.112438294,227.8,18034503680,55540862976,105,1816.0,11.9,28760465408,72240791552,100,16169435136,1233240064,68.0,52.056,69.0,
59917187678220,203.167414302,200.4,18034503680,55540862976,105,1822.0,9.4,28760694784,72240562176,100,16169435136,1233240064,69.0,52.052,69.0,
59917241588036,203.221324118,222.3,18034503680,55540862976,105,1828.0,10.3,28760694784,72240562176,100,16169435136,1233240064,68.0,52.055,69.0,
59917300747789,203.280483871,203.0,18034503680,55540862976,105,1846.0,10.6,28758982656,72242274304,100,16169435136,1233240064,68.0,52.049,69.0,
59917354640453,203.334376535,222.4,18034503680,55540862976,105,1842.0,9.9,28758982656,72242274304,100,16169435136,1233240064,69.0,52.055,69.0,
59917408558696,203.388294778,204.1,18034503680,55540862976,105,1805.0,12.3,28758982656,72242274304,100,16169435136,1233240064,68.0,52.039,69.0,
59917462614817,203.442350899,203.5,18034503680,55540862976,105,1811.0,10.3,28759236608,72242020352,100,16169435136,1233240064,68.0,52.051,69.0,
59917519552137,203.499288219,193.1,18034503680,55540862976,105,1862.0,9.9,28759465984,72241790976,100,16169435136,1233240064,69.0,52.038,69.0,
59917573595804,203.553331886,203.8,18034511872,55540862976,105,1837.0,8.8,28754767872,72246489088,100,16169435136,1233240064,68.0,52.054,69.0,
59917626658550,203.606394632,226.1,18034511872,55540862976,105,1857.0,10.7,28754997248,72246259712,100,16169435136,1233240064,68.0,52.033,69.0,
59917679559352,203.659295434,208.0,18034511872,55540862976,105,1848.0,9.4,28754718720,72246538240,100,16169435136,1233240064,68.0,52.054,69.0,
59917732658516,203.712394598,188.1,18034511872,55540862976,105,1866.0,10.0,28754432000,72246824960,100,16169435136,1233240064,68.0,52.035,69.0,
59917786686615,203.766422697,221.9,18034511872,55540862976,105,1855.0,10.5,28754653184,72246603776,100,16169435136,1233240064,68.0,52.057,69.0,
59917840654871,203.820390953,185.5,18034511872,55540862976,105,1851.0,13.5,28754366464,72246890496,100,16169435136,1233240064,68.0,52.046,69.0,
59917894614500,203.874350582,204.0,18034511872,55540862976,105,1897.0,9.2,28754309120,72246947840,100,16169435136,1233240064,69.0,52.052,69.0,
59917948645734,203.928381816,221.8,18034511872,55540862976,105,1835.0,9.4,28754309120,72246947840,100,16169435136,1233240064,68.0,52.05,69.0,
59918002651441,203.982387523,222.3,18034511872,55540862976,105,1865.0,9.9,28754538496,72246718464,100,16169435136,1233240064,69.0,52.048,69.0,
59918056772864,204.036508946,203.2,18034511872,55540862976,105,1797.0,10.9,28754767872,72246489088,100,16169435136,1233240064,69.0,52.054,69.0,
59918110823805,204.090559887,203.6,18034524160,55540862976,105,1874.0,10.5,28754767872,72246489088,100,16169435136,1233240064,69.0,52.045,69.0,
59918164786962,204.144523044,203.8,18034524160,55540862976,105,1831.0,9.3,28753952768,72247304192,100,16169435136,1233240064,68.0,52.04,69.0,
59918222039854,204.201775936,699.0,18034536448,55540862976,105,1772.0,33.9,28753952768,72247304192,100,16169435136,1233240064,69.0,52.046,69.0,
59918279718726,204.259454808,450.7,18034536448,55540862976,105,1827.0,9.3,28752699392,72248557568,100,16169435136,1233240064,68.0,52.05,69.0,
59918333599588,204.31333567,222.7,18034536448,55540862976,105,1878.0,10.6,28752699392,72248557568,100,16169435136,1233240064,69.0,52.041,69.0,
59918387638646,204.367374728,203.6,18034536448,55540862976,105,1838.0,10.9,28752957440,72248299520,100,16169435136,1233240064,68.0,52.064,69.0,
59918443879128,204.42361521,213.2,18034536448,55540862976,105,1872.0,11.1,28752957440,72248299520,100,16169435136,1233240064,68.0,52.038,69.0,
59918497586704,204.477322786,204.5,18034536448,55540862976,105,1885.0,8.2,28752957440,72248299520,100,16169435136,1233240064,68.0,52.063,69.0,
59918552746467,204.532482549,199.9,18034536448,55540862976,105,1875.0,10.2,28752957440,72248299520,100,16169435136,1233240064,68.0,52.041,69.0,
59918606640974,204.586377056,222.6,18034536448,55540862976,105,1850.0,9.8,28753211392,72248045568,100,16169435136,1233240064,68.0,52.062,69.0,
59918660754001,204.640490083,203.3,18034540544,55540862976,105,1809.0,10.0,28753211392,72248045568,100,16169435136,1233240064,68.0,52.046,69.0,
59918714689175,204.694425257,203.9,18034540544,55540862976,105,1885.0,9.9,28753440768,72247816192,100,16169435136,1233240064,69.0,52.062,69.0,
59918769841132,204.749577214,199.5,18034540544,55540862976,105,1832.0,12.5,28753440768,72247816192,100,16169435136,1233240064,68.0,52.053,69.0,
59918823648105,204.803384187,223.0,18034540544,55540862976,105,1843.0,12.8,28753432576,72247824384,100,16169435136,1233240064,69.0,52.06,69.0,
59918877537964,204.857274046,204.1,18034544640,55540862976,105,1814.0,11.6,28753432576,72247824384,100,16167337984,1233240064,68.0,52.061,69.0,
59918931694382,204.911430464,203.1,18034544640,55540862976,105,1848.0,11.1,28753993728,72247263232,100,16167337984,1233240064,69.0,52.05,69.0,
59918985692444,204.965428526,203.7,18034544640,55540862976,105,1815.0,11.6,28754251776,72247005184,100,16167337984,1233240064,68.0,52.058,69.0,
59919040707825,205.020443907,199.9,18034544640,55540862976,105,1818.0,20.8,28753707008,72247549952,100,16167337984,1233240064,69.0,52.051,69.0,
59919095740148,205.07547623,236.3,18034544640,55540862976,105,1878.0,21.8,28757835776,72243421184,100,16167337984,1233240064,68.0,52.066,69.0,
59919148573173,205.128309255,189.4,18034544640,55540862976,105,1793.0,26.8,28757835776,72243421184,100,16167337984,1233240064,68.0,52.041,69.0,
59919201869747,205.181605829,205.8,18034548736,55540862976,105,1860.0,15.6,28758319104,72242937856,100,16167337984,1233240064,68.0,52.05,69.0,
59919256634829,205.236370911,201.2,18034548736,55540862976,105,1833.0,13.2,28758835200,72242421760,100,16167337984,1233240064,68.0,52.038,69.0,
59919310684447,205.290420529,203.6,18034548736,55540862976,105,1843.0,9.8,28759568384,72241688576,100,16167337984,1233240064,68.0,52.052,69.0,
59919364734256,205.344470338,221.9,18034548736,55540862976,105,1841.0,12.2,28759568384,72241688576,100,16167337984,1233240064,68.0,52.051,69.0,
59919418745893,205.398481975,203.7,18034552832,55540862976,105,1837.0,12.1,28760051712,72241205248,100,16167337984,1233240064,69.0,52.05,69.0,
59919472701835,205.452437917,203.8,18034552832,55540862976,105,1814.0,11.4,28760051712,72241205248,100,16167337984,1233240064,69.0,52.056,69.0,
59919527754055,205.507490137,199.9,18034552832,55540862976,105,1803.0,11.6,28760023040,72241233920,100,16167337984,1233240064,69.0,52.046,69.0,
59919581705940,205.561442022,222.4,18034552832,55540862976,105,1859.0,10.5,28760023040,72241233920,100,16167337984,1233240064,68.0,52.055,69.0,
59919637762986,205.617499068,196.2,18034552832,55540862976,105,1837.0,12.8,28758990848,72242266112,100,16167337984,1233240064,69.0,52.039,69.0,
59919691676960,205.671413042,204.3,18034552832,55540862976,105,1845.0,8.8,28758990848,72242266112,100,16167337984,1233240064,68.0,52.052,69.0,
59919744662049,205.724398131,226.3,18034556928,55540862976,105,1809.0,12.9,28758990848,72242266112,100,16167337984,1233240064,68.0,52.032,69.0,
59919798724020,205.778460102,203.4,18034556928,55540862976,105,1822.0,12.2,28758990848,72242266112,100,16167337984,1233240064,68.0,52.06,69.0,
59919852619078,205.83235516,204.1,18034556928,55540862976,105,1891.0,14.5,28760010752,72241246208,100,16167337984,1233240064,68.0,52.037,69.0,
59919906662615,205.886398697,203.7,18034556928,55540862976,105,1855.0,9.9,28761018368,72240238592,100,16167337984,1233240064,68.0,52.051,69.0,
59919959722475,205.939458557,207.3,18034556928,55540862976,105,1817.0,11.2,28761018368,72240238592,100,16167337984,1233240064,68.0,52.042,69.0,
59920013722279,205.993458361,203.8,18034561024,55540862976,105,1858.0,9.4,28760756224,72240500736,100,16167337984,1233240064,69.0,52.055,69.0,
59920067704280,206.047440362,203.7,18034561024,55540862976,105,1874.0,11.0,28760756224,72240500736,100,16167337984,1233240064,68.0,52.052,69.0,
59920120706892,206.100442974,207.5,18034561024,55540862976,105,1845.0,10.6,28760756224,72240500736,100,16167337984,1233240064,69.0,52.048,69.0,
59920174724490,206.154460572,203.5,18034565120,55540862976,105,1852.0,11.0,28760756224,72240500736,100,16167337984,1233240064,68.0,52.053,69.0,
59920230018334,206.209754416,217.1,18034565120,55540862976,105,1895.0,11.4,28760756224,72240500736,100,16167337984,1233240064,68.0,52.04,69.0,
59920283698218,206.2634343,205.1,18034569216,55540862976,105,1849.0,10.5,28760985600,72240271360,100,16167337984,1233240064,68.0,52.053,69.0,
59920338750168,206.31848625,199.8,18034569216,55540862976,105,1836.0,12.5,28760985600,72240271360,100,16167337984,1233240064,68.0,52.033,69.0,
59920392639274,206.372375356,204.1,18034569216,55540862976,105,1850.0,10.5,28761731072,72239525888,100,16167337984,1233240064,68.0,52.052,69.0,
59920445718360,206.425454442,207.3,18034569216,55540862976,105,1862.0,11.3,28761960448,72239296512,100,16167337984,1233240064,68.0,52.029,69.0,
59920498667261,206.478403343,207.7,18034569216,55540862976,105,1870.0,9.9,28762443776,72238813184,100,16167337984,1233240064,68.0,52.053,69.0,
59920551820697,206.531556779,206.8,18034573312,55540862976,105,1828.0,11.7,28762443776,72238813184,100,16167337984,1233240064,68.0,52.035,69.0,
59920605757452,206.585493534,204.0,18034573312,55540862976,105,1905.0,9.8,28762673152,72238583808,100,16167337984,1233240064,69.0,52.053,69.0,
59920660773214,206.640509296,218.1,18034573312,55540862976,105,1839.0,11.5,28762902528,72238354432,100,16167337984,1233240064,68.0,52.04,69.0,
59920714698839,206.694434921,204.0,18034573312,55540862976,105,1835.0,10.5,28762902528,72238354432,100,16167337984,1233240064,69.0,52.055,69.0,
59920770894315,206.750630397,195.7,18034573312,55540862976,105,1836.0,11.3,28762902528,72238354432,100,16167337984,1233240064,68.0,52.053,69.0,
59920824769705,206.804505787,222.7,18034577408,55540862976,105,1824.0,12.8,28762902528,72238354432,100,16167337984,1233240064,68.0,52.053,69.0,
59920879894832,206.859630914,199.5,18034577408,55540862976,105,1799.0,13.0,28762902528,72238354432,100,16167337984,1233240064,69.0,52.052,69.0,
59920933767758,206.91350384,204.2,18034577408,55540862976,105,1826.0,10.5,28762894336,72238362624,100,16167337984,1233240064,69.0,52.04,69.0,
59920987810893,206.967546975,203.5,18034577408,55540862976,105,1853.0,8.7,28763123712,72238133248,100,16167337984,1233240064,69.0,52.049,69.0,
59921043747784,207.023483866,232.0,18034577408,55540862976,105,1801.0,12.3,28763381760,72237875200,100,16167337984,1233240064,68.0,52.029,69.0,
59921097859718,207.0775958,203.7,18034577408,55540862976,105,1848.0,11.1,28767473664,72233783296,100,16167337984,1233240064,68.0,52.053,69.0,
59921151759345,207.131495427,204.0,18034581504,55540862976,105,1844.0,11.0,28767956992,72233299968,100,16167337984,1233240064,69.0,52.028,69.0,
59921205860649,207.185596731,202.8,18034581504,55540862976,105,1856.0,9.2,28767440896,72233816064,100,16167337984,1233240064,68.0,52.052,69.0,
59921266038231,207.245774313,216.5,18034581504,55540862976,105,1831.0,11.0,28767670272,72233586688,100,16167337984,1233240064,69.0,52.033,69.0,
59921319748581,207.299484663,204.8,18034581504,55540862976,105,1859.0,8.8,28767899648,72233357312,100,16167337984,1233240064,69.0,52.053,69.0,
59921373847642,207.353583724,221.8,18034585600,55540862976,105,1838.0,11.0,28767080448,72234176512,100,16167337984,1233240064,68.0,52.04,69.0,
59921427751215,207.407487297,185.6,18034585600,55540862976,105,1859.0,9.3,28766982144,72234274816,100,16167337984,1233240064,69.0,52.058,69.0,
59921481800763,207.461536845,221.8,18034585600,55540862976,105,1844.0,11.0,28767465472,72233791488,100,16167337984,1233240064,68.0,52.042,69.0,
59921535934528,207.51567061,203.2,18034585600,55540862976,105,1888.0,9.8,28767432704,72233824256,100,16167337984,1233240064,70.0,52.06,69.0,
59921589902562,207.569638644,203.8,18034585600,55540862976,105,1827.0,11.7,28767268864,72233988096,100,16167337984,1233240064,68.0,52.05,69.0,
59921644816101,207.624552183,218.6,18034585600,55540862976,105,1859.0,11.3,28767006720,72234250240,100,16167337984,1233240064,69.0,52.054,69.0,
59921698757505,207.678493587,203.9,18034585600,55540862976,105,1804.0,10.5,28767236096,72234020864,100,16167337984,1233240064,69.0,52.059,69.0,
59921752769302,207.732505384,185.2,18034589696,55540862976,105,1857.0,10.5,28767203328,72234053632,100,16167337984,1233240064,69.0,52.052,69.0,
59921807918393,207.787654475,217.6,18034589696,55540862976,105,1790.0,13.6,28767203328,72234053632,100,16167337984,1233240064,68.0,52.06,69.125,
59921861796899,207.841532981,204.2,18034589696,55540862976,105,1798.0,12.9,28766683136,72234573824,100,16167337984,1233240064,68.0,52.043,69.0,
59921915944841,207.895680923,221.5,18034593792,55540862976,105,1797.0,11.9,28765839360,72235417600,100,16167337984,1233240064,68.0,52.047,69.0,
59921970902112,207.950638194,291.3,18034610176,55540862976,105,1751.0,20.1,28765671424,72235585536,100,16167337984,1233240064,68.0,52.034,69.0,
59922025879641,208.005615723,909.4,18034610176,55540862976,105,1859.0,25.4,28765671424,72235585536,100,16167337984,1233240064,69.0,52.056,69.0,
59922079881569,208.059617651,203.8,18034610176,55540862976,105,1875.0,11.0,28765671424,72235585536,100,16167337984,1233240064,68.0,52.036,69.0,
59922133785162,208.113521244,204.1,18034610176,55540862976,105,1889.0,8.8,28765671424,72235585536,100,16167337984,1233240064,68.0,52.056,69.0,
59922188820329,208.168556411,199.8,18034610176,55540862976,105,1853.0,10.2,28765671424,72235585536,100,16167337984,1233240064,68.0,52.037,69.0,
59922242750593,208.222486675,204.0,18034610176,55540862976,105,1879.0,8.7,28765925376,72235331584,100,16167337984,1233240064,68.0,52.055,69.0,
59922296911389,208.276647471,203.0,18034610176,55540862976,105,1919.0,11.0,28764065792,72237191168,100,16167337984,1233240064,68.0,52.043,69.0,
59922350877820,208.330613902,222.6,18034614272,55540862976,105,1907.0,8.2,28764065792,72237191168,100,16167337984,1233240064,69.0,52.054,69.0,
59922403884679,208.383620761,207.1,18034614272,55540862976,105,1814.0,11.2,28764065792,72237191168,100,16167337984,1233240064,68.0,52.051,69.0,
59922458789292,208.438525374,200.5,18034618368,55540862976,105,1868.0,9.7,28763803648,72237453312,100,16167337984,1233240064,68.0,52.05,69.0,
59922512787142,208.492523224,203.6,18034618368,55540862976,105,1833.0,9.9,28763803648,72237453312,100,16167337984,1233240064,68.0,52.056,69.0,
59922566860343,208.546596425,221.9,18034618368,55540862976,105,1847.0,10.4,28763803648,72237453312,100,16167337984,1233240064,69.0,52.046,69.0,
59922622860932,208.602597014,196.4,18034618368,55540862976,105,1797.0,11.1,28763803648,72237453312,100,16167337984,1233240064,68.0,52.054,69.0,
59922676907513,208.656643595,222.1,18034618368,55540862976,105,1859.0,10.0,28763803648,72237453312,100,16167337984,1233240064,69.0,52.041,69.0,
59922730868033,208.710604115,203.2,18034618368,55540862976,105,1828.0,10.3,28763803648,72237453312,100,16167337984,1233240064,68.0,52.051,69.0,
59922784993863,208.764729945,203.7,18034618368,55540862976,105,1835.0,11.7,28764303360,72236953600,100,16167337984,1233240064,68.0,52.036,69.0,
59922838890834,208.818626916,204.6,18034618368,55540862976,105,1858.0,10.7,28765851648,72235405312,100,16167337984,1233240064,68.0,52.055,69.0,
59922892773808,208.87250989,203.9,18034622464,55540862976,105,1776.0,12.8,28765835264,72235421696,100,16167337984,1233240064,68.0,52.031,69.0,
59922946839525,208.926575607,222.1,18034622464,55540862976,105,1835.0,9.8,28765835264,72235421696,100,16167337984,1233240064,68.0,52.052,69.0,
59923001818947,208.981555029,200.0,18034622464,55540862976,105,1843.0,10.9,28765376512,72235880448,100,16167337984,1233240064,68.0,52.036,69.0,
59923055761643,209.035497725,204.1,18034626560,55540862976,105,1939.0,10.5,28765605888,72235651072,100,16167337984,1233240064,69.0,52.055,69.0,
59923108879140,209.088615222,207.0,18034626560,55540862976,105,1805.0,11.8,28767670272,72233586688,100,16167337984,1233240064,68.0,52.045,69.0,
59923161917369,209.141653451,207.4,18034626560,55540862976,105,1903.0,10.1,28767670272,72233586688,100,16167337984,1233240064,69.0,52.049,69.0,
59923214886658,209.19462274,207.6,18034626560,55540862976,105,1805.0,10.1,28767899648,72233357312,100,16167337984,1233240064,68.0,52.054,69.0,
59923268809126,209.248545208,203.8,18034626560,55540862976,105,1836.0,10.5,28768129024,72233127936,100,16167337984,1233240064,69.0,52.044,69.0,
59923322831592,209.302567674,203.6,18034626560,55540862976,105,1778.0,10.3,28768129024,72233127936,100,16167337984,1233240064,68.0,52.05,69.0,
59923377986443,209.357722525,217.6,18034626560,55540862976,105,1856.0,13.1,28768129024,72233127936,100,16167337984,1233240064,68.0,52.048,69.0,
59923431954087,209.411690169,203.6,18034630656,55540862976,105,1840.0,10.3,28768129024,72233127936,100,16167337984,1233240064,68.0,52.053,69.0,
59923486010115,209.465746197,203.7,18034630656,55540862976,105,1773.0,12.4,28768645120,72232611840,100,16167337984,1233240064,68.0,52.037,69.0,
59923539907566,209.519643648,204.1,18034630656,55540862976,105,1856.0,10.5,28768120832,72233136128,100,16167337984,1233240064,68.0,52.058,69.0,
59923593977320,209.573713402,221.8,18034634752,55540862976,105,1804.0,12.1,28768120832,72233136128,100,16167337984,1233240064,68.0,52.037,69.0,
59923647911460,209.627647542,185.5,18034634752,55540862976,105,1826.0,10.5,28768120832,72233136128,100,16167337984,1233240064,68.0,52.055,69.0,
59923701821465,209.681557547,204.1,18034634752,55540862976,105,1765.0,12.6,28768120832,72233136128,100,16167337984,1233240064,68.0,52.04,69.0,
59923756987397,209.736723479,217.3,18034634752,55540862976,105,1837.0,9.7,28768636928,72232620032,100,16167337984,1233240064,68.0,52.056,69.0,
59923811095563,209.790831645,222.0,18034634752,55540862976,105,1808.0,14.0,28768636928,72232620032,100,16167337984,1233240064,68.0,52.049,69.0,
59923865866484,209.845602566,200.9,18034634752,55540862976,105,1849.0,11.6,28767641600,72233615360,100,16167337984,1233240064,68.0,52.056,69.0,
59923919767682,209.899503764,185.6,18034634752,55540862976,105,1863.0,11.0,28766302208,72234954752,100,16167337984,1233240064,68.0,52.053,69.0,
59923974913066,209.954649148,217.7,18034638848,55540862976,105,1868.0,10.8,28766040064,72235216896,100,16167337984,1233240064,68.0,52.051,69.0,
59924028959577,210.008695659,221.7,18034638848,55540862976,105,1830.0,11.0,28765777920,72235479040,100,16167337984,1233240064,68.0,52.056,69.0,
59924082971963,210.062708045,203.7,18034638848,55540862976,105,1886.0,12.3,28766035968,72235220992,100,16167337984,1233240064,68.0,52.045,69.0,
59924136973339,210.116709421,203.6,18034642944,55540862976,105,1853.0,10.2,28766035968,72235220992,100,16167337984,1233240064,68.0,52.053,69.0,
59924192265348,210.17200143,217.4,18034647040,55540862976,105,1841.0,11.8,28766257152,72234999808,100,16167337984,1233240064,69.0,52.035,69.0,
59924244774603,210.224510685,190.5,18034647040,55540862976,105,1854.0,8.9,28766257152,72234999808,100,16167337984,1233240064,68.0,52.053,69.0,
59924297747849,210.277483931,207.6,18034647040,55540862976,105,1796.0,11.2,28765634560,72235622400,100,16167337984,1233240064,68.0,52.03,69.0,
59924350918105,210.330654187,206.7,18034647040,55540862976,105,1827.0,10.6,28765634560,72235622400,100,16167337984,1233240064,69.0,52.055,69.0,
59924403771045,210.383507127,189.5,18034647040,55540862976,105,1801.0,13.5,28765634560,72235622400,100,16167337984,1233240064,68.0,52.043,69.0,
59924457076895,210.436812977,205.6,18034647040,55540862976,105,1864.0,10.5,28765634560,72235622400,100,16167337984,1233240064,68.0,52.06,69.0,
59924510927077,210.490663159,204.7,18034651136,55540862976,105,1825.0,11.8,28765634560,72235622400,100,16167337984,1233240064,68.0,52.047,69.0,
59924564903095,210.544639177,222.3,18034651136,55540862976,105,1864.0,9.9,28765376512,72235880448,100,16167337984,1233240064,69.0,52.061,69.0,
59924619902154,210.599638236,200.0,18034651136,55540862976,105,1798.0,12.5,28765376512,72235880448,100,16167337984,1233240064,68.0,52.055,69.0,
59924673943875,210.653679957,203.6,18034651136,55540862976,105,1846.0,10.6,28765605888,72235651072,100,16167337984,1233240064,69.0,52.054,69.0,
59924728979893,210.708715975,218.0,18034651136,55540862976,105,1834.0,11.4,28765237248,72236019712,100,16167337984,1233240064,69.0,52.059,69.0,
59924782897932,210.762634014,204.0,18034655232,55540862976,105,1844.0,13.5,28765466624,72235790336,100,16167337984,1233240064,69.0,52.054,69.0,
59924837021267,210.816757349,203.3,18034655232,55540862976,105,1883.0,14.5,28765720576,72235536384,100,16167337984,1233240064,68.0,52.06,69.0,
59924891020218,210.8707563,203.7,18034655232,55540862976,105,1843.0,11.6,28764569600,72236687360,100,16167337984,1233240064,68.0,52.035,69.0,
59924945012066,210.924748148,203.8,18034655232,55540862976,105,1863.0,9.3,28764549120,72236707840,100,16167337984,1233240064,68.0,52.054,69.0,
59925002071973,210.981808055,227.7,18034655232,55540862976,105,1853.0,10.4,28764545024,72236711936,100,16167337984,1233240064,68.0,52.034,69.0,
59925056012895,211.035748977,204.1,18034659328,55540862976,105,1860.0,9.4,28764282880,72236974080,100,16167337984,1233240064,69.0,52.054,69.0,
59925109791583,211.089527665,204.5,18034659328,55540862976,105,1827.0,12.1,28764540928,72236716032,100,16167337984,1233240064,69.0,52.033,69.0,
59925163875954,211.143612036,203.5,18034659328,55540862976,105,1825.0,10.4,28764540928,72236716032,100,16167337984,1233240064,68.0,52.054,69.0,
59925217931151,211.197667233,221.8,18034659328,55540862976,105,1834.0,10.5,28764540928,72236716032,100,16167337984,1233240064,68.0,52.037,69.0,
59925272009742,211.251745824,202.9,18034659328,55540862976,105,1857.0,9.6,28764770304,72236486656,100,16167337984,1233240064,68.0,52.053,69.0,
59925327075395,211.306811477,200.3,18034663424,55540862976,105,1831.0,11.1,28764770304,72236486656,100,16167337984,1233240064,68.0,52.04,69.0,
59925381026587,211.360762669,203.9,18034663424,55540862976,105,1886.0,8.8,28764999680,72236257280,100,16167337984,1233240064,69.0,52.055,69.0,
59925434908819,211.414644901,204.1,18034663424,55540862976,105,1839.0,11.6,28764999680,72236257280,100,16167337984,1233240064,68.0,52.046,69.0,
59925488976909,211.468712991,221.9,18034663424,55540862976,105,1840.0,9.9,28765229056,72236027904,100,16167337984,1233240064,69.0,52.051,69.0,
59925542890590,211.522626672,204.1,18034663424,55540862976,105,1856.0,9.4,28765458432,72235798528,100,16167337984,1233240064,69.0,52.055,69.0,
59925596977135,211.576713217,203.3,18034667520,55540862976,105,1847.0,10.4,28765458432,72235798528,100,16167337984,1233240064,69.0,52.047,69.0,
59925650984562,211.630720644,203.6,18034667520,55540862976,105,1823.0,10.1,28765581312,72235675648,100,16167337984,1233240064,68.0,52.039,69.0,
59925709162228,211.68889831,929.0,18034683904,55540862976,105,1906.0,35.8,28765581312,72235675648,100,16167337984,1233240064,69.0,52.046,69.0,
59925763941664,211.743677746,219.2,18034688000,55540862976,105,1809.0,8.2,28765810688,72235446272,100,16167337984,1233240064,68.0,52.053,69.0,
59925818061451,211.797797533,221.6,18034688000,55540862976,105,1802.0,14.3,28765999104,72235257856,100,16167337984,1233240064,68.0,52.034,69.0,
59925872041306,211.851777388,203.8,18034688000,55540862976,105,1805.0,11.1,28764966912,72236290048,100,16163143680,1233240064,68.0,52.052,69.0,
59925925989872,211.905725954,203.8,18034688000,55540862976,105,1836.0,10.5,28763881472,72237375488,100,16163143680,1233240064,68.0,52.031,69.0,
59925979929632,211.959665714,204.1,18034688000,55540862976,105,1882.0,9.3,28764110848,72237146112,100,16163143680,1233240064,68.0,52.052,69.0,
59926033883558,212.01361964,203.8,18034692096,55540862976,105,1808.0,9.9,28764078080,72237178880,100,16163143680,1233240064,68.0,52.036,69.0,
59926087965344,212.067701426,203.4,18034692096,55540862976,105,1873.0,8.1,28763811840,72237445120,100,16163143680,1233240064,69.0,52.051,69.0,
59926142071296,212.121807378,221.8,18034692096,55540862976,105,1779.0,10.5,28763811840,72237445120,100,16163143680,1233240064,68.0,52.042,69.0,
59926196055179,212.175791261,203.8,18034696192,55540862976,105,1843.0,8.7,28764041216,72237215744,100,16163143680,1233240064,69.0,52.052,69.0,
59926249949683,212.229685765,204.0,18034696192,55540862976,105,1821.0,11.6,28764041216,72237215744,100,16163143680,1233240064,69.0,52.053,69.0,
59926304022523,212.283758605,203.5,18034696192,55540862976,105,1860.0,9.9,28761178112,72240078848,100,16163143680,1233240064,69.0,52.045,69.0,
59926357938127,212.337674209,204.0,18034696192,55540862976,105,1819.0,10.4,28760817664,72240439296,100,16163143680,1233240064,69.0,52.052,69.0,
59926412016928,212.39175301,221.9,18034696192,55540862976,105,1859.0,11.6,28761276416,72239980544,100,16163143680,1233240064,69.0,52.047,69.0,
59926466024855,212.445760937,203.8,18034696192,55540862976,105,1812.0,9.4,28761276416,72239980544,100,16163143680,1233240064,68.0,52.051,69.0,
59926520019127,212.499755209,203.6,18034696192,55540862976,105,1841.0,10.5,28761276416,72239980544,100,16163143680,1233240064,69.0,52.031,69.0,
59926573998851,212.553734933,203.7,18034696192,55540862976,105,1848.0,8.7,28761276416,72239980544,100,16163143680,1233240064,68.0,52.056,69.0,
59926628149607,212.607885689,203.2,18034700288,55540862976,105,1828.0,10.5,28761276416,72239980544,100,16163143680,1233240064,68.0,52.034,69.0,
59926681945897,212.661681979,204.7,18034704384,55540862976,105,1819.0,9.4,28760817664,72240439296,100,16163143680,1233240064,69.0,52.056,69.125,
59926734935603,212.714671685,226.5,18034704384,55540862976,105,1816.0,10.1,28760817664,72240439296,100,16163143680,1233240064,68.0,52.037,69.125,
59926787964241,212.767700323,207.4,18034704384,55540862976,105,1838.0,9.9,28759932928,72241324032,100,16163143680,1233240064,69.0,52.059,69.125,
59926842141346,212.821877428,203.1,18034704384,55540862976,105,1820.0,13.4,28761481216,72239775744,100,16163143680,1233240064,68.0,52.049,69.125,
59926895025193,212.874761275,208.0,18034704384,55540862976,105,1887.0,10.1,28760244224,72241012736,100,16167337984,1233240064,69.0,52.052,69.125,
59926952113513,212.931849595,192.7,18034704384,55540862976,105,1872.0,11.5,28760809472,72240447488,100,16167337984,1233240064,69.0,52.054,69.125,
59927004993934,212.984730016,208.0,18034704384,55540862976,105,1842.0,10.7,28761038848,72240218112,100,16167337984,1233240064,69.0,52.045,69.125,
59927057952361,213.037688443,226.5,18034704384,55540862976,105,1843.0,9.5,28761292800,72239964160,100,16167337984,1233240064,69.0,52.053,69.125,
59927111128277,213.090864359,206.8,18034704384,55540862976,105,1896.0,30.4,28764123136,72237133824,100,16167337984,1233240064,68.0,52.046,69.125,
59927164995550,213.144731632,204.2,18034704384,55540862976,105,1886.0,20.0,28756185088,72245071872,100,16167337984,1233240064,68.0,52.06,69.125,
59927219159680,213.198895762,203.3,18034712576,55540862976,105,1921.0,11.6,28756185088,72245071872,100,16167337984,1233240064,68.0,52.03,69.0,
59927272959517,213.252695599,185.8,18034712576,55540862976,105,1890.0,9.4,28756185088,72245071872,100,16167337984,1233240064,68.0,52.05,69.0,
59927329024857,213.308760939,231.9,18034712576,55540862976,105,1877.0,11.7,28756185088,72245071872,100,16167337984,1233240064,68.0,52.036,69.0,
59927382995544,213.362731626,203.8,18034712576,55540862976,105,1913.0,9.4,28756185088,72245071872,100,16167337984,1233240064,68.0,52.051,69.0,
59927435869011,213.415605093,189.3,18034712576,55540862976,105,1959.0,11.9,28756185088,72245071872,100,16167337984,1233240064,68.0,52.049,69.0,
59927490036308,213.46977239,221.4,18034712576,55540862976,105,1973.0,10.3,28756185088,72245071872,100,16167337984,1233240064,69.0,52.046,69.0,
59927542934171,213.522670253,207.7,18034712576,55540862976,105,1859.0,9.5,28756701184,72244555776,100,16167337984,1233240064,69.0,52.05,69.0,
59927597136613,213.576872695,202.9,18034712576,55540862976,105,1890.0,11.5,28755881984,72245374976,100,16167337984,1233240064,69.0,52.04,69.0,
59927651062706,213.630798788,222.5,18034712576,55540862976,105,1910.0,9.4,28755881984,72245374976,100,16167337984,1233240064,69.0,52.047,69.0,
59927705008456,213.684744538,203.9,18034712576,55540862976,105,1957.0,11.6,28755881984,72245374976,100,16167337984,1233240064,68.0,52.032,69.0,
59927759059895,213.738795977,203.6,18034720768,55540862976,105,1867.0,9.9,28755881984,72245374976,100,16167337984,1233240064,68.0,52.05,69.0,
59927814029718,213.7937658,200.1,18034720768,55540862976,105,1850.0,16.3,28768231424,72233025536,100,16167337984,1233240064,68.0,52.038,69.0,
59927868212453,213.847948535,203.0,18034720768,55540862976,105,1918.0,12.6,28766253056,72235003904,100,16167337984,1233240064,68.0,52.049,69.0,
59927922054969,213.901791051,204.4,18034720768,55540862976,105,1860.0,12.2,28764971008,72236285952,100,16167337984,1233240064,68.0,52.034,69.0,
59927976062165,213.955798247,222.1,18034720768,55540862976,105,1894.0,9.9,28764971008,72236285952,100,16167337984,1233240064,69.0,52.049,69.0,
59928030119545,214.009855627,203.5,18034720768,55540862976,105,1829.0,10.5,28764971008,72236285952,100,16167337984,1233240064,68.0,52.044,69.0,
59928084042472,214.063778554,204.1,18034720768,55540862976,105,1908.0,11.1,28764971008,72236285952,100,16167337984,1233240064,69.0,52.046,69.0,
59928138050329,214.117786411,203.7,18034720768,55540862976,105,1866.0,9.3,28764971008,72236285952,100,16167337984,1233240064,68.0,52.051,69.0,
59928192418763,214.172154845,202.3,18034720768,55540862976,105,1826.0,11.6,28764942336,72236314624,100,16167337984,1233240064,69.0,52.041,69.0,
59928246069900,214.225805982,223.7,18034720768,55540862976,105,1874.0,9.4,28764942336,72236314624,100,16167337984,1233240064,68.0,52.05,69.0,
59928299024579,214.278760661,207.7,18034724864,55540862976,105,1931.0,10.7,28765171712,72236085248,100,16167337984,1233240064,68.0,52.033,69.0,
59928351992424,214.331728506,188.8,18034733056,55540862976,105,1977.0,9.6,28765171712,72236085248,100,16167337984,1233240064,68.0,52.05,69.0,
59928406058059,214.385794141,203.5,18034733056,55540862976,105,1938.0,11.6,28764876800,72236380160,100,16167337984,1233240064,68.0,52.035,69.0,
59928459008761,214.438744843,207.7,18034733056,55540862976,105,1934.0,9.5,28764876800,72236380160,100,16167337984,1233240064,69.0,52.058,69.0,
59928513189182,214.492925264,203.0,18034733056,55540862976,105,1841.0,10.5,28764876800,72236380160,100,16167337984,1233240064,68.0,52.039,69.0,
59928566023315,214.545759397,208.5,18034733056,55540862976,105,1927.0,9.0,28765106176,72236150784,100,16167337984,1233240064,69.0,52.057,69.0,
59928621007424,214.600743506,218.3,18034733056,55540862976,105,1837.0,11.3,28765335552,72235921408,100,16167337984,1233240064,68.0,52.045,69.0,
59928674241798,214.65397788,206.3,18034733056,55540862976,105,1860.0,9.9,28765306880,72235950080,100,16167337984,1233240064,69.0,52.056,69.0,
59928728183761,214.707919843,203.9,18034733056,55540862976,105,1833.0,11.6,28765536256,72235720704,100,16167337984,1233240064,68.0,52.053,69.0,
59928784131139,214.763867221,214.5,18034733056,55540862976,105,1906.0,12.4,28765536256,72235720704,100,16167337984,1233240064,68.0,52.055,69.0,
59928839249179,214.818985261,199.5,18034737152,55540862976,105,1820.0,13.0,28764901376,72236355584,100,16167337984,1233240064,68.0,52.059,69.0,
59928893094811,214.872830893,204.3,18034741248,55540862976,105,1870.0,10.7,28763574272,72237682688,100,16167337984,1233240064,68.0,52.042,69.0,
59928947183008,214.92691909,203.4,18034741248,55540862976,105,1864.0,9.8,28763635712,72237621248,100,16167337984,1233240064,68.0,52.049,69.0,
59929001206414,214.980942496,203.6,18034741248,55540862976,105,1876.0,10.4,28763447296,72237809664,100,16167337984,1233240064,69.0,52.033,69.0,
59929055080970,215.034817052,204.2,18034741248,55540862976,105,1852.0,9.4,28763422720,72237834240,100,16167337984,1233240064,68.0,52.053,69.0,
59929108972989,215.088709071,222.6,18034741248,55540862976,105,1842.0,12.1,28763680768,72237576192,100,16167337984,1233240064,68.0,52.03,69.0,
59929163044676,215.142780758,203.4,18034741248,55540862976,105,1881.0,9.3,28763652096,72237604864,100,16167337984,1233240064,69.0,52.055,69.0,
59929217078581,215.196814663,203.6,18034741248,55540862976,105,1816.0,9.9,28763652096,72237604864,100,16167337984,1233240064,68.0,52.033,69.0,
59929271173862,215.250909944,203.1,18034741248,55540862976,105,1894.0,9.2,28763652096,72237604864,100,16167337984,1233240064,68.0,52.052,69.0,
59929325072373,215.304808455,223.0,18034741248,55540862976,105,1792.0,10.0,28763652096,72237604864,100,16167337984,1233240064,68.0,52.041,69.0,
59929379135303,215.358871385,203.5,18034745344,55540862976,105,1904.0,9.8,28763017216,72238239744,100,16167337984,1233240064,69.0,52.054,69.0,
59929435139336,215.414875418,214.3,18034745344,55540862976,105,1837.0,11.7,28763017216,72238239744,100,16167337984,1233240064,68.0,52.049,69.0,
59929492748052,215.472484134,833.6,18034765824,55540862976,105,1849.0,30.1,28763246592,72238010368,100,16167337984,1233240064,69.0,52.059,69.0,
59929546057307,215.525793389,206.2,18034769920,55540862976,105,1817.0,9.4,28763729920,72237527040,100,16167337984,1233240064,69.0,52.058,69.0,
59929600156455,215.579892537,203.4,18034769920,55540862976,105,1942.0,8.8,28763729920,72237527040,100,16167337984,1233240064,68.0,52.048,69.0,
59929654122983,215.633859065,203.8,18034769920,55540862976,105,1885.0,8.7,28763983872,72237273088,100,16167337984,1233240064,68.0,52.054,69.0,
59929708145226,215.687881308,222.1,18034769920,55540862976,105,1924.0,9.3,28764213248,72237043712,100,16167337984,1233240064,68.0,52.04,69.0,
59929762145468,215.74188155,203.6,18034769920,55540862976,105,1899.0,8.7,28764442624,72236814336,100,16167337984,1233240064,68.0,52.053,69.0,
59929816074096,215.795810178,204.0,18034774016,55540862976,105,1875.0,11.8,28762402816,72238854144,100,16167337984,1233240064,69.0,52.039,69.0,
59929870091329,215.849827411,203.7,18034774016,55540862976,105,1844.0,12.1,28762140672,72239116288,100,16167337984,1233240064,69.0,52.054,69.0,
59929924120616,215.903856698,203.6,18034774016,55540862976,105,1798.0,10.5,28761165824,72240091136,100,16167337984,1233240064,68.0,52.033,69.0,
59929978157677,215.957893759,222.0,18034774016,55540862976,105,1893.0,8.7,28761395200,72239861760,100,16167337984,1233240064,68.0,52.054,69.0,
59930032214414,216.011950496,203.5,18034774016,55540862976,105,1829.0,11.0,28761624576,72239632384,100,16167337984,1233240064,68.0,52.035,69.0,
59930086233882,216.065969964,203.3,18034774016,55540862976,105,1858.0,9.0,28761853952,72239403008,100,16167337984,1233240064,68.0,52.051,69.0,
59930142175960,216.121912042,197.0,18034774016,55540862976,105,1791.0,9.9,28761853952,72239403008,100,16167337984,1233240064,68.0,52.039,69.0,
59930196143079,216.175879161,222.3,18034778112,55540862976,105,1893.0,9.2,28762083328,72239173632,100,16167337984,1233240064,68.0,52.054,69.0,
59930250533263,216.230269345,202.3,18034778112,55540862976,105,1830.0,11.0,28762570752,72238686208,100,16167337984,1233240064,68.0,52.044,69.0,
59930304244743,216.283980825,204.8,18034778112,55540862976,105,1874.0,9.3,28758958080,72242298880,100,16167337984,1233240064,69.0,52.052,69.0,
59930360276398,216.34001248,214.0,18034778112,55540862976,105,1778.0,11.2,28759187456,72242069504,100,16167337984,1233240064,68.0,52.05,69.0,
59930414258967,216.393995049,222.5,18034782208,55540862976,105,1821.0,11.0,28759441408,72241815552,100,16167337984,1233240064,68.0,52.048,69.0,
59930468167857,216.447903939,204.1,18034782208,55540862976,105,1818.0,9.9,28759441408,72241815552,100,16167337984,1233240064,69.0,52.054,69.0,
59930522078019,216.501814101,204.0,18034782208,55540862976,105,1887.0,10.0,28759441408,72241815552,100,16167337984,1233240064,69.0,52.043,69.0,
59930576143654,216.555879736,203.5,18034782208,55540862976,105,1856.0,9.8,28759441408,72241815552,100,16167337984,1233240064,68.0,52.05,69.0,
59930631315705,216.611051787,199.3,18034782208,55540862976,105,1799.0,10.2,28759441408,72241815552,100,16167337984,1233240064,69.0,52.036,69.0,
59930685257647,216.664993729,203.9,18034782208,55540862976,105,1870.0,8.7,28759441408,72241815552,100,16167337984,1233240064,68.0,52.047,69.0,
59930739193417,216.718929499,222.5,18034782208,55540862976,105,1855.0,9.4,28759048192,72242208768,100,16167337984,1233240064,68.0,52.028,69.0,
59930793132925,216.772869007,204.0,18034786304,55540862976,105,1889.0,9.3,28759048192,72242208768,100,16167337984,1233240064,68.0,52.056,69.125,
59930847179964,216.826916046,203.5,18034786304,55540862976,105,1862.0,13.3,28759531520,72241725440,100,16165240832,1233240064,68.0,52.033,69.0,
59930901254585,216.880990667,203.4,18034790400,55540862976,105,1927.0,8.8,28758372352,72242884608,100,16165240832,1233240064,68.0,52.05,69.0,
59930955061294,216.934797376,204.4,18034790400,55540862976,105,1824.0,11.0,28758859776,72242397184,100,16165240832,1233240064,68.0,52.032,69.0,
59931009216676,216.988952758,203.1,18034790400,55540862976,105,1914.0,9.2,28759089152,72242167808,100,16165240832,1233240064,69.0,52.051,69.0,
59931063337805,217.043073887,221.7,18034790400,55540862976,105,1835.0,11.3,28758433792,72242823168,100,16165240832,1233240064,68.0,52.041,69.0,
59931117139564,217.096875646,204.8,18034790400,55540862976,105,1849.0,10.7,28760981504,72240275456,100,16165240832,1233240064,69.0,52.05,69.0,
59931172258605,217.151994687,199.2,18034790400,55540862976,105,1851.0,10.7,28760981504,72240275456,100,16165240832,1233240064,68.0,52.051,69.0,
59931225342346,217.205078428,207.3,18034790400,55540862976,105,1864.0,11.8,28760981504,72240275456,100,16165240832,1233240064,68.0,52.045,69.0,
59931278115765,217.257851847,208.5,18034790400,55540862976,105,1875.0,10.0,28761497600,72239759360,100,16165240832,1233240064,68.0,52.049,69.0,
59931332367038,217.31210312,221.0,18034790400,55540862976,105,1853.0,10.9,28761497600,72239759360,100,16165240832,1233240064,68.0,52.036,69.0,
59931386291757,217.366027839,185.4,18034794496,55540862976,105,1849.0,9.4,28761497600,72239759360,100,16165240832,1233240064,68.0,52.045,69.0,
59931440272753,217.420008835,204.0,18034798592,55540862976,105,1875.0,11.7,28761497600,72239759360,100,16165240832,1233240064,68.0,52.034,69.0,
59931494422455,217.474158537,203.2,18034798592,55540862976,105,1879.0,8.7,28761497600,72239759360,100,16165240832,1233240064,68.0,52.052,69.0,
59931548223081,217.527959163,222.9,18034798592,55540862976,105,1788.0,12.3,28761497600,72239759360,100,16165240832,1233240064,68.0,52.033,69.0,
59931602193105,217.581929187,203.8,18034798592,55540862976,105,1827.0,10.5,28761235456,72240021504,100,16165240832,1233240064,68.0,52.053,69.0,
59931656245224,217.635981306,203.6,18034798592,55540862976,105,1916.0,12.1,28761235456,72240021504,100,16165240832,1233240064,68.0,52.034,69.0,
59931710201513,217.689937595,204.0,18034798592,55540862976,105,1941.0,8.7,28761464832,72239792128,100,16165240832,1233240064,69.0,52.052,69.0,
59931767281625,217.747017707,227.6,18034798592,55540862976,105,1829.0,11.7,28761464832,72239792128,100,16165240832,1233240064,68.0,52.041,69.0,
59931821366335,217.801102417,203.4,18034798592,55540862976,105,1901.0,13.2,28761464832,72239792128,100,16165240832,1233240064,69.0,52.055,69.0,
59931875204532,217.854940614,185.7,18034798592,55540862976,105,1819.0,11.8,28760444928,72240812032,100,16165240832,1233240064,68.0,52.051,69.0,
59931929274113,217.909010195,222.1,18034802688,55540862976,105,1939.0,9.3,28760870912,72240386048,100,16165240832,1233240064,69.0,52.045,69.0,
59931983236463,217.962972545,203.7,18034806784,55540862976,105,1883.0,11.0,28760870912,72240386048,100,16165240832,1233240064,68.0,52.052,69.0,
59932037227016,218.016963098,203.8,18034806784,55540862976,105,1886.0,10.4,28760608768,72240648192,100,16165240832,1233240064,69.0,52.039,69.0,
59932091316826,218.071052908,203.3,18034806784,55540862976,105,1860.0,9.5,28760608768,72240648192,100,16165240832,1233240064,68.0,52.048,69.0,
59932144258109,218.123994191,207.8,18034810880,55540862976,105,1887.0,11.8,28760608768,72240648192,100,16165240832,1233240064,68.0,52.035,69.0,
59932197207057,218.176943139,207.9,18034810880,55540862976,105,1920.0,9.5,28760678400,72240578560,100,16165240832,1233240064,68.0,52.049,69.0,
59932251299972,218.231036054,221.8,18034810880,55540862976,105,1908.0,11.6,28761423872,72239833088,100,16165240832,1233240064,68.0,52.03,69.0,
59932304178527,218.283914609,189.1,18034810880,55540862976,105,1969.0,9.5,28761399296,72239857664,100,16165240832,1233240064,68.0,52.05,69.0,
59932357309737,218.337045819,207.0,18034810880,55540862976,105,1886.0,10.1,28761399296,72239857664,100,16165240832,1233240064,68.0,52.036,69.0,
59932410328606,218.390064688,207.6,18034810880,55540862976,105,1951.0,10.1,28761399296,72239857664,100,16165240832,1233240064,69.0,52.051,69.0,
59932464161413,218.443897495,204.4,18034810880,55540862976,105,1873.0,10.6,28761657344,72239599616,100,16165240832,1233240064,68.0,52.045,69.0,
59932517130548,218.49686663,207.7,18034819072,55540862976,105,1933.0,10.5,28761657344,72239599616,100,16165240832,1233240064,69.0,52.045,69.0,
59932570106235,218.549842317,207.6,18034819072,55540862976,105,1974.0,8.9,28761657344,72239599616,100,16165240832,1233240064,68.0,52.051,69.0,
59932623140313,218.602876395,207.4,18034819072,55540862976,105,1882.0,10.6,28761137152,72240119808,100,16165240832,1233240064,69.0,52.039,69.0,
59932676128964,218.655865046,207.7,18034819072,55540862976,105,1877.0,8.9,28761137152,72240119808,100,16165240832,1233240064,68.0,52.045,69.0,
59932728280885,218.708016967,191.7,18034819072,55540862976,105,1902.0,11.9,28761137152,72240119808,100,16165240832,1233240064,68.0,52.027,69.0,
59932781166694,218.760902776,208.1,18034819072,55540862976,105,1886.0,9.6,28761366528,72239890432,100,16165240832,1233240064,68.0,52.052,69.0,
59932833129711,218.812865793,192.4,18034819072,55540862976,105,1816.0,13.3,28761620480,72239636480,100,16165240832,1233240064,68.0,52.034,69.0,
59932885204026,218.864940108,211.3,18034819072,55540862976,105,1896.0,12.0,28761239552,72240017408,100,16165240832,1233240064,68.0,52.047,69.0,
59932938994473,218.918730555,204.5,18034819072,55540862976,105,1837.0,9.9,28761595904,72239661056,100,16165240832,1233240064,68.0,52.035,69.0,
59932991127008,218.97086309,211.0,18034819072,55540862976,105,1917.0,8.9,28761595904,72239661056,100,16165240832,1233240064,69.0,52.046,69.0,
59933044174410,219.023910492,207.3,18034831360,55540862976,105,1858.0,10.0,28761595904,72239661056,100,16165240832,1233240064,68.0,52.044,69.0,
59933099385424,219.079121506,199.0,18034831360,55540862976,105,1869.0,10.2,28762107904,72239149056,100,16165240832,1233240064,69.0,52.046,69.0,
59933153325962,219.133062044,204.0,18034831360,55540862976,105,1910.0,10.9,28761812992,72239443968,100,16165240832,1233240064,68.0,52.037,69.0,
59933210514769,219.190250851,1049.2,18034831360,55540862976,105,1907.0,37.4,28761624576,72239632384,100,16165240832,1233240064,69.0,52.042,69.0,
59933264323660,219.244059742,204.3,18034831360,55540862976,105,1899.0,8.8,28761362432,72239894528,100,16165240832,1233240064,68.0,52.046,69.0,
59933318378133,219.298114215,222.1,18034831360,55540862976,105,1888.0,9.8,28761591808,72239665152,100,16165240832,1233240064,69.0,52.031,69.0,
59933372348929,219.352085011,203.8,18034831360,55540862976,105,1943.0,9.9,28760608768,72240648192,100,16165240832,1233240064,68.0,52.05,69.0,
59933426312160,219.406048242,203.8,18034831360,55540862976,105,1900.0,9.9,28760608768,72240648192,100,16165240832,1233240064,69.0,52.034,69.0,
59933480251967,219.459988049,204.0,18034831360,55540862976,105,1898.0,9.8,28760252416,72241004544,100,16165240832,1233240064,69.0,52.06,69.0,
59933534286302,219.514022384,203.4,18034831360,55540862976,105,1945.0,9.8,28760252416,72241004544,100,16165240832,1233240064,68.0,52.039,69.0,
59933588362855,219.568098937,221.6,18034831360,55540862976,105,1906.0,9.1,28760481792,72240775168,100,16167337984,1233240064,68.0,52.057,69.0,
59933642383965,219.622120047,204.1,18034831360,55540862976,105,1894.0,10.7,28760481792,72240775168,100,16167337984,1233240064,68.0,52.046,69.0,
59933696327689,219.676063771,185.4,18034831360,55540862976,105,1899.0,9.8,28760969216,72240287744,100,16167337984,1233240064,69.0,52.057,69.0,
59933752324518,219.7320606,214.2,18034831360,55540862976,105,1799.0,11.4,28761198592,72240058368,100,16167337984,1233240064,68.0,52.051,69.0,
59933807360252,219.787096334,218.0,18034835456,55540862976,105,1917.0,11.5,28761198592,72240058368,100,16167337984,1233240064,69.0,52.057,69.0,
59933862386940,219.842123022,200.0,18034835456,55540862976,105,1807.0,12.1,28761186304,72240070656,100,16167337984,1233240064,68.0,52.059,69.0,
59933916317008,219.89605309,204.0,18034835456,55540862976,105,1872.0,10.0,28758798336,72242458624,100,16167337984,1233240064,68.0,52.045,69.0,
59933970320124,219.950056206,222.2,18034835456,55540862976,105,1830.0,9.2,28759027712,72242229248,100,16167337984,1233240064,68.0,52.051,69.0,
59934024485104,220.004221186,203.0,18034835456,55540862976,105,1913.0,9.9,28758994944,72242262016,100,16167337984,1233240064,68.0,52.031,69.0,
59934078270802,220.058006884,204.7,18034835456,55540862976,105,1980.0,7.6,28759224320,72242032640,100,16167337984,1233240064,68.0,52.051,69.0,
59934133488187,220.113224269,199.2,18034835456,55540862976,105,1972.0,9.7,28756705280,72244551680,100,16167337984,1233240064,68.0,52.026,69.0,
59934187469452,220.167205534,203.7,18034835456,55540862976,105,1926.0,8.7,28756705280,72244551680,100,16167337984,1233240064,69.0,52.054,69.125,
59934241275267,220.221011349,204.4,18034835456,55540862976,105,1874.0,9.2,28756705280,72244551680,100,16167337984,1233240064,68.0,52.033,69.0,
59934295623982,220.275360064,220.7,18034835456,55540862976,105,1907.0,9.8,28756705280,72244551680,100,16167337984,1233240064,69.0,52.053,69.125,
59934350341459,220.330077541,201.0,18034839552,55540862976,105,1923.0,10.1,28756705280,72244551680,100,16167337984,1233240064,68.0,52.035,69.0,
59934405350313,220.385086395,200.2,18034839552,55540862976,105,1978.0,9.2,28757188608,72244068352,100,16167337984,1233240064,69.0,52.054,69.125,
59934462453228,220.44218931,227.4,18034839552,55540862976,105,1940.0,9.9,28757188608,72244068352,100,16167337984,1233240064,68.0,52.047,69.0,
59934516325417,220.496061499,204.5,18034839552,55540862976,105,1944.0,8.2,28757417984,72243838976,100,16167337984,1233240064,69.0,52.061,69.125,
59934570314066,220.550050148,203.5,18034839552,55540862976,105,1944.0,9.7,28757417984,72243838976,100,16167337984,1233240064,68.0,52.053,69.125,
59934625344730,220.605080812,218.0,18034839552,55540862976,105,1940.0,9.8,28756303872,72244953088,100,16167337984,1233240064,68.0,52.055,69.125,
59934679359989,220.659096071,203.7,18034839552,55540862976,105,1943.0,9.9,28756303872,72244953088,100,16167337984,1233240064,68.0,52.059,69.125,
59934733343557,220.713079639,203.8,18034839552,55540862976,105,1931.0,8.8,28756303872,72244953088,100,16167337984,1233240064,69.0,52.051,69.125,
59934787375978,220.76711206,203.3,18034839552,55540862976,105,1888.0,10.9,28756762624,72244494336,100,16167337984,1233240064,68.0,52.059,69.125,
59934841419910,220.821155992,203.8,18034839552,55540862976,105,1880.0,13.7,28756766720,72244490240,100,16167337984,1233240064,68.0,52.043,69.0,
59934896445956,220.876182038,218.1,18034843648,55540862976,105,1822.0,9.8,28757540864,72243716096,100,16169435136,1233240064,68.0,52.053,69.0,
59934950430627,220.930166709,203.8,18034843648,55540862976,105,1839.0,12.2,28758257664,72242999296,100,16169435136,1233240064,68.0,52.031,69.0,
59935004422712,220.984158794,203.7,18034843648,55540862976,105,1829.0,9.9,28758487040,72242769920,100,16169435136,1233240064,68.0,52.056,69.125,
59935058271277,221.038007359,204.3,18034843648,55540862976,105,1898.0,10.5,28758487040,72242769920,100,16169435136,1233240064,68.0,52.038,69.0,
59935112458388,221.09219447,203.0,18034843648,55540862976,105,1911.0,30.2,28760780800,72240476160,100,16169435136,1233240064,68.0,52.066,69.0,
59935166374961,221.146111043,222.6,18034843648,55540862976,105,1914.0,18.0,28753895424,72247361536,100,16169435136,1233240064,68.0,52.059,69.0,
59935220481852,221.200217934,203.3,18034843648,55540862976,105,1952.0,10.5,28753895424,72247361536,100,16169435136,1233240064,69.0,52.041,69.0,
59935274340165,221.254076247,204.3,18034843648,55540862976,105,1961.0,9.9,28753895424,72247361536,100,16169435136,1233240064,68.0,52.05,69.0,
59935330457369,221.310193451,196.1,18034843648,55540862976,105,1942.0,10.1,28754124800,72247132160,100,16169435136,1233240064,69.0,52.036,69.0,
59935384475203,221.364211285,222.1,18034843648,55540862976,105,1920.0,10.3,28754354176,72246902784,100,16169435136,1233240064,68.0,52.045,69.0,
59935439377506,221.419113588,200.2,18034847744,55540862976,105,1980.0,11.6,28753035264,72248221696,100,16167669760,1233240064,68.0,52.028,69.0,
59935493337961,221.473074043,203.9,18034847744,55540862976,105,1980.0,8.8,28753133568,72248123392,100,16167669760,1233240064,68.0,52.052,69.0,
59935547350043,221.527086125,222.0,18034847744,55540862976,105,1916.0,11.5,28753133568,72248123392,100,16167669760,1233240064,68.0,52.03,69.0,
59935601488883,221.581224965,203.1,18034847744,55540862976,105,1916.0,9.8,28752707584,72248549376,100,16167669760,1233240064,69.0,52.051,69.0,
59935656484241,221.636220323,200.1,18034847744,55540862976,105,1954.0,11.4,28752191488,72249065472,100,16167669760,1233240064,68.0,52.037,69.0,
59935711401061,221.691137143,218.7,18034847744,55540862976,105,1932.0,9.4,28752191488,72249065472,100,16167669760,1233240064,69.0,52.052,69.0,
59935766725186,221.746461268,198.7,18034847744,55540862976,105,1894.0,12.3,28752715776,72248541184,100,16167669760,1233240064,68.0,52.044,69.0,
59935820508569,221.800244651,204.5,18034851840,55540862976,105,1945.0,11.6,28754419712,72246837248,100,16169435136,1233244160,69.0,52.056,69.0,
59935881536812,221.861272894,212.9,18034851840,55540862976,105,1841.0,14.1,28754485248,72246771712,100,16169435136,1233244160,68.0,52.046,69.0,
59935936540065,221.916276147,218.5,18034851840,55540862976,105,1888.0,10.3,28754485248,72246771712,100,16169435136,1233244160,69.0,52.045,69.0,
59935990387458,221.97012354,204.2,18034855936,55540862976,105,1953.0,11.6,28754485248,72246771712,100,16169435136,1233244160,68.0,52.051,69.0,
59936044366908,222.02410299,203.6,18034855936,55540862976,105,1933.0,10.8,28754485248,72246771712,100,16169435136,1233244160,69.0,52.039,69.0,
59936099519411,222.079255493,217.6,18034855936,55540862976,105,1860.0,9.8,28754485248,72246771712,100,16169435136,1233244160,69.0,52.047,69.0,
59936153376192,222.133112274,204.5,18034855936,55540862976,105,1914.0,11.6,28754714624,72246542336,100,16169435136,1233244160,69.0,52.033,69.0,
59936207461662,222.187197744,203.5,18034855936,55540862976,105,1954.0,8.8,28754714624,72246542336,100,16169435136,1233244160,68.0,52.049,69.0,
59936260329496,222.240065578,207.8,18034855936,55540862976,105,1940.0,12.4,28754714624,72246542336,100,16169435136,1233244160,68.0,52.028,69.0,
59936314364160,222.294100242,203.7,18034855936,55540862976,105,1891.0,9.9,28754944000,72246312960,100,16169435136,1233244160,68.0,52.049,69.0,
59936368283187,222.348019269,203.9,18034860032,55540862976,105,1847.0,10.6,28755701760,72245555200,100,16169435136,1233244160,68.0,52.035,69.0,
59936421519854,222.401255936,206.7,18034860032,55540862976,105,1953.0,14.9,28761001984,72240254976,100,16169435136,1233244160,69.0,52.059,69.0,
59936475371675,222.455107757,222.7,18034860032,55540862976,105,1861.0,13.4,28760969216,72240287744,100,16169435136,1233244160,68.0,52.063,69.0,
59936529431476,222.509167558,203.5,18034868224,55540862976,105,1892.0,10.5,28761227264,72240029696,100,16169435136,1233244160,68.0,52.063,68.875,
59936583328362,222.563064444,204.0,18034868224,55540862976,105,1891.0,10.5,28761227264,72240029696,100,16169435136,1233244160,68.0,52.065,68.875,
59936637474425,222.617210507,203.3,18034868224,55540862976,105,1851.0,10.5,28761227264,72240029696,100,16169435136,1233244160,69.0,52.05,68.875,
59936691504320,222.671240402,222.1,18034868224,55540862976,105,1888.0,9.9,28761227264,72240029696,100,16169435136,1233244160,69.0,52.059,69.0,
59936745425311,222.725161393,203.8,18034868224,55540862976,105,1877.0,10.5,28761227264,72240029696,100,16169435136,1233244160,68.0,52.039,68.875,
59936799550675,222.779286757,203.5,18034868224,55540862976,105,1874.0,10.5,28761227264,72240029696,100,16169435136,1233244160,69.0,52.061,69.0,
59936853593334,222.833329416,203.5,18034868224,55540862976,105,1846.0,14.5,28761485312,72239771648,100,16167337984,1233244160,68.0,52.039,69.0,
59936907506430,222.887242512,204.0,18034868224,55540862976,105,1874.0,10.5,28761989120,72239267840,100,16167337984,1233244160,68.0,52.057,69.0,
59936962587158,222.94232324,199.7,18034872320,55540862976,105,1811.0,10.4,28761989120,72239267840,100,16167337984,1233244160,68.0,52.039,68.875,
59937019657971,222.999394053,945.7,18034880512,55540862976,105,1871.0,33.3,28761989120,72239267840,100,16167337984,1233244160,68.0,52.057,68.875,
59937076574565,223.056310647,228.7,18034880512,55540862976,105,1885.0,12.9,28767408128,72233848832,100,16167337984,1233244160,68.0,52.045,68.875,
59937130510815,223.110246897,203.8,18034880512,55540862976,105,1871.0,9.4,28767408128,72233848832,100,16167337984,1233244160,68.0,52.057,68.875,
59937186498615,223.166234697,196.2,18034880512,55540862976,105,1813.0,11.1,28767408128,72233848832,100,16167337984,1233244160,68.0,52.05,68.875,
59937240438501,223.220174583,222.6,18034880512,55540862976,105,1872.0,9.4,28767637504,72233619456,100,16167337984,1233244160,69.0,52.053,68.875,
59937294501569,223.274237651,203.5,18034880512,55540862976,105,1849.0,9.3,28767637504,72233619456,100,16167337984,1233244160,68.0,52.058,68.875,
59937348471932,223.328208014,203.9,18034880512,55540862976,105,1825.0,10.4,28767637504,72233619456,100,16167337984,1233244160,69.0,52.049,68.875,
59937402494764,223.382230846,203.5,18034880512,55540862976,105,1814.0,10.5,28767637504,72233619456,100,16167337984,1233244160,68.0,52.054,68.875,
59937456603006,223.436339088,203.3,18034880512,55540862976,105,1831.0,10.3,28767637504,72233619456,100,16167337984,1233244160,68.0,52.043,68.875,
59937513558213,223.493294295,228.3,18034884608,55540862976,105,1864.0,9.5,28767637504,72233619456,100,16167337984,1233244160,69.0,52.05,68.875,
59937567591914,223.547327996,203.5,18034884608,55540862976,105,1871.0,10.5,28767637504,72233619456,100,16167337984,1233244160,69.0,52.036,68.875,
59937621526470,223.601262552,203.8,18034884608,55540862976,105,1856.0,9.1,28767637504,72233619456,100,16167337984,1233244160,68.0,52.049,68.875,
59937676473797,223.656209879,218.7,18034888704,55540862976,105,1871.0,11.0,28767117312,72234139648,100,16167337984,1233244160,69.0,52.032,68.875,
59937730486159,223.710222241,203.6,18034888704,55540862976,105,1864.0,8.7,28767117312,72234139648,100,16167337984,1233244160,68.0,52.053,68.875,
59937784501467,223.764237549,203.7,18034888704,55540862976,105,1852.0,11.6,28767641600,72233615360,100,16167337984,1233244160,68.0,52.032,68.875,
59937838525310,223.818261392,221.7,18034888704,55540862976,105,1893.0,12.6,28767309824,72233947136,100,16167337984,1233244160,68.0,52.056,68.875,
59937893500439,223.873236521,200.4,18034888704,55540862976,105,1935.0,11.6,28767309824,72233947136,100,16167337984,1233244160,68.0,52.034,68.875,
59937947472475,223.927208557,185.4,18034888704,55540862976,105,1893.0,8.7,28767924224,72233332736,100,16167337984,1233244160,68.0,52.051,68.875,
59938001493654,223.981229736,221.9,18034888704,55540862976,105,1884.0,10.0,28767662080,72233594880,100,16167337984,1233244160,68.0,52.04,68.875,
59938055520934,224.035257016,203.6,18034896896,55540862976,105,1895.0,9.8,28767334400,72233922560,100,16167337984,1233244160,68.0,52.05,68.875,
59938109595623,224.089331705,203.5,18034896896,55540862976,105,1865.0,10.3,28767334400,72233922560,100,16167337984,1233244160,68.0,52.051,68.875,
59938163486236,224.143222318,204.3,18034896896,55540862976,105,1906.0,10.0,28767334400,72233922560,100,16167337984,1233244160,69.0,52.043,68.875,
59938217468782,224.197204864,222.1,18034896896,55540862976,105,1888.0,9.2,28767334400,72233922560,100,16167337984,1233244160,68.0,52.051,68.875,
59938271540876,224.251276958,203.5,18034900992,55540862976,105,1941.0,10.3,28767334400,72233922560,100,16167337984,1233244160,68.0,52.038,68.875,
59938325497032,224.305233114,203.8,18034900992,55540862976,105,1936.0,9.4,28766015488,72235241472,100,16167337984,1233244160,68.0,52.045,68.875,
59938379435345,224.359171427,222.5,18034900992,55540862976,105,1884.0,10.5,28766015488,72235241472,100,16167337984,1233244160,69.0,52.029,68.875,
59938433512759,224.413248841,203.3,18034900992,55540862976,105,1853.0,8.7,28766015488,72235241472,100,16167337984,1233244160,68.0,52.049,68.875,
59938487445652,224.467181734,204.0,18034900992,55540862976,105,1837.0,11.6,28766015488,72235241472,100,16167337984,1233244160,68.0,52.032,68.875,
59938541525510,224.521261592,203.4,18034900992,55540862976,105,1847.0,10.4,28766015488,72235241472,100,16167337984,1233244160,69.0,52.055,68.875,
59938595443595,224.575179677,204.0,18034905088,55540862976,105,1849.0,10.5,28766015488,72235241472,100,16167337984,1233244160,68.0,52.032,68.875,
59938649554561,224.629290643,221.6,18034905088,55540862976,105,1856.0,9.7,28766015488,72235241472,100,16167337984,1233244160,68.0,52.051,68.875,
59938704462464,224.684198546,200.3,18034905088,55540862976,105,1867.0,9.4,28766015488,72235241472,100,16167337984,1233244160,68.0,52.037,68.875,
59938758622513,224.738358595,203.4,18034905088,55540862976,105,1891.0,9.2,28766015488,72235241472,100,16167337984,1233244160,69.0,52.053,68.875,
59938812672214,224.792408296,203.3,18034905088,55540862976,105,1887.0,13.2,28765753344,72235503616,100,16167337984,1233244160,68.0,52.048,68.875,
59938867503443,224.847239525,200.7,18034909184,55540862976,105,1893.0,11.1,28767301632,72233955328,100,16167337984,1233244160,68.0,52.051,68.875,
59938921548436,224.901284518,203.5,18034909184,55540862976,105,1848.0,11.6,28767305728,72233951232,100,16167337984,1233244160,68.0,52.051,68.875,
59938975558323,224.955294405,222.2,18034909184,55540862976,105,1888.0,9.9,28767305728,72233951232,100,16167337984,1233244160,69.0,52.045,68.875,
59939029548523,225.009284605,203.7,18034909184,55540862976,105,1889.0,10.9,28767535104,72233721856,100,16167337984,1233244160,68.0,52.049,68.875,
59939085508550,225.065244632,196.6,18034909184,55540862976,105,1875.0,13.0,28771147776,72230109184,100,16167337984,1233244160,69.0,52.04,68.875,
59939139531482,225.119267564,222.0,18034913280,55540862976,105,1846.0,9.1,28771631104,72229625856,100,16167337984,1233244160,68.0,52.045,68.875,
59939194744407,225.174480489,217.3,18034913280,55540862976,105,1876.0,13.1,28771860480,72229396480,100,16167337984,1233244160,68.0,52.031,68.875,
59939249638924,225.229375006,200.5,18034913280,55540862976,105,1856.0,9.9,28771860480,72229396480,100,16167337984,1233244160,68.0,52.049,68.875,
59939303443376,225.283179458,204.6,18034913280,55540862976,105,1917.0,12.8,28772376576,72228880384,100,16167337984,1233244160,68.0,52.028,68.875,
59939357516191,225.337252273,203.3,18034913280,55540862976,105,1894.0,9.9,28772356096,72228900864,100,16167337984,1233244160,68.0,52.051,68.875,
59939411426511,225.391162593,222.6,18034917376,55540862976,105,1902.0,11.6,28772093952,72229163008,100,16167337984,1233244160,68.0,52.031,68.875,
59939465738725,225.445474807,201.9,18034917376,55540862976,105,1883.0,9.7,28772093952,72229163008,100,16167337984,1233244160,68.0,52.048,68.875,
59939520509310,225.500245392,201.4,18034917376,55540862976,105,1865.0,11.6,28772093952,72229163008,100,16167337984,1233244160,68.0,52.037,68.875,
59939574666773,225.554402855,203.2,18034917376,55540862976,105,1887.0,9.3,28772323328,72228933632,100,16167337984,1233244160,69.0,52.051,68.875,
59939633249684,225.612985766,221.9,18034917376,55540862976,105,1806.0,14.7,28771803136,72229453824,100,16167337984,1233244160,68.0,52.041,68.875,
59939687588358,225.66732444,202.5,18034921472,55540862976,105,1883.0,10.5,28771803136,72229453824,100,16167337984,1233244160,69.0,52.05,68.875,
59939741617381,225.721353463,203.5,18034921472,55540862976,105,1832.0,11.9,28771803136,72229453824,100,16167337984,1233244160,68.0,52.05,68.875,
59939796732963,225.776469045,217.7,18034921472,55540862976,105,1836.0,12.0,28771799040,72229457920,100,16167337984,1233244160,68.0,52.048,68.875,
59939851622080,225.831358162,218.6,18034925568,55540862976,105,1812.0,13.5,28771799040,72229457920,100,16167337984,1233244160,68.0,52.054,68.875,
59939905619393,225.885355475,203.9,18034925568,55540862976,105,1887.0,11.6,28772249600,72229007360,100,16167337984,1233244160,69.0,52.036,68.875,
59939959611776,225.939347858,203.5,18034925568,55540862976,105,1827.0,10.7,28772478976,72228777984,100,16167337984,1233244160,68.0,52.043,68.875,
59940014671935,225.994408017,200.0,18034929664,55540862976,105,1875.0,11.5,28772478976,72228777984,100,16167337984,1233244160,68.0,52.028,68.875,
59940069691757,226.049427839,218.2,18034929664,55540862976,105,1912.0,9.3,28772478976,72228777984,100,16167337984,1233244160,68.0,52.047,68.875,
59940123527988,226.10326407,185.6,18034929664,55540862976,105,1903.0,10.5,28772708352,72228548608,100,16167337984,1233244160,68.0,52.024,68.875,
59940177697915,226.157433997,221.6,18034929664,55540862976,105,1938.0,10.9,28772708352,72228548608,100,16167337984,1233244160,69.0,52.048,68.875,
59940231634925,226.211371007,204.1,18034933760,55540862976,105,1899.0,10.5,28772708352,72228548608,100,16167337984,1233244160,68.0,52.032,68.875,
59940285578917,226.265314999,203.6,18034933760,55540862976,105,1882.0,9.8,28772966400,72228290560,100,16167337984,1233244160,68.0,52.046,68.875,
59940339557435,226.319293517,222.6,18034933760,55540862976,105,1868.0,11.7,28772966400,72228290560,100,16167337984,1233244160,68.0,52.035,68.875,
59940393666678,226.37340276,203.2,18034937856,55540862976,105,1879.0,10.5,28772507648,72228749312,100,16167337984,1233244160,69.0,52.049,68.875,
59940451905323,226.431641405,223.1,18034937856,55540862976,105,1863.0,11.7,28772507648,72228749312,100,16167337984,1233244160,68.0,52.038,68.875,
59940506611817,226.486347899,201.2,18034937856,55540862976,105,1889.0,10.5,28772507648,72228749312,100,16167337984,1233244160,68.0,52.047,68.875,
59940561588788,226.54132487,200.1,18034941952,55540862976,105,1874.0,11.4,28772507648,72228749312,100,16167337984,1233244160,68.0,52.045,68.875,
59940616690304,226.596426386,217.8,18034941952,55540862976,105,1880.0,10.8,28771983360,72229273600,100,16167337984,1233244160,68.0,52.044,68.875,
59940670674993,226.650411075,203.8,18034941952,55540862976,105,1874.0,10.6,28771983360,72229273600,100,16167337984,1233244160,68.0,52.037,68.875,
59940727941312,226.707677394,925.4,18034958336,55540862976,105,1913.0,34.7,28772212736,72229044224,100,16167337984,1233244160,69.0,52.04,68.875,
59940781634534,226.761370616,223.3,18034958336,55540862976,105,1860.0,10.3,28772212736,72229044224,100,16167337984,1233244160,68.0,52.046,68.875,
59940835652425,226.815388507,203.7,18034958336,55540862976,105,1837.0,13.8,28772188160,72229068800,100,16167337984,1233244160,68.0,52.033,68.875,
59940890683709,226.870419791,200.1,18034958336,55540862976,105,1878.0,12.9,28772188160,72229068800,100,16167337984,1233244160,68.0,52.046,68.875,
59940944475485,226.924211567,204.5,18034958336,55540862976,105,1845.0,10.4,28771950592,72229306368,100,16167337984,1233244160,68.0,52.026,68.875,
59940998442291,226.978178373,222.6,18034958336,55540862976,105,1869.0,8.8,28771622912,72229634048,100,16167337984,1233244160,69.0,52.047,68.875,
59941051553059,227.031289141,188.2,18034958336,55540862976,105,1890.0,10.0,28771098624,72230158336,100,16167337984,1233244160,68.0,52.031,68.875,
59941104596281,227.084332363,207.3,18034958336,55540862976,105,1917.0,10.0,28775612416,72225644544,100,16167337984,1233244160,68.0,52.047,68.875,
59941165612659,227.145348741,213.0,18034958336,55540862976,105,1888.0,10.8,28775612416,72225644544,100,16167337984,1233244160,68.0,52.033,68.875,
59941219602067,227.199338149,204.0,18034958336,55540862976,105,1944.0,8.7,28775612416,72225644544,100,16167337984,1233244160,69.0,52.047,68.875,
59941272704089,227.252440171,225.7,18034958336,55540862976,105,1934.0,9.9,28775841792,72225415168,100,16167337984,1233244160,68.0,52.041,68.875,
59941326775782,227.306511864,203.5,18034962432,55540862976,105,1922.0,9.4,28776071168,72225185792,100,16167337984,1233244160,68.0,52.044,68.875,
59941380581154,227.360317236,204.4,18034962432,55540862976,105,1898.0,11.1,28776071168,72225185792,100,16167337984,1233244160,68.0,52.051,68.875,
59941434655631,227.414391713,203.5,18034962432,55540862976,105,1878.0,11.0,28776300544,72224956416,100,16167337984,1233244160,69.0,52.037,68.875,
59941488666930,227.468403012,222.2,18034962432,55540862976,105,1891.0,9.3,28776300544,72224956416,100,16167337984,1233244160,69.0,52.055,68.875,
59941542609670,227.522345752,203.8,18034962432,55540862976,105,1892.0,9.9,28776529920,72224727040,100,16167337984,1233244160,69.0,52.04,68.875,
59941596618644,227.576354726,203.8,18034962432,55540862976,105,1863.0,9.2,28776529920,72224727040,100,16167337984,1233244160,68.0,52.049,68.875,
59941651738453,227.631474535,217.6,18034962432,55540862976,105,1904.0,10.4,28776759296,72224497664,100,16167337984,1233244160,68.0,52.035,68.875,
59941705709396,227.685445478,203.8,18034962432,55540862976,105,1911.0,10.3,28776759296,72224497664,100,16167337984,1233244160,68.0,52.055,68.875,
59941759523965,227.739260047,204.4,18034962432,55540862976,105,1902.0,9.9,28777242624,72224014336,100,16167337984,1233244160,68.0,52.031,68.875,
59941813622718,227.7933588,203.2,18034962432,55540862976,105,1917.0,12.5,28777472000,72223784960,100,16167337984,1233244160,68.0,52.058,68.875,
59941868739282,227.848475364,199.7,18034966528,55540862976,105,1921.0,12.2,28777472000,72223784960,100,16167337984,1233244160,68.0,52.038,68.875,
59941922694455,227.902430537,222.5,18034966528,55540862976,105,1900.0,8.7,28774260736,72226996224,100,16167337984,1233244160,69.0,52.052,68.875,
59941977837438,227.95757352,217.4,18034966528,55540862976,105,1888.0,11.3,28773998592,72227258368,100,16167337984,1233244160,68.0,52.042,68.875,
59942031706459,228.011442541,185.8,18034966528,55540862976,105,1897.0,8.8,28773736448,72227520512,100,16167337984,1233244160,69.0,52.048,68.875,
59942085629101,228.065365183,203.9,18034966528,55540862976,105,1901.0,9.9,28773924864,72227332096,100,16167337984,1233244160,68.0,52.049,68.875,
59942141824860,228.121560942,231.4,18034966528,55540862976,105,1881.0,10.1,28774154240,72227102720,100,16167337984,1233244160,68.0,52.045,68.875,
59942195634851,228.175370933,204.4,18034966528,55540862976,105,1890.0,9.3,28774154240,72227102720,100,16167337984,1233244160,69.0,52.05,68.875,
59942249812762,228.229548844,202.9,18034966528,55540862976,105,1862.0,10.3,28774637568,72226619392,100,16167337984,1233244160,69.0,52.038,68.875,
59942304708361,228.284444443,218.5,18034970624,55540862976,105,1879.0,9.1,28774637568,72226619392,100,16167337984,1233244160,68.0,52.047,68.875,
59942358691998,228.33842808,204.0,18034970624,55540862976,105,1910.0,9.9,28774866944,72226390016,100,16167337984,1233244160,69.0,52.03,68.875,
59942412610222,228.392346304,204.1,18034974720,55540862976,105,1889.0,9.4,28774866944,72226390016,100,16167337984,1233244160,68.0,52.049,69.0,
59942465599451,228.445335533,207.6,18034978816,55540862976,105,1902.0,10.6,28774866944,72226390016,100,16167337984,1233244160,68.0,52.028,68.875,
59942519634404,228.499370486,203.6,18034978816,55540862976,105,1894.0,8.8,28774866944,72226390016,100,16167337984,1233244160,68.0,52.05,69.0,
59942577832421,228.557568503,223.2,18034978816,55540862976,105,1889.0,10.6,28774866944,72226390016,100,16167337984,1233244160,68.0,52.026,69.0,
59942631726049,228.611462131,185.6,18034978816,55540862976,105,1887.0,8.8,28774866944,72226390016,100,16167337984,1233244160,68.0,52.048,69.0,
59942685724443,228.665460525,203.7,18034978816,55540862976,105,1829.0,9.9,28774866944,72226390016,100,16167337984,1233244160,68.0,52.032,68.875,
59942739711556,228.719447638,222.4,18034978816,55540862976,105,1919.0,8.7,28774866944,72226390016,100,16167337984,1233244160,69.0,52.05,69.0,
59942796819948,228.77655603,210.0,18034978816,55540862976,105,1807.0,14.9,28785676288,72215580672,100,16167337984,1233244160,68.0,52.044,69.0,
59942850713204,228.830449286,204.1,18034978816,55540862976,105,1900.0,13.5,28783104000,72218152960,100,16167337984,1233244160,68.0,52.049,68.875,
59942904636698,228.88437278,204.1,18034978816,55540862976,105,1864.0,11.1,28783489024,72217767936,100,16165240832,1233244160,68.0,52.049,68.875,
59942957797710,228.937533792,225.6,18034982912,55540862976,105,1882.0,11.7,28783431680,72217825280,100,16165240832,1233244160,69.0,52.04,68.875,
59943011749256,228.991485338,185.2,18034987008,55540862976,105,1855.0,11.2,28783431680,72217825280,100,16165240832,1233244160,68.0,52.048,68.875,
59943067747494,229.047483576,214.6,18034987008,55540862976,105,1811.0,12.2,28789624832,72211632128,100,16165240832,1233244160,69.0,52.031,68.875,
59943120669497,229.100405579,207.7,18034987008,55540862976,105,1870.0,20.2,28790652928,72210604032,100,16165240832,1233244160,68.0,52.051,68.875,
59943173664808,229.15340089,207.7,18034987008,55540862976,105,1891.0,26.9,28790652928,72210604032,100,16165240832,1233244160,68.0,52.03,68.875,
59943227088574,229.206824656,205.7,18034987008,55540862976,105,1836.0,16.0,28787040256,72214216704,100,16165240832,1233244160,68.0,52.043,68.875,
59943281807270,229.261543352,201.1,18034987008,55540862976,105,1817.0,12.7,28787269632,72213987328,100,16165240832,1233244160,68.0,52.03,68.875,
59943335037211,229.314773293,206.6,18034987008,55540862976,105,1863.0,9.4,28787269632,72213987328,100,16165240832,1233244160,69.0,52.044,68.875,
59943388674007,229.368410089,223.8,18034987008,55540862976,105,1870.0,13.0,28787183616,72214073344,100,16165240832,1233244160,68.0,52.04,68.875,
59943442950082,229.422686164,203.0,18034987008,55540862976,105,1830.0,11.6,28787183616,72214073344,100,16165240832,1233244160,68.0,52.043,68.875,
59943495764313,229.475500395,207.8,18034991104,55540862976,105,1862.0,11.1,28787412992,72213843968,100,16165240832,1233244160,68.0,52.048,68.875,
59943549675663,229.529411745,186.0,18034991104,55540862976,105,1848.0,13.0,28787412992,72213843968,100,16165240832,1233244160,68.0,52.041,68.875,
59943601749564,229.581485646,210.8,18034995200,55540862976,105,1803.0,10.7,28787642368,72213614592,100,16165240832,1233244160,68.0,52.047,68.875,
59943654818954,229.634555036,207.2,18034995200,55540862976,105,1856.0,11.8,28787871744,72213385216,100,16165240832,1233244160,68.0,52.029,68.875,
59943707753981,229.687490063,207.9,18034995200,55540862976,105,1807.0,10.0,28787871744,72213385216,100,16165240832,1233244160,69.0,52.05,68.875,
59943760737330,229.740473412,207.6,18034995200,55540862976,105,1865.0,10.7,28788101120,72213155840,100,16165240832,1233244160,68.0,52.029,68.875,
59943813747488,229.79348357,207.5,18034995200,55540862976,105,1844.0,12.4,28788330496,72212926464,100,16165240832,1233244160,68.0,52.054,68.875,
59943866835232,229.846571314,207.2,18034995200,55540862976,105,1816.0,15.3,28785192960,72216064000,100,16165240832,1233244160,68.0,52.04,68.875,
59943919709055,229.899445137,208.2,18034995200,55540862976,105,1872.0,11.3,28784975872,72216281088,100,16165240832,1233244160,68.0,52.049,68.875,
59943972667737,229.952403819,188.7,18034995200,55540862976,105,1846.0,11.6,28785233920,72216023040,100,16165240832,1233244160,68.0,52.05,68.875,
59944026858973,230.006595055,203.0,18034999296,55540862976,105,1823.0,11.6,28785233920,72216023040,100,16165240832,1233244160,69.0,52.04,68.875,
59944080743883,230.060479965,222.6,18034999296,55540862976,105,1846.0,10.5,28785233920,72216023040,100,16165240832,1233244160,68.0,52.047,68.875,
59944136798687,230.116534769,214.0,18034999296,55540862976,105,1849.0,11.7,28785463296,72215793664,100,16165240832,1233244160,68.0,52.035,68.875,
59944192773110,230.172509192,214.5,18035003392,55540862976,105,1856.0,10.1,28785463296,72215793664,100,16165240832,1233244160,68.0,52.044,68.875,
59944246808774,230.226544856,203.6,18035003392,55540862976,105,1832.0,11.6,28785463296,72215793664,100,16165240832,1233244160,69.0,52.03,68.875,
59944300786920,230.280523002,203.8,18035003392,55540862976,105,1776.0,9.9,28785463296,72215793664,100,16165240832,1233244160,68.0,52.048,68.875,
59944354688461,230.334424543,204.1,18035003392,55540862976,105,1843.0,12.2,28785463296,72215793664,100,16165240832,1233244160,68.0,52.025,68.875,
59944408765443,230.388501525,221.9,18035003392,55540862976,105,1829.0,11.5,28785692672,72215564288,100,16165240832,1233244160,68.0,52.048,68.875,
59944466894069,230.446630151,189.0,18035007488,55540862976,105,1807.0,11.5,28785430528,72215826432,100,16165240832,1233244160,68.0,52.031,68.875,
59944524155548,230.50389163,979.7,18035019776,55540862976,105,1866.0,34.7,28785430528,72215826432,100,16165240832,1233244160,68.0,52.049,68.875,
59944578073851,230.557809933,203.9,18035019776,55540862976,105,1849.0,12.2,28785430528,72215826432,100,16165240832,1233244160,68.0,52.038,68.875,
59944631783933,230.611520015,204.8,18035019776,55540862976,105,1842.0,10.5,28785430528,72215826432,100,16165240832,1233244160,68.0,52.046,68.875,
59944686859028,230.66659511,217.9,18035019776,55540862976,105,1799.0,11.4,28785913856,72215343104,100,16165240832,1233244160,68.0,52.047,68.875,
59944740778092,230.720514174,203.9,18035019776,55540862976,105,1850.0,10.5,28785913856,72215343104,100,16165240832,1233244160,68.0,52.041,68.875,
59944794752430,230.774488512,203.8,18035019776,55540862976,105,1833.0,11.5,28786372608,72214884352,100,16165240832,1233244160,68.0,52.048,68.875,
59944848819763,230.828555845,203.5,18035019776,55540862976,105,1827.0,14.6,28786339840,72214917120,100,16165240832,1233244160,68.0,52.038,68.875,
59944902806975,230.882543057,222.3,18035023872,55540862976,105,1850.0,9.8,28785614848,72215642112,100,16165240832,1233244160,68.0,52.042,68.875,
59944956796542,230.936532624,203.5,18035023872,55540862976,105,1867.0,10.5,28785844224,72215412736,100,16165240832,1233244160,68.0,52.025,68.875,
59945010900093,230.990636175,203.4,18035027968,55540862976,105,1823.0,8.8,28785655808,72215601152,100,16165240832,1233244160,69.0,52.045,68.875,
59945064876665,231.044612747,204.0,18035027968,55540862976,105,1888.0,11.6,28786171904,72215085056,100,16165240832,1233244160,68.0,52.021,68.875,
59945118850843,231.098586925,203.7,18035027968,55540862976,105,1859.0,10.3,28786397184,72214859776,100,16165240832,1233244160,68.0,52.047,68.875,
59945172796988,231.15253307,222.7,18035027968,55540862976,105,1879.0,10.0,28786135040,72215121920,100,16165240832,1233244160,68.0,52.025,68.875,
59945225704915,231.205440997,207.9,18035027968,55540862976,105,1907.0,8.9,28786593792,72214663168,100,16165240832,1233244160,68.0,52.044,68.875,
59945278829758,231.25856584,188.1,18035027968,55540862976,105,1898.0,10.0,28785971200,72215285760,100,16165240832,1233244160,68.0,52.032,68.875,
59945331864984,231.311601066,207.4,18035027968,55540862976,105,1912.0,8.2,28786126848,72215130112,100,16165240832,1233244160,69.0,52.047,68.875,
59945386862973,231.366599055,200.0,18035027968,55540862976,105,1860.0,11.4,28786126848,72215130112,100,16165240832,1233244160,68.0,52.041,68.875,
59945439817307,231.419553389,226.6,18035027968,55540862976,105,1916.0,8.4,28786585600,72214671360,100,16165240832,1233244160,69.0,52.042,68.875,
59945492760038,231.47249612,207.7,18035032064,55540862976,105,1875.0,10.5,28786814976,72214441984,100,16165240832,1233244160,68.0,52.048,68.875,
59945546725369,231.526461451,203.8,18035036160,55540862976,105,1927.0,9.8,28786814976,72214441984,100,16165240832,1233244160,69.0,52.045,68.875,
59945599739384,231.579475466,188.6,18035036160,55540862976,105,1864.0,8.8,28787044352,72214212608,100,16165240832,1233244160,68.0,52.054,68.875,
59945653797620,231.633533702,221.8,18035036160,55540862976,105,1919.0,10.5,28787527680,72213729280,100,16165240832,1233244160,68.0,52.039,68.875,
59945707833794,231.687569876,185.1,18035036160,55540862976,105,1898.0,8.7,28787527680,72213729280,100,16165240832,1233244160,68.0,52.05,68.875,
59945761748911,231.741484993,222.6,18035036160,55540862976,105,1883.0,10.6,28786860032,72214396928,100,16165240832,1233244160,68.0,52.027,68.875,
59945815862550,231.795598632,203.3,18035036160,55540862976,105,1904.0,12.1,28786716672,72214540288,100,16165240832,1233244160,69.0,52.058,68.875,
59945869780101,231.849516183,204.0,18035036160,55540862976,105,1867.0,14.5,28786946048,72214310912,100,16165240832,1233244160,68.0,52.032,68.875,
59945923869986,231.903606068,203.3,18035036160,55540862976,105,1872.0,9.3,28782600192,72218656768,100,16163143680,1233244160,68.0,52.049,68.875,
59945979759589,231.959495671,232.7,18035036160,55540862976,105,1832.0,10.2,28782559232,72218697728,100,16163143680,1233244160,68.0,52.034,68.875,
59946033833113,232.013569195,185.2,18035040256,55540862976,105,1916.0,8.7,28782592000,72218664960,100,16163143680,1233244160,69.0,52.05,68.875,
59946086873297,232.066609379,207.3,18035044352,55540862976,105,1865.0,9.5,28782821376,72218435584,100,16163143680,1233244160,68.0,52.039,68.875,
59946139815367,232.119551449,207.7,18035044352,55540862976,105,1871.0,9.9,28782821376,72218435584,100,16163143680,1233244160,69.0,52.047,68.875,
59946192826527,232.172562609,207.5,18035048448,55540862976,105,1882.0,9.5,28781576192,72219680768,100,16163143680,1233244160,68.0,52.051,68.875,
59946245763718,232.2254998,207.8,18035048448,55540862976,105,1868.0,8.9,28781805568,72219451392,100,16163143680,1233244160,70.0,52.043,69.0,
59946299749097,232.279485179,222.3,18035048448,55540862976,105,1876.0,8.7,28782059520,72219197440,100,16163143680,1233244160,68.0,52.047,69.0,
59946352735821,232.332471903,188.7,18035048448,55540862976,105,1855.0,10.1,28779671552,72221585408,100,16163143680,1233244160,68.0,52.032,69.0,
59946405906971,232.385643053,206.7,18035048448,55540862976,105,1871.0,9.9,28780134400,72221122560,100,16163143680,1233244160,68.0,52.047,69.0,
59946459850451,232.439586533,203.9,18035048448,55540862976,105,1853.0,10.4,28780363776,72220893184,100,16163143680,1233244160,68.0,52.024,69.0,
59946513877117,232.493613199,203.8,18035048448,55540862976,105,1891.0,8.8,28780363776,72220893184,100,16163143680,1233244160,68.0,52.049,69.0,
59946566746610,232.546482692,208.1,18035048448,55540862976,105,1848.0,10.1,28780363776,72220893184,100,16163143680,1233244160,68.0,52.033,69.0,
59946619721712,232.599457794,207.6,18035056640,55540862976,105,1861.0,8.3,28780331008,72220925952,100,16163143680,1233244160,68.0,52.053,69.0,
59946672731639,232.652467721,207.5,18035056640,55540862976,105,1885.0,10.1,28780331008,72220925952,100,16163143680,1233244160,68.0,52.038,69.0,
59946725966358,232.70570244,206.6,18035056640,55540862976,105,1868.0,8.8,28780716032,72220540928,100,16163143680,1233244160,68.0,52.05,69.0,
59946786941688,232.76667777,229.5,18035056640,55540862976,105,1869.0,11.9,28780355584,72220901376,100,16163143680,1233244160,68.0,52.041,69.0,
59946840942835,232.820678917,203.6,18035056640,55540862976,105,1897.0,12.1,28779241472,72222015488,100,16163143680,1233244160,68.0,52.053,69.0,
59946894882588,232.87461867,203.8,18035056640,55540862976,105,1853.0,11.1,28780007424,72221249536,100,16167337984,1233244160,68.0,52.046,69.0,
59946948924913,232.928660995,203.7,18035056640,55540862976,105,1830.0,10.5,28779249664,72222007296,100,16167337984,1233244160,69.0,52.046,69.0,
59947002848766,232.982584848,222.6,18035056640,55540862976,105,1865.0,10.4,28779216896,72222040064,100,16167337984,1233244160,68.0,52.049,69.0,
59947057957703,233.037693785,199.6,18035056640,55540862976,105,1839.0,10.8,28779216896,72222040064,100,16167337984,1233244160,69.0,52.041,68.875,
59947111911673,233.091647755,203.8,18035056640,55540862976,105,1855.0,10.1,28781539328,72219717632,100,16167337984,1233244160,68.0,52.046,68.875,
59947164815110,233.144551192,208.0,18035064832,55540862976,105,1874.0,10.7,28781539328,72219717632,100,16167337984,1233244160,68.0,52.028,68.875,
59947217837641,233.197573723,188.8,18035064832,55540862976,105,1861.0,9.0,28781539328,72219717632,100,16167337984,1233244160,68.0,52.049,68.875,
59947270856194,233.250592276,207.1,18035064832,55540862976,105,1858.0,11.1,28781277184,72219979776,100,16167337984,1233244160,68.0,52.029,68.875,
59947323824513,233.303560595,207.5,18035064832,55540862976,105,1853.0,9.9,28780843008,72220413952,100,16167337984,1233244160,68.0,52.05,68.875,
59947377865276,233.357601358,203.8,18035064832,55540862976,105,1815.0,11.8,28781101056,72220155904,100,16167337984,1233244160,68.0,52.032,68.875,
59947431181438,233.41091752,205.6,18035064832,55540862976,105,1867.0,10.3,28781101056,72220155904,100,16167337984,1233244160,68.0,52.048,68.875,
59947486879751,233.466615833,216.2,18035064832,55540862976,105,1849.0,10.9,28781101056,72220155904,100,16167337984,1233244160,68.0,52.036,68.875,
59947539860934,233.519597016,207.7,18035064832,55540862976,105,1853.0,9.0,28780576768,72220680192,100,16167337984,1233244160,69.0,52.046,68.875,
59947592970177,233.572706259,207.0,18035064832,55540862976,105,1841.0,11.6,28780806144,72220450816,100,16167337984,1233244160,68.0,52.05,68.875,
59947645889554,233.625625636,207.9,18035064832,55540862976,105,1886.0,9.6,28780806144,72220450816,100,16167337984,1233244160,69.0,52.041,68.875,
59947698842133,233.678578215,188.7,18035068928,55540862976,105,1888.0,11.7,28780806144,72220450816,100,16167337984,1233244160,68.0,52.047,68.875,
59947751855156,233.731591238,207.6,18035073024,55540862976,105,1849.0,10.1,28780806144,72220450816,100,16167337984,1233244160,68.0,52.028,68.875,
59947804996089,233.784732171,206.8,18035073024,55540862976,105,1839.0,11.8,28779159552,72222097408,100,16167337984,1233244160,68.0,52.046,68.875,
59947858021124,233.837757206,207.6,18035073024,55540862976,105,1878.0,14.2,28779675648,72221581312,100,16167337984,1233244160,68.0,52.027,68.875,
59947910867043,233.890603125,208.2,18035073024,55540862976,105,1889.0,9.6,28779024384,72222232576,100,16167337984,1233244160,68.0,52.046,68.875,
59947963768196,233.943504278,189.1,18035073024,55540862976,105,1940.0,10.7,28778631168,72222625792,100,16167337984,1233244160,68.0,52.028,68.875,
59948016926942,233.996663024,225.4,18035073024,55540862976,105,1886.0,9.4,28778631168,72222625792,100,16167337984,1233244160,68.0,52.043,68.875,
59948070903002,234.050639084,204.0,18035073024,55540862976,105,1869.0,11.1,28778631168,72222625792,100,16167337984,1233244160,68.0,52.034,68.875,
59948123910394,234.103646476,207.7,18035073024,55540862976,105,1933.0,9.0,28778369024,72222887936,100,16167337984,1233244160,69.0,52.044,68.875,
59948176893832,234.156629914,188.4,18035077120,55540862976,105,1903.0,11.1,28778369024,72222887936,100,16167337984,1233244160,68.0,52.04,68.875,
59948232998578,234.21273466,1016.8,18035101696,55540862976,105,1907.0,37.9,28778369024,72222887936,100,16167337984,1233244160,68.0,52.041,68.875,
59948285912765,234.265648847,226.7,18035105792,55540862976,105,1871.0,10.1,28778369024,72222887936,100,16167337984,1233244160,68.0,52.044,68.875,
59948338908034,234.318644116,188.7,18035105792,55540862976,105,1871.0,10.8,28778369024,72222887936,100,16167337984,1233244160,69.0,52.024,68.875,
59948391944351,234.371680433,207.5,18035105792,55540862976,105,1833.0,11.1,28778627072,72222629888,100,16167337984,1233244160,68.0,52.046,68.875,
59948445936572,234.425672654,203.7,18035105792,55540862976,105,1827.0,10.5,28778627072,72222629888,100,16167337984,1233244160,68.0,52.025,68.875,
59948498909669,234.478645751,207.6,18035105792,55540862976,105,1884.0,10.0,28778627072,72222629888,100,16167337984,1233244160,68.0,52.046,68.875,
59948552032908,234.53176899,207.1,18035105792,55540862976,105,1871.0,10.7,28778856448,72222400512,100,16167337984,1233244160,68.0,52.035,68.875,
59948605199439,234.584935521,206.8,18035105792,55540862976,105,1906.0,8.8,28778856448,72222400512,100,16167337984,1233244160,68.0,52.05,68.875,
59948658919829,234.638655911,204.9,18035105792,55540862976,105,1828.0,11.8,28779085824,72222171136,100,16167337984,1233244160,68.0,52.04,68.875,
59948711876235,234.691612317,189.0,18035105792,55540862976,105,1834.0,10.7,28779085824,72222171136,100,16167337984,1233244160,69.0,52.046,68.875,
59948764919975,234.744656057,207.2,18035109888,55540862976,105,1847.0,10.6,28779085824,72222171136,100,16167337984,1233244160,69.0,52.05,68.875,
59948817953105,234.797689187,226.2,18035109888,55540862976,105,1855.0,12.0,28779085824,72222171136,100,16167337984,1233244160,69.0,52.042,68.875,
59948870952642,234.850688724,207.5,18035109888,55540862976,105,1848.0,14.5,28777144320,72224112640,100,16167337984,1233244160,68.0,52.046,68.875,
59948925037587,234.904773669,185.0,18035109888,55540862976,105,1831.0,9.9,28776607744,72224649216,100,16167337984,1233244160,69.0,52.03,68.875,
59948978964495,234.958700577,203.9,18035109888,55540862976,105,1859.0,8.8,28776607744,72224649216,100,16167337984,1233244160,68.0,52.046,68.875,
59949032848732,235.012584814,204.2,18035113984,55540862976,105,1852.0,11.6,28776607744,72224649216,100,16167337984,1233244160,68.0,52.025,68.875,
59949086921254,235.066657336,221.9,18035113984,55540862976,105,1846.0,9.9,28781510656,72219746304,100,16167337984,1233244160,69.0,52.047,68.875,
59949141057604,235.120793686,203.3,18035113984,55540862976,105,1826.0,10.4,28781248512,72220008448,100,16167337984,1233244160,68.0,52.029,68.875,
59949194962391,235.174698473,204.0,18035113984,55540862976,105,1894.0,9.8,28780986368,72220270592,100,16167337984,1233244160,68.0,52.047,69.0,
59949250220257,235.229956339,199.1,18035113984,55540862976,105,1805.0,12.0,28780724224,72220532736,100,16167337984,1233244160,68.0,52.036,68.875,
59949304063297,235.283799379,222.8,18035118080,55540862976,105,1900.0,8.8,28780339200,72220917760,100,16167337984,1233244160,69.0,52.046,69.0,
59949359060975,235.338797057,200.0,18035118080,55540862976,105,1847.0,10.3,28780339200,72220917760,100,16167337984,1233244160,68.0,52.044,69.0,
59949412987703,235.392723785,204.0,18035118080,55540862976,105,1865.0,10.5,28780077056,72221179904,100,16167337984,1233244160,68.0,52.042,69.0,
59949466974583,235.446710665,222.2,18035118080,55540862976,105,1845.0,10.5,28779556864,72221700096,100,16167337984,1233244160,69.0,52.047,69.0,
59949520987011,235.500723093,203.7,18035118080,55540862976,105,1849.0,10.5,28779556864,72221700096,100,16167337984,1233244160,69.0,52.036,69.0,
59949575029616,235.554765698,203.6,18035122176,55540862976,105,1857.0,9.8,28780048384,72221208576,100,16167337984,1233244160,68.0,52.043,69.0,
59949628973375,235.608709457,222.4,18035122176,55540862976,105,1852.0,10.5,28780564480,72220692480,100,16167337984,1233244160,68.0,52.027,69.0,
59949683070302,235.662806384,203.5,18035122176,55540862976,105,1896.0,9.4,28780204032,72221052928,100,16167337984,1233244160,68.0,52.045,69.0,
59949736922950,235.716659032,204.2,18035122176,55540862976,105,1859.0,11.6,28779679744,72221577216,100,16167337984,1233244160,68.0,52.024,69.0,
59949790971536,235.770707618,184.9,18035122176,55540862976,105,1818.0,10.4,28779483136,72221773824,100,16167337984,1233244160,69.0,52.048,69.0,
59949845072881,235.824808963,221.9,18035122176,55540862976,105,1813.0,13.4,28778455040,72222801920,100,16167337984,1233244160,68.0,52.032,69.0,
59949899029734,235.878765816,204.0,18035126272,55540862976,105,1889.0,11.0,28778151936,72223105024,100,16167337984,1233244160,69.0,52.045,69.0,
59949953142000,235.932878082,203.3,18035126272,55540862976,105,1881.0,9.9,28777562112,72223694848,100,16167337984,1233244160,68.0,52.034,69.0,
59950007081621,235.986817703,204.0,18035126272,55540862976,105,1905.0,9.2,28777791488,72223465472,100,16167337984,1233244160,69.0,52.042,69.0,
59950060957793,236.040693875,204.0,18035126272,55540862976,105,1885.0,9.9,28777791488,72223465472,100,16167337984,1233244160,68.0,52.041,69.0,
59950117187083,236.096923165,213.5,18035126272,55540862976,105,1850.0,9.5,28776857600,72224399360,100,16167337984,1233244160,69.0,52.041,69.0,
59950171038499,236.150774581,222.9,18035130368,55540862976,105,1860.0,9.3,28776857600,72224399360,100,16167337984,1233244160,68.0,52.044,69.0,
59950225081223,236.204817305,185.0,18035130368,55540862976,105,1853.0,10.0,28776853504,72224403456,100,16167337984,1233244160,69.0,52.034,69.0,
59950278996209,236.258732291,204.0,18035130368,55540862976,105,1851.0,9.8,28776853504,72224403456,100,16167337984,1233244160,68.0,52.04,69.0,
59950333050545,236.312786627,222.0,18035130368,55540862976,105,1845.0,9.9,28776853504,72224403456,100,16167337984,1233244160,69.0,52.026,69.0,
59950387025192,236.366761274,203.9,18035138560,55540862976,105,1867.0,9.8,28776853504,72224403456,100,16167337984,1233244160,68.0,52.044,69.0,
59950440893029,236.420629111,204.3,18035138560,55540862976,105,1846.0,10.0,28777340928,72223916032,100,16167337984,1233244160,68.0,52.023,69.0,
59950493982424,236.473718506,207.2,18035138560,55540862976,105,1864.0,8.9,28777340928,72223916032,100,16167337984,1233244160,68.0,52.044,69.0,
59950546883877,236.526619959,208.0,18035138560,55540862976,105,1855.0,9.5,28777340928,72223916032,100,16167337984,1233244160,68.0,52.032,69.0,
59950599933998,236.57967008,207.3,18035138560,55540862976,105,1883.0,9.4,28777340928,72223916032,100,16167337984,1233244160,69.0,52.053,69.0,
59950656033433,236.635769515,213.7,18035138560,55540862976,105,1853.0,10.0,28777340928,72223916032,100,16167337984,1233244160,68.0,52.038,69.0,
59950710032125,236.689768207,203.8,18035138560,55540862976,105,1884.0,8.8,28777570304,72223686656,100,16167337984,1233244160,69.0,52.051,69.0,
59950764269696,236.744005778,202.8,18035142656,55540862976,105,1828.0,10.4,28777570304,72223686656,100,16167337984,1233244160,68.0,52.046,69.0,
59950818040900,236.797776982,204.6,18035142656,55540862976,105,1830.0,12.9,28776640512,72224616448,100,16167337984,1233244160,69.0,52.052,69.0,
59950872070039,236.851806121,222.1,18035142656,55540862976,105,1795.0,12.1,28776640512,72224616448,100,16167337984,1237454848,68.0,52.052,69.0,
59950927067316,236.906803398,200.0,18035146752,55540862976,105,1859.0,11.6,28776615936,72224641024,100,16167337984,1237454848,69.0,52.037,69.0,
59950981150997,236.960887079,203.3,18035146752,55540862976,105,1824.0,10.3,28776845312,72224411648,100,16167337984,1237454848,68.0,52.046,69.0,
59951035098333,237.014834415,204.0,18035146752,55540862976,105,1833.0,12.4,28777103360,72224153600,100,16167337984,1237454848,68.0,52.029,69.0,
59951089112794,237.068848876,203.6,18035146752,55540862976,105,1789.0,18.2,28778905600,72222351360,100,16167337984,1237454848,68.0,52.053,69.0,
59951143049089,237.122785171,204.0,18035146752,55540862976,105,1897.0,26.2,28778905600,72222351360,100,16167337984,1237454848,68.0,52.035,69.0,
59951197079110,237.176815192,222.1,18035146752,55540862976,105,1859.0,15.4,28772712448,72228544512,100,16167337984,1237454848,68.0,52.045,68.875,
59951252223993,237.231960075,199.4,18035146752,55540862976,105,1799.0,11.0,28772687872,72228569088,100,16167337984,1237454848,68.0,52.032,68.875,
59951306158184,237.285894266,204.2,18035150848,55540862976,105,1848.0,10.0,28772687872,72228569088,100,16167337984,1237454848,69.0,52.043,68.875,
59951360058271,237.339794353,204.0,18035150848,55540862976,105,1820.0,12.1,28772687872,72228569088,100,16167337984,1237454848,68.0,52.046,68.875,
59951413163686,237.392899768,225.9,18035150848,55540862976,105,1885.0,10.7,28772679680,72228577280,100,16167337984,1237454848,69.0,52.04,68.875,
59951467026263,237.446762345,204.3,18035154944,55540862976,105,1839.0,9.4,28772679680,72228577280,100,16167337984,1237454848,69.0,52.047,68.875,
59951521138588,237.50087467,203.2,18035154944,55540862976,105,1842.0,10.9,28772679680,72228577280,100,16167337984,1237454848,68.0,52.034,68.875,
59951575218051,237.554954133,203.0,18035154944,55540862976,105,1824.0,9.8,28772909056,72228347904,100,16167337984,1237454848,68.0,52.041,68.875,
59951629214769,237.608950851,203.9,18035154944,55540862976,105,1848.0,11.8,28772909056,72228347904,100,16167337984,1237454848,68.0,52.026,68.875,
59951683196208,237.66293229,222.5,18035154944,55540862976,105,1888.0,9.4,28773138432,72228118528,100,16167337984,1237454848,68.0,52.044,68.875,
59951738206348,237.71794243,199.9,18035154944,55540862976,105,1832.0,11.7,28773138432,72228118528,100,16167337984,1237454848,68.0,52.026,68.875,
59951792368316,237.772104398,203.0,18035154944,55540862976,105,1831.0,11.7,28773138432,72228118528,100,16167337984,1237454848,68.0,52.048,69.0,
59951846087273,237.825823355,186.1,18035154944,55540862976,105,1825.0,13.5,28772868096,72228388864,100,16167337984,1237454848,68.0,52.032,68.875,
59951900098488,237.87983457,240.8,18035159040,55540862976,105,1882.0,10.4,28772782080,72228474880,100,16167337984,1237454848,68.0,52.045,68.875,
59951954377846,237.934113928,202.7,18035159040,55540862976,105,1831.0,11.6,28773011456,72228245504,100,16167337984,1237454848,68.0,52.035,68.875,
59952011488750,237.991224832,997.9,18035179520,55541911552,105,1824.0,36.0,28773011456,72228245504,100,16167337984,1237454848,69.0,52.046,68.875,
59952066247839,238.045983921,200.7,18035183616,55541911552,105,1829.0,10.9,28772753408,72228503552,100,16167337984,1237454848,69.0,52.046,68.875,
59952120117288,238.09985337,204.4,18035183616,55541911552,105,1829.0,11.1,28772982784,72228274176,100,16167337984,1237454848,69.0,52.036,68.875,
59952174074902,238.153810984,222.3,18035183616,55541911552,105,1819.0,9.9,28772720640,72228536320,100,16167337984,1237454848,68.0,52.044,68.875,
59952230048181,238.209784263,196.6,18035183616,55541911552,105,1871.0,11.2,28772720640,72228536320,100,16167337984,1237454848,68.0,52.032,68.875,
59952284071208,238.26380729,203.7,18035183616,55541911552,105,1819.0,9.3,28772462592,72228794368,100,16167337984,1237454848,68.0,52.042,68.875,
59952337254829,238.316990911,206.6,18035183616,55541911552,105,1885.0,11.8,28772462592,72228794368,100,16167337984,1237454848,69.0,52.02,68.875,
59952391130240,238.370866322,222.8,18035183616,55541911552,105,1841.0,10.5,28772200448,72229056512,100,16167337984,1237454848,68.0,52.044,68.875,
59952445014777,238.424750859,204.2,18035187712,55541911552,105,1836.0,10.5,28772200448,72229056512,100,16167337984,1237454848,68.0,52.025,68.875,
59952498139989,238.477876071,188.2,18035187712,55541911552,105,1875.0,8.9,28772200448,72229056512,100,16167337984,1237454848,68.0,52.041,68.875,
59952551189538,238.53092562,207.3,18035187712,55541911552,105,1829.0,11.8,28772683776,72228573184,100,16167337984,1237454848,68.0,52.036,68.875,
59952605087340,238.584823422,222.8,18035191808,55541911552,105,1886.0,9.4,28772683776,72228573184,100,16167337984,1237454848,69.0,52.055,68.875,
59952659185999,238.638922081,203.1,18035191808,55541911552,105,1880.0,10.5,28772675584,72228581376,100,16167337984,1237454848,68.0,52.049,68.875,
59952713226258,238.69296234,203.6,18035191808,55541911552,105,1875.0,11.6,28772675584,72228581376,100,16167337984,1237454848,69.0,52.048,68.875,
59952767173423,238.746909505,222.3,18035191808,55541911552,105,1823.0,10.9,28772933632,72228323328,100,16167337984,1237454848,68.0,52.054,69.0,
59952821229482,238.800965564,203.8,18035191808,55541911552,105,1850.0,12.6,28772933632,72228323328,100,16167337984,1237454848,69.0,52.044,68.875,
59952874060211,238.853796293,189.1,18035191808,55541911552,105,1857.0,12.9,28772417536,72228839424,100,16167337984,1237454848,68.0,52.049,68.875,
59952927143013,238.906879095,207.3,18035191808,55541911552,105,1878.0,10.7,28771602432,72229654528,100,16167337984,1237454848,69.0,52.026,68.875,
59952980067227,238.959803309,207.9,18035195904,55541911552,105,1845.0,10.1,28771602432,72229654528,100,16167337984,1237454848,69.0,52.048,68.875,
59953032978978,239.01271506,207.9,18035195904,55541911552,105,1879.0,10.1,28771344384,72229912576,100,16167337984,1237454848,68.0,52.028,68.875,
59953086154194,239.065890276,207.0,18035195904,55541911552,105,1878.0,11.2,28774178816,72227078144,100,16167337984,1237454848,68.0,52.046,68.875,
59953139201489,239.118937571,207.3,18035195904,55541911552,105,1827.0,10.1,28773916672,72227340288,100,16167337984,1237454848,68.0,52.034,68.875,
59953192180587,239.171916669,188.6,18035200000,55541911552,105,1922.0,9.4,28774146048,72227110912,100,16167337984,1237454848,69.0,52.049,68.875,
59953245214347,239.224950429,207.5,18035200000,55541911552,105,1772.0,10.8,28774146048,72227110912,100,16167337984,1237454848,68.0,52.043,68.875,
59953299217336,239.278953418,203.7,18035200000,55541911552,105,1820.0,9.3,28774146048,72227110912,100,16167337984,1237454848,69.0,52.044,68.875,
59953352145187,239.331881269,207.8,18035200000,55541911552,105,1780.0,9.6,28774146048,72227110912,100,16167337984,1237454848,68.0,52.051,68.875,
59953405168548,239.38490463,226.3,18035200000,55541911552,105,1882.0,10.1,28774146048,72227110912,100,16167337984,1237454848,68.0,52.035,68.875,
59953458195505,239.437931587,188.6,18035200000,55541911552,105,1871.0,9.4,28774375424,72226881536,100,16167337984,1237454848,68.0,52.044,68.875,
59953512130486,239.491866568,203.9,18035204096,55541911552,105,1803.0,10.5,28774375424,72226881536,100,16167337984,1237454848,68.0,52.027,68.875,
59953565160519,239.544896601,207.5,18035204096,55541911552,105,1842.0,8.9,28774375424,72226881536,100,16167337984,1237454848,68.0,52.049,69.0,
59953618245445,239.597981527,207.2,18035204096,55541911552,105,1891.0,10.7,28774113280,72227143680,100,16167337984,1237454848,69.0,52.03,69.0,
59953671183565,239.650919647,207.8,18035204096,55541911552,105,1890.0,8.3,28774113280,72227143680,100,16167337984,1237454848,68.0,52.052,69.0,
59953726210796,239.705946878,200.0,18035204096,55541911552,105,1819.0,10.2,28773687296,72227569664,100,16167337984,1237454848,68.0,52.033,69.0,
59953779157974,239.758894056,207.5,18035208192,55541911552,105,1880.0,9.3,28773163008,72228093952,100,16167337984,1237454848,68.0,52.05,69.0,
59953835341025,239.815077107,213.9,18035208192,55541911552,105,1786.0,12.6,28773163008,72228093952,100,16167337984,1237454848,68.0,52.041,69.0,
59953889127297,239.868863379,204.5,18035208192,55541911552,105,1858.0,11.6,28771545088,72229711872,100,16167337984,1237454848,69.0,52.049,69.0,
59953942244824,239.921980906,207.1,18035208192,55541911552,105,1859.0,10.1,28771414016,72229842944,100,16167337984,1237454848,68.0,52.045,69.0,
59953998255882,239.977991964,196.4,18035208192,55541911552,105,1894.0,9.5,28771414016,72229842944,100,16167337984,1237454848,68.0,52.043,69.0,
59954051241582,240.030977664,226.1,18035212288,55541911552,105,1821.0,11.0,28771213312,72230043648,100,16167337984,1237454848,68.0,52.047,69.0,
59954105209916,240.084945998,203.9,18035212288,55541911552,105,1832.0,10.8,28771442688,72229814272,100,16167337984,1237454848,69.0,52.04,69.0,
59954160211659,240.139947741,199.9,18035212288,55541911552,105,1825.0,8.8,28771442688,72229814272,100,16167337984,1237454848,69.0,52.047,69.0,
59954214378566,240.194114648,203.2,18035212288,55541911552,105,1886.0,9.8,28770910208,72230346752,100,16167337984,1237454848,68.0,52.032,69.0,
59954269196345,240.248932427,200.8,18035216384,55541911552,105,1890.0,9.8,28770910208,72230346752,100,16167337984,1237454848,68.0,52.043,69.0,
59954323176230,240.302912312,222.3,18035220480,55541911552,105,1867.0,10.5,28770328576,72230928384,100,16167337984,1237454848,68.0,52.024,69.0,
59954377195490,240.356931572,203.6,18035220480,55541911552,105,1832.0,8.9,28768264192,72232992768,100,16167337984,1237454848,68.0,52.047,69.0,
59954430094256,240.409830338,208.0,18035220480,55541911552,105,1842.0,10.1,28768051200,72233205760,100,16167337984,1237454848,68.0,52.025,69.0,
59954483216893,240.462952975,207.2,18035220480,55541911552,105,1888.0,9.9,28768051200,72233205760,100,16167337984,1237454848,68.0,52.047,69.0,
59954538202155,240.517938237,199.9,18035220480,55541911552,105,1833.0,9.6,28768051200,72233205760,100,16167337984,1237454848,68.0,52.029,69.0,
59954592286016,240.572022098,203.2,18035224576,55541911552,105,1891.0,8.7,28766126080,72235130880,100,16167337984,1237454848,68.0,52.046,69.0,
59954647571381,240.627307463,217.1,18035224576,55541911552,105,1856.0,10.7,28766355456,72234901504,100,16167337984,1237454848,68.0,52.034,69.0,
59954702286547,240.682022629,201.2,18035224576,55541911552,105,1894.0,8.7,28766584832,72234672128,100,16167337984,1237454848,69.0,52.045,69.0,
59954756218432,240.735954514,203.8,18035224576,55541911552,105,1838.0,9.9,28766814208,72234442752,100,16167337984,1237454848,68.0,52.04,69.0,
59954810353198,240.79008928,203.2,18035224576,55541911552,105,1844.0,11.6,28766814208,72234442752,100,16167337984,1237454848,69.0,52.047,69.0,
59954864398166,240.844134248,222.0,18035224576,55541911552,105,1867.0,12.7,28767043584,72234213376,100,16167337984,1237454848,68.0,52.047,69.0,
59954918340080,240.898076162,203.9,18035228672,55541911552,105,1892.0,11.2,28766683136,72234573824,100,16167337984,1233244160,69.0,52.035,69.0,
59954972504331,240.952240413,203.0,18035228672,55541911552,105,1871.0,10.3,28766900224,72234356736,100,16167337984,1233244160,68.0,52.04,69.0,
59955026216434,241.005952516,204.9,18035228672,55541911552,105,1870.0,11.1,28767129600,72234127360,100,16167337984,1233244160,69.0,52.026,69.0,
59955080279746,241.060015828,203.5,18035228672,55541911552,105,1885.0,9.9,28769968128,72231288832,100,16167337984,1233244160,68.0,52.043,69.0,
59955134370519,241.114106601,221.8,18035232768,55541911552,105,1864.0,12.2,28769968128,72231288832,100,16167337984,1233244160,68.0,52.02,69.0,
59955188377566,241.168113648,203.7,18035232768,55541911552,105,1818.0,9.4,28769968128,72231288832,100,16167337984,1233244160,69.0,52.044,69.0,
59955242122069,241.221858151,204.7,18035232768,55541911552,105,1786.0,12.3,28769968128,72231288832,100,16167337984,1233244160,68.0,52.027,69.0,
59955296235786,241.275971868,203.2,18035232768,55541911552,105,1881.0,9.8,28770197504,72231059456,100,16167337984,1233244160,69.0,52.044,69.0,
59955351213855,241.330949937,218.4,18035232768,55541911552,105,1789.0,12.6,28770197504,72231059456,100,16167337984,1233244160,68.0,52.029,69.0,
59955405315268,241.38505135,203.4,18035232768,55541911552,105,1897.0,9.9,28770197504,72231059456,100,16167337984,1233244160,69.0,52.044,69.0,
59955459332133,241.439068215,203.4,18035236864,55541911552,105,1811.0,12.1,28770197504,72231059456,100,16167337984,1233244160,68.0,52.038,69.0,
59955513326485,241.493062567,203.8,18035236864,55541911552,105,1787.0,10.5,28770426880,72230830080,100,16167337984,1233244160,68.0,52.042,69.0,
59955567231860,241.546967942,204.1,18035236864,55541911552,105,1788.0,11.1,28770426880,72230830080,100,16167337984,1233244160,69.0,52.045,69.0,
59955621328755,241.601064837,221.9,18035236864,55541911552,105,1870.0,9.9,28770426880,72230830080,100,16167337984,1233244160,69.0,52.042,69.0,
59955675426291,241.655162373,203.4,18035240960,55541911552,105,1865.0,9.5,28770656256,72230600704,100,16167337984,1233244160,68.0,52.031,69.0,
59955733093487,241.712829569,415.9,18035240960,55541911552,105,1752.0,27.3,28770656256,72230600704,100,16167337984,1233244160,68.0,52.039,69.0,
59955790366223,241.770102305,750.9,18035240960,55541911552,105,1887.0,18.1,28770656256,72230600704,100,16167337984,1233244160,68.0,52.046,69.0,
59955844363070,241.824099152,222.1,18035240960,55541911552,105,1841.0,13.9,28770656256,72230600704,100,16167337984,1233244160,68.0,52.029,69.0,
59955898427323,241.878163405,203.5,18035245056,55541911552,105,1795.0,11.0,28771110912,72230146048,100,16167337984,1233244160,68.0,52.048,69.0,
59955952244292,241.931980374,204.4,18035245056,55541911552,105,1827.0,11.6,28771340288,72229916672,100,16167337984,1233244160,68.0,52.029,69.0,
59956006246209,241.985982291,222.5,18035245056,55541911552,105,1846.0,9.4,28771340288,72229916672,100,16167337984,1233244160,68.0,52.047,69.0,
59956062405104,242.042141186,195.8,18035245056,55541911552,105,1842.0,10.2,28771340288,72229916672,100,16167337984,1233244160,68.0,52.033,69.0,
59956115256922,242.094993004,208.1,18035245056,55541911552,105,1961.0,9.4,28771340288,72229916672,100,16167337984,1233244160,69.0,52.048,69.0,
59956168400607,242.148136689,207.0,18035245056,55541911552,105,1806.0,11.2,28771799040,72229457920,100,16167337984,1233244160,68.0,52.042,69.0,
59956222303838,242.20203992,222.7,18035245056,55541911552,105,1851.0,10.0,28771799040,72229457920,100,16167337984,1233244160,69.0,52.04,69.0,
59956275252858,242.25498894,188.9,18035245056,55541911552,105,1897.0,10.7,28771799040,72229457920,100,16167337984,1233244160,68.0,52.048,69.0,
59956328266189,242.308002271,207.5,18035245056,55541911552,105,1902.0,10.1,28771799040,72229457920,100,16167337984,1233244160,68.0,52.034,69.0,
59956381332018,242.3610681,188.3,18035245056,55541911552,105,1920.0,11.2,28772057088,72229199872,100,16167337984,1233244160,68.0,52.042,69.0,
59956435318085,242.415054167,222.4,18035249152,55541911552,105,1886.0,11.2,28772057088,72229199872,100,16167337984,1233244160,68.0,52.022,69.0,
59956488285799,242.468021881,207.6,18035249152,55541911552,105,1836.0,10.5,28772057088,72229199872,100,16167337984,1233244160,69.0,52.045,69.0,
59956541233998,242.52097008,207.8,18035249152,55541911552,105,1839.0,11.2,28772286464,72228970496,100,16167337984,1233244160,68.0,52.028,69.0,
59956594311218,242.5740473,188.2,18035249152,55541911552,105,1863.0,8.3,28772286464,72228970496,100,16167337984,1233244160,68.0,52.042,69.0,
59956648230349,242.627966431,204.2,18035249152,55541911552,105,1853.0,11.1,28772028416,72229228544,100,16167337984,1233244160,68.0,52.032,69.0,
59956701285548,242.68102163,226.2,18035249152,55541911552,105,1899.0,10.0,28772028416,72229228544,100,16167337984,1233244160,68.0,52.044,68.875,
59956755533045,242.735269127,202.9,18035249152,55541911552,105,1788.0,11.6,28771667968,72229588992,100,16167337984,1233244160,68.0,52.044,68.875,
59956808327444,242.788063526,208.4,18035249152,55541911552,105,1835.0,12.0,28771667968,72229588992,100,16167337984,1233244160,68.0,52.039,68.875,
59956861264762,242.841000844,188.6,18035249152,55541911552,105,1830.0,14.1,28771667968,72229588992,100,16167337984,1233244160,68.0,52.046,68.875,
59956914256171,242.893992253,207.7,18035249152,55541911552,105,1852.0,10.7,28771848192,72229408768,100,16167337984,1233244160,68.0,52.029,68.875,
59956968365679,242.948101761,221.7,18035253248,55541911552,105,1818.0,8.1,28771848192,72229408768,100,16167337984,1233244160,68.0,52.039,68.875,
59957022324825,243.002060907,204.0,18035253248,55541911552,105,1878.0,10.0,28771848192,72229408768,100,16167337984,1233244160,69.0,52.021,68.875,
59957075311595,243.055047677,207.6,18035253248,55541911552,105,1811.0,9.5,28776493056,72224763904,100,16167337984,1233244160,68.0,52.043,69.0,
59957128293837,243.108029919,188.6,18035253248,55541911552,105,1823.0,10.1,28776493056,72224763904,100,16167337984,1233244160,68.0,52.025,68.875,
59957182395190,243.162131272,221.6,18035253248,55541911552,105,1851.0,9.2,28776493056,72224763904,100,16167337984,1233244160,68.0,52.041,69.0,
59957236326594,243.216062676,204.1,18035253248,55541911552,105,1777.0,11.0,28776722432,72224534528,100,16167337984,1233244160,68.0,52.031,69.0,
59957290351663,243.270087745,203.6,18035253248,55541911552,105,1872.0,9.3,28776722432,72224534528,100,16167337984,1233244160,68.0,52.044,69.0,
59957344329454,243.324065536,203.7,18035253248,55541911552,105,1863.0,9.4,28776722432,72224534528,100,16167337984,1233244160,68.0,52.039,69.0,
59957398315109,243.378051191,222.4,18035253248,55541911552,105,1836.0,9.9,28776722432,72224534528,100,16167337984,1233244160,69.0,52.04,69.0,
59957452338015,243.432074097,203.6,18035253248,55541911552,105,1838.0,9.3,28776198144,72225058816,100,16167337984,1233244160,68.0,52.043,69.0,
59957506370298,243.48610638,203.5,18035257344,55541911552,105,1878.0,10.9,28776198144,72225058816,100,16167337984,1233244160,68.0,52.032,69.0,
59957560400867,243.540136949,203.6,18035257344,55541911552,105,1848.0,10.3,28776198144,72225058816,100,16167337984,1233244160,68.0,52.04,69.0,
59957614398815,243.594134897,222.2,18035257344,55541911552,105,1821.0,10.5,28776198144,72225058816,100,16167337984,1233244160,68.0,52.028,69.0,
59957668365886,243.648101968,204.0,18035257344,55541911552,105,1834.0,8.7,28776198144,72225058816,100,16167337984,1233244160,68.0,52.048,69.0,
59957722333908,243.70206999,203.7,18035257344,55541911552,105,1799.0,11.0,28776198144,72225058816,100,16167337984,1233244160,68.0,52.023,69.0,
59957776500863,243.756236945,184.6,18035257344,55541911552,105,1863.0,9.2,28776198144,72225058816,100,16167337984,1233244160,68.0,52.048,69.0,
59957830460660,243.810196742,222.4,18035257344,55541911552,105,1772.0,16.5,28778770432,72222486528,100,16167337984,1233244160,68.0,52.039,69.0,
59957884454841,243.864190923,203.7,18035257344,55541911552,105,1881.0,11.8,28784590848,72216666112,100,16167337984,1233244160,68.0,52.047,69.0,
59957938316534,243.918052616,204.3,18035257344,55541911552,105,1783.0,10.6,28784369664,72216887296,100,16163143680,1233244160,68.0,52.038,69.0,
59957991307041,243.971043123,207.6,18035257344,55541911552,105,1833.0,8.9,28784369664,72216887296,100,16163143680,1233244160,69.0,52.042,69.0,
59958044305032,244.024041114,207.5,18035261440,55541911552,105,1836.0,8.9,28784369664,72216887296,100,16163143680,1233244160,68.0,52.048,69.0,
59958097325566,244.077061648,207.5,18035261440,55541911552,105,1852.0,8.9,28784369664,72216887296,100,16163143680,1233244160,69.0,52.035,69.0,
59958150365365,244.130101447,207.3,18035261440,55541911552,105,1853.0,8.9,28784369664,72216887296,100,16163143680,1233244160,68.0,52.044,69.0,
59958203454909,244.183190991,207.2,18035265536,55541911552,105,1862.0,10.6,28784369664,72216887296,100,16163143680,1233244160,68.0,52.024,69.0,
59958256427122,244.236163204,207.6,18035265536,55541911552,105,1858.0,8.3,28784369664,72216887296,100,16163143680,1233244160,68.0,52.045,69.0,
59958309547843,244.289283925,207.2,18035265536,55541911552,105,1853.0,10.1,28784369664,72216887296,100,16163143680,1233244160,68.0,52.021,69.0,
59958362448311,244.342184393,189.0,18035265536,55541911552,105,1862.0,8.9,28784369664,72216887296,100,16163143680,1233244160,68.0,52.046,69.0,
59958416476717,244.396212799,203.6,18035265536,55541911552,105,1785.0,9.9,28784369664,72216887296,100,16163143680,1233244160,68.0,52.027,69.0,
59958469557634,244.449293716,225.7,18035265536,55541911552,105,1869.0,8.8,28784369664,72216887296,100,16163143680,1233244160,68.0,52.044,69.0,
59958523371476,244.503107558,204.8,18035265536,55541911552,105,1804.0,10.6,28784369664,72216887296,100,16163143680,1233244160,68.0,52.035,69.0,
59958576368235,244.556104317,207.5,18035269632,55541911552,105,1855.0,8.3,28784369664,72216887296,100,16163143680,1233244160,69.0,52.043,69.0,
59958629365053,244.609101135,188.5,18035273728,55541911552,105,1830.0,10.7,28784599040,72216657920,100,16163143680,1233244160,68.0,52.049,69.0,
59958682368234,244.662104316,207.8,18035273728,55541911552,105,1779.0,9.5,28784599040,72216657920,100,16163143680,1233244160,69.0,52.047,69.0,
59958735333263,244.715069345,226.5,18035277824,55541911552,105,1845.0,9.9,28784599040,72216657920,100,16163143680,1233244160,69.0,52.052,69.0,
59958788408679,244.768144761,188.5,18035277824,55541911552,105,1883.0,10.2,28785082368,72216174592,100,16163143680,1233244160,69.0,52.037,69.0,
59958841341578,244.82107766,207.9,18035277824,55541911552,105,1796.0,12.4,28776022016,72225234944,100,16163143680,1233244160,68.0,52.05,69.0,
59958894382750,244.874118832,207.3,18035277824,55541911552,105,1812.0,13.6,28777054208,72224202752,100,16167337984,1233244160,68.0,52.027,69.0,
59958947394657,244.927130739,207.6,18035277824,55541911552,105,1776.0,9.5,28777213952,72224043008,100,16167337984,1233244160,68.0,52.048,69.0,
59959000345760,244.980081842,207.7,18035277824,55541911552,105,1834.0,11.3,28777181184,72224075776,100,16167337984,1233244160,68.0,52.031,69.0,
59959053360653,245.033096735,207.6,18035277824,55541911552,105,1878.0,10.1,28777181184,72224075776,100,16167337984,1233244160,68.0,52.048,69.0,
59959106262003,245.085998085,188.8,18035281920,55541911552,105,1782.0,27.2,28784914432,72216342528,100,16167337984,1233244160,68.0,52.053,69.0,
59959160469624,245.140205706,202.9,18035281920,55541911552,105,1887.0,23.8,28782075904,72219181056,100,16167337984,1233244160,68.0,52.046,68.875,
59959214432386,245.194168468,222.5,18035281920,55541911552,105,1866.0,9.9,28781559808,72219697152,100,16167337984,1233244160,68.0,52.04,68.875,
59959268423611,245.248159693,203.7,18035281920,55541911552,105,1789.0,11.7,28781236224,72220020736,100,16167337984,1233244160,68.0,52.026,68.875,
59959322617918,245.302354,203.0,18035286016,55541911552,105,1814.0,9.8,28781236224,72220020736,100,16167337984,1233244160,68.0,52.04,68.875,
59959377530653,245.357266735,218.5,18035286016,55541911552,105,1820.0,13.8,28780220416,72221036544,100,16167337984,1233244160,68.0,52.02,68.875,
59959431499797,245.411235879,203.9,18035286016,55541911552,105,1833.0,10.0,28780220416,72221036544,100,16167337984,1233244160,68.0,52.044,68.875,
59959485537339,245.465273421,222.1,18035286016,55541911552,105,1820.0,12.6,28780220416,72221036544,100,16167337984,1233244160,68.0,52.025,68.875,
59959542710136,245.522446218,960.7,18035298304,55541911552,105,1856.0,34.5,28780220416,72221036544,100,16167337984,1233244160,68.0,52.044,68.875,
59959596422117,245.576158199,186.4,18035298304,55541911552,105,1789.0,12.9,28780220416,72221036544,100,16167337984,1233244160,68.0,52.035,68.875,
59959650554316,245.630290398,221.8,18035298304,55541911552,105,1900.0,8.7,28780220416,72221036544,100,16167337984,1233244160,69.0,52.051,68.875,
59959704404757,245.684140839,204.2,18035298304,55541911552,105,1771.0,14.0,28780220416,72221036544,100,16167337984,1233244160,68.0,52.046,68.875,
59959758428183,245.738164265,203.6,18035298304,55541911552,105,1796.0,10.5,28779323392,72221933568,100,16167337984,1233244160,69.0,52.048,68.875,
59959812482075,245.792218157,203.5,18035298304,55541911552,105,1790.0,13.4,28779323392,72221933568,100,16167337984,1233244160,68.0,52.055,68.875,
59959866433355,245.846169437,203.9,18035298304,55541911552,105,1844.0,14.0,28777177088,72224079872,100,16167337984,1233244160,68.0,52.044,68.875,
59959920441722,245.900177804,222.1,18035298304,55541911552,105,1817.0,12.1,28777172992,72224083968,100,16167337984,1233244160,68.0,52.044,68.875,
59959974678639,245.954414721,202.8,18035298304,55541911552,105,1902.0,11.6,28775870464,72225386496,100,16167337984,1233244160,68.0,52.03,68.875,
59960028488122,246.008224204,204.6,18035302400,55541911552,105,1828.0,8.8,28775870464,72225386496,100,16167337984,1233244160,68.0,52.046,68.875,
59960082465742,246.062201824,203.7,18035306496,55541911552,105,1815.0,12.7,28775870464,72225386496,100,16167337984,1233244160,68.0,52.027,68.875,
59960136457358,246.11619344,203.8,18035306496,55541911552,105,1789.0,9.4,28775870464,72225386496,100,16167337984,1233244160,68.0,52.047,68.875,
59960190472287,246.170208369,222.1,18035306496,55541911552,105,1802.0,11.6,28775870464,72225386496,100,16167337984,1233244160,68.0,52.027,68.875,
59960244523264,246.224259346,203.7,18035306496,55541911552,105,1878.0,8.8,28771205120,72230051840,100,16167337984,1233244160,68.0,52.044,68.875,
59960297488413,246.277224495,207.7,18035306496,55541911552,105,1810.0,11.2,28771688448,72229568512,100,16167337984,1233244160,68.0,52.036,68.875,
59960350525377,246.330261459,207.4,18035306496,55541911552,105,1868.0,9.5,28772175872,72229081088,100,16167337984,1233244160,69.0,52.046,68.875,
59960408567867,246.388303949,206.7,18035306496,55541911552,105,1839.0,12.8,28771643392,72229613568,100,16167337984,1233244160,68.0,52.037,68.875,
59960462398460,246.442134542,204.4,18035306496,55541911552,105,1861.0,10.0,28771872768,72229384192,100,16167337984,1233244160,68.0,52.044,68.875,
59960515421748,246.49515783,207.5,18035306496,55541911552,105,1834.0,10.6,28771872768,72229384192,100,16167337984,1233244160,68.0,52.049,68.75,
59960569423052,246.549159134,203.6,18035306496,55541911552,105,1847.0,10.6,28771561472,72229695488,100,16167337984,1233244160,69.0,52.037,68.75,
59960622656834,246.602392916,206.7,18035310592,55541911552,105,1822.0,10.0,28771790848,72229466112,100,16167337984,1233244160,68.0,52.049,68.75,
59960676437243,246.656173325,204.5,18035314688,55541911552,105,1804.0,11.1,28772274176,72228982784,100,16167337984,1233244160,68.0,52.034,68.75,
59960729445613,246.709181695,207.5,18035314688,55541911552,105,1843.0,9.5,28772274176,72228982784,100,16167337984,1233244160,68.0,52.048,68.75,
59960782490922,246.762227004,226.2,18035314688,55541911552,105,1815.0,11.8,28772503552,72228753408,100,16167337984,1233244160,68.0,52.025,68.75,
59960835549987,246.815286069,188.3,18035314688,55541911552,105,1831.0,12.4,28772732928,72228524032,100,16167337984,1233244160,68.0,52.055,68.75,
59960889492871,246.869228953,203.9,18035314688,55541911552,105,1825.0,12.3,28772208640,72229048320,100,16167337984,1233244160,68.0,52.03,68.75,
59960943542836,246.923278918,222.2,18035314688,55541911552,105,1863.0,8.7,28772691968,72228564992,100,16167337984,1233244160,68.0,52.044,68.75,
59960997651081,246.977387163,203.3,18035314688,55541911552,105,1835.0,9.9,28772921344,72228335616,100,16167337984,1233244160,68.0,52.033,68.75,
59961051549671,247.031285753,204.1,18035314688,55541911552,105,1866.0,9.4,28773150720,72228106240,100,16167337984,1233244160,69.0,52.046,68.75,
59961106589294,247.086325376,218.0,18035314688,55541911552,105,1848.0,11.9,28775215104,72226041856,100,16167337984,1233244160,68.0,52.04,68.75,
59961160630472,247.140366554,203.5,18035322880,55541911552,105,1868.0,9.2,28775444480,72225812480,100,16167337984,1233244160,69.0,52.042,68.75,
59961215577812,247.195313894,200.2,18035322880,55541911552,105,1832.0,9.2,28775673856,72225583104,100,16167337984,1233244160,69.0,52.049,68.75,
59961269519023,247.249255105,203.9,18035322880,55541911552,105,1841.0,9.9,28776157184,72225099776,100,16167337984,1233244160,68.0,52.039,68.75,
59961323445145,247.303181227,222.8,18035322880,55541911552,105,1888.0,9.3,28776157184,72225099776,100,16167337984,1233244160,68.0,52.046,68.75,
59961376484804,247.356220886,188.5,18035322880,55541911552,105,1882.0,10.1,28776386560,72224870400,100,16167337984,1233244160,68.0,52.029,68.75,
59961429580267,247.409316349,207.1,18035322880,55541911552,105,1874.0,8.8,28776615936,72224641024,100,16167337984,1233244160,68.0,52.041,68.75,
59961483550372,247.463286454,203.7,18035322880,55541911552,105,1865.0,10.3,28776845312,72224411648,100,16167337984,1233244160,69.0,52.024,68.75,
59961537493917,247.517229999,203.9,18035322880,55541911552,105,1860.0,9.4,28776587264,72224669696,100,16167337984,1233244160,68.0,52.045,68.875,
59961591453431,247.571189513,222.4,18035322880,55541911552,105,1876.0,10.5,28777070592,72224186368,100,16167337984,1233244160,68.0,52.023,68.75,
59961645496684,247.625232766,203.7,18035322880,55541911552,105,1879.0,9.4,28777013248,72224243712,100,16167337984,1233244160,68.0,52.044,68.875,
59961700635031,247.680371113,199.5,18035326976,55541911552,105,1839.0,10.9,28777242624,72224014336,100,16167337984,1233244160,68.0,52.029,68.875,
59961753541920,247.733278002,207.9,18035331072,55541911552,105,1912.0,8.2,28777242624,72224014336,100,16167337984,1233244160,69.0,52.043,68.875,
59961811648710,247.791384792,206.4,18035331072,55541911552,105,1872.0,12.0,28777213952,72224043008,100,16167337984,1233244160,68.0,52.036,68.875,
59961865656705,247.845392787,203.7,18035331072,55541911552,105,1907.0,11.0,28776697856,72224559104,100,16167337984,1233244160,68.0,52.044,68.875,
59961919390647,247.899126729,223.4,18035331072,55541911552,105,1864.0,12.2,28776783872,72224473088,100,16167337984,1233244160,68.0,52.039,68.875,
59961975664827,247.955400909,195.3,18035331072,55541911552,105,1866.0,9.0,28777037824,72224219136,100,16167337984,1233244160,69.0,52.038,68.75,
59962029545563,248.009281645,204.2,18035331072,55541911552,105,1876.0,10.3,28776779776,72224477184,100,16167337984,1233244160,68.0,52.042,68.75,
59962083562867,248.063298949,203.8,18035331072,55541911552,105,1897.0,9.4,28776751104,72224505856,100,16167337984,1233244160,68.0,52.033,68.75,
59962136514770,248.116250852,226.5,18035331072,55541911552,105,1841.0,8.9,28776751104,72224505856,100,16167337984,1233244160,68.0,52.04,68.875,
59962189582491,248.169318573,207.4,18035331072,55541911552,105,1861.0,9.5,28776751104,72224505856,100,16167337984,1233244160,68.0,52.022,68.75,
59962242520028,248.22225611,188.9,18035335168,55541911552,105,1873.0,8.9,28776980480,72224276480,100,16167337984,1233244160,68.0,52.041,68.875,
59962295422679,248.275158761,207.8,18035335168,55541911552,105,1828.0,10.7,28777209856,72224047104,100,16167337984,1233244160,68.0,52.02,68.75,
59962348657904,248.328393986,206.5,18035343360,55541911552,105,1898.0,9.4,28777467904,72223789056,100,16167337984,1233244160,68.0,52.042,68.75,
59962403659565,248.383395647,200.0,18035343360,55541911552,105,1894.0,10.3,28777467904,72223789056,100,16167337984,1233244160,68.0,52.024,68.75,
59962457532588,248.43726867,222.6,18035343360,55541911552,105,1876.0,8.7,28777467904,72223789056,100,16167337984,1233244160,68.0,52.041,68.875,
59962511794941,248.491531023,203.0,18035343360,55541911552,105,1864.0,11.6,28775895040,72225361920,100,16167337984,1233244160,68.0,52.031,68.875,
59962564568699,248.544304781,208.5,18035343360,55541911552,105,1880.0,7.8,28775895040,72225361920,100,16167337984,1233244160,69.0,52.041,68.875,
59962617493021,248.597229103,207.8,18035343360,55541911552,105,1836.0,10.6,28775895040,72225361920,100,16167337984,1233244160,68.0,52.041,68.875,
59962670507001,248.650243083,188.6,18035343360,55541911552,105,1868.0,8.3,28775632896,72225624064,100,16167337984,1233244160,69.0,52.044,68.875,
59962723453323,248.703189405,207.7,18035343360,55541911552,105,1832.0,9.5,28775632896,72225624064,100,16167337984,1233244160,69.0,52.05,68.875,
59962776512939,248.756249021,226.1,18035347456,55541911552,105,1838.0,9.4,28775370752,72225886208,100,16167337984,1233244160,69.0,52.037,68.875,
59962829557766,248.809293848,207.2,18035347456,55541911552,105,1856.0,12.4,28775370752,72225886208,100,16167337984,1233244160,68.0,52.051,68.875,
59962883633509,248.863369591,203.4,18035351552,55541911552,105,1840.0,12.3,28778475520,72222781440,100,16165240832,1233244160,69.0,52.03,68.875,
59962937643208,248.91737929,203.8,18035351552,55541911552,105,1840.0,9.3,28778663936,72222593024,100,16165240832,1233244160,68.0,52.045,68.875,
59962995588023,248.975324105,207.1,18035351552,55541911552,105,1846.0,12.0,28778921984,72222334976,100,16165240832,1233244160,68.0,52.023,68.875,
59963048635485,249.028371567,207.4,18035351552,55541911552,105,1830.0,10.0,28778921984,72222334976,100,16165240832,1233244160,68.0,52.045,68.875,
59963108658441,249.088394523,216.6,18035351552,55541911552,105,1843.0,12.4,28780974080,72220282880,100,16165240832,1233244160,68.0,52.024,68.875,
59963162624137,249.142360219,222.2,18035351552,55541911552,105,1855.0,10.5,28781232128,72220024832,100,16165240832,1233244160,68.0,52.045,68.875,
59963216547574,249.196283656,204.2,18035355648,55541911552,105,1830.0,12.3,28781232128,72220024832,100,16165240832,1233244160,68.0,52.029,68.875,
59963272758855,249.252494937,978.8,18035363840,55541911552,105,1881.0,36.1,28781232128,72220024832,100,16165240832,1233244160,69.0,52.048,68.875,
59963327585638,249.30732172,218.9,18035363840,55541911552,105,1872.0,12.1,28780974080,72220282880,100,16165240832,1233244160,68.0,52.046,68.875,
59963380568800,249.360304882,188.8,18035363840,55541911552,105,1788.0,13.0,28780974080,72220282880,100,16165240832,1233244160,69.0,52.039,68.875,
59963433609720,249.413345802,207.0,18035363840,55541911552,105,1835.0,10.0,28780974080,72220282880,100,16165240832,1233244160,68.0,52.044,68.875,
59963486653024,249.466389106,207.8,18035363840,55541911552,105,1900.0,12.0,28780974080,72220282880,100,16165240832,1233244160,68.0,52.028,68.875,
59963539663327,249.519399409,207.1,18035363840,55541911552,105,1843.0,8.9,28780711936,72220545024,100,16165240832,1233244160,69.0,52.043,68.875,
59963592701191,249.572437273,188.6,18035367936,55541911552,105,1816.0,13.0,28780711936,72220545024,100,16165240832,1233244160,68.0,52.024,68.875,
59963645801883,249.625537965,207.0,18035367936,55541911552,105,1821.0,10.0,28780711936,72220545024,100,16165240832,1233244160,68.0,52.048,68.875,
59963700606845,249.680342927,218.9,18035367936,55541911552,105,1887.0,11.4,28780711936,72220545024,100,16165240832,1233244160,68.0,52.028,68.875,
59963753693781,249.733429863,207.1,18035367936,55541911552,105,1911.0,8.9,28780711936,72220545024,100,16165240832,1233244160,68.0,52.046,68.875,
59963806676832,249.786412914,207.9,18035367936,55541911552,105,1829.0,11.4,28780941312,72220315648,100,16165240832,1233244160,68.0,52.041,68.875,
59963859542964,249.839279046,189.3,18035372032,55541911552,105,1868.0,12.4,28780802048,72220454912,100,16165240832,1233244160,69.0,52.047,68.875,
59963912701836,249.892437918,206.7,18035372032,55541911552,105,1855.0,10.1,28782272512,72218984448,100,16165240832,1233244160,68.0,52.047,68.875,
59963965558550,249.945294632,208.3,18035372032,55541911552,105,1851.0,10.6,28782526464,72218730496,100,16165240832,1233244160,69.0,52.035,68.875,
59964019593285,249.999329367,222.1,18035372032,55541911552,105,1857.0,9.9,28782755840,72218501120,100,16165240832,1233244160,68.0,52.044,68.875,
59964075549247,250.055285329,196.6,18035372032,55541911552,105,1854.0,12.4,28782755840,72218501120,100,16165240832,1233244160,68.0,52.027,68.875,
59964128575119,250.108311201,207.5,18035372032,55541911552,105,1885.0,8.9,28782755840,72218501120,100,16165240832,1233244160,68.0,52.044,68.875,
59964181490643,250.161226725,207.9,18035376128,55541911552,105,1872.0,11.9,28782755840,72218501120,100,16165240832,1233244160,68.0,52.023,68.875,
59964234676876,250.214412958,206.8,18035376128,55541911552,105,1883.0,10.0,28782755840,72218501120,100,16165240832,1233244160,69.0,52.044,68.875,
59964287733155,250.267469237,188.4,18035380224,55541911552,105,1821.0,10.1,28782755840,72218501120,100,16165240832,1233244160,68.0,52.027,68.875,
59964341621295,250.321357377,222.8,18035380224,55541911552,105,1886.0,9.4,28783239168,72218017792,100,16165240832,1233244160,68.0,52.044,68.875,
59964398670849,250.378406931,210.2,18035384320,55541911552,105,1825.0,12.7,28783239168,72218017792,100,16165240832,1233244160,68.0,52.033,68.875,
59964452679586,250.432415668,203.6,18035384320,55541911552,105,1857.0,9.3,28783468544,72217788416,100,16165240832,1233244160,69.0,52.044,68.875,
59964507731430,250.487467512,218.1,18035384320,55541911552,105,1845.0,11.3,28783468544,72217788416,100,16165240832,1233244160,68.0,52.042,68.875,
59964562584281,250.542320363,200.6,18035384320,55541911552,105,1897.0,9.8,28783468544,72217788416,100,16165240832,1233244160,69.0,52.038,68.875,
59964615682358,250.59541844,207.2,18035384320,55541911552,105,1896.0,10.1,28783468544,72217788416,100,16165240832,1233244160,68.0,52.044,68.875,
59964668659417,250.648395499,207.6,18035384320,55541911552,105,1840.0,11.2,28783955968,72217300992,100,16165240832,1233244160,68.0,52.035,68.875,
59964722689243,250.702425325,203.5,18035384320,55541911552,105,1831.0,11.6,28783955968,72217300992,100,16165240832,1233244160,68.0,52.04,68.875,
59964776775215,250.756511297,221.8,18035388416,55541911552,105,1821.0,11.1,28784177152,72217079808,100,16165240832,1233244160,68.0,52.022,68.875,
59964830683653,250.810419735,204.0,18035388416,55541911552,105,1831.0,12.2,28784406528,72216850432,100,16165240832,1233244160,68.0,52.049,68.875,
59964884757100,250.864493182,203.4,18035388416,55541911552,105,1794.0,16.6,28784091136,72217165824,100,16165240832,1233244160,68.0,52.026,68.875,
59964938694493,250.918430575,203.9,18035392512,55541911552,105,1873.0,9.4,28784091136,72217165824,100,16165240832,1233244160,68.0,52.044,68.875,
59964992615875,250.972351957,204.1,18035392512,55541911552,105,1845.0,9.4,28784091136,72217165824,100,16165240832,1233244160,68.0,52.031,68.875,
59965046704822,251.026440904,222.0,18035392512,55541911552,105,1940.0,8.7,28784320512,72216936448,100,16165240832,1233244160,69.0,52.045,68.875,
59965100642064,251.080378146,185.3,18035392512,55541911552,105,1888.0,10.5,28786126848,72215130112,100,16165240832,1233244160,68.0,52.04,68.875,
59965154685415,251.134421497,203.7,18035392512,55541911552,105,1919.0,9.3,28786126848,72215130112,100,16165240832,1233244160,68.0,52.039,68.875,
59965208708559,251.188444641,222.1,18035392512,55541911552,105,1886.0,9.9,28786126848,72215130112,100,16165240832,1233244160,68.0,52.046,68.875,
59965262714299,251.242450381,203.7,18035392512,55541911552,105,1872.0,9.9,28786126848,72215130112,100,16165240832,1233244160,69.0,52.032,68.875,
59965316905779,251.296641861,221.2,18035396608,55541911552,105,1879.0,9.7,28785864704,72215392256,100,16165240832,1233244160,68.0,52.041,69.0,
59965371747578,251.35148366,200.6,18035396608,55541911552,105,1983.0,11.0,28785864704,72215392256,100,16165240832,1233244160,68.0,52.024,68.875,
59965425709246,251.405445328,204.1,18035396608,55541911552,105,1897.0,9.3,28785864704,72215392256,100,16165240832,1233244160,68.0,52.044,69.0,
59965479688056,251.459424138,203.8,18035400704,55541911552,105,1905.0,9.9,28785864704,72215392256,100,16165240832,1233244160,68.0,52.02,69.0,
59965533631480,251.513367562,222.4,18035400704,55541911552,105,1904.0,9.9,28785864704,72215392256,100,16165240832,1233244160,68.0,52.044,69.0,
59965587729844,251.567465926,203.4,18035400704,55541911552,105,1879.0,9.8,28785864704,72215392256,100,16165240832,1233244160,68.0,52.025,69.0,
59965641599559,251.621335641,204.3,18035400704,55541911552,105,1923.0,8.7,28785864704,72215392256,100,16165240832,1233244160,68.0,52.045,69.0,
59965695611120,251.675347202,203.5,18035400704,55541911552,105,1849.0,9.4,28786122752,72215134208,100,16165240832,1233244160,68.0,52.037,68.875,
59965749709845,251.729445927,221.9,18035400704,55541911552,105,1876.0,8.7,28786376704,72214880256,100,16165240832,1233244160,69.0,52.052,69.0,
59965803779235,251.783515317,203.4,18035400704,55541911552,105,1837.0,10.5,28786376704,72214880256,100,16165240832,1233244160,68.0,52.051,69.0,
59965857754779,251.837490861,185.3,18035400704,55541911552,105,1916.0,12.8,28786376704,72214880256,100,16165240832,1233244160,68.0,52.048,69.0,
59965911719752,251.891455834,222.4,18035404800,55541911552,105,1892.0,11.0,28786040832,72215216128,100,16165240832,1233244160,68.0,52.048,68.875,
59965969722375,251.949458457,206.9,18035404800,55541911552,105,1854.0,9.8,28786040832,72215216128,100,16165240832,1233244160,69.0,52.04,68.875,
59966023696666,252.003432748,203.8,18035408896,55541911552,105,1857.0,9.3,28786548736,72214708224,100,16165240832,1233244160,68.0,52.045,68.875,
59966077762409,252.057498491,221.9,18035408896,55541911552,105,1858.0,10.5,28786548736,72214708224,100,16165240832,1233244160,68.0,52.031,68.875,
59966131772558,252.11150864,185.2,18035408896,55541911552,105,1838.0,9.2,28786778112,72214478848,100,16165240832,1233244160,68.0,52.046,69.0,
59966185720339,252.165456421,203.9,18035408896,55541911552,105,1847.0,11.7,28787007488,72214249472,100,16165240832,1233244160,68.0,52.023,68.875,
59966239786233,252.219522315,222.0,18035408896,55541911552,105,1858.0,10.3,28787007488,72214249472,100,16165240832,1233244160,68.0,52.048,68.875,
59966295418105,252.275154187,197.7,18035408896,55541911552,105,1808.0,10.3,28787007488,72214249472,100,16165240832,1233244160,68.0,52.025,68.875,
59966348712130,252.328448212,206.7,18035408896,55541911552,105,1863.0,8.9,28786745344,72214511616,100,16165240832,1233244160,68.0,52.047,68.875,
59966401610522,252.381346604,226.8,18035408896,55541911552,105,1826.0,10.7,28787261440,72213995520,100,16165240832,1233244160,68.0,52.035,68.875,
59966455047134,252.434783216,205.6,18035408896,55541911552,105,1886.0,8.6,28787261440,72213995520,100,16165240832,1233244160,69.0,52.048,69.0,
59966512934640,252.492670722,189.9,18035412992,55541911552,105,1851.0,10.9,28787261440,72213995520,100,16165240832,1233244160,68.0,52.037,69.0,
59966566747588,252.54648367,204.7,18035417088,55541911552,105,1882.0,9.9,28787249152,72214007808,100,16165240832,1233244160,69.0,52.047,69.0,
59966620726718,252.6004628,222.2,18035421184,55541911552,105,1864.0,9.3,28787249152,72214007808,100,16165240832,1233244160,69.0,52.05,69.0,
59966674732458,252.65446854,222.1,18035421184,55541911552,105,1859.0,9.3,28787249152,72214007808,100,16165240832,1233244160,69.0,52.037,69.0,
59966728788693,252.708524775,203.4,18035421184,55541911552,105,1867.0,9.2,28787249152,72214007808,100,16165240832,1233244160,68.0,52.047,69.0,
59966783795913,252.763531995,200.1,18035421184,55541911552,105,1874.0,10.3,28787478528,72213778432,100,16165240832,1233244160,69.0,52.032,69.0,
59966837826890,252.817562972,222.0,18035425280,55541911552,105,1859.0,11.6,28787478528,72213778432,100,16165240832,1233244160,68.0,52.046,69.0,
59966892844009,252.872580091,199.9,18035425280,55541911552,105,1863.0,12.7,28785819648,72215437312,100,16167337984,1235337216,68.0,52.025,68.875,
59966948803876,252.928539958,196.6,18035425280,55541911552,105,1864.0,9.9,28786991104,72214265856,100,16167337984,1235337216,68.0,52.044,68.875,
59967002767097,252.982503179,222.4,18035429376,55541911552,105,1781.0,12.2,28787240960,72214016000,100,16167337984,1235337216,68.0,52.024,68.875,
59967059502561,253.039238643,986.6,18035441664,55541911552,105,1848.0,35.8,28787240960,72214016000,100,16167337984,1235337216,68.0,52.045,68.875,
59967112915899,253.092651981,206.0,18035441664,55541911552,105,1826.0,32.0,28795703296,72205553664,100,16167337984,1235337216,68.0,52.047,68.875,
59967166810009,253.146546091,204.1,18035441664,55541911552,105,1852.0,20.5,28791025664,72210231296,100,16167337984,1235337216,68.0,52.051,68.875,
59967220791995,253.200528077,203.8,18035441664,55541911552,105,1787.0,12.3,28786442240,72214814720,100,16167337984,1235337216,69.0,52.043,68.875,
59967274735187,253.254471269,222.5,18035441664,55541911552,105,1829.0,12.9,28786442240,72214814720,100,16167337984,1235337216,68.0,52.031,68.875,
59967328873025,253.308609107,203.2,18035441664,55541911552,105,1813.0,10.5,28786442240,72214814720,100,16167337984,1235337216,69.0,52.039,68.875,
59967382802712,253.362538794,204.0,18035441664,55541911552,105,1817.0,12.8,28786442240,72214814720,100,16167337984,1235337216,68.0,52.025,68.875,
59967436789877,253.416525959,203.8,18035441664,55541911552,105,1829.0,9.9,28786700288,72214556672,100,16167337984,1235337216,68.0,52.04,68.875,
59967490920622,253.470656704,221.6,18035441664,55541911552,105,1777.0,14.0,28786438144,72214818816,100,16167337984,1235337216,68.0,52.024,68.875,
59967544860328,253.52459641,204.0,18035445760,55541911552,105,1768.0,9.9,28786438144,72214818816,100,16167337984,1235337216,68.0,52.044,68.875,
59967598720053,253.578456135,204.3,18035445760,55541911552,105,1789.0,12.4,28786438144,72214818816,100,16167337984,1235337216,68.0,52.024,68.875,
59967652806164,253.632542246,203.3,18035445760,55541911552,105,1831.0,10.3,28786438144,72214818816,100,16167337984,1235337216,68.0,52.043,68.875,
59967706819177,253.686555259,203.7,18035445760,55541911552,105,1809.0,12.3,28786438144,72214818816,100,16167337984,1235337216,68.0,52.034,68.875,
59967760799018,253.7405351,222.4,18035445760,55541911552,105,1888.0,9.9,28786438144,72214818816,100,16167337984,1235337216,68.0,52.049,68.875,
59967816987806,253.796723888,195.8,18035449856,55541911552,105,1774.0,15.1,28786438144,72214818816,100,16167337984,1235337216,68.0,52.042,68.875,
59967870793610,253.850529692,204.4,18035449856,55541911552,105,1805.0,13.5,28786659328,72214597632,100,16167337984,1235337216,68.0,52.053,68.875,
59967924852389,253.904588471,221.9,18035453952,55541911552,105,1769.0,13.4,28786311168,72214945792,100,16167337984,1235337216,68.0,52.052,68.875,
59967978794580,253.958530662,204.0,18035453952,55541911552,105,1833.0,12.8,28786565120,72214691840,100,16167337984,1235337216,69.0,52.039,68.875,
59968032833833,254.012569915,203.5,18035453952,55541911552,105,1812.0,10.5,28786794496,72214462464,100,16167337984,1235337216,68.0,52.047,68.875,
59968086870220,254.066606302,203.5,18035458048,55541911552,105,1817.0,12.2,28786794496,72214462464,100,16167337984,1235337216,69.0,52.033,68.875,
59968140942845,254.120678927,221.8,18035462144,55541911552,105,1789.0,10.4,28786794496,72214462464,100,16167337984,1235337216,68.0,52.043,68.875,
59968194805426,254.174541508,204.3,18035462144,55541911552,105,1814.0,11.2,28786794496,72214462464,100,16167337984,1235337216,68.0,52.027,68.875,
59968248925260,254.228661342,203.2,18035462144,55541911552,105,1826.0,11.0,28786794496,72214462464,100,16167337984,1235337216,68.0,52.046,68.875,
59968304067172,254.283803254,199.5,18035462144,55541911552,105,1797.0,13.6,28786794496,72214462464,100,16167337984,1235337216,68.0,52.025,68.875,
59968357826880,254.337562962,204.7,18035466240,55541911552,105,1831.0,11.7,28787052544,72214204416,100,16167337984,1235337216,68.0,52.046,68.875,
59968411816970,254.391553052,222.2,18035466240,55541911552,105,1787.0,12.9,28787052544,72214204416,100,16167337984,1235337216,68.0,52.028,68.875,
59968465967923,254.445704005,202.8,18035466240,55541911552,105,1840.0,9.8,28787052544,72214204416,100,16167337984,1235337216,68.0,52.045,68.875,
59968519893562,254.499629644,204.3,18035466240,55541911552,105,1790.0,12.9,28787052544,72214204416,100,16167337984,1235337216,68.0,52.033,68.875,
59968573924298,254.55366038,222.1,18035466240,55541911552,105,1915.0,9.3,28787052544,72214204416,100,16167337984,1235337216,69.0,52.047,68.875,
59968627926922,254.607663004,203.5,18035470336,55541911552,105,1778.0,12.1,28787052544,72214204416,100,16167337984,1235337216,68.0,52.042,68.875,
59968681877237,254.661613319,185.5,18035470336,55541911552,105,1791.0,10.7,28787052544,72214204416,100,16167337984,1235337216,69.0,52.043,68.875,
59968735825178,254.71556126,203.8,18035470336,55541911552,105,1817.0,12.0,28785348608,72215908352,100,16165572608,1235337216,68.0,52.048,68.875,
59968791039616,254.770775698,235.6,18035470336,55541911552,105,1844.0,12.6,28785348608,72215908352,100,16165572608,1235337216,69.0,52.038,68.875,
59968844872521,254.824608603,185.6,18035470336,55541911552,105,1805.0,12.9,28786921472,72214335488,100,16167337984,1235337216,68.0,52.051,68.875,
59968898973780,254.878709862,203.4,18035470336,55541911552,105,1810.0,12.3,28786782208,72214474752,100,16167337984,1235337216,68.0,52.026,68.875,
59968953061994,254.932798076,203.5,18035474432,55541911552,105,1828.0,10.3,28786679808,72214577152,100,16167337984,1235337216,68.0,52.042,68.875,
59969006953709,254.986689791,222.7,18035474432,55541911552,105,1770.0,11.1,28785991680,72215265280,100,16167337984,1235337216,68.0,52.021,68.875,
59969060830637,255.040566719,204.2,18035474432,55541911552,105,1840.0,10.5,28787798016,72213458944,100,16167337984,1235337216,68.0,52.045,68.875,
59969114855983,255.094592065,203.4,18035474432,55541911552,105,1830.0,12.0,28788056064,72213200896,100,16167337984,1235337216,68.0,52.025,68.875,
59969168911015,255.148647097,203.6,18035478528,55541911552,105,1858.0,9.4,28788314112,72212942848,100,16167337984,1235337216,68.0,52.045,68.875,
59969225849960,255.205586042,228.4,18035478528,55541911552,105,1837.0,10.5,28787740672,72213516288,100,16167337984,1235337216,68.0,52.028,68.75,
59969279854547,255.259590629,203.4,18035478528,55541911552,105,1880.0,8.1,28787740672,72213516288,100,16167337984,1235337216,68.0,52.044,68.875,
59969334969989,255.314706071,217.9,18035478528,55541911552,105,1857.0,11.4,28787740672,72213516288,100,16167337984,1235337216,68.0,52.027,68.875,
59969395992479,255.375728561,196.4,18035478528,55541911552,105,1840.0,10.8,28787478528,72213778432,100,16167337984,1235337216,68.0,52.043,68.875,
59969452237121,255.431973203,231.5,18035478528,55541911552,105,1826.0,11.9,28787478528,72213778432,100,16167337984,1235337216,68.0,52.031,68.875,
59969505902361,255.485638443,186.5,18035482624,55541911552,105,1871.0,9.4,28787478528,72213778432,100,16167337984,1235337216,69.0,52.046,68.875,
59969559868837,255.539604919,203.7,18035482624,55541911552,105,1844.0,11.4,28787216384,72214040576,100,16167337984,1235337216,68.0,52.035,68.875,
59969614906042,255.594642124,218.1,18035482624,55541911552,105,1855.0,9.9,28787216384,72214040576,100,16167337984,1235337216,68.0,52.042,68.875,
59969668884920,255.648621002,203.8,18035482624,55541911552,105,1806.0,10.5,28787601408,72213655552,100,16167337984,1235337216,68.0,52.045,68.875,
59969722856095,255.702592177,203.8,18035486720,55541911552,105,1853.0,9.8,28787601408,72213655552,100,16167337984,1235337216,68.0,52.047,68.875,
59969776892952,255.756629034,203.5,18035486720,55541911552,105,1849.0,9.3,28787601408,72213655552,100,16167337984,1235337216,68.0,52.052,68.875,
59969830938416,255.810674498,222.0,18035486720,55541911552,105,1826.0,12.7,28787601408,72213655552,100,16167337984,1233240064,68.0,52.046,68.875,
59969884866920,255.864603002,203.9,18035486720,55541911552,105,1773.0,12.4,28787449856,72213807104,100,16167337984,1233240064,68.0,52.049,68.75,
59969941122041,255.920858123,213.5,18035486720,55541911552,105,1856.0,12.3,28788076544,72213180416,100,16167337984,1233240064,68.0,52.032,68.75,
59969994954775,255.974690857,204.4,18035486720,55541911552,105,1827.0,8.2,28788047872,72213209088,100,16167337984,1233240064,68.0,52.048,68.75,
59970051075154,256.030811236,213.7,18035486720,55541911552,105,1810.0,10.7,28787687424,72213569536,100,16167337984,1233240064,68.0,52.024,68.75,
59970104964194,256.084700276,204.3,18035490816,55541911552,105,1833.0,9.9,28787654656,72213602304,100,16167337984,1233240064,68.0,52.049,68.75,
59970161013879,256.140749961,214.0,18035490816,55541911552,105,1798.0,11.2,28787621888,72213635072,100,16167337984,1233240064,68.0,52.027,68.75,
59970214950418,256.1946865,203.9,18035490816,55541911552,105,1816.0,9.9,28787851264,72213405696,100,16167337984,1233240064,68.0,52.05,68.75,
59970268893840,256.248629922,204.0,18035494912,55541911552,105,1828.0,9.9,28787589120,72213667840,100,16167337984,1233240064,68.0,52.03,68.75,
59970323099725,256.302835807,202.7,18035494912,55541911552,105,1881.0,9.2,28787589120,72213667840,100,16167337984,1233240064,68.0,52.046,68.75,
59970379141466,256.358877548,214.3,18035494912,55541911552,105,1801.0,13.7,28787589120,72213667840,100,16167337984,1233240064,68.0,52.031,68.75,
59970438082609,256.417818691,203.4,18035494912,55541911552,105,1850.0,9.6,28785242112,72216014848,100,16167337984,1233240064,68.0,52.046,68.75,
59970493066534,256.472802616,218.5,18035499008,55541911552,105,1808.0,11.7,28785242112,72216014848,100,16167337984,1233240064,68.0,52.034,68.75,
59970546949943,256.526686025,222.7,18035499008,55541911552,105,1855.0,9.9,28784881664,72216375296,100,16167337984,1233240064,68.0,52.048,68.75,
59970601064636,256.580800718,203.3,18035499008,55541911552,105,1860.0,10.5,28784160768,72217096192,100,16167337984,1233240064,68.0,52.041,68.75,
59970654932015,256.634668097,204.1,18035499008,55541911552,105,1857.0,9.4,28784160768,72217096192,100,16167337984,1233240064,69.0,52.044,68.75,
59970708958864,256.688694946,203.6,18035507200,55541911552,105,1847.0,10.5,28784156672,72217100288,100,16167337984,1233240064,68.0,52.043,68.75,
59970766384572,256.746120654,1097.1,18035519488,55541911552,105,1858.0,40.8,28784386048,72216870912,100,16167337984,1233240064,68.0,52.05,68.75,
59970823079418,256.8028155,229.3,18035519488,55541911552,105,1856.0,11.2,28784386048,72216870912,100,16167337984,1233240064,68.0,52.058,68.75,
59970880899526,256.860635608,224.9,18035519488,55541911552,105,1792.0,13.1,28783869952,72217387008,100,16167337984,1233240064,69.0,52.042,68.75,
59970934917167,256.914653249,203.6,18035519488,55541911552,105,1845.0,10.5,28783476736,72217780224,100,16167337984,1233240064,68.0,52.051,68.75,
59970988884193,256.968620275,185.3,18035519488,55541911552,105,1821.0,12.1,28783882240,72217374720,100,16167337984,1233240064,68.0,52.03,68.75,
59971042941689,257.022677771,222.1,18035519488,55541911552,105,1885.0,9.9,28783259648,72217997312,100,16167337984,1233240064,68.0,52.049,68.75,
59971097227724,257.076963806,202.6,18035519488,55541911552,105,1738.0,13.1,28783259648,72217997312,100,16167337984,1233240064,68.0,52.027,68.75,
59971151066960,257.130803042,204.3,18035519488,55541911552,105,1763.0,11.2,28783259648,72217997312,100,16167337984,1233240064,68.0,52.05,68.75,
59971206272060,257.186008142,217.3,18035519488,55541911552,105,1781.0,13.1,28783259648,72217997312,100,16167337984,1233240064,68.0,52.029,68.75,
59971260049310,257.239785392,204.5,18035519488,55541911552,105,1871.0,10.5,28783517696,72217739264,100,16167337984,1233240064,68.0,52.047,68.75,
59971313100237,257.292836319,188.6,18035519488,55541911552,105,1755.0,13.5,28783517696,72217739264,100,16167337984,1233240064,68.0,52.035,68.75,
59971366273974,257.346010056,206.8,18035523584,55541911552,105,1868.0,11.2,28783517696,72217739264,100,16167337984,1233240064,69.0,52.049,68.75,
59971421070477,257.400806559,218.9,18035527680,55541911552,105,1762.0,14.8,28783517696,72217739264,100,16167337984,1233240064,68.0,52.047,68.75,
59971475006825,257.454742907,204.4,18035527680,55541911552,105,1850.0,10.6,28783779840,72217477120,100,16167337984,1233240064,68.0,52.043,68.75,
59971527882963,257.507619045,208.0,18035527680,55541911552,105,1858.0,8.9,28783288320,72217968640,100,16167337984,1233240064,68.0,52.049,68.75,
59971580892021,257.560628103,188.7,18035527680,55541911552,105,1801.0,11.2,28783804416,72217452544,100,16167337984,1233240064,69.0,52.034,68.75,
59971633921647,257.613657729,207.5,18035527680,55541911552,105,1843.0,10.7,28783804416,72217452544,100,16167337984,1233240064,68.0,52.043,68.75,
59971686811632,257.666547714,226.8,18035527680,55541911552,105,1817.0,10.7,28784328704,72216928256,100,16167337984,1233240064,67.0,52.025,68.75,
59971739917882,257.719653964,188.0,18035527680,55541911552,105,1832.0,9.4,28784328704,72216928256,100,16167337984,1233240064,68.0,52.048,68.75,
59971792823094,257.772559176,208.3,18035527680,55541911552,105,1832.0,10.8,28783640576,72217616384,100,16167337984,1233240064,68.0,52.031,68.75,
59971846156741,257.825892823,205.7,18035527680,55541911552,105,1826.0,12.2,28784156672,72217100288,100,16167337984,1233240064,68.0,52.05,68.75,
59971899929292,257.879665374,205.2,18035531776,55541911552,105,1774.0,14.1,28784386048,72216870912,100,16167337984,1233240064,68.0,52.037,68.75,
59971952879890,257.932615972,207.5,18035535872,55541911552,105,1816.0,10.5,28784271360,72216985600,100,16167337984,1233240064,68.0,52.043,68.75,
59972005961644,257.985697726,207.1,18035535872,55541911552,105,1761.0,12.4,28784500736,72216756224,100,16167337984,1233240064,69.0,52.049,68.75,
59972058916190,258.038652272,208.1,18035535872,55541911552,105,1801.0,13.1,28784500736,72216756224,100,16167337984,1233240064,69.0,52.039,68.75,
59972111926920,258.091663002,207.1,18035535872,55541911552,105,1834.0,10.5,28784500736,72216756224,100,16167337984,1233240064,68.0,52.045,68.75,
59972165983113,258.145719195,185.3,18035535872,55541911552,105,1877.0,12.2,28784500736,72216756224,100,16167337984,1233240064,68.0,52.025,68.75,
59972219028900,258.198764982,207.0,18035535872,55541911552,105,1822.0,10.4,28784500736,72216756224,100,16167337984,1233240064,68.0,52.045,68.75,
59972273016845,258.252752927,222.4,18035535872,55541911552,105,1815.0,12.3,28784500736,72216756224,100,16167337984,1233240064,68.0,52.027,68.75,
59972327034566,258.306770648,203.6,18035535872,55541911552,105,1882.0,9.3,28784500736,72216756224,100,16167337984,1233240064,68.0,52.045,68.75,
59972382901839,258.362637921,196.9,18035539968,55541911552,105,1813.0,11.8,28784500736,72216756224,100,16167337984,1233240064,68.0,52.027,68.75,
59972437096331,258.416832413,221.1,18035544064,55541911552,105,1859.0,10.9,28784500736,72216756224,100,16167337984,1233240064,68.0,52.044,68.75,
59972491981861,258.471717943,219.0,18035544064,55541911552,105,1821.0,12.1,28784500736,72216756224,100,16167337984,1233240064,68.0,52.033,68.75,
59972546073941,258.525810023,203.3,18035548160,55541911552,105,1875.0,10.3,28784500736,72216756224,100,16167337984,1233240064,69.0,52.046,68.75,
59972599964553,258.579700635,204.1,18035548160,55541911552,105,1853.0,11.4,28785016832,72216240128,100,16167337984,1233240064,68.0,52.041,68.75,
59972656061136,258.635797218,213.9,18035548160,55541911552,105,1862.0,10.9,28784500736,72216756224,100,16167337984,1233240064,68.0,52.042,68.75,
59972710072915,258.689808997,203.6,18035548160,55541911552,105,1833.0,10.0,28785016832,72216240128,100,16167337984,1233240064,68.0,52.052,68.75,
59972765038836,258.744774918,200.2,18035548160,55541911552,105,1836.0,11.9,28785541120,72215715840,100,16167337984,1233240064,68.0,52.043,68.75,
59972819052359,258.798788441,203.6,18035548160,55541911552,105,1757.0,12.9,28788121600,72213135360,100,16167337984,1233240064,68.0,52.056,68.75,
59972873073616,258.852809698,203.7,18035548160,55541911552,105,1865.0,14.3,28791750656,72209506304,100,16167337984,1233240064,68.0,52.038,68.75,
59972927090164,258.906826246,203.6,18035548160,55541911552,105,1871.0,11.6,28791361536,72209895424,100,16167337984,1233240064,68.0,52.048,68.75,
59972980956210,258.960692292,222.7,18035552256,55541911552,105,1831.0,10.3,28791590912,72209666048,100,16167337984,1233240064,68.0,52.026,68.75,
59973036078664,259.015814746,199.5,18035552256,55541911552,105,1858.0,8.2,28791066624,72210190336,100,16167337984,1233240064,68.0,52.05,68.75,
59973090971708,259.07070779,200.4,18035552256,55541911552,105,1797.0,10.9,28795965440,72205291520,100,16167337984,1233240064,68.0,52.032,68.75,
59973145077604,259.124813686,203.4,18035556352,55541911552,105,1918.0,8.6,28796194816,72205062144,100,16167337984,1233240064,68.0,52.052,68.75,
59973199200542,259.178936624,221.6,18035556352,55541911552,105,1855.0,10.6,28796194816,72205062144,100,16167337984,1233240064,68.0,52.04,68.75,
59973253015001,259.232751083,204.4,18035556352,55541911552,105,1877.0,9.3,28796194816,72205062144,100,16167337984,1233240064,68.0,52.047,68.75,
59973307011482,259.286747564,203.7,18035556352,55541911552,105,1862.0,9.9,28795670528,72205586432,100,16167337984,1233240064,68.0,52.048,68.75,
59973363117913,259.342853995,231.8,18035556352,55541911552,105,1909.0,9.6,28795670528,72205586432,100,16167337984,1233240064,68.0,52.045,68.75,
59973417162855,259.396898937,203.5,18035556352,55541911552,105,1901.0,10.5,28795604992,72205651968,100,16167337984,1233240064,68.0,52.049,68.75,
59973471159666,259.450895748,203.7,18035556352,55541911552,105,1906.0,9.9,28795604992,72205651968,100,16167337984,1233240064,68.0,52.039,68.75,
59973526033794,259.505769876,200.4,18035560448,55541911552,105,1866.0,8.6,28795604992,72205651968,100,16167337984,1233240064,68.0,52.047,68.75,
59973580184243,259.559920325,221.6,18035560448,55541911552,105,1904.0,11.0,28794556416,72206700544,100,16167337984,1233240064,68.0,52.027,68.75,
59973634043116,259.613779198,204.3,18035560448,55541911552,105,1870.0,8.8,28794556416,72206700544,100,16167337984,1233240064,68.0,52.048,68.75,
59973688068130,259.667804212,203.5,18035564544,55541911552,105,1900.0,11.0,28794556416,72206700544,100,16167337984,1233240064,68.0,52.026,68.75,
59973742083175,259.721819257,203.7,18035564544,55541911552,105,1871.0,9.5,28794785792,72206471168,100,16167337984,1233240064,68.0,52.049,68.75,
59973795985699,259.775721781,204.1,18035564544,55541911552,105,1889.0,10.5,28794785792,72206471168,100,16167337984,1233240064,68.0,52.031,68.75,
59973850036091,259.829772173,221.6,18035564544,55541911552,105,1853.0,12.6,28794785792,72206471168,100,16167337984,1233240064,68.0,52.052,68.75,
59973904066956,259.883803038,203.9,18035564544,55541911552,105,1866.0,13.5,28790784000,72210472960,100,16167337984,1233240064,68.0,52.039,68.75,
59973958093001,259.937829083,203.7,18035564544,55541911552,105,1881.0,9.2,28790784000,72210472960,100,16163143680,1233240064,69.0,52.044,68.75,
59974013028585,259.992764667,200.2,18035564544,55541911552,105,1880.0,9.8,28790784000,72210472960,100,16163143680,1233240064,68.0,52.045,68.75,
59974068185674,260.047921756,217.6,18035568640,55541911552,105,1900.0,10.2,28790259712,72210997248,100,16163143680,1233240064,69.0,52.043,68.875,
59974122035539,260.101771621,204.3,18035568640,55541911552,105,1826.0,9.9,28790259712,72210997248,100,16163143680,1233240064,69.0,52.048,68.875,
59974176158467,260.155894549,203.2,18035568640,55541911552,105,1868.0,9.3,28789735424,72211521536,100,16163143680,1233240064,68.0,52.035,68.875,
59974230068735,260.209804817,204.0,18035568640,55541911552,105,1860.0,8.6,28789735424,72211521536,100,16163143680,1233240064,68.0,52.049,68.875,
59974285105659,260.264841741,199.9,18035572736,55541911552,105,1840.0,9.9,28789735424,72211521536,100,16163143680,1233240064,68.0,52.027,68.875,
59974339046434,260.318782516,222.7,18035572736,55541911552,105,1884.0,8.2,28789735424,72211521536,100,16163143680,1233240064,68.0,52.045,68.875,
59974392036396,260.371772478,207.4,18035572736,55541911552,105,1826.0,12.3,28788699136,72212557824,100,16163143680,1233240064,68.0,52.023,68.875,
59974446067471,260.425803553,203.5,18035572736,55541911552,105,1816.0,10.4,28787818496,72213438464,100,16163143680,1233240064,68.0,52.047,68.875,
59974500235503,260.479971585,203.2,18035576832,55541911552,105,1836.0,10.2,28787818496,72213438464,100,16163143680,1233240064,68.0,52.029,68.875,
59974558614640,260.538350722,942.3,18035597312,55541911552,105,1919.0,34.3,28787818496,72213438464,100,16163143680,1233240064,68.0,52.049,68.875,
59974613241693,260.592977775,201.3,18035597312,55541911552,105,1823.0,11.0,28788076544,72213180416,100,16163143680,1233240064,68.0,52.036,68.875,
59974667135350,260.646871432,204.1,18035597312,55541911552,105,1893.0,9.2,28788334592,72212922368,100,16163143680,1233240064,69.0,52.046,68.875,
59974721067259,260.700803341,222.5,18035597312,55541911552,105,1924.0,10.4,28788850688,72212406272,100,16163143680,1233240064,68.0,52.049,68.875,
59974775064841,260.754800923,203.7,18035597312,55541911552,105,1906.0,9.4,28788850688,72212406272,100,16163143680,1233240064,68.0,52.047,68.875,
59974829063075,260.808799157,203.7,18035597312,55541911552,105,1895.0,13.2,28789374976,72211881984,100,16163143680,1233240064,68.0,52.057,68.875,
59974883327558,260.86306364,202.7,18035597312,55541911552,105,1923.0,11.8,28790923264,72210333696,100,16167337984,1233240064,69.0,52.043,68.875,
59974937059672,260.916795754,205.0,18035597312,55541911552,105,1827.0,9.4,28790636544,72210620416,100,16167337984,1233240064,68.0,52.046,68.875,
59974990021240,260.969757322,207.7,18035601408,55541911552,105,1920.0,10.6,28790865920,72210391040,100,16167337984,1233240064,68.0,52.031,68.875,
59975043084077,261.022820159,207.2,18035605504,55541911552,105,1882.0,8.9,28791349248,72209907712,100,16167337984,1233240064,69.0,52.049,68.875,
59975096063769,261.075799851,207.4,18035605504,55541911552,105,1897.0,22.2,28789542912,72211714048,100,16167337984,1233240064,68.0,52.037,68.875,
59975150156159,261.129892241,203.2,18035605504,55541911552,105,1848.0,26.9,28785270784,72215986176,100,16167337984,1233240064,68.0,52.057,68.875,
59975202998934,261.182735016,208.6,18035605504,55541911552,105,1857.0,11.4,28780613632,72220643328,100,16167337984,1233240064,68.0,52.039,68.75,
59975256023189,261.235759271,207.5,18035605504,55541911552,105,1877.0,9.5,28780613632,72220643328,100,16167337984,1233240064,69.0,52.043,68.75,
59975308107420,261.287843502,192.0,18035605504,55541911552,105,1829.0,9.6,28780613632,72220643328,100,16167337984,1233240064,68.0,52.046,68.75,
59975361027931,261.340764013,207.9,18035605504,55541911552,105,1847.0,10.8,28780605440,72220651520,100,16167337984,1233240064,68.0,52.036,68.75,
59975413161594,261.392897676,210.5,18035605504,55541911552,105,1816.0,11.2,28780605440,72220651520,100,16167337984,1233240064,68.0,52.044,68.75,
59975466163858,261.44589994,208.0,18035605504,55541911552,105,1827.0,12.0,28780605440,72220651520,100,16167337984,1233240064,68.0,52.028,68.75,
59975519069891,261.498805973,207.5,18035605504,55541911552,105,1837.0,9.9,28780605440,72220651520,100,16167337984,1233240064,68.0,52.047,68.75,
59975572147617,261.551883699,188.8,18035613696,55541911552,105,1747.0,13.1,28780605440,72220651520,100,16167337984,1233240064,68.0,52.027,68.75,
59975625083636,261.604819718,207.4,18035613696,55541911552,105,1842.0,9.9,28780605440,72220651520,100,16167337984,1233240064,68.0,52.049,68.75,
59975678084026,261.657820108,226.4,18035613696,55541911552,105,1759.0,12.4,28780605440,72220651520,100,16167337984,1233240064,68.0,52.03,68.75,
59975731377557,261.711113639,205.7,18035613696,55541911552,105,1843.0,10.1,28781088768,72220168192,100,16167337984,1233240064,68.0,52.046,68.75,
59975787134220,261.766870302,198.2,18035613696,55541911552,105,1799.0,12.6,28780892160,72220364800,100,16167337984,1233240064,68.0,52.037,68.75,
59975840078956,261.819815038,207.8,18035613696,55541911552,105,1853.0,12.0,28780892160,72220364800,100,16167337984,1233240064,68.0,52.05,68.75,
59975893029833,261.872765915,207.5,18035613696,55541911552,105,1809.0,15.3,28780433408,72220823552,100,16167337984,1233240064,69.0,52.054,68.75,
59975946104403,261.925840485,188.8,18035613696,55541911552,105,1900.0,11.5,28780433408,72220823552,100,16167337984,1233240064,68.0,52.039,68.75,
59975998123601,261.977859683,211.5,18035613696,55541911552,105,1844.0,10.8,28780662784,72220594176,100,16167337984,1233240064,68.0,52.043,68.75,
59976051019575,262.030755657,226.8,18035613696,55541911552,105,1838.0,11.2,28780892160,72220364800,100,16167337984,1233240064,69.0,52.028,68.75,
59976104322052,262.084058134,187.2,18035621888,55541911552,105,1839.0,8.8,28780892160,72220364800,100,16167337984,1233240064,68.0,52.046,68.75,
59976158016936,262.137753018,205.3,18035621888,55541911552,105,1824.0,12.4,28780892160,72220364800,100,16167337984,1233240064,68.0,52.026,68.75,
59976210200573,262.189936655,210.4,18035625984,55541911552,105,1862.0,10.1,28780892160,72220364800,100,16167337984,1233240064,68.0,52.047,68.75,
59976263110454,262.242846536,208.3,18035625984,55541911552,105,1879.0,11.4,28781121536,72220135424,100,16167337984,1233240064,68.0,52.031,68.75,
59976316074466,262.295810548,207.7,18035625984,55541911552,105,1963.0,8.9,28781121536,72220135424,100,16167337984,1233240064,69.0,52.047,68.75,
59976368058087,262.347794169,192.3,18035625984,55541911552,105,1833.0,11.4,28781350912,72219906048,100,16167337984,1233240064,68.0,52.042,68.75,
59976421049751,262.400785833,207.6,18035625984,55541911552,105,1935.0,10.7,28780769280,72220487680,100,16167337984,1233240064,69.0,52.042,68.75,
59976473242936,262.452979018,191.3,18035625984,55541911552,105,1817.0,10.2,28780769280,72220487680,100,16167337984,1233240064,68.0,52.047,68.875,
59976526036247,262.505772329,227.7,18035625984,55541911552,105,1849.0,10.8,28780998656,72220258304,100,16167337984,1233240064,68.0,52.034,68.875,
59976579185437,262.558921519,206.5,18035625984,55541911552,105,1862.0,9.9,28780998656,72220258304,100,16167337984,1233240064,68.0,52.041,68.875,
59976632167312,262.611903394,208.1,18035630080,55541911552,105,1910.0,10.3,28780998656,72220258304,100,16167337984,1233240064,68.0,52.024,68.875,
59976684284975,262.664021057,191.9,18035634176,55541911552,105,1889.0,9.6,28781228032,72220028928,100,16167337984,1233240064,68.0,52.047,68.875,
59976736999598,262.71673568,208.6,18035634176,55541911552,105,1897.0,11.3,28781228032,72220028928,100,16167337984,1233240064,68.0,52.032,68.875,
59976790072965,262.769809047,207.0,18035634176,55541911552,105,1905.0,9.9,28781228032,72220028928,100,16167337984,1233240064,68.0,52.054,68.875,
59976844235787,262.823971869,203.4,18035634176,55541911552,105,1829.0,12.4,28781182976,72220073984,100,16167337984,1233240064,68.0,52.041,68.875,
59976897524328,262.87726041,206.0,18035634176,55541911552,105,1879.0,11.6,28781162496,72220094464,100,16167337984,1233240064,68.0,52.055,68.875,
59976951254658,262.93099074,205.1,18035634176,55541911552,105,1858.0,12.9,28781162496,72220094464,100,16167337984,1233240064,68.0,52.045,68.875,
59977004059440,262.983795522,208.4,18035634176,55541911552,105,1836.0,9.0,28780904448,72220352512,100,16167337984,1233240064,69.0,52.048,68.875,
59977056207631,263.035943713,191.7,18035634176,55541911552,105,1849.0,9.6,28781936640,72219320320,100,16167337984,1233240064,68.0,52.052,68.875,
59977109161423,263.088897505,226.6,18035634176,55541911552,105,1862.0,11.2,28783484928,72217772032,100,16167337984,1233240064,69.0,52.04,68.875,
59977162345638,263.14208172,206.4,18035638272,55541911552,105,1833.0,9.3,28783484928,72217772032,100,16167337984,1233240064,68.0,52.047,68.875,
59977216326168,263.19606225,203.8,18035638272,55541911552,105,1874.0,9.8,28783714304,72217542656,100,16167337984,1233240064,69.0,52.038,68.875,
59977271221073,263.250957155,200.4,18035642368,55541911552,105,1867.0,9.8,28784197632,72217059328,100,16167337984,1233240064,68.0,52.048,68.875,
59977325283547,263.305019629,222.0,18035642368,55541911552,105,1878.0,11.1,28784427008,72216829952,100,16167337984,1233240064,68.0,52.032,68.875,
59977379293291,263.359029373,203.7,18035642368,55541911552,105,1876.0,10.4,28783083520,72218173440,100,16167337984,1233240064,68.0,52.05,68.875,
59977433194622,263.412930704,185.5,18035642368,55541911552,105,1851.0,10.6,28783312896,72217944064,100,16167337984,1233240064,68.0,52.029,68.875,
59977487214195,263.466950277,203.7,18035642368,55541911552,105,1855.0,9.2,28783542272,72217714688,100,16167337984,1233240064,69.0,52.05,68.875,
59977541237194,263.520973276,222.1,18035642368,55541911552,105,1858.0,11.0,28783771648,72217485312,100,16167337984,1233240064,68.0,52.03,68.875,
59977595240125,263.574976207,203.3,18035642368,55541911552,105,1904.0,9.1,28784001024,72217255936,100,16167337984,1233240064,68.0,52.049,68.875,
59977650328965,263.630065047,199.9,18035642368,55541911552,105,1803.0,10.8,28784001024,72217255936,100,16167337984,1233240064,68.0,52.036,68.875,
59977705298941,263.685035023,218.1,18035646464,55541911552,105,1908.0,9.3,28781330432,72219926528,100,16167337984,1233240064,69.0,52.051,68.875,
59977759276294,263.739012376,222.0,18035646464,55541911552,105,1883.0,10.0,28778557440,72222699520,100,16167337984,1233240064,68.0,52.047,68.875,
59977813267504,263.793003586,186.0,18035650560,55541911552,105,1850.0,11.0,28778094592,72223162368,100,16167337984,1233240064,69.0,52.059,68.875,
59977866337985,263.846074067,207.0,18035650560,55541911552,105,1817.0,13.5,28777660416,72223596544,100,16167337984,1233240064,68.0,52.063,68.875,
59977920294479,263.900030561,203.9,18035650560,55541911552,105,1867.0,12.3,28775337984,72225918976,100,16167337984,1233240064,68.0,52.045,68.875,
59977973292815,263.953028897,207.5,18035650560,55541911552,105,1892.0,8.3,28775337984,72225918976,100,16167337984,1233240064,69.0,52.053,68.875,
59978027275789,264.007011871,222.2,18035650560,55541911552,105,1881.0,9.9,28775362560,72225894400,100,16167337984,1233240064,68.0,52.035,68.875,
59978080547117,264.060283199,187.7,18035650560,55541911552,105,1913.0,10.0,28775362560,72225894400,100,16167337984,1233240064,68.0,52.051,68.875,
59978134255766,264.113991848,204.9,18035650560,55541911552,105,1846.0,10.9,28775100416,72226156544,100,16167337984,1233240064,68.0,52.028,68.875,
59978188378402,264.168114484,221.7,18035650560,55541911552,105,1880.0,9.3,28775100416,72226156544,100,16167337984,1233240064,69.0,52.052,68.875,
59978243361883,264.223097965,200.0,18035650560,55541911552,105,1880.0,10.8,28775100416,72226156544,100,16167337984,1233240064,68.0,52.029,68.875,
59978301775193,264.281511275,975.8,18035650560,55541911552,105,1854.0,34.3,28775100416,72226156544,100,16167337984,1233240064,68.0,52.052,68.875,
59978355298043,264.335034125,186.5,18035650560,55541911552,105,1900.0,10.5,28775100416,72226156544,100,16167337984,1233240064,68.0,52.037,68.875,
59978409235251,264.388971333,223.0,18035650560,55541911552,105,1913.0,9.4,28775100416,72226156544,100,16167337984,1233240064,68.0,52.053,68.875,
59978463214989,264.442951071,203.7,18035650560,55541911552,105,1831.0,10.9,28774584320,72226672640,100,16167337984,1233240064,68.0,52.043,68.875,
59978517288562,264.497024644,203.5,18035650560,55541911552,105,1868.0,9.4,28774584320,72226672640,100,16167337984,1233240064,68.0,52.049,68.875,
59978571259503,264.550995585,222.3,18035650560,55541911552,105,1837.0,10.3,28774584320,72226672640,100,16167337984,1233240064,68.0,52.05,68.875,
59978627202125,264.606938207,196.9,18035650560,55541911552,105,1858.0,9.7,28774813696,72226443264,100,16167337984,1233240064,69.0,52.047,68.875,
59978680289648,264.66002573,206.6,18035650560,55541911552,105,1846.0,9.4,28774060032,72227196928,100,16167337984,1233240064,68.0,52.051,68.875,
59978735293097,264.715029179,200.6,18035650560,55541911552,105,1845.0,9.9,28774060032,72227196928,100,16167337984,1233240064,68.0,52.041,68.875,
59978788211502,264.767947584,226.8,18035650560,55541911552,105,1876.0,9.3,28774060032,72227196928,100,16167337984,1233240064,68.0,52.051,68.875,
59978842259828,264.82199591,203.3,18035650560,55541911552,105,1812.0,12.9,28773298176,72227958784,100,16167337984,1233240064,68.0,52.035,68.875,
59978896315098,264.87605118,203.5,18035650560,55541911552,105,1800.0,12.1,28776677376,72224579584,100,16167337984,1233240064,68.0,52.049,68.875,
59978952313314,264.932049396,196.4,18035650560,55541911552,105,1834.0,11.9,28776669184,72224587776,100,16167337984,1233240064,69.0,52.029,68.875,
59979010352270,264.990088352,224.0,18035650560,55541911552,105,1827.0,13.0,28776898560,72224358400,100,16167337984,1233240064,68.0,52.054,68.875,
59979064263289,265.043999371,203.9,18035650560,55541911552,105,1816.0,13.8,28780511232,72220745728,100,16167337984,1233240064,68.0,52.033,68.875,
59979118344537,265.098080619,222.0,18035650560,55541911552,105,1850.0,10.5,28781543424,72219713536,100,16167337984,1233240064,68.0,52.048,68.875,
59979173401566,265.153137648,199.9,18035650560,55541911552,105,1801.0,12.6,28781801472,72219455488,100,16167337984,1233240064,68.0,52.034,68.875,
59979227367397,265.207103479,203.9,18035650560,55541911552,105,1901.0,10.3,28782059520,72219197440,100,16167337984,1233240064,68.0,52.05,68.875,
59979281310085,265.261046167,203.9,18035654656,55541911552,105,1809.0,11.2,28782059520,72219197440,100,16167337984,1233240064,68.0,52.039,68.875,
59979335279944,265.315016026,222.4,18035654656,55541911552,105,1884.0,9.4,28782059520,72219197440,100,16167337984,1233240064,69.0,52.045,68.875,
59979389278577,265.369014659,203.7,18035654656,55541911552,105,1780.0,12.8,28782059520,72219197440,100,16167337984,1233240064,69.0,52.052,68.875,
59979443333155,265.423069237,203.5,18035654656,55541911552,105,1834.0,11.6,28782059520,72219197440,100,16167337984,1233240064,69.0,52.043,68.875,
59979497341035,265.477077117,203.6,18035654656,55541911552,105,1818.0,9.9,28782288896,72218968064,100,16167337984,1233240064,68.0,52.048,68.875,
59979553390337,265.533126419,214.2,18035654656,55541911552,105,1838.0,11.2,28782288896,72218968064,100,16167337984,1233240064,68.0,52.033,68.875,
59979607452629,265.587188711,203.5,18035654656,55541911552,105,1838.0,9.4,28782288896,72218968064,100,16167337984,1233240064,68.0,52.043,68.875,
59979661212994,265.640949076,204.8,18035654656,55541911552,105,1851.0,11.2,28781772800,72219484160,100,16167337984,1233240064,69.0,52.028,68.875,
59979715328496,265.695064578,203.3,18035654656,55541911552,105,1845.0,9.2,28781772800,72219484160,100,16167337984,1233240064,68.0,52.048,68.875,
59979768351237,265.748087319,207.4,18035654656,55541911552,105,1861.0,11.8,28781772800,72219484160,100,16167337984,1233240064,68.0,52.033,68.875,
59979821461522,265.801197604,206.7,18035658752,55541911552,105,1800.0,11.7,28781371392,72219885568,100,16167337984,1233240064,68.0,52.056,68.875,
59979875313029,265.855049111,204.5,18035658752,55541911552,105,1822.0,13.9,28781371392,72219885568,100,16167337984,1233240064,68.0,52.038,68.875,
59979929505465,265.909241547,203.0,18035658752,55541911552,105,1896.0,10.5,28781629440,72219627520,100,16167337984,1233240064,68.0,52.054,68.875,
59979983249490,265.962985572,204.7,18035658752,55541911552,105,1804.0,11.7,28781629440,72219627520,100,16167337984,1233240064,68.0,52.046,68.875,
59980037342059,266.017078141,221.9,18035658752,55541911552,105,1839.0,10.5,28781629440,72219627520,100,16167337984,1233240064,68.0,52.051,68.875,
59980091310765,266.071046847,203.8,18035658752,55541911552,105,1834.0,11.0,28781629440,72219627520,100,16167337984,1233240064,68.0,52.054,68.875,
59980145338863,266.125074945,203.6,18035658752,55541911552,105,1829.0,10.5,28781629440,72219627520,100,16167337984,1233240064,69.0,52.042,68.875,
59980199416554,266.179152636,203.4,18035658752,55541911552,105,1846.0,10.4,28781629440,72219627520,100,16167337984,1233240064,68.0,52.05,68.875,
59980253346558,266.23308264,203.8,18035658752,55541911552,105,1849.0,12.7,28781629440,72219627520,100,16167337984,1233240064,68.0,52.033,68.875,
59980307422726,266.287158808,222.1,18035658752,55541911552,105,1840.0,9.4,28781629440,72219627520,100,16167337984,1233240064,68.0,52.051,68.875,
59980361438712,266.341174794,203.6,18035662848,55541911552,105,1840.0,13.2,28781617152,72219639808,100,16167337984,1233240064,68.0,52.03,68.875,
59980415362183,266.395098265,204.1,18035662848,55541911552,105,1817.0,11.0,28781289472,72219967488,100,16167337984,1233240064,68.0,52.051,68.875,
59980469413685,266.449149767,203.6,18035662848,55541911552,105,1855.0,10.5,28781289472,72219967488,100,16167337984,1233240064,68.0,52.031,68.875,
59980523440480,266.503176562,203.5,18035662848,55541911552,105,1877.0,9.8,28781289472,72219967488,100,16167337984,1233240064,69.0,52.051,68.875,
59980577295623,266.557031705,223.0,18035662848,55541911552,105,1822.0,10.6,28781289472,72219967488,100,16167337984,1233240064,68.0,52.041,68.875,
59980630370361,266.610106443,188.4,18035662848,55541911552,105,1857.0,9.4,28781289472,72219967488,100,16167337984,1233240064,69.0,52.049,68.875,
59980683405104,266.663141186,207.3,18035662848,55541911552,105,1832.0,11.2,28781289472,72219967488,100,16167337984,1233240064,69.0,52.052,68.875,
59980737354033,266.717090115,203.8,18035662848,55541911552,105,1825.0,12.1,28781289472,72219967488,100,16167337984,1233240064,69.0,52.045,68.875,
59980791349871,266.771085953,203.9,18035662848,55541911552,105,1852.0,9.4,28781289472,72219967488,100,16167337984,1233240064,68.0,52.056,68.875,
59980844411534,266.824147616,226.0,18035662848,55541911552,105,1870.0,13.5,28781035520,72220221440,100,16167337984,1233240064,69.0,52.044,68.875,
59980898452456,266.878188538,203.6,18035666944,55541911552,105,1890.0,13.4,28781035520,72220221440,100,16167337984,1233240064,68.0,52.052,68.875,
59980952442893,266.932178975,203.7,18035666944,55541911552,105,1867.0,11.6,28780257280,72220999680,100,16167337984,1233240064,68.0,52.028,68.875,
59981006451133,266.986187215,203.7,18035666944,55541911552,105,1844.0,9.8,28779958272,72221298688,100,16167337984,1233240064,69.0,52.051,68.875,
59981060351802,267.040087884,204.1,18035671040,55541911552,105,1857.0,11.0,28779950080,72221306880,100,16167337984,1233240064,68.0,52.033,68.875,
59981114544398,267.09428048,203.0,18035671040,55541911552,105,1870.0,9.3,28784013312,72217243648,100,16167337984,1233240064,69.0,52.055,68.875,
59981168494119,267.148230201,203.9,18035671040,55541911552,105,1833.0,9.9,28784242688,72217014272,100,16167337984,1233240064,68.0,52.037,68.875,
59981222522387,267.202258469,203.6,18035671040,55541911552,105,1884.0,9.3,28784242688,72217014272,100,16167337984,1233240064,69.0,52.052,68.875,
59981276697520,267.256433602,202.9,18035671040,55541911552,105,1787.0,11.5,28783980544,72217276416,100,16167337984,1233240064,68.0,52.044,68.875,
59981330373527,267.310109609,205.0,18035671040,55541911552,105,1836.0,10.6,28783423488,72217833472,100,16167337984,1233240064,69.0,52.05,68.875,
59981384403458,267.36413954,222.1,18035671040,55541911552,105,1840.0,11.5,28783652864,72217604096,100,16167337984,1233240064,68.0,52.055,69.0,
59981438226340,267.417962422,204.7,18035675136,55541911552,105,1888.0,9.4,28783906816,72217350144,100,16167337984,1233240064,69.0,52.044,69.0,
59981491443947,267.471180029,206.6,18035675136,55541911552,105,1866.0,9.4,28783906816,72217350144,100,16167337984,1233240064,68.0,52.05,69.0,
59981546201182,267.525937264,200.9,18035675136,55541911552,105,1883.0,9.2,28784422912,72216834048,100,16167337984,1233240064,69.0,52.032,69.0,
59981599394022,267.579130104,206.8,18035679232,55541911552,105,1862.0,8.8,28784619520,72216637440,100,16167337984,1233240064,69.0,52.048,69.0,
59981652343264,267.632079346,226.6,18035679232,55541911552,105,1877.0,10.1,28784619520,72216637440,100,16167337984,1233240064,68.0,52.025,69.0,
59981705372437,267.685108519,188.6,18035679232,55541911552,105,1838.0,8.9,28784848896,72216408064,100,16167337984,1233240064,69.0,52.051,69.0,
59981758254884,267.737990966,208.0,18035679232,55541911552,105,1856.0,10.0,28785078272,72216178688,100,16167337984,1233240064,68.0,52.03,69.0,
59981811358516,267.791094598,188.3,18035679232,55541911552,105,1858.0,9.5,28785078272,72216178688,100,16167337984,1233240064,68.0,52.051,69.0,
59981866472071,267.846208153,235.7,18035679232,55541911552,105,1857.0,13.1,28785078272,72216178688,100,16167337984,1233240064,68.0,52.041,69.0,
59981920393508,267.90012959,185.4,18035679232,55541911552,105,1884.0,9.8,28782211072,72219045888,100,16163143680,1233240064,69.0,52.052,69.0,
59981974393673,267.954129755,203.8,18035683328,55541911552,105,1828.0,10.0,28782186496,72219070464,100,16163143680,1233240064,68.0,52.04,69.0,
59982031816492,268.011552574,1166.9,18035687424,55541911552,105,1755.0,41.1,28782186496,72219070464,100,16163143680,1233240064,69.0,52.051,69.0,
59982087432489,268.067168571,197.8,18035687424,55541911552,105,1849.0,10.7,28782186496,72219070464,100,16163143680,1233240064,69.0,52.053,69.0,
59982141381608,268.12111769,222.4,18035687424,55541911552,105,1871.0,9.4,28782186496,72219070464,100,16163143680,1233240064,69.0,52.042,69.0,
59982195385911,268.175121993,203.6,18035687424,55541911552,105,1835.0,9.9,28782415872,72218841088,100,16163143680,1233240064,68.0,52.05,69.0,
59982249560593,268.229296675,203.1,18035687424,55541911552,105,1853.0,11.5,28781891584,72219365376,100,16163143680,1233240064,69.0,52.036,69.0,
59982303385479,268.283121561,204.7,18035687424,55541911552,105,1880.0,8.2,28781891584,72219365376,100,16163143680,1233240064,68.0,52.045,69.0,
59982356507105,268.336243187,206.8,18035691520,55541911552,105,1875.0,10.1,28781891584,72219365376,100,16163143680,1233240064,69.0,52.033,69.0,
59982410487914,268.390223996,203.8,18035695616,55541911552,105,1840.0,9.8,28782407680,72218849280,100,16163143680,1233240064,68.0,52.049,69.0,
59982464499270,268.444235352,203.7,18035695616,55541911552,105,1872.0,11.1,28782407680,72218849280,100,16163143680,1233240064,68.0,52.028,69.0,
59982518340827,268.498076909,204.4,18035695616,55541911552,105,1874.0,8.8,28782407680,72218849280,100,16163143680,1233240064,68.0,52.049,69.0,
59982571296220,268.551032302,207.5,18035695616,55541911552,105,1865.0,9.4,28782407680,72218849280,100,16163143680,1233240064,68.0,52.031,69.0,
59982625402374,268.605138456,203.2,18035695616,55541911552,105,1892.0,9.2,28782407680,72218849280,100,16163143680,1233240064,68.0,52.048,69.0,
59982679486796,268.659222878,203.5,18035695616,55541911552,105,1816.0,9.9,28782407680,72218849280,100,16163143680,1233240064,68.0,52.035,69.0,
59982733517478,268.71325356,203.7,18035695616,55541911552,105,1891.0,8.1,28781010944,72220246016,100,16163143680,1233240064,69.0,52.049,69.0,
59982787405092,268.767141174,204.0,18035695616,55541911552,105,1845.0,10.4,28780732416,72220524544,100,16163143680,1233240064,68.0,52.047,69.0,
59982841490817,268.821226899,221.9,18035695616,55541911552,105,1810.0,11.1,28780445696,72220811264,100,16163143680,1233240064,69.0,52.061,69.0,
59982895481153,268.875217235,203.8,18035699712,55541911552,105,1857.0,13.4,28780408832,72220848128,100,16167337984,1233240064,68.0,52.062,68.875,
59982949351253,268.929087335,204.3,18035703808,55541911552,105,1872.0,10.5,28781182976,72220073984,100,16167337984,1233240064,69.0,52.049,68.875,
59983003473347,268.983209429,203.1,18035703808,55541911552,105,1856.0,10.4,28781412352,72219844608,100,16167337984,1233240064,68.0,52.055,68.875,
59983057606190,269.037342272,221.8,18035703808,55541911552,105,1869.0,12.1,28783443968,72217812992,100,16167337984,1233240064,69.0,52.042,68.875,
59983111450362,269.091186444,204.2,18035703808,55541911552,105,1902.0,28.6,28786540544,72214716416,100,16167337984,1233240064,67.0,52.066,68.875,
59983166696756,269.146432838,199.2,18035703808,55541911552,105,1893.0,21.5,28786540544,72214716416,100,16167337984,1233240064,68.0,52.036,68.875,
59983220529987,269.200266069,204.1,18035703808,55541911552,105,1879.0,9.8,28781703168,72219553792,100,16167337984,1233240064,68.0,52.05,68.875,
59983276505569,269.256241651,214.5,18035703808,55541911552,105,1899.0,11.5,28781703168,72219553792,100,16167337984,1233240064,68.0,52.035,68.875,
59983330503931,269.310240013,203.7,18035703808,55541911552,105,1907.0,9.2,28781703168,72219553792,100,16167337984,1233240064,68.0,52.052,68.875,
59983384398788,269.36413487,204.2,18035703808,55541911552,105,1832.0,11.7,28781703168,72219553792,100,16167337984,1233240064,68.0,52.043,68.875,
59983438437855,269.418173937,203.4,18035703808,55541911552,105,1880.0,9.9,28781703168,72219553792,100,16167337984,1233240064,69.0,52.051,68.875,
59983493527775,269.473263857,217.9,18035712000,55541911552,105,1817.0,11.4,28781932544,72219324416,100,16167337984,1233240064,68.0,52.052,68.875,
59983547521277,269.527257359,203.5,18035712000,55541911552,105,1841.0,11.6,28781932544,72219324416,100,16167337984,1233240064,69.0,52.048,68.875,
59983601464785,269.581200867,203.9,18035712000,55541911552,105,1855.0,9.8,28781932544,72219324416,100,16167337984,1233240064,68.0,52.052,68.875,
59983655777105,269.635513187,202.6,18035712000,55541911552,105,1813.0,11.2,28781932544,72219324416,100,16167337984,1233240064,69.0,52.041,68.875,
59983709570240,269.689306322,204.5,18035712000,55541911552,105,1761.0,9.4,28782186496,72219070464,100,16167337984,1233240064,68.0,52.049,68.875,
59983763483922,269.743220004,204.1,18035712000,55541911552,105,1796.0,13.3,28782186496,72219070464,100,16167337984,1233240064,68.0,52.034,68.875,
59983817691616,269.797427698,221.4,18035712000,55541911552,105,1783.0,11.0,28782092288,72219164672,100,16167337984,1233240064,68.0,52.056,68.875,
59983871464023,269.851200105,204.5,18035712000,55541911552,105,1799.0,15.2,28780748800,72220508160,100,16167337984,1233240064,68.0,52.033,68.875,
59983925530993,269.905267075,203.3,18035712000,55541911552,105,1808.0,10.5,28780535808,72220721152,100,16167337984,1233240064,69.0,52.051,68.875,
59983979511911,269.959247993,203.9,18035712000,55541911552,105,1825.0,12.7,28780273664,72220983296,100,16167337984,1233240064,68.0,52.031,68.875,
59984033490164,270.013226246,222.3,18035716096,55541911552,105,1831.0,9.9,28779814912,72221442048,100,16167337984,1233240064,68.0,52.049,68.875,
59984087545993,270.067282075,203.4,18035720192,55541911552,105,1783.0,12.2,28779814912,72221442048,100,16167337984,1233240064,68.0,52.037,68.875,
59984141487958,270.12122404,203.9,18035720192,55541911552,105,1849.0,9.9,28779814912,72221442048,100,16167337984,1233240064,69.0,52.052,68.875,
59984197620164,270.177356246,195.9,18035720192,55541911552,105,1800.0,13.1,28779814912,72221442048,100,16167337984,1233240064,68.0,52.043,68.875,
59984252650371,270.232386453,236.3,18035720192,55541911552,105,1845.0,11.1,28779814912,72221442048,100,16167337984,1233240064,68.0,52.049,68.875,
59984306555577,270.286291659,204.0,18035720192,55541911552,105,1786.0,12.0,28779814912,72221442048,100,16167337984,1233240064,68.0,52.051,68.875,
59984361515503,270.341251585,200.2,18035720192,55541911552,105,1821.0,11.1,28779814912,72221442048,100,16167337984,1233240064,69.0,52.045,68.875,
59984415576001,270.395312083,203.2,18035720192,55541911552,105,1821.0,12.1,28779814912,72221442048,100,16167337984,1233240064,68.0,52.053,68.875,
59984470418055,270.450154137,200.9,18035720192,55541911552,105,1791.0,11.6,28779814912,72221442048,100,16167337984,1233240064,69.0,52.039,68.875,
59984524611812,270.504347894,221.3,18035720192,55541911552,105,1803.0,11.0,28779814912,72221442048,100,16167337984,1233240064,68.0,52.048,68.875,
59984578496079,270.558232161,204.1,18035724288,55541911552,105,1848.0,13.3,28779814912,72221442048,100,16167337984,1233240064,68.0,52.033,68.875,
59984632660761,270.612396843,203.2,18035728384,55541911552,105,1857.0,11.0,28779814912,72221442048,100,16167337984,1233240064,68.0,52.05,68.875,
59984688385472,270.668121554,197.4,18035728384,55541911552,105,1791.0,11.4,28779814912,72221442048,100,16167337984,1233240064,68.0,52.028,68.875,
59984742565394,270.722301476,221.5,18035728384,55541911552,105,1792.0,9.9,28779814912,72221442048,100,16167337984,1233240064,68.0,52.05,68.875,
59984796577290,270.776313372,203.6,18035728384,55541911552,105,1834.0,11.0,28779552768,72221704192,100,16167337984,1233240064,68.0,52.037,68.875,
59984850436880,270.830172962,204.3,18035728384,55541911552,105,1802.0,13.9,28779491328,72221765632,100,16167337984,1233240064,69.0,52.061,68.875,
59984904616711,270.884352793,203.0,18035728384,55541911552,105,1816.0,13.5,28778401792,72222855168,100,16167337984,1233240064,68.0,52.045,68.875,
59984958546032,270.938282114,222.6,18035728384,55541911552,105,1835.0,9.3,28778369024,72222887936,100,16167337984,1233240064,69.0,52.055,68.875,
59985012535175,270.992271257,203.7,18035728384,55541911552,105,1819.0,10.5,28778369024,72222887936,100,16167337984,1233240064,68.0,52.049,68.875,
59985066558262,271.046294344,203.8,18035728384,55541911552,105,1837.0,11.6,28780433408,72220823552,100,16167337984,1233240064,69.0,52.051,68.875,
59985120657392,271.100393474,203.2,18035732480,55541911552,105,1850.0,10.4,28780433408,72220823552,100,16167337984,1233240064,68.0,52.055,68.875,
59985174537561,271.154273643,204.3,18035732480,55541911552,105,1851.0,9.4,28780433408,72220823552,100,16167337984,1233240064,69.0,52.046,68.875,
59985229697622,271.209433704,199.3,18035736576,55541911552,105,1850.0,10.2,28780433408,72220823552,100,16167337984,1233240064,69.0,52.054,68.875,
59985283674973,271.263411055,222.4,18035736576,55541911552,105,1844.0,10.5,28780433408,72220823552,100,16167337984,1233240064,69.0,52.041,68.875,
59985337602530,271.317338612,203.9,18035736576,55541911552,105,1840.0,10.4,28780433408,72220823552,100,16167337984,1233240064,68.0,52.049,68.875,
59985391641457,271.371377539,203.6,18035736576,55541911552,105,1846.0,11.6,28780433408,72220823552,100,16167337984,1233240064,69.0,52.033,68.875,
59985445593531,271.425329613,203.9,18035736576,55541911552,105,1854.0,8.2,28780892160,72220364800,100,16167337984,1233240064,68.0,52.053,68.875,
59985499426902,271.479162984,204.3,18035736576,55541911552,105,1851.0,11.0,28780892160,72220364800,100,16167337984,1233240064,68.0,52.033,68.875,
59985553538134,271.533274216,203.3,18035736576,55541911552,105,1869.0,9.8,28780892160,72220364800,100,16167337984,1233240064,68.0,52.053,68.875,
59985607446776,271.587182858,222.5,18035736576,55541911552,105,1841.0,11.6,28780892160,72220364800,100,16167337984,1233240064,68.0,52.034,68.875,
59985661612560,271.641348642,203.1,18035740672,55541911552,105,1840.0,8.7,28780892160,72220364800,100,16167337984,1233240064,68.0,52.05,68.875,
59985715459115,271.695195197,204.4,18035740672,55541911552,105,1841.0,11.1,28781121536,72220135424,100,16167337984,1233240064,68.0,52.038,68.875,
59985771682592,271.751418674,996.3,18035748864,55541911552,105,1826.0,35.1,28781092864,72220164096,100,16167337984,1233240064,69.0,52.052,68.875,
59985825688186,271.805424268,222.2,18035748864,55541911552,105,1848.0,12.2,28781092864,72220164096,100,16167337984,1233240064,68.0,52.059,68.875,
59985879602498,271.85933858,203.9,18035748864,55541911552,105,1829.0,13.3,28780830720,72220426240,100,16167337984,1233240064,68.0,52.057,68.875,
59985934564487,271.914300569,200.3,18035748864,55541911552,105,1818.0,10.3,28780539904,72220717056,100,16167337984,1233240064,68.0,52.058,68.875,
59985987583690,271.967319772,207.6,18035748864,55541911552,105,1838.0,9.0,28780539904,72220717056,100,16167337984,1233240064,69.0,52.043,68.875,
59986045636831,272.025372913,206.6,18035748864,55541911552,105,1855.0,9.6,28780769280,72220487680,100,16167337984,1233240064,68.0,52.057,68.875,
59986102635131,272.082371213,210.6,18035748864,55541911552,105,1864.0,10.0,28779950080,72221306880,100,16167337984,1233240064,69.0,52.043,68.875,
59986155558524,272.135294606,226.7,18035748864,55541911552,105,1823.0,8.3,28779917312,72221339648,100,16167337984,1233240064,68.0,52.052,68.875,
59986208664770,272.188400852,188.1,18035752960,55541911552,105,1836.0,10.9,28780400640,72220856320,100,16167337984,1233240064,69.0,52.038,68.875,
59986262746016,272.242482098,203.3,18035752960,55541911552,105,1851.0,8.3,28780400640,72220856320,100,16167337984,1233240064,68.0,52.055,68.875,
59986315678455,272.295414537,208.0,18035752960,55541911552,105,1864.0,10.7,28780630016,72220626944,100,16167337984,1233240064,68.0,52.035,68.875,
59986368579626,272.348315708,189.0,18035752960,55541911552,105,1875.0,9.5,28781891584,72219365376,100,16167337984,1233240064,68.0,52.056,68.875,
59986421552201,272.401288283,226.5,18035752960,55541911552,105,1865.0,11.2,28782120960,72219136000,100,16167337984,1233240064,68.0,52.039,68.875,
59986474660020,272.454396102,207.1,18035752960,55541911552,105,1927.0,8.2,28776996864,72224260096,100,16167337984,1233240064,69.0,52.055,68.875,
59986528545157,272.508281239,204.6,18035757056,55541911552,105,1897.0,11.2,28774391808,72226865152,100,16167337984,1233240064,68.0,52.047,68.875,
59986581450095,272.561186177,207.9,18035757056,55541911552,105,1893.0,8.4,28774301696,72226955264,100,16167337984,1233240064,69.0,52.051,68.875,
59986633484489,272.613220571,191.7,18035757056,55541911552,105,1863.0,10.1,28774559744,72226697216,100,16167337984,1233240064,68.0,52.056,68.875,
59986686570817,272.666306899,207.7,18035757056,55541911552,105,1880.0,11.2,28774510592,72226746368,100,16167337984,1233240064,68.0,52.045,68.875,
59986739563530,272.719299612,188.3,18035761152,55541911552,105,1836.0,9.4,28774739968,72226516992,100,16167337984,1233240064,69.0,52.052,68.875,
59986792594815,272.772330897,226.4,18035761152,55541911552,105,1893.0,10.1,28774682624,72226574336,100,16167337984,1233240064,69.0,52.034,68.875,
59986845645656,272.825381738,207.3,18035761152,55541911552,105,1835.0,11.3,28774395904,72226861056,100,16167337984,1233240064,68.0,52.057,68.875,
59986898554802,272.878290884,207.9,18035761152,55541911552,105,1898.0,12.9,28774141952,72227115008,100,16165240832,1233240064,68.0,52.032,68.875,
59986952906445,272.932642527,202.4,18035761152,55541911552,105,1865.0,8.2,28773097472,72228159488,100,16165240832,1233240064,68.0,52.052,68.875,
59987008614243,272.988350325,197.4,18035761152,55541911552,105,1865.0,10.7,28773355520,72227901440,100,16165240832,1233240064,68.0,52.033,68.875,
59987062761112,273.042497194,221.2,18035765248,55541911552,105,1861.0,10.3,28773068800,72228188160,100,16165240832,1233240064,68.0,52.051,68.875,
59987116661368,273.09639745,204.4,18035765248,55541911552,105,1793.0,13.5,28773298176,72227958784,100,16165240832,1233240064,68.0,52.042,68.875,
59987170644179,273.150380261,203.8,18035765248,55541911552,105,1907.0,9.9,28774039552,72227217408,100,16165240832,1233240064,69.0,52.053,68.875,
59987224598726,273.204334808,203.9,18035765248,55541911552,105,1823.0,11.0,28773752832,72227504128,100,16165240832,1233240064,68.0,52.053,68.875,
59987278656939,273.258393021,203.5,18035769344,55541911552,105,1852.0,12.1,28773466112,72227790848,100,16165240832,1233240064,69.0,52.047,68.875,
59987332813375,273.312549457,221.6,18035769344,55541911552,105,1834.0,9.9,28773695488,72227561472,100,16165240832,1233240064,68.0,52.052,68.875,
59987386694415,273.366430497,204.2,18035769344,55541911552,105,1824.0,12.7,28773408768,72227848192,100,16165240832,1233240064,68.0,52.036,68.875,
59987440759310,273.420495392,203.2,18035769344,55541911552,105,1865.0,9.3,28773638144,72227618816,100,16165240832,1233240064,68.0,52.048,68.875,
59987494626654,273.474362736,186.0,18035769344,55541911552,105,1857.0,11.7,28773351424,72227905536,100,16165240832,1233240064,68.0,52.028,68.875,
59987548669306,273.528405388,240.6,18035773440,55541911552,105,1880.0,9.4,28773580800,72227676160,100,16165240832,1233240064,68.0,52.053,68.875,
59987601704829,273.581440911,188.4,18035773440,55541911552,105,1853.0,10.7,28773580800,72227676160,100,16165240832,1233240064,68.0,52.031,68.875,
59987655694613,273.635430695,203.7,18035777536,55541911552,105,1862.0,9.9,28773580800,72227676160,100,16165240832,1233240064,68.0,52.052,68.875,
59987710726522,273.690462604,199.9,18035777536,55541911552,105,1808.0,11.5,28773580800,72227676160,100,16165240832,1233240064,68.0,52.039,68.875,
59987764744428,273.74448051,222.1,18035777536,55541911552,105,1892.0,9.4,28773580800,72227676160,100,16165240832,1233240064,69.0,52.053,68.875,
59987818655975,273.798392057,204.0,18035781632,55541911552,105,1769.0,15.1,28778225664,72223031296,100,16165240832,1233240064,68.0,52.056,68.875,
59987874960964,273.854697046,212.9,18035781632,55541911552,105,1851.0,14.9,28805144576,72196112384,100,16165240832,1233240064,68.0,52.059,68.875,
59987928650194,273.908386276,205.0,18035781632,55541911552,105,1813.0,11.7,28805783552,72195473408,100,16165240832,1233240064,68.0,52.056,68.875,
59987982658542,273.962394624,203.9,18035781632,55541911552,105,1907.0,11.2,28805742592,72195514368,100,16165240832,1233240064,68.0,52.045,68.875,
59988035743648,274.01547973,207.1,18035781632,55541911552,105,1852.0,10.5,28805939200,72195317760,100,16165240832,1233240064,68.0,52.054,68.875,
59988089763377,274.069499459,203.7,18035781632,55541911552,105,1893.0,12.4,28806168576,72195088384,100,16165240832,1233240064,68.0,52.039,68.875,
59988144727129,274.124463211,218.4,18035781632,55541911552,105,1828.0,9.4,28806168576,72195088384,100,16165240832,1233240064,68.0,52.054,68.875,
59988198600945,274.178337027,204.1,18035781632,55541911552,105,1817.0,12.8,28805808128,72195448832,100,16165240832,1233240064,68.0,52.033,68.875,
59988252661572,274.232397654,203.5,18035785728,55541911552,105,1873.0,10.5,28805808128,72195448832,100,16165240832,1233240064,68.0,52.056,68.875,
59988306713011,274.286449093,222.0,18035785728,55541911552,105,1853.0,12.3,28806062080,72195194880,100,16165240832,1233240064,68.0,52.037,68.875,
59988360756996,274.340493078,203.3,18035789824,55541911552,105,1867.0,10.3,28806062080,72195194880,100,16165240832,1233240064,68.0,52.054,68.875,
59988414811070,274.394547152,203.7,18035789824,55541911552,105,1846.0,12.4,28806062080,72195194880,100,16165240832,1233240064,68.0,52.045,68.875,
59988468673805,274.448409887,204.2,18035789824,55541911552,105,1860.0,10.9,28806062080,72195194880,100,16165240832,1233240064,69.0,52.055,68.875,
59988522859456,274.502595538,202.9,18035789824,55541911552,105,1836.0,11.1,28806062080,72195194880,100,16165240832,1233240064,68.0,52.055,68.875,
59988576726589,274.556462671,222.8,18035789824,55541911552,105,1809.0,10.5,28806291456,72194965504,100,16165240832,1233240064,69.0,52.049,68.875,
59988630755676,274.610491758,203.5,18035789824,55541911552,105,1840.0,11.5,28806549504,72194707456,100,16165240832,1233240064,68.0,52.056,68.875,
59988684737234,274.664473316,185.3,18035789824,55541911552,105,1853.0,11.6,28806778880,72194478080,100,16165240832,1233240064,69.0,52.04,68.75,
59988738749279,274.718485361,222.3,18035789824,55541911552,105,1828.0,9.4,28806778880,72194478080,100,16165240832,1233240064,67.0,52.049,68.75,
59988792672918,274.772409,204.0,18035793920,55541911552,105,1841.0,9.9,28806778880,72194478080,100,16165240832,1233240064,68.0,52.031,68.75,
59988847874676,274.827610758,217.3,18035793920,55541911552,105,1824.0,13.8,28796936192,72204320768,100,16165240832,1233240064,68.0,52.062,68.75,
59988901580958,274.88131704,204.8,18035798016,55541911552,105,1836.0,13.5,28796936192,72204320768,100,16165240832,1233240064,68.0,52.035,68.75,
59988955699032,274.935435114,184.9,18035798016,55541911552,105,1865.0,8.7,28796919808,72204337152,100,16165240832,1233240064,68.0,52.052,68.75,
59989012656705,274.992392787,228.2,18035798016,55541911552,105,1847.0,9.4,28796919808,72204337152,100,16165240832,1233240064,68.0,52.033,68.75,
59989066737289,275.046473371,202.9,18035798016,55541911552,105,1832.0,11.5,28798722048,72202534912,100,16165240832,1233240064,68.0,52.053,68.75,
59989121783706,275.101519788,200.2,18035798016,55541911552,105,1821.0,11.4,28798722048,72202534912,100,16165240832,1233240064,68.0,52.04,68.75,
59989175657391,275.155393473,204.3,18035798016,55541911552,105,1853.0,8.8,28799205376,72202051584,100,16165240832,1233240064,69.0,52.052,68.75,
59989228665071,275.208401153,226.4,18035798016,55541911552,105,1827.0,9.4,28799459328,72201797632,100,16165240832,1233240064,68.0,52.05,68.75,
59989281724077,275.261460159,207.3,18035798016,55541911552,105,1854.0,8.9,28799688704,72201568256,100,16165240832,1233240064,68.0,52.048,68.75,
59989337681493,275.317417575,196.4,18035798016,55541911552,105,1825.0,10.5,28799688704,72201568256,100,16165240832,1233240064,68.0,52.055,68.75,
59989391727683,275.371463765,203.7,18035802112,55541911552,105,1858.0,10.6,28799688704,72201568256,100,16165240832,1233240064,69.0,52.045,68.75,
59989445729368,275.42546545,203.7,18035806208,55541911552,105,1816.0,10.3,28799918080,72201338880,100,16165240832,1233240064,68.0,52.039,68.75,
59989504039079,275.483775161,891.1,18035814400,55541911552,105,1891.0,34.5,28799918080,72201338880,100,16165240832,1233240064,69.0,52.041,68.75,
59989557878720,275.537614802,297.5,18035814400,55541911552,105,1878.0,9.5,28797767680,72203489280,100,16165240832,1233240064,68.0,52.051,68.75,
59989611690179,275.591426261,204.4,18035814400,55541911552,105,1843.0,10.0,28797997056,72203259904,100,16165240832,1233240064,68.0,52.032,68.75,
59989664647273,275.644383355,207.7,18035814400,55541911552,105,1855.0,8.9,28797997056,72203259904,100,16165240832,1233240064,68.0,52.053,68.75,
59989717628243,275.697364325,207.3,18035814400,55541911552,105,1856.0,9.9,28797997056,72203259904,100,16165240832,1233240064,68.0,52.031,68.75,
59989771760974,275.751497056,203.2,18035814400,55541911552,105,1870.0,9.3,28797997056,72203259904,100,16165240832,1233240064,68.0,52.051,68.875,
59989825784490,275.805520572,222.1,18035814400,55541911552,105,1859.0,11.7,28797562880,72203694080,100,16165240832,1233240064,68.0,52.044,68.875,
59989879724139,275.859460221,203.6,18035818496,55541911552,105,1886.0,11.5,28798021632,72203235328,100,16165240832,1233240064,68.0,52.061,68.875,
59989936785788,275.91652187,210.6,18035818496,55541911552,105,1799.0,13.4,28795432960,72205824000,100,16165240832,1233240064,68.0,52.046,68.875,
59989990743430,275.970479512,203.9,18035818496,55541911552,105,1855.0,9.4,28795916288,72205340672,100,16165240832,1233240064,69.0,52.06,68.875,
59990045737719,276.025473801,200.0,18035818496,55541911552,105,1826.0,10.9,28795916288,72205340672,100,16165240832,1233240064,68.0,52.054,68.875,
59990099747199,276.079483281,222.2,18035822592,55541911552,105,1846.0,9.8,28795105280,72206151680,100,16165240832,1233240064,68.0,52.056,68.875,
59990153745438,276.13348152,203.6,18035822592,55541911552,105,1837.0,9.9,28795334656,72205922304,100,16165240832,1233240064,69.0,52.061,68.875,
59990207770897,276.187506979,185.3,18035822592,55541911552,105,1826.0,11.0,28795564032,72205692928,100,16165240832,1233240064,69.0,52.052,68.875,
59990261709424,276.241445506,222.6,18035822592,55541911552,105,1849.0,8.8,28795564032,72205692928,100,16165240832,1233240064,68.0,52.058,68.875,
59990315852144,276.295588226,203.2,18035822592,55541911552,105,1831.0,10.5,28795564032,72205692928,100,16165240832,1233240064,68.0,52.041,68.875,
59990368736593,276.348472675,207.9,18035822592,55541911552,105,1844.0,9.5,28795195392,72206061568,100,16165240832,1233240064,68.0,52.055,68.875,
59990421835514,276.401571596,207.2,18035826688,55541911552,105,1840.0,10.0,28795195392,72206061568,100,16165240832,1233240064,68.0,52.036,68.875,
59990475838431,276.455574513,203.6,18035826688,55541911552,105,1859.0,8.2,28795424768,72205832192,100,16165240832,1233240064,68.0,52.058,68.875,
59990528876648,276.50861273,207.3,18035826688,55541911552,105,1866.0,9.5,28795908096,72205348864,100,16165240832,1233240064,68.0,52.034,68.875,
59990582760181,276.562496263,204.1,18035826688,55541911552,105,1857.0,9.9,28795908096,72205348864,100,16165240832,1233240064,68.0,52.055,68.875,
59990636896459,276.616632541,203.4,18035826688,55541911552,105,1886.0,9.9,28796137472,72205119488,100,16165240832,1233240064,68.0,52.039,68.875,
59990690828653,276.670564735,203.9,18035830784,55541911552,105,1859.0,9.1,28795604992,72205651968,100,16165240832,1233240064,68.0,52.055,68.875,
59990745624559,276.725360641,219.1,18035830784,55541911552,105,1857.0,9.4,28795834368,72205422592,100,16165240832,1233240064,68.0,52.043,68.875,
59990798855467,276.778591549,206.7,18035830784,55541911552,105,1873.0,8.3,28796088320,72205168640,100,16165240832,1233240064,69.0,52.057,68.875,
59990856982525,276.836718607,206.2,18035830784,55541911552,105,1809.0,13.4,28796317696,72204939264,100,16165240832,1233240064,68.0,52.058,68.875,
59990910830221,276.890566303,204.3,18035830784,55541911552,105,1878.0,11.0,28795412480,72205844480,100,16167337984,1233240064,68.0,52.063,68.875,
59990964926914,276.944662996,221.8,18035834880,55541911552,105,1849.0,10.9,28795273216,72205983744,100,16167337984,1233240064,68.0,52.063,68.875,
59991019815003,276.999551085,200.3,18035834880,55541911552,105,1852.0,12.6,28795273216,72205983744,100,16167337984,1233240064,69.0,52.057,68.875,
59991074956908,277.05469299,199.5,18035834880,55541911552,105,1844.0,10.5,28799143936,72202113024,100,16167337984,1233240064,68.0,52.059,68.875,
59991128889844,277.108625926,204.0,18035834880,55541911552,105,1850.0,34.7,28799385600,72201871360,100,16167337984,1233240064,68.0,52.053,68.875,
59991182944909,277.162680991,203.5,18035834880,55541911552,105,1830.0,16.9,28794482688,72206774272,100,16167337984,1233240064,68.0,52.063,68.875,
59991236886421,277.216622503,222.4,18035838976,55541911552,105,1813.0,11.8,28794712064,72206544896,100,16167337984,1233240064,68.0,52.035,68.875,
59991290919836,277.270655918,203.4,18035838976,55541911552,105,1814.0,9.9,28794589184,72206667776,100,16167337984,1233240064,68.0,52.057,68.875,
59991344847923,277.324584005,204.3,18035838976,55541911552,105,1839.0,12.2,28794589184,72206667776,100,16167337984,1233240064,68.0,52.039,68.875,
59991398962520,277.378698602,202.8,18035843072,55541911552,105,1882.0,10.9,28794589184,72206667776,100,16167337984,1233240064,68.0,52.055,68.875,
59991452791230,277.432527312,223.5,18035843072,55541911552,105,1827.0,11.9,28794589184,72206667776,100,16167337984,1233240064,68.0,52.046,68.875,
59991506814886,277.486550968,203.5,18035843072,55541911552,105,1875.0,10.4,28795072512,72206184448,100,16167337984,1233240064,69.0,52.056,68.875,
59991560892884,277.540628966,203.4,18035847168,55541911552,105,1855.0,11.0,28795072512,72206184448,100,16167337984,1233240064,68.0,52.054,68.875,
59991614828374,277.594564456,203.9,18035847168,55541911552,105,1858.0,11.1,28795072512,72206184448,100,16167337984,1233240064,68.0,52.053,68.875,
59991668837613,277.648573695,203.7,18035847168,55541911552,105,1856.0,10.5,28795072512,72206184448,100,16167337984,1233240064,68.0,52.056,68.875,
59991722945297,277.702681379,221.7,18035847168,55541911552,105,1859.0,12.1,28795301888,72205955072,100,16167337984,1233240064,68.0,52.046,68.875,
59991776869386,277.756605468,204.3,18035847168,55541911552,105,1875.0,9.4,28795531264,72205725696,100,16167337984,1233240064,68.0,52.052,68.875,
59991829827081,277.809563163,207.6,18035851264,55541911552,105,1885.0,13.5,28795375616,72205881344,100,16167337984,1233240064,68.0,52.039,68.875,
59991883927852,277.863663934,203.2,18035851264,55541911552,105,1831.0,13.3,28792139776,72209117184,100,16167337984,1233240064,68.0,52.058,68.875,
59991937785176,277.917521258,204.2,18035851264,55541911552,105,1819.0,13.5,28792655872,72208601088,100,16167337984,1233240064,68.0,52.033,68.875,
59991991834249,277.971570331,203.6,18035851264,55541911552,105,1830.0,10.5,28792295424,72208961536,100,16167337984,1233240064,68.0,52.054,68.875,
59992045769098,278.02550518,203.8,18035855360,55541911552,105,1828.0,12.1,28792295424,72208961536,100,16167337984,1233240064,68.0,52.036,68.875,
59992099958265,278.079694347,221.1,18035855360,55541911552,105,1843.0,12.1,28791037952,72210219008,100,16167337984,1233240064,68.0,52.053,68.875,
59992153958197,278.133694279,204.1,18035855360,55541911552,105,1799.0,12.9,28791037952,72210219008,100,16167337984,1233240064,68.0,52.04,68.875,
59992207837622,278.187573704,204.2,18035855360,55541911552,105,1890.0,9.9,28790669312,72210587648,100,16167337984,1233240064,68.0,52.053,68.875,
59992262852738,278.24258882,218.0,18035855360,55541911552,105,1791.0,13.1,28790661120,72210595840,100,16167337984,1233240064,68.0,52.049,68.875,
59992316863280,278.296599362,203.7,18035855360,55541911552,105,1846.0,9.9,28790661120,72210595840,100,16167337984,1233240064,69.0,52.052,68.875,
59992370891985,278.350628067,203.4,18035855360,55541911552,105,1832.0,12.1,28790398976,72210857984,100,16167337984,1233240064,68.0,52.057,68.875,
59992424841742,278.404577824,204.0,18035859456,55541911552,105,1901.0,12.2,28790169600,72211087360,100,16167337984,1233240064,68.0,52.05,68.875,
59992478863515,278.458599597,203.5,18035859456,55541911552,105,1813.0,11.0,28789911552,72211345408,100,16167337984,1233240064,68.0,52.053,68.875,
59992533949604,278.513685686,217.9,18035859456,55541911552,105,1852.0,12.0,28789911552,72211345408,100,16167337984,1233240064,68.0,52.041,68.875,
59992587967068,278.56770315,203.5,18035863552,55541911552,105,1884.0,9.8,28789911552,72211345408,100,16167337984,1233240064,68.0,52.049,68.875,
59992641899222,278.621635304,204.1,18035863552,55541911552,105,1946.0,11.7,28789882880,72211374080,100,16167337984,1233240064,69.0,52.034,68.875,
59992695900696,278.675636778,222.2,18035863552,55541911552,105,1872.0,9.8,28789882880,72211374080,100,16167337984,1233240064,68.0,52.054,68.875,
59992749813865,278.729549947,204.1,18035863552,55541911552,105,1894.0,11.7,28789882880,72211374080,100,16167337984,1233240064,68.0,52.034,68.875,
59992803773951,278.783510033,203.8,18035863552,55541911552,105,1836.0,10.4,28790112256,72211144704,100,16167337984,1233240064,68.0,52.054,68.875,
59992857895090,278.837631172,221.8,18035863552,55541911552,105,1925.0,13.3,28788961280,72212295680,100,16167337984,1233240064,68.0,52.043,68.875,
59992911937581,278.891673663,185.0,18035863552,55541911552,105,1891.0,9.9,28788408320,72212848640,100,16167337984,1233240064,68.0,52.059,68.875,
59992965945006,278.945681088,222.4,18035867648,55541911552,105,1870.0,10.5,28788408320,72212848640,100,16167337984,1233240064,68.0,52.046,68.875,
59993018848389,278.998584471,189.0,18035867648,55541911552,105,1876.0,8.9,28789149696,72212107264,100,16167337984,1233240064,68.0,52.06,68.875,
59993071832052,279.051568134,207.5,18035867648,55541911552,105,1854.0,11.2,28789919744,72211337216,100,16167337984,1233240064,68.0,52.057,68.875,
59993124925833,279.104661915,207.0,18035871744,55541911552,105,1867.0,9.9,28789510144,72211746816,100,16167337984,1233240064,68.0,52.058,68.875,
59993184015326,279.163751408,220.0,18035871744,55541911552,105,1848.0,11.2,28789510144,72211746816,100,16167337984,1233240064,68.0,52.052,68.875,
59993241150171,279.220886253,997.6,18035888128,55541911552,105,1764.0,37.7,28789510144,72211746816,100,16167337984,1233240064,68.0,52.055,68.875,
59993294882741,279.274618823,204.7,18035888128,55541911552,105,1847.0,8.1,28789510144,72211746816,100,16167337984,1233240064,68.0,52.059,68.875,
59993349992164,279.329728246,235.9,18035888128,55541911552,105,1818.0,11.0,28789510144,72211746816,100,16167337984,1233240064,69.0,52.046,68.875,
59993403992927,279.383729009,203.6,18035888128,55541911552,105,1844.0,9.9,28789108736,72212148224,100,16167337984,1233240064,68.0,52.054,68.875,
59993457896547,279.437632629,185.6,18035888128,55541911552,105,1860.0,9.9,28789108736,72212148224,100,16167337984,1233240064,69.0,52.04,68.875,
59993511944769,279.491680851,203.5,18035888128,55541911552,105,1857.0,9.2,28789108736,72212148224,100,16167337984,1233240064,68.0,52.057,68.875,
59993565798785,279.545534867,222.9,18035888128,55541911552,105,1859.0,10.5,28789338112,72211918848,100,16167337984,1233240064,68.0,52.035,68.875,
59993619899886,279.599635968,203.3,18035888128,55541911552,105,1873.0,9.3,28789338112,72211918848,100,16167337984,1233240064,68.0,52.058,68.875,
59993673888055,279.653624137,203.7,18035896320,55541911552,105,1829.0,11.0,28789567488,72211689472,100,16167337984,1233240064,68.0,52.039,68.875,
59993727916810,279.707652892,203.7,18035896320,55541911552,105,1893.0,8.7,28789796864,72211460096,100,16167337984,1233240064,68.0,52.056,68.875,
59993781913114,279.761649196,222.4,18035896320,55541911552,105,1850.0,11.0,28790026240,72211230720,100,16167337984,1233240064,68.0,52.045,68.875,
59993835925738,279.81566182,203.5,18035896320,55541911552,105,1894.0,10.1,28790280192,72210976768,100,16167337984,1233240064,69.0,52.058,68.875,
59993889909499,279.869645581,203.7,18035896320,55541911552,105,1910.0,14.5,28789747712,72211509248,100,16167337984,1233240064,68.0,52.066,68.875,
59993943940187,279.923676269,203.7,18035896320,55541911552,105,1938.0,9.3,28789501952,72211755008,100,16167337984,1233240064,69.0,52.058,68.875,
59993996875350,279.976611432,207.9,18035896320,55541911552,105,1914.0,10.1,28789501952,72211755008,100,16167337984,1233240064,68.0,52.064,68.75,
59994049803549,280.029539631,207.8,18035896320,55541911552,105,1891.0,10.1,28787576832,72213680128,100,16167337984,1233240064,68.0,52.048,68.75,
59994102944598,280.08268068,206.8,18035896320,55541911552,105,1896.0,7.6,28787548160,72213708800,100,16167337984,1233240064,68.0,52.057,68.75,
59994156905926,280.136642008,203.6,18035896320,55541911552,105,1913.0,11.0,28787548160,72213708800,100,16167337984,1233240064,68.0,52.042,68.75,
59994211052743,280.190788825,203.4,18035900416,55541911552,105,1874.0,9.3,28787777536,72213479424,100,16167337984,1233240064,68.0,52.061,68.75,
59994264821029,280.244557111,223.3,18035904512,55541911552,105,1906.0,10.0,28785631232,72215625728,100,16167337984,1233240064,68.0,52.04,68.75,
59994317879923,280.297616005,188.5,18035904512,55541911552,105,1908.0,8.9,28785631232,72215625728,100,16167337984,1233240064,68.0,52.059,68.75,
59994370921015,280.350657097,207.1,18035904512,55541911552,105,1892.0,11.0,28785631232,72215625728,100,16167337984,1233240064,68.0,52.044,68.75,
59994424945091,280.404681173,203.8,18035904512,55541911552,105,1906.0,8.1,28784386048,72216870912,100,16167337984,1233240064,69.0,52.06,68.875,
59994479951140,280.459687222,199.8,18035904512,55541911552,105,1861.0,10.8,28781035520,72220221440,100,16167337984,1233240064,68.0,52.047,68.875,
59994534027614,280.513763696,221.9,18035904512,55541911552,105,1884.0,9.2,28781289472,72219967488,100,16167337984,1233240064,68.0,52.058,68.875,
59994587965768,280.56770185,203.8,18035904512,55541911552,105,1857.0,10.5,28781518848,72219738112,100,16167337984,1233240064,68.0,52.057,68.875,
59994644049961,280.623786043,214.0,18035904512,55541911552,105,1900.0,10.1,28781256704,72220000256,100,16167337984,1233240064,69.0,52.054,68.875,
59994697979710,280.677715792,203.9,18035904512,55541911552,105,1850.0,11.4,28780994560,72220262400,100,16167337984,1233240064,68.0,52.06,68.875,
59994751974751,280.731710833,222.1,18035908608,55541911552,105,1856.0,10.5,28780994560,72220262400,100,16167337984,1233240064,68.0,52.049,68.875,
59994807045080,280.786781162,199.9,18035912704,55541911552,105,1861.0,10.7,28781223936,72220033024,100,16167337984,1233240064,68.0,52.058,68.875,
59994860996780,280.840732862,203.9,18035912704,55541911552,105,1805.0,15.4,28782219264,72219037696,100,16165240832,1233240064,68.0,52.041,68.875,
59994915064258,280.89480034,203.5,18035912704,55541911552,105,1826.0,11.1,28781268992,72219987968,100,16165240832,1233240064,68.0,52.056,68.875,
59994969186989,280.948923071,203.2,18035912704,55541911552,105,1844.0,11.8,28781498368,72219758592,100,16165240832,1233240064,68.0,52.034,68.875,
59995022966465,281.002702547,204.5,18035912704,55541911552,105,1835.0,10.5,28781727744,72219529216,100,16165240832,1233240064,68.0,52.057,68.875,
59995076870696,281.056606778,222.6,18035912704,55541911552,105,1800.0,12.8,28781727744,72219529216,100,16165240832,1233240064,68.0,52.039,68.875,
59995131095809,281.110831891,202.5,18035912704,55541911552,105,1838.0,10.9,28781727744,72219529216,100,16165240832,1233240064,68.0,52.054,68.875,
59995185073258,281.16480934,204.2,18035912704,55541911552,105,1777.0,14.0,28781465600,72219791360,100,16165240832,1233240064,68.0,52.045,68.875,
59995239077356,281.218813438,203.7,18035912704,55541911552,105,1821.0,10.5,28781694976,72219561984,100,16165240832,1233240064,68.0,52.056,68.875,
59995293044305,281.272780387,203.7,18035916800,55541911552,105,1808.0,12.4,28781694976,72219561984,100,16165240832,1233240064,68.0,52.055,68.875,
59995348047959,281.327784041,218.3,18035916800,55541911552,105,1839.0,10.6,28781924352,72219332608,100,16165240832,1233240064,69.0,52.05,68.875,
59995402030948,281.38176703,203.7,18035920896,55541911552,105,1800.0,12.9,28781924352,72219332608,100,16165240832,1233240064,69.0,52.055,68.875,
59995457062494,281.436798576,200.0,18035920896,55541911552,105,1807.0,11.8,28781924352,72219332608,100,16165240832,1233240064,69.0,52.044,68.75,
59995511073606,281.490809688,203.6,18035920896,55541911552,105,1859.0,9.9,28781924352,72219332608,100,16165240832,1233240064,68.0,52.053,68.75,
59995565066593,281.544802675,222.2,18035920896,55541911552,105,1801.0,13.1,28781924352,72219332608,100,16165240832,1233240064,68.0,52.034,68.75,
59995620062763,281.599798845,218.2,18035924992,55541911552,105,1826.0,9.9,28781924352,72219332608,100,16165240832,1233240064,68.0,52.054,68.75,
59995674016296,281.653752378,203.7,18035924992,55541911552,105,1847.0,12.5,28781924352,72219332608,100,16165240832,1233240064,68.0,52.03,68.75,
59995729119587,281.708855669,199.6,18035924992,55541911552,105,1833.0,10.0,28781924352,72219332608,100,16165240832,1233240064,69.0,52.055,68.75,
59995782965428,281.76270151,204.3,18035924992,55541911552,105,1807.0,12.2,28781924352,72219332608,100,16165240832,1233240064,68.0,52.035,68.75,
59995836980647,281.816716729,204.0,18035929088,55541911552,105,1830.0,12.5,28782153728,72219103232,100,16165240832,1233240064,68.0,52.059,68.75,
59995889953469,281.869689551,207.5,18035929088,55541911552,105,1794.0,14.7,28782153728,72219103232,100,16165240832,1233240064,68.0,52.051,68.75,
59995943344527,281.923080609,224.7,18035929088,55541911552,105,1883.0,8.9,28782153728,72219103232,100,16165240832,1233240064,69.0,52.067,68.875,
59995999101124,281.978837206,197.3,18035933184,55541911552,105,1785.0,13.5,28782153728,72219103232,100,16165240832,1233240064,68.0,52.059,68.875,
59996052089606,282.031825688,188.7,18035933184,55541911552,105,1861.0,11.8,28781891584,72219365376,100,16165240832,1233240064,69.0,52.063,68.875,
59996105036019,282.084772101,207.8,18035933184,55541911552,105,1841.0,10.7,28781891584,72219365376,100,16165240832,1233240064,68.0,52.066,68.875,
59996158160887,282.137896969,207.1,18035933184,55541911552,105,1850.0,13.5,28781891584,72219365376,100,16165240832,1233240064,68.0,52.056,68.875,
59996211372678,282.19110876,225.4,18035933184,55541911552,105,1812.0,9.5,28781629440,72219627520,100,16165240832,1233240064,68.0,52.059,68.875,
59996264926761,282.244662843,206.0,18035933184,55541911552,105,1808.0,13.0,28781629440,72219627520,100,16165240832,1233240064,69.0,52.043,68.75,
59996317931684,282.297667766,188.2,18035933184,55541911552,105,1831.0,9.9,28781858816,72219398144,100,16165240832,1233240064,68.0,52.061,68.875,
59996374534279,282.354270361,212.0,18035937280,55541911552,105,1811.0,14.4,28781858816,72219398144,100,16165240832,1233240064,68.0,52.04,68.75,
59996428071961,282.407808043,205.5,18035937280,55541911552,105,1816.0,11.6,28781596672,72219660288,100,16165240832,1233240064,68.0,52.062,68.875,
59996481042039,282.460778121,207.8,18035937280,55541911552,105,1837.0,11.4,28781596672,72219660288,100,16165240832,1233240064,68.0,52.042,68.875,
59996534187956,282.513924038,206.3,18035941376,55541911552,105,1865.0,10.5,28781596672,72219660288,100,16165240832,1233240064,68.0,52.059,68.875,
59996587955319,282.567691401,205.5,18035941376,55541911552,105,1839.0,12.0,28781596672,72219660288,100,16165240832,1233240064,68.0,52.05,68.875,
59996640936697,282.620672779,207.6,18035941376,55541911552,105,1833.0,10.7,28781596672,72219660288,100,16165240832,1233240064,69.0,52.058,68.875,
59996693134234,282.672870316,191.2,18035941376,55541911552,105,1809.0,10.7,28781596672,72219660288,100,16165240832,1233240064,68.0,52.062,68.875,
59996746164094,282.725900176,207.4,18035941376,55541911552,105,1861.0,11.8,28782112768,72219144192,100,16165240832,1233240064,68.0,52.051,68.875,
59996799204362,282.778940444,226.2,18035941376,55541911552,105,1855.0,9.5,28782112768,72219144192,100,16165240832,1233240064,68.0,52.056,68.875,
59996853024996,282.832761078,204.8,18035941376,55541911552,105,1804.0,14.6,28781854720,72219402240,100,16165240832,1233240064,68.0,52.042,68.875,
59996906197332,282.885933414,206.4,18035945472,55541911552,105,1814.0,12.3,28781805568,72219451392,100,16165240832,1233240064,68.0,52.058,68.875,
59996959928298,282.93966438,186.2,18035949568,55541911552,105,1835.0,12.9,28782469120,72218787840,100,16165240832,1233240064,68.0,52.035,68.875,
59997015029304,282.994765386,999.0,18035957760,55541911552,105,1896.0,34.3,28782469120,72218787840,100,16165240832,1233240064,68.0,52.057,68.875,
59997068022003,283.047758085,207.7,18035957760,55541911552,105,1867.0,10.6,28785049600,72216207360,100,16165240832,1233240064,68.0,52.043,68.875,
59997120948419,283.100684501,207.8,18035957760,55541911552,105,1946.0,8.4,28785049600,72216207360,100,16165240832,1233240064,69.0,52.059,68.875,
59997176018417,283.155754499,218.0,18035957760,55541911552,105,1862.0,10.8,28785049600,72216207360,100,16165240832,1233240064,68.0,52.05,68.875,
59997227967638,283.20770372,192.4,18035957760,55541911552,105,1912.0,9.0,28785049600,72216207360,100,16165240832,1233240064,69.0,52.053,68.875,
59997280025994,283.259762076,211.3,18035961856,55541911552,105,1837.0,10.2,28785049600,72216207360,100,16165240832,1233240064,68.0,52.057,68.875,
59997335039847,283.314775929,199.9,18035965952,55541911552,105,1990.0,9.1,28785278976,72215977984,100,16165240832,1233240064,69.0,52.052,68.875,
59997387913503,283.367649585,227.0,18035965952,55541911552,105,1955.0,9.9,28785762304,72215494656,100,16165240832,1233240064,68.0,52.056,68.875,
59997441073837,283.420809919,187.8,18035965952,55541911552,105,1864.0,9.9,28785762304,72215494656,100,16165240832,1233240064,68.0,52.037,68.875,
59997495140291,283.474876373,203.5,18035965952,55541911552,105,1908.0,9.3,28785991680,72215265280,100,16165240832,1233240064,68.0,52.051,68.875,
59997550211251,283.529947333,199.7,18035965952,55541911552,105,1927.0,10.3,28785991680,72215265280,100,16165240832,1233240064,68.0,52.037,68.875,
59997604071318,283.5838074,222.9,18035965952,55541911552,105,1891.0,9.2,28786221056,72215035904,100,16165240832,1233240064,69.0,52.056,68.875,
59997658034689,283.637770771,203.8,18035965952,55541911552,105,1940.0,9.4,28786221056,72215035904,100,16165240832,1233240064,68.0,52.035,68.875,
59997711205312,283.690941394,206.9,18035965952,55541911552,105,1906.0,9.4,28786221056,72215035904,100,16165240832,1233240064,68.0,52.055,68.875,
59997765252851,283.744988933,203.4,18035965952,55541911552,105,1887.0,9.8,28786221056,72215035904,100,16165240832,1233240064,68.0,52.038,68.875,
59997819211413,283.798947495,203.7,18035970048,55541911552,105,1845.0,9.8,28786196480,72215060480,100,16165240832,1233240064,68.0,52.059,68.875,
59997873448017,283.853184099,203.0,18035974144,55541911552,105,1911.0,13.4,28786196480,72215060480,100,16165240832,1233240064,68.0,52.056,68.875,
59997927170857,283.906906939,223.4,18035974144,55541911552,105,1949.0,9.4,28786397184,72214859776,100,16163143680,1233240064,69.0,52.069,68.875,
59997981130741,283.960866823,203.9,18035974144,55541911552,105,1926.0,10.5,28786397184,72214859776,100,16163143680,1233240064,68.0,52.064,68.875,
59998036146678,284.01588276,199.9,18035974144,55541911552,105,1924.0,8.5,28786393088,72214863872,100,16163143680,1233240064,69.0,52.064,68.875,
59998090071717,284.069807799,203.9,18035974144,55541911552,105,1896.0,9.3,28786393088,72214863872,100,16163143680,1233240064,68.0,52.069,68.875,
59998144130377,284.123866459,203.4,18035974144,55541911552,105,1896.0,9.3,28786393088,72214863872,100,16163143680,1233240064,69.0,52.061,68.875,
59998198180290,284.177916372,221.9,18035974144,55541911552,105,1850.0,9.7,28785868800,72215388160,100,16163143680,1233240064,68.0,52.068,68.875,
59998253089556,284.232825638,200.5,18035974144,55541911552,105,1880.0,10.3,28785868800,72215388160,100,16163143680,1233240064,69.0,52.054,68.875,
59998307269183,284.287005265,221.4,18035974144,55541911552,105,1881.0,9.7,28786327552,72214929408,100,16163143680,1233240064,68.0,52.062,68.875,
59998362121733,284.341857815,200.5,18035974144,55541911552,105,1882.0,11.2,28786327552,72214929408,100,16163143680,1233240064,68.0,52.047,68.875,
59998418326771,284.398062853,195.9,18035982336,55541911552,105,1894.0,9.7,28786327552,72214929408,100,16163143680,1233240064,68.0,52.061,68.875,
59998474462329,284.454198411,231.4,18035982336,55541911552,105,1886.0,11.7,28786556928,72214700032,100,16163143680,1233240064,68.0,52.045,68.875,
59998529149288,284.50888537,201.3,18035982336,55541911552,105,1861.0,9.7,28785008640,72216248320,100,16163143680,1233240064,68.0,52.062,68.875,
59998584185532,284.563921614,199.8,18035982336,55541911552,105,1869.0,10.9,28785238016,72216018944,100,16163143680,1233240064,68.0,52.042,68.875,
59998638060256,284.617796338,222.8,18035982336,55541911552,105,1862.0,9.1,28785033216,72216223744,100,16163143680,1233240064,68.0,52.062,68.875,
59998694326319,284.674062401,213.2,18035982336,55541911552,105,1927.0,10.2,28785033216,72216223744,100,16163143680,1233240064,68.0,52.041,68.875,
59998748142353,284.727878435,204.5,18035982336,55541911552,105,1855.0,9.2,28785033216,72216223744,100,16163143680,1233240064,68.0,52.062,68.875,
59998806178377,284.785914459,206.7,18035982336,55541911552,105,1860.0,10.9,28785033216,72216223744,100,16163143680,1233240064,68.0,52.044,68.875,
59998860325783,284.840061865,221.5,18035982336,55541911552,105,1853.0,12.8,28785033216,72216223744,100,16167337984,1233240064,68.0,52.065,68.875,
59998914053291,284.893789373,204.8,18035982336,55541911552,105,1868.0,13.2,28783681536,72217575424,100,16167337984,1233240064,68.0,52.057,68.875,
59998968204435,284.947940517,203.2,18035986432,55541911552,105,1876.0,11.1,28783419392,72217837568,100,16167337984,1233240064,68.0,52.071,68.875,
59999022081563,285.001817645,204.2,18035990528,55541911552,105,1807.0,12.8,28783673344,72217583616,100,16167337984,1233240064,68.0,52.064,68.875,
59999076232206,285.055968288,203.2,18035990528,55541911552,105,1921.0,11.6,28787286016,72213970944,100,16167337984,1233240064,68.0,52.066,68.875,
59999130213239,285.109949321,222.1,18035990528,55541911552,105,1861.0,34.9,28787531776,72213725184,100,16167337984,1233240064,68.0,52.079,68.875,
59999184205294,285.163941376,203.8,18035990528,55541911552,105,1854.0,18.0,28782370816,72218886144,100,16167337984,1233240064,68.0,52.047,68.75,
59999238139350,285.217875432,204.0,18035990528,55541911552,105,1855.0,8.7,28782747648,72218509312,100,16167337984,1233240064,68.0,52.062,68.75,
59999292244867,285.271980949,203.2,18035990528,55541911552,105,1801.0,12.2,28783271936,72217985024,100,16167337984,1233240064,68.0,52.039,68.75,
59999347145637,285.326881719,200.3,18035990528,55541911552,105,1793.0,10.9,28783271936,72217985024,100,16167337984,1233240064,68.0,52.064,68.875,
59999401052372,285.380788454,204.0,18035990528,55541911552,105,1817.0,13.5,28783271936,72217985024,100,16167337984,1233240064,68.0,52.044,68.875,
59999455234563,285.434970645,221.5,18035994624,55541911552,105,1816.0,10.9,28783529984,72217726976,100,16167337984,1233240064,68.0,52.062,68.875,
59999509140285,285.488876367,204.2,18036002816,55541911552,105,1838.0,11.6,28784046080,72217210880,100,16167337984,1233240064,68.0,52.045,68.875,
59999563291258,285.54302734,203.1,18036006912,55541911552,105,1886.0,9.2,28784046080,72217210880,100,16167337984,1233240064,69.0,52.063,68.875,
59999617444344,285.597180426,202.8,18036006912,55541911552,105,1823.0,13.1,28784570368,72216686592,100,16167337984,1233240064,68.0,52.052,68.875,
59999672251558,285.65198764,219.2,18036006912,55541911552,105,1845.0,11.0,28784799744,72216457216,100,16167337984,1233240064,69.0,52.061,68.875,
59999726157160,285.705893242,185.5,18036006912,55541911552,105,1832.0,11.1,28784799744,72216457216,100,16167337984,1233240064,68.0,52.061,68.875,
59999781276310,285.761012392,236.0,18036006912,55541911552,105,1847.0,12.4,28784799744,72216457216,100,16167337984,1233240064,69.0,52.056,68.875,
59999834258519,285.813994601,188.7,18036006912,55541911552,105,1827.0,11.3,28785057792,72216199168,100,16167337984,1233240064,68.0,52.064,68.875,
59999888223963,285.867960045,203.8,18036006912,55541911552,105,1814.0,14.5,28783632384,72217624576,100,16167337984,1233240064,68.0,52.052,68.875,
59999942215787,285.921951869,203.8,18036006912,55541911552,105,1814.0,9.8,28783632384,72217624576,100,16167337984,1233240064,68.0,52.057,68.875,
59999996155042,285.975891124,203.9,18036006912,55541911552,105,1829.0,12.1,28783861760,72217395200,100,16167337984,1233240064,68.0,52.04,68.875,
60000050251252,286.029987334,222.0,18036006912,55541911552,105,1811.0,9.3,28783861760,72217395200,100,16167337984,1233240064,69.0,52.059,68.875,
60000103285979,286.083022061,207.3,18036011008,55541911552,105,1817.0,12.9,28782845952,72218411008,100,16167337984,1233240064,68.0,52.037,68.875,
60000157232097,286.136968179,204.0,18036015104,55541911552,105,1838.0,9.9,28782845952,72218411008,100,16167337984,1233240064,69.0,52.059,68.875,
60000211110959,286.190847041,204.1,18036015104,55541911552,105,1814.0,11.8,28782845952,72218411008,100,16167337984,1233240064,68.0,52.04,68.875,
60000265229140,286.244965222,203.0,18036015104,55541911552,105,1864.0,10.9,28782845952,72218411008,100,16167337984,1233240064,68.0,52.057,68.875,
60000319097973,286.298834055,204.4,18036015104,55541911552,105,1847.0,11.2,28781555712,72219701248,100,16167337984,1233240064,68.0,52.046,68.875,
60000373258353,286.352994435,221.6,18036015104,55541911552,105,1868.0,11.0,28781555712,72219701248,100,16167337984,1233240064,68.0,52.059,68.875,
60000427194222,286.406930304,203.9,18036015104,55541911552,105,1823.0,11.6,28781555712,72219701248,100,16167337984,1233240064,68.0,52.055,68.875,
60000481358449,286.461094531,203.1,18036015104,55541911552,105,1851.0,11.0,28781555712,72219701248,100,16167337984,1233240064,69.0,52.055,68.875,
60000535258571,286.514994653,204.1,18036015104,55541911552,105,1853.0,11.6,28781555712,72219701248,100,16167337984,1233240064,68.0,52.058,68.875,
60000589225748,286.56896183,222.3,18036019200,55541911552,105,1844.0,12.1,28777713664,72223543296,100,16167337984,1233240064,69.0,52.047,68.875,
60000643254070,286.622990152,203.6,18036019200,55541911552,105,1835.0,10.9,28777938944,72223318016,100,16167337984,1233240064,67.0,52.04,68.875,
60000701009096,286.680745178,779.1,18036023296,55541911552,105,1917.0,36.2,28777938944,72223318016,100,16167337984,1233240064,68.0,52.043,68.875,
60000759237912,286.738973994,498.0,18036023296,55541911552,105,1845.0,13.5,28777938944,72223318016,100,16167337984,1233240064,68.0,52.059,68.875,
60000812290713,286.792026795,226.3,18036023296,55541911552,105,1846.0,12.0,28778168320,72223088640,100,16167337984,1233240064,68.0,52.034,68.875,
60000868384662,286.848120744,196.0,18036023296,55541911552,105,1793.0,13.8,28778422272,72222834688,100,16167337984,1233240064,68.0,52.062,68.875,
60000922316803,286.902052885,203.9,18036023296,55541911552,105,1874.0,11.7,28776222720,72225034240,100,16167337984,1233240064,68.0,52.044,68.875,
60000976363790,286.956099872,203.6,18036023296,55541911552,105,1843.0,9.8,28776222720,72225034240,100,16167337984,1233240064,68.0,52.062,68.875,
60001030229898,287.00996598,222.7,18036023296,55541911552,105,1847.0,10.6,28775833600,72225423360,100,16167337984,1233240064,68.0,52.049,68.875,
60001084350072,287.064086154,203.3,18036023296,55541911552,105,1869.0,9.9,28777611264,72223645696,100,16167337984,1233240064,68.0,52.064,68.875,
60001138240796,287.117976878,204.1,18036023296,55541911552,105,1847.0,12.1,28781740032,72219516928,100,16167337984,1233240064,68.0,52.054,68.875,
60001192294396,287.172030478,222.0,18036023296,55541911552,105,1887.0,9.9,28781969408,72219287552,100,16167337984,1233240064,68.0,52.058,68.875,
60001246391627,287.226127709,203.3,18036023296,55541911552,105,1862.0,10.4,28782198784,72219058176,100,16167337984,1233240064,68.0,52.063,68.875,
60001300296136,287.280032218,204.1,18036023296,55541911552,105,1879.0,9.4,28782657536,72218599424,100,16167337984,1233240064,69.0,52.055,68.875,
60001357274776,287.337010858,210.6,18036027392,55541911552,105,1848.0,9.9,28780298240,72220958720,100,16167337984,1233240064,68.0,52.063,68.875,
60001411277540,287.391013622,203.7,18036027392,55541911552,105,1862.0,11.0,28780294144,72220962816,100,16167337984,1233240064,69.0,52.051,68.875,
60001465273301,287.445009383,203.7,18036027392,55541911552,105,1842.0,8.7,28780294144,72220962816,100,16167337984,1233240064,68.0,52.059,68.875,
60001519199330,287.498935412,203.9,18036027392,55541911552,105,1880.0,10.4,28776845312,72224411648,100,16167337984,1233240064,68.0,52.04,68.875,
60001573270232,287.553006314,203.7,18036027392,55541911552,105,1875.0,9.3,28777041920,72224215040,100,16167337984,1233240064,68.0,52.059,68.875,
60001626224127,287.605960209,226.7,18036027392,55541911552,105,1868.0,10.1,28776984576,72224272384,100,16167337984,1233240064,68.0,52.036,68.875,
60001679178113,287.658914195,207.7,18036027392,55541911552,105,1834.0,8.3,28777213952,72224043008,100,16167337984,1233240064,68.0,52.06,68.875,
60001732186570,287.711922652,188.6,18036027392,55541911552,105,1877.0,9.9,28776927232,72224329728,100,16167337984,1233240064,68.0,52.04,68.875,
60001786275335,287.766011417,203.4,18036027392,55541911552,105,1863.0,8.8,28776640512,72224616448,100,16167337984,1233240064,68.0,52.058,68.875,
60001839280687,287.819016769,207.4,18036027392,55541911552,105,1824.0,14.6,28778160128,72223096832,100,16167337984,1233240064,68.0,52.053,68.875,
60001893274103,287.873010185,222.2,18036031488,55541911552,105,1840.0,12.7,28778389504,72222867456,100,16167337984,1233240064,69.0,52.061,68.875,
60001947234017,287.926970099,204.0,18036031488,55541911552,105,1851.0,9.9,28775071744,72226185216,100,16167337984,1233240064,68.0,52.064,68.875,
60002000316203,287.980052285,188.4,18036031488,55541911552,105,1842.0,8.9,28774449152,72226807808,100,16167337984,1233240064,69.0,52.062,68.875,
60002057222125,288.036958207,228.4,18036031488,55541911552,105,1850.0,10.4,28774907904,72226349056,100,16167337984,1233240064,68.0,52.066,69.0,
60002110230372,288.089966454,188.7,18036031488,55541911552,105,1871.0,9.5,28773662720,72227594240,100,16167337984,1233240064,69.0,52.056,69.0,
60002163276470,288.143012552,207.2,18036031488,55541911552,105,1850.0,8.2,28774146048,72227110912,100,16167337984,1233240064,68.0,52.061,69.0,
60002217308780,288.197044862,203.5,18036031488,55541911552,105,1830.0,11.0,28774146048,72227110912,100,16167337984,1233240064,69.0,52.046,69.0,
60002271363501,288.251099583,203.5,18036031488,55541911552,105,1784.0,9.2,28774604800,72226652160,100,16167337984,1233240064,68.0,52.061,69.0,
60002325312664,288.305048746,222.2,18036031488,55541911552,105,1840.0,11.5,28775112704,72226144256,100,16167337984,1233240064,68.0,52.039,69.0,
60002379372615,288.359108697,203.7,18036031488,55541911552,105,1867.0,9.9,28775342080,72225914880,100,16167337984,1233240064,68.0,52.064,69.0,
60002433230938,288.41296702,204.2,18036031488,55541911552,105,1855.0,10.5,28772880384,72228376576,100,16167337984,1233240064,68.0,52.04,69.0,
60002487358325,288.467094407,203.2,18036031488,55541911552,105,1847.0,9.2,28773109760,72228147200,100,16167337984,1233240064,68.0,52.062,69.0,
60002541430539,288.521166621,221.9,18036031488,55541911552,105,1822.0,10.5,28767727616,72233529344,100,16167337984,1233240064,68.0,52.045,69.0,
60002595338374,288.575074456,204.1,18036031488,55541911552,105,1871.0,9.8,28767727616,72233529344,100,16167337984,1233240064,69.0,52.062,69.0,
60002650429501,288.630165583,199.4,18036031488,55541911552,105,1810.0,11.4,28767670272,72233586688,100,16167337984,1233240064,68.0,52.049,69.0,
60002704355069,288.684091151,204.2,18036031488,55541911552,105,1886.0,9.3,28768129024,72233127936,100,16167337984,1233240064,69.0,52.062,69.0,
60002770692302,288.750428384,211.0,18036031488,55541911552,105,1886.0,11.7,28768358400,72232898560,100,16167337984,1233240064,68.0,52.045,69.0,
60002825346238,288.80508232,237.9,18036031488,55541911552,105,1833.0,11.0,28771684352,72229572608,100,16167337984,1233240064,69.0,52.067,69.0,
60002882501057,288.862237139,192.4,18036035584,55541911552,105,1817.0,17.7,28777664512,72223592448,100,16167337984,1233240064,68.0,52.061,69.0,
60002936306700,288.916042782,223.0,18036035584,55541911552,105,1847.0,12.9,28777893888,72223363072,100,16167337984,1233240064,69.0,52.056,69.0,
60002990482338,288.97021842,203.0,18036039680,55541911552,105,1802.0,11.0,28777893888,72223363072,100,16167337984,1233240064,69.0,52.06,69.0,
60003044318820,289.024054902,204.4,18036039680,55541911552,105,1842.0,12.7,28778123264,72223133696,100,16167337984,1233240064,69.0,52.049,69.0,
60003098365546,289.078101628,203.5,18036039680,55541911552,105,1779.0,11.0,28780933120,72220323840,100,16167337984,1233240064,68.0,52.055,69.0,
60003152323816,289.132059898,203.9,18036039680,55541911552,105,1815.0,11.6,28781416448,72219840512,100,16167337984,1233240064,69.0,52.038,69.0,
60003206582580,289.186318662,221.1,18036039680,55541911552,105,1841.0,11.6,28781416448,72219840512,100,16167337984,1233240064,68.0,52.058,69.0,
60003261446249,289.241182331,200.5,18036039680,55541911552,105,1842.0,12.1,28780666880,72220590080,100,16167337984,1233240064,68.0,52.038,69.0,
60003315447239,289.295183321,203.7,18036039680,55541911552,105,1863.0,11.4,28780666880,72220590080,100,16167337984,1233240064,68.0,52.059,69.0,
60003370383324,289.350119406,218.4,18036039680,55541911552,105,1829.0,12.6,28781150208,72220106752,100,16167337984,1233240064,68.0,52.04,69.0,
60003424534456,289.404270538,202.8,18036039680,55541911552,105,1890.0,9.8,28781379584,72219877376,100,16167337984,1233240064,68.0,52.057,69.0,
60003479568825,289.459304907,200.2,18036043776,55541911552,105,1857.0,11.0,28781608960,72219648000,100,16167337984,1233240064,68.0,52.046,69.0,
60003533472903,289.513208985,204.1,18036047872,55541911552,105,1854.0,10.5,28781608960,72219648000,100,16167337984,1233240064,69.0,52.059,69.0,
60003588449514,289.568185596,218.2,18036047872,55541911552,105,1836.0,11.4,28781608960,72219648000,100,16167337984,1233240064,68.0,52.054,69.0,
60003642452948,289.62218903,203.8,18036047872,55541911552,105,1865.0,10.6,28781608960,72219648000,100,16167337984,1233240064,69.0,52.054,69.0,
60003696399185,289.676135267,203.8,18036047872,55541911552,105,1834.0,10.4,28781838336,72219418624,100,16167337984,1233240064,68.0,52.059,69.0,
60003750408491,289.730144573,203.7,18036047872,55541911552,105,1803.0,12.8,28781838336,72219418624,100,16167337984,1233240064,68.0,52.05,69.0,
60003804466007,289.784202089,221.9,18036047872,55541911552,105,1838.0,10.4,28782297088,72218959872,100,16167337984,1233240064,68.0,52.057,69.0,
60003858422473,289.838158555,204.0,18036051968,55541911552,105,1797.0,13.5,28782292992,72218963968,100,16167337984,1233240064,68.0,52.042,69.0,
60003912389609,289.892125691,203.8,18036051968,55541911552,105,1831.0,11.1,28782522368,72218734592,100,16167337984,1233240064,68.0,52.06,69.0,
60003966489625,289.946225707,221.8,18036051968,55541911552,105,1803.0,13.4,28782522368,72218734592,100,16167337984,1233240064,68.0,52.039,69.0,
60004020390106,290.000126188,204.1,18036056064,55541911552,105,1864.0,9.9,28782522368,72218734592,100,16167337984,1233240064,69.0,52.062,69.0,
60004079515574,290.059251656,202.9,18036060160,55541911552,105,1768.0,12.8,28782514176,72218742784,100,16167337984,1233240064,68.0,52.041,69.0,
60004133569262,290.113305344,222.0,18036060160,55541911552,105,1846.0,11.0,28782153728,72219103232,100,16167337984,1233240064,68.0,52.062,69.0,
60004188387306,290.168123388,200.8,18036060160,55541911552,105,1772.0,12.7,28782383104,72218873856,100,16167337984,1233240064,68.0,52.045,69.0,
60004242387654,290.222123736,203.8,18036060160,55541911552,105,1875.0,11.5,28781629440,72219627520,100,16167337984,1233240064,69.0,52.061,69.0,
60004297498076,290.277234158,217.6,18036060160,55541911552,105,1766.0,12.6,28781621248,72219635712,100,16167337984,1233240064,68.0,52.051,69.0,
60004351401934,290.331138016,204.1,18036060160,55541911552,105,1871.0,9.9,28781850624,72219406336,100,16167337984,1233240064,69.0,52.059,69.0,
60004405308226,290.385044308,204.1,18036060160,55541911552,105,1764.0,14.7,28780359680,72220897280,100,16167337984,1233240064,68.0,52.056,69.0,
60004462629958,290.44236604,994.3,18036072448,55541911552,105,1893.0,37.4,28780818432,72220438528,100,16167337984,1233240064,69.0,52.06,69.0,
60004516344170,290.496080252,204.7,18036072448,55541911552,105,1804.0,11.6,28781047808,72220209152,100,16167337984,1233240064,68.0,52.059,69.0,
60004570492165,290.550228247,203.1,18036072448,55541911552,105,1808.0,13.2,28781535232,72219721728,100,16167337984,1233240064,69.0,52.049,69.0,
60004626653910,290.606389992,213.6,18036072448,55541911552,105,1838.0,10.7,28781535232,72219721728,100,16167337984,1233240064,68.0,52.058,69.0,
60004680424206,290.660160288,223.3,18036072448,55541911552,105,1768.0,13.9,28781764608,72219492352,100,16167337984,1233240064,68.0,52.043,69.0,
60004734403024,290.714139106,203.8,18036072448,55541911552,105,1798.0,9.9,28781993984,72219262976,100,16167337984,1233240064,68.0,52.056,69.0,
60004789670000,290.769406082,198.9,18036076544,55541911552,105,1768.0,13.1,28782477312,72218779648,100,16167337984,1233240064,69.0,52.038,69.0,
60004843500539,290.823236621,204.4,18036076544,55541911552,105,1829.0,12.1,28778864640,72222392320,100,16167337984,1233240064,68.0,52.063,69.0,
60004897300181,290.877036263,204.5,18036076544,55541911552,105,1768.0,15.7,28779094016,72222162944,100,16167337984,1233240064,68.0,52.041,69.0,
60004951469797,290.931205879,203.1,18036076544,55541911552,105,1821.0,9.9,28779081728,72222175232,100,16167337984,1233240064,68.0,52.058,69.0,
60005006485381,290.986221463,218.1,18036076544,55541911552,105,1831.0,10.9,28779081728,72222175232,100,16167337984,1233240064,68.0,52.039,69.0,
60005060462886,291.040198968,203.4,18036080640,55541911552,105,1842.0,9.8,28779081728,72222175232,100,16167337984,1233240064,68.0,52.057,69.0,
60005116553558,291.09628964,232.2,18036080640,55541911552,105,1782.0,12.4,28781117440,72220139520,100,16167337984,1233240064,68.0,52.043,69.0,
60005170524521,291.150260603,203.8,18036080640,55541911552,105,1839.0,9.8,28781117440,72220139520,100,16167337984,1233240064,69.0,52.059,69.0,
60005224479143,291.204215225,185.3,18036080640,55541911552,105,1843.0,11.7,28781600768,72219656192,100,16167337984,1233240064,68.0,52.048,69.0,
60005278434658,291.25817074,203.8,18036080640,55541911552,105,1830.0,9.9,28781600768,72219656192,100,16167337984,1233240064,68.0,52.057,69.0,
60005332405571,291.312141653,222.3,18036084736,55541911552,105,1817.0,11.6,28781830144,72219426816,100,16167337984,1233240064,68.0,52.056,69.0,
60005386544419,291.366280501,203.2,18036084736,55541911552,105,1860.0,10.5,28782059520,72219197440,100,16167337984,1233240064,69.0,52.054,69.0,
60005440472221,291.420208303,203.9,18036084736,55541911552,105,1820.0,10.4,28782288896,72218968064,100,16167337984,1233240064,69.0,52.06,69.0,
60005495393137,291.475129219,200.4,18036084736,55541911552,105,1827.0,10.9,28782288896,72218968064,100,16167337984,1233240064,69.0,52.051,69.0,
60005549395479,291.529131561,222.1,18036084736,55541911552,105,1807.0,10.4,28782518272,72218738688,100,16167337984,1233240064,68.0,52.058,69.0,
60005605526255,291.585262337,213.8,18036088832,55541911552,105,1799.0,12.2,28779614208,72221642752,100,16167337984,1233240064,69.0,52.046,69.0,
60005659491257,291.639227339,203.8,18036088832,55541911552,105,1814.0,10.4,28779335680,72221921280,100,16167337984,1233240064,69.0,52.056,69.0,
60005713492386,291.693228468,222.2,18036088832,55541911552,105,1830.0,10.5,28779565056,72221691904,100,16167337984,1233240064,69.0,52.04,69.0,
60005767429426,291.747165508,204.0,18036088832,55541911552,105,1814.0,9.9,28779794432,72221462528,100,16167337984,1233240064,68.0,52.057,69.0,
60005821446144,291.801182226,203.6,18036088832,55541911552,105,1769.0,12.7,28779728896,72221528064,100,16167337984,1233240064,68.0,52.035,69.0,
60005875469456,291.855205538,185.1,18036088832,55541911552,105,1786.0,12.2,28779442176,72221814784,100,16163143680,1233240064,69.0,52.061,69.0,
60005929392418,291.9091285,204.0,18036092928,55541911552,105,1797.0,12.7,28777308160,72223948800,100,16163143680,1233240064,68.0,52.037,69.0,
60005983449373,291.963185455,221.8,18036092928,55541911552,105,1840.0,10.9,28776497152,72224759808,100,16163143680,1233240064,68.0,52.055,69.0,
60006037437758,292.01717384,203.9,18036092928,55541911552,105,1843.0,10.5,28776497152,72224759808,100,16163143680,1233240064,68.0,52.043,69.0,
60006091557590,292.071293672,203.4,18036092928,55541911552,105,1841.0,9.4,28776726528,72224530432,100,16163143680,1233240064,69.0,52.058,69.0,
60006145538993,292.125275075,203.6,18036097024,55541911552,105,1797.0,11.0,28776955904,72224301056,100,16165240832,1233240064,68.0,52.051,69.0,
60006199565901,292.179301983,222.3,18036097024,55541911552,105,1860.0,9.9,28776693760,72224563200,100,16165240832,1233240064,69.0,52.055,69.0,
60006254446271,292.234182353,218.6,18036097024,55541911552,105,1794.0,10.2,28776923136,72224333824,100,16165240832,1233240064,69.0,52.06,69.0,
60006308434486,292.288170568,203.9,18036097024,55541911552,105,1861.0,9.4,28776517632,72224739328,100,16165240832,1233240064,69.0,52.051,69.0,
60006361470103,292.341206185,188.3,18036097024,55541911552,105,1844.0,9.9,28776517632,72224739328,100,16165240832,1233240064,68.0,52.058,69.125,
60006415615033,292.395351115,221.6,18036097024,55541911552,105,1851.0,10.7,28776517632,72224739328,100,16165240832,1233240064,69.0,52.044,69.125,
60006469579663,292.449315745,203.8,18036097024,55541911552,105,1847.0,9.2,28776517632,72224739328,100,16165240832,1233240064,68.0,52.054,69.125,
60006523659320,292.503395402,203.5,18036101120,55541911552,105,1793.0,9.9,28774236160,72227020800,100,16165240832,1233240064,69.0,52.039,69.125,
60006577490410,292.557226492,223.0,18036101120,55541911552,105,1846.0,8.8,28774236160,72227020800,100,16165240832,1233240064,68.0,52.056,69.125,
60006631387584,292.611123666,185.5,18036101120,55541911552,105,1839.0,9.8,28774236160,72227020800,100,16165240832,1233240064,68.0,52.033,69.125,
60006685485165,292.665221247,203.5,18036105216,55541911552,105,1829.0,9.4,28774236160,72227020800,100,16165240832,1233240064,68.0,52.058,69.125,
60006738424641,292.718160723,207.9,18036105216,55541911552,105,1823.0,10.1,28774490112,72226766848,100,16165240832,1233240064,68.0,52.037,69.125,
60006791434099,292.771170181,207.2,18036105216,55541911552,105,1850.0,9.2,28774203392,72227053568,100,16165240832,1233240064,68.0,52.057,69.125,
60006845629643,292.825365725,221.4,18036105216,55541911552,105,1779.0,12.3,28774121472,72227135488,100,16165240832,1233240064,68.0,52.046,69.125,
60006899480320,292.879216402,204.3,18036105216,55541911552,105,1867.0,12.8,28774006784,72227250176,100,16169435136,1233240064,70.0,52.058,69.125,
60006953489154,292.933225236,203.6,18036105216,55541911552,105,1814.0,13.4,28773990400,72227266560,100,16169435136,1233240064,68.0,52.052,69.125,
60007007471718,292.9872078,203.8,18036105216,55541911552,105,1816.0,11.6,28773990400,72227266560,100,16169435136,1233240064,69.0,52.058,69.0,
60007061671550,293.041407632,203.0,18036109312,55541911552,105,1797.0,11.5,28773703680,72227553280,100,16169435136,1233240064,68.0,52.06,69.0,
60007115549528,293.09528561,222.6,18036109312,55541911552,105,1851.0,28.6,28774965248,72226291712,100,16169435136,1233240064,69.0,52.059,69.0,
60007170686990,293.150423072,199.6,18036109312,55541911552,105,1829.0,22.0,28775448576,72225808384,100,16169435136,1233240064,68.0,52.058,69.0,
60007224574206,293.204310288,204.2,18036113408,55541911552,105,1822.0,12.7,28775448576,72225808384,100,16169435136,1233240064,68.0,52.035,69.0,
60007278759140,293.258495222,202.9,18036113408,55541911552,105,1821.0,10.5,28775677952,72225579008,100,16169435136,1233240064,69.0,52.056,69.0,
60007332442573,293.312178655,223.6,18036113408,55541911552,105,1796.0,12.2,28775677952,72225579008,100,16169435136,1233240064,68.0,52.035,69.0,
60007386432902,293.366168984,203.6,18036113408,55541911552,105,1776.0,12.1,28775677952,72225579008,100,16169435136,1233240064,68.0,52.057,69.0,
60007440547253,293.420283335,203.4,18036113408,55541911552,105,1775.0,12.8,28775677952,72225579008,100,16169435136,1233240064,68.0,52.042,69.0,
60007494537312,293.474273394,203.9,18036113408,55541911552,105,1884.0,9.8,28775907328,72225349632,100,16169435136,1233240064,69.0,52.057,69.0,
60007549596196,293.529332278,217.9,18036113408,55541911552,105,1788.0,12.5,28775907328,72225349632,100,16169435136,1233240064,68.0,52.047,69.0,
60007603621199,293.583357281,203.5,18036113408,55541911552,105,1838.0,10.5,28775907328,72225349632,100,16169435136,1233240064,69.0,52.057,69.0,
60007657557316,293.637293398,203.9,18036117504,55541911552,105,1824.0,12.7,28775907328,72225349632,100,16169435136,1233240064,68.0,52.056,69.0,
60007712728351,293.692464433,217.5,18036121600,55541911552,105,1785.0,10.9,28775907328,72225349632,100,16169435136,1233240064,69.0,52.054,69.0,
60007766576232,293.746312314,204.2,18036125696,55541911552,105,1768.0,11.6,28775907328,72225349632,100,16169435136,1233240064,69.0,52.059,69.0,
60007820533499,293.800269581,204.0,18036125696,55541911552,105,1833.0,12.1,28775907328,72225349632,100,16169435136,1233240064,69.0,52.049,69.0,
60007874539547,293.854275629,203.7,18036125696,55541911552,105,1827.0,13.5,28776382464,72224874496,100,16169435136,1233240064,69.0,52.059,69.0,
60007928555013,293.908291095,203.6,18036125696,55541911552,105,1783.0,13.9,28776898560,72224358400,100,16169435136,1233240064,69.0,52.038,69.0,
60007982578173,293.962314255,222.2,18036125696,55541911552,105,1826.0,9.4,28776898560,72224358400,100,16169435136,1233240064,68.0,52.056,69.0,
60008036432837,294.016168919,204.2,18036125696,55541911552,105,1817.0,12.2,28777127936,72224129024,100,16169435136,1233240064,68.0,52.036,69.0,
60008090574570,294.070310652,203.2,18036125696,55541911552,105,1805.0,10.5,28777127936,72224129024,100,16169435136,1233240064,69.0,52.057,69.0,
60008144624540,294.124360622,203.5,18036129792,55541911552,105,1786.0,13.4,28777127936,72224129024,100,16169435136,1233240064,68.0,52.04,69.0,
60008203995918,294.183732,959.1,18036142080,55541911552,105,1854.0,36.2,28777127936,72224129024,100,16169435136,1233240064,68.0,52.058,69.0,
60008259690024,294.239426106,197.8,18036142080,55541911552,105,1850.0,11.4,28777127936,72224129024,100,16169435136,1233240064,68.0,52.046,69.0,
60008313507479,294.293243561,204.4,18036146176,55541911552,105,1826.0,10.5,28777127936,72224129024,100,16169435136,1233240064,69.0,52.058,69.0,
60008367591142,294.347327224,221.8,18036146176,55541911552,105,1764.0,11.6,28777127936,72224129024,100,16169435136,1233240064,68.0,52.057,69.0,
60008421691227,294.401427309,203.3,18036146176,55541911552,105,1868.0,12.1,28777127936,72224129024,100,16169435136,1233240064,69.0,52.053,69.0,
60008475878826,294.455614908,202.9,18036146176,55541911552,105,1843.0,9.6,28777127936,72224129024,100,16169435136,1233240064,68.0,52.059,69.0,
60008531598340,294.511334422,197.5,18036146176,55541911552,105,1807.0,12.1,28777127936,72224129024,100,16169435136,1233240064,68.0,52.048,69.0,
60008585588287,294.565324369,203.7,18036146176,55541911552,105,1810.0,11.0,28777127936,72224129024,100,16169435136,1233240064,68.0,52.057,69.0,
60008639608482,294.619344564,222.2,18036146176,55541911552,105,1806.0,11.7,28777127936,72224129024,100,16169435136,1233240064,68.0,52.04,69.0,
60008693611995,294.673348077,203.6,18036146176,55541911552,105,1807.0,10.5,28777127936,72224129024,100,16169435136,1233240064,68.0,52.057,69.0,
60008749671356,294.729407438,214.1,18036146176,55541911552,105,1862.0,11.2,28777127936,72224129024,100,16169435136,1233240064,68.0,52.032,69.0,
60008803697011,294.783433093,222.0,18036146176,55541911552,105,1840.0,10.4,28777127936,72224129024,100,16169435136,1233240064,68.0,52.059,69.0,
60008857557085,294.837293167,185.8,18036150272,55541911552,105,1777.0,13.5,28777127936,72224129024,100,16169435136,1233240064,68.0,52.041,69.0,
60008911743451,294.891479533,221.4,18036150272,55541911552,105,1842.0,12.6,28777582592,72223674368,100,16169435136,1233240064,68.0,52.057,69.0,
60008965596772,294.945332854,185.7,18036154368,55541911552,105,1804.0,12.2,28777811968,72223444992,100,16169435136,1233240064,68.0,52.046,69.0,
60009019635652,294.999371734,222.1,18036154368,55541911552,105,1837.0,10.3,28777811968,72223444992,100,16169435136,1233240064,68.0,52.065,69.0,
60009075602770,295.055338852,214.4,18036154368,55541911552,105,1767.0,13.0,28781424640,72219832320,100,16169435136,1233240064,68.0,52.056,69.0,
60009129667107,295.109403189,185.1,18036154368,55541911552,105,1859.0,9.8,28781895680,72219361280,100,16169435136,1233240064,69.0,52.065,69.0,
60009190833904,295.170569986,228.8,18036154368,55541911552,105,1800.0,10.8,28781895680,72219361280,100,16169435136,1233240064,68.0,52.055,69.0,
60009244576969,295.224313051,223.3,18036154368,55541911552,105,1835.0,9.8,28781895680,72219361280,100,16169435136,1233240064,69.0,52.061,69.0,
60009298565644,295.278301726,185.3,18036154368,55541911552,105,1767.0,10.0,28781461504,72219795456,100,16169435136,1233240064,69.0,52.066,69.0,
60009351656484,295.331392566,207.2,18036154368,55541911552,105,1787.0,10.1,28781715456,72219541504,100,16169435136,1233240064,69.0,52.056,69.0,
60009404614295,295.384350377,207.4,18036158464,55541911552,105,1847.0,10.6,28781191168,72220065792,100,16169435136,1233240064,68.0,52.063,69.0,
60009460706217,295.440442299,213.9,18036158464,55541911552,105,1797.0,10.6,28781191168,72220065792,100,16169435136,1233240064,68.0,52.047,69.0,
60009515758238,295.49549432,200.0,18036162560,55541911552,105,1822.0,9.2,28781445120,72219811840,100,16169435136,1233240064,68.0,52.06,69.0,
60009569664468,295.54940055,222.4,18036162560,55541911552,105,1784.0,10.3,28780855296,72220401664,100,16169435136,1233240064,69.0,52.043,69.0,
60009624587026,295.604323108,200.5,18036162560,55541911552,105,1828.0,8.7,28780822528,72220434432,100,16169435136,1233240064,68.0,52.062,69.0,
60009678491302,295.658227384,204.0,18036166656,55541911552,105,1770.0,12.1,28780822528,72220434432,100,16169435136,1233240064,69.0,52.039,69.0,
60009732698688,295.71243477,202.9,18036166656,55541911552,105,1797.0,10.4,28780822528,72220434432,100,16169435136,1233240064,68.0,52.063,69.0,
60009786592735,295.766328817,222.7,18036166656,55541911552,105,1810.0,10.5,28781051904,72220205056,100,16169435136,1233240064,68.0,52.043,69.0,
60009840699922,295.820436004,203.0,18036166656,55541911552,105,1817.0,11.1,28781539328,72219717632,100,16169435136,1233240064,68.0,52.064,69.0,
60009894631180,295.874367262,204.2,18036166656,55541911552,105,1768.0,13.5,28781277184,72219979776,100,16165240832,1233240064,68.0,52.053,69.0,
60009948755439,295.928491521,203.3,18036170752,55541911552,105,1828.0,11.0,28779900928,72221356032,100,16165240832,1233240064,69.0,52.059,69.0,
60010002670837,295.982406919,222.5,18036170752,55541911552,105,1818.0,10.5,28779491328,72221765632,100,16165240832,1233240064,68.0,52.063,69.0,
60010056662587,296.036398669,203.8,18036170752,55541911552,105,1843.0,10.5,28779720704,72221536256,100,16165240832,1233240064,69.0,52.061,69.0,
60010110783400,296.090519482,203.1,18036174848,55541911552,105,1798.0,10.3,28779442176,72221814784,100,16165240832,1233240064,68.0,52.064,69.0,
60010166675698,296.14641178,196.9,18036174848,55541911552,105,1815.0,10.8,28779671552,72221585408,100,16165240832,1233240064,69.0,52.055,69.0,
60010220663481,296.200399563,222.2,18036174848,55541911552,105,1812.0,9.9,28779671552,72221585408,100,16165240832,1233240064,68.0,52.063,69.0,
60010274645874,296.254381956,203.8,18036174848,55541911552,105,1835.0,10.5,28779900928,72221356032,100,16165240832,1233240064,69.0,52.047,69.0,
60010328730609,296.308466691,203.4,18036174848,55541911552,105,1826.0,9.8,28780130304,72221126656,100,16165240832,1233240064,68.0,52.06,69.0,
60010382620329,296.362356411,204.1,18036174848,55541911552,105,1784.0,12.3,28780359680,72220897280,100,16165240832,1233240064,68.0,52.04,69.0,
60010436758755,296.416494837,221.6,18036174848,55541911552,105,1821.0,10.4,28780032000,72221224960,100,16165240832,1233240064,68.0,52.065,69.0,
60010490749343,296.470485425,203.6,18036178944,55541911552,105,1807.0,11.0,28780515328,72220741632,100,16165240832,1233240064,68.0,52.044,69.0,
60010544637389,296.524373471,185.6,18036178944,55541911552,105,1879.0,10.4,28776456192,72224800768,100,16165240832,1233240064,68.0,52.063,69.0,
60010598597109,296.578333191,203.9,18036178944,55541911552,105,1807.0,10.0,28776685568,72224571392,100,16165240832,1233240064,68.0,52.047,69.0,
60010652697143,296.632433225,221.8,18036183040,55541911552,105,1893.0,8.1,28776677376,72224579584,100,16165240832,1233240064,69.0,52.064,69.0,
60010706830880,296.686566962,203.2,18036183040,55541911552,105,1764.0,11.6,28776906752,72224350208,100,16165240832,1233240064,68.0,52.053,69.0,
60010760890447,296.740626529,203.5,18036183040,55541911552,105,1855.0,10.4,28776906752,72224350208,100,16165240832,1233240064,69.0,52.06,69.0,
60010814809211,296.794545293,203.9,18036183040,55541911552,105,1817.0,11.0,28776906752,72224350208,100,16165240832,1233240064,68.0,52.064,69.0,
60010868697517,296.848433599,222.8,18036183040,55541911552,105,1841.0,12.9,28777136128,72224120832,100,16169435136,1233240064,69.0,52.059,69.0,
60010922700789,296.902436871,203.5,18036183040,55541911552,105,1806.0,12.8,28774690816,72226566144,100,16169435136,1233240064,68.0,52.061,69.0,
60010977710671,296.957446753,200.1,18036183040,55541911552,105,1824.0,12.6,28774690816,72226566144,100,16169435136,1233240064,69.0,52.043,69.0,
60011031687844,297.011423926,203.9,18036187136,55541911552,105,1853.0,9.2,28774690816,72226566144,100,16169435136,1233240064,68.0,52.057,69.0,
60011085711324,297.065447406,203.4,18036187136,55541911552,105,1846.0,12.8,28778303488,72222953472,100,16169435136,1233240064,68.0,52.038,69.0,
60011139780710,297.119516792,222.1,18036187136,55541911552,105,1837.0,9.9,28778303488,72222953472,100,16169435136,1233240064,69.0,52.061,69.0,
60011194823363,297.174559445,199.8,18036187136,55541911552,105,1807.0,12.9,28778561536,72222695424,100,16169435136,1233240064,68.0,52.04,69.0,
60011248667035,297.228403117,204.4,18036191232,55541911552,105,1842.0,10.5,28778561536,72222695424,100,16169435136,1233240064,69.0,52.061,69.0,
60011302807965,297.282544047,203.1,18036191232,55541911552,105,1840.0,10.5,28778561536,72222695424,100,16169435136,1233240064,68.0,52.044,69.0,
60011356707723,297.336443805,204.1,18036191232,55541911552,105,1867.0,9.9,28778561536,72222695424,100,16169435136,1233240064,69.0,52.061,69.0,
60011410710765,297.390446847,222.2,18036191232,55541911552,105,1809.0,12.9,28778561536,72222695424,100,16169435136,1233240064,68.0,52.051,69.0,
60011464709689,297.444445771,203.7,18036191232,55541911552,105,1935.0,9.3,28778561536,72222695424,100,16169435136,1233240064,69.0,52.059,69.0,
60011518673827,297.498409909,203.7,18036191232,55541911552,105,1819.0,11.1,28778561536,72222695424,100,16169435136,1233240064,69.0,52.064,69.0,
60011572825067,297.552561149,203.3,18036195328,55541911552,105,1815.0,10.5,28778561536,72222695424,100,16169435136,1233240064,69.0,52.053,69.0,
60011626714735,297.606450817,204.1,18036195328,55541911552,105,1827.0,11.6,28778553344,72222703616,100,16169435136,1233240064,68.0,52.06,69.125,
60011680976682,297.660712764,221.1,18036195328,55541911552,105,1848.0,11.6,28778545152,72222711808,100,16169435136,1233240064,69.0,52.047,69.0,
60011734709627,297.714445709,204.9,18036195328,55541911552,105,1835.0,8.0,28778545152,72222711808,100,16169435136,1233240064,68.0,52.056,69.125,
60011789799929,297.769536011,199.5,18036195328,55541911552,105,1870.0,10.5,28778545152,72222711808,100,16169435136,1233240064,68.0,52.038,69.0,
60011843736445,297.823472527,204.0,18036199424,55541911552,105,1843.0,10.4,28777779200,72223477760,100,16169435136,1233240064,69.0,52.063,69.125,
60011897566672,297.877302754,204.4,18036203520,55541911552,105,1769.0,14.2,28777779200,72223477760,100,16169435136,1233240064,68.0,52.042,69.125,
60011953039692,297.932775774,971.6,18036215808,55541911552,105,1850.0,34.7,28778037248,72223219712,100,16169435136,1233240064,68.0,52.057,69.0,
60012006859590,297.986595672,204.7,18036215808,55541911552,105,1862.0,10.7,28777447424,72223809536,100,16169435136,1233240064,68.0,52.049,69.0,
60012060800054,298.040536136,204.0,18036215808,55541911552,105,1916.0,9.3,28777447424,72223809536,100,16169435136,1233240064,69.0,52.066,69.0,
60012114756929,298.094493011,203.8,18036215808,55541911552,105,1921.0,9.4,28777447424,72223809536,100,16169435136,1233240064,68.0,52.056,69.0,
60012168765590,298.148501672,203.7,18036215808,55541911552,105,1917.0,8.7,28776890368,72224366592,100,16169435136,1233240064,69.0,52.063,69.0,
60012222642575,298.202378657,222.7,18036215808,55541911552,105,1839.0,11.6,28777144320,72224112640,100,16169435136,1233240064,69.0,52.068,69.0,
60012276754250,298.256490332,203.4,18036215808,55541911552,105,1880.0,8.7,28777144320,72224112640,100,16169435136,1233240064,69.0,52.058,69.0,
60012330910229,298.310646311,202.9,18036215808,55541911552,105,1790.0,11.0,28777373696,72223883264,100,16169435136,1233240064,68.0,52.067,69.0,
60012384735236,298.364471318,204.4,18036215808,55541911552,105,1832.0,11.9,28777594880,72223662080,100,16169435136,1233240064,69.0,52.052,69.0,
60012439905308,298.41964139,217.3,18036215808,55541911552,105,1866.0,10.5,28777594880,72223662080,100,16169435136,1233240064,68.0,52.061,69.0,
60012493731246,298.473467328,204.6,18036215808,55541911552,105,1844.0,12.2,28777594880,72223662080,100,16169435136,1233240064,69.0,52.045,69.0,
60012547813897,298.527549979,203.5,18036224000,55541911552,105,1869.0,9.3,28777594880,72223662080,100,16169435136,1233240064,68.0,52.062,69.0,
60012605946448,298.58568253,223.4,18036224000,55541911552,105,1795.0,12.4,28777594880,72223662080,100,16169435136,1233240064,68.0,52.042,69.0,
60012659747340,298.639483422,204.6,18036224000,55541911552,105,1810.0,9.9,28777594880,72223662080,100,16169435136,1233240064,68.0,52.063,69.0,
60012713703873,298.693439955,203.8,18036224000,55541911552,105,1787.0,12.6,28777594880,72223662080,100,16169435136,1233240064,68.0,52.042,69.0,
60012767734937,298.747471019,203.8,18036224000,55541911552,105,1836.0,9.5,28777594880,72223662080,100,16169435136,1233240064,69.0,52.06,69.0,
60012820699018,298.8004351,189.0,18036224000,55541911552,105,1778.0,12.5,28777594880,72223662080,100,16169435136,1233240064,68.0,52.048,69.0,
60012874121339,298.853857421,224.2,18036224000,55541911552,105,1858.0,12.1,28777594880,72223662080,100,16169435136,1233240064,69.0,52.064,69.0,
60012927664537,298.907400619,205.9,18036224000,55541911552,105,1809.0,14.3,28778790912,72222466048,100,16169435136,1233240064,68.0,52.059,69.0,
60012981765492,298.961501574,203.3,18036224000,55541911552,105,1843.0,9.8,28778528768,72222728192,100,16169435136,1233240064,68.0,52.055,69.0,
60013034696501,299.014432583,207.4,18036224000,55541911552,105,1825.0,10.6,28777869312,72223387648,100,16169435136,1233240064,68.0,52.061,69.0,
60013087722459,299.067458541,207.9,18036228096,55541911552,105,1855.0,10.8,28778897408,72222359552,100,16169435136,1233240064,69.0,52.05,69.0,
60013140659198,299.12039528,207.8,18036228096,55541911552,105,1815.0,10.6,28779122688,72222134272,100,16169435136,1233240064,68.0,52.054,69.0,
60013193664928,299.17340101,207.5,18036232192,55541911552,105,1836.0,10.7,28779122688,72222134272,100,16169435136,1233240064,68.0,52.043,69.0,
60013245831172,299.225567254,191.3,18036232192,55541911552,105,1824.0,9.5,28779122688,72222134272,100,16169435136,1233240064,69.0,52.062,69.0,
60013298757612,299.278493694,208.3,18036232192,55541911552,105,1829.0,10.3,28779352064,72221904896,100,16169435136,1233240064,68.0,52.042,69.0,
60013351735770,299.331471852,207.2,18036232192,55541911552,105,1802.0,9.9,28779352064,72221904896,100,16169435136,1233240064,68.0,52.06,69.0,
60013404750025,299.384486107,207.5,18036232192,55541911552,105,1849.0,12.4,28779352064,72221904896,100,16169435136,1233240064,68.0,52.046,69.0,
60013457730497,299.437466579,208.0,18036236288,55541911552,105,1884.0,8.4,28779610112,72221646848,100,16169435136,1233240064,69.0,52.062,69.0,
60013510669090,299.490405172,188.9,18036236288,55541911552,105,1799.0,12.4,28780093440,72221163520,100,16169435136,1233240064,68.0,52.057,69.0,
60013563652567,299.543388649,207.6,18036236288,55541911552,105,1881.0,9.5,28780093440,72221163520,100,16169435136,1233240064,69.0,52.055,69.0,
60013615841624,299.595577706,210.3,18036240384,55541911552,105,1847.0,10.1,28780093440,72221163520,100,16169435136,1233240064,69.0,52.062,69.0,
60013668864244,299.648600326,207.6,18036244480,55541911552,105,1796.0,10.1,28780322816,72220934144,100,16169435136,1233240064,68.0,52.049,69.0,
60013721841159,299.701577241,207.3,18036244480,55541911552,105,1836.0,9.2,28780552192,72220704768,100,16169435136,1233240064,68.0,52.057,69.0,
60013777030767,299.756766849,199.4,18036244480,55541911552,105,1798.0,12.0,28780781568,72220475392,100,16169435136,1233240064,69.0,52.04,69.0,
60013830851666,299.810587748,204.3,18036244480,55541911552,105,1827.0,11.1,28780781568,72220475392,100,16169435136,1233240064,68.0,52.062,69.0,
60013884827255,299.864563337,222.5,18036244480,55541911552,105,1810.0,12.8,28781010944,72220246016,100,16165240832,1233240064,68.0,52.042,69.0,
60013938896129,299.918632211,203.5,18036244480,55541911552,105,1805.0,11.6,28779413504,72221843456,100,16165240832,1233240064,68.0,52.06,69.0,
60013994877874,299.974613956,196.5,18036244480,55541911552,105,1853.0,9.6,28779413504,72221843456,100,16165240832,1233240064,68.0,52.044,69.0,
60014048860737,300.028596819,203.8,18036244480,55541911552,105,1829.0,9.3,28779245568,72222011392,100,16165240832,1233240064,68.0,52.067,69.0,
60014103734211,300.083470293,218.7,18036244480,55541911552,105,1798.0,9.8,28779245568,72222011392,100,16165240832,1233240064,68.0,52.05,69.0,
60014157855073,300.137591155,203.4,18036248576,55541911552,105,1882.0,8.7,28779245568,72222011392,100,16165240832,1233240064,69.0,52.067,69.0,
60014211975925,300.191712007,203.1,18036248576,55541911552,105,1839.0,10.5,28778987520,72222269440,100,16165240832,1233240064,68.0,52.056,69.0,
60014265869600,300.245605682,204.2,18036252672,55541911552,105,1891.0,9.4,28778987520,72222269440,100,16165240832,1233240064,69.0,52.063,69.0,
60014319779626,300.299515708,222.4,18036252672,55541911552,105,1812.0,9.9,28778987520,72222269440,100,16165240832,1233240064,68.0,52.065,69.0,
60014375937882,300.355673964,195.8,18036252672,55541911552,105,1897.0,10.6,28778987520,72222269440,100,16165240832,1233240064,69.0,52.06,69.0,
60014429868797,300.409604879,203.8,18036252672,55541911552,105,1849.0,9.8,28778987520,72222269440,100,16165240832,1233240064,68.0,52.065,69.0,
60014483802037,300.463538119,204.2,18036252672,55541911552,105,1872.0,10.5,28778987520,72222269440,100,16165240832,1233240064,69.0,52.055,69.0,
60014537769240,300.517505322,204.0,18036252672,55541911552,105,1882.0,8.1,28779245568,72222011392,100,16165240832,1233240064,68.0,52.063,69.0,
60014592953558,300.57268964,235.5,18036252672,55541911552,105,1862.0,10.3,28779958272,72221298688,100,16165240832,1233240064,69.0,52.049,69.0,
60014646860718,300.6265968,185.2,18036252672,55541911552,105,1865.0,9.7,28779958272,72221298688,100,16165240832,1233240064,68.0,52.058,69.0,
60014701169002,300.680905084,202.6,18036256768,55541911552,105,1810.0,11.0,28779958272,72221298688,100,16165240832,1233240064,68.0,52.042,69.0,
60014755908053,300.735644135,219.4,18036256768,55541911552,105,1840.0,10.3,28779958272,72221298688,100,16165240832,1233240064,68.0,52.063,69.0,
60014809787111,300.789523193,204.2,18036256768,55541911552,105,1812.0,10.1,28780187648,72221069312,100,16165240832,1233240064,68.0,52.042,69.0,
60014863827612,300.843563694,203.5,18036260864,55541911552,105,1808.0,12.5,28779036672,72222220288,100,16169435136,1233240064,68.0,52.069,69.0,
60014918916881,300.898652963,217.7,18036260864,55541911552,105,1837.0,12.7,28779184128,72222072832,100,16169435136,1233240064,68.0,52.045,69.0,
60014973937702,300.953673784,218.0,18036260864,55541911552,105,1849.0,10.3,28780699648,72220557312,100,16169435136,1233240064,68.0,52.059,69.0,
60015028898409,301.008634491,200.4,18036260864,55541911552,105,1796.0,12.6,28780933120,72220323840,100,16169435136,1233240064,68.0,52.054,69.0,
60015082900298,301.06263638,203.7,18036260864,55541911552,105,1888.0,10.5,28783513600,72217743360,100,16169435136,1233240064,69.0,52.069,69.0,
60015136797910,301.116533992,222.6,18036260864,55541911552,105,1889.0,27.6,28784001024,72217255936,100,16169435136,1233240064,68.0,52.076,69.0,
60015190896079,301.170632161,184.9,18036260864,55541911552,105,1859.0,23.3,28784001024,72217255936,100,16169435136,1233240064,68.0,52.067,69.0,
60015245938160,301.225674242,218.0,18036269056,55542960128,105,1818.0,12.1,28776517632,72224739328,100,16169435136,1233240064,68.0,52.064,69.0,
60015299848877,301.279584959,204.0,18036269056,55542960128,105,1797.0,12.9,28776742912,72224514048,100,16169435136,1233240064,68.0,52.05,69.0,
60015353977964,301.333714046,221.3,18036269056,55542960128,105,1812.0,10.3,28776742912,72224514048,100,16169435136,1233240064,68.0,52.061,69.0,
60015407868764,301.387604846,204.5,18036273152,55542960128,105,1785.0,12.9,28776742912,72224514048,100,16169435136,1233240064,68.0,52.045,69.0,
60015461880180,301.441616262,203.7,18036273152,55542960128,105,1822.0,10.4,28776972288,72224284672,100,16169435136,1233240064,68.0,52.065,69.0,
60015515846071,301.495582153,203.8,18036273152,55542960128,105,1766.0,12.1,28776972288,72224284672,100,16169435136,1233240064,68.0,52.045,69.0,
60015571048462,301.550784544,199.2,18036273152,55542960128,105,1814.0,11.4,28776972288,72224284672,100,16169435136,1233240064,68.0,52.063,69.0,
60015625062021,301.604798103,203.8,18036277248,55542960128,105,1771.0,11.9,28777201664,72224055296,100,16169435136,1233240064,68.0,52.048,69.0,
60015682482976,301.662219058,957.7,18036289536,55542960128,105,1846.0,34.7,28777431040,72223825920,100,16169435136,1233240064,69.0,52.067,69.0,
60015735888285,301.715624367,205.9,18036289536,55542960128,105,1768.0,12.4,28777431040,72223825920,100,16169435136,1233240064,68.0,52.058,69.0,
60015789966045,301.769702127,203.4,18036293632,55542960128,105,1809.0,11.6,28777689088,72223567872,100,16169435136,1233240064,69.0,52.063,69.0,
60015843849481,301.823585563,222.9,18036293632,55542960128,105,1776.0,10.5,28777943040,72223313920,100,16169435136,1233240064,68.0,52.067,69.0,
60015897918395,301.877654477,203.4,18036293632,55542960128,105,1867.0,15.0,28777943040,72223313920,100,16169435136,1233240064,69.0,52.06,69.0,
60015951879115,301.931615197,204.0,18036293632,55542960128,105,1848.0,11.7,28777943040,72223313920,100,16169435136,1233240064,68.0,52.063,69.0,
60016005825008,301.98556109,204.0,18036293632,55542960128,105,1943.0,11.6,28777943040,72223313920,100,16169435136,1233240064,68.0,52.043,69.0,
60016059851903,302.039587985,222.1,18036293632,55542960128,105,1874.0,9.9,28777934848,72223322112,100,16169435136,1233240064,69.0,52.062,69.0,
60016113860133,302.093596215,203.4,18036297728,55542960128,105,1828.0,11.6,28777934848,72223322112,100,16169435136,1233240064,68.0,52.04,69.0,
60016167911765,302.147647847,203.7,18036297728,55542960128,105,1827.0,9.9,28777934848,72223322112,100,16169435136,1233240064,68.0,52.064,69.0,
60016221813174,302.201549256,203.9,18036297728,55542960128,105,1841.0,11.0,28777934848,72223322112,100,16169435136,1233240064,68.0,52.043,69.0,
60016275919768,302.25565585,221.6,18036297728,55542960128,105,1865.0,9.8,28777934848,72223322112,100,16169435136,1233240064,68.0,52.063,69.0,
60016336084172,302.315820254,199.6,18036301824,55542960128,105,1827.0,12.6,28778164224,72223092736,100,16169435136,1233240064,68.0,52.045,69.0,
60016390042298,302.36977838,222.4,18036301824,55542960128,105,1856.0,11.0,28778164224,72223092736,100,16169435136,1233240064,68.0,52.061,69.0,
60016445037400,302.424773482,200.0,18036301824,55542960128,105,1840.0,12.6,28778164224,72223092736,100,16169435136,1233240064,68.0,52.051,69.0,
60016498990296,302.478726378,203.9,18036301824,55542960128,105,1820.0,9.9,28778422272,72222834688,100,16169435136,1233240064,69.0,52.062,69.0,
60016552981043,302.532717125,203.6,18036301824,55542960128,105,1836.0,12.6,28778422272,72222834688,100,16169435136,1233240064,68.0,52.059,69.0,
60016608028603,302.587764685,218.1,18036301824,55542960128,105,1841.0,12.0,28778422272,72222834688,100,16169435136,1233240064,68.0,52.059,69.0,
60016662077619,302.641813701,203.5,18036301824,55542960128,105,1834.0,9.3,28778422272,72222834688,100,16169435136,1233240064,68.0,52.064,69.0,
60016715986783,302.695722865,204.0,18036305920,55542960128,105,1883.0,12.2,28778651648,72222605312,100,16169435136,1233240064,68.0,52.053,69.0,
60016769900024,302.749636106,204.0,18036305920,55542960128,105,1843.0,9.2,28778651648,72222605312,100,16169435136,1233240064,69.0,52.062,69.0,
60016831062681,302.810798763,212.7,18036305920,55542960128,105,1834.0,12.4,28778881024,72222375936,100,16169435136,1233240064,69.0,52.05,69.0,
60016884975030,302.864711112,222.5,18036310016,55542960128,105,1807.0,13.3,28778881024,72222375936,100,16169435136,1233240064,68.0,52.062,69.0,
60016939068350,302.918804432,203.5,18036310016,55542960128,105,1846.0,11.1,28778852352,72222404608,100,16169435136,1233240064,69.0,52.043,69.0,
60016992995447,302.972731529,204.0,18036310016,55542960128,105,1846.0,9.3,28778852352,72222404608,100,16169435136,1233240064,69.0,52.06,69.0,
60017045959277,303.025695359,188.8,18036310016,55542960128,105,1887.0,10.7,28778590208,72222666752,100,16169435136,1233240064,68.0,52.042,69.0,
60017098912526,303.078648608,226.5,18036310016,55542960128,105,1844.0,11.2,28781674496,72219582464,100,16169435136,1233240064,68.0,52.063,69.0,
60017153068824,303.132804906,203.2,18036310016,55542960128,105,1898.0,10.5,28781674496,72219582464,100,16169435136,1233240064,68.0,52.049,69.0,
60017207055223,303.186791305,203.5,18036310016,55542960128,105,1865.0,24.4,28781674496,72219582464,100,16169435136,1233240064,69.0,52.07,69.0,
60017261994730,303.241730812,200.2,18036310016,55542960128,105,1868.0,20.5,28777545728,72223711232,100,16169435136,1233240064,68.0,52.063,69.0,
60017317047420,303.296783502,218.1,18036314112,55542960128,105,1848.0,14.0,28776439808,72224817152,100,16169435136,1233240064,69.0,52.054,69.0,
60017370816721,303.350552803,204.7,18036314112,55542960128,105,1893.0,9.9,28776439808,72224817152,100,16169435136,1233240064,69.0,52.061,69.0,
60017426931083,303.406667165,213.9,18036318208,55542960128,105,1850.0,9.6,28775686144,72225570816,100,16169435136,1233240064,69.0,52.049,69.0,
60017479986254,303.459722336,188.4,18036318208,55542960128,105,1827.0,8.2,28775612416,72225644544,100,16169435136,1233240064,69.0,52.061,69.0,
60017533944009,303.513680091,222.3,18036318208,55542960128,105,1862.0,10.0,28774985728,72226271232,100,16169435136,1233240064,69.0,52.043,69.0,
60017586922856,303.566658938,207.5,18036318208,55542960128,105,1832.0,9.4,28774985728,72226271232,100,16169435136,1233240064,68.0,52.061,69.0,
60017640895088,303.62063117,203.7,18036318208,55542960128,105,1845.0,10.9,28774985728,72226271232,100,16169435136,1233240064,68.0,52.039,69.0,
60017694982155,303.674718237,203.4,18036322304,55542960128,105,1887.0,9.3,28775215104,72226041856,100,16169435136,1233240064,69.0,52.062,69.0,
60017751092610,303.730828692,213.9,18036322304,55542960128,105,1898.0,10.7,28775215104,72226041856,100,16169435136,1233240064,68.0,52.041,69.0,
60017805041438,303.78477752,222.4,18036322304,55542960128,105,1844.0,9.2,28775444480,72225812480,100,16169435136,1233240064,68.0,52.062,69.0,
60017858902141,303.838638223,204.2,18036326400,55542960128,105,1778.0,14.7,28779364352,72221892608,100,16169435136,1233240064,68.0,52.054,69.0,
60017913018433,303.892754515,203.3,18036326400,55542960128,105,1844.0,14.7,28783665152,72217591808,100,16169435136,1233240064,69.0,52.064,69.0,
60017966970086,303.946706168,203.9,18036330496,55542960128,105,1830.0,12.6,28780417024,72220839936,100,16169435136,1233240064,68.0,52.055,69.0,
60018021041965,304.000778047,221.9,18036330496,55542960128,105,1861.0,9.3,28780417024,72220839936,100,16169435136,1233240064,69.0,52.057,69.0,
60018075030557,304.054766639,185.2,18036330496,55542960128,105,1870.0,9.4,28780417024,72220839936,100,16169435136,1233240064,69.0,52.063,69.0,
60018131128739,304.110864821,214.0,18036330496,55542960128,105,1877.0,10.7,28780417024,72220839936,100,16169435136,1233240064,69.0,52.055,69.0,
60018184977188,304.16471327,204.3,18036330496,55542960128,105,1881.0,9.3,28780154880,72221102080,100,16169435136,1233240064,69.0,52.062,69.0,
60018237926400,304.217662482,207.7,18036330496,55542960128,105,1859.0,9.5,28779696128,72221560832,100,16169435136,1233240064,69.0,52.047,69.0,
60018292046329,304.271782411,203.3,18036330496,55542960128,105,1859.0,8.7,28779171840,72222085120,100,16169435136,1233240064,68.0,52.058,69.0,
60018345877887,304.325613969,204.4,18036330496,55542960128,105,1843.0,9.9,28778942464,72222314496,100,16169435136,1233240064,69.0,52.04,69.0,
60018400042339,304.379778421,221.5,18036330496,55542960128,105,1872.0,9.3,28778942464,72222314496,100,16169435136,1233240064,69.0,52.062,69.125,
60018453031386,304.432767468,207.6,18036334592,55542960128,105,1891.0,10.6,28778942464,72222314496,100,16169435136,1233240064,68.0,52.043,69.125,
60018506116943,304.485853025,207.0,18036338688,55542960128,105,1849.0,8.7,28777435136,72223821824,100,16169435136,1233240064,69.0,52.063,69.125,
60018563190816,304.542926898,192.7,18036338688,55542960128,105,1854.0,11.0,28774989824,72226267136,100,16169435136,1233240064,68.0,52.041,69.125,
60018618122408,304.59785849,218.2,18036338688,55542960128,105,1885.0,9.8,28774989824,72226267136,100,16169435136,1233240064,68.0,52.06,69.125,
60018672015661,304.651751743,204.5,18036338688,55542960128,105,1840.0,11.0,28774989824,72226267136,100,16169435136,1233240064,68.0,52.047,69.125,
60018725994154,304.705730236,222.2,18036338688,55542960128,105,1867.0,9.4,28774989824,72226267136,100,16169435136,1233240064,69.0,52.063,69.125,
60018782351362,304.762087444,195.2,18036338688,55542960128,105,1851.0,11.5,28774989824,72226267136,100,16169435136,1233240064,68.0,52.052,69.125,
60018837106663,304.816842745,201.0,18036338688,55542960128,105,1847.0,11.0,28775219200,72226037760,100,16169435136,1233240064,69.0,52.062,69.125,
60018890987703,304.870723785,222.6,18036338688,55542960128,105,1818.0,14.0,28775993344,72225263616,100,16169435136,1233240064,68.0,52.068,69.125,
60018945095670,304.924831752,203.3,18036338688,55542960128,105,1872.0,11.6,28775993344,72225263616,100,16169435136,1233240064,69.0,52.056,69.125,
60018999062792,304.978798874,222.4,18036342784,55542960128,105,1816.0,10.5,28775993344,72225263616,100,16169435136,1233240064,69.0,52.061,69.125,
60019053038640,305.032774722,203.9,18036346880,55542960128,105,1824.0,11.1,28776509440,72224747520,100,16169435136,1233240064,69.0,52.045,69.125,
60019107054894,305.086790976,185.0,18036346880,55542960128,105,1847.0,10.3,28781928448,72219328512,100,16169435136,1233240064,68.0,52.058,69.125,
60019161023168,305.14075925,203.9,18036346880,55542960128,105,1864.0,11.2,28782452736,72218804224,100,16169435136,1233240064,68.0,52.039,69.125,
60019214040147,305.193776229,207.5,18036346880,55542960128,105,1844.0,10.7,28782710784,72218546176,100,16169435136,1233240064,69.0,52.064,69.125,
60019267062105,305.246798187,226.2,18036346880,55542960128,105,1837.0,11.2,28782702592,72218554368,100,16169435136,1233240064,69.0,52.044,69.125,
60019321033996,305.300770078,203.8,18036346880,55542960128,105,1854.0,9.9,28782702592,72218554368,100,16169435136,1233240064,68.0,52.062,69.125,
60019375120782,305.354856864,203.4,18036346880,55542960128,105,1842.0,13.1,28782440448,72218816512,100,16169435136,1233240064,68.0,52.046,69.125,
60019432290254,305.412026336,979.6,18036363264,55542960128,105,1866.0,36.0,28782440448,72218816512,100,16169435136,1233240064,69.0,52.066,69.125,
60019486072990,305.465809072,204.4,18036363264,55542960128,105,1873.0,11.8,28782440448,72218816512,100,16169435136,1233240064,68.0,52.059,69.125,
60019540080878,305.51981696,222.3,18036363264,55542960128,105,1885.0,9.9,28782440448,72218816512,100,16169435136,1233240064,69.0,52.061,69.125,
60019596081596,305.575817678,214.3,18036363264,55542960128,105,1822.0,11.2,28782440448,72218816512,100,16169435136,1233240064,69.0,52.065,69.125,
60019650068014,305.629804096,203.9,18036363264,55542960128,105,1876.0,10.4,28781916160,72219340800,100,16169435136,1233240064,69.0,52.057,69.125,
60019704034665,305.683770747,203.7,18036363264,55542960128,105,1864.0,10.5,28781916160,72219340800,100,16169435136,1233240064,69.0,52.063,69.125,
60019758082087,305.737818169,203.6,18036367360,55542960128,105,1939.0,11.1,28781916160,72219340800,100,16169435136,1233240064,70.0,52.052,69.125,
60019812082561,305.791818643,222.3,18036367360,55542960128,105,1824.0,9.3,28781916160,72219340800,100,16169435136,1233240064,69.0,52.062,69.125,
60019867182849,305.846918931,199.6,18036367360,55542960128,105,1830.0,12.1,28780310528,72220946432,100,16169435136,1233240064,69.0,52.049,69.125,
60019921071614,305.900807696,204.2,18036367360,55542960128,105,1870.0,12.6,28780953600,72220303360,100,16169435136,1233240064,68.0,52.06,69.125,
60019975088760,305.954824842,203.6,18036367360,55542960128,105,1845.0,11.7,28780429312,72220827648,100,16169435136,1233240064,68.0,52.036,69.125,
60020029303526,306.009039608,221.4,18036371456,55542960128,105,1873.0,9.9,28780396544,72220860416,100,16169435136,1233240064,69.0,52.065,69.125,
60020083064401,306.062800483,204.6,18036371456,55542960128,105,1903.0,11.2,28780625920,72220631040,100,16169435136,1233240064,68.0,52.047,69.125,
60020137066418,306.1168025,203.6,18036371456,55542960128,105,1863.0,10.3,28780625920,72220631040,100,16169435136,1233240064,69.0,52.069,69.25,
60020191074135,306.170810217,203.7,18036371456,55542960128,105,1861.0,11.2,28781113344,72220143616,100,16169435136,1233240064,68.0,52.048,69.25,
60020245254097,306.224990179,202.7,18036371456,55542960128,105,1890.0,10.9,28781113344,72220143616,100,16169435136,1233240064,68.0,52.066,69.25,
60020300151564,306.279887646,200.8,18036375552,55542960128,105,1801.0,13.1,28781342720,72219914240,100,16169435136,1233240064,68.0,52.055,69.25,
60020354148672,306.333884754,222.3,18036375552,55542960128,105,1887.0,9.3,28781572096,72219684864,100,16169435136,1233240064,69.0,52.068,69.25,
60020410177493,306.389913575,196.2,18036375552,55542960128,105,1819.0,12.9,28781826048,72219430912,100,16169435136,1233240064,68.0,52.061,69.25,
60020464085363,306.443821445,204.1,18036375552,55542960128,105,1890.0,10.5,28782055424,72219201536,100,16169435136,1233240064,69.0,52.063,69.25,
60020518069507,306.497805589,222.3,18036375552,55542960128,105,1837.0,9.9,28781989888,72219267072,100,16169435136,1233240064,68.0,52.068,69.25,
60020572129993,306.551866075,203.5,18036379648,55542960128,105,1905.0,12.1,28782219264,72219037696,100,16169435136,1233240064,69.0,52.061,69.25,
60020626060696,306.605796778,204.0,18036379648,55542960128,105,1870.0,9.9,28782219264,72219037696,100,16169435136,1233240064,69.0,52.065,69.125,
60020680297704,306.660033786,202.8,18036379648,55542960128,105,1933.0,11.0,28782448640,72218808320,100,16169435136,1233240064,69.0,52.051,69.125,
60020734287217,306.714023299,203.6,18036379648,55542960128,105,1863.0,9.2,28782678016,72218578944,100,16169435136,1233240064,68.0,52.061,69.125,
60020788073339,306.767809421,203.9,18036379648,55542960128,105,1904.0,11.8,28783161344,72218095616,100,16169435136,1233240064,68.0,52.041,69.125,
60020842156037,306.821892119,204.0,18036379648,55542960128,105,1837.0,10.5,28782903296,72218353664,100,16169435136,1233240064,69.0,52.067,69.125,
60020896011790,306.875747872,222.9,18036383744,55542960128,105,1714.0,14.0,28782837760,72218419200,100,16169435136,1233240064,68.0,52.046,69.125,
60020950187372,306.929923454,203.0,18036383744,55542960128,105,1883.0,12.6,28782325760,72218931200,100,16169435136,1233240064,68.0,52.062,69.125,
60021004029900,306.983765982,204.3,18036383744,55542960128,105,1907.0,9.9,28782129152,72219127808,100,16169435136,1233240064,68.0,52.046,69.125,
60021058334254,307.038070336,202.7,18036383744,55542960128,105,1918.0,8.7,28782129152,72219127808,100,16169435136,1233240064,68.0,52.064,69.125,
60021112227136,307.091963218,222.6,18036387840,55542960128,105,1846.0,11.6,28782792704,72218464256,100,16169435136,1233240064,68.0,52.052,69.125,
60021166101934,307.145838016,204.2,18036387840,55542960128,105,1931.0,8.8,28783022080,72218234880,100,16169435136,1233240064,68.0,52.063,69.125,
60021221183567,307.200919649,199.6,18036387840,55542960128,105,1871.0,10.8,28783022080,72218234880,100,16169435136,1233240064,68.0,52.06,69.125,
60021275155868,307.25489195,203.9,18036387840,55542960128,105,1923.0,9.9,28783022080,72218234880,100,16169435136,1233240064,69.0,52.059,69.125,
60021329180377,307.308916459,221.9,18036387840,55542960128,105,1890.0,10.5,28783022080,72218234880,100,16169435136,1233240064,69.0,52.066,69.125,
60021385240076,307.364976158,196.3,18036387840,55542960128,105,1938.0,11.7,28782084096,72219172864,100,16169435136,1233240064,69.0,52.057,69.125,
60021439086060,307.418822142,204.3,18036387840,55542960128,105,1928.0,9.4,28782084096,72219172864,100,16169435136,1233240064,68.0,52.065,69.125,
60021493160352,307.472896434,222.0,18036396032,55542960128,105,1884.0,9.9,28782084096,72219172864,100,16169435136,1233240064,69.0,52.051,69.125,
60021547171646,307.526907728,203.5,18036396032,55542960128,105,1873.0,9.2,28782084096,72219172864,100,16169435136,1233240064,68.0,52.059,69.125,
60021601287957,307.581024039,184.8,18036396032,55542960128,105,1889.0,11.0,28782542848,72218714112,100,16169435136,1233240064,69.0,52.043,69.125,
60021655287369,307.635023451,222.3,18036400128,55542960128,105,1789.0,10.5,28782542848,72218714112,100,16169435136,1233240064,69.0,52.064,69.125,
60021709063501,307.688799583,204.6,18036400128,55542960128,105,1863.0,10.5,28782542848,72218714112,100,16169435136,1233240064,68.0,52.04,69.125,
60021763154545,307.742890627,203.3,18036400128,55542960128,105,1854.0,9.9,28782542848,72218714112,100,16169435136,1233240064,69.0,52.065,69.125,
60021817182681,307.796918763,203.5,18036400128,55542960128,105,1856.0,10.5,28782542848,72218714112,100,16169435136,1233240064,68.0,52.044,69.125,
60021871175730,307.850911812,203.7,18036400128,55542960128,105,1843.0,13.8,28782104576,72219152384,100,16165240832,1233240064,68.0,52.065,69.125,
60021926258104,307.905994186,218.0,18036400128,55542960128,105,1875.0,12.6,28782002176,72219254784,100,16165240832,1233240064,68.0,52.049,69.125,
60021980288334,307.960024416,222.3,18036400128,55542960128,105,1918.0,8.8,28782231552,72219025408,100,16165240832,1233240064,69.0,52.063,69.125,
60022036153968,308.01589005,196.7,18036404224,55542960128,105,1843.0,10.7,28782231552,72219025408,100,16165240832,1233240064,68.0,52.054,69.125,
60022090168157,308.069904239,203.6,18036404224,55542960128,105,1818.0,9.9,28782231552,72219025408,100,16165240832,1233240064,69.0,52.062,69.125,
60022144254252,308.123990334,203.4,18036404224,55542960128,105,1837.0,10.4,28782231552,72219025408,100,16165240832,1233240064,68.0,52.06,69.125,
60022199170464,308.178906546,218.6,18036408320,55542960128,105,1859.0,9.7,28782231552,72219025408,100,16165240832,1233240064,69.0,52.058,69.125,
60022253132305,308.232868387,203.8,18036408320,55542960128,105,1857.0,12.1,28781707264,72219549696,100,16165240832,1233240064,68.0,52.065,69.125,
60022307319038,308.28705512,203.0,18036408320,55542960128,105,1864.0,10.5,28782190592,72219066368,100,16165240832,1233240064,69.0,52.056,69.125,
60022361219584,308.340955666,222.6,18036408320,55542960128,105,1844.0,10.4,28782125056,72219131904,100,16165240832,1233240064,68.0,52.064,69.125,
60022415249914,308.394985996,203.6,18036408320,55542960128,105,1846.0,11.8,28782354432,72218902528,100,16165240832,1233240064,68.0,52.047,69.125,
60022469486851,308.449222933,202.8,18036408320,55542960128,105,1854.0,9.7,28782354432,72218902528,100,16165240832,1233240064,68.0,52.057,69.125,
60022524228706,308.503964788,219.2,18036408320,55542960128,105,1799.0,11.5,28782354432,72218902528,100,16165240832,1233240064,69.0,52.045,69.125,
60022578337232,308.558073314,203.3,18036408320,55542960128,105,1853.0,9.4,28779356160,72221900800,100,16165240832,1233240064,68.0,52.063,69.125,
60022632073159,308.611809241,204.7,18036412416,55542960128,105,1819.0,11.6,28779356160,72221900800,100,16165240832,1233240064,68.0,52.042,69.125,
60022686176836,308.665912918,203.4,18036412416,55542960128,105,1837.0,9.4,28779356160,72221900800,100,16165240832,1233240064,69.0,52.064,69.125,
60022740078103,308.719814185,204.1,18036416512,55542960128,105,1825.0,10.6,28779356160,72221900800,100,16165240832,1233240064,68.0,52.044,69.125,
60022794712386,308.774448468,201.0,18036416512,55542960128,105,1850.0,10.3,28779839488,72221417472,100,16165240832,1233240064,68.0,52.062,69.125,
60022848192433,308.827928515,205.9,18036416512,55542960128,105,1799.0,12.4,28779315200,72221941760,100,16169435136,1233240064,68.0,52.052,69.125,
60022901394458,308.88113054,225.5,18036416512,55542960128,105,1829.0,12.9,28778270720,72222986240,100,16169435136,1233240064,68.0,52.063,69.125,
60022955039204,308.934775286,205.2,18036416512,55542960128,105,1821.0,12.4,28778500096,72222756864,100,16169435136,1233240064,69.0,52.062,69.125,
60023008171978,308.98790806,188.1,18036416512,55542960128,105,1828.0,10.7,28778500096,72222756864,100,16169435136,1233240064,69.0,52.056,69.125,
60023061196771,309.040932853,207.4,18036416512,55542960128,105,1830.0,12.1,28780048384,72221208576,100,16169435136,1233240064,68.0,52.054,69.125,
60023120046615,309.099782697,815.7,18036416512,55542960128,105,1900.0,48.7,28778729472,72222527488,100,16169435136,1233240064,69.0,52.07,69.125,
60023181401260,309.161137342,423.7,18036416512,55542960128,105,1859.0,23.3,28770213888,72231043072,100,16169435136,1233240064,68.0,52.073,69.125,
60023235325701,309.215061783,204.1,18036416512,55542960128,105,1819.0,11.6,28770213888,72231043072,100,16169435136,1233240064,68.0,52.043,69.125,
60023289210186,309.268946268,204.2,18036416512,55542960128,105,1839.0,10.3,28769918976,72231337984,100,16169435136,1233240064,69.0,52.066,69.125,
60023343228824,309.322964906,222.0,18036416512,55542960128,105,1833.0,11.0,28770177024,72231079936,100,16169435136,1233240064,68.0,52.044,69.0,
60023397249185,309.376985267,203.6,18036416512,55542960128,105,1844.0,11.1,28770045952,72231211008,100,16169435136,1233240064,68.0,52.064,69.125,
60023451251662,309.430987744,203.7,18036416512,55542960128,105,1735.0,13.2,28770045952,72231211008,100,16169435136,1233240064,68.0,52.05,69.125,
60023505215466,309.484951548,203.8,18036420608,55542960128,105,1850.0,11.0,28770045952,72231211008,100,16169435136,1233240064,68.0,52.065,69.125,
60023559223523,309.538959605,203.6,18036420608,55542960128,105,1827.0,12.8,28770045952,72231211008,100,16169435136,1233240064,68.0,52.054,69.0,
60023613293487,309.593029569,222.1,18036420608,55542960128,105,1888.0,10.5,28770275328,72230981632,100,16169435136,1233240064,69.0,52.065,69.125,
60023667186178,309.64692226,204.1,18036420608,55542960128,105,1820.0,11.6,28770529280,72230727680,100,16169435136,1233240064,68.0,52.066,69.0,
60023721221787,309.700957869,203.6,18036420608,55542960128,105,1863.0,9.9,28770758656,72230498304,100,16169435136,1233240064,69.0,52.06,69.0,
60023775255081,309.754991163,203.6,18036420608,55542960128,105,1847.0,10.3,28770988032,72230268928,100,16169435136,1233240064,69.0,52.067,69.0,
60023829261916,309.808997998,222.2,18036420608,55542960128,105,1854.0,10.5,28771217408,72230039552,100,16169435136,1233240064,69.0,52.052,69.0,
60023883332551,309.863068633,203.3,18036420608,55542960128,105,1835.0,13.3,28770492416,72230764544,100,16169435136,1233240064,68.0,52.069,69.125,
60023937274845,309.917010927,204.0,18036420608,55542960128,105,1915.0,13.8,28770230272,72231026688,100,16169435136,1233240064,68.0,52.045,69.0,
60023991265840,309.971001922,203.9,18036420608,55542960128,105,1866.0,9.5,28770230272,72231026688,100,16169435136,1233240064,68.0,52.062,69.0,
60024045172658,310.02490874,204.2,18036424704,55542960128,105,1824.0,11.2,28770484224,72230772736,100,16169435136,1233240064,68.0,52.043,69.0,
60024098243196,310.077979278,206.9,18036424704,55542960128,105,1866.0,10.4,28770484224,72230772736,100,16169435136,1233240064,68.0,52.063,69.0,
60024151249824,310.130985906,207.6,18036424704,55542960128,105,1839.0,12.4,28770226176,72231030784,100,16169435136,1233240064,68.0,52.052,69.0,
60024204290866,310.184026948,207.7,18036424704,55542960128,105,1868.0,10.1,28770226176,72231030784,100,16169435136,1233240064,69.0,52.064,69.0,
60024257385629,310.237121711,206.8,18036424704,55542960128,105,1846.0,11.1,28770484224,72230772736,100,16169435136,1233240064,68.0,52.062,69.125,
60024312261856,310.291997938,200.6,18036424704,55542960128,105,1894.0,9.8,28770484224,72230772736,100,16169435136,1233240064,69.0,52.059,69.125,
60024365242856,310.344978938,207.5,18036424704,55542960128,105,1863.0,10.6,28770484224,72230772736,100,16169435136,1233240064,68.0,52.066,69.125,
60024418336146,310.398072228,207.3,18036424704,55542960128,105,1870.0,11.2,28770484224,72230772736,100,16169435136,1233240064,69.0,52.051,69.125,
60024471351280,310.451087362,207.4,18036424704,55542960128,105,1872.0,9.4,28770484224,72230772736,100,16169435136,1233240064,68.0,52.06,69.125,
60024525272464,310.505008546,204.1,18036424704,55542960128,105,1926.0,11.1,28770484224,72230772736,100,16169435136,1233240064,69.0,52.046,69.125,
60024578267550,310.558003632,207.5,18036428800,55542960128,105,1877.0,8.9,28770484224,72230772736,100,16169435136,1233240064,68.0,52.065,69.125,
60024631257446,310.610993528,207.7,18036428800,55542960128,105,1887.0,12.9,28770091008,72231165952,100,16169435136,1233240064,68.0,52.045,69.125,
60024684278681,310.664014763,207.5,18036428800,55542960128,105,1884.0,8.9,28770091008,72231165952,100,16169435136,1233240064,68.0,52.063,69.125,
60024737273517,310.717009599,207.5,18036428800,55542960128,105,1866.0,11.8,28770091008,72231165952,100,16169435136,1233240064,68.0,52.052,69.125,
60024790341510,310.770077592,207.1,18036428800,55542960128,105,1870.0,9.5,28770091008,72231165952,100,16169435136,1233240064,69.0,52.064,69.125,
60024843328000,310.823064082,189.1,18036428800,55542960128,105,1823.0,12.7,28770091008,72231165952,100,16169435136,1233240064,68.0,52.066,69.125,
60024896162244,310.875898326,226.7,18036428800,55542960128,105,1880.0,13.4,28769968128,72231288832,100,16169435136,1233240064,69.0,52.06,69.125,
60024949379367,310.929115449,187.9,18036428800,55542960128,105,1921.0,11.2,28769968128,72231288832,100,16169435136,1233240064,68.0,52.061,69.125,
60025002257202,310.981993284,208.0,18036428800,55542960128,105,1888.0,11.2,28769968128,72231288832,100,16169435136,1233240064,68.0,52.043,69.125,
60025055309345,311.035045427,207.3,18036428800,55542960128,105,1863.0,8.9,28770484224,72230772736,100,16169435136,1233240064,69.0,52.063,69.125,
60025108506531,311.088242613,188.0,18036432896,55542960128,105,1859.0,12.8,28774612992,72226643968,100,16169435136,1233240064,69.0,52.045,69.125,
60025162279216,311.142015298,223.3,18036432896,55542960128,105,1871.0,8.8,28774612992,72226643968,100,16169435136,1233240064,69.0,52.066,69.125,
60025215300040,311.195036122,207.3,18036432896,55542960128,105,1847.0,11.1,28774735872,72226521088,100,16169435136,1233240064,69.0,52.048,69.125,
60025269353192,311.249089274,203.3,18036432896,55542960128,105,1876.0,9.8,28774735872,72226521088,100,16169435136,1233240064,69.0,52.069,69.125,
60025324307705,311.304043787,218.7,18036436992,55542960128,105,1861.0,9.8,28774735872,72226521088,100,16169435136,1233240064,68.0,52.051,69.125,
60025378283973,311.358020055,203.8,18036436992,55542960128,105,1918.0,9.4,28773982208,72227274752,100,16169435136,1233240064,68.0,52.066,69.125,
60025432256964,311.411993046,203.8,18036436992,55542960128,105,1844.0,10.5,28773982208,72227274752,100,16169435136,1233240064,68.0,52.058,69.125,
60025486288084,311.466024166,203.5,18036436992,55542960128,105,1884.0,9.2,28773982208,72227274752,100,16169435136,1233240064,69.0,52.063,69.125,
60025540306721,311.520042803,221.9,18036436992,55542960128,105,1839.0,9.8,28773982208,72227274752,100,16169435136,1233240064,68.0,52.067,69.125,
60025594398444,311.574134526,203.5,18036436992,55542960128,105,1865.0,10.4,28773982208,72227274752,100,16169435136,1233240064,69.0,52.06,69.125,
60025648269254,311.628005336,204.4,18036441088,55542960128,105,1888.0,10.5,28773982208,72227274752,100,16169435136,1233240064,69.0,52.066,69.125,
60025703409395,311.683145477,199.3,18036441088,55542960128,105,1898.0,10.1,28773982208,72227274752,100,16169435136,1233240064,69.0,52.053,69.125,
60025757454561,311.737190643,222.0,18036441088,55542960128,105,1856.0,9.9,28773982208,72227274752,100,16169435136,1233240064,68.0,52.063,69.125,
60025811328396,311.791064478,204.2,18036441088,55542960128,105,1877.0,9.8,28773982208,72227274752,100,16169435136,1233240064,69.0,52.047,69.125,
60025865351171,311.845087253,203.6,18036441088,55542960128,105,1878.0,10.6,28773965824,72227291136,100,16165240832,1233240064,68.0,52.07,69.125,
60025919324222,311.899060304,203.8,18036449280,55542960128,105,1894.0,14.4,28774879232,72226377728,100,16165240832,1233240064,68.0,52.044,69.125,
60025973328602,311.953064684,203.6,18036449280,55542960128,105,1849.0,9.9,28774821888,72226435072,100,16165240832,1233240064,69.0,52.064,69.125,
60026028424480,312.008160562,217.9,18036449280,55542960128,105,1830.0,10.2,28774821888,72226435072,100,16165240832,1233240064,68.0,52.045,69.125,
60026082407079,312.062143161,203.6,18036449280,55542960128,105,1885.0,8.8,28774821888,72226435072,100,16165240832,1233240064,68.0,52.064,69.125,
60026136376002,312.116112084,204.0,18036449280,55542960128,105,1882.0,11.1,28775051264,72226205696,100,16165240832,1233240064,68.0,52.053,69.125,
60026190446105,312.170182187,203.5,18036453376,55542960128,105,1904.0,8.1,28774658048,72226598912,100,16165240832,1233240064,70.0,52.067,69.125,
60026244330750,312.224066832,222.6,18036453376,55542960128,105,1843.0,11.6,28774658048,72226598912,100,16165240832,1233240064,68.0,52.06,69.125,
60026298363724,312.278099806,203.6,18036453376,55542960128,105,1890.0,9.4,28774658048,72226598912,100,16165240832,1233240064,69.0,52.064,69.125,
60026352464465,312.332200547,203.3,18036453376,55542960128,105,1893.0,10.5,28774658048,72226598912,100,16165240832,1233240064,68.0,52.071,69.125,
60026406353217,312.386089299,204.2,18036453376,55542960128,105,1866.0,11.0,28774133760,72227123200,100,16165240832,1233240064,69.0,52.058,69.125,
60026460346106,312.440082188,222.2,18036457472,55542960128,105,1847.0,9.9,28774133760,72227123200,100,16165240832,1233240064,68.0,52.067,69.125,
60026516395543,312.496131625,196.2,18036457472,55542960128,105,1855.0,10.6,28774133760,72227123200,100,16165240832,1233240064,69.0,52.053,69.125,
60026570317198,312.55005328,204.1,18036457472,55542960128,105,1856.0,9.8,28771291136,72229965824,100,16165240832,1233240064,69.0,52.065,69.125,
60026624370268,312.60410635,221.9,18036457472,55542960128,105,1849.0,10.5,28771520512,72229736448,100,16165240832,1233240064,69.0,52.049,69.125,
60026678351064,312.658087146,203.9,18036457472,55542960128,105,1855.0,8.2,28771520512,72229736448,100,16165240832,1233240064,69.0,52.066,69.125,
60026733324141,312.713060223,200.0,18036461568,55542960128,105,1873.0,10.8,28771749888,72229507072,100,16165240832,1233240064,68.0,52.044,69.125,
60026787466450,312.767202532,203.2,18036461568,55542960128,105,1857.0,9.8,28771979264,72229277696,100,16165240832,1233240064,68.0,52.066,69.125,
60026841353699,312.821089781,222.8,18036461568,55542960128,105,1869.0,12.2,28768595968,72232660992,100,16169435136,1233240064,68.0,52.049,69.125,
60026898510225,312.878246307,192.1,18036461568,55542960128,105,1855.0,13.2,28768333824,72232923136,100,16169435136,1233240064,68.0,52.067,69.125,
60026960536238,312.94027232,225.9,18036461568,55542960128,105,1888.0,12.6,28768333824,72232923136,100,16169435136,1233240064,68.0,52.046,69.125,
60027014427706,312.994163788,204.2,18036461568,55542960128,105,1864.0,9.4,28768587776,72232669184,100,16169435136,1233240064,68.0,52.064,69.125,
60027068354710,313.048090792,222.5,18036461568,55542960128,105,1858.0,11.7,28772454400,72228802560,100,16169435136,1233240064,68.0,52.051,69.125,
60027122318374,313.102054456,185.4,18036465664,55542960128,105,1870.0,10.5,28772704256,72228552704,100,16169435136,1233240064,69.0,52.067,69.125,
60027180736156,313.160472238,222.5,18036465664,55542960128,105,1916.0,11.8,28772962304,72228294656,100,16169435136,1233240064,68.0,52.055,69.125,
60027234432297,313.214168379,204.8,18036465664,55542960128,105,1845.0,10.4,28772962304,72228294656,100,16169435136,1233240064,69.0,52.064,69.125,
60027288392934,313.268129016,203.8,18036469760,55542960128,105,1831.0,12.7,28772962304,72228294656,100,16169435136,1233240064,68.0,52.065,69.125,
60027343557662,313.323293744,199.5,18036469760,55542960128,105,1895.0,10.3,28773220352,72228036608,100,16169435136,1233240064,69.0,52.06,69.125,
60027397399536,313.377135618,222.8,18036469760,55542960128,105,1827.0,12.2,28773220352,72228036608,100,16169435136,1233240064,68.0,52.067,69.125,
60027451363911,313.431099993,203.9,18036469760,55542960128,105,1894.0,11.7,28773220352,72228036608,100,16169435136,1233240064,69.0,52.056,69.125,
60027505524183,313.485260265,203.0,18036469760,55542960128,105,1877.0,10.8,28773220352,72228036608,100,16169435136,1233240064,68.0,52.062,69.125,
60027559460444,313.539196526,204.0,18036469760,55542960128,105,1952.0,12.2,28773220352,72228036608,100,16169435136,1233240064,68.0,52.046,69.125,
60027613455085,313.593191167,203.8,18036469760,55542960128,105,1886.0,8.8,28773220352,72228036608,100,16169435136,1233240064,68.0,52.065,69.125,
60027667392268,313.64712835,204.0,18036469760,55542960128,105,1903.0,12.3,28772679680,72228577280,100,16169435136,1233240064,68.0,52.042,69.0,
60027721335142,313.701071224,222.6,18036473856,55542960128,105,1875.0,8.8,28772679680,72228577280,100,16169435136,1233240064,68.0,52.065,69.125,
60027775338219,313.755074301,203.5,18036473856,55542960128,105,1867.0,12.1,28773163008,72228093952,100,16169435136,1233240064,68.0,52.048,69.0,
60027829484975,313.809221057,203.1,18036477952,55542960128,105,1912.0,9.2,28773163008,72228093952,100,16169435136,1233240064,69.0,52.065,69.125,
60027883352047,313.863088129,222.8,18036477952,55542960128,105,1876.0,14.1,28773392384,72227864576,100,16169435136,1233240064,68.0,52.057,69.125,
60027937369962,313.917106044,203.7,18036477952,55542960128,105,1903.0,9.9,28773052416,72228204544,100,16169435136,1233240064,69.0,52.064,69.0,
60027991429905,313.971165987,203.3,18036477952,55542960128,105,1920.0,12.1,28773281792,72227975168,100,16169435136,1233240064,68.0,52.059,69.0,
60028045445005,314.025181087,203.7,18036477952,55542960128,105,1895.0,10.5,28773281792,72227975168,100,16169435136,1233240064,69.0,52.059,69.0,
60028099392317,314.079128399,203.9,18036477952,55542960128,105,1857.0,10.5,28773281792,72227975168,100,16169435136,1233240064,69.0,52.069,69.0,
60028153454394,314.133190476,203.4,18036477952,55542960128,105,1883.0,11.0,28773281792,72227975168,100,16169435136,1233240064,69.0,52.062,69.0,
60028207601171,314.187337253,203.1,18036477952,55542960128,105,1851.0,10.5,28773281792,72227975168,100,16169435136,1233240064,69.0,52.069,69.125,
60028262521609,314.242257691,218.6,18036477952,55542960128,105,1870.0,11.9,28773281792,72227975168,100,16169435136,1233240064,69.0,52.054,69.125,
60028316579118,314.2963152,222.1,18036482048,55542960128,105,1869.0,9.4,28773761024,72227495936,100,16169435136,1233240064,68.0,52.064,69.125,
60028370511262,314.350247344,203.9,18036486144,55542960128,105,1869.0,11.6,28773990400,72227266560,100,16169435136,1233240064,68.0,52.05,69.125,
60028424452934,314.404189016,204.0,18036486144,55542960128,105,1857.0,9.4,28773990400,72227266560,100,16169435136,1233240064,69.0,52.067,69.125,
60028478478663,314.458214745,203.6,18036486144,55542960128,105,1896.0,11.6,28773990400,72227266560,100,16169435136,1233240064,69.0,52.047,69.125,
60028531541695,314.511277777,188.3,18036486144,55542960128,105,1849.0,10.5,28773990400,72227266560,100,16169435136,1233240064,68.0,52.067,69.125,
60028586571689,314.566307771,236.2,18036486144,55542960128,105,1813.0,11.9,28773990400,72227266560,100,16169435136,1233240064,68.0,52.051,69.125,
60028640533879,314.620269961,185.4,18036486144,55542960128,105,1814.0,11.0,28773990400,72227266560,100,16169435136,1233240064,68.0,52.066,69.125,
60028694474198,314.67421028,204.0,18036486144,55542960128,105,1861.0,9.5,28774219776,72227037184,100,16169435136,1233240064,68.0,52.053,69.125,
60028747444105,314.727180187,226.6,18036486144,55542960128,105,1888.0,10.0,28774219776,72227037184,100,16169435136,1233240064,69.0,52.065,69.125,
60028800415476,314.780151558,188.7,18036486144,55542960128,105,1884.0,11.2,28773703680,72227553280,100,16169435136,1233240064,68.0,52.062,69.125,
60028855527353,314.835263435,217.6,18036490240,55542960128,105,1878.0,11.9,28773703680,72227553280,100,16169435136,1233240064,69.0,52.069,69.125,
60028911519833,314.891255915,214.4,18036494336,55542960128,105,1847.0,14.6,28773703680,72227553280,100,16169435136,1233240064,68.0,52.071,69.125,
60028965423914,314.945159996,204.1,18036494336,55542960128,105,1829.0,11.0,28772888576,72228368384,100,16169435136,1233240064,69.0,52.052,69.125,
60029018494781,314.998230863,207.3,18036494336,55542960128,105,1903.0,8.4,28772888576,72228368384,100,16169435136,1233240064,68.0,52.06,69.125,
60029071423301,315.051159383,207.6,18036494336,55542960128,105,1892.0,11.8,28776730624,72224526336,100,16169435136,1233240064,68.0,52.047,69.125,
60029125509724,315.105245806,203.5,18036494336,55542960128,105,1870.0,8.7,28776722432,72224534528,100,16169435136,1233240064,68.0,52.065,69.125,
60029178537190,315.158273272,188.4,18036494336,55542960128,105,1876.0,10.6,28776722432,72224534528,100,16169435136,1233240064,68.0,52.043,69.125,
60029232473351,315.212209433,204.2,18036498432,55542960128,105,1891.0,9.4,28777463808,72223793152,100,16169435136,1233240064,69.0,52.066,69.125,
60029285387464,315.265123546,207.9,18036498432,55542960128,105,1825.0,10.7,28777463808,72223793152,100,16169435136,1233240064,68.0,52.046,69.125,
60029338406844,315.318142926,226.3,18036498432,55542960128,105,1905.0,8.3,28777693184,72223563776,100,16169435136,1233240064,69.0,52.064,69.125,
60029391412549,315.371148631,207.5,18036498432,55542960128,105,1854.0,10.7,28777693184,72223563776,100,16169435136,1233240064,68.0,52.052,69.125,
60029444542938,315.42427902,188.0,18036506624,55542960128,105,1897.0,9.4,28777693184,72223563776,100,16169435136,1233240064,69.0,52.066,69.125,
60029498492995,315.478229077,203.9,18036506624,55542960128,105,1890.0,9.4,28777922560,72223334400,100,16169435136,1233240064,68.0,52.058,69.125,
60029552474891,315.532210973,222.4,18036506624,55542960128,105,1892.0,9.3,28778151936,72223105024,100,16169435136,1233240064,69.0,52.064,69.125,
60029606585279,315.586321361,203.2,18036506624,55542960128,105,1863.0,10.4,28778381312,72222875648,100,16169435136,1233240064,69.0,52.067,69.125,
60029660492245,315.640228327,204.1,18036506624,55542960128,105,1819.0,10.4,28778610688,72222646272,100,16169435136,1233240064,68.0,52.06,69.125,
60029714450056,315.694186138,203.9,18036506624,55542960128,105,1868.0,9.9,28778610688,72222646272,100,16169435136,1233240064,68.0,52.067,69.125,
60029768567317,315.748303399,203.3,18036506624,55542960128,105,1871.0,10.3,28778610688,72222646272,100,16169435136,1233240064,69.0,52.054,69.125,
60029822516291,315.802252373,222.4,18036506624,55542960128,105,1869.0,9.3,28778610688,72222646272,100,16169435136,1233240064,68.0,52.064,69.125,
60029876514819,315.856250901,203.8,18036506624,55542960128,105,1870.0,13.6,28775677952,72225579008,100,16165240832,1233240064,68.0,52.052,69.125,
60029930551178,315.91028726,203.6,18036506624,55542960128,105,1836.0,12.0,28775677952,72225579008,100,16165240832,1233240064,68.0,52.064,69.125,
60029984602004,315.964338086,203.5,18036510720,55542960128,105,1885.0,11.0,28775677952,72225579008,100,16165240832,1233240064,68.0,52.041,69.125,
60030038616832,316.018352914,203.7,18036514816,55542960128,105,1845.0,9.8,28775669760,72225587200,100,16165240832,1233240064,69.0,52.065,69.125,
60030093734991,316.073471073,217.7,18036514816,55542960128,105,1847.0,11.0,28775669760,72225587200,100,16165240832,1233240064,68.0,52.045,69.125,
60030147514888,316.12725097,204.6,18036514816,55542960128,105,1873.0,10.4,28775669760,72225587200,100,16165240832,1233240064,68.0,52.066,69.125,
60030205574377,316.185310459,206.7,18036514816,55542960128,105,1831.0,10.3,28775669760,72225587200,100,16165240832,1233240064,68.0,52.05,69.125,
60030259353032,316.239089114,204.6,18036514816,55542960128,105,1879.0,9.3,28775899136,72225357824,100,16165240832,1233240064,68.0,52.064,69.125,
60030313621737,316.293357819,202.5,18036514816,55542960128,105,1861.0,9.9,28775899136,72225357824,100,16165240832,1233240064,68.0,52.053,69.0,
60030367603093,316.347339175,203.8,18036514816,55542960128,105,1884.0,9.9,28775899136,72225357824,100,16165240832,1233240064,69.0,52.064,69.0,
60030421482577,316.401218659,222.7,18036514816,55542960128,105,1890.0,11.6,28775899136,72225357824,100,16165240832,1233240064,68.0,52.059,69.0,
60030475480203,316.455216285,204.0,18036514816,55542960128,105,1873.0,8.8,28775899136,72225357824,100,16165240832,1233240064,68.0,52.062,69.0,
60030528525161,316.508261243,678.0,18036547584,55542960128,105,1893.0,31.5,28775899136,72225357824,99,16165240832,1233240064,66.0,52.009,69.0,
60030585479896,316.565215978,562.0,18036551680,55542960128,105,1871.0,14.1,28774088704,72227168256,99,16165240832,1233240064,69.0,52.022,69.0,
60030639587128,316.61932321,221.7,18036551680,55853338624,105,1858.0,10.5,29086523392,71914733568,99,16752443392,1233231872,69.0,52.028,69.0,
60030695709311,316.675445393,196.0,18036551680,56406986752,105,1827.0,11.2,29404766208,71596490752,99,17029267456,1233227776,68.0,52.056,69.0,
60030748468612,316.728204694,208.8,18036551680,56683810816,105,1849.0,11.4,29862174720,71139082240,99,17306091520,1233223680,70.0,52.065,69.0,
60030801509944,316.781246026,207.3,18036555776,56960634880,105,1835.0,11.7,30206337024,70794919936,99,17582915584,1233219584,67.0,52.052,69.0,
60030854459883,316.834195965,188.4,18036555776,57998725120,105,1837.0,14.0,30844674048,70156582912,99,18625200128,1233207296,68.0,52.074,69.0,
60030908664908,316.88840099,203.1,18036559872,58468487168,105,1854.0,14.0,31414521856,69586735104,99,19094962176,1233203200,68.0,52.099,69.125,
60030962600437,316.942336519,222.6,18036559872,58468487168,105,1805.0,13.8,31720706048,69280550912,99,19094962176,1233199104,67.0,52.068,69.0,
60031017692758,316.99742884,199.7,18036563968,58697076736,105,1828.0,12.0,31951917056,69049339904,99,19323551744,1233195008,68.0,52.034,69.0,
60031072620269,317.052356351,200.2,18036568064,59171033088,105,1895.0,12.6,32436826112,68564430848,100,20026097664,1233186816,68.0,52.042,69.0,
60031126643352,317.106379434,203.5,18036572160,60047642624,105,1898.0,31.8,33101578240,67899678720,100,20674117632,1233182720,68.0,52.051,69.0,
60031180663831,317.160399913,203.8,18036572160,60376895488,105,1953.0,20.6,33646575616,67354681344,100,21003370496,1233182720,68.0,52.065,69.0,
60031234729594,317.214465676,203.4,18036576256,61027012608,105,1866.0,15.1,34294018048,66707238912,100,21653487616,1233182720,69.0,52.062,68.875,
60031288585184,317.268321266,204.2,18036580352,61677129728,105,1813.0,14.0,34738348032,66262908928,100,22303604736,1233182720,68.0,52.073,68.875,
60031342609149,317.322345231,222.3,18036584448,62241263616,105,1830.0,13.1,35338620928,65662636032,100,22867738624,1233182720,68.0,52.08,68.875,
60031396773898,317.37650998,202.9,18036588544,62811688960,105,1846.0,12.8,36029874176,64971382784,100,23438163968,1233182720,67.0,52.062,68.875,
60031451720244,317.431456326,218.6,18036588544,63363239936,105,1884.0,12.7,36646436864,64354820096,100,23989714944,1233182720,68.0,52.04,68.875,
60031506149390,317.485885472,202.2,18036588544,63933665280,105,1924.0,11.5,37242028032,63759228928,100,24845352960,1233182720,68.0,52.04,68.875,
60031560655640,317.540391722,201.6,18036588544,64810274816,105,1877.0,11.6,37913116672,63088140288,100,25436749824,1233182720,68.0,52.048,68.875,
60031614673253,317.594409335,203.7,18036592640,65414254592,105,1847.0,12.7,38714228736,62287028224,100,26040729600,1233182720,69.0,52.055,68.875,
60031668983946,317.648720028,202.5,18036592640,66068566016,105,1823.0,13.8,39351762944,61649494016,100,26695041024,1233182720,68.0,52.062,68.75,
60031723740826,317.703476908,218.8,18036592640,66718683136,105,1838.0,12.1,39769214976,61232041984,100,27345158144,1233182720,68.0,52.058,68.75,
60031777539568,317.75727565,204.9,18036592640,67368800256,105,1861.0,14.5,40373452800,60627804160,100,27995275264,1233182720,68.0,52.067,68.75,
60031831672718,317.8114088,203.3,18036592640,67693858816,105,1834.0,14.4,40889729024,60111527936,99,28645392384,1233182720,68.0,52.062,68.75,
60031886619234,317.866355316,200.0,18036592640,68343975936,105,1891.0,16.1,41456087040,59545169920,99,28970450944,1233182720,68.0,52.072,68.75,
60031940711357,317.920447439,221.9,18036592640,68994093056,105,1865.0,17.4,42033729536,58967527424,99,29620568064,1233182720,67.0,52.073,68.75,
60031995697157,317.975433239,200.1,18036592640,69338025984,105,1849.0,15.3,42526388224,58474868736,99,29964500992,1233182720,67.0,52.058,68.75,
60032050744042,318.030480124,199.8,18036592640,69652598784,105,1835.0,13.3,42851524608,58149732352,99,30279073792,1233182720,68.0,52.045,68.625,
60032104614970,318.084351052,166.8,18036592640,69967171584,105,1875.0,14.5,43169267712,57831989248,99,30593646592,1233182720,67.0,52.046,68.625,
60032158838880,318.138574962,202.9,18036596736,70596317184,105,1820.0,15.8,43531067392,57470189568,99,31222792192,1233182720,68.0,52.053,68.625,
60032212743240,318.192479322,204.4,18036596736,70910889984,105,1888.0,15.9,44094529536,56906727424,99,31537364992,1233182720,68.0,52.058,68.625,
60032266803373,318.246539455,203.4,18036596736,71542132736,105,1845.0,13.4,44554141696,56447115264,99,32168607744,1233178624,68.0,52.056,68.625,
60032320645887,318.300381969,223.0,18036596736,71852511232,105,1878.0,15.0,45038358528,55962898432,99,32793559040,1233174528,68.0,52.058,68.625,
60032375834528,318.35557061,198.8,18036596736,72483753984,105,1993.0,15.8,45534126080,55467130880,99,33110228992,1233170432,67.0,52.061,68.5,
60032430642835,318.410378917,219.5,18036596736,72798326784,105,1971.0,15.1,45994803200,55006453760,99,33741471744,1233166336,68.0,52.064,68.5,
60032484611075,318.464347157,185.2,18036600832,73429569536,105,1907.0,14.0,46461370368,54539886592,99,34056044544,1233166336,68.0,52.057,68.5,
60032538658995,318.518395077,221.7,18036600832,73746239488,105,1867.0,17.2,46954659840,54046597120,99,34689384448,1233158144,67.0,52.06,68.5,
60032593622964,318.573359046,200.4,18036604928,74364899328,105,1926.0,15.7,47571484672,53429772288,99,34991374336,1233158144,66.0,52.038,68.5,
60032647685721,318.627421803,184.5,18036604928,77384798208,105,1980.0,15.5,48207634432,52793622528,99,38011273216,1233162240,67.0,52.05,68.5,
60032702693402,318.682429484,218.7,18036609024,77384798208,105,2381.0,11.2,49317482496,51683774464,93,38011273216,1233162240,63.0,51.02,69.0,
60032768640873,318.748376955,212.1,18036613120,77387595776,105,2774.0,10.9,50610855936,50390401024,91,38011273216,1233166336,67.0,51.041,70.625,
60032825650420,318.805386502,1914.4,18077806592,77437927424,105,3841.0,67.4,50694955008,50306301952,86,38011273216,1233166336,63.0,51.083,72.625,
60032899703503,318.879439585,1229.1,18022760448,77370818560,105,2799.0,42.4,50658758656,50342498304,83,38011273216,1233166336,62.0,51.089,74.0,
60032951579917,318.931315999,192.9,18022760448,77370818560,105,2313.0,8.4,50660122624,50341134336,79,38011273216,1233166336,61.0,51.014,75.375,
60033003635488,318.98337157,211.2,18022760448,77370818560,105,2744.0,9.5,50660610048,50340646912,75,38011273216,1233166336,61.0,50.029,76.625,
60033057677426,319.037413508,203.4,18022760448,77370818560,105,2658.0,9.2,50660052992,50341203968,71,38011273216,1233166336,61.0,49.056,77.875,
