t_ns,rel_s,proc_cpu_pct,rss_bytes,vms_bytes,nthreads,cpu_freq_mhz,sys_cpu_pct,sys_used_bytes,sys_available_bytes,gpu_busy_pct,gtt_used_bytes,vram_used_bytes,gpu_temp_c,gpu_power_w,cpu_temp_c,rapl_energy_uj
60736852920095,0.000358332,0.0,1125859328,15910506496,98,2570.0,0.0,4094967808,96906289152,8,313917440,1230036992,60.0,41.062,97.125,
60736922060542,0.069498779,2329.2,1754636288,46713618432,129,4181.0,89.7,4439949312,96561307648,8,313917440,1230036992,60.0,43.005,97.25,
60736981418149,0.128856386,2881.9,2693709824,46713618432,129,4188.0,94.8,4908576768,96092680192,8,313917440,1230036992,60.0,44.045,97.375,
60737036075495,0.183513732,3052.0,3984904192,46713618432,129,3933.0,98.4,5565014016,95436242944,8,313917440,1230036992,60.0,45.069,97.5,
60737091709532,0.239147769,3019.7,5173882880,46713618432,129,3825.0,100.0,6157332480,94843924480,8,313917440,1230036992,60.0,46.065,97.625,
60737146030106,0.293468343,3115.0,6181801984,46713618432,129,3894.0,100.0,6623338496,94377918464,8,313917440,1230036992,60.0,47.025,97.5,
60737205275142,0.352713379,3037.6,7523516416,46713618432,129,3951.0,98.5,7370932224,93630324736,8,313917440,1230036992,60.0,47.096,97.375,
60737260340693,0.40777893,1852.5,7925342208,46713618432,129,4044.0,59.9,7425613824,93575643136,8,313917440,1230036992,60.0,48.029,97.5,
60737313245965,0.460684202,1134.2,8332763136,46713618432,129,4020.0,34.1,7626301440,93374955520,8,313917440,1230036992,60.0,48.034,97.625,
60737367342589,0.514780826,1534.5,8698380288,46713618432,129,4173.0,51.5,7803289600,93197967360,8,311820288,1230036992,60.0,48.077,97.75,
60737421346981,0.568785218,1536.7,9031630848,46713618432,129,4035.0,50.6,7965294592,93035962368,8,311820288,1230036992,60.0,49.009,97.875,
60737474400871,0.621839108,753.7,9464168448,46713618432,129,4068.0,28.6,8176836608,92824420352,8,311820288,1230036992,60.0,49.043,98.0,
60737547478078,0.694916315,1889.0,9760337920,46713618432,129,4219.0,62.1,8324517888,92676739072,8,311820288,1230036992,60.0,50.029,97.875,
60737604499696,0.751937933,701.4,10278051840,46713618432,129,4064.0,26.6,8589651968,92411604992,8,311820288,1230036992,60.0,50.041,98.0,
60737663297534,0.810735771,1786.5,10581639168,46713618432,129,4173.0,62.2,8740388864,92260868096,8,311820288,1230036992,60.0,50.084,98.125,
60737715739967,0.863178204,1010.3,11011616768,46713618432,129,4182.0,39.1,8952709120,92048547840,8,311820288,1230036992,60.0,50.096,98.25,
60737778420273,0.92585851,1484.0,11388125184,46713618432,129,4175.0,46.4,9136168960,91865088000,8,311820288,1230036992,60.0,51.033,97.75,
60737835191903,0.98263014,1109.4,11796500480,46713618432,129,4119.0,35.6,9326063616,91675193344,8,311820288,1230036992,60.0,51.06,97.5,
60737890062558,1.037500795,1585.3,12219064320,46714667008,129,4158.0,54.3,9534050304,91467206656,8,311820288,1230036992,60.0,51.081,97.75,
60737943041577,1.090479814,2926.3,13158133760,46714667008,129,4141.0,95.4,10035183616,90966073344,8,311820288,1230036992,60.0,52.031,97.875,
60737996039903,1.14347814,3036.5,14206459904,46714667008,129,4121.0,100.0,10597765120,90403491840,8,311820288,1230036992,60.0,52.091,98.0,
60738054032171,1.201470408,3070.9,15705137152,46714667008,129,4123.0,100.0,11325984768,89675272192,8,311820288,1230036992,60.0,53.038,98.0,
60738107027140,1.254465377,3037.9,16646230016,46714667008,129,4146.0,98.8,11787169792,89214087168,8,311820288,1230036992,60.0,53.07,98.125,
60738160035735,1.307473972,2960.8,17614041088,46714667008,129,4145.0,98.2,12346580992,88654675968,8,311820288,1230036992,60.0,54.005,98.25,
60738213508399,1.360946636,2898.3,18679848960,46714667008,129,4053.0,94.8,12889882624,88111374336,8,311820288,1230036992,60.0,54.021,98.25,
60738267043581,1.414481818,2952.3,19714973696,46714667008,129,3993.0,96.4,13386735616,87614521344,8,311820288,1230036992,60.0,54.011,97.875,
60738320058909,1.467497146,2848.7,20598480896,46714667008,129,4030.0,93.7,13885652992,87115603968,8,311820288,1230036992,60.0,53.091,97.25,
60738377056902,1.524495139,3069.6,21744279552,46714667008,129,4009.0,100.0,14431952896,86569304064,8,311820288,1230036992,60.0,53.081,96.875,
60738430051080,1.577489317,3056.8,22746333184,46714667008,129,4037.0,99.4,14880632832,86120624128,8,311820288,1230036992,60.0,53.066,96.625,
60738486041936,1.633480173,3054.8,23688630272,46714667008,129,4066.0,98.9,15360929792,85640327168,8,311820288,1230036992,60.0,53.055,96.25,
60738541065688,1.688503925,3014.2,25005424640,46714667008,129,4011.0,99.4,16120578048,84880678912,8,311820288,1230036992,60.0,53.058,96.0,
60738594951858,1.742390095,3045.6,26101202944,46714667008,129,4025.0,100.0,16638898176,84362358784,8,311820288,1230036992,60.0,53.046,95.625,
60738653391735,1.800829972,2975.3,27171082240,46714667008,129,4047.0,98.9,17125232640,83876024320,8,311820288,1230036992,60.0,53.038,95.25,
60738711303712,1.858741949,2989.5,28439851008,46714667008,129,4027.0,98.4,17768828928,83232428032,8,311820288,1230036992,60.0,53.038,95.0,
60738767071119,1.914509356,3011.7,29525499904,46714667008,129,4035.0,98.9,18338500608,82662756352,8,311820288,1230036992,60.0,53.035,94.75,
60738928520626,2.075958863,501.7,15364157440,33159897088,129,2775.0,17.9,18371497984,82629758976,8,311820288,1230036992,60.0,51.081,95.0,
60738987038259,2.134476496,2291.2,15372496896,34511151104,129,4202.0,83.9,18371497984,82629758976,8,311820288,1230036992,60.0,52.013,95.125,
60739041444023,2.18888226,3033.6,15380905984,34511151104,129,4194.0,98.3,18372530176,82628726784,8,311820288,1230036992,60.0,52.046,95.125,
60739095037544,2.242475781,3096.5,15403708416,34489913344,129,4195.0,100.0,18381819904,82619437056,8,311820288,1230036992,60.0,52.083,95.25,
60739149251969,2.296690206,3079.9,15478517760,34426187776,129,4176.0,99.4,18421301248,82579955712,8,311820288,1230036992,60.0,53.022,95.375,
60739202038017,2.349476254,3107.6,15552585728,34389897216,129,4195.0,100.0,18479878144,82521378816,8,311820288,1230036992,60.0,53.059,95.5,
60739256308257,2.403746494,2855.9,15682650112,34278420480,129,4165.0,98.2,18621390848,82379866112,8,310054912,1230036992,60.0,54.013,95.625,
60739315045671,2.462483908,2552.9,15829815296,34135093248,129,3998.0,94.6,18766671872,82234585088,8,310054912,1230036992,60.0,54.005,95.375,
60739368044147,2.515482384,3001.2,15991619584,33955930112,129,4009.0,98.8,18925629440,82075627520,8,310054912,1230036992,60.0,53.071,95.125,
60739424086870,2.571525107,3033.2,16017002496,33932038144,129,4096.0,97.8,18938531840,82062725120,8,310054912,1230036992,60.0,53.044,94.75,
60739477023480,2.624461717,3080.1,16035581952,33932038144,129,4140.0,98.8,18950402048,82050854912,8,310054912,1230036992,60.0,53.028,94.5,
60739530020352,2.677458589,3132.4,16044552192,33932038144,129,4143.0,100.0,18957369344,82043887616,8,310054912,1230036992,60.0,53.019,94.5,
60739583010432,2.730448669,3134.4,16046661632,33932038144,129,4139.0,100.0,18959433728,82041823232,8,310054912,1230036992,60.0,53.012,94.625,
60739637220990,2.784659227,3097.6,16061018112,33932038144,129,4183.0,99.4,18963587072,82037669888,8,311820288,1230036992,60.0,53.004,94.5,
60739690043356,2.837481593,3004.1,16120066048,33932038144,129,4141.0,100.0,18964606976,82036649984,8,311820288,1230036992,60.0,53.007,94.25,
60739743017155,2.890455392,3083.2,16188485632,33932038144,129,4142.0,99.4,18964606976,82036649984,8,311820288,1230036992,60.0,53.003,94.25,
60739796021482,2.943459719,3074.1,16303407104,33932038144,129,4148.0,98.8,18964606976,82036649984,8,311820288,1230036992,60.0,53.0,94.25,
60739849012353,2.99645059,3079.8,16503095296,33932038144,129,4129.0,100.0,18965987328,82035269632,8,311820288,1230036992,60.0,53.0,94.25,
60739902010568,3.049448805,3112.8,16669360128,33932038144,129,4153.0,100.0,18966216704,82035040256,8,311820288,1230036992,60.0,52.095,94.25,
60739955017450,3.102455687,3076.0,16706191360,33932038144,129,4145.0,99.4,18966216704,82035040256,8,311820288,1230036992,60.0,52.092,94.25,
60740007021922,3.154460159,3114.5,16714579968,33932038144,129,4139.0,100.0,18966216704,82035040256,8,311820288,1230036992,60.0,52.093,94.375,
60740058363892,3.205802129,1731.6,16726945792,33962508288,129,2841.0,53.3,18969931776,82031325184,8,311820288,1230036992,60.0,52.059,94.5,
60740283346825,3.430785062,199.9,16731451392,33298046976,37,2742.0,8.8,19017220096,81984036864,8,311820288,1230036992,60.0,49.038,95.625,
60740354449400,3.501887637,225.4,16767909888,40873734144,37,2748.0,9.8,19054559232,81946697728,7,311820288,1230036992,60.0,48.084,95.875,
60740416432980,3.563871217,193.5,16782163968,40873734144,37,2543.0,10.0,19071311872,81929945088,7,311820288,1230036992,60.0,48.025,96.125,
60740471322892,3.618761129,455.8,16911728640,41927454720,68,3526.0,17.2,19079798784,81921458176,7,311820288,1230036992,60.0,48.0,96.375,
60740523493235,3.670931472,1570.9,17694228480,41927454720,68,3673.0,55.9,19079770112,81921486848,7,311820288,1230036992,60.0,49.079,96.5,
60740600541877,3.747980114,1609.5,18819866624,41927454720,68,3321.0,54.8,19079999488,81921257472,8,311820288,1230036992,60.0,50.087,96.375,
60740653388478,3.800826715,1476.2,19594178560,41927454720,68,3281.0,52.7,19080245248,81921011712,8,311820288,1230036992,60.0,51.078,96.5,
60740705364707,3.852802944,1461.0,20342140928,41927454720,68,3212.0,50.9,19081277440,81919979520,8,311820288,1230036992,60.0,51.091,96.375,
60740757443559,3.904881796,1536.7,21160554496,41927454720,68,3305.0,52.1,19082309632,81918947328,8,311820288,1230036992,60.0,52.023,96.125,
60740810652920,3.958091157,1390.9,21978116096,41927454720,68,3332.0,47.6,19082309632,81918947328,8,311820288,1230036992,60.0,52.061,95.875,
60740862447088,4.009885325,1332.0,22685642752,41927454720,68,3373.0,47.5,19083853824,81917403136,8,311820288,1230036992,60.0,52.099,95.75,
60740915390580,4.062828817,1549.4,23490228224,41927454720,68,3282.0,52.1,19084369920,81916887040,8,311820288,1230036992,60.0,53.038,95.5,
60740967399351,4.114837588,653.9,24323911680,41927454720,68,3143.0,25.3,19084886016,81916370944,8,311820288,1230036992,60.0,53.026,95.5,
60741019347467,4.166785704,308.0,24373174272,49507110912,68,2947.0,13.3,19083571200,81917685760,8,311820288,1230036992,61.0,52.082,95.625,
60741073458568,4.220896805,702.1,24391090176,50346512384,70,3309.0,28.9,19102334976,81898921984,8,311820288,1230036992,60.0,52.093,95.75,
60741126387824,4.273826061,812.5,24421036032,50369318912,70,3106.0,29.3,19142262784,81858994176,8,311820288,1230036992,60.0,53.005,95.5,
60741377393802,4.524832039,278.9,24485941248,51500568576,72,2893.0,12.2,19233746944,81767510016,7,311820288,1230036992,60.0,48.099,97.0,
60741600776114,4.748214351,483.4,17139859456,46281023488,104,3923.0,21.5,19325083648,81676173312,7,311820288,1230036992,60.0,50.013,97.125,
60741664677720,4.812115957,767.1,17482944512,46427308032,104,3953.0,29.5,19469811712,81531445248,7,311820288,1230036992,60.0,51.008,96.875,
60741718694815,4.866133052,833.2,17778393088,46620258304,104,3466.0,33.3,19622703104,81378553856,8,311820288,1230036992,60.0,52.001,96.75,
60741773539872,4.920978109,838.8,18126569472,46746095616,104,3297.0,29.8,19791003648,81210253312,8,311820288,1230036992,60.0,52.081,96.625,
60741825429369,4.972867606,655.1,18474901504,46930657280,104,3500.0,26.3,19968692224,81032564736,8,311820288,1230036992,61.0,52.073,96.375,
60741880194947,5.027633184,748.9,18749952000,47106830336,104,3543.0,28.7,20106227712,80895029248,8,311820288,1230036992,60.0,52.091,96.0,
60741934519969,5.081958206,754.7,19037163520,47249444864,104,3384.0,27.6,20248813568,80752443392,8,311820288,1230036992,60.0,53.036,96.0,
60741986462716,5.133900953,750.7,19289055232,47341723648,104,3318.0,28.7,20380323840,80620933120,8,311820288,1230036992,60.0,53.057,95.75,
60742038421702,5.185859939,519.7,19551580160,47492730880,104,3526.0,21.0,20506107904,80495149056,8,311820288,1230036992,60.0,53.011,95.5,
60742090420584,5.237858821,730.8,19807031296,47635345408,104,3414.0,27.7,20635529216,80365727744,8,311820288,1230036992,60.0,53.016,95.375,
60742142368961,5.289807198,692.7,20054130688,47710846976,104,3350.0,25.6,20761153536,80240103424,8,311820288,1230036992,60.0,53.025,95.375,
60742194407898,5.341846135,480.6,20293525504,47878631424,104,3545.0,17.7,20879876096,80121380864,8,310054912,1230036992,60.0,53.019,95.5,
60742246329344,5.393767581,770.4,20556996608,47970910208,104,3392.0,27.6,21013577728,79987679232,8,310054912,1230036992,60.0,53.039,95.25,
60742298378270,5.445816507,806.8,20835627008,48113528832,104,3335.0,30.7,21154971648,79846285312,8,310054912,1230036992,60.0,53.051,95.125,
60742350530960,5.497969197,652.0,21161410560,48281313280,104,3452.0,25.9,21315342336,79685914624,8,310054912,1230036992,60.0,53.019,94.75,
60742402424935,5.549863172,751.7,21396672512,48407150592,104,3438.0,29.9,21432516608,79568740352,8,310054912,1230036992,60.0,53.008,94.75,
60742454433013,5.60187125,788.0,21663666176,48549765120,104,3414.0,29.7,21566611456,79434645504,8,310054912,1230036992,60.0,53.011,94.875,
60742506467231,5.653905468,519.0,21952122880,48667213824,104,4273.0,20.8,21712338944,79288918016,8,310054912,1230036992,60.0,53.006,94.375,
60742558489727,5.705927964,634.4,22196617216,48793051136,104,3817.0,24.4,21836292096,79164964864,8,310054912,1230036992,61.0,53.011,94.25,
60742610419279,5.757857516,731.7,22480248832,48935665664,104,3879.0,27.5,21977067520,79024189440,8,310054912,1230036992,60.0,53.028,93.75,
60742662475999,5.809914236,710.6,22750130176,49061502976,104,3650.0,28.0,22111911936,78889345024,8,311820288,1230036992,61.0,53.04,93.375,
60742715600109,5.863038346,752.6,23121756160,49246064640,104,3681.0,30.6,22299582464,78701674496,9,311820288,1230036992,60.0,53.036,92.875,
60742768387449,5.915825686,966.1,23552131072,49464180736,104,3571.0,36.8,22518624256,78482632704,9,311820288,1230036992,60.0,53.031,92.375,
60742821557737,5.968995974,940.7,23998042112,49707466752,104,3558.0,33.1,22746349568,78254907392,8,311820288,1230036992,60.0,53.015,91.875,
60742874403055,6.021841292,813.9,24351367168,49900417024,104,3689.0,30.1,22915227648,78086029312,9,311820288,1230036992,60.0,53.003,91.375,
60742926473811,6.073912048,422.6,24618352640,50001088512,104,3715.0,17.6,23052713984,77948542976,9,311820288,1230036992,60.0,52.066,91.375,
60742980575766,6.128014003,794.9,24846704640,50143703040,104,3489.0,28.0,23163854848,77837402112,9,311820288,1230036992,60.0,52.069,91.375,
60743032463158,6.179901395,636.0,25129877504,50286317568,104,3973.0,24.7,23306076160,77695180800,9,311820288,1230036992,60.0,53.006,91.125,
60743084571966,6.232010203,671.4,25434624000,50403766272,104,3472.0,25.3,23459442688,77541814272,9,311820288,1230036992,60.0,53.002,91.25,
60743137475533,6.28491377,737.2,25809444864,50596716544,104,3489.0,28.4,23654580224,77346676736,9,311820288,1230036992,60.0,52.084,91.125,
60743189573841,6.337012078,710.6,26082414592,50772889600,104,3731.0,24.8,23788449792,77212807168,9,311820288,1230036992,60.0,52.075,90.875,
60743241463047,6.388901284,751.2,26454347776,50915504128,104,3638.0,30.8,23996100608,77005156352,9,311820288,1230036992,60.0,53.005,91.125,
60743294622945,6.442061182,1711.4,27370242048,51372716032,104,3210.0,61.1,24453984256,76547272704,9,311820288,1230036992,60.0,53.047,90.75,
60743347634335,6.495072572,1697.3,28421550080,51930595328,104,3147.0,64.3,25001549824,75999707136,9,311820288,1230036992,60.0,53.036,90.25,
60743401505967,6.548944204,1689.3,29305819136,52341661696,104,3167.0,64.5,25437589504,75563667456,9,311820288,1230036992,60.0,53.027,89.75,
60743455601319,6.603039556,1700.4,30438744064,52912123904,104,3255.0,64.2,25975828480,75025428480,9,311820288,1230036992,60.0,53.016,89.25,
60743509660343,6.65709858,1682.7,31924756480,53723529216,104,3377.0,64.0,26743128064,74258128896,9,311820288,1230036992,60.0,53.006,88.75,
60743563638404,6.711076641,1427.4,32102928384,53778276352,104,3399.0,52.9,26848460800,74152796160,9,311820288,1230036992,61.0,52.097,88.25,
60743617746400,6.765184637,1699.7,32102928384,53778276352,104,3357.0,63.2,26848460800,74152796160,8,311820288,1230036992,60.0,53.0,87.875,
60743671700887,6.819139124,1724.4,32102932480,53778276352,104,3311.0,64.5,26849222656,74152034304,8,311820288,1230036992,61.0,52.099,87.5,
60743725622133,6.87306037,1150.9,32103960576,53980651520,104,3173.0,40.9,26930749440,74070507520,8,513146880,1230036992,61.0,52.046,87.125,
60743786728688,6.934166925,212.8,31709757440,53787709440,104,2445.0,8.9,27284692992,73716563968,11,915808256,1230856192,61.0,51.054,87.625,
60743841173585,6.988611822,183.5,31307096064,53787701248,104,2515.0,9.7,27332575232,73668681728,13,1519788032,1232224256,61.0,50.087,88.5,
60743927080123,7.07451836,244.5,30501773312,53989011456,104,2633.0,10.3,27647922176,73353334784,14,2123767808,1233268736,61.0,50.071,89.125,
60743994588129,7.142026366,207.3,29897781248,53787672576,104,2754.0,10.1,27622404096,73378852864,15,2727747584,1234464768,61.0,50.057,89.75,
60744046825578,7.194263815,172.1,29495119872,53988990976,104,2626.0,9.9,27937230848,73064026112,16,3533053952,1236267008,61.0,50.043,90.625,
60744136940375,7.284378612,233.1,28488466432,53988970496,104,2932.0,10.6,27951591424,73049665536,16,4137033728,1237266432,62.0,50.037,91.125,
60744189505207,7.336943444,209.4,28085805056,53988962304,104,2786.0,9.0,28237443072,72763813888,17,4539686912,1238134784,61.0,50.021,91.625,
60744247891553,7.39532979,188.4,27481812992,53988950016,104,2794.0,10.1,28115144704,72886112256,17,5143666688,1239261184,61.0,50.011,92.125,
60744299604288,7.447042525,212.7,27079155712,53988941824,104,2595.0,9.1,28284698624,72716558336,18,5747646464,1240858624,62.0,49.049,92.75,
60744394712746,7.542150983,220.7,26273837056,53988925440,104,2563.0,10.1,28106338304,72894918656,18,6552952832,1242193920,61.0,49.012,93.25,
60744464665205,7.612103442,228.8,25669844992,53921804288,104,2825.0,9.6,28166467584,72834789376,19,6888497152,1242857472,61.0,48.081,93.625,
60744517494083,7.66493232,208.2,25334288384,53888237568,104,2666.0,8.9,28170919936,72830337024,19,7190487040,1242771456,62.0,48.039,94.0,
60744573525203,7.72096344,178.5,24931618816,53888221184,104,2653.0,9.0,28166860800,72834396160,20,7593140224,1242800128,61.0,48.013,94.25,
60744628623856,7.776062093,217.8,24528949248,53888204800,104,2678.0,9.1,28217700352,72783556608,20,8096456704,1242861568,62.0,47.094,94.625,
60744686878334,7.834316571,206.0,23924944896,53888180224,104,3361.0,13.6,28447395840,72553861120,21,8599773184,1242861568,62.0,48.035,94.625,
60744739596123,7.88703436,189.7,23522275328,53888163840,104,2713.0,9.0,28547346432,72453910528,21,9002426368,1242800128,62.0,48.027,94.875,
60744792466549,7.939904786,208.0,23119605760,53888147456,104,2583.0,9.5,28540891136,72460365824,21,9505742848,1242861568,62.0,48.008,95.25,
60744852634725,8.000072962,199.5,22616268800,53888126976,104,2948.0,8.9,28632481792,72368775168,22,9908396032,1242861568,61.0,47.087,95.5,
60744905413068,8.052851305,189.4,22280708096,53821001728,104,2899.0,10.5,28681629696,72319627264,22,10176831488,1242861568,61.0,47.061,95.625,
60744958616116,8.106054353,206.7,21945131008,53820960768,104,2812.0,10.3,28630188032,72371068928,22,10545930240,1242849280,62.0,47.042,95.875,
60745017450322,8.164888559,187.0,21542428672,53820911616,104,2550.0,9.9,28646658048,72354598912,22,10915028992,1242779648,62.0,47.025,96.125,
60745070551109,8.217989346,207.2,21206843392,53820870656,104,2922.0,9.4,28727148544,72274108416,23,11284127744,1242828800,62.0,47.014,96.375,
60745123755019,8.271193256,188.0,20804141056,53820821504,104,2729.0,9.5,28792082432,72209174528,23,11653226496,1242816512,62.0,47.011,96.5,
60745178630053,8.32606829,182.1,20367880192,53820768256,104,2559.0,10.2,28956286976,72044969984,24,12188332032,1242804224,62.0,47.019,96.75,
60745243549867,8.390988104,231.0,19898060800,53820710912,104,2799.0,9.7,28917673984,72083582976,24,12691648512,1242791936,62.0,47.008,97.0,
60745312409817,8.459848054,203.4,19394682880,53820649472,104,2732.0,9.7,29009276928,71991980032,24,13060747264,1242714112,61.0,47.0,97.125,
60745364482377,8.511920614,192.0,19025543168,53820604416,104,2651.0,9.9,28993560576,72007696384,24,13463400448,1242701824,62.0,47.005,97.25,
60745419480741,8.566918978,199.9,18656399360,53820559360,104,3109.0,10.3,29018558464,71982698496,25,13866053632,1242755072,62.0,47.008,97.375,
60745480006748,8.627444985,198.3,18220138496,53820506112,104,2756.0,11.1,29082906624,71918350336,25,14235152384,1242742784,62.0,47.012,97.5,
60745534607738,8.682045975,201.4,17951674368,53820473344,104,2868.0,10.3,29082161152,71919095808,25,14503587840,1242664960,62.0,46.093,97.625,
60745586613232,8.734051469,192.3,17914925056,53846536192,104,2937.0,9.7,29080551424,71920705536,24,14571208704,1242685440,61.0,46.05,97.875,
60745658679844,8.806118081,624.0,17929457664,53958479872,105,3911.0,29.1,29108633600,71892623360,24,14593654784,1242656768,61.0,46.069,98.0,
60745713141111,8.860579348,220.6,17961152512,54100021248,105,3037.0,24.0,29233586176,71767670784,23,14703927296,1242443776,61.0,46.098,98.0,
60745767698970,8.915137207,201.6,18037538816,54176329728,105,2863.0,10.5,29271728128,71729528832,22,14703927296,1242443776,61.0,46.069,98.125,
60745821446409,8.968884646,186.0,18053595136,54208098304,105,2765.0,9.9,29273726976,71727529984,22,14719811584,1242415104,60.0,46.054,98.25,
60745873628354,9.021066591,191.7,18061582336,54256840704,105,3154.0,10.8,29303463936,71697793024,21,14760833024,1242341376,61.0,46.036,98.375,
60745929421388,9.076859625,215.1,18097287168,54308212736,105,2766.0,10.2,29290872832,71710384128,21,14774882304,1242320896,61.0,46.002,98.375,
60745986681282,9.134119519,209.6,18138910720,54396739584,105,2894.0,11.4,29340626944,71660630016,20,14830915584,1242218496,60.0,45.084,98.5,
60746052724171,9.200162408,212.0,18176450560,54450987008,105,2979.0,11.8,29358010368,71643246592,20,14841434112,1242222592,61.0,45.082,98.625,
60746104558504,9.251996741,192.9,18217734144,54567858176,105,3084.0,10.3,29439397888,71561859072,20,15094214656,1241747456,65.0,46.014,98.625,
60746172742367,9.320180604,220.1,18217791488,55046107136,105,3031.0,11.4,29950177280,71051079680,24,15427973120,1241186304,67.0,47.038,98.375,
60746225784454,9.373222691,847.8,18217828352,55056592896,105,2930.0,29.9,29957988352,71043268608,28,15438458880,1241165824,67.0,48.06,98.0,
60746278577334,9.426015571,208.3,18217832448,55056592896,105,1829.0,12.1,29957988352,71043268608,31,15438458880,1241165824,68.0,49.053,97.25,
60746332722970,9.480161207,184.7,18217832448,55056592896,105,1874.0,9.3,29958217728,71043039232,35,15438458880,1241165824,68.0,50.0,96.5,
60746386669573,9.53410781,203.8,18217832448,55056592896,105,1771.0,14.5,29957955584,71043301376,39,15438458880,1241165824,68.0,50.03,95.75,
60746440701325,9.588139562,222.2,18217832448,55056592896,105,1872.0,10.5,29958438912,71042818048,42,15438458880,1241165824,69.0,50.098,95.0,
60746494616518,9.642054755,203.8,18217832448,55056592896,105,1831.0,12.1,29958438912,71042818048,45,15438458880,1241165824,68.0,51.031,94.375,
60746548672356,9.696110593,203.7,18217832448,55056592896,105,1857.0,10.5,29958438912,71042818048,48,15438458880,1241165824,69.0,51.089,93.625,
60746602658773,9.75009701,203.8,18217832448,55056592896,105,1825.0,11.6,29958438912,71042818048,50,15438458880,1241165824,68.0,52.021,93.0,
60746656695034,9.804133271,203.6,18217832448,55056592896,105,1806.0,11.7,29958656000,71042600960,53,15438458880,1241165824,69.0,52.076,92.375,
60746710689787,9.858128024,222.2,18217832448,55056592896,105,1762.0,14.5,29959917568,71041339392,56,15438458880,1241165824,68.0,53.0,91.75,
60746764696151,9.912134388,203.7,18217836544,55056592896,105,1851.0,11.0,29959917568,71041339392,58,15438458880,1241165824,69.0,53.051,91.125,
60746818654426,9.966092663,203.9,18217836544,55056592896,105,1769.0,11.0,29935128576,71066128384,60,15438458880,1241165824,68.0,53.073,90.625,
60746872747804,10.020186041,203.3,18217836544,55056592896,105,1835.0,9.9,29910839296,71090417664,62,15438458880,1241165824,69.0,54.012,90.0,
60746927807633,10.07524587,218.1,18217840640,55056592896,105,1818.0,11.4,29902581760,71098675200,64,15438458880,1241165824,68.0,53.089,89.375,
60746981660450,10.129098687,204.2,18217840640,55056592896,105,1815.0,11.7,29902811136,71098445824,66,15438458880,1241165824,67.0,53.044,88.875,
60747035633773,10.18307201,203.9,18217840640,55056592896,105,1837.0,9.4,29903298560,71097958400,68,15438458880,1241165824,67.0,53.04,88.25,
60747088639281,10.236077518,207.3,18217840640,55056592896,105,1764.0,14.0,29903294464,71097962496,70,15438458880,1241165824,67.0,53.003,87.75,
60747142775940,10.290214177,203.1,18217840640,55056592896,105,1813.0,9.4,29903781888,71097475072,71,15438458880,1241165824,67.0,53.013,87.125,
60747198930813,10.34636905,213.7,18217840640,55056592896,105,1812.0,13.1,29904011264,71097245696,73,15438458880,1241165824,68.0,53.006,86.625,
60747253744431,10.401182668,200.8,18217840640,55056592896,105,1879.0,9.9,29904011264,71097245696,74,15438458880,1241165824,68.0,53.031,86.125,
60747311821116,10.459259353,223.8,18217844736,55056592896,105,1811.0,13.0,29904240640,71097016320,76,15438458880,1241165824,68.0,53.012,85.625,
60747366924447,10.514362684,199.6,18217844736,55056592896,105,1856.0,11.4,29904211968,71097044992,77,15438458880,1241165824,68.0,53.022,85.125,
60747421728948,10.569167185,200.8,18217844736,55056592896,105,1743.0,11.5,29904179200,71097077760,78,15438458880,1241165824,68.0,53.016,84.75,
60747475828577,10.623266814,240.4,18217844736,55056592896,105,1829.0,9.2,29904179200,71097077760,79,15438458880,1241165824,68.0,53.01,84.25,
60747529751766,10.677190003,185.3,18217848832,55056592896,105,1816.0,9.8,29904408576,71096848384,80,15438458880,1241165824,68.0,53.008,83.875,
60747583744705,10.731182942,203.9,18217848832,55056592896,105,1818.0,9.9,29904662528,71096594432,81,15438458880,1241165824,68.0,53.0,83.375,
60747637813808,10.785252045,203.4,18217848832,55056592896,105,1814.0,10.5,29905108992,71096147968,82,15438458880,1241165824,67.0,53.007,83.0,
60747691701590,10.839139827,222.7,18217848832,55056592896,105,1798.0,12.9,29905338368,71095918592,83,15438458880,1241165824,68.0,52.09,82.625,
60747745798855,10.893237092,203.3,18217848832,55056592896,105,1820.0,11.6,29902942208,71098314752,84,15438458880,1241165824,67.0,53.006,82.25,
60747799638226,10.947076463,204.3,18217848832,55056592896,105,1834.0,11.7,29903171584,71098085376,85,15438458880,1241165824,68.0,52.085,81.75,
60747853660932,11.001099169,203.7,18217852928,55056592896,105,1834.0,8.8,29895143424,71106113536,86,15438458880,1241165824,68.0,53.003,81.5,
60747907700448,11.055138685,222.0,18217852928,55056592896,105,1821.0,12.1,29870370816,71130886144,87,15438458880,1241165824,67.0,52.086,81.125,
60747961914723,11.10935296,203.0,18217852928,55056592896,105,1881.0,8.8,29854334976,71146921984,87,15438458880,1241165824,68.0,53.002,80.75,
60748015582352,11.163020589,186.6,18217852928,55056592896,105,1841.0,11.3,29854822400,71146434560,88,15438458880,1241165824,67.0,52.092,80.375,
60748067742947,11.215181184,210.9,18217852928,55056592896,105,1863.0,9.6,29855051776,71146205184,89,15438458880,1241165824,68.0,52.098,80.125,
60748120702579,11.268140816,226.1,18217857024,55056592896,105,1841.0,10.6,29855797248,71145459712,89,15438458880,1241165824,68.0,53.001,79.75,
60748175900858,11.323339095,199.3,18217857024,55056592896,105,1801.0,11.8,29843812352,71157444608,90,15438458880,1241165824,68.0,52.096,79.5,
60748229731313,11.37716955,204.3,18217857024,55056592896,105,1842.0,9.4,29843812352,71157444608,90,15438458880,1241165824,68.0,53.004,79.125,
60748283730514,11.431168751,203.8,18217857024,55056592896,105,1893.0,9.4,29844041728,71157215232,91,15438458880,1241165824,68.0,52.094,78.875,
60748336758014,11.484196251,206.8,18217857024,55056592896,105,1882.0,9.9,29843779584,71157477376,91,15438458880,1241165824,67.0,53.005,78.625,
60748390717440,11.538155677,204.7,18217861120,55056592896,105,1863.0,12.4,29839466496,71161790464,92,15438458880,1241165824,67.0,52.081,78.25,
60748443721195,11.591159432,207.3,18217861120,55056592896,105,1869.0,9.4,29839466496,71161790464,92,15438458880,1241165824,68.0,53.006,78.0,
60748496742453,11.64418069,207.5,18217861120,55056592896,105,1878.0,9.5,29839204352,71162052608,93,15438458880,1241165824,68.0,52.084,77.75,
60748549764913,11.69720315,207.1,18217861120,55056592896,105,1876.0,8.8,29839433728,71161823232,93,15438458880,1241165824,68.0,53.002,77.5,
60748603720603,11.75115884,185.6,18217861120,55056592896,105,1871.0,10.5,29839433728,71161823232,93,15438458880,1241165824,67.0,52.093,77.25,
60748656756849,11.804195086,207.4,18217865216,55056592896,105,1863.0,11.8,29839171584,71162085376,94,15438458880,1241165824,68.0,53.009,77.0,
60748709720308,11.857158545,226.5,18217865216,55056592896,105,1785.0,14.5,29839159296,71162097664,94,15438458880,1241165824,68.0,53.005,76.75,
60748763722304,11.911160541,203.8,18217865216,55056592896,105,1853.0,10.7,29839151104,71162105856,94,15438458880,1241165824,68.0,52.093,76.5,
60748816705280,11.964143517,207.5,18217865216,55056592896,105,1836.0,9.4,29830893568,71170363392,95,15438458880,1241165824,68.0,52.096,76.375,
60748870793318,12.018231555,203.3,18217865216,55056592896,105,1853.0,9.9,29799374848,71201882112,95,15438458880,1241165824,68.0,52.083,76.125,
60748924851059,12.072289296,203.5,18217869312,55056592896,105,1865.0,8.7,29791113216,71210143744,95,15438458880,1241165824,67.0,52.094,75.875,
60748978769368,12.126207605,222.6,18217869312,55056592896,105,1848.0,11.0,29790851072,71210405888,95,15438458880,1241165824,68.0,52.075,75.75,
60749032813363,12.1802516,203.6,18217869312,55056592896,105,1858.0,9.9,29782589440,71218667520,96,15438458880,1241165824,68.0,53.0,75.5,
60749086662122,12.234100359,185.7,18217869312,55056592896,105,1854.0,12.2,29782818816,71218438144,96,15438458880,1241165824,68.0,52.078,75.25,
60749140660001,12.288098238,203.7,18217869312,55056592896,105,1838.0,9.4,29783076864,71218180096,96,15438458880,1241165824,67.0,52.098,75.125,
60749194708645,12.342146882,203.5,18217869312,55056592896,105,1836.0,11.0,29774819328,71226437632,96,15438458880,1241165824,68.0,52.082,74.875,
60749248775042,12.396213279,222.0,18217873408,55056592896,105,1895.0,9.2,29774819328,71226437632,96,15438458880,1241165824,68.0,53.0,74.75,
60749302806423,12.45024466,203.5,18217873408,55056592896,105,1844.0,10.5,29775048704,71226208256,97,15438458880,1241165824,68.0,52.09,74.625,
60749356865286,12.504303523,203.6,18217873408,55056592896,105,1862.0,9.4,29775048704,71226208256,97,15438458880,1241165824,68.0,52.098,74.375,
60749410757457,12.558195694,222.7,18217873408,55056592896,105,1848.0,11.6,29775306752,71225950208,97,15440556032,1241165824,68.0,52.098,74.25,
60749465878852,12.613317089,217.7,18217877504,55056592896,105,1889.0,10.8,29775306752,71225950208,97,15440556032,1241165824,68.0,52.093,74.125,
60749519833720,12.667271957,185.2,18217877504,55056592896,105,1838.0,10.5,29775306752,71225950208,97,15440556032,1241165824,68.0,52.093,73.875,
60749573674754,12.721112991,204.4,18217877504,55056592896,105,1821.0,11.8,29775536128,71225720832,97,15440556032,1241165824,68.0,52.08,73.75,
60749626802782,12.774241019,225.8,18217877504,55056592896,105,1846.0,10.0,29775536128,71225720832,98,15440556032,1241165824,68.0,52.096,73.625,
60749680923080,12.828361317,203.3,18217877504,55056592896,105,1834.0,15.5,29775527936,71225729024,98,15440556032,1241165824,68.0,52.078,73.5,
60749733756626,12.881194863,189.3,18217877504,55056592896,105,1848.0,11.3,29775757312,71225499648,98,15440556032,1241165824,68.0,52.095,73.375,
60749786653630,12.934091867,208.0,18217881600,55056592896,105,1822.0,10.2,29775364096,71225892864,98,15440556032,1241165824,68.0,52.079,73.25,
60749839771429,12.987209666,207.1,18217881600,55056592896,105,1908.0,9.4,29750591488,71250665472,98,15440556032,1241165824,68.0,52.095,73.125,
60749893930550,13.041368787,203.1,18217938944,55056658432,105,1835.0,12.2,29693009920,71308247040,98,15440588800,1241178112,68.0,52.081,72.875,
60749951060440,13.098498677,227.3,18217938944,55056658432,105,1824.0,11.4,29692715008,71308541952,98,15440588800,1241178112,68.0,52.098,72.75,
60750007908732,13.155346969,1248.8,18218016768,55065047040,105,1817.0,47.3,29701615616,71299641344,98,15448977408,1241161728,68.0,52.099,72.625,
60750060775641,13.208213878,208.5,18218016768,55065047040,105,1838.0,10.8,29702074368,71299182592,98,15448977408,1241161728,68.0,52.083,72.5,
60750113832806,13.261271043,225.8,18218016768,55065047040,105,1854.0,10.5,29701812224,71299444736,98,15448977408,1241161728,67.0,52.088,72.5,
60750167830594,13.315268831,203.9,18218016768,55065047040,105,1841.0,11.7,29701779456,71299477504,98,15448977408,1241161728,68.0,52.077,72.375,
60750220821615,13.368259852,207.6,18218016768,55065047040,105,1816.0,10.1,29702008832,71299248128,98,15448977408,1241161728,68.0,52.099,72.25,
60750273800944,13.421239181,188.8,18218016768,55065047040,105,1847.0,13.5,29702008832,71299248128,98,15448977408,1241161728,68.0,52.085,72.125,
60750326743444,13.474181681,207.6,18218016768,55065047040,105,1797.0,8.9,29702008832,71299248128,98,15448977408,1241161728,68.0,53.004,72.0,
60750379736499,13.527174736,207.6,18218016768,55065047040,105,1825.0,11.9,29702008832,71299248128,99,15448977408,1241161728,68.0,52.09,71.875,
60750433388800,13.580827037,204.9,18218020864,55065047040,105,1867.0,10.5,29701746688,71299510272,99,15448977408,1241161728,68.0,53.004,71.875,
60750486762949,13.634201186,187.5,18218020864,55065047040,105,1815.0,12.4,29701746688,71299510272,99,15448977408,1241161728,68.0,52.099,71.75,
60750539734714,13.687172951,226.9,18218020864,55065047040,105,1829.0,10.8,29701746688,71299510272,99,15448977408,1241161728,68.0,52.095,71.625,
60750592735633,13.74017387,207.2,18218024960,55065047040,105,1815.0,11.1,29701746688,71299510272,99,15448977408,1241161728,68.0,52.097,71.5,
60750645799481,13.793237718,207.4,18218024960,55065047040,105,1740.0,13.6,29701734400,71299522560,99,15448977408,1241161728,68.0,52.09,71.5,
60750698813385,13.846251622,207.2,18218024960,55065047040,105,1849.0,11.8,29701992448,71299264512,99,15448977408,1241161728,67.0,52.096,71.375,
60750752803619,13.900241856,185.4,18218024960,55065047040,105,1857.0,13.4,29702250496,71299006464,99,15448977408,1241161728,68.0,52.075,71.25,
60750805890640,13.953328877,225.9,18218024960,55065047040,105,1863.0,9.0,29693988864,71307268096,99,15448977408,1241161728,68.0,52.099,71.25,
60750858776333,14.00621457,189.3,18218024960,55065047040,105,1839.0,12.4,29645561856,71355695104,99,15448977408,1241161728,68.0,52.08,71.125,
60750911764188,14.059202425,207.4,18218024960,55065047040,105,1838.0,32.9,29597233152,71404023808,99,15448977408,1241161728,68.0,53.011,71.0,
60750964840128,14.112278365,207.3,18218029056,55065047040,105,1823.0,17.6,29592555520,71408701440,99,15448977408,1241161728,68.0,52.099,71.0,
60751017868068,14.165306305,207.4,18218029056,55065047040,105,1855.0,10.7,29592522752,71408734208,99,15448977408,1241161728,68.0,52.086,70.875,
60751070871072,14.218309309,207.5,18218029056,55065047040,105,1865.0,11.9,29592752128,71408504832,99,15448977408,1241161728,67.0,52.088,70.75,
60751123856633,14.27129487,207.6,18218033152,55065047040,105,1841.0,11.8,29592973312,71408283648,99,15448977408,1241161728,68.0,52.077,70.75,
60751176845520,14.324283757,207.5,18218033152,55065047040,105,1866.0,8.9,29592973312,71408283648,99,15448977408,1241161728,68.0,52.095,70.625,
60751229828155,14.377266392,188.8,18218033152,55065047040,105,1834.0,13.1,29592952832,71408304128,99,15448977408,1241161728,68.0,52.078,70.625,
60751282772168,14.430210405,226.6,18218033152,55065047040,105,1885.0,9.5,29593182208,71408074752,99,15448977408,1241161728,68.0,52.098,70.5,
60751335970938,14.483409175,206.7,18218033152,55065047040,105,1830.0,11.6,29593182208,71408074752,99,15448977408,1241161728,68.0,52.079,70.5,
60751389865292,14.537303529,204.1,18218033152,55065047040,105,1858.0,10.5,29593182208,71408074752,99,15448977408,1241161728,68.0,52.099,70.375,
60751443982695,14.591420932,203.2,18218033152,55065047040,105,1843.0,11.6,29593182208,71408074752,100,15448977408,1241161728,68.0,52.088,70.375,
60751497835381,14.645273618,204.4,18218037248,55065047040,105,1849.0,9.9,29593411584,71407845376,100,15448977408,1241161728,68.0,52.096,70.375,
60751551919171,14.699357408,203.2,18218037248,55065047040,105,1820.0,11.0,29593411584,71407845376,100,15448977408,1241161728,68.0,52.097,70.25,
60751605888335,14.753326572,222.5,18218041344,55065047040,105,1844.0,9.9,29593411584,71407845376,100,15448977408,1241161728,68.0,52.089,70.25,
60751659873851,14.807312088,203.6,18218041344,55065047040,105,1840.0,12.1,29593300992,71407955968,100,15448977408,1241161728,68.0,52.094,70.125,
60751713937412,14.861375649,203.6,18218045440,55065047040,105,1859.0,13.4,29593522176,71407734784,100,15448977408,1241161728,69.0,52.085,70.125,
60751767991105,14.915429342,203.1,18218045440,55065047040,105,1850.0,9.2,29593264128,71407992832,100,15448977408,1241161728,67.0,52.089,70.125,
60751823023453,14.97046169,200.3,18218045440,55065047040,105,1867.0,10.3,29593001984,71408254976,100,15448977408,1241161728,69.0,52.069,70.0,
60751876912057,15.024350294,222.7,18218045440,55065047040,105,1845.0,9.4,29522173952,71479083008,100,15448977408,1241161728,68.0,52.096,70.0,
60751930939530,15.078377767,203.6,18218045440,55065047040,105,1837.0,11.0,29513916416,71487340544,100,15448977408,1241161728,68.0,52.076,70.0,
60751984842852,15.132281089,203.9,18218045440,55065047040,105,1843.0,9.4,29505626112,71495630848,100,15448977408,1241161728,68.0,52.094,69.875,
60752038861098,15.186299335,203.9,18218049536,55065047040,105,1810.0,11.1,29495042048,71506214912,100,15448977408,1241161728,68.0,52.078,69.875,
60752092927856,15.240366093,203.6,18218049536,55065047040,105,1901.0,8.7,29495558144,71505698816,100,15448977408,1241161728,68.0,52.095,69.875,
60752146932697,15.294370934,221.9,18218049536,55065047040,105,1826.0,11.6,29495787520,71505469440,100,15448977408,1241161728,68.0,52.085,69.75,
60752200981541,15.348419778,203.5,18218049536,55065047040,105,1873.0,9.3,29495230464,71506026496,100,15448977408,1241161728,68.0,52.095,69.75,
60752255035515,15.402473752,203.5,18218049536,55065047040,105,1854.0,11.0,29495230464,71506026496,100,15448977408,1241161728,68.0,52.098,69.75,
60752308905393,15.45634363,204.1,18218053632,55065047040,105,1826.0,9.4,29495689216,71505567744,100,15448977408,1241161728,68.0,53.001,69.625,
60752362962943,15.51040118,222.0,18218053632,55065047040,105,1835.0,10.4,29488205824,71513051136,100,15448977408,1241161728,69.0,53.003,69.625,
60752416897884,15.564336121,204.0,18218053632,55065047040,105,1854.0,11.0,29485101056,71516155904,100,15444783104,1241161728,69.0,52.094,69.625,
60752471045914,15.618484151,203.2,18218053632,55065047040,105,1862.0,9.2,29485330432,71515926528,100,15444783104,1241161728,68.0,52.097,69.625,
60752524893390,15.672331627,204.2,18218053632,55065047040,105,1847.0,10.5,29485584384,71515672576,100,15444783104,1241161728,68.0,52.082,69.5,
60752579039606,15.726477843,221.9,18218057728,55065047040,105,1881.0,8.7,29486071808,71515185152,100,15444783104,1241161728,68.0,53.001,69.5,
60752632902362,15.780340599,185.6,18218057728,55065047040,105,1840.0,10.5,29485797376,71515459584,100,15444783104,1241161728,68.0,52.079,69.5,
60752686955203,15.83439344,221.8,18218061824,55065047040,105,1851.0,12.7,29485797376,71515459584,100,15444783104,1241161728,68.0,53.006,69.5,
60752740916663,15.8883549,185.3,18218061824,55065047040,105,1795.0,11.6,29485797376,71515459584,100,15444783104,1241161728,68.0,52.08,69.5,
60752794905414,15.942343651,222.4,18218061824,55065047040,105,1867.0,8.7,29485797376,71515459584,100,15444783104,1241161728,68.0,52.098,69.375,
60752849068512,15.996506749,203.1,18218065920,55065047040,105,1785.0,9.4,29461024768,71540232192,100,15444783104,1241161728,68.0,52.086,69.375,
60752903242541,16.050680778,202.9,18218065920,55065047040,105,1907.0,8.7,29430059008,71571197952,100,15444783104,1241161728,68.0,53.0,69.375,
60752956901935,16.104340172,223.7,18218065920,55065047040,105,1755.0,10.5,29409177600,71592079360,100,15444783104,1241161728,68.0,52.094,69.375,
60753009871425,16.157309662,189.2,18218065920,55065047040,105,1839.0,9.1,29409177600,71592079360,100,15444783104,1241161728,68.0,52.096,69.375,
60753063074654,16.210512891,206.3,18218065920,55065047040,105,1846.0,10.5,29408911360,71592345600,100,15444783104,1241161728,68.0,52.097,69.25,
60753116978676,16.264416913,204.0,18218070016,55065047040,105,1842.0,11.0,29409427456,71591829504,100,15444783104,1241161728,68.0,52.089,69.25,
60753170076597,16.317514834,207.1,18218070016,55065047040,105,1840.0,8.3,29409198080,71592058880,100,15444783104,1241161728,67.0,52.089,69.25,
60753223082075,16.370520312,207.7,18218070016,55065047040,105,1828.0,11.2,29408247808,71593009152,100,15444783104,1241161728,68.0,52.078,69.25,
60753276037389,16.423475626,207.6,18218070016,55065047040,105,1774.0,9.5,29408706560,71592550400,100,15444783104,1241161728,68.0,52.099,69.25,
60753329037998,16.476476235,207.9,18218070016,55065047040,105,1841.0,11.4,29408706560,71592550400,100,15444783104,1241161728,68.0,52.077,69.25,
60753381817572,16.529255809,208.4,18218070016,55065047040,105,1816.0,11.3,29409193984,71592062976,100,15448977408,1241161728,68.0,53.0,69.125,
60753434813192,16.582251429,207.2,18218074112,55065047040,105,1835.0,12.8,29401165824,71600091136,100,15448977408,1241161728,68.0,52.083,69.125,
60753489084863,16.6365231,202.7,18218074112,55065047040,105,1884.0,10.3,29401550848,71599706112,100,15448977408,1241161728,68.0,52.099,69.125,
60753544085852,16.691524089,200.0,18218074112,55065047040,105,1826.0,12.1,29401550848,71599706112,100,15448977408,1241161728,68.0,52.087,69.125,
60753598091776,16.745530013,203.7,18218074112,55065047040,105,1843.0,9.9,29401780224,71599476736,100,15448977408,1241161728,68.0,52.097,69.125,
60753655064861,16.802503098,228.2,18219884544,55068561408,105,1765.0,13.7,29403598848,71597658112,98,15450734592,1241161728,69.0,52.043,69.0,
60753716047043,16.86348528,803.3,18219905024,55068561408,105,1851.0,35.9,29403721728,71597535232,98,15450734592,1241161728,69.0,53.008,69.0,
60753773077577,16.920515814,350.6,18219909120,55068561408,105,1825.0,14.3,29403705344,71597551616,98,15450734592,1241161728,68.0,53.009,69.0,
60753826881491,16.974319728,204.5,18219909120,55068561408,105,1804.0,10.6,29395677184,71605579776,98,15450734592,1241161728,68.0,52.083,69.0,
60753881055480,17.028493717,203.0,18219909120,55068561408,105,1756.0,10.9,29343121408,71658135552,98,15450734592,1241161728,68.0,52.098,69.0,
60753934887036,17.082325273,204.3,18219909120,55068561408,105,1786.0,12.3,29318086656,71683170304,99,15450734592,1241161728,68.0,52.075,69.0,
60753989055244,17.136493481,203.1,18219909120,55068561408,105,1802.0,11.0,29319061504,71682195456,99,15450734592,1241161728,67.0,52.095,69.0,
60754042989162,17.190427399,204.0,18219909120,55068561408,105,1740.0,11.8,29318516736,71682740224,99,15450734592,1241161728,68.0,52.077,68.875,
60754097076969,17.244515206,221.5,18219909120,55068561408,105,1806.0,10.3,29318213632,71683043328,99,15450734592,1241161728,68.0,52.095,68.875,
60754150984588,17.298422825,222.9,18219909120,55068561408,105,1771.0,13.0,29318959104,71682297856,99,15450734592,1241161728,68.0,52.083,68.875,
60754205046797,17.352485034,185.1,18219913216,55068561408,105,1834.0,10.4,29319217152,71682039808,99,15450734592,1241161728,69.0,52.097,68.875,
60754258915954,17.406354191,204.1,18219917312,55068561408,105,1753.0,11.7,29319446528,71681810432,99,15450734592,1241161728,68.0,52.092,68.875,
60754313168209,17.460606446,221.3,18219917312,55068561408,105,1830.0,10.3,29319184384,71682072576,99,15450734592,1241161728,68.0,52.096,68.875,
60754367022959,17.514461196,204.2,18219917312,55068561408,105,1819.0,11.2,29319184384,71682072576,99,15450734592,1241161728,68.0,53.001,68.875,
60754421055562,17.568493799,203.6,18219917312,55068561408,105,1813.0,11.7,29318922240,71682334720,99,15450734592,1241161728,68.0,52.089,68.875,
60754475070853,17.62250909,203.6,18219917312,55068561408,105,1848.0,11.5,29318922240,71682334720,99,15450734592,1241161728,68.0,52.098,68.875,
60754529238440,17.676676677,203.2,18219917312,55068561408,105,1774.0,12.3,29318889472,71682367488,99,15450734592,1241161728,68.0,52.082,68.875,
60754583068844,17.730507081,204.3,18219917312,55068561408,105,1806.0,9.7,29318889472,71682367488,99,15450734592,1241161728,67.0,52.093,68.875,
60754638037021,17.785475258,236.5,18219917312,55068561408,105,1808.0,14.5,29318352896,71682904064,99,15450734592,1241161728,68.0,52.079,68.75,
60754693045263,17.8404835,200.1,18219917312,55068561408,105,1818.0,11.6,29318578176,71682678784,99,15450734592,1241161728,68.0,52.098,68.75,
60754746892760,17.894330997,204.2,18219921408,55068561408,105,1774.0,13.4,29318807552,71682449408,99,15450734592,1241161728,68.0,52.074,68.75,
60754800981208,17.948419445,203.4,18219925504,55068561408,105,1808.0,11.0,29318807552,71682449408,99,15450734592,1241161728,68.0,52.096,68.75,
60754855073864,18.002512101,221.9,18219925504,55068561408,105,1811.0,11.6,29302292480,71698964480,99,15450734592,1241161728,68.0,52.076,68.75,
60754909080047,18.056518284,203.6,18219925504,55068561408,105,1873.0,10.5,29223309312,71777947648,99,15450734592,1241161728,68.0,52.094,68.75,
60754963052528,18.110490765,203.9,18219925504,55068561408,105,1757.0,12.8,29215051776,71786205184,99,15450734592,1241161728,68.0,52.081,68.75,
60755017025560,18.164463797,203.9,18219925504,55068561408,105,1866.0,9.8,29215305728,71785951232,99,15450734592,1241161728,68.0,52.098,68.75,
60755071249011,18.218687248,202.8,18219925504,55068561408,105,1815.0,13.9,29213757440,71787499520,100,15450734592,1241161728,68.0,52.089,68.75,
60755125074385,18.272512622,222.9,18219925504,55068561408,105,1855.0,10.5,29213462528,71787794432,100,15450734592,1241161728,69.0,52.094,68.75,
60755179039793,18.32647803,203.8,18219925504,55068561408,105,1828.0,11.1,29213433856,71787823104,100,15450734592,1241161728,68.0,52.096,68.75,
60755234216601,18.381654838,199.3,18219925504,55068561408,105,1813.0,12.4,29213663232,71787593728,100,15450734592,1241161728,69.0,52.092,68.75,
60755288047787,18.435486024,204.3,18219929600,55068561408,105,1850.0,9.9,29213634560,71787622400,100,15450734592,1241161728,68.0,53.006,68.75,
60755344088635,18.491526872,214.3,18219929600,55068561408,105,1889.0,11.2,29213634560,71787622400,100,15450734592,1241161728,68.0,52.097,68.75,
60755398077657,18.545515894,203.6,18219933696,55068561408,105,1887.0,12.1,29213634560,71787622400,100,15450734592,1241161728,68.0,53.004,68.75,
60755452975822,18.600414059,200.5,18219933696,55068561408,105,1864.0,10.8,29213863936,71787393024,100,15450734592,1241161728,68.0,52.09,68.75,
60755507070673,18.65450891,221.8,18219933696,55068561408,105,1855.0,9.4,29214121984,71787134976,100,15450734592,1241161728,68.0,53.0,68.75,
60755561222950,18.708661187,203.0,18219933696,55068561408,105,1888.0,10.9,29214121984,71787134976,100,15450734592,1241161728,68.0,52.079,68.75,
60755616208209,18.763646446,200.2,18219933696,55068561408,105,1847.0,9.3,29214121984,71787134976,100,15450734592,1241161728,68.0,53.003,68.75,
60755671500514,18.818938751,217.2,18219933696,55068561408,105,1854.0,13.2,29213831168,71787425792,100,15450734592,1241161728,68.0,52.083,68.75,
60755724958821,18.872397058,205.6,18219933696,55068561408,105,1826.0,11.7,29214060544,71787196416,100,15450734592,1241161728,67.0,53.002,68.75,
60755779232416,18.926670653,221.1,18219933696,55068561408,105,1858.0,9.9,29211480064,71789776896,100,15450734592,1241161728,68.0,52.079,68.75,
60755833035439,18.980473676,204.5,18219933696,55068561408,105,1847.0,8.7,29192167424,71809089536,100,15450734592,1241161728,68.0,53.0,68.75,
60755887218454,19.034656691,203.0,18219937792,55068561408,105,1869.0,10.4,29171761152,71829495808,100,15450734592,1241161728,68.0,52.082,68.75,
60755941068825,19.088507062,204.3,18219937792,55068561408,105,1907.0,8.1,29147283456,71853973504,100,15450734592,1241161728,68.0,52.099,68.75,
60755995071012,19.142509249,222.2,18219941888,55068561408,105,1866.0,11.0,29131194368,71870062592,100,15450734592,1241161728,68.0,52.088,68.75,
60756049075312,19.196513549,203.8,18219941888,55068561408,105,1923.0,8.7,29131194368,71870062592,100,15450734592,1241161728,69.0,53.001,68.75,
60756103167156,19.250605393,203.4,18219941888,55068561408,105,1865.0,9.3,29122936832,71878320128,100,15450734592,1241161728,68.0,52.093,68.75,
60756157017728,19.304455965,204.1,18219941888,55068561408,105,1871.0,9.2,29122936832,71878320128,100,15450734592,1241161728,69.0,52.095,68.75,
60756211196084,19.358634321,203.0,18219941888,55068561408,105,1924.0,9.8,29122420736,71878836224,100,15450734592,1241161728,68.0,53.0,68.75,
60756265076242,19.412514479,204.1,18219941888,55068561408,105,1868.0,9.4,29122142208,71879114752,100,15450734592,1241161728,68.0,52.09,68.75,
60756319064622,19.466502859,222.3,18219941888,55068561408,105,1854.0,9.3,29122142208,71879114752,100,15450734592,1241161728,68.0,52.099,68.75,
60756375104609,19.522542846,196.3,18219945984,55068561408,105,1862.0,11.2,29121576960,71879680000,100,15450734592,1241161728,68.0,52.086,68.75,
60756429192135,19.576630372,203.5,18219945984,55068561408,105,1838.0,9.9,29121806336,71879450624,100,15450734592,1241161728,68.0,52.098,68.75,
60756484249750,19.631687987,217.8,18219945984,55068561408,105,1879.0,10.8,29120700416,71880556544,100,15450734592,1241161728,68.0,52.084,68.75,
60756538091986,19.685530223,204.3,18219950080,55068561408,105,1871.0,8.8,29120929792,71880327168,100,15450734592,1241161728,68.0,52.094,68.75,
60756592092499,19.739530736,203.7,18219954176,55068561408,105,1892.0,10.5,29121175552,71880081408,100,15450734592,1241161728,68.0,52.076,68.75,
60756646153395,19.793591632,203.5,18219954176,55068561408,105,1818.0,11.5,29121007616,71880249344,100,15450734592,1241161728,68.0,53.0,68.75,
60756701299897,19.848738134,217.5,18219954176,55068561408,105,1833.0,14.7,29121228800,71880028160,100,15450734592,1241161728,67.0,52.078,68.75,
60756756081203,19.90351944,201.0,18219954176,55068561408,105,1985.0,8.8,29121744896,71879512064,100,15450734592,1241161728,68.0,52.096,68.75,
60756809952194,19.957390431,204.1,18219954176,55068561408,105,1912.0,10.4,29105459200,71895797760,100,15450734592,1241161728,68.0,52.076,68.625,
60756864162851,20.011601088,203.0,18219954176,55068561408,105,1862.0,8.7,29072150528,71929106432,100,15450734592,1241161728,68.0,52.096,68.625,
60756918063947,20.065502184,203.9,18219958272,55068561408,105,1867.0,9.9,29059895296,71941361664,100,15450734592,1241161728,68.0,52.078,68.625,
60756972160811,20.119599048,221.5,18219958272,55068561408,105,1899.0,9.2,29052006400,71949250560,100,15450734592,1241161728,68.0,52.095,68.625,
60757026231105,20.173669342,203.8,18219958272,55068561408,105,1870.0,10.6,29043601408,71957655552,100,15450734592,1241161728,68.0,52.083,68.625,
60757080141799,20.227580036,204.1,18219958272,55068561408,105,1913.0,9.9,29044342784,71956914176,100,15450734592,1241161728,68.0,52.096,68.625,
60757134083182,20.281521419,203.7,18219962368,55068561408,105,1855.0,31.6,29045116928,71956140032,100,15450734592,1241161728,68.0,53.006,68.625,
60757188244426,20.335682663,203.2,18219962368,55068561408,105,1910.0,18.3,29035827200,71965429760,100,15450734592,1241161728,68.0,52.094,68.625,
60757242135373,20.38957361,204.2,18219962368,55068561408,105,1877.0,9.9,29035675648,71965581312,100,15450734592,1241161728,68.0,52.093,68.625,
60757296136858,20.443575095,222.1,18219962368,55068561408,105,1811.0,10.4,29035675648,71965581312,100,15450734592,1241161728,68.0,52.081,68.625,
60757350241166,20.497679403,203.3,18219962368,55068561408,105,1823.0,9.7,29035905024,71965351936,100,15450734592,1241161728,67.0,52.082,68.625,
60757405647294,20.553085531,487.4,18219986944,55068561408,105,1901.0,27.8,29036421120,71964835840,100,15448637440,1241161728,68.0,52.08,68.625,
60757460232052,20.607670289,714.3,18219991040,55068561408,105,1887.0,19.4,29036666880,71964590080,100,15446540288,1241161728,68.0,52.097,68.625,
60757514082654,20.661520891,204.3,18219991040,55068561408,105,1884.0,11.6,29036666880,71964590080,100,15446540288,1241161728,68.0,52.072,68.625,
60757568279525,20.715717762,221.4,18219991040,55068561408,105,1836.0,9.9,29036666880,71964590080,100,15446540288,1241161728,68.0,52.096,68.625,
60757622034498,20.769472735,204.6,18219991040,55068561408,105,1813.0,11.2,29036666880,71964590080,100,15446540288,1241161728,68.0,52.079,68.625,
60757676246467,20.823684704,202.5,18219991040,55068561408,105,1872.0,13.1,29036658688,71964598272,100,15446540288,1241161728,68.0,53.0,68.625,
60757733235082,20.880673319,210.9,18219991040,55068561408,105,1814.0,15.1,29036392448,71964864512,100,15446540288,1241161728,68.0,52.083,68.625,
60757787181974,20.934620211,222.4,18219991040,55068561408,105,1897.0,9.8,29036064768,71965192192,100,15446540288,1241161728,68.0,52.096,68.625,
60757843459426,20.990897663,195.4,18219991040,55068561408,105,1805.0,11.2,28995833856,72005423104,100,15446540288,1241161728,68.0,52.084,68.625,
60757897217875,21.044656112,204.7,18219999232,55069609984,105,1860.0,9.4,28970348544,72030908416,100,15446540288,1241161728,68.0,52.095,68.625,
60757951205283,21.09864352,203.6,18219999232,55069609984,105,1822.0,10.5,28957507584,72043749376,100,15446540288,1241161728,68.0,52.092,68.625,
60758005173315,21.152611552,222.5,18219999232,55069609984,105,1892.0,10.5,28957736960,72043520000,100,15446540288,1241161728,68.0,52.09,68.625,
60758059162948,21.206601185,203.7,18220003328,55069609984,105,1819.0,11.6,28956815360,72044441600,100,15446540288,1241161728,68.0,52.099,68.625,
60758113173179,21.260611416,203.7,18220003328,55069609984,105,1860.0,11.6,28957560832,72043696128,100,15446540288,1241161728,68.0,52.088,68.625,
60758167181777,21.314620014,203.6,18220003328,55069609984,105,1826.0,9.8,28957818880,72043438080,100,15446540288,1241161728,68.0,52.094,68.625,
60758221254225,21.368692462,203.4,18220003328,55069609984,105,1872.0,12.2,28958048256,72043208704,100,15446540288,1241161728,68.0,52.075,68.625,
60758275240882,21.422679119,222.1,18220003328,55069609984,105,1840.0,10.3,28958535680,72042721280,100,15446540288,1241161728,68.0,52.096,68.625,
60758329177836,21.476616073,185.7,18220003328,55069609984,105,1874.0,11.1,28959019008,72042237952,100,15446540288,1241161728,69.0,52.083,68.625,
60758383186193,21.53062443,203.7,18220003328,55069609984,105,1896.0,10.5,28958724096,72042532864,100,15446540288,1241161728,68.0,53.004,68.625,
60758437133617,21.584571854,203.8,18220007424,55069609984,105,1862.0,10.5,28958617600,72042639360,100,15446540288,1241161728,68.0,52.081,68.625,
60758491335187,21.638773424,221.4,18220011520,55069609984,105,1838.0,9.3,28958617600,72042639360,100,15446540288,1241161728,68.0,53.004,68.625,
60758545105658,21.692543895,204.5,18220011520,55069609984,105,1843.0,10.9,28958355456,72042901504,100,15446540288,1241161728,68.0,52.084,68.625,
60758599242407,21.746680644,203.4,18220011520,55069609984,105,1892.0,10.4,28958543872,72042713088,100,15446540288,1241161728,67.0,53.001,68.625,
60758654337862,21.801776099,199.5,18220011520,55069609984,105,1813.0,13.2,28958760960,72042496000,100,15446540288,1241161728,68.0,52.094,68.625,
60758708194555,21.855632792,222.9,18220011520,55069609984,105,1889.0,11.6,28958244864,72043012096,100,15446540288,1241161728,68.0,53.003,68.625,
60758762139935,21.909578172,203.7,18220011520,55069609984,105,1918.0,13.1,28958244864,72043012096,100,15446540288,1241161728,67.0,52.097,68.625,
60758816297793,21.96373603,203.3,18220011520,55069609984,105,1878.0,10.6,28951658496,72049598464,100,15446540288,1241161728,68.0,52.095,68.625,
60758870363347,22.017801584,203.4,18220011520,55069609984,105,1912.0,10.8,28916469760,72084787200,100,15446540288,1241161728,68.0,53.002,68.625,
60758925172446,22.072610683,201.0,18220011520,55069609984,105,1885.0,9.5,28886638592,72114618368,100,15446540288,1241161728,69.0,52.091,68.625,
60758978144611,22.125582848,226.5,18220015616,55069609984,105,1887.0,9.5,28884205568,72117051392,100,15446540288,1241161728,68.0,52.097,68.625,
60759031224578,22.178662815,188.1,18220015616,55069609984,105,1963.0,12.6,28881059840,72120197120,100,15446540288,1241161728,68.0,52.088,68.625,
60759086162018,22.233600255,218.6,18220019712,55069609984,105,1895.0,10.5,28881575936,72119681024,100,15446540288,1241161728,68.0,52.096,68.625,
60759140383595,22.287821832,202.7,18220019712,55069609984,105,1878.0,10.9,28881018880,72120238080,100,15446540288,1241161728,68.0,52.072,68.625,
60759195280599,22.342718836,218.7,18220019712,55069609984,105,1846.0,10.5,28881018880,72120238080,100,15446540288,1241161728,68.0,52.099,68.625,
60759249222762,22.396660999,203.9,18220019712,55069609984,105,1875.0,10.5,28881248256,72120008704,100,15446540288,1241161728,68.0,52.076,68.625,
60759303224387,22.450662624,203.7,18220019712,55069609984,105,1856.0,9.7,28881506304,72119750656,100,15446540288,1241161728,68.0,52.099,68.625,
60759359490547,22.506928784,213.1,18220019712,55069609984,105,1922.0,11.7,28881993728,72119263232,100,15446540288,1241161728,68.0,52.079,68.625,
60759414285469,22.561723706,200.4,18220019712,55069609984,105,1919.0,9.7,28881321984,72119934976,100,15446540288,1241161728,68.0,52.097,68.625,
60759469389341,22.616827578,218.2,18220019712,55069609984,105,1880.0,9.9,28881321984,72119934976,100,15446540288,1241161728,68.0,52.084,68.625,
60759523227529,22.670665766,204.4,18220023808,55069609984,105,1929.0,8.7,28880502784,72120754176,100,15446540288,1241161728,69.0,53.0,68.625,
60759577344590,22.724782827,203.2,18220027904,55069609984,105,1884.0,10.3,28880502784,72120754176,100,15446540288,1241161728,68.0,52.089,68.625,
60759631423049,22.778861286,203.5,18220032000,55069609984,105,1921.0,8.8,28880490496,72120766464,100,15446540288,1241161728,69.0,52.097,68.625,
60759685277368,22.832715605,222.6,18220032000,55069609984,105,1826.0,13.6,28880719872,72120537088,100,15446540288,1241161728,68.0,52.099,68.625,
60759740275882,22.887714119,200.1,18220032000,55069609984,105,1959.0,11.7,28880719872,72120537088,100,15446540288,1241161728,69.0,52.096,68.625,
60759794275633,22.94171387,203.6,18220032000,55069609984,105,1897.0,9.2,28877983744,72123273216,100,15446540288,1241161728,68.0,52.097,68.625,
60759849375557,22.996813794,199.8,18220032000,55069609984,105,1938.0,9.8,28862218240,72139038720,100,15446540288,1241161728,69.0,52.088,68.625,
60759903246417,23.050684654,204.0,18220032000,55069609984,105,1879.0,9.4,28822437888,72178819072,100,15446540288,1241161728,68.0,52.098,68.75,
60759958222829,23.105661066,218.4,18220032000,55069609984,105,1940.0,9.7,28814667776,72186589184,100,15446540288,1241161728,68.0,52.082,68.625,
60760012266553,23.15970479,203.4,18220032000,55069609984,105,1886.0,9.2,28814635008,72186621952,100,15446540288,1241161728,68.0,52.096,68.75,
60760066289478,23.213727715,203.6,18220036096,55069609984,105,1935.0,10.5,28814376960,72186880000,100,15446540288,1241161728,68.0,52.076,68.75,
60760120250967,23.267689204,204.1,18220036096,55069609984,105,1945.0,7.6,28811997184,72189259776,100,15446540288,1241161728,68.0,52.098,68.75,
60760174401792,23.321840029,221.4,18220036096,55069609984,105,1961.0,10.8,28812251136,72189005824,100,15446540288,1241161728,68.0,52.071,68.75,
60760228338074,23.375776311,204.1,18220040192,55069609984,105,1937.0,8.8,28812480512,72188776448,100,15446540288,1241161728,68.0,52.097,68.75,
60760282278044,23.429716281,203.7,18220040192,55069609984,105,1922.0,9.7,28798808064,72202448896,100,15446540288,1241161728,68.0,52.074,68.75,
60760337320670,23.484758907,217.9,18220044288,55069609984,105,1872.0,9.7,28798808064,72202448896,100,15446540288,1241161728,68.0,52.098,68.75,
60760392200792,23.539639029,200.7,18220044288,55069609984,105,1910.0,10.5,28795662336,72205594624,100,15444443136,1241161728,68.0,52.079,68.75,
60760446344313,23.59378255,203.0,18220044288,55069609984,105,1932.0,8.7,28795203584,72206053376,100,15444443136,1241161728,68.0,52.098,68.75,
60760500275716,23.647713953,204.1,18220044288,55069609984,105,1916.0,9.4,28795146240,72206110720,100,15444443136,1241161728,68.0,52.083,68.75,
60760554301516,23.701739753,222.3,18220044288,55069609984,105,1949.0,8.7,28795088896,72206168064,100,15444443136,1241161728,69.0,52.096,68.75,
60760607353511,23.754791748,188.0,18220048384,55069609984,105,1886.0,10.0,28795088896,72206168064,100,15444443136,1241161728,68.0,52.092,68.75,
60760661292498,23.808730735,204.3,18220048384,55069609984,105,1902.0,10.5,28795535360,72205721600,100,15444443136,1241161728,68.0,52.097,68.75,
60760716380700,23.863818937,199.5,18220048384,55069609984,105,1957.0,12.4,28795248640,72206008320,100,15444443136,1241161728,68.0,53.0,68.75,
60760771290678,23.918728915,236.9,18220052480,55069609984,105,1908.0,9.3,28795191296,72206065664,100,15444443136,1241161728,69.0,52.089,68.75,
60760825226800,23.972665037,204.0,18220052480,55069609984,105,1880.0,9.8,28789485568,72211771392,100,15444443136,1241161728,68.0,52.096,68.75,
60760879568091,24.027006328,202.3,18220052480,55069609984,105,1901.0,10.7,28771258368,72229998592,100,15444443136,1241161728,69.0,52.084,68.625,
60760934417696,24.081855933,200.6,18220052480,55069609984,105,1905.0,9.8,28738375680,72262881280,100,15444443136,1241161728,68.0,52.097,68.75,
60760990355380,24.137793617,214.6,18220052480,55069609984,105,1903.0,10.2,28730806272,72270450688,100,15444443136,1241161728,69.0,52.08,68.75,
60761044280662,24.191718899,204.0,18220052480,55069609984,105,1859.0,8.5,28730699776,72270557184,100,15444443136,1241161728,67.0,52.083,68.75,
60761099853763,24.247292,702.0,18220056576,55069609984,105,1914.0,33.3,28729065472,72272191488,100,15444443136,1241161728,68.0,52.084,68.75,
60761159244671,24.306682908,471.4,18220056576,55069609984,105,1895.0,8.6,28729294848,72271962112,100,15444443136,1241161728,68.0,52.094,68.75,
60761214391041,24.361829278,217.6,18220056576,55069609984,105,1949.0,9.7,28729294848,72271962112,100,15444443136,1241161728,69.0,52.075,68.75,
60761268225914,24.415664151,204.4,18220060672,55069609984,105,1952.0,8.8,28729294848,72271962112,100,15444443136,1241161728,69.0,52.097,68.75,
60761321284952,24.468723189,207.0,18220060672,55069609984,105,1952.0,10.5,28729782272,72271474688,100,15444443136,1241161728,68.0,52.079,68.75,
60761375266599,24.522704836,203.7,18220060672,55069609984,105,1956.0,10.3,28729753600,72271503360,100,15444443136,1241161728,68.0,53.004,68.75,
60761430286262,24.577724499,218.1,18220060672,55069609984,105,1926.0,11.4,28730011648,72271245312,100,15448637440,1241161728,68.0,52.082,68.75,
60761485364585,24.632802822,217.9,18220060672,55069609984,105,1882.0,10.3,28730208256,72271048704,100,15448637440,1241161728,68.0,53.004,68.75,
60761540347289,24.687785526,199.8,18220060672,55069609984,105,1944.0,11.0,28730437632,72270819328,100,15448637440,1241161728,68.0,52.084,68.75,
60761594372048,24.741810285,204.0,18220060672,55069609984,105,1955.0,9.4,28730675200,72270581760,100,15448637440,1241161728,68.0,53.002,68.75,
60761648296718,24.795734955,204.0,18220060672,55069609984,105,1947.0,11.1,28730662912,72270594048,100,15448637440,1241161728,68.0,52.093,68.75,
60761702336895,24.849775132,221.9,18220060672,55069609984,105,1942.0,12.4,28730400768,72270856192,100,15448637440,1241161728,68.0,53.003,68.75,
60761757585928,24.905024165,199.2,18220060672,55069609984,105,1918.0,11.7,28730884096,72270372864,100,15448637440,1241161728,68.0,52.093,68.75,
60761811291979,24.958730216,205.0,18220064768,55069609984,105,2000.0,8.9,28727934976,72273321984,100,15448637440,1241161728,68.0,52.097,68.75,
60761864279082,25.011717319,188.6,18220064768,55069609984,105,1895.0,10.1,28703780864,72297476096,100,15448637440,1241161728,68.0,53.003,68.75,
60761918242004,25.065680241,222.3,18220064768,55069609984,105,1898.0,21.5,28673564672,72327692288,100,15448637440,1241161728,69.0,53.0,68.75,
60761973392833,25.12083107,217.5,18220064768,55069609984,105,2009.0,24.1,28673572864,72327684096,100,15448637440,1241161728,68.0,53.007,68.75,
60762027292697,25.174730934,185.6,18220064768,55069609984,105,1962.0,11.7,28667023360,72334233600,100,15448637440,1241161728,68.0,52.077,68.75,
60762081290445,25.228728682,203.8,18220068864,55069609984,105,1955.0,9.4,28667797504,72333459456,100,15448637440,1241161728,68.0,52.097,68.75,
60762134303937,25.281742174,226.3,18220068864,55069609984,105,1958.0,10.7,28667797504,72333459456,100,15448637440,1241161728,68.0,52.072,68.75,
60762188279132,25.335717369,203.6,18220068864,55069609984,105,1994.0,10.9,28668284928,72332972032,100,15448637440,1241161728,68.0,52.098,68.75,
60762242304271,25.389742508,203.6,18220068864,55069609984,105,1977.0,10.6,28668284928,72332972032,100,15448637440,1241161728,68.0,52.083,68.75,
60762296361420,25.443799657,203.4,18220068864,55069609984,105,1905.0,9.3,28668416000,72332840960,100,15448637440,1241161728,68.0,52.098,68.75,
60762350295919,25.497734156,204.1,18220072960,55069609984,105,1940.0,9.9,28668153856,72333103104,100,15448637440,1241161728,68.0,52.09,68.75,
60762404344642,25.551782879,222.0,18220072960,55069609984,105,1936.0,10.5,28668002304,72333254656,100,15448637440,1241161728,68.0,53.007,68.75,
60762460570045,25.608008282,213.4,18220072960,55069609984,105,1872.0,12.2,28668002304,72333254656,100,15448637440,1241161728,68.0,52.096,68.75,
60762514385040,25.661823277,204.4,18220072960,55069609984,105,1899.0,10.5,28668002304,72333254656,100,15448637440,1241161728,69.0,53.003,68.75,
60762568359133,25.71579737,204.0,18220072960,55069609984,105,1907.0,9.9,28667744256,72333512704,100,15448637440,1241161728,68.0,53.002,68.75,
60762624458441,25.771896678,213.9,18220072960,55069609984,105,1875.0,11.2,28667973632,72333283328,100,15448637440,1241161728,68.0,53.0,68.75,
60762678358124,25.825796361,203.8,18220077056,55069609984,105,1819.0,13.6,28667695104,72333561856,100,15448637440,1241161728,68.0,53.01,68.75,
60762733470531,25.880908768,217.8,18220077056,55069609984,105,1867.0,13.5,28667691008,72333565952,100,15448637440,1241161728,68.0,52.093,68.75,
60762787397796,25.934836033,204.1,18220077056,55069609984,105,1864.0,9.9,28667949056,72333307904,100,15448637440,1241161728,68.0,53.0,68.75,
60762841320583,25.98875882,204.1,18220077056,55069609984,105,1849.0,11.1,28662050816,72339206144,100,15448637440,1241161728,68.0,52.083,68.75,
60762895343448,26.042781685,203.7,18220081152,55069609984,105,1842.0,8.8,28617756672,72383500288,100,15448637440,1241161728,68.0,52.098,68.75,
60762949343950,26.096782187,222.2,18220081152,55069609984,105,1873.0,12.1,28603322368,72397934592,100,15448637440,1241161728,68.0,52.077,68.75,
60763002392629,26.149830866,188.5,18220081152,55069609984,105,1853.0,8.9,28602900480,72398356480,100,15448637440,1241161728,68.0,53.001,68.75,
60763056384435,26.203822672,222.1,18220081152,55069609984,105,1797.0,12.1,28604133376,72397123584,100,15448637440,1241161728,68.0,52.078,68.75,
60763110393995,26.257832232,203.6,18220081152,55069609984,105,1797.0,11.6,28604133376,72397123584,100,15448637440,1241161728,68.0,53.0,68.75,
60763164258833,26.31169707,185.8,18220081152,55069609984,105,1835.0,13.5,28603617280,72397639680,100,15448637440,1241161728,68.0,52.083,68.75,
60763218419045,26.365857282,221.6,18220085248,55069609984,105,1888.0,9.2,28604362752,72396894208,100,15450734592,1241161728,68.0,53.002,68.75,
60763273526623,26.42096486,217.7,18220085248,55069609984,105,1806.0,13.1,28604104704,72397152256,100,15450734592,1241161728,68.0,52.09,68.75,
60763327386121,26.474824358,204.4,18220085248,55069609984,105,1903.0,8.8,28604071936,72397185024,100,15450734592,1241161728,68.0,53.001,68.75,
60763381436657,26.528874894,203.2,18220085248,55069609984,105,1873.0,11.5,28604071936,72397185024,100,15450734592,1241161728,68.0,52.095,68.75,
60763436417147,26.583855384,200.3,18220089344,55069609984,105,1886.0,9.2,28603580416,72397676544,100,15450734592,1241161728,69.0,52.095,68.75,
60763490387283,26.63782552,203.6,18220089344,55069609984,105,1851.0,9.8,28603809792,72397447168,100,15450734592,1241161728,68.0,53.002,68.75,
60763544411720,26.691849957,203.8,18220089344,55069609984,105,1934.0,9.4,28603809792,72397447168,100,15450734592,1241161728,68.0,52.092,68.75,
60763598379391,26.745817628,222.3,18220089344,55069609984,105,1915.0,8.7,28604039168,72397217792,100,15450734592,1241161728,68.0,52.099,68.75,
60763652451408,26.799889645,203.4,18220089344,55069609984,105,1864.0,10.8,28604256256,72397000704,100,15450734592,1241161728,69.0,52.09,68.75,
60763707601926,26.855040163,199.4,18220089344,55069609984,105,1870.0,11.7,28604493824,72396763136,100,15450734592,1241161728,68.0,52.099,68.75,
60763761335559,26.908773796,205.0,18220089344,55069609984,105,1920.0,10.6,28604493824,72396763136,100,15450734592,1241161728,68.0,52.082,68.75,
60763815385424,26.962823661,222.1,18220093440,55069609984,105,1880.0,9.2,28604723200,72396533760,100,15450734592,1241161728,68.0,52.094,68.75,
60763869384253,27.01682249,203.5,18220093440,55069609984,105,1880.0,9.9,28587700224,72413556736,100,15450734592,1241161728,68.0,52.076,68.75,
60763923414611,27.070852848,203.6,18220093440,55069609984,105,1868.0,9.3,28558422016,72442834944,100,15450734592,1241161728,68.0,52.097,68.75,
60763977354029,27.124792266,222.4,18220097536,55069609984,105,1865.0,10.4,28552564736,72448692224,100,15450734592,1241161728,68.0,52.076,68.75,
60764031449039,27.178887276,203.4,18220101632,55069609984,105,1842.0,8.8,28552794112,72448462848,100,15450734592,1241161728,69.0,52.098,68.75,
60764085368380,27.232806617,204.0,18220101632,55069609984,105,1844.0,11.0,28548411392,72452845568,100,15450734592,1241161728,68.0,52.077,68.75,
60764139314099,27.286752336,203.9,18220101632,55069609984,105,1874.0,8.8,28548366336,72452890624,100,15450734592,1241161728,68.0,52.098,68.875,
60764193384132,27.340822369,221.9,18220101632,55069609984,105,1831.0,10.4,28548366336,72452890624,100,15450734592,1241161728,68.0,52.082,68.875,
60764247497066,27.394935303,203.3,18220101632,55069609984,105,1887.0,9.8,28548595712,72452661248,100,15450734592,1241161728,69.0,52.099,68.875,
60764301528225,27.448966462,203.4,18220101632,55069609984,105,1871.0,10.4,28545712128,72455544832,100,15450734592,1241161728,68.0,52.086,68.875,
60764356442972,27.503881209,200.5,18220101632,55069609984,105,1900.0,9.2,28545683456,72455573504,100,15450734592,1241161728,68.0,52.097,68.875,
60764410381278,27.557819515,203.8,18220105728,55069609984,105,1857.0,11.6,28543078400,72458178560,100,15446540288,1241161728,68.0,52.093,68.875,
60764464461069,27.611899306,222.1,18220105728,55069609984,105,1877.0,8.3,28543307776,72457949184,100,15446540288,1241161728,68.0,52.094,68.75,
60764518341416,27.665779653,204.1,18220109824,55069609984,105,1870.0,10.4,28543307776,72457949184,100,15446540288,1241161728,68.0,53.001,68.75,
60764572365443,27.71980368,203.7,18220109824,55069609984,105,1893.0,9.3,28543307776,72457949184,100,15446540288,1241161728,69.0,52.094,68.875,
60764633532961,27.780971198,212.4,18220109824,55069609984,105,1869.0,9.6,28542951424,72458305536,100,15446540288,1241161728,68.0,52.098,68.875,
60764688676126,27.836114363,199.4,18220109824,55069609984,105,1915.0,12.6,28543459328,72457797632,100,15446540288,1241161728,69.0,52.098,68.875,
60764742438722,27.889876959,204.8,18220113920,55069609984,105,1848.0,12.9,28543639552,72457617408,100,15446540288,1241161728,68.0,52.091,68.875,
60764801542020,27.948980257,964.4,18220130304,55069609984,105,1913.0,36.6,28534083584,72467173376,100,15446540288,1241161728,69.0,52.092,68.75,
60764855403172,28.002841409,222.6,18220130304,55069609984,105,1848.0,9.1,28510253056,72491003904,100,15446540288,1241161728,68.0,52.097,68.875,
60764912543781,28.059982018,227.6,18220130304,55069609984,105,1829.0,12.1,28503867392,72497389568,100,15446540288,1241161728,69.0,52.084,68.875,
60764967498552,28.114936789,200.2,18220134400,55069609984,105,1843.0,9.3,28498956288,72502300672,100,15446540288,1241161728,69.0,52.097,68.875,
60765021547736,28.168985973,203.5,18220134400,55069609984,105,1848.0,11.9,28499214336,72502042624,100,15446540288,1241161728,68.0,52.079,68.875,
60765076591825,28.224030062,199.6,18220134400,55069609984,105,1814.0,9.9,28498956288,72502300672,100,15446540288,1241161728,68.0,52.094,68.875,
60765131505770,28.278944007,218.8,18220134400,55069609984,105,1856.0,12.0,28494675968,72506580992,100,15446540288,1241161728,69.0,52.077,68.875,
60765185479041,28.332917278,203.8,18220142592,55069609984,105,1858.0,9.3,28494774272,72506482688,100,15446540288,1241161728,68.0,52.098,68.875,
60765239476728,28.386914965,203.7,18220142592,55069609984,105,1839.0,11.6,28494774272,72506482688,100,15446540288,1241161728,68.0,52.073,68.875,
60765293569934,28.441008171,203.4,18220142592,55069609984,105,1865.0,8.7,28495003648,72506253312,100,15446540288,1241161728,68.0,52.097,68.875,
60765347484526,28.494922763,222.5,18220142592,55069609984,105,1918.0,10.6,28493774848,72507482112,100,15446540288,1241161728,68.0,52.083,68.875,
60765401566932,28.549005169,203.3,18220142592,55069609984,105,1855.0,11.0,28494028800,72507228160,100,15450734592,1241161728,68.0,53.008,68.875,
60765455544040,28.602982277,203.9,18220142592,55069609984,105,1814.0,12.2,28494512128,72506744832,100,15450734592,1241161728,68.0,52.09,68.875,
60765509486985,28.656925222,203.9,18220146688,55069609984,105,1860.0,9.4,28494512128,72506744832,100,15450734592,1241161728,68.0,53.006,68.875,
60765563564041,28.711002278,203.5,18220146688,55069609984,105,1839.0,12.1,28494999552,72506257408,100,15450734592,1241161728,68.0,52.091,68.875,
60765617467712,28.764905949,222.6,18220150784,55069609984,105,1868.0,9.4,28494999552,72506257408,100,15450734592,1241161728,68.0,53.006,68.875,
60765671455250,28.818893487,203.7,18220150784,55069609984,105,1707.0,14.1,28494999552,72506257408,100,15450734592,1241161728,68.0,53.0,68.875,
60765725504173,28.87294241,203.6,18220150784,55069609984,105,1873.0,12.1,28494393344,72506863616,100,15450734592,1241161728,68.0,53.005,68.875,
60765779546293,28.92698453,203.6,18220154880,55069609984,105,1857.0,10.5,28494393344,72506863616,100,15450734592,1241161728,68.0,53.005,68.875,
60765833458350,28.980896587,204.1,18220154880,55069609984,105,1864.0,9.9,28494635008,72506621952,100,15450734592,1241161728,68.0,53.0,68.875,
60765890395468,29.037833705,210.7,18220154880,55069609984,105,1822.0,10.5,28448620544,72552636416,100,15450734592,1241161728,68.0,53.004,68.875,
60765943412336,29.090850573,207.5,18220154880,55069609984,105,1864.0,10.1,28448370688,72552886272,100,15450734592,1241161728,68.0,52.092,68.875,
60765996404077,29.143842314,207.6,18220154880,55069609984,105,1928.0,10.1,28441526272,72559730688,100,15450734592,1241161728,68.0,53.002,68.875,
60766050546716,29.197984953,203.2,18220158976,55069609984,105,1928.0,10.5,28442013696,72559243264,100,15450734592,1241161728,68.0,52.083,68.875,
60766103495246,29.250933483,226.6,18220158976,55069609984,105,1932.0,9.4,28441751552,72559505408,100,15450734592,1241161728,68.0,52.098,68.875,
60766156578449,29.304016686,207.0,18220158976,55069609984,105,1864.0,11.8,28441481216,72559775744,100,15450734592,1241161728,68.0,52.078,68.875,
60766210647019,29.358085256,203.6,18220158976,55069609984,105,1903.0,11.4,28441477120,72559779840,100,15450734592,1241161728,68.0,53.002,68.875,
60766264673721,29.412111958,203.6,18220158976,55069609984,105,1907.0,11.2,28441964544,72559292416,100,15450734592,1241161728,68.0,52.081,68.875,
60766318419095,29.465857332,204.8,18220158976,55069609984,105,1903.0,9.4,28442193920,72559063040,100,15450734592,1241161728,68.0,53.001,68.875,
60766372481734,29.519919971,203.3,18220158976,55069609984,105,1890.0,10.9,28442193920,72559063040,100,15450734592,1241161728,68.0,52.087,68.875,
60766427596044,29.575034281,217.6,18220158976,55069609984,105,1822.0,11.5,28441931776,72559325184,100,15450734592,1241161728,68.0,53.013,68.875,
60766482493338,29.629931575,200.5,18220158976,55069609984,105,1879.0,10.3,28441931776,72559325184,100,15450734592,1241161728,68.0,52.092,68.875,
60766536541760,29.683979997,203.6,18220158976,55069609984,105,1867.0,9.3,28441931776,72559325184,100,15450734592,1241161728,68.0,53.004,68.875,
60766592564293,29.74000253,214.2,18220163072,55069609984,105,1815.0,11.7,28442161152,72559095808,100,15450734592,1241161728,68.0,52.09,68.875,
60766646633073,29.79407131,203.3,18220163072,55069609984,105,1898.0,10.3,28441862144,72559394816,100,15450734592,1241161728,69.0,53.009,68.875,
60766705708178,29.853146415,220.2,18220163072,55069609984,105,1783.0,14.1,28442116096,72559140864,100,15450734592,1241161728,68.0,52.096,68.875,
60766759516741,29.906954978,204.4,18220163072,55069609984,105,1868.0,10.5,28442116096,72559140864,100,15450734592,1241161728,69.0,53.002,68.875,
60766813462130,29.960900367,204.0,18220163072,55069609984,105,1833.0,10.5,28439924736,72561332224,100,15450734592,1241161728,68.0,53.002,68.875,
60766869576144,30.017014381,195.9,18220163072,55069609984,105,1893.0,10.6,28423786496,72577470464,100,15450734592,1241161728,69.0,52.099,68.875,
60766923500304,30.070938541,203.9,18220167168,55069609984,105,1858.0,11.1,28399882240,72601374720,100,15450734592,1241161728,68.0,53.005,68.875,
60766977558244,30.124996481,222.0,18220167168,55069609984,105,1931.0,11.6,28396888064,72604368896,100,15450734592,1241161728,69.0,52.096,68.875,
60767031502921,30.178941158,203.9,18220167168,55069609984,105,1811.0,10.5,28396826624,72604430336,100,15450734592,1241161728,68.0,53.002,68.875,
60767087546394,30.234984631,214.1,18220167168,55069609984,105,1826.0,12.8,28396797952,72604459008,100,15450734592,1241161728,68.0,52.09,68.875,
60767141610024,30.289048261,203.6,18220171264,55069609984,105,1864.0,9.9,28396699648,72604557312,100,15450734592,1241161728,68.0,53.001,68.875,
60767195454775,30.342893012,204.2,18220171264,55069609984,105,1920.0,19.3,28393209856,72608047104,100,15450734592,1241161728,68.0,52.085,68.875,
60767249581163,30.3970194,203.2,18220171264,55069609984,105,1923.0,26.0,28393725952,72607531008,100,15450734592,1241161728,68.0,53.008,68.875,
60767303558592,30.450996829,222.4,18220171264,55069609984,105,1879.0,14.6,28388306944,72612950016,100,15450734592,1241161728,68.0,52.079,68.875,
60767357648322,30.505086559,203.2,18220171264,55069609984,105,1850.0,10.5,28388536320,72612720640,100,15450734592,1241161728,68.0,53.0,68.875,
60767418832561,30.566270798,212.6,18220171264,55069609984,105,1848.0,11.3,28388581376,72612675584,100,15450734592,1241161728,68.0,52.077,68.875,
60767472493697,30.619931934,205.3,18220175360,55069609984,105,1851.0,9.4,28388810752,72612446208,100,15450734592,1241161728,68.0,52.097,68.875,
60767525711382,30.673149619,206.4,18220175360,55069609984,105,1866.0,10.7,28388810752,72612446208,100,15450734592,1241161728,68.0,52.085,68.875,
60767579548778,30.726987015,204.5,18220175360,55069609984,105,1890.0,9.3,28389040128,72612216832,100,15450734592,1241161728,69.0,53.001,68.875,
60767633533711,30.780971948,222.2,18220175360,55069609984,105,1889.0,11.0,28389040128,72612216832,100,15450734592,1241161728,68.0,52.092,68.875,
60767687663095,30.835101332,184.8,18220179456,55069609984,105,1829.0,11.8,28389249024,72612007936,100,15450734592,1241161728,69.0,53.004,68.875,
60767741671793,30.88911003,203.7,18220179456,55069609984,105,1957.0,11.7,28389478400,72611778560,100,15450734592,1241161728,69.0,53.0,68.875,
60767795484583,30.94292282,223.1,18220179456,55069609984,105,1858.0,9.9,28388966400,72612290560,100,15450734592,1241161728,69.0,52.091,68.875,
60767848534143,30.99597238,188.4,18220179456,55069609984,105,1858.0,9.5,28381749248,72619507712,100,15450734592,1241161728,69.0,53.001,68.875,
60767902541277,31.049979514,222.1,18220179456,55069609984,105,1883.0,9.7,28361396224,72639860736,100,15450734592,1241161728,69.0,52.088,68.875,
60767957601035,31.105039272,199.7,18220183552,55069609984,105,1862.0,8.7,28358541312,72642715648,100,15450734592,1241161728,68.0,53.001,68.875,
60768013611506,31.161049743,214.4,18220183552,55069609984,105,1851.0,10.1,28357783552,72643473408,100,15450734592,1241161728,69.0,52.087,68.875,
60768067542047,31.214980284,222.5,18220187648,55069609984,105,1850.0,9.2,28357267456,72643989504,100,15450734592,1241161728,68.0,52.099,69.0,
60768121593024,31.269031261,203.4,18220187648,55069609984,105,1895.0,10.5,28357259264,72643997696,100,15450734592,1241161728,68.0,52.08,69.0,
60768175553952,31.322992189,203.9,18220187648,55069609984,105,1880.0,8.7,28357488640,72643768320,100,15450734592,1241161728,68.0,52.099,69.0,
60768229579261,31.377017498,203.7,18220191744,55069609984,105,1905.0,10.0,28357488640,72643768320,100,15450734592,1241161728,68.0,52.071,69.0,
60768282528502,31.429966739,188.9,18220191744,55069609984,105,1887.0,7.8,28351750144,72649506816,100,15450734592,1241161728,68.0,52.099,69.0,
60768335680083,31.48311832,225.5,18220191744,55069609984,105,1897.0,11.0,28342042624,72659214336,100,15450734592,1241161728,68.0,52.075,69.0,
60768389623769,31.537062006,203.9,18220191744,55069609984,105,1892.0,10.5,28342784000,72658472960,100,15450734592,1241161728,68.0,53.0,69.0,
60768444481298,31.591919535,200.7,18220199936,55069609984,105,1878.0,11.8,28343042048,72658214912,100,15450734592,1241161728,68.0,52.08,69.0,
60768505511939,31.652950176,900.4,18220212224,55069609984,105,1913.0,33.0,28339658752,72661598208,100,15450734592,1241161728,68.0,53.002,69.0,
60768559653806,31.707092043,203.2,18220216320,55069609984,105,1972.0,9.4,28340400128,72660856832,100,15450734592,1241161728,68.0,52.084,69.0,
60768613598484,31.761036721,222.1,18220216320,55069609984,105,1909.0,9.8,28340744192,72660512768,100,15450734592,1241161728,68.0,52.099,69.0,
60768667587013,31.81502525,204.0,18220216320,55069609984,105,1867.0,13.1,28340436992,72660819968,100,15450734592,1241161728,68.0,52.09,69.0,
60768722601817,31.870040054,200.1,18220216320,55069609984,105,1901.0,10.9,28340436992,72660819968,100,15450734592,1241161728,69.0,53.001,69.0,
60768777488200,31.924926437,200.4,18220216320,55069609984,105,1934.0,10.4,28340178944,72661078016,100,15450734592,1241161728,68.0,52.091,69.0,
60768831620018,31.979058255,221.5,18220220416,55069609984,105,1927.0,10.2,28333711360,72667545600,100,15450734592,1241161728,69.0,52.096,69.0,
60768886600968,32.034039205,200.1,18220220416,55069609984,105,1867.0,9.8,28325834752,72675422208,100,15450734592,1241161728,68.0,52.097,69.0,
60768941533979,32.088972216,218.7,18220220416,55069609984,105,1896.0,8.9,28303638528,72697618432,100,15450734592,1241161728,69.0,52.093,69.0,
60768994531801,32.141970038,207.6,18220220416,55069609984,105,1850.0,9.2,28303867904,72697389056,100,15450734592,1241161728,69.0,53.0,69.0,
60769049672892,32.197111129,199.2,18220220416,55069609984,105,1869.0,10.9,28303560704,72697696256,100,15450734592,1241161728,69.0,52.096,69.0,
60769109813655,32.257251892,216.2,18220220416,55069609984,105,1837.0,12.3,28303790080,72697466880,100,15450734592,1241161728,69.0,52.099,69.0,
60769164632511,32.312070748,218.8,18220220416,55069609984,105,1832.0,9.7,28304019456,72697237504,100,15450734592,1241161728,69.0,52.091,69.0,
60769219615645,32.367053882,200.3,18220220416,55069609984,105,1866.0,9.7,28304019456,72697237504,100,15450734592,1241161728,69.0,53.0,69.0,
60769274521765,32.421960002,218.6,18220220416,55069609984,105,1881.0,11.0,28303986688,72697270272,100,15450734592,1241161728,69.0,52.088,69.0,
60769327690228,32.475128465,206.7,18220224512,55069609984,105,1881.0,8.8,28303429632,72697827328,100,15450734592,1241161728,68.0,52.095,69.125,
60769381742948,32.529181185,203.4,18220224512,55069609984,105,1899.0,11.7,28303241216,72698015744,100,15448637440,1241161728,69.0,52.087,69.125,
60769435683968,32.583122205,203.8,18220228608,55069609984,105,1868.0,10.3,28303499264,72697757696,100,15448637440,1241161728,68.0,53.004,69.125,
60769490606459,32.638044696,200.4,18220228608,55069609984,105,1863.0,11.4,28303728640,72697528320,100,15448637440,1241161728,68.0,52.086,69.125,
60769545785801,32.693224038,217.5,18220228608,55069609984,105,1838.0,10.3,28303982592,72697274368,100,15448637440,1241161728,68.0,53.003,69.125,
60769600548232,32.747986469,219.1,18220228608,55069609984,105,1923.0,13.0,28303982592,72697274368,100,15448637440,1241161728,68.0,52.079,69.125,
60769655704550,32.803142787,199.5,18220228608,55069609984,105,1842.0,11.4,28304240640,72697016320,100,15448637440,1241161728,68.0,53.005,69.125,
60769710694998,32.858133235,200.1,18220228608,55069609984,105,1926.0,14.3,28304494592,72696762368,100,15448637440,1241161728,68.0,52.084,69.125,
60769765600427,32.913038664,218.7,18220228608,55069609984,105,1926.0,11.6,28304465920,72696791040,100,15448637440,1241161728,68.0,53.001,69.125,
60769821826040,32.969264277,213.1,18220228608,55069609984,105,1943.0,11.0,28302749696,72698507264,100,15448637440,1241161728,68.0,52.083,69.125,
60769876622585,33.024060822,200.8,18220232704,55069609984,105,1883.0,9.2,28283310080,72717946880,100,15448637440,1241161728,69.0,53.001,69.125,
60769933555414,33.080993651,210.7,18220232704,55069609984,105,1911.0,11.0,28280029184,72721227776,100,15448637440,1241161728,68.0,52.084,69.125,
60769988808284,33.136246521,217.1,18220232704,55069609984,105,1896.0,11.2,28274892800,72726364160,100,15448637440,1241161728,68.0,52.099,69.125,
60770044629098,33.192067335,215.1,18220236800,55069609984,105,1777.0,12.3,28274487296,72726769664,100,15448637440,1241161728,68.0,52.089,69.125,
60770098694783,33.24613302,184.9,18220236800,55069609984,105,1896.0,9.2,28274458624,72726798336,100,15448637440,1241161728,69.0,53.002,69.125,
60770158148849,33.305587086,235.4,18220236800,55069609984,105,1827.0,12.5,28274192384,72727064576,100,15448637440,1241161728,68.0,52.088,69.125,
60770213668969,33.361107206,198.4,18220236800,55069609984,105,1881.0,9.7,28271943680,72729313280,100,15448637440,1241161728,69.0,53.001,69.125,
60770269822037,33.417260274,213.7,18220236800,55069609984,105,1880.0,13.8,28271661056,72729595904,100,15448637440,1241161728,68.0,52.094,69.125,
60770324706416,33.472144653,200.5,18220236800,55069609984,105,1864.0,9.8,28263399424,72737857536,100,15448637440,1241161728,69.0,52.097,69.125,
60770379753610,33.527191847,218.0,18220236800,55069609984,105,1893.0,12.8,28263657472,72737599488,100,15448637440,1241161728,68.0,53.005,69.125,
60770433686636,33.581124873,203.8,18220240896,55069609984,105,1936.0,11.9,28263657472,72737599488,100,15448637440,1241161728,69.0,53.003,69.125,
60770488859436,33.636297673,217.4,18220244992,55069609984,105,1808.0,12.4,28264140800,72737116160,100,15448637440,1241161728,69.0,53.007,69.125,
60770543787336,33.691225573,200.5,18220244992,55069609984,105,1829.0,12.1,28264370176,72736886784,100,15448637440,1241161728,69.0,52.098,69.0,
60770598675182,33.746113419,200.2,18220244992,55069609984,105,1825.0,9.3,28264370176,72736886784,100,15448637440,1241161728,68.0,53.005,69.125,
60770653817715,33.801255952,217.8,18220249088,55069609984,105,1850.0,14.5,28264321024,72736935936,100,15448637440,1241161728,69.0,52.096,69.0,
60770708779138,33.856217375,218.4,18220249088,55069609984,105,1804.0,14.9,28264292352,72736964608,100,15448637440,1241161728,68.0,53.006,69.0,
60770763735262,33.911173499,200.2,18220249088,55069609984,105,1851.0,16.0,28264775680,72736481280,100,15448637440,1241161728,68.0,52.084,69.0,
60770818737321,33.966175558,218.3,18220249088,55069609984,105,1793.0,9.7,28260638720,72740618240,100,15448637440,1241161728,68.0,53.001,69.0,
60770873710867,34.021149104,200.0,18220249088,55069609984,105,1858.0,12.6,28244357120,72756899840,100,15448637440,1241161728,68.0,52.079,69.0,
60770928701816,34.076140053,199.8,18220249088,55069609984,105,1816.0,10.9,28236386304,72764870656,100,15448637440,1241161728,68.0,53.002,69.0,
60770983545770,34.130984007,200.6,18220253184,55069609984,105,1788.0,13.1,28236509184,72764747776,100,15448637440,1241161728,68.0,52.076,69.0,
60771038841750,34.186279987,235.3,18220253184,55069609984,105,1838.0,10.4,28236251136,72765005824,100,15448637440,1241161728,68.0,53.001,69.0,
60771092781699,34.240219936,203.7,18220253184,55069609984,105,1843.0,12.6,28235677696,72765579264,100,15448637440,1241161728,68.0,52.082,69.0,
60771147632485,34.295070722,200.6,18220253184,55069609984,105,1862.0,11.1,28235325440,72765931520,100,15448637440,1241161728,68.0,53.001,69.0,
60771201682981,34.349121218,203.5,18220257280,55069609984,105,1783.0,12.5,28235325440,72765931520,100,15448637440,1241161728,68.0,52.088,69.0,
60771256754030,34.404192267,199.9,18220257280,55069609984,105,1864.0,10.3,28235063296,72766193664,100,15448637440,1241161728,68.0,53.0,69.0,
60771311755768,34.459194005,218.2,18220257280,55069609984,105,1849.0,12.9,28235063296,72766193664,100,15448637440,1241161728,68.0,52.087,69.0,
60771365753275,34.513191512,222.0,18220257280,55069609984,105,1859.0,11.4,28235063296,72766193664,100,15448637440,1241161728,68.0,52.099,69.0,
60771426859718,34.574297955,212.7,18220257280,55069609984,105,1832.0,10.9,28235550720,72765706240,100,15448637440,1241161728,68.0,52.087,69.0,
60771480831116,34.628269353,203.9,18220257280,55069609984,105,1890.0,10.3,28235550720,72765706240,100,15448637440,1241161728,69.0,53.003,69.0,
60771539939303,34.68737754,219.9,18220261376,55069609984,105,1829.0,11.1,28235550720,72765706240,100,15448637440,1241161728,68.0,52.087,69.0,
60771594801310,34.742239547,200.7,18220261376,55069609984,105,1873.0,8.8,28235288576,72765968384,100,15448637440,1241161728,69.0,53.0,69.0,
60771648713927,34.796152164,222.5,18220261376,55069609984,105,1817.0,11.2,28235276288,72765980672,100,15448637440,1241161728,68.0,52.097,69.0,
60771702708398,34.850146635,203.7,18220261376,55069609984,105,1832.0,12.5,28235276288,72765980672,100,15448637440,1241161728,69.0,53.002,69.0,
60771758689393,34.90612763,196.6,18220261376,55069609984,105,1740.0,12.9,28235141120,72766115840,100,15448637440,1241161728,68.0,52.099,69.0,
60771812835067,34.960273304,203.0,18220265472,55069609984,105,1829.0,10.6,28230623232,72770633728,100,15448637440,1241161728,68.0,52.093,69.0,
60771866769775,35.014208012,203.9,18220265472,55069609984,105,1834.0,9.9,28214743040,72786513920,100,15448637440,1241161728,68.0,53.0,69.0,
60771920982034,35.068420271,221.3,18220265472,55069609984,105,1847.0,10.8,28209733632,72791523328,100,15448637440,1241161728,69.0,52.093,69.0,
60771975832279,35.123270516,200.6,18220265472,55069609984,105,1835.0,9.3,28209446912,72791810048,100,15448637440,1241161728,68.0,53.003,69.0,
60772030958051,35.178396288,217.7,18220265472,55069609984,105,1797.0,11.5,28206940160,72794316800,100,15448637440,1241161728,68.0,52.088,69.0,
60772084858676,35.232296913,185.3,18220269568,55069609984,105,1847.0,9.1,28205322240,72795934720,100,15448637440,1241161728,67.0,52.081,69.0,
60772140508109,35.287946346,216.0,18220277760,55069609984,105,1841.0,11.4,28203909120,72797347840,100,15448637440,1241161728,69.0,52.08,69.0,
60772194720268,35.342158505,202.9,18220277760,55069609984,105,1841.0,9.2,28196622336,72804634624,100,15448637440,1241161728,68.0,53.001,69.0,
60772248870610,35.396308847,221.7,18220277760,55069609984,105,1843.0,11.1,28196589568,72804667392,100,15448637440,1241161728,68.0,52.074,69.0,
60772302789149,35.450227386,185.5,18220277760,55069609984,105,1792.0,10.0,28196847616,72804409344,100,15448637440,1241161728,69.0,53.002,69.0,
60772356727775,35.504166012,203.8,18220277760,55069609984,105,1848.0,10.3,28197044224,72804212736,100,15448637440,1241161728,68.0,52.081,69.0,
60772410758113,35.55819635,240.5,18220277760,55069609984,105,1848.0,10.3,28197302272,72803954688,100,15448637440,1241161728,68.0,52.099,69.0,
60772465793906,35.613232143,199.8,18220281856,55069609984,105,1816.0,11.9,28197302272,72803954688,100,15448637440,1241161728,68.0,52.082,69.0,
60772519830134,35.667268371,203.2,18220281856,55069609984,105,1852.0,9.8,28196995072,72804261888,100,15448637440,1241161728,68.0,52.099,69.0,
60772573840004,35.721278241,204.1,18220281856,55069609984,105,1835.0,11.0,28196995072,72804261888,100,15448637440,1241161728,68.0,52.087,69.0,
60772628878642,35.776316879,218.2,18220285952,55069609984,105,1873.0,8.6,28196962304,72804294656,100,15448637440,1241161728,69.0,53.002,69.0,
60772682867162,35.830305399,203.5,18220285952,55069609984,105,1803.0,15.0,28196675584,72804581376,100,15448637440,1241161728,68.0,52.097,69.0,
60772737898566,35.885336803,200.1,18220285952,55069609984,105,1860.0,12.2,28196675584,72804581376,100,15448637440,1241161728,69.0,53.0,69.0,
60772792776122,35.940214359,218.4,18220285952,55069609984,105,1846.0,10.1,28196118528,72805138432,100,15448637440,1241161728,68.0,52.098,69.0,
60772846973563,35.9944118,202.9,18220285952,55069609984,105,1847.0,9.5,28194054144,72807202816,100,15448637440,1241161728,69.0,52.094,69.0,
60772900905497,36.048343734,203.8,18220285952,55069609984,105,1802.0,11.0,28173639680,72827617280,100,15448637440,1241161728,68.0,52.099,69.0,
60772955773555,36.103211792,218.9,18220285952,55069609984,105,1839.0,11.5,28172316672,72828940288,100,15448637440,1241161728,68.0,52.089,69.0,
60773009881057,36.157319294,184.8,18220290048,55069609984,105,1844.0,9.3,28172054528,72829202432,100,15448637440,1241161728,68.0,52.097,69.0,
60773063761885,36.211200122,222.6,18220290048,55069609984,105,1830.0,12.1,28172054528,72829202432,100,15448637440,1241161728,68.0,52.082,69.0,
60773117822640,36.265260877,203.6,18220290048,55069609984,105,1855.0,9.9,28172054528,72829202432,100,15448637440,1241161728,68.0,52.097,69.0,
60773171897171,36.319335408,203.4,18220294144,55069609984,105,1813.0,12.1,28172054528,72829202432,100,15448637440,1241161728,68.0,52.073,69.0,
60773225999353,36.37343759,203.3,18220294144,55069609984,105,1807.0,9.3,28171759616,72829497344,100,15448637440,1241161728,69.0,52.097,69.0,
60773279815670,36.427253907,204.4,18220294144,55069609984,105,1816.0,10.5,28170846208,72830410752,100,15448637440,1241161728,68.0,52.082,69.0,
60773333675187,36.481113424,204.2,18220294144,55069609984,105,1860.0,10.4,28170280960,72830976000,100,15448637440,1241161728,69.0,52.099,69.0,
60773387729801,36.535168038,222.0,18220294144,55069609984,105,1859.0,11.7,28170764288,72830492672,100,15450734592,1241161728,68.0,52.084,69.0,
60773442039412,36.589477649,202.2,18220294144,55069609984,105,1843.0,10.9,28171010048,72830246912,100,15450734592,1241161728,68.0,53.004,69.0,
60773495815283,36.64325352,204.9,18220294144,55069609984,105,1819.0,11.8,28171010048,72830246912,100,15450734592,1241161728,68.0,52.092,69.0,
60773549771652,36.697209889,222.4,18220294144,55069609984,105,1881.0,9.9,28171268096,72829988864,100,15450734592,1241161728,69.0,53.004,69.0,
60773605804794,36.753243031,214.1,18220298240,55069609984,105,1825.0,12.8,28171268096,72829988864,100,15450734592,1241161728,68.0,52.099,69.0,
60773659827047,36.807265284,203.7,18220298240,55069609984,105,1833.0,11.8,28171968512,72829288448,100,15450734592,1241161728,69.0,53.006,69.0,
60773713863586,36.861301823,185.0,18220302336,55069609984,105,1730.0,14.9,28171968512,72829288448,100,15450734592,1241161728,69.0,53.011,69.0,
60773767844732,36.915282969,222.4,18220302336,55069609984,105,1800.0,12.2,28172197888,72829059072,100,15450734592,1241161728,69.0,52.097,69.0,
60773821916558,36.969354795,221.8,18220302336,55069609984,105,1845.0,9.9,28171681792,72829575168,100,15450734592,1241161728,69.0,53.001,69.0,
60773878032355,37.025470592,196.1,18220302336,55069609984,105,1855.0,11.9,28168413184,72832843776,100,15450734592,1241161728,69.0,52.09,69.0,
60773933970008,37.081408245,196.6,18220302336,55069609984,105,1859.0,10.1,28153724928,72847532032,100,15450734592,1241161728,69.0,52.098,69.0,
60773987776296,37.135214533,223.1,18220302336,55069609984,105,1850.0,15.0,28148408320,72852848640,100,15450734592,1241161728,68.0,52.084,69.0,
60774041889259,37.189327496,203.1,18220302336,55069609984,105,1846.0,9.3,28147048448,72854208512,100,15450734592,1241161728,68.0,53.0,69.0,
60774098070739,37.245508976,213.8,18220302336,55069609984,105,1776.0,13.5,28147306496,72853950464,100,15450734592,1241161728,68.0,52.076,69.0,
60774151842552,37.299280789,204.5,18220306432,55069609984,105,1822.0,10.5,28147527680,72853729280,100,15450734592,1241161728,68.0,53.002,69.0,
60774205875816,37.353314053,203.5,18220310528,55069609984,105,1825.0,12.2,28144574464,72856682496,100,15450734592,1241161728,68.0,52.078,69.0,
60774259836794,37.407275031,222.5,18220314624,55069609984,105,1834.0,11.1,28144570368,72856686592,100,15450734592,1241161728,69.0,53.0,69.0,
60774313930740,37.461368977,203.4,18220314624,55069609984,105,1754.0,14.3,28144570368,72856686592,100,15450734592,1241161728,68.0,52.087,69.0,
60774367908289,37.515346526,203.8,18220314624,55069609984,105,1858.0,31.4,28144279552,72856977408,100,15450734592,1241161728,68.0,53.011,69.0,
60774422939363,37.5703776,199.8,18220314624,55069609984,105,1769.0,19.4,28144279552,72856977408,100,15450734592,1241161728,68.0,53.009,69.0,
60774478067539,37.625505776,217.8,18220314624,55069609984,105,1844.0,12.0,28136505344,72864751616,100,15450734592,1241161728,70.0,53.009,69.0,
60774531961070,37.679399307,204.1,18220314624,55069609984,105,1792.0,11.7,28135804928,72865452032,100,15450734592,1241161728,69.0,53.014,69.0,
60774585854020,37.733292257,204.1,18220314624,55069609984,105,1770.0,10.5,28136132608,72865124352,100,15450734592,1241161728,69.0,53.001,69.0,
60774639896351,37.787334588,203.5,18220314624,55069609984,105,1812.0,11.0,28136132608,72865124352,100,15450734592,1241161728,68.0,53.009,69.0,
60774693823194,37.841261431,204.1,18220314624,55069609984,105,1738.0,15.1,28136120320,72865136640,100,15450734592,1241161728,69.0,53.001,69.0,
60774747931719,37.895369956,203.2,18220318720,55069609984,105,1707.0,13.7,28136120320,72865136640,100,15450734592,1241161728,68.0,53.009,69.0,
60774813464129,37.960902366,228.9,18220322816,55069609984,105,1816.0,12.6,28136108032,72865148928,100,15450734592,1241161728,69.0,52.095,69.0,
60774866915501,38.014353738,205.8,18220322816,55069609984,105,1797.0,11.0,28130181120,72871075840,100,15450734592,1241161728,68.0,53.007,69.0,
60774920865969,38.068304206,203.8,18220322816,55069609984,105,1816.0,12.4,28121747456,72879509504,100,15450734592,1241161728,68.0,52.091,69.0,
60774974896127,38.122334364,203.7,18220322816,55069609984,105,1833.0,9.8,28121665536,72879591424,100,15450734592,1241161728,68.0,53.006,69.0,
60775028972591,38.176410828,203.4,18220322816,55069609984,105,1818.0,13.5,28121665536,72879591424,100,15450734592,1241161728,68.0,52.083,69.0,
60775082942706,38.230380943,203.8,18220322816,55069609984,105,1788.0,12.9,28121149440,72880107520,100,15450734592,1241161728,68.0,53.005,69.0,
60775138785862,38.286224099,232.9,18220322816,55069609984,105,1796.0,13.0,28120641536,72880615424,100,15450734592,1241161728,68.0,52.084,69.0,
60775192845244,38.340283481,203.4,18220322816,55069609984,105,1801.0,9.8,28120870912,72880386048,100,15450734592,1241161728,68.0,53.005,69.0,
60775246913583,38.39435182,203.4,18220322816,55069609984,105,1804.0,12.4,28120870912,72880386048,100,15450734592,1241161728,68.0,52.088,69.0,
60775301010666,38.448448903,203.0,18220322816,55069609984,105,1861.0,10.3,28120870912,72880386048,100,15450734592,1241161728,68.0,53.004,69.0,
60775354959841,38.502398078,222.7,18220326912,55069609984,105,1814.0,11.8,28120870912,72880386048,100,15450734592,1241161728,68.0,52.092,69.0,
60775409043920,38.556482157,203.6,18220331008,55069609984,105,1859.0,9.9,28121387008,72879869952,100,15450734592,1241161728,69.0,53.005,69.0,
60775462827916,38.610266153,204.5,18220331008,55069609984,105,1827.0,11.1,28120588288,72880668672,100,15450734592,1241161728,68.0,52.098,69.0,
60775517079117,38.664517354,202.7,18220331008,55069609984,105,1803.0,10.4,28120588288,72880668672,100,15450734592,1241161728,69.0,53.001,69.0,
60775570858475,38.718296712,204.4,18220331008,55069609984,105,1819.0,9.9,28120588288,72880668672,100,15450734592,1241161728,69.0,53.006,69.0,
60775624908068,38.772346305,222.1,18220331008,55069609984,105,1838.0,10.5,28119945216,72881311744,100,15450734592,1241161728,69.0,52.097,69.0,
60775678900916,38.826339153,203.7,18220331008,55069609984,105,1761.0,12.8,28119945216,72881311744,100,15450734592,1241161728,69.0,53.007,69.0,
60775732876200,38.880314437,203.9,18220331008,55069609984,105,1817.0,13.3,28119945216,72881311744,100,15450734592,1241161728,69.0,52.093,69.0,
60775787059384,38.934497621,203.1,18220355584,55069609984,105,1828.0,10.5,28119891968,72881364992,98,15450734592,1241214976,65.0,52.005,69.0,
60775862764645,39.010202882,198.2,17862070272,54711230464,105,2523.0,9.3,27753275392,73247981568,96,15450734592,1241915392,66.0,51.046,69.25,
60775916939173,39.06437741,738.7,17790763008,54706786304,105,3378.0,27.3,27724386304,73276870656,92,15659241472,1242398720,63.0,51.048,71.375,
60776014156932,39.161595169,246.9,17807527936,55009042432,105,2521.0,11.9,28028608512,72972648448,87,15802941440,1241862144,64.0,52.006,73.0,
60776083965838,39.231404075,214.9,17813409792,55152271360,105,2773.0,10.8,28175286272,72825970688,83,15941664768,1241591808,64.0,51.084,74.5,
60776141042457,39.288480694,210.0,17813880832,55597563904,105,2665.0,10.2,28639129600,72362127360,84,16940257280,1240182784,69.0,53.058,75.875,
60776223156772,39.370595009,243.6,17814147072,56428036096,105,1899.0,14.1,29461401600,71539855360,85,17217081344,1239101440,68.0,54.005,75.75,
60776289062512,39.436500749,212.5,17814147072,56992169984,105,1849.0,11.5,29864022016,71137234944,86,17781215232,1238560768,69.0,53.085,75.5,
60776342937127,39.490375364,204.1,17814147072,57742950400,105,1849.0,10.7,30659170304,70342086656,87,18531995648,1237417984,68.0,53.062,75.375,
60776396966263,39.5444045,185.0,17814147072,58212712448,105,1844.0,12.4,31247343616,69753913344,87,18997563392,1235615744,71.0,53.088,75.125,
60776452151566,39.599589803,199.6,17814147072,58212712448,105,1861.0,11.0,31277719552,69723537408,88,19236638720,1235615744,69.0,54.029,75.0,
60776510050866,39.657489103,224.5,17814147072,58451787776,105,1893.0,13.1,31199940608,69801316352,89,19236638720,1235148800,68.0,53.087,74.875,
60776563937605,39.711375842,204.0,17814147072,58686668800,105,1803.0,11.6,31427170304,69574086656,89,19471519744,1234690048,69.0,53.065,74.75,
60776618090612,39.765528849,203.0,17814147072,59154333696,105,1819.0,15.0,31884529664,69116727296,90,19939184640,1233776640,68.0,53.047,74.5,
60776672036942,39.819475179,203.9,17814151168,59802353664,105,1860.0,16.9,32377323520,68623933440,90,20587204608,1233776640,68.0,53.048,74.375,
60776725989344,39.873427581,204.1,17814151168,60131606528,105,1876.0,15.2,32844873728,68156383232,91,20916457472,1233780736,68.0,53.056,74.25,
60776780929146,39.928367383,200.2,17814151168,60781723648,105,1833.0,14.9,33243746304,67757510656,91,21566574592,1233780736,68.0,53.041,74.0,
60776835107682,39.982545919,221.3,17814151168,61106782208,105,1918.0,16.1,33493934080,67507322880,92,21891633152,1233784832,68.0,53.067,73.875,
60776888964083,40.03640232,223.0,17814151168,61431840768,105,1896.0,14.6,33806381056,67194875904,92,22216691712,1233784832,68.0,53.067,73.75,
60776943012084,40.090450321,184.7,17814110208,61431840768,105,1926.0,14.0,33968988160,67032268800,92,22216691712,1233784832,68.0,53.045,73.625,
60776998112568,40.145550805,199.4,17814151168,61710761984,105,1878.0,14.2,34054692864,66946564096,93,22495612928,1233784832,67.0,53.011,73.5,
60777052991416,40.200429653,182.5,17814151168,61995974656,105,1851.0,14.5,34350784512,66650472448,93,22780825600,1233788928,68.0,53.009,73.25,
60777107106853,40.25454509,166.1,17813954560,62281187328,105,1862.0,13.8,34762747904,66238509056,94,23066038272,1233788928,67.0,53.01,73.125,
60777163126921,40.310565158,214.7,17804255232,62839029760,105,1835.0,13.7,35130433536,65870823424,94,23623880704,1233788928,68.0,53.016,73.0,
60777217937651,40.365375888,200.6,17804259328,63117950976,105,1855.0,13.9,35685830656,65315426304,94,23902801920,1233793024,68.0,53.019,72.875,
60777271866178,40.419304415,222.4,17804259328,63688376320,105,1832.0,14.0,36077985792,64923271168,95,24473227264,1233793024,68.0,53.018,72.75,
60777326046337,40.473484574,203.3,17804259328,63973588992,105,1799.0,14.5,36550885376,64450371584,94,25031069696,1233797120,69.0,52.085,72.625,
60777380160040,40.527598277,203.3,17804259328,64564985856,105,2363.0,14.5,37102952448,63898304512,92,25958010880,1233797120,65.0,52.039,72.5,
60777437659762,40.585097999,208.8,17804259328,65498218496,105,3145.0,14.6,38087507968,62913748992,88,26612322304,1233801216,64.0,52.043,73.5,
60777489940520,40.637378757,210.3,17804259328,66148335616,105,2655.0,13.9,38748475392,62252781568,89,27262439424,1233805312,68.0,53.071,74.5,
60777554227224,40.701665461,217.6,17804263424,67123511296,105,1914.0,14.8,39415795712,61585461248,89,27912556544,1233805312,68.0,53.068,74.375,
60777608019806,40.755458043,185.9,17804263424,67448569856,105,1860.0,12.9,40039522304,60961734656,90,28237615104,1233809408,68.0,53.051,74.25,
60777662056756,40.809494993,184.7,17804271616,68098686976,105,1871.0,14.5,40503255040,60498001920,90,28887732224,1233809408,67.0,53.015,74.0,
60777716012654,40.863450891,167.3,17804197888,68423745536,105,1890.0,13.3,41041850368,59959406592,90,29212790784,1233813504,68.0,53.007,73.875,
60777771129789,40.918568026,199.1,17804206080,69057085440,105,1919.0,14.1,41598881792,59402375168,91,29846130688,1233813504,68.0,53.006,73.625,
60777827297964,40.974736201,214.0,17804210176,69721882624,105,1903.0,14.9,42190405632,58810851328,91,30510927872,1233747968,69.0,53.002,73.5,
60777880869111,41.028307348,205.3,17804210176,70351028224,105,1909.0,14.5,42770550784,58230706176,91,31140073472,1233747968,68.0,53.008,73.375,
60777940089508,41.087527745,202.6,17804050432,70665601024,105,1941.0,16.4,43286990848,57714266112,91,31454646272,1234628608,67.0,53.01,73.25,
60777995843056,41.143281293,211.0,17785253888,70980173824,105,1907.0,14.4,43271360512,57729896448,91,31769219072,1234628608,68.0,53.012,73.125,
60778054265277,41.201703514,104.7,17766969344,70980173824,105,1825.0,13.2,43567611904,57433645056,92,31769219072,1235243008,68.0,53.013,72.875,
60778110534441,41.257972678,213.3,17748389888,71294746624,105,1855.0,15.7,43548143616,57453113344,92,32083791872,1235243008,67.0,53.005,72.75,
60778165006957,41.312445194,183.7,17731907584,71603027968,105,1910.0,14.4,43849261056,57151995904,91,32392073216,1235861504,68.0,52.085,72.625,
60778220029395,41.367467632,127.2,17706332160,71917600768,105,2999.0,11.2,44251967488,56749289472,88,32706646016,1236463616,65.0,52.062,72.875,
60778288886828,41.436325065,215.0,17656266752,72232173568,105,3306.0,13.9,44807401472,56193855488,85,33021218816,1237069824,63.0,52.066,74.375,
60778346973490,41.494411727,192.3,17616089088,72232173568,105,3295.0,15.0,44877000704,56124256256,83,33021218816,1237069824,62.0,52.063,75.625,
60778398915001,41.546353238,192.6,17584672768,72546746368,105,3164.0,13.2,45062377472,55938879488,80,33335791616,1237680128,62.0,52.051,76.875,
60778451946837,41.599385074,169.6,17575911424,72546746368,105,3299.0,14.9,45367635968,55633620992,77,33335791616,1237680128,62.0,52.04,78.0,
60778503930347,41.651368584,173.2,17542946816,72863416320,105,3065.0,12.8,45382959104,55618297856,77,33652461568,1237680128,64.0,52.07,79.125,
60778557334902,41.704773139,168.1,17518956544,72863416320,105,3153.0,11.3,45622480896,55378776064,77,33967034368,1238196224,62.0,52.094,80.125,
60778631054419,41.778492656,176.6,17478483968,73177989120,105,3187.0,13.2,45897089024,55104167936,73,33967034368,1238671360,62.0,52.081,81.25,
60778683909824,41.831348061,132.5,17455239168,73180086272,105,3143.0,12.7,45887799296,55113457664,74,33969131520,1238671360,62.0,52.093,82.125,
60778735915136,41.883353373,115.4,17468473344,73180086272,105,2452.0,8.5,45494280192,55506976768,73,33969131520,1238671360,62.0,52.078,83.125,
60778787960762,41.935398999,96.1,17487491072,73180086272,105,2654.0,6.7,45514313728,55486943232,70,33969131520,1238671360,62.0,51.079,84.0,
60778843992642,41.991430879,107.1,17505968128,73180086272,105,2538.0,7.8,45532635136,55468621824,67,33969131520,1238671360,61.0,50.099,84.75,
60778897051468,42.044489705,150.7,17518301184,73494659072,105,3136.0,9.3,45604352000,55396904960,65,34283704320,1238671360,63.0,50.088,85.5,
60778955972384,42.103410621,186.8,17518301184,73811329024,105,3140.0,16.8,45859311616,55141945344,65,34600374272,1239064576,65.0,51.079,86.375,
60779008937855,42.156376092,207.6,17518374912,74113318912,105,3021.0,15.4,46236897280,54764359680,65,34902364160,1239670784,65.0,52.072,87.125,
60779077419033,42.22485727,219.1,17518374912,74415308800,105,3068.0,17.0,47070322688,53930934272,64,35204354048,1240231936,63.0,52.088,87.875,
60779130153491,42.277591728,189.6,17518387200,77133217792,105,3137.0,18.5,47145426944,53855830016,64,37922263040,1240231936,62.0,52.08,88.5,
60779181948147,42.329386384,193.1,17518387200,77133217792,105,3372.0,20.6,47837069312,53164187648,62,37922263040,1240231936,62.0,52.073,89.0,
60779234012770,42.381451007,210.7,17518395392,77133217792,105,3025.0,14.3,49100488704,51900768256,63,37922263040,1240231936,63.0,53.008,89.625,
60779296576574,42.444014811,224.3,17518395392,77133217792,105,3185.0,12.8,49854062592,51147194368,61,37922263040,1240231936,62.0,52.059,90.25,
60779349054542,42.496492779,190.5,17518600192,77146497024,105,2677.0,12.0,49906950144,51094306816,62,37922263040,1244663808,65.0,53.016,90.75,
60779406558781,42.553997018,2105.4,17566048256,77180051456,105,3533.0,83.4,50003750912,50997506048,60,37922263040,1244663808,63.0,53.044,90.875,
60779481286219,42.628724456,1203.2,17519710208,77129719808,105,3377.0,34.4,49960030208,51041226752,56,37922263040,1244663808,61.0,52.054,91.625,
60779547980657,42.695418894,180.0,17520787456,77129719808,105,2849.0,11.5,49959641088,51041615872,53,37922263040,1244663808,61.0,52.001,92.125,
60779601056645,42.748494882,207.3,17520787456,77129719808,105,2683.0,14.1,49961635840,51039621120,51,37920165888,1244663808,61.0,51.058,92.5,
60779654245916,42.801684153,188.0,17520791552,77129719808,105,2906.0,15.8,49970790400,51030466560,49,37920165888,1244663808,61.0,51.034,92.875,
