status,node_name,layer_type,exec_type,real_time
Status.NOT_RUN,inputs_embeds,,unknown_f32,0.0
Status.EXECUTED,ShapeOf_44992,,ref_f32,1.0
Status.NOT_RUN,Gather_44995,,unknown_i32,0.0
Status.EXECUTED,Concat_123800,,ref_i32,2.0
Status.EXECUTED,Broadcast_123803,,ref_f32,1.0
Status.EXECUTED,ReadValue_123262,,unknown_f32,2.0
Status.EXECUTED,ReadValue_123120,,unknown_f32,1.0
Status.EXECUTED,ReadValue_123122,,unknown_f32,1.0
Status.EXECUTED,ReadValue_123124,,unknown_f32,1.0
Status.EXECUTED,ReadValue_123126,,unknown_f32,1.0
Status.EXECUTED,ReadValue_123168,,unknown_f32,1.0
Status.EXECUTED,ReadValue_123170,,unknown_f32,1.0
Status.EXECUTED,ReadValue_123212,,unknown_f32,1.0
Status.EXECUTED,ReadValue_123214,,unknown_f32,1.0
Status.EXECUTED,ReadValue_123240,,unknown_f32,1.0
Status.EXECUTED,ReadValue_123242,,unknown_f32,1.0
Status.EXECUTED,ReadValue_123244,,unknown_f32,1.0
Status.EXECUTED,ReadValue_123246,,unknown_f32,1.0
Status.EXECUTED,ReadValue_123248,,unknown_f32,1.0
Status.EXECUTED,ReadValue_123250,,unknown_f32,1.0
Status.EXECUTED,ReadValue_123252,,unknown_f32,1.0
Status.EXECUTED,ReadValue_123254,,unknown_f32,1.0
Status.EXECUTED,ReadValue_123256,,unknown_f32,1.0
Status.EXECUTED,ReadValue_123258,,unknown_f32,1.0
Status.NOT_RUN,ReadValue_123260,,unknown_f32,0.0
Status.EXECUTED,ReadValue_123238,,unknown_f32,1.0
Status.EXECUTED,ReadValue_123128,,unknown_f32,1.0
Status.EXECUTED,ReadValue_123130,,unknown_f32,1.0
Status.EXECUTED,ReadValue_123132,,unknown_f32,1.0
Status.NOT_RUN,ReadValue_123134,,unknown_f32,0.0
Status.EXECUTED,ReadValue_123136,,unknown_f32,1.0
Status.EXECUTED,ReadValue_123138,,unknown_f32,1.0
Status.EXECUTED,ReadValue_123140,,unknown_f32,1.0
Status.EXECUTED,ReadValue_123142,,unknown_f32,1.0
Status.EXECUTED,ReadValue_123144,,unknown_f32,1.0
Status.NOT_RUN,ReadValue_123146,,unknown_f32,0.0
Status.EXECUTED,ReadValue_123148,,unknown_f32,1.0
Status.NOT_RUN,ReadValue_123150,,unknown_f32,0.0
Status.NOT_RUN,ReadValue_123152,,unknown_f32,0.0
Status.EXECUTED,ReadValue_123154,,unknown_f32,1.0
Status.EXECUTED,ReadValue_123156,,unknown_f32,1.0
Status.EXECUTED,ReadValue_123158,,unknown_f32,1.0
Status.NOT_RUN,ReadValue_123160,,unknown_f32,0.0
Status.EXECUTED,ReadValue_123162,,unknown_f32,1.0
Status.NOT_RUN,ReadValue_123164,,unknown_f32,0.0
Status.EXECUTED,ReadValue_123166,,unknown_f32,1.0
Status.NOT_RUN,ReadValue_123172,,unknown_f32,0.0
Status.EXECUTED,ReadValue_123174,,unknown_f32,1.0
Status.EXECUTED,ReadValue_123176,,unknown_f32,1.0
Status.NOT_RUN,ReadValue_123178,,unknown_f32,0.0
Status.EXECUTED,ReadValue_123180,,unknown_f32,1.0
Status.NOT_RUN,ReadValue_123182,,unknown_f32,0.0
Status.EXECUTED,ReadValue_123184,,unknown_f32,1.0
Status.EXECUTED,ReadValue_123186,,unknown_f32,1.0
Status.NOT_RUN,ReadValue_123188,,unknown_f32,0.0
Status.NOT_RUN,ReadValue_123190,,unknown_f32,0.0
Status.EXECUTED,ReadValue_123192,,unknown_f32,1.0
Status.EXECUTED,ReadValue_123194,,unknown_f32,1.0
Status.NOT_RUN,ReadValue_123196,,unknown_f32,0.0
Status.EXECUTED,ReadValue_123198,,unknown_f32,1.0
Status.EXECUTED,ReadValue_123200,,unknown_f32,1.0
Status.EXECUTED,ReadValue_123202,,unknown_f32,1.0
Status.EXECUTED,ReadValue_123204,,unknown_f32,1.0
Status.EXECUTED,ReadValue_123206,,unknown_f32,1.0
Status.EXECUTED,ReadValue_123208,,unknown_f32,1.0
Status.NOT_RUN,ReadValue_123210,,unknown_f32,0.0
Status.NOT_RUN,ReadValue_123216,,unknown_f32,0.0
Status.NOT_RUN,ReadValue_123218,,unknown_f32,0.0
Status.NOT_RUN,ReadValue_123220,,unknown_f32,0.0
Status.EXECUTED,ReadValue_123222,,unknown_f32,1.0
Status.EXECUTED,ReadValue_123224,,unknown_f32,1.0
Status.NOT_RUN,ReadValue_123226,,unknown_f32,0.0
Status.NOT_RUN,ReadValue_123228,,unknown_f32,0.0
Status.EXECUTED,ReadValue_123230,,unknown_f32,1.0
Status.NOT_RUN,ReadValue_123232,,unknown_f32,0.0
Status.EXECUTED,ReadValue_123234,,unknown_f32,1.0
Status.EXECUTED,ReadValue_123236,,unknown_f32,1.0
Status.EXECUTED,inputs_embeds_f32_bf16___module.model.language_model.layers.0.input_layernorm/aten::mul/Multiply_1,,jit_uni_f32,48.0
Status.EXECUTED,__module.model.language_model.layers.0.input_layernorm/aten::mul/Multiply_1,,jit_avx512_bf16,20.0
Status.EXECUTED,__module.model.language_model.layers.0.self_attn.q_proj/aten::linear/MatMul,,brgemm_avx512_bf16,980.0
Status.NOT_RUN,__module.model.language_model.layers.0.self_attn/aten::view/Reshape,,unknown_bf16,0.0
Status.EXECUTED,__module.model.language_model.layers.0.self_attn.q_norm/aten::mul/Multiply_1,,jit_avx512_bf16,18.0
Status.NOT_RUN,position_ids,,unknown_i64,0.0
Status.EXECUTED,Convert_54665,,ref_i64,12.0
Status.NOT_RUN,ShapeOf_44974,,ref_i32,0.0
Status.NOT_RUN,Gather_44977,,unknown_i32,0.0
Status.EXECUTED,__module.model.language_model.rotary_emb/prim::ListConstruct/SequenceMark,,ref_i32,1.0
Status.EXECUTED,Broadcast_57355,,ref_f32,1.0
Status.EXECUTED,__module.model.language_model.rotary_emb/aten::expand/Broadcast,,jit_avx512_f32,8.0
Status.NOT_RUN,__module.model.language_model.rotary_emb/aten::unsqueeze/Unsqueeze_3,,unknown_i32,0.0
Status.EXECUTED,__module.model.language_model.rotary_emb/aten::to/Convert_2,,ref_i32,7.0
Status.EXECUTED,__module.model.language_model.rotary_emb/aten::matmul/MatMul,,brgemm_avx512_f32,19.0
Status.EXECUTED,__module.model.language_model.rotary_emb/aten::transpose/Transpose,,unknown_f32,9.0
Status.EXECUTED,__module.model.language_model.rotary_emb/aten::transpose/Transpose_____module.model.language_model.rotary_emb/aten::select/Gather,,jit_uni_f32,8.0
Status.NOT_RUN,__module.model.language_model.rotary_emb/aten::select/Gather,,unknown_f32,0.0
Status.NOT_RUN,SliceAssign_405/Reshape_0,,unknown_f32,0.0
Status.NOT_RUN,Gather_32157,,ref_f32,0.0
Status.EXECUTED,ShapeOf_98349,,ref_any_i32,1.0
Status.NOT_RUN,SliceAssign_405/ShapeOf,,ref_any_i32,0.0
Status.EXECUTED,SliceAssign_405/ReduceProd,,jit_avx512_i32,3.0
Status.EXECUTED,SliceAssign_405/Range,,ref_any_i32,11.0
Status.NOT_RUN,SliceAssign_405/Reshape,,unknown_i32,0.0
Status.EXECUTED,SliceAssign_405/Slice,,ref_i32,9.0
Status.NOT_RUN,SliceAssign_405/Reshape_1,,unknown_i32,0.0
Status.NOT_RUN,__module.model.language_model.rotary_emb/aten::select/Gather_1,,unknown_f32,0.0
Status.EXECUTED,__module.model.language_model.rotary_emb/aten::slice/Slice_4,,ref_f32,7.0
Status.EXECUTED,__module.model.language_model.rotary_emb/aten::slice/Slice_5,,ref_f32,7.0
Status.NOT_RUN,__module.model.language_model.rotary_emb/aten::copy_/ShapeOf,,ref_f32,0.0
Status.EXECUTED,__module.model.language_model.rotary_emb/aten::copy_/Broadcast,,ref_f32,1.0
Status.NOT_RUN,SliceAssign_405/Reshape_2,,unknown_f32,0.0
Status.EXECUTED,SliceAssign_405/ScatterNDUpdate,,unknown_f32,11.0
Status.NOT_RUN,SliceAssign_405/Reshape_3,,unknown_f32,0.0
Status.NOT_RUN,SliceAssign_434/Reshape_0,,unknown_f32,0.0
Status.EXECUTED,SliceAssign_434/Slice,,ref_i32,8.0
Status.NOT_RUN,SliceAssign_434/Reshape_1,,unknown_i32,0.0
Status.NOT_RUN,GatherAssign_406/Reshape_0,,unknown_f32,0.0
Status.EXECUTED,GatherAssign_406/ReduceProd,,jit_avx512_i32,1.0
Status.EXECUTED,GatherAssign_406/Range,,ref_any_i32,9.0
Status.NOT_RUN,GatherAssign_406/Reshape,,unknown_i32,0.0
Status.NOT_RUN,GatherAssign_406/Gather,,unknown_i32,0.0
Status.NOT_RUN,GatherAssign_406/Reshape_1,,unknown_i32,0.0
Status.EXECUTED,GatherAssign_406/ScatterNDUpdate,,unknown_f32,10.0
Status.NOT_RUN,GatherAssign_406/Reshape_3,,unknown_f32,0.0
Status.NOT_RUN,__module.model.language_model.rotary_emb/aten::select/Gather_2,,unknown_f32,0.0
Status.EXECUTED,__module.model.language_model.rotary_emb/aten::slice/Slice_6,,ref_f32,7.0
Status.EXECUTED,__module.model.language_model.rotary_emb/aten::copy_/Broadcast_1,,ref_f32,1.0
Status.NOT_RUN,SliceAssign_434/Reshape_2,,unknown_f32,0.0
Status.EXECUTED,SliceAssign_434/ScatterNDUpdate,,unknown_f32,6.0
Status.NOT_RUN,SliceAssign_434/Reshape_3,,unknown_f32,0.0
Status.EXECUTED,__module.model.language_model.rotary_emb/aten::cat/Concat,,ref_f32,9.0
Status.EXECUTED,__module.model.language_model.rotary_emb/aten::cos/Cos,,ref_any_f32,13.0
Status.NOT_RUN,__module.model.language_model.layers.0.self_attn/aten::unsqueeze/Unsqueeze,,unknown_f32,0.0
Status.EXECUTED,__module.model.language_model.rotary_emb/aten::sin/Sin,,ref_any_f32,12.0
Status.NOT_RUN,__module.model.language_model.layers.0.self_attn/aten::unsqueeze/Unsqueeze_1,,unknown_f32,0.0
Status.EXECUTED,__module.model.language_model.layers.0.self_attn/aten::add/Add,,ref_any_bf16,25.0
Status.EXECUTED,__module.model.language_model.layers.0.self_attn.k_proj/aten::linear/MatMul,,brgemm_avx512_bf16,302.0
Status.NOT_RUN,__module.model.language_model.layers.0.self_attn/aten::view/Reshape_1,,unknown_bf16,0.0
Status.EXECUTED,__module.model.language_model.layers.0.self_attn.k_norm/aten::mul/Multiply_1,,jit_avx512_bf16,8.0
Status.EXECUTED,__module.model.language_model.layers.0.self_attn/aten::add/Add_1,,ref_any_bf16,10.0
Status.EXECUTED,__module.model.language_model.layers.0.self_attn.v_proj/aten::linear/MatMul,,brgemm_avx512_bf16,298.0
Status.NOT_RUN,__module.model.language_model.layers.0.self_attn/aten::view/Reshape_2,,unknown_bf16,0.0
Status.EXECUTED,__module.model.language_model.layers.0.self_attn/aten::transpose/Transpose_2,,unknown_bf16,11.0
Status.NOT_RUN,ShapeOf_45004,,ref_f32,0.0
Status.NOT_RUN,Gather_45007,,unknown_i32,0.0
Status.NOT_RUN,Gather_45011,,unknown_i32,0.0
Status.EXECUTED,__module.model.language_model/aten::add/Add_1,,jit_avx512_i32,5.0
Status.EXECUTED,__module.model.language_model/aten::arange/Range_1,,ref_any_i32,5.0
Status.NOT_RUN,__module.model.language_model/aten::unsqueeze/Unsqueeze_2,,unknown_i32,0.0
Status.EXECUTED,__module.model.language_model/aten::arange/Range,,ref_any_i32,4.0
Status.NOT_RUN,__module.model.language_model/aten::unsqueeze/Unsqueeze_5,,unknown_i32,0.0
Status.NOT_RUN,attention_mask,,unknown_i64,0.0
Status.EXECUTED,Convert_54933,,ref_i64,6.0
Status.EXECUTED,Abs_54934,,jit_avx512_i32,4.0
Status.NOT_RUN,Clamp_54935,,undef,0.0
Status.EXECUTED,__module.model.language_model/aten::to/Convert_1,,ref_i32,5.0
Status.NOT_RUN,ShapeOf_54937,,ref_I8,0.0
Status.EXECUTED,__module.model.language_model/aten::index/ReduceProd,,jit_avx512_i32,1.0
Status.NOT_RUN,__module.model.language_model/aten::index/Concat,,ref_i32,0.0
Status.NOT_RUN,__module.model.language_model/aten::index/Reshape,,unknown_I8,0.0
Status.NOT_RUN,Squeeze_45012,,unknown_i32,0.0
Status.EXECUTED,__module.model.language_model/aten::arange/Range_2,,ref_any_i32,4.0
Status.NOT_RUN,__module.model.language_model/aten::unsqueeze/Unsqueeze_8,,unknown_i32,0.0
Status.NOT_RUN,__module.model.language_model/aten::index/Split,,unknown_i32,0.0
Status.EXECUTED,__module.model.language_model/aten::index/Multiply,,jit_avx512_i32,5.0
Status.NOT_RUN,__module.model.language_model/aten::index/Add,,undef,0.0
Status.EXECUTED,__module.model.language_model/aten::index/Gather,,jit_avx512_I8,7.0
Status.NOT_RUN,__module.model.language_model/aten::index/Reshape_8,,unknown_I8,0.0
Status.NOT_RUN,ShapeOf_54990,,ref_i32,0.0
Status.NOT_RUN,__module.model.language_model/aten::index/Reshape_12,,unknown_I8,0.0
Status.NOT_RUN,Reshape_45016,,unknown_i32,0.0
Status.NOT_RUN,Unsqueeze_262,,unknown_i32,0.0
Status.EXECUTED,__module.model.language_model/prim::ListConstruct/SequenceMark,,ref_i32,1.0
Status.EXECUTED,Broadcast_57369,,ref_I8,2.0
Status.EXECUTED,__module.model.language_model/aten::le/LessEqual,,jit_avx512_i32,8.0
Status.NOT_RUN,__module.model.language_model/aten::__and__/BitwiseAnd,,undef,0.0
Status.NOT_RUN,__module.model.language_model/aten::__and__/BitwiseAnd_1,,undef,0.0
Status.NOT_RUN,__module.model.language_model/aten::expand/Broadcast,,undef,0.0
Status.NOT_RUN,__module.model.language_model/aten::where/Select,,undef,0.0
Status.NOT_RUN,Reshape_45020,,unknown_i32,0.0
Status.EXECUTED,Add_110774,,jit_avx512_i32,4.0
Status.EXECUTED,__module.model.language_model.layers.0.self_attn/aten::slice/Slice_15,,ref_bf16,4.0
Status.NOT_RUN,beam_idx,,unknown_i32,0.0
Status.EXECUTED,__module.model.language_model.layers.0.self_attn/aten::scaled_dot_product_attention/ScaledDotProductAttention,,avx512_bf16,214.0
Status.EXECUTED,__module.model.language_model.layers.0.self_attn/aten::transpose/Transpose_3,,unknown_bf16,33.0
Status.NOT_RUN,__module.model.language_model.layers.0.self_attn/aten::reshape/Reshape_2,,unknown_bf16,0.0
Status.EXECUTED,__module.model.language_model.layers.0.self_attn.o_proj/aten::linear/MatMul,,brgemm_avx512_bf16,992.0
Status.EXECUTED,__module.model.language_model.layers.0.self_attn.o_proj/aten::linear/MatMul_bf16_f32___module.model.language_model.layers.0/aten::add/Add,,jit_uni_bf16,34.0
Status.EXECUTED,__module.model.language_model.layers.0/aten::add/Add,,jit_avx512_f32,56.0
Status.EXECUTED,__module.model.language_model.layers.0/aten::add/Add_f32_bf16___module.model.language_model.layers.0.post_attention_layernorm/aten::mul/Multiply_1,,jit_uni_f32,24.0
Status.EXECUTED,__module.model.language_model.layers.0.post_attention_layernorm/aten::mul/Multiply_1,,jit_avx512_bf16,18.0
Status.EXECUTED,__module.model.language_model.layers.0.mlp.gate_proj/aten::linear/MatMul,,brgemm_avx512_bf16,2847.0
Status.NOT_RUN,__module.model.language_model.layers.0.mlp.act_fn/aten::silu/Swish,,undef,0.0
Status.EXECUTED,__module.model.language_model.layers.0.mlp.up_proj/aten::linear/MatMul,,brgemm_avx512_bf16,2808.0
Status.EXECUTED,__module.model.language_model.layers.0.mlp/aten::mul/Multiply,,jit_avx512_bf16,95.0
Status.EXECUTED,__module.model.language_model.layers.0.mlp.down_proj/aten::linear/MatMul,,brgemm_avx512_bf16,2902.0
Status.EXECUTED,__module.model.language_model.layers.0.mlp.down_proj/aten::linear/MatMul_bf16_f32___module.model.language_model.layers.0/aten::add/Add_1,,jit_uni_bf16,36.0
Status.EXECUTED,__module.model.language_model.layers.0/aten::add/Add_1,,jit_avx512_f32,72.0
Status.EXECUTED,__module.model.language_model.layers.0/aten::add/Add_1___SliceAssign_1703/Reshape_0,,jit_uni_f32,25.0
Status.NOT_RUN,SliceAssign_1703/Reshape_0,,unknown_f32,0.0
Status.EXECUTED,SliceAssign_1703/ReduceProd,,jit_avx512_i32,3.0
Status.EXECUTED,SliceAssign_1703/Range,,ref_any_i32,53.0
Status.NOT_RUN,SliceAssign_1703/Reshape,,unknown_i32,0.0
Status.NOT_RUN,SliceAssign_1703/Reshape_1,,unknown_i32,0.0
Status.NOT_RUN,visual_pos_masks,,unknown_boolean,0.0
Status.EXECUTED,Convert_54666,,ref_boolean,12.0
Status.EXECUTED,__module.model.language_model/aten::index_put_/NonZero,,ref_I8,4.0
Status.NOT_RUN,__module.model.language_model/aten::index_put_/Transpose,,unknown_i32,0.0
Status.NOT_RUN,__module.model.language_model/aten::index/GatherND,,ref_any_f32,0.0
Status.NOT_RUN,deepstack_visual_embeds,,unknown_f32,0.0
Status.NOT_RUN,__module.model.language_model/aten::select/Gather,,ref_any_f32,0.0
Status.NOT_RUN,__module.model.language_model/aten::add/Add_3,,jit_avx512_f32,0.0
Status.NOT_RUN,__module.model.language_model/aten::index_put_/ScatterNDUpdate,,unknown_f32,0.0
Status.NOT_RUN,SliceAssign_1703/Reshape_2,,unknown_f32,0.0
Status.EXECUTED,SliceAssign_1703/ScatterNDUpdate,,unknown_f32,149.0
Status.NOT_RUN,SliceAssign_1703/Reshape_3,,unknown_f32,0.0
Status.EXECUTED,SliceAssign_1703/Reshape_3_f32_bf16___module.model.language_model.layers.1.input_layernorm/aten::mul/Multiply_1,,jit_uni_f32,16.0
Status.EXECUTED,__module.model.language_model.layers.1.input_layernorm/aten::mul/Multiply_1,,jit_avx512_bf16,23.0
Status.EXECUTED,__module.model.language_model.layers.1.self_attn.q_proj/aten::linear/MatMul,,brgemm_avx512_bf16,992.0
Status.NOT_RUN,__module.model.language_model.layers.1.self_attn/aten::view/Reshape,,unknown_bf16,0.0
Status.EXECUTED,__module.model.language_model.layers.1.self_attn.q_norm/aten::mul/Multiply_1,,jit_avx512_bf16,19.0
Status.EXECUTED,__module.model.language_model.layers.1.self_attn/aten::add/Add,,ref_any_bf16,26.0
Status.EXECUTED,__module.model.language_model.layers.1.self_attn.k_proj/aten::linear/MatMul,,brgemm_avx512_bf16,302.0
Status.NOT_RUN,__module.model.language_model.layers.1.self_attn/aten::view/Reshape_1,,unknown_bf16,0.0
Status.EXECUTED,__module.model.language_model.layers.1.self_attn.k_norm/aten::mul/Multiply_1,,jit_avx512_bf16,9.0
Status.EXECUTED,__module.model.language_model.layers.1.self_attn/aten::add/Add_1,,ref_any_bf16,11.0
Status.EXECUTED,__module.model.language_model.layers.1.self_attn.v_proj/aten::linear/MatMul,,brgemm_avx512_bf16,296.0
Status.NOT_RUN,__module.model.language_model.layers.1.self_attn/aten::view/Reshape_2,,unknown_bf16,0.0
Status.EXECUTED,__module.model.language_model.layers.1.self_attn/aten::transpose/Transpose_2,,unknown_bf16,11.0
Status.EXECUTED,__module.model.language_model.layers.1.self_attn/aten::scaled_dot_product_attention/ScaledDotProductAttention,,undef_bf16,180.0
Status.EXECUTED,__module.model.language_model.layers.1.self_attn/aten::transpose/Transpose_3,,unknown_bf16,36.0
Status.NOT_RUN,__module.model.language_model.layers.1.self_attn/aten::reshape/Reshape_2,,unknown_bf16,0.0
Status.EXECUTED,__module.model.language_model.layers.1.self_attn.o_proj/aten::linear/MatMul,,brgemm_avx512_bf16,982.9999999999999
Status.EXECUTED,__module.model.language_model.layers.1.self_attn.o_proj/aten::linear/MatMul_bf16_f32___module.model.language_model.layers.1/aten::add/Add,,jit_uni_bf16,33.0
Status.EXECUTED,__module.model.language_model.layers.1/aten::add/Add,,jit_avx512_f32,60.0
Status.EXECUTED,__module.model.language_model.layers.1/aten::add/Add_f32_bf16___module.model.language_model.layers.1.post_attention_layernorm/aten::mul/Multiply_1,,jit_uni_f32,25.0
Status.EXECUTED,__module.model.language_model.layers.1.post_attention_layernorm/aten::mul/Multiply_1,,jit_avx512_bf16,24.0
Status.EXECUTED,__module.model.language_model.layers.1.mlp.gate_proj/aten::linear/MatMul,,brgemm_avx512_bf16,2864.0
Status.NOT_RUN,__module.model.language_model.layers.1.mlp.act_fn/aten::silu/Swish,,undef,0.0
Status.EXECUTED,__module.model.language_model.layers.1.mlp.up_proj/aten::linear/MatMul,,brgemm_avx512_bf16,2820.0
Status.EXECUTED,__module.model.language_model.layers.1.mlp/aten::mul/Multiply,,jit_avx512_bf16,98.0
Status.EXECUTED,__module.model.language_model.layers.1.mlp.down_proj/aten::linear/MatMul,,brgemm_avx512_bf16,2884.0
Status.EXECUTED,__module.model.language_model.layers.1.mlp.down_proj/aten::linear/MatMul_bf16_f32___module.model.language_model.layers.1/aten::add/Add_1,,jit_uni_bf16,36.0
Status.EXECUTED,__module.model.language_model.layers.1/aten::add/Add_1,,jit_avx512_f32,57.0
Status.EXECUTED,__module.model.language_model.layers.1/aten::add/Add_1___SliceAssign_2954/Reshape_0,,jit_uni_f32,24.0
Status.NOT_RUN,SliceAssign_2954/Reshape_0,,unknown_f32,0.0
Status.NOT_RUN,__module.model.language_model/aten::index/GatherND_1,,ref_any_f32,0.0
Status.EXECUTED,__module.model.language_model/aten::select/Gather_1,,ref_any_f32,1.0
Status.NOT_RUN,__module.model.language_model/aten::add/Add_4,,jit_avx512_f32,0.0
Status.EXECUTED,__module.model.language_model/aten::index_put_/ScatterNDUpdate_1,,unknown_f32,2.0
Status.NOT_RUN,SliceAssign_2954/Reshape_2,,unknown_f32,0.0
Status.EXECUTED,SliceAssign_2954/ScatterNDUpdate,,unknown_f32,147.0
Status.NOT_RUN,SliceAssign_2954/Reshape_3,,unknown_f32,0.0
Status.EXECUTED,SliceAssign_2954/Reshape_3_f32_bf16___module.model.language_model.layers.2.input_layernorm/aten::mul/Multiply_1,,jit_uni_f32,17.0
Status.EXECUTED,__module.model.language_model.layers.2.input_layernorm/aten::mul/Multiply_1,,jit_avx512_bf16,15.0
Status.EXECUTED,__module.model.language_model.layers.2.self_attn.q_proj/aten::linear/MatMul,,brgemm_avx512_bf16,989.0000000000001
Status.NOT_RUN,__module.model.language_model.layers.2.self_attn/aten::view/Reshape,,unknown_bf16,0.0
Status.EXECUTED,__module.model.language_model.layers.2.self_attn.q_norm/aten::mul/Multiply_1,,jit_avx512_bf16,18.0
Status.EXECUTED,__module.model.language_model.layers.2.self_attn/aten::add/Add,,ref_any_bf16,24.0
Status.EXECUTED,__module.model.language_model.layers.2.self_attn.k_proj/aten::linear/MatMul,,brgemm_avx512_bf16,310.0
Status.NOT_RUN,__module.model.language_model.layers.2.self_attn/aten::view/Reshape_1,,unknown_bf16,0.0
Status.EXECUTED,__module.model.language_model.layers.2.self_attn.k_norm/aten::mul/Multiply_1,,jit_avx512_bf16,8.0
Status.EXECUTED,__module.model.language_model.layers.2.self_attn/aten::add/Add_1,,ref_any_bf16,10.0
Status.EXECUTED,__module.model.language_model.layers.2.self_attn.v_proj/aten::linear/MatMul,,brgemm_avx512_bf16,309.0
Status.NOT_RUN,__module.model.language_model.layers.2.self_attn/aten::view/Reshape_2,,unknown_bf16,0.0
Status.EXECUTED,__module.model.language_model.layers.2.self_attn/aten::transpose/Transpose_2,,unknown_bf16,11.0
Status.EXECUTED,__module.model.language_model.layers.2.self_attn/aten::scaled_dot_product_attention/ScaledDotProductAttention,,undef_bf16,177.0
Status.EXECUTED,__module.model.language_model.layers.2.self_attn/aten::transpose/Transpose_3,,unknown_bf16,31.0
Status.NOT_RUN,__module.model.language_model.layers.2.self_attn/aten::reshape/Reshape_2,,unknown_bf16,0.0
Status.EXECUTED,__module.model.language_model.layers.2.self_attn.o_proj/aten::linear/MatMul,,brgemm_avx512_bf16,987.0
Status.EXECUTED,__module.model.language_model.layers.2.self_attn.o_proj/aten::linear/MatMul_bf16_f32___module.model.language_model.layers.2/aten::add/Add,,jit_uni_bf16,29.0
Status.EXECUTED,__module.model.language_model.layers.2/aten::add/Add,,jit_avx512_f32,56.0
Status.EXECUTED,__module.model.language_model.layers.2/aten::add/Add_f32_bf16___module.model.language_model.layers.2.post_attention_layernorm/aten::mul/Multiply_1,,jit_uni_f32,24.0
Status.EXECUTED,__module.model.language_model.layers.2.post_attention_layernorm/aten::mul/Multiply_1,,jit_avx512_bf16,16.0
Status.EXECUTED,__module.model.language_model.layers.2.mlp.gate_proj/aten::linear/MatMul,,brgemm_avx512_bf16,2871.0
Status.NOT_RUN,__module.model.language_model.layers.2.mlp.act_fn/aten::silu/Swish,,undef,0.0
Status.EXECUTED,__module.model.language_model.layers.2.mlp.up_proj/aten::linear/MatMul,,brgemm_avx512_bf16,2877.0
Status.EXECUTED,__module.model.language_model.layers.2.mlp/aten::mul/Multiply,,jit_avx512_bf16,86.0
Status.EXECUTED,__module.model.language_model.layers.2.mlp.down_proj/aten::linear/MatMul,,brgemm_avx512_bf16,2880.0
Status.EXECUTED,__module.model.language_model.layers.2.mlp.down_proj/aten::linear/MatMul_bf16_f32___module.model.language_model.layers.2/aten::add/Add_1,,jit_uni_bf16,34.0
Status.EXECUTED,__module.model.language_model.layers.2/aten::add/Add_1,,jit_avx512_f32,57.0
Status.EXECUTED,__module.model.language_model.layers.2/aten::add/Add_1___SliceAssign_4205/Reshape_0,,jit_uni_f32,24.0
Status.NOT_RUN,SliceAssign_4205/Reshape_0,,unknown_f32,0.0
Status.NOT_RUN,__module.model.language_model/aten::index/GatherND_2,,ref_any_f32,0.0
Status.NOT_RUN,__module.model.language_model/aten::select/Gather_2,,ref_any_f32,0.0
Status.NOT_RUN,__module.model.language_model/aten::add/Add_5,,jit_avx512_f32,0.0
Status.EXECUTED,__module.model.language_model/aten::index_put_/ScatterNDUpdate_2,,unknown_f32,2.0
Status.NOT_RUN,SliceAssign_4205/Reshape_2,,unknown_f32,0.0
Status.EXECUTED,SliceAssign_4205/ScatterNDUpdate,,unknown_f32,141.0
Status.NOT_RUN,SliceAssign_4205/Reshape_3,,unknown_f32,0.0
Status.EXECUTED,SliceAssign_4205/Reshape_3_f32_bf16___module.model.language_model.layers.3.input_layernorm/aten::mul/Multiply_1,,jit_uni_f32,15.0
Status.EXECUTED,__module.model.language_model.layers.3.input_layernorm/aten::mul/Multiply_1,,jit_avx512_bf16,16.0
Status.EXECUTED,__module.model.language_model.layers.3.self_attn.q_proj/aten::linear/MatMul,,brgemm_avx512_bf16,980.0
Status.NOT_RUN,__module.model.language_model.layers.3.self_attn/aten::view/Reshape,,unknown_bf16,0.0
Status.EXECUTED,__module.model.language_model.layers.3.self_attn.q_norm/aten::mul/Multiply_1,,jit_avx512_bf16,19.0
Status.EXECUTED,__module.model.language_model.layers.3.self_attn/aten::add/Add,,ref_any_bf16,26.0
Status.EXECUTED,__module.model.language_model.layers.3.self_attn.k_proj/aten::linear/MatMul,,brgemm_avx512_bf16,299.0
Status.NOT_RUN,__module.model.language_model.layers.3.self_attn/aten::view/Reshape_1,,unknown_bf16,0.0
Status.EXECUTED,__module.model.language_model.layers.3.self_attn.k_norm/aten::mul/Multiply_1,,jit_avx512_bf16,8.0
Status.EXECUTED,__module.model.language_model.layers.3.self_attn/aten::add/Add_1,,ref_any_bf16,11.0
Status.EXECUTED,__module.model.language_model.layers.3.self_attn.v_proj/aten::linear/MatMul,,brgemm_avx512_bf16,295.0
Status.NOT_RUN,__module.model.language_model.layers.3.self_attn/aten::view/Reshape_2,,unknown_bf16,0.0
Status.EXECUTED,__module.model.language_model.layers.3.self_attn/aten::transpose/Transpose_2,,unknown_bf16,11.0
Status.EXECUTED,__module.model.language_model.layers.3.self_attn/aten::scaled_dot_product_attention/ScaledDotProductAttention,,undef_bf16,177.0
Status.EXECUTED,__module.model.language_model.layers.3.self_attn/aten::transpose/Transpose_3,,unknown_bf16,32.0
Status.NOT_RUN,__module.model.language_model.layers.3.self_attn/aten::reshape/Reshape_2,,unknown_bf16,0.0
Status.EXECUTED,__module.model.language_model.layers.3.self_attn.o_proj/aten::linear/MatMul,,brgemm_avx512_bf16,980.0
Status.EXECUTED,__module.model.language_model.layers.3.self_attn.o_proj/aten::linear/MatMul_bf16_f32___module.model.language_model.layers.3/aten::add/Add,,jit_uni_bf16,30.0
Status.EXECUTED,__module.model.language_model.layers.3/aten::add/Add,,jit_avx512_f32,57.0
Status.EXECUTED,__module.model.language_model.layers.3/aten::add/Add_f32_bf16___module.model.language_model.layers.3.post_attention_layernorm/aten::mul/Multiply_1,,jit_uni_f32,25.0
Status.EXECUTED,__module.model.language_model.layers.3.post_attention_layernorm/aten::mul/Multiply_1,,jit_avx512_bf16,16.0
Status.EXECUTED,__module.model.language_model.layers.3.mlp.gate_proj/aten::linear/MatMul,,brgemm_avx512_bf16,2832.0
Status.NOT_RUN,__module.model.language_model.layers.3.mlp.act_fn/aten::silu/Swish,,undef,0.0
Status.EXECUTED,__module.model.language_model.layers.3.mlp.up_proj/aten::linear/MatMul,,brgemm_avx512_bf16,2902.0
Status.EXECUTED,__module.model.language_model.layers.3.mlp/aten::mul/Multiply,,jit_avx512_bf16,87.0
Status.EXECUTED,__module.model.language_model.layers.3.mlp.down_proj/aten::linear/MatMul,,brgemm_avx512_bf16,2858.0
Status.EXECUTED,__module.model.language_model.layers.3.mlp.down_proj/aten::linear/MatMul_bf16_f32___module.model.language_model.layers.3/aten::add/Add_1,,jit_uni_bf16,34.0
Status.EXECUTED,__module.model.language_model.layers.3/aten::add/Add_1,,jit_avx512_f32,89.0
Status.EXECUTED,__module.model.language_model.layers.3/aten::add/Add_1_f32_bf16___module.model.language_model.layers.4.input_layernorm/aten::mul/Multiply_1,,jit_uni_f32,34.0
Status.EXECUTED,__module.model.language_model.layers.4.input_layernorm/aten::mul/Multiply_1,,jit_avx512_bf16,29.0
Status.EXECUTED,__module.model.language_model.layers.4.self_attn.q_proj/aten::linear/MatMul,,brgemm_avx512_bf16,967.0
Status.NOT_RUN,__module.model.language_model.layers.4.self_attn/aten::view/Reshape,,unknown_bf16,0.0
Status.EXECUTED,__module.model.language_model.layers.4.self_attn.q_norm/aten::mul/Multiply_1,,jit_avx512_bf16,21.0
Status.EXECUTED,__module.model.language_model.layers.4.self_attn/aten::add/Add,,ref_any_bf16,24.0
Status.EXECUTED,__module.model.language_model.layers.4.self_attn.k_proj/aten::linear/MatMul,,brgemm_avx512_bf16,299.0
Status.NOT_RUN,__module.model.language_model.layers.4.self_attn/aten::view/Reshape_1,,unknown_bf16,0.0
Status.EXECUTED,__module.model.language_model.layers.4.self_attn.k_norm/aten::mul/Multiply_1,,jit_avx512_bf16,8.0
Status.EXECUTED,__module.model.language_model.layers.4.self_attn/aten::add/Add_1,,ref_any_bf16,12.0
Status.EXECUTED,__module.model.language_model.layers.4.self_attn.v_proj/aten::linear/MatMul,,brgemm_avx512_bf16,301.0
Status.NOT_RUN,__module.model.language_model.layers.4.self_attn/aten::view/Reshape_2,,unknown_bf16,0.0
Status.EXECUTED,__module.model.language_model.layers.4.self_attn/aten::transpose/Transpose_2,,unknown_bf16,12.0
Status.EXECUTED,__module.model.language_model.layers.4.self_attn/aten::scaled_dot_product_attention/ScaledDotProductAttention,,undef_bf16,176.0
Status.EXECUTED,__module.model.language_model.layers.4.self_attn/aten::transpose/Transpose_3,,unknown_bf16,34.0
Status.NOT_RUN,__module.model.language_model.layers.4.self_attn/aten::reshape/Reshape_2,,unknown_bf16,0.0
Status.EXECUTED,__module.model.language_model.layers.4.self_attn.o_proj/aten::linear/MatMul,,brgemm_avx512_bf16,967.0
Status.EXECUTED,__module.model.language_model.layers.4.self_attn.o_proj/aten::linear/MatMul_bf16_f32___module.model.language_model.layers.4/aten::add/Add,,jit_uni_bf16,33.0
Status.EXECUTED,__module.model.language_model.layers.4/aten::add/Add,,jit_avx512_f32,55.0
Status.EXECUTED,__module.model.language_model.layers.4/aten::add/Add_f32_bf16___module.model.language_model.layers.4.post_attention_layernorm/aten::mul/Multiply_1,,jit_uni_f32,24.0
Status.EXECUTED,__module.model.language_model.layers.4.post_attention_layernorm/aten::mul/Multiply_1,,jit_avx512_bf16,22.0
Status.EXECUTED,__module.model.language_model.layers.4.mlp.gate_proj/aten::linear/MatMul,,brgemm_avx512_bf16,2830.0
Status.NOT_RUN,__module.model.language_model.layers.4.mlp.act_fn/aten::silu/Swish,,undef,0.0
Status.EXECUTED,__module.model.language_model.layers.4.mlp.up_proj/aten::linear/MatMul,,brgemm_avx512_bf16,2869.0
Status.EXECUTED,__module.model.language_model.layers.4.mlp/aten::mul/Multiply,,jit_avx512_bf16,93.0
Status.EXECUTED,__module.model.language_model.layers.4.mlp.down_proj/aten::linear/MatMul,,brgemm_avx512_bf16,3003.0
Status.EXECUTED,__module.model.language_model.layers.4.mlp.down_proj/aten::linear/MatMul_bf16_f32___module.model.language_model.layers.4/aten::add/Add_1,,jit_uni_bf16,35.0
Status.EXECUTED,__module.model.language_model.layers.4/aten::add/Add_1,,jit_avx512_f32,58.0
Status.EXECUTED,__module.model.language_model.layers.4/aten::add/Add_1_f32_bf16___module.model.language_model.layers.5.input_layernorm/aten::mul/Multiply_1,,jit_uni_f32,36.0
Status.EXECUTED,__module.model.language_model.layers.5.input_layernorm/aten::mul/Multiply_1,,jit_avx512_bf16,30.0
Status.EXECUTED,__module.model.language_model.layers.5.self_attn.q_proj/aten::linear/MatMul,,brgemm_avx512_bf16,1034.0
Status.NOT_RUN,__module.model.language_model.layers.5.self_attn/aten::view/Reshape,,unknown_bf16,0.0
Status.EXECUTED,__module.model.language_model.layers.5.self_attn.q_norm/aten::mul/Multiply_1,,jit_avx512_bf16,21.0
Status.EXECUTED,__module.model.language_model.layers.5.self_attn/aten::add/Add,,ref_any_bf16,25.0
Status.EXECUTED,__module.model.language_model.layers.5.self_attn.k_proj/aten::linear/MatMul,,brgemm_avx512_bf16,298.0
Status.NOT_RUN,__module.model.language_model.layers.5.self_attn/aten::view/Reshape_1,,unknown_bf16,0.0
Status.EXECUTED,__module.model.language_model.layers.5.self_attn.k_norm/aten::mul/Multiply_1,,jit_avx512_bf16,8.0
Status.EXECUTED,__module.model.language_model.layers.5.self_attn/aten::add/Add_1,,ref_any_bf16,11.0
Status.EXECUTED,__module.model.language_model.layers.5.self_attn.v_proj/aten::linear/MatMul,,brgemm_avx512_bf16,307.0
Status.NOT_RUN,__module.model.language_model.layers.5.self_attn/aten::view/Reshape_2,,unknown_bf16,0.0
Status.EXECUTED,__module.model.language_model.layers.5.self_attn/aten::transpose/Transpose_2,,unknown_bf16,11.0
Status.EXECUTED,__module.model.language_model.layers.5.self_attn/aten::scaled_dot_product_attention/ScaledDotProductAttention,,undef_bf16,186.0
Status.EXECUTED,__module.model.language_model.layers.5.self_attn/aten::transpose/Transpose_3,,unknown_bf16,33.0
Status.NOT_RUN,__module.model.language_model.layers.5.self_attn/aten::reshape/Reshape_2,,unknown_bf16,0.0
Status.EXECUTED,__module.model.language_model.layers.5.self_attn.o_proj/aten::linear/MatMul,,brgemm_avx512_bf16,1012.0000000000001
Status.EXECUTED,__module.model.language_model.layers.5.self_attn.o_proj/aten::linear/MatMul_bf16_f32___module.model.language_model.layers.5/aten::add/Add,,jit_uni_bf16,30.0
Status.EXECUTED,__module.model.language_model.layers.5/aten::add/Add,,jit_avx512_f32,56.0
Status.EXECUTED,__module.model.language_model.layers.5/aten::add/Add_f32_bf16___module.model.language_model.layers.5.post_attention_layernorm/aten::mul/Multiply_1,,jit_uni_f32,24.0
Status.EXECUTED,__module.model.language_model.layers.5.post_attention_layernorm/aten::mul/Multiply_1,,jit_avx512_bf16,15.0
Status.EXECUTED,__module.model.language_model.layers.5.mlp.gate_proj/aten::linear/MatMul,,brgemm_avx512_bf16,2911.0
Status.NOT_RUN,__module.model.language_model.layers.5.mlp.act_fn/aten::silu/Swish,,undef,0.0
Status.EXECUTED,__module.model.language_model.layers.5.mlp.up_proj/aten::linear/MatMul,,brgemm_avx512_bf16,2870.0
Status.EXECUTED,__module.model.language_model.layers.5.mlp/aten::mul/Multiply,,jit_avx512_bf16,87.0
Status.EXECUTED,__module.model.language_model.layers.5.mlp.down_proj/aten::linear/MatMul,,brgemm_avx512_bf16,2885.0
Status.EXECUTED,__module.model.language_model.layers.5.mlp.down_proj/aten::linear/MatMul_bf16_f32___module.model.language_model.layers.5/aten::add/Add_1,,jit_uni_bf16,34.0
Status.EXECUTED,__module.model.language_model.layers.5/aten::add/Add_1,,jit_avx512_f32,88.0
Status.EXECUTED,__module.model.language_model.layers.5/aten::add/Add_1_f32_bf16___module.model.language_model.layers.6.input_layernorm/aten::mul/Multiply_1,,jit_uni_f32,34.0
Status.EXECUTED,__module.model.language_model.layers.6.input_layernorm/aten::mul/Multiply_1,,jit_avx512_bf16,29.0
Status.EXECUTED,__module.model.language_model.layers.6.self_attn.q_proj/aten::linear/MatMul,,brgemm_avx512_bf16,982.0
Status.NOT_RUN,__module.model.language_model.layers.6.self_attn/aten::view/Reshape,,unknown_bf16,0.0
Status.EXECUTED,__module.model.language_model.layers.6.self_attn.q_norm/aten::mul/Multiply_1,,jit_avx512_bf16,21.0
Status.EXECUTED,__module.model.language_model.layers.6.self_attn/aten::add/Add,,ref_any_bf16,25.0
Status.EXECUTED,__module.model.language_model.layers.6.self_attn.k_proj/aten::linear/MatMul,,brgemm_avx512_bf16,306.0
Status.NOT_RUN,__module.model.language_model.layers.6.self_attn/aten::view/Reshape_1,,unknown_bf16,0.0
Status.EXECUTED,__module.model.language_model.layers.6.self_attn.k_norm/aten::mul/Multiply_1,,jit_avx512_bf16,8.0
Status.EXECUTED,__module.model.language_model.layers.6.self_attn/aten::add/Add_1,,ref_any_bf16,11.0
Status.EXECUTED,__module.model.language_model.layers.6.self_attn.v_proj/aten::linear/MatMul,,brgemm_avx512_bf16,291.0
Status.NOT_RUN,__module.model.language_model.layers.6.self_attn/aten::view/Reshape_2,,unknown_bf16,0.0
Status.EXECUTED,__module.model.language_model.layers.6.self_attn/aten::transpose/Transpose_2,,unknown_bf16,12.0
Status.EXECUTED,__module.model.language_model.layers.6.self_attn/aten::scaled_dot_product_attention/ScaledDotProductAttention,,undef_bf16,183.0
Status.EXECUTED,__module.model.language_model.layers.6.self_attn/aten::transpose/Transpose_3,,unknown_bf16,33.0
Status.NOT_RUN,__module.model.language_model.layers.6.self_attn/aten::reshape/Reshape_2,,unknown_bf16,0.0
Status.EXECUTED,__module.model.language_model.layers.6.self_attn.o_proj/aten::linear/MatMul,,brgemm_avx512_bf16,953.0
Status.EXECUTED,__module.model.language_model.layers.6.self_attn.o_proj/aten::linear/MatMul_bf16_f32___module.model.language_model.layers.6/aten::add/Add,,jit_uni_bf16,30.0
Status.EXECUTED,__module.model.language_model.layers.6/aten::add/Add,,jit_avx512_f32,55.0
Status.EXECUTED,__module.model.language_model.layers.6/aten::add/Add_f32_bf16___module.model.language_model.layers.6.post_attention_layernorm/aten::mul/Multiply_1,,jit_uni_f32,24.0
Status.EXECUTED,__module.model.language_model.layers.6.post_attention_layernorm/aten::mul/Multiply_1,,jit_avx512_bf16,15.0
Status.EXECUTED,__module.model.language_model.layers.6.mlp.gate_proj/aten::linear/MatMul,,brgemm_avx512_bf16,2751.0
Status.NOT_RUN,__module.model.language_model.layers.6.mlp.act_fn/aten::silu/Swish,,undef,0.0
Status.EXECUTED,__module.model.language_model.layers.6.mlp.up_proj/aten::linear/MatMul,,brgemm_avx512_bf16,2856.0
Status.EXECUTED,__module.model.language_model.layers.6.mlp/aten::mul/Multiply,,jit_avx512_bf16,87.0
Status.EXECUTED,__module.model.language_model.layers.6.mlp.down_proj/aten::linear/MatMul,,brgemm_avx512_bf16,2880.0
Status.EXECUTED,__module.model.language_model.layers.6.mlp.down_proj/aten::linear/MatMul_bf16_f32___module.model.language_model.layers.6/aten::add/Add_1,,jit_uni_bf16,172.0
Status.EXECUTED,__module.model.language_model.layers.6/aten::add/Add_1,,jit_avx512_f32,57.0
Status.EXECUTED,__module.model.language_model.layers.6/aten::add/Add_1_f32_bf16___module.model.language_model.layers.7.input_layernorm/aten::mul/Multiply_1,,jit_uni_f32,33.0
Status.EXECUTED,__module.model.language_model.layers.7.input_layernorm/aten::mul/Multiply_1,,jit_avx512_bf16,27.0
Status.EXECUTED,__module.model.language_model.layers.7.self_attn.q_proj/aten::linear/MatMul,,brgemm_avx512_bf16,959.0
Status.NOT_RUN,__module.model.language_model.layers.7.self_attn/aten::view/Reshape,,unknown_bf16,0.0
Status.EXECUTED,__module.model.language_model.layers.7.self_attn.q_norm/aten::mul/Multiply_1,,jit_avx512_bf16,21.0
Status.EXECUTED,__module.model.language_model.layers.7.self_attn/aten::add/Add,,ref_any_bf16,25.0
Status.EXECUTED,__module.model.language_model.layers.7.self_attn.k_proj/aten::linear/MatMul,,brgemm_avx512_bf16,318.0
Status.NOT_RUN,__module.model.language_model.layers.7.self_attn/aten::view/Reshape_1,,unknown_bf16,0.0
Status.EXECUTED,__module.model.language_model.layers.7.self_attn.k_norm/aten::mul/Multiply_1,,jit_avx512_bf16,8.0
Status.EXECUTED,__module.model.language_model.layers.7.self_attn/aten::add/Add_1,,ref_any_bf16,12.0
Status.EXECUTED,__module.model.language_model.layers.7.self_attn.v_proj/aten::linear/MatMul,,brgemm_avx512_bf16,292.0
Status.NOT_RUN,__module.model.language_model.layers.7.self_attn/aten::view/Reshape_2,,unknown_bf16,0.0
Status.EXECUTED,__module.model.language_model.layers.7.self_attn/aten::transpose/Transpose_2,,unknown_bf16,10.0
Status.EXECUTED,__module.model.language_model.layers.7.self_attn/aten::scaled_dot_product_attention/ScaledDotProductAttention,,undef_bf16,176.0
Status.EXECUTED,__module.model.language_model.layers.7.self_attn/aten::transpose/Transpose_3,,unknown_bf16,33.0
Status.NOT_RUN,__module.model.language_model.layers.7.self_attn/aten::reshape/Reshape_2,,unknown_bf16,0.0
Status.EXECUTED,__module.model.language_model.layers.7.self_attn.o_proj/aten::linear/MatMul,,brgemm_avx512_bf16,998.0
Status.EXECUTED,__module.model.language_model.layers.7.self_attn.o_proj/aten::linear/MatMul_bf16_f32___module.model.language_model.layers.7/aten::add/Add,,jit_uni_bf16,30.0
Status.EXECUTED,__module.model.language_model.layers.7/aten::add/Add,,jit_avx512_f32,56.0
Status.EXECUTED,__module.model.language_model.layers.7/aten::add/Add_f32_bf16___module.model.language_model.layers.7.post_attention_layernorm/aten::mul/Multiply_1,,jit_uni_f32,25.0
Status.EXECUTED,__module.model.language_model.layers.7.post_attention_layernorm/aten::mul/Multiply_1,,jit_avx512_bf16,14.0
Status.EXECUTED,__module.model.language_model.layers.7.mlp.gate_proj/aten::linear/MatMul,,brgemm_avx512_bf16,3089.0
Status.NOT_RUN,__module.model.language_model.layers.7.mlp.act_fn/aten::silu/Swish,,undef,0.0
Status.EXECUTED,__module.model.language_model.layers.7.mlp.up_proj/aten::linear/MatMul,,brgemm_avx512_bf16,2790.0
Status.EXECUTED,__module.model.language_model.layers.7.mlp/aten::mul/Multiply,,jit_avx512_bf16,87.0
Status.EXECUTED,__module.model.language_model.layers.7.mlp.down_proj/aten::linear/MatMul,,brgemm_avx512_bf16,2883.0
Status.EXECUTED,__module.model.language_model.layers.7.mlp.down_proj/aten::linear/MatMul_bf16_f32___module.model.language_model.layers.7/aten::add/Add_1,,jit_uni_bf16,35.0
Status.EXECUTED,__module.model.language_model.layers.7/aten::add/Add_1,,jit_avx512_f32,89.0
Status.EXECUTED,__module.model.language_model.layers.7/aten::add/Add_1_f32_bf16___module.model.language_model.layers.8.input_layernorm/aten::mul/Multiply_1,,jit_uni_f32,34.0
Status.EXECUTED,__module.model.language_model.layers.8.input_layernorm/aten::mul/Multiply_1,,jit_avx512_bf16,28.0
Status.EXECUTED,__module.model.language_model.layers.8.self_attn.q_proj/aten::linear/MatMul,,brgemm_avx512_bf16,961.0
Status.NOT_RUN,__module.model.language_model.layers.8.self_attn/aten::view/Reshape,,unknown_bf16,0.0
Status.EXECUTED,__module.model.language_model.layers.8.self_attn.q_norm/aten::mul/Multiply_1,,jit_avx512_bf16,21.0
Status.EXECUTED,__module.model.language_model.layers.8.self_attn/aten::add/Add,,ref_any_bf16,24.0
Status.EXECUTED,__module.model.language_model.layers.8.self_attn.k_proj/aten::linear/MatMul,,brgemm_avx512_bf16,288.0
Status.NOT_RUN,__module.model.language_model.layers.8.self_attn/aten::view/Reshape_1,,unknown_bf16,0.0
Status.EXECUTED,__module.model.language_model.layers.8.self_attn.k_norm/aten::mul/Multiply_1,,jit_avx512_bf16,8.0
Status.EXECUTED,__module.model.language_model.layers.8.self_attn/aten::add/Add_1,,ref_any_bf16,10.0
Status.EXECUTED,__module.model.language_model.layers.8.self_attn.v_proj/aten::linear/MatMul,,brgemm_avx512_bf16,286.0
Status.NOT_RUN,__module.model.language_model.layers.8.self_attn/aten::view/Reshape_2,,unknown_bf16,0.0
Status.EXECUTED,__module.model.language_model.layers.8.self_attn/aten::transpose/Transpose_2,,unknown_bf16,10.0
Status.EXECUTED,__module.model.language_model.layers.8.self_attn/aten::scaled_dot_product_attention/ScaledDotProductAttention,,undef_bf16,177.0
Status.EXECUTED,__module.model.language_model.layers.8.self_attn/aten::transpose/Transpose_3,,unknown_bf16,32.0
Status.NOT_RUN,__module.model.language_model.layers.8.self_attn/aten::reshape/Reshape_2,,unknown_bf16,0.0
Status.EXECUTED,__module.model.language_model.layers.8.self_attn.o_proj/aten::linear/MatMul,,brgemm_avx512_bf16,971.0
Status.EXECUTED,__module.model.language_model.layers.8.self_attn.o_proj/aten::linear/MatMul_bf16_f32___module.model.language_model.layers.8/aten::add/Add,,jit_uni_bf16,31.0
Status.EXECUTED,__module.model.language_model.layers.8/aten::add/Add,,jit_avx512_f32,55.0
Status.EXECUTED,__module.model.language_model.layers.8/aten::add/Add_f32_bf16___module.model.language_model.layers.8.post_attention_layernorm/aten::mul/Multiply_1,,jit_uni_f32,24.0
Status.EXECUTED,__module.model.language_model.layers.8.post_attention_layernorm/aten::mul/Multiply_1,,jit_avx512_bf16,20.0
Status.EXECUTED,__module.model.language_model.layers.8.mlp.gate_proj/aten::linear/MatMul,,brgemm_avx512_bf16,2927.0
Status.NOT_RUN,__module.model.language_model.layers.8.mlp.act_fn/aten::silu/Swish,,undef,0.0
Status.EXECUTED,__module.model.language_model.layers.8.mlp.up_proj/aten::linear/MatMul,,brgemm_avx512_bf16,2902.0
Status.EXECUTED,__module.model.language_model.layers.8.mlp/aten::mul/Multiply,,jit_avx512_bf16,86.0
Status.EXECUTED,__module.model.language_model.layers.8.mlp.down_proj/aten::linear/MatMul,,brgemm_avx512_bf16,2860.0
Status.EXECUTED,__module.model.language_model.layers.8.mlp.down_proj/aten::linear/MatMul_bf16_f32___module.model.language_model.layers.8/aten::add/Add_1,,jit_uni_bf16,36.0
Status.EXECUTED,__module.model.language_model.layers.8/aten::add/Add_1,,jit_avx512_f32,56.0
Status.EXECUTED,__module.model.language_model.layers.8/aten::add/Add_1_f32_bf16___module.model.language_model.layers.9.input_layernorm/aten::mul/Multiply_1,,jit_uni_f32,33.0
Status.EXECUTED,__module.model.language_model.layers.9.input_layernorm/aten::mul/Multiply_1,,jit_avx512_bf16,27.0
Status.EXECUTED,__module.model.language_model.layers.9.self_attn.q_proj/aten::linear/MatMul,,brgemm_avx512_bf16,964.0
Status.NOT_RUN,__module.model.language_model.layers.9.self_attn/aten::view/Reshape,,unknown_bf16,0.0
Status.EXECUTED,__module.model.language_model.layers.9.self_attn.q_norm/aten::mul/Multiply_1,,jit_avx512_bf16,21.0
Status.EXECUTED,__module.model.language_model.layers.9.self_attn/aten::add/Add,,ref_any_bf16,25.0
Status.EXECUTED,__module.model.language_model.layers.9.self_attn.k_proj/aten::linear/MatMul,,brgemm_avx512_bf16,296.0
Status.NOT_RUN,__module.model.language_model.layers.9.self_attn/aten::view/Reshape_1,,unknown_bf16,0.0
Status.EXECUTED,__module.model.language_model.layers.9.self_attn.k_norm/aten::mul/Multiply_1,,jit_avx512_bf16,8.0
Status.EXECUTED,__module.model.language_model.layers.9.self_attn/aten::add/Add_1,,ref_any_bf16,10.0
Status.EXECUTED,__module.model.language_model.layers.9.self_attn.v_proj/aten::linear/MatMul,,brgemm_avx512_bf16,289.0
Status.NOT_RUN,__module.model.language_model.layers.9.self_attn/aten::view/Reshape_2,,unknown_bf16,0.0
Status.EXECUTED,__module.model.language_model.layers.9.self_attn/aten::transpose/Transpose_2,,unknown_bf16,10.0
Status.EXECUTED,__module.model.language_model.layers.9.self_attn/aten::scaled_dot_product_attention/ScaledDotProductAttention,,undef_bf16,178.0
Status.EXECUTED,__module.model.language_model.layers.9.self_attn/aten::transpose/Transpose_3,,unknown_bf16,34.0
Status.NOT_RUN,__module.model.language_model.layers.9.self_attn/aten::reshape/Reshape_2,,unknown_bf16,0.0
Status.EXECUTED,__module.model.language_model.layers.9.self_attn.o_proj/aten::linear/MatMul,,brgemm_avx512_bf16,961.0
Status.EXECUTED,__module.model.language_model.layers.9.self_attn.o_proj/aten::linear/MatMul_bf16_f32___module.model.language_model.layers.9/aten::add/Add,,jit_uni_bf16,33.0
Status.EXECUTED,__module.model.language_model.layers.9/aten::add/Add,,jit_avx512_f32,56.0
Status.EXECUTED,__module.model.language_model.layers.9/aten::add/Add_f32_bf16___module.model.language_model.layers.9.post_attention_layernorm/aten::mul/Multiply_1,,jit_uni_f32,24.0
Status.EXECUTED,__module.model.language_model.layers.9.post_attention_layernorm/aten::mul/Multiply_1,,jit_avx512_bf16,14.0
Status.EXECUTED,__module.model.language_model.layers.9.mlp.gate_proj/aten::linear/MatMul,,brgemm_avx512_bf16,2918.0
Status.NOT_RUN,__module.model.language_model.layers.9.mlp.act_fn/aten::silu/Swish,,undef,0.0
Status.EXECUTED,__module.model.language_model.layers.9.mlp.up_proj/aten::linear/MatMul,,brgemm_avx512_bf16,2900.0
Status.EXECUTED,__module.model.language_model.layers.9.mlp/aten::mul/Multiply,,jit_avx512_bf16,194.0
Status.EXECUTED,__module.model.language_model.layers.9.mlp.down_proj/aten::linear/MatMul,,brgemm_avx512_bf16,3071.0
Status.EXECUTED,__module.model.language_model.layers.9.mlp.down_proj/aten::linear/MatMul_bf16_f32___module.model.language_model.layers.9/aten::add/Add_1,,jit_uni_bf16,35.0
Status.EXECUTED,__module.model.language_model.layers.9/aten::add/Add_1,,jit_avx512_f32,89.0
Status.EXECUTED,__module.model.language_model.layers.9/aten::add/Add_1_f32_bf16___module.model.language_model.layers.10.input_layernorm/aten::mul/Multiply_1,,jit_uni_f32,34.0
Status.EXECUTED,__module.model.language_model.layers.10.input_layernorm/aten::mul/Multiply_1,,jit_avx512_bf16,28.0
Status.EXECUTED,__module.model.language_model.layers.10.self_attn.q_proj/aten::linear/MatMul,,brgemm_avx512_bf16,973.0
Status.NOT_RUN,__module.model.language_model.layers.10.self_attn/aten::view/Reshape,,unknown_bf16,0.0
Status.EXECUTED,__module.model.language_model.layers.10.self_attn.q_norm/aten::mul/Multiply_1,,jit_avx512_bf16,24.0
Status.EXECUTED,__module.model.language_model.layers.10.self_attn/aten::add/Add,,ref_any_bf16,25.0
Status.EXECUTED,__module.model.language_model.layers.10.self_attn.k_proj/aten::linear/MatMul,,brgemm_avx512_bf16,303.0
Status.NOT_RUN,__module.model.language_model.layers.10.self_attn/aten::view/Reshape_1,,unknown_bf16,0.0
Status.EXECUTED,__module.model.language_model.layers.10.self_attn.k_norm/aten::mul/Multiply_1,,jit_avx512_bf16,8.0
Status.EXECUTED,__module.model.language_model.layers.10.self_attn/aten::add/Add_1,,ref_any_bf16,11.0
Status.EXECUTED,__module.model.language_model.layers.10.self_attn.v_proj/aten::linear/MatMul,,brgemm_avx512_bf16,334.0
Status.NOT_RUN,__module.model.language_model.layers.10.self_attn/aten::view/Reshape_2,,unknown_bf16,0.0
Status.EXECUTED,__module.model.language_model.layers.10.self_attn/aten::transpose/Transpose_2,,unknown_bf16,10.0
Status.EXECUTED,__module.model.language_model.layers.10.self_attn/aten::scaled_dot_product_attention/ScaledDotProductAttention,,undef_bf16,181.0
Status.EXECUTED,__module.model.language_model.layers.10.self_attn/aten::transpose/Transpose_3,,unknown_bf16,33.0
Status.NOT_RUN,__module.model.language_model.layers.10.self_attn/aten::reshape/Reshape_2,,unknown_bf16,0.0
Status.EXECUTED,__module.model.language_model.layers.10.self_attn.o_proj/aten::linear/MatMul,,brgemm_avx512_bf16,1037.0
Status.EXECUTED,__module.model.language_model.layers.10.self_attn.o_proj/aten::linear/MatMul_bf16_f32___module.model.language_model.layers.10/aten::add/Add,,jit_uni_bf16,32.0
Status.EXECUTED,__module.model.language_model.layers.10/aten::add/Add,,jit_avx512_f32,155.0
Status.EXECUTED,__module.model.language_model.layers.10/aten::add/Add_f32_bf16___module.model.language_model.layers.10.post_attention_layernorm/aten::mul/Multiply_1,,jit_uni_f32,25.0
Status.EXECUTED,__module.model.language_model.layers.10.post_attention_layernorm/aten::mul/Multiply_1,,jit_avx512_bf16,15.0
Status.EXECUTED,__module.model.language_model.layers.10.mlp.gate_proj/aten::linear/MatMul,,brgemm_avx512_bf16,2879.0
Status.NOT_RUN,__module.model.language_model.layers.10.mlp.act_fn/aten::silu/Swish,,undef,0.0
Status.EXECUTED,__module.model.language_model.layers.10.mlp.up_proj/aten::linear/MatMul,,brgemm_avx512_bf16,2812.0
Status.EXECUTED,__module.model.language_model.layers.10.mlp/aten::mul/Multiply,,jit_avx512_bf16,86.0
Status.EXECUTED,__module.model.language_model.layers.10.mlp.down_proj/aten::linear/MatMul,,brgemm_avx512_bf16,2907.0
Status.EXECUTED,__module.model.language_model.layers.10.mlp.down_proj/aten::linear/MatMul_bf16_f32___module.model.language_model.layers.10/aten::add/Add_1,,jit_uni_bf16,35.0
Status.EXECUTED,__module.model.language_model.layers.10/aten::add/Add_1,,jit_avx512_f32,56.0
Status.EXECUTED,__module.model.language_model.layers.10/aten::add/Add_1_f32_bf16___module.model.language_model.layers.11.input_layernorm/aten::mul/Multiply_1,,jit_uni_f32,33.0
Status.EXECUTED,__module.model.language_model.layers.11.input_layernorm/aten::mul/Multiply_1,,jit_avx512_bf16,27.0
Status.EXECUTED,__module.model.language_model.layers.11.self_attn.q_proj/aten::linear/MatMul,,brgemm_avx512_bf16,960.0
Status.NOT_RUN,__module.model.language_model.layers.11.self_attn/aten::view/Reshape,,unknown_bf16,0.0
Status.EXECUTED,__module.model.language_model.layers.11.self_attn.q_norm/aten::mul/Multiply_1,,jit_avx512_bf16,21.0
Status.EXECUTED,__module.model.language_model.layers.11.self_attn/aten::add/Add,,ref_any_bf16,24.0
Status.EXECUTED,__module.model.language_model.layers.11.self_attn.k_proj/aten::linear/MatMul,,brgemm_avx512_bf16,299.0
Status.NOT_RUN,__module.model.language_model.layers.11.self_attn/aten::view/Reshape_1,,unknown_bf16,0.0
Status.EXECUTED,__module.model.language_model.layers.11.self_attn.k_norm/aten::mul/Multiply_1,,jit_avx512_bf16,8.0
Status.EXECUTED,__module.model.language_model.layers.11.self_attn/aten::add/Add_1,,ref_any_bf16,11.0
Status.EXECUTED,__module.model.language_model.layers.11.self_attn.v_proj/aten::linear/MatMul,,brgemm_avx512_bf16,312.0
Status.NOT_RUN,__module.model.language_model.layers.11.self_attn/aten::view/Reshape_2,,unknown_bf16,0.0
Status.EXECUTED,__module.model.language_model.layers.11.self_attn/aten::transpose/Transpose_2,,unknown_bf16,10.0
Status.EXECUTED,__module.model.language_model.layers.11.self_attn/aten::scaled_dot_product_attention/ScaledDotProductAttention,,undef_bf16,175.0
Status.EXECUTED,__module.model.language_model.layers.11.self_attn/aten::transpose/Transpose_3,,unknown_bf16,33.0
Status.NOT_RUN,__module.model.language_model.layers.11.self_attn/aten::reshape/Reshape_2,,unknown_bf16,0.0
Status.EXECUTED,__module.model.language_model.layers.11.self_attn.o_proj/aten::linear/MatMul,,brgemm_avx512_bf16,955.0
Status.EXECUTED,__module.model.language_model.layers.11.self_attn.o_proj/aten::linear/MatMul_bf16_f32___module.model.language_model.layers.11/aten::add/Add,,jit_uni_bf16,30.0
Status.EXECUTED,__module.model.language_model.layers.11/aten::add/Add,,jit_avx512_f32,170.0
Status.EXECUTED,__module.model.language_model.layers.11/aten::add/Add_f32_bf16___module.model.language_model.layers.11.post_attention_layernorm/aten::mul/Multiply_1,,jit_uni_f32,25.0
Status.EXECUTED,__module.model.language_model.layers.11.post_attention_layernorm/aten::mul/Multiply_1,,jit_avx512_bf16,14.0
Status.EXECUTED,__module.model.language_model.layers.11.mlp.gate_proj/aten::linear/MatMul,,brgemm_avx512_bf16,2858.0
Status.NOT_RUN,__module.model.language_model.layers.11.mlp.act_fn/aten::silu/Swish,,undef,0.0
Status.EXECUTED,__module.model.language_model.layers.11.mlp.up_proj/aten::linear/MatMul,,brgemm_avx512_bf16,2819.0
Status.EXECUTED,__module.model.language_model.layers.11.mlp/aten::mul/Multiply,,jit_avx512_bf16,91.0
Status.EXECUTED,__module.model.language_model.layers.11.mlp.down_proj/aten::linear/MatMul,,brgemm_avx512_bf16,3193.0
Status.EXECUTED,__module.model.language_model.layers.11.mlp.down_proj/aten::linear/MatMul_bf16_f32___module.model.language_model.layers.11/aten::add/Add_1,,jit_uni_bf16,36.0
Status.EXECUTED,__module.model.language_model.layers.11/aten::add/Add_1,,jit_avx512_f32,88.0
Status.EXECUTED,__module.model.language_model.layers.11/aten::add/Add_1_f32_bf16___module.model.language_model.layers.12.input_layernorm/aten::mul/Multiply_1,,jit_uni_f32,34.0
Status.EXECUTED,__module.model.language_model.layers.12.input_layernorm/aten::mul/Multiply_1,,jit_avx512_bf16,28.0
Status.EXECUTED,__module.model.language_model.layers.12.self_attn.q_proj/aten::linear/MatMul,,brgemm_avx512_bf16,973.0
Status.NOT_RUN,__module.model.language_model.layers.12.self_attn/aten::view/Reshape,,unknown_bf16,0.0
Status.EXECUTED,__module.model.language_model.layers.12.self_attn.q_norm/aten::mul/Multiply_1,,jit_avx512_bf16,21.0
Status.EXECUTED,__module.model.language_model.layers.12.self_attn/aten::add/Add,,ref_any_bf16,23.0
Status.EXECUTED,__module.model.language_model.layers.12.self_attn.k_proj/aten::linear/MatMul,,brgemm_avx512_bf16,289.0
Status.NOT_RUN,__module.model.language_model.layers.12.self_attn/aten::view/Reshape_1,,unknown_bf16,0.0
Status.EXECUTED,__module.model.language_model.layers.12.self_attn.k_norm/aten::mul/Multiply_1,,jit_avx512_bf16,8.0
Status.EXECUTED,__module.model.language_model.layers.12.self_attn/aten::add/Add_1,,ref_any_bf16,12.0
Status.EXECUTED,__module.model.language_model.layers.12.self_attn.v_proj/aten::linear/MatMul,,brgemm_avx512_bf16,290.0
Status.NOT_RUN,__module.model.language_model.layers.12.self_attn/aten::view/Reshape_2,,unknown_bf16,0.0
Status.EXECUTED,__module.model.language_model.layers.12.self_attn/aten::transpose/Transpose_2,,unknown_bf16,10.0
Status.EXECUTED,__module.model.language_model.layers.12.self_attn/aten::scaled_dot_product_attention/ScaledDotProductAttention,,undef_bf16,176.0
Status.EXECUTED,__module.model.language_model.layers.12.self_attn/aten::transpose/Transpose_3,,unknown_bf16,33.0
Status.NOT_RUN,__module.model.language_model.layers.12.self_attn/aten::reshape/Reshape_2,,unknown_bf16,0.0
Status.EXECUTED,__module.model.language_model.layers.12.self_attn.o_proj/aten::linear/MatMul,,brgemm_avx512_bf16,953.0
Status.EXECUTED,__module.model.language_model.layers.12.self_attn.o_proj/aten::linear/MatMul_bf16_f32___module.model.language_model.layers.12/aten::add/Add,,jit_uni_bf16,30.0
Status.EXECUTED,__module.model.language_model.layers.12/aten::add/Add,,jit_avx512_f32,55.0
Status.EXECUTED,__module.model.language_model.layers.12/aten::add/Add_f32_bf16___module.model.language_model.layers.12.post_attention_layernorm/aten::mul/Multiply_1,,jit_uni_f32,25.0
Status.EXECUTED,__module.model.language_model.layers.12.post_attention_layernorm/aten::mul/Multiply_1,,jit_avx512_bf16,15.0
Status.EXECUTED,__module.model.language_model.layers.12.mlp.gate_proj/aten::linear/MatMul,,brgemm_avx512_bf16,2898.0
Status.NOT_RUN,__module.model.language_model.layers.12.mlp.act_fn/aten::silu/Swish,,undef,0.0
Status.EXECUTED,__module.model.language_model.layers.12.mlp.up_proj/aten::linear/MatMul,,brgemm_avx512_bf16,2737.0
Status.EXECUTED,__module.model.language_model.layers.12.mlp/aten::mul/Multiply,,jit_avx512_bf16,85.0
Status.EXECUTED,__module.model.language_model.layers.12.mlp.down_proj/aten::linear/MatMul,,brgemm_avx512_bf16,2844.0
Status.EXECUTED,__module.model.language_model.layers.12.mlp.down_proj/aten::linear/MatMul_bf16_f32___module.model.language_model.layers.12/aten::add/Add_1,,jit_uni_bf16,37.0
Status.EXECUTED,__module.model.language_model.layers.12/aten::add/Add_1,,jit_avx512_f32,56.0
Status.EXECUTED,__module.model.language_model.layers.12/aten::add/Add_1_f32_bf16___module.model.language_model.layers.13.input_layernorm/aten::mul/Multiply_1,,jit_uni_f32,34.0
Status.EXECUTED,__module.model.language_model.layers.13.input_layernorm/aten::mul/Multiply_1,,jit_avx512_bf16,28.0
Status.EXECUTED,__module.model.language_model.layers.13.self_attn.q_proj/aten::linear/MatMul,,brgemm_avx512_bf16,1051.0
Status.NOT_RUN,__module.model.language_model.layers.13.self_attn/aten::view/Reshape,,unknown_bf16,0.0
Status.EXECUTED,__module.model.language_model.layers.13.self_attn.q_norm/aten::mul/Multiply_1,,jit_avx512_bf16,22.0
Status.EXECUTED,__module.model.language_model.layers.13.self_attn/aten::add/Add,,ref_any_bf16,24.0
Status.EXECUTED,__module.model.language_model.layers.13.self_attn.k_proj/aten::linear/MatMul,,brgemm_avx512_bf16,294.0
Status.NOT_RUN,__module.model.language_model.layers.13.self_attn/aten::view/Reshape_1,,unknown_bf16,0.0
Status.EXECUTED,__module.model.language_model.layers.13.self_attn.k_norm/aten::mul/Multiply_1,,jit_avx512_bf16,9.0
Status.EXECUTED,__module.model.language_model.layers.13.self_attn/aten::add/Add_1,,ref_any_bf16,11.0
Status.EXECUTED,__module.model.language_model.layers.13.self_attn.v_proj/aten::linear/MatMul,,brgemm_avx512_bf16,295.0
Status.NOT_RUN,__module.model.language_model.layers.13.self_attn/aten::view/Reshape_2,,unknown_bf16,0.0
Status.EXECUTED,__module.model.language_model.layers.13.self_attn/aten::transpose/Transpose_2,,unknown_bf16,10.0
Status.EXECUTED,__module.model.language_model.layers.13.self_attn/aten::scaled_dot_product_attention/ScaledDotProductAttention,,undef_bf16,178.0
Status.EXECUTED,__module.model.language_model.layers.13.self_attn/aten::transpose/Transpose_3,,unknown_bf16,33.0
Status.NOT_RUN,__module.model.language_model.layers.13.self_attn/aten::reshape/Reshape_2,,unknown_bf16,0.0
Status.EXECUTED,__module.model.language_model.layers.13.self_attn.o_proj/aten::linear/MatMul,,brgemm_avx512_bf16,1010.0
Status.EXECUTED,__module.model.language_model.layers.13.self_attn.o_proj/aten::linear/MatMul_bf16_f32___module.model.language_model.layers.13/aten::add/Add,,jit_uni_bf16,30.0
Status.EXECUTED,__module.model.language_model.layers.13/aten::add/Add,,jit_avx512_f32,55.0
Status.EXECUTED,__module.model.language_model.layers.13/aten::add/Add_f32_bf16___module.model.language_model.layers.13.post_attention_layernorm/aten::mul/Multiply_1,,jit_uni_f32,25.0
Status.EXECUTED,__module.model.language_model.layers.13.post_attention_layernorm/aten::mul/Multiply_1,,jit_avx512_bf16,15.0
Status.EXECUTED,__module.model.language_model.layers.13.mlp.gate_proj/aten::linear/MatMul,,brgemm_avx512_bf16,2827.0
Status.NOT_RUN,__module.model.language_model.layers.13.mlp.act_fn/aten::silu/Swish,,undef,0.0
Status.EXECUTED,__module.model.language_model.layers.13.mlp.up_proj/aten::linear/MatMul,,brgemm_avx512_bf16,2846.0
Status.EXECUTED,__module.model.language_model.layers.13.mlp/aten::mul/Multiply,,jit_avx512_bf16,87.0
Status.EXECUTED,__module.model.language_model.layers.13.mlp.down_proj/aten::linear/MatMul,,brgemm_avx512_bf16,2911.0
Status.EXECUTED,__module.model.language_model.layers.13.mlp.down_proj/aten::linear/MatMul_bf16_f32___module.model.language_model.layers.13/aten::add/Add_1,,jit_uni_bf16,35.0
Status.EXECUTED,__module.model.language_model.layers.13/aten::add/Add_1,,jit_avx512_f32,88.0
Status.EXECUTED,__module.model.language_model.layers.13/aten::add/Add_1_f32_bf16___module.model.language_model.layers.14.input_layernorm/aten::mul/Multiply_1,,jit_uni_f32,33.0
Status.EXECUTED,__module.model.language_model.layers.14.input_layernorm/aten::mul/Multiply_1,,jit_avx512_bf16,28.0
Status.EXECUTED,__module.model.language_model.layers.14.self_attn.q_proj/aten::linear/MatMul,,brgemm_avx512_bf16,961.0
Status.NOT_RUN,__module.model.language_model.layers.14.self_attn/aten::view/Reshape,,unknown_bf16,0.0
Status.EXECUTED,__module.model.language_model.layers.14.self_attn.q_norm/aten::mul/Multiply_1,,jit_avx512_bf16,21.0
Status.EXECUTED,__module.model.language_model.layers.14.self_attn/aten::add/Add,,ref_any_bf16,24.0
Status.EXECUTED,__module.model.language_model.layers.14.self_attn.k_proj/aten::linear/MatMul,,brgemm_avx512_bf16,295.0
Status.NOT_RUN,__module.model.language_model.layers.14.self_attn/aten::view/Reshape_1,,unknown_bf16,0.0
Status.EXECUTED,__module.model.language_model.layers.14.self_attn.k_norm/aten::mul/Multiply_1,,jit_avx512_bf16,8.0
Status.EXECUTED,__module.model.language_model.layers.14.self_attn/aten::add/Add_1,,ref_any_bf16,10.0
Status.EXECUTED,__module.model.language_model.layers.14.self_attn.v_proj/aten::linear/MatMul,,brgemm_avx512_bf16,329.0
Status.NOT_RUN,__module.model.language_model.layers.14.self_attn/aten::view/Reshape_2,,unknown_bf16,0.0
Status.EXECUTED,__module.model.language_model.layers.14.self_attn/aten::transpose/Transpose_2,,unknown_bf16,10.0
Status.EXECUTED,__module.model.language_model.layers.14.self_attn/aten::scaled_dot_product_attention/ScaledDotProductAttention,,undef_bf16,180.0
Status.EXECUTED,__module.model.language_model.layers.14.self_attn/aten::transpose/Transpose_3,,unknown_bf16,34.0
Status.NOT_RUN,__module.model.language_model.layers.14.self_attn/aten::reshape/Reshape_2,,unknown_bf16,0.0
Status.EXECUTED,__module.model.language_model.layers.14.self_attn.o_proj/aten::linear/MatMul,,brgemm_avx512_bf16,1042.0
Status.EXECUTED,__module.model.language_model.layers.14.self_attn.o_proj/aten::linear/MatMul_bf16_f32___module.model.language_model.layers.14/aten::add/Add,,jit_uni_bf16,31.0
Status.EXECUTED,__module.model.language_model.layers.14/aten::add/Add,,jit_avx512_f32,56.0
Status.EXECUTED,__module.model.language_model.layers.14/aten::add/Add_f32_bf16___module.model.language_model.layers.14.post_attention_layernorm/aten::mul/Multiply_1,,jit_uni_f32,24.0
Status.EXECUTED,__module.model.language_model.layers.14.post_attention_layernorm/aten::mul/Multiply_1,,jit_avx512_bf16,15.0
Status.EXECUTED,__module.model.language_model.layers.14.mlp.gate_proj/aten::linear/MatMul,,brgemm_avx512_bf16,3204.0
Status.NOT_RUN,__module.model.language_model.layers.14.mlp.act_fn/aten::silu/Swish,,undef,0.0
Status.EXECUTED,__module.model.language_model.layers.14.mlp.up_proj/aten::linear/MatMul,,brgemm_avx512_bf16,2988.0
Status.EXECUTED,__module.model.language_model.layers.14.mlp/aten::mul/Multiply,,jit_avx512_bf16,88.0
Status.EXECUTED,__module.model.language_model.layers.14.mlp.down_proj/aten::linear/MatMul,,brgemm_avx512_bf16,3049.0
Status.EXECUTED,__module.model.language_model.layers.14.mlp.down_proj/aten::linear/MatMul_bf16_f32___module.model.language_model.layers.14/aten::add/Add_1,,jit_uni_bf16,36.0
Status.EXECUTED,__module.model.language_model.layers.14/aten::add/Add_1,,jit_avx512_f32,60.0
Status.EXECUTED,__module.model.language_model.layers.14/aten::add/Add_1_f32_bf16___module.model.language_model.layers.15.input_layernorm/aten::mul/Multiply_1,,jit_uni_f32,33.0
Status.EXECUTED,__module.model.language_model.layers.15.input_layernorm/aten::mul/Multiply_1,,jit_avx512_bf16,27.0
Status.EXECUTED,__module.model.language_model.layers.15.self_attn.q_proj/aten::linear/MatMul,,brgemm_avx512_bf16,963.0
Status.NOT_RUN,__module.model.language_model.layers.15.self_attn/aten::view/Reshape,,unknown_bf16,0.0
Status.EXECUTED,__module.model.language_model.layers.15.self_attn.q_norm/aten::mul/Multiply_1,,jit_avx512_bf16,21.0
Status.EXECUTED,__module.model.language_model.layers.15.self_attn/aten::add/Add,,ref_any_bf16,26.0
Status.EXECUTED,__module.model.language_model.layers.15.self_attn.k_proj/aten::linear/MatMul,,brgemm_avx512_bf16,291.0
Status.NOT_RUN,__module.model.language_model.layers.15.self_attn/aten::view/Reshape_1,,unknown_bf16,0.0
Status.EXECUTED,__module.model.language_model.layers.15.self_attn.k_norm/aten::mul/Multiply_1,,jit_avx512_bf16,9.0
Status.EXECUTED,__module.model.language_model.layers.15.self_attn/aten::add/Add_1,,ref_any_bf16,11.0
Status.EXECUTED,__module.model.language_model.layers.15.self_attn.v_proj/aten::linear/MatMul,,brgemm_avx512_bf16,290.0
Status.NOT_RUN,__module.model.language_model.layers.15.self_attn/aten::view/Reshape_2,,unknown_bf16,0.0
Status.EXECUTED,__module.model.language_model.layers.15.self_attn/aten::transpose/Transpose_2,,unknown_bf16,11.0
Status.EXECUTED,__module.model.language_model.layers.15.self_attn/aten::scaled_dot_product_attention/ScaledDotProductAttention,,undef_bf16,184.0
Status.EXECUTED,__module.model.language_model.layers.15.self_attn/aten::transpose/Transpose_3,,unknown_bf16,33.0
Status.NOT_RUN,__module.model.language_model.layers.15.self_attn/aten::reshape/Reshape_2,,unknown_bf16,0.0
Status.EXECUTED,__module.model.language_model.layers.15.self_attn.o_proj/aten::linear/MatMul,,brgemm_avx512_bf16,966.0
Status.EXECUTED,__module.model.language_model.layers.15.self_attn.o_proj/aten::linear/MatMul_bf16_f32___module.model.language_model.layers.15/aten::add/Add,,jit_uni_bf16,31.0
Status.EXECUTED,__module.model.language_model.layers.15/aten::add/Add,,jit_avx512_f32,56.0
Status.EXECUTED,__module.model.language_model.layers.15/aten::add/Add_f32_bf16___module.model.language_model.layers.15.post_attention_layernorm/aten::mul/Multiply_1,,jit_uni_f32,25.0
Status.EXECUTED,__module.model.language_model.layers.15.post_attention_layernorm/aten::mul/Multiply_1,,jit_avx512_bf16,17.0
Status.EXECUTED,__module.model.language_model.layers.15.mlp.gate_proj/aten::linear/MatMul,,brgemm_avx512_bf16,2811.0
Status.NOT_RUN,__module.model.language_model.layers.15.mlp.act_fn/aten::silu/Swish,,undef,0.0
Status.EXECUTED,__module.model.language_model.layers.15.mlp.up_proj/aten::linear/MatMul,,brgemm_avx512_bf16,3024.0
Status.EXECUTED,__module.model.language_model.layers.15.mlp/aten::mul/Multiply,,jit_avx512_bf16,89.0
Status.EXECUTED,__module.model.language_model.layers.15.mlp.down_proj/aten::linear/MatMul,,brgemm_avx512_bf16,3040.0
Status.EXECUTED,__module.model.language_model.layers.15.mlp.down_proj/aten::linear/MatMul_bf16_f32___module.model.language_model.layers.15/aten::add/Add_1,,jit_uni_bf16,35.0
Status.EXECUTED,__module.model.language_model.layers.15/aten::add/Add_1,,jit_avx512_f32,88.0
Status.EXECUTED,__module.model.language_model.layers.15/aten::add/Add_1_f32_bf16___module.model.language_model.layers.16.input_layernorm/aten::mul/Multiply_1,,jit_uni_f32,33.0
Status.EXECUTED,__module.model.language_model.layers.16.input_layernorm/aten::mul/Multiply_1,,jit_avx512_bf16,29.0
Status.EXECUTED,__module.model.language_model.layers.16.self_attn.q_proj/aten::linear/MatMul,,brgemm_avx512_bf16,970.0
Status.NOT_RUN,__module.model.language_model.layers.16.self_attn/aten::view/Reshape,,unknown_bf16,0.0
Status.EXECUTED,__module.model.language_model.layers.16.self_attn.q_norm/aten::mul/Multiply_1,,jit_avx512_bf16,21.0
Status.EXECUTED,__module.model.language_model.layers.16.self_attn/aten::add/Add,,ref_any_bf16,24.0
Status.EXECUTED,__module.model.language_model.layers.16.self_attn.k_proj/aten::linear/MatMul,,brgemm_avx512_bf16,304.0
Status.NOT_RUN,__module.model.language_model.layers.16.self_attn/aten::view/Reshape_1,,unknown_bf16,0.0
Status.EXECUTED,__module.model.language_model.layers.16.self_attn.k_norm/aten::mul/Multiply_1,,jit_avx512_bf16,8.0
Status.EXECUTED,__module.model.language_model.layers.16.self_attn/aten::add/Add_1,,ref_any_bf16,11.0
Status.EXECUTED,__module.model.language_model.layers.16.self_attn.v_proj/aten::linear/MatMul,,brgemm_avx512_bf16,298.0
Status.NOT_RUN,__module.model.language_model.layers.16.self_attn/aten::view/Reshape_2,,unknown_bf16,0.0
Status.EXECUTED,__module.model.language_model.layers.16.self_attn/aten::transpose/Transpose_2,,unknown_bf16,10.0
Status.EXECUTED,__module.model.language_model.layers.16.self_attn/aten::scaled_dot_product_attention/ScaledDotProductAttention,,undef_bf16,177.0
Status.EXECUTED,__module.model.language_model.layers.16.self_attn/aten::transpose/Transpose_3,,unknown_bf16,33.0
Status.NOT_RUN,__module.model.language_model.layers.16.self_attn/aten::reshape/Reshape_2,,unknown_bf16,0.0
Status.EXECUTED,__module.model.language_model.layers.16.self_attn.o_proj/aten::linear/MatMul,,brgemm_avx512_bf16,980.0
Status.EXECUTED,__module.model.language_model.layers.16.self_attn.o_proj/aten::linear/MatMul_bf16_f32___module.model.language_model.layers.16/aten::add/Add,,jit_uni_bf16,31.0
Status.EXECUTED,__module.model.language_model.layers.16/aten::add/Add,,jit_avx512_f32,55.0
Status.EXECUTED,__module.model.language_model.layers.16/aten::add/Add_f32_bf16___module.model.language_model.layers.16.post_attention_layernorm/aten::mul/Multiply_1,,jit_uni_f32,24.0
Status.EXECUTED,__module.model.language_model.layers.16.post_attention_layernorm/aten::mul/Multiply_1,,jit_avx512_bf16,16.0
Status.EXECUTED,__module.model.language_model.layers.16.mlp.gate_proj/aten::linear/MatMul,,brgemm_avx512_bf16,2866.0
Status.NOT_RUN,__module.model.language_model.layers.16.mlp.act_fn/aten::silu/Swish,,undef,0.0
Status.EXECUTED,__module.model.language_model.layers.16.mlp.up_proj/aten::linear/MatMul,,brgemm_avx512_bf16,3050.0
Status.EXECUTED,__module.model.language_model.layers.16.mlp/aten::mul/Multiply,,jit_avx512_bf16,89.0
Status.EXECUTED,__module.model.language_model.layers.16.mlp.down_proj/aten::linear/MatMul,,brgemm_avx512_bf16,2978.0
Status.EXECUTED,__module.model.language_model.layers.16.mlp.down_proj/aten::linear/MatMul_bf16_f32___module.model.language_model.layers.16/aten::add/Add_1,,jit_uni_bf16,36.0
Status.EXECUTED,__module.model.language_model.layers.16/aten::add/Add_1,,jit_avx512_f32,57.0
Status.EXECUTED,__module.model.language_model.layers.16/aten::add/Add_1_f32_bf16___module.model.language_model.layers.17.input_layernorm/aten::mul/Multiply_1,,jit_uni_f32,33.0
Status.EXECUTED,__module.model.language_model.layers.17.input_layernorm/aten::mul/Multiply_1,,jit_avx512_bf16,28.0
Status.EXECUTED,__module.model.language_model.layers.17.self_attn.q_proj/aten::linear/MatMul,,brgemm_avx512_bf16,1053.0
Status.NOT_RUN,__module.model.language_model.layers.17.self_attn/aten::view/Reshape,,unknown_bf16,0.0
Status.EXECUTED,__module.model.language_model.layers.17.self_attn.q_norm/aten::mul/Multiply_1,,jit_avx512_bf16,22.0
Status.EXECUTED,__module.model.language_model.layers.17.self_attn/aten::add/Add,,ref_any_bf16,25.0
Status.EXECUTED,__module.model.language_model.layers.17.self_attn.k_proj/aten::linear/MatMul,,brgemm_avx512_bf16,301.0
Status.NOT_RUN,__module.model.language_model.layers.17.self_attn/aten::view/Reshape_1,,unknown_bf16,0.0
Status.EXECUTED,__module.model.language_model.layers.17.self_attn.k_norm/aten::mul/Multiply_1,,jit_avx512_bf16,8.0
Status.EXECUTED,__module.model.language_model.layers.17.self_attn/aten::add/Add_1,,ref_any_bf16,11.0
Status.EXECUTED,__module.model.language_model.layers.17.self_attn.v_proj/aten::linear/MatMul,,brgemm_avx512_bf16,292.0
Status.NOT_RUN,__module.model.language_model.layers.17.self_attn/aten::view/Reshape_2,,unknown_bf16,0.0
Status.EXECUTED,__module.model.language_model.layers.17.self_attn/aten::transpose/Transpose_2,,unknown_bf16,10.0
Status.EXECUTED,__module.model.language_model.layers.17.self_attn/aten::scaled_dot_product_attention/ScaledDotProductAttention,,undef_bf16,177.0
Status.EXECUTED,__module.model.language_model.layers.17.self_attn/aten::transpose/Transpose_3,,unknown_bf16,32.0
Status.NOT_RUN,__module.model.language_model.layers.17.self_attn/aten::reshape/Reshape_2,,unknown_bf16,0.0
Status.EXECUTED,__module.model.language_model.layers.17.self_attn.o_proj/aten::linear/MatMul,,brgemm_avx512_bf16,990.0
Status.EXECUTED,__module.model.language_model.layers.17.self_attn.o_proj/aten::linear/MatMul_bf16_f32___module.model.language_model.layers.17/aten::add/Add,,jit_uni_bf16,30.0
Status.EXECUTED,__module.model.language_model.layers.17/aten::add/Add,,jit_avx512_f32,56.0
Status.EXECUTED,__module.model.language_model.layers.17/aten::add/Add_f32_bf16___module.model.language_model.layers.17.post_attention_layernorm/aten::mul/Multiply_1,,jit_uni_f32,25.0
Status.EXECUTED,__module.model.language_model.layers.17.post_attention_layernorm/aten::mul/Multiply_1,,jit_avx512_bf16,15.0
Status.EXECUTED,__module.model.language_model.layers.17.mlp.gate_proj/aten::linear/MatMul,,brgemm_avx512_bf16,3007.0
Status.NOT_RUN,__module.model.language_model.layers.17.mlp.act_fn/aten::silu/Swish,,undef,0.0
Status.EXECUTED,__module.model.language_model.layers.17.mlp.up_proj/aten::linear/MatMul,,brgemm_avx512_bf16,2852.0
Status.EXECUTED,__module.model.language_model.layers.17.mlp/aten::mul/Multiply,,jit_avx512_bf16,86.0
Status.EXECUTED,__module.model.language_model.layers.17.mlp.down_proj/aten::linear/MatMul,,brgemm_avx512_bf16,2943.0
Status.EXECUTED,__module.model.language_model.layers.17.mlp.down_proj/aten::linear/MatMul_bf16_f32___module.model.language_model.layers.17/aten::add/Add_1,,jit_uni_bf16,36.0
Status.EXECUTED,__module.model.language_model.layers.17/aten::add/Add_1,,jit_avx512_f32,90.0
Status.EXECUTED,__module.model.language_model.layers.17/aten::add/Add_1_f32_bf16___module.model.language_model.layers.18.input_layernorm/aten::mul/Multiply_1,,jit_uni_f32,78.0
Status.EXECUTED,__module.model.language_model.layers.18.input_layernorm/aten::mul/Multiply_1,,jit_avx512_bf16,29.0
Status.EXECUTED,__module.model.language_model.layers.18.self_attn.q_proj/aten::linear/MatMul,,brgemm_avx512_bf16,969.0
Status.NOT_RUN,__module.model.language_model.layers.18.self_attn/aten::view/Reshape,,unknown_bf16,0.0
Status.EXECUTED,__module.model.language_model.layers.18.self_attn.q_norm/aten::mul/Multiply_1,,jit_avx512_bf16,22.0
Status.EXECUTED,__module.model.language_model.layers.18.self_attn/aten::add/Add,,ref_any_bf16,25.0
Status.EXECUTED,__module.model.language_model.layers.18.self_attn.k_proj/aten::linear/MatMul,,brgemm_avx512_bf16,304.0
Status.NOT_RUN,__module.model.language_model.layers.18.self_attn/aten::view/Reshape_1,,unknown_bf16,0.0
Status.EXECUTED,__module.model.language_model.layers.18.self_attn.k_norm/aten::mul/Multiply_1,,jit_avx512_bf16,8.0
Status.EXECUTED,__module.model.language_model.layers.18.self_attn/aten::add/Add_1,,ref_any_bf16,11.0
Status.EXECUTED,__module.model.language_model.layers.18.self_attn.v_proj/aten::linear/MatMul,,brgemm_avx512_bf16,301.0
Status.NOT_RUN,__module.model.language_model.layers.18.self_attn/aten::view/Reshape_2,,unknown_bf16,0.0
Status.EXECUTED,__module.model.language_model.layers.18.self_attn/aten::transpose/Transpose_2,,unknown_bf16,10.0
Status.EXECUTED,__module.model.language_model.layers.18.self_attn/aten::scaled_dot_product_attention/ScaledDotProductAttention,,undef_bf16,176.0
Status.EXECUTED,__module.model.language_model.layers.18.self_attn/aten::transpose/Transpose_3,,unknown_bf16,33.0
Status.NOT_RUN,__module.model.language_model.layers.18.self_attn/aten::reshape/Reshape_2,,unknown_bf16,0.0
Status.EXECUTED,__module.model.language_model.layers.18.self_attn.o_proj/aten::linear/MatMul,,brgemm_avx512_bf16,1085.0
Status.EXECUTED,__module.model.language_model.layers.18.self_attn.o_proj/aten::linear/MatMul_bf16_f32___module.model.language_model.layers.18/aten::add/Add,,jit_uni_bf16,32.0
Status.EXECUTED,__module.model.language_model.layers.18/aten::add/Add,,jit_avx512_f32,56.0
Status.EXECUTED,__module.model.language_model.layers.18/aten::add/Add_f32_bf16___module.model.language_model.layers.18.post_attention_layernorm/aten::mul/Multiply_1,,jit_uni_f32,25.0
Status.EXECUTED,__module.model.language_model.layers.18.post_attention_layernorm/aten::mul/Multiply_1,,jit_avx512_bf16,15.0
Status.EXECUTED,__module.model.language_model.layers.18.mlp.gate_proj/aten::linear/MatMul,,brgemm_avx512_bf16,3108.0
Status.NOT_RUN,__module.model.language_model.layers.18.mlp.act_fn/aten::silu/Swish,,undef,0.0
Status.EXECUTED,__module.model.language_model.layers.18.mlp.up_proj/aten::linear/MatMul,,brgemm_avx512_bf16,2956.0
Status.EXECUTED,__module.model.language_model.layers.18.mlp/aten::mul/Multiply,,jit_avx512_bf16,88.0
Status.EXECUTED,__module.model.language_model.layers.18.mlp.down_proj/aten::linear/MatMul,,brgemm_avx512_bf16,3057.0
Status.EXECUTED,__module.model.language_model.layers.18.mlp.down_proj/aten::linear/MatMul_bf16_f32___module.model.language_model.layers.18/aten::add/Add_1,,jit_uni_bf16,37.0
Status.EXECUTED,__module.model.language_model.layers.18/aten::add/Add_1,,jit_avx512_f32,57.0
Status.EXECUTED,__module.model.language_model.layers.18/aten::add/Add_1_f32_bf16___module.model.language_model.layers.19.input_layernorm/aten::mul/Multiply_1,,jit_uni_f32,33.0
Status.EXECUTED,__module.model.language_model.layers.19.input_layernorm/aten::mul/Multiply_1,,jit_avx512_bf16,28.0
Status.EXECUTED,__module.model.language_model.layers.19.self_attn.q_proj/aten::linear/MatMul,,brgemm_avx512_bf16,1030.0
Status.NOT_RUN,__module.model.language_model.layers.19.self_attn/aten::view/Reshape,,unknown_bf16,0.0
Status.EXECUTED,__module.model.language_model.layers.19.self_attn.q_norm/aten::mul/Multiply_1,,jit_avx512_bf16,22.0
Status.EXECUTED,__module.model.language_model.layers.19.self_attn/aten::add/Add,,ref_any_bf16,24.0
Status.EXECUTED,__module.model.language_model.layers.19.self_attn.k_proj/aten::linear/MatMul,,brgemm_avx512_bf16,312.0
Status.NOT_RUN,__module.model.language_model.layers.19.self_attn/aten::view/Reshape_1,,unknown_bf16,0.0
Status.EXECUTED,__module.model.language_model.layers.19.self_attn.k_norm/aten::mul/Multiply_1,,jit_avx512_bf16,8.0
Status.EXECUTED,__module.model.language_model.layers.19.self_attn/aten::add/Add_1,,ref_any_bf16,12.0
Status.EXECUTED,__module.model.language_model.layers.19.self_attn.v_proj/aten::linear/MatMul,,brgemm_avx512_bf16,313.0
Status.NOT_RUN,__module.model.language_model.layers.19.self_attn/aten::view/Reshape_2,,unknown_bf16,0.0
Status.EXECUTED,__module.model.language_model.layers.19.self_attn/aten::transpose/Transpose_2,,unknown_bf16,10.0
Status.EXECUTED,__module.model.language_model.layers.19.self_attn/aten::scaled_dot_product_attention/ScaledDotProductAttention,,undef_bf16,308.0
Status.EXECUTED,__module.model.language_model.layers.19.self_attn/aten::transpose/Transpose_3,,unknown_bf16,69.0
Status.NOT_RUN,__module.model.language_model.layers.19.self_attn/aten::reshape/Reshape_2,,unknown_bf16,0.0
Status.EXECUTED,__module.model.language_model.layers.19.self_attn.o_proj/aten::linear/MatMul,,brgemm_avx512_bf16,1006.0
Status.EXECUTED,__module.model.language_model.layers.19.self_attn.o_proj/aten::linear/MatMul_bf16_f32___module.model.language_model.layers.19/aten::add/Add,,jit_uni_bf16,31.0
Status.EXECUTED,__module.model.language_model.layers.19/aten::add/Add,,jit_avx512_f32,57.0
Status.EXECUTED,__module.model.language_model.layers.19/aten::add/Add_f32_bf16___module.model.language_model.layers.19.post_attention_layernorm/aten::mul/Multiply_1,,jit_uni_f32,25.0
Status.EXECUTED,__module.model.language_model.layers.19.post_attention_layernorm/aten::mul/Multiply_1,,jit_avx512_bf16,15.0
Status.EXECUTED,__module.model.language_model.layers.19.mlp.gate_proj/aten::linear/MatMul,,brgemm_avx512_bf16,3014.0
Status.NOT_RUN,__module.model.language_model.layers.19.mlp.act_fn/aten::silu/Swish,,undef,0.0
Status.EXECUTED,__module.model.language_model.layers.19.mlp.up_proj/aten::linear/MatMul,,brgemm_avx512_bf16,2887.0
Status.EXECUTED,__module.model.language_model.layers.19.mlp/aten::mul/Multiply,,jit_avx512_bf16,86.0
Status.EXECUTED,__module.model.language_model.layers.19.mlp.down_proj/aten::linear/MatMul,,brgemm_avx512_bf16,2884.0
Status.EXECUTED,__module.model.language_model.layers.19.mlp.down_proj/aten::linear/MatMul_bf16_f32___module.model.language_model.layers.19/aten::add/Add_1,,jit_uni_bf16,35.0
Status.EXECUTED,__module.model.language_model.layers.19/aten::add/Add_1,,jit_avx512_f32,88.0
Status.EXECUTED,__module.model.language_model.layers.19/aten::add/Add_1_f32_bf16___module.model.language_model.layers.20.input_layernorm/aten::mul/Multiply_1,,jit_uni_f32,34.0
Status.EXECUTED,__module.model.language_model.layers.20.input_layernorm/aten::mul/Multiply_1,,jit_avx512_bf16,28.0
Status.EXECUTED,__module.model.language_model.layers.20.self_attn.q_proj/aten::linear/MatMul,,brgemm_avx512_bf16,965.0
Status.NOT_RUN,__module.model.language_model.layers.20.self_attn/aten::view/Reshape,,unknown_bf16,0.0
Status.EXECUTED,__module.model.language_model.layers.20.self_attn.q_norm/aten::mul/Multiply_1,,jit_avx512_bf16,22.0
Status.EXECUTED,__module.model.language_model.layers.20.self_attn/aten::add/Add,,ref_any_bf16,24.0
Status.EXECUTED,__module.model.language_model.layers.20.self_attn.k_proj/aten::linear/MatMul,,brgemm_avx512_bf16,300.0
Status.NOT_RUN,__module.model.language_model.layers.20.self_attn/aten::view/Reshape_1,,unknown_bf16,0.0
Status.EXECUTED,__module.model.language_model.layers.20.self_attn.k_norm/aten::mul/Multiply_1,,jit_avx512_bf16,8.0
Status.EXECUTED,__module.model.language_model.layers.20.self_attn/aten::add/Add_1,,ref_any_bf16,11.0
Status.EXECUTED,__module.model.language_model.layers.20.self_attn.v_proj/aten::linear/MatMul,,brgemm_avx512_bf16,305.0
Status.NOT_RUN,__module.model.language_model.layers.20.self_attn/aten::view/Reshape_2,,unknown_bf16,0.0
Status.EXECUTED,__module.model.language_model.layers.20.self_attn/aten::transpose/Transpose_2,,unknown_bf16,10.0
Status.EXECUTED,__module.model.language_model.layers.20.self_attn/aten::scaled_dot_product_attention/ScaledDotProductAttention,,undef_bf16,181.0
Status.EXECUTED,__module.model.language_model.layers.20.self_attn/aten::transpose/Transpose_3,,unknown_bf16,32.0
Status.NOT_RUN,__module.model.language_model.layers.20.self_attn/aten::reshape/Reshape_2,,unknown_bf16,0.0
Status.EXECUTED,__module.model.language_model.layers.20.self_attn.o_proj/aten::linear/MatMul,,brgemm_avx512_bf16,1162.0
Status.EXECUTED,__module.model.language_model.layers.20.self_attn.o_proj/aten::linear/MatMul_bf16_f32___module.model.language_model.layers.20/aten::add/Add,,jit_uni_bf16,32.0
Status.EXECUTED,__module.model.language_model.layers.20/aten::add/Add,,jit_avx512_f32,56.0
Status.EXECUTED,__module.model.language_model.layers.20/aten::add/Add_f32_bf16___module.model.language_model.layers.20.post_attention_layernorm/aten::mul/Multiply_1,,jit_uni_f32,24.0
Status.EXECUTED,__module.model.language_model.layers.20.post_attention_layernorm/aten::mul/Multiply_1,,jit_avx512_bf16,18.0
Status.EXECUTED,__module.model.language_model.layers.20.mlp.gate_proj/aten::linear/MatMul,,brgemm_avx512_bf16,2827.0
Status.NOT_RUN,__module.model.language_model.layers.20.mlp.act_fn/aten::silu/Swish,,undef,0.0
Status.EXECUTED,__module.model.language_model.layers.20.mlp.up_proj/aten::linear/MatMul,,brgemm_avx512_bf16,2896.0
Status.EXECUTED,__module.model.language_model.layers.20.mlp/aten::mul/Multiply,,jit_avx512_bf16,91.0
Status.EXECUTED,__module.model.language_model.layers.20.mlp.down_proj/aten::linear/MatMul,,brgemm_avx512_bf16,3042.0
Status.EXECUTED,__module.model.language_model.layers.20.mlp.down_proj/aten::linear/MatMul_bf16_f32___module.model.language_model.layers.20/aten::add/Add_1,,jit_uni_bf16,37.0
Status.EXECUTED,__module.model.language_model.layers.20/aten::add/Add_1,,jit_avx512_f32,56.0
Status.EXECUTED,__module.model.language_model.layers.20/aten::add/Add_1_f32_bf16___module.model.language_model.layers.21.input_layernorm/aten::mul/Multiply_1,,jit_uni_f32,33.0
Status.EXECUTED,__module.model.language_model.layers.21.input_layernorm/aten::mul/Multiply_1,,jit_avx512_bf16,27.0
Status.EXECUTED,__module.model.language_model.layers.21.self_attn.q_proj/aten::linear/MatMul,,brgemm_avx512_bf16,960.0
Status.NOT_RUN,__module.model.language_model.layers.21.self_attn/aten::view/Reshape,,unknown_bf16,0.0
Status.EXECUTED,__module.model.language_model.layers.21.self_attn.q_norm/aten::mul/Multiply_1,,jit_avx512_bf16,21.0
Status.EXECUTED,__module.model.language_model.layers.21.self_attn/aten::add/Add,,ref_any_bf16,23.0
Status.EXECUTED,__module.model.language_model.layers.21.self_attn.k_proj/aten::linear/MatMul,,brgemm_avx512_bf16,297.0
Status.NOT_RUN,__module.model.language_model.layers.21.self_attn/aten::view/Reshape_1,,unknown_bf16,0.0
Status.EXECUTED,__module.model.language_model.layers.21.self_attn.k_norm/aten::mul/Multiply_1,,jit_avx512_bf16,8.0
Status.EXECUTED,__module.model.language_model.layers.21.self_attn/aten::add/Add_1,,ref_any_bf16,11.0
Status.EXECUTED,__module.model.language_model.layers.21.self_attn.v_proj/aten::linear/MatMul,,brgemm_avx512_bf16,297.0
Status.NOT_RUN,__module.model.language_model.layers.21.self_attn/aten::view/Reshape_2,,unknown_bf16,0.0
Status.EXECUTED,__module.model.language_model.layers.21.self_attn/aten::transpose/Transpose_2,,unknown_bf16,10.0
Status.EXECUTED,__module.model.language_model.layers.21.self_attn/aten::scaled_dot_product_attention/ScaledDotProductAttention,,undef_bf16,179.0
Status.EXECUTED,__module.model.language_model.layers.21.self_attn/aten::transpose/Transpose_3,,unknown_bf16,33.0
Status.NOT_RUN,__module.model.language_model.layers.21.self_attn/aten::reshape/Reshape_2,,unknown_bf16,0.0
Status.EXECUTED,__module.model.language_model.layers.21.self_attn.o_proj/aten::linear/MatMul,,brgemm_avx512_bf16,1102.0
Status.EXECUTED,__module.model.language_model.layers.21.self_attn.o_proj/aten::linear/MatMul_bf16_f32___module.model.language_model.layers.21/aten::add/Add,,jit_uni_bf16,30.0
Status.EXECUTED,__module.model.language_model.layers.21/aten::add/Add,,jit_avx512_f32,57.0
Status.EXECUTED,__module.model.language_model.layers.21/aten::add/Add_f32_bf16___module.model.language_model.layers.21.post_attention_layernorm/aten::mul/Multiply_1,,jit_uni_f32,26.0
Status.EXECUTED,__module.model.language_model.layers.21.post_attention_layernorm/aten::mul/Multiply_1,,jit_avx512_bf16,14.0
Status.EXECUTED,__module.model.language_model.layers.21.mlp.gate_proj/aten::linear/MatMul,,brgemm_avx512_bf16,2924.0
Status.NOT_RUN,__module.model.language_model.layers.21.mlp.act_fn/aten::silu/Swish,,undef,0.0
Status.EXECUTED,__module.model.language_model.layers.21.mlp.up_proj/aten::linear/MatMul,,brgemm_avx512_bf16,2796.0
Status.EXECUTED,__module.model.language_model.layers.21.mlp/aten::mul/Multiply,,jit_avx512_bf16,85.0
Status.EXECUTED,__module.model.language_model.layers.21.mlp.down_proj/aten::linear/MatMul,,brgemm_avx512_bf16,3055.0
Status.EXECUTED,__module.model.language_model.layers.21.mlp.down_proj/aten::linear/MatMul_bf16_f32___module.model.language_model.layers.21/aten::add/Add_1,,jit_uni_bf16,36.0
Status.EXECUTED,__module.model.language_model.layers.21/aten::add/Add_1,,jit_avx512_f32,88.0
Status.EXECUTED,__module.model.language_model.layers.21/aten::add/Add_1_f32_bf16___module.model.language_model.layers.22.input_layernorm/aten::mul/Multiply_1,,jit_uni_f32,34.0
Status.EXECUTED,__module.model.language_model.layers.22.input_layernorm/aten::mul/Multiply_1,,jit_avx512_bf16,29.0
Status.EXECUTED,__module.model.language_model.layers.22.self_attn.q_proj/aten::linear/MatMul,,brgemm_avx512_bf16,1036.0
Status.NOT_RUN,__module.model.language_model.layers.22.self_attn/aten::view/Reshape,,unknown_bf16,0.0
Status.EXECUTED,__module.model.language_model.layers.22.self_attn.q_norm/aten::mul/Multiply_1,,jit_avx512_bf16,24.0
Status.EXECUTED,__module.model.language_model.layers.22.self_attn/aten::add/Add,,ref_any_bf16,24.0
Status.EXECUTED,__module.model.language_model.layers.22.self_attn.k_proj/aten::linear/MatMul,,brgemm_avx512_bf16,296.0
Status.NOT_RUN,__module.model.language_model.layers.22.self_attn/aten::view/Reshape_1,,unknown_bf16,0.0
Status.EXECUTED,__module.model.language_model.layers.22.self_attn.k_norm/aten::mul/Multiply_1,,jit_avx512_bf16,8.0
Status.EXECUTED,__module.model.language_model.layers.22.self_attn/aten::add/Add_1,,ref_any_bf16,10.0
Status.EXECUTED,__module.model.language_model.layers.22.self_attn.v_proj/aten::linear/MatMul,,brgemm_avx512_bf16,292.0
Status.NOT_RUN,__module.model.language_model.layers.22.self_attn/aten::view/Reshape_2,,unknown_bf16,0.0
Status.EXECUTED,__module.model.language_model.layers.22.self_attn/aten::transpose/Transpose_2,,unknown_bf16,10.0
Status.EXECUTED,__module.model.language_model.layers.22.self_attn/aten::scaled_dot_product_attention/ScaledDotProductAttention,,undef_bf16,174.0
Status.EXECUTED,__module.model.language_model.layers.22.self_attn/aten::transpose/Transpose_3,,unknown_bf16,32.0
Status.NOT_RUN,__module.model.language_model.layers.22.self_attn/aten::reshape/Reshape_2,,unknown_bf16,0.0
Status.EXECUTED,__module.model.language_model.layers.22.self_attn.o_proj/aten::linear/MatMul,,brgemm_avx512_bf16,981.0000000000001
Status.EXECUTED,__module.model.language_model.layers.22.self_attn.o_proj/aten::linear/MatMul_bf16_f32___module.model.language_model.layers.22/aten::add/Add,,jit_uni_bf16,31.0
Status.EXECUTED,__module.model.language_model.layers.22/aten::add/Add,,jit_avx512_f32,55.0
Status.EXECUTED,__module.model.language_model.layers.22/aten::add/Add_f32_bf16___module.model.language_model.layers.22.post_attention_layernorm/aten::mul/Multiply_1,,jit_uni_f32,24.0
Status.EXECUTED,__module.model.language_model.layers.22.post_attention_layernorm/aten::mul/Multiply_1,,jit_avx512_bf16,15.0
Status.EXECUTED,__module.model.language_model.layers.22.mlp.gate_proj/aten::linear/MatMul,,brgemm_avx512_bf16,2896.0
Status.NOT_RUN,__module.model.language_model.layers.22.mlp.act_fn/aten::silu/Swish,,undef,0.0
Status.EXECUTED,__module.model.language_model.layers.22.mlp.up_proj/aten::linear/MatMul,,brgemm_avx512_bf16,2805.0
Status.EXECUTED,__module.model.language_model.layers.22.mlp/aten::mul/Multiply,,jit_avx512_bf16,86.0
Status.EXECUTED,__module.model.language_model.layers.22.mlp.down_proj/aten::linear/MatMul,,brgemm_avx512_bf16,2980.0
Status.EXECUTED,__module.model.language_model.layers.22.mlp.down_proj/aten::linear/MatMul_bf16_f32___module.model.language_model.layers.22/aten::add/Add_1,,jit_uni_bf16,35.0
Status.EXECUTED,__module.model.language_model.layers.22/aten::add/Add_1,,jit_avx512_f32,56.0
Status.EXECUTED,__module.model.language_model.layers.22/aten::add/Add_1_f32_bf16___module.model.language_model.layers.23.input_layernorm/aten::mul/Multiply_1,,jit_uni_f32,33.0
Status.EXECUTED,__module.model.language_model.layers.23.input_layernorm/aten::mul/Multiply_1,,jit_avx512_bf16,27.0
Status.EXECUTED,__module.model.language_model.layers.23.self_attn.q_proj/aten::linear/MatMul,,brgemm_avx512_bf16,951.0
Status.NOT_RUN,__module.model.language_model.layers.23.self_attn/aten::view/Reshape,,unknown_bf16,0.0
Status.EXECUTED,__module.model.language_model.layers.23.self_attn.q_norm/aten::mul/Multiply_1,,jit_avx512_bf16,21.0
Status.EXECUTED,__module.model.language_model.layers.23.self_attn/aten::add/Add,,ref_any_bf16,24.0
Status.EXECUTED,__module.model.language_model.layers.23.self_attn.k_proj/aten::linear/MatMul,,brgemm_avx512_bf16,310.0
Status.NOT_RUN,__module.model.language_model.layers.23.self_attn/aten::view/Reshape_1,,unknown_bf16,0.0
Status.EXECUTED,__module.model.language_model.layers.23.self_attn.k_norm/aten::mul/Multiply_1,,jit_avx512_bf16,8.0
Status.EXECUTED,__module.model.language_model.layers.23.self_attn/aten::add/Add_1,,ref_any_bf16,11.0
Status.EXECUTED,__module.model.language_model.layers.23.self_attn.v_proj/aten::linear/MatMul,,brgemm_avx512_bf16,405.0
Status.NOT_RUN,__module.model.language_model.layers.23.self_attn/aten::view/Reshape_2,,unknown_bf16,0.0
Status.EXECUTED,__module.model.language_model.layers.23.self_attn/aten::transpose/Transpose_2,,unknown_bf16,11.0
Status.EXECUTED,__module.model.language_model.layers.23.self_attn/aten::scaled_dot_product_attention/ScaledDotProductAttention,,undef_bf16,177.0
Status.EXECUTED,__module.model.language_model.layers.23.self_attn/aten::transpose/Transpose_3,,unknown_bf16,32.0
Status.NOT_RUN,__module.model.language_model.layers.23.self_attn/aten::reshape/Reshape_2,,unknown_bf16,0.0
Status.EXECUTED,__module.model.language_model.layers.23.self_attn.o_proj/aten::linear/MatMul,,brgemm_avx512_bf16,987.0
Status.EXECUTED,__module.model.language_model.layers.23.self_attn.o_proj/aten::linear/MatMul_bf16_f32___module.model.language_model.layers.23/aten::add/Add,,jit_uni_bf16,32.0
Status.EXECUTED,__module.model.language_model.layers.23/aten::add/Add,,jit_avx512_f32,56.0
Status.EXECUTED,__module.model.language_model.layers.23/aten::add/Add_f32_bf16___module.model.language_model.layers.23.post_attention_layernorm/aten::mul/Multiply_1,,jit_uni_f32,25.0
Status.EXECUTED,__module.model.language_model.layers.23.post_attention_layernorm/aten::mul/Multiply_1,,jit_avx512_bf16,14.0
Status.EXECUTED,__module.model.language_model.layers.23.mlp.gate_proj/aten::linear/MatMul,,brgemm_avx512_bf16,3194.0
Status.NOT_RUN,__module.model.language_model.layers.23.mlp.act_fn/aten::silu/Swish,,undef,0.0
Status.EXECUTED,__module.model.language_model.layers.23.mlp.up_proj/aten::linear/MatMul,,brgemm_avx512_bf16,2954.0
Status.EXECUTED,__module.model.language_model.layers.23.mlp/aten::mul/Multiply,,jit_avx512_bf16,85.0
Status.EXECUTED,__module.model.language_model.layers.23.mlp.down_proj/aten::linear/MatMul,,brgemm_avx512_bf16,2925.0
Status.EXECUTED,__module.model.language_model.layers.23.mlp.down_proj/aten::linear/MatMul_bf16_f32___module.model.language_model.layers.23/aten::add/Add_1,,jit_uni_bf16,34.0
Status.EXECUTED,__module.model.language_model.layers.23/aten::add/Add_1,,jit_avx512_f32,88.0
Status.EXECUTED,__module.model.language_model.layers.23/aten::add/Add_1_f32_bf16___module.model.language_model.layers.24.input_layernorm/aten::mul/Multiply_1,,jit_uni_f32,33.0
Status.EXECUTED,__module.model.language_model.layers.24.input_layernorm/aten::mul/Multiply_1,,jit_avx512_bf16,28.0
Status.EXECUTED,__module.model.language_model.layers.24.self_attn.q_proj/aten::linear/MatMul,,brgemm_avx512_bf16,952.0
Status.NOT_RUN,__module.model.language_model.layers.24.self_attn/aten::view/Reshape,,unknown_bf16,0.0
Status.EXECUTED,__module.model.language_model.layers.24.self_attn.q_norm/aten::mul/Multiply_1,,jit_avx512_bf16,21.0
Status.EXECUTED,__module.model.language_model.layers.24.self_attn/aten::add/Add,,ref_any_bf16,24.0
Status.EXECUTED,__module.model.language_model.layers.24.self_attn.k_proj/aten::linear/MatMul,,brgemm_avx512_bf16,294.0
Status.NOT_RUN,__module.model.language_model.layers.24.self_attn/aten::view/Reshape_1,,unknown_bf16,0.0
Status.EXECUTED,__module.model.language_model.layers.24.self_attn.k_norm/aten::mul/Multiply_1,,jit_avx512_bf16,8.0
Status.EXECUTED,__module.model.language_model.layers.24.self_attn/aten::add/Add_1,,ref_any_bf16,11.0
Status.EXECUTED,__module.model.language_model.layers.24.self_attn.v_proj/aten::linear/MatMul,,brgemm_avx512_bf16,296.0
Status.NOT_RUN,__module.model.language_model.layers.24.self_attn/aten::view/Reshape_2,,unknown_bf16,0.0
Status.EXECUTED,__module.model.language_model.layers.24.self_attn/aten::transpose/Transpose_2,,unknown_bf16,10.0
Status.EXECUTED,__module.model.language_model.layers.24.self_attn/aten::scaled_dot_product_attention/ScaledDotProductAttention,,undef_bf16,176.0
Status.EXECUTED,__module.model.language_model.layers.24.self_attn/aten::transpose/Transpose_3,,unknown_bf16,32.0
Status.NOT_RUN,__module.model.language_model.layers.24.self_attn/aten::reshape/Reshape_2,,unknown_bf16,0.0
Status.EXECUTED,__module.model.language_model.layers.24.self_attn.o_proj/aten::linear/MatMul,,brgemm_avx512_bf16,1013.9999999999999
Status.EXECUTED,__module.model.language_model.layers.24.self_attn.o_proj/aten::linear/MatMul_bf16_f32___module.model.language_model.layers.24/aten::add/Add,,jit_uni_bf16,33.0
Status.EXECUTED,__module.model.language_model.layers.24/aten::add/Add,,jit_avx512_f32,56.0
Status.EXECUTED,__module.model.language_model.layers.24/aten::add/Add_f32_bf16___module.model.language_model.layers.24.post_attention_layernorm/aten::mul/Multiply_1,,jit_uni_f32,24.0
Status.EXECUTED,__module.model.language_model.layers.24.post_attention_layernorm/aten::mul/Multiply_1,,jit_avx512_bf16,15.0
Status.EXECUTED,__module.model.language_model.layers.24.mlp.gate_proj/aten::linear/MatMul,,brgemm_avx512_bf16,3093.0
Status.NOT_RUN,__module.model.language_model.layers.24.mlp.act_fn/aten::silu/Swish,,undef,0.0
Status.EXECUTED,__module.model.language_model.layers.24.mlp.up_proj/aten::linear/MatMul,,brgemm_avx512_bf16,2896.0
Status.EXECUTED,__module.model.language_model.layers.24.mlp/aten::mul/Multiply,,jit_avx512_bf16,86.0
Status.EXECUTED,__module.model.language_model.layers.24.mlp.down_proj/aten::linear/MatMul,,brgemm_avx512_bf16,2839.0
Status.EXECUTED,__module.model.language_model.layers.24.mlp.down_proj/aten::linear/MatMul_bf16_f32___module.model.language_model.layers.24/aten::add/Add_1,,jit_uni_bf16,34.0
Status.EXECUTED,__module.model.language_model.layers.24/aten::add/Add_1,,jit_avx512_f32,56.0
Status.EXECUTED,__module.model.language_model.layers.24/aten::add/Add_1_f32_bf16___module.model.language_model.layers.25.input_layernorm/aten::mul/Multiply_1,,jit_uni_f32,35.0
Status.EXECUTED,__module.model.language_model.layers.25.input_layernorm/aten::mul/Multiply_1,,jit_avx512_bf16,27.0
Status.EXECUTED,__module.model.language_model.layers.25.self_attn.q_proj/aten::linear/MatMul,,brgemm_avx512_bf16,990.9999999999999
Status.NOT_RUN,__module.model.language_model.layers.25.self_attn/aten::view/Reshape,,unknown_bf16,0.0
Status.EXECUTED,__module.model.language_model.layers.25.self_attn.q_norm/aten::mul/Multiply_1,,jit_avx512_bf16,21.0
Status.EXECUTED,__module.model.language_model.layers.25.self_attn/aten::add/Add,,ref_any_bf16,24.0
Status.EXECUTED,__module.model.language_model.layers.25.self_attn.k_proj/aten::linear/MatMul,,brgemm_avx512_bf16,307.0
Status.NOT_RUN,__module.model.language_model.layers.25.self_attn/aten::view/Reshape_1,,unknown_bf16,0.0
Status.EXECUTED,__module.model.language_model.layers.25.self_attn.k_norm/aten::mul/Multiply_1,,jit_avx512_bf16,8.0
Status.EXECUTED,__module.model.language_model.layers.25.self_attn/aten::add/Add_1,,ref_any_bf16,11.0
Status.EXECUTED,__module.model.language_model.layers.25.self_attn.v_proj/aten::linear/MatMul,,brgemm_avx512_bf16,293.0
Status.NOT_RUN,__module.model.language_model.layers.25.self_attn/aten::view/Reshape_2,,unknown_bf16,0.0
Status.EXECUTED,__module.model.language_model.layers.25.self_attn/aten::transpose/Transpose_2,,unknown_bf16,11.0
Status.EXECUTED,__module.model.language_model.layers.25.self_attn/aten::scaled_dot_product_attention/ScaledDotProductAttention,,undef_bf16,178.0
Status.EXECUTED,__module.model.language_model.layers.25.self_attn/aten::transpose/Transpose_3,,unknown_bf16,32.0
Status.NOT_RUN,__module.model.language_model.layers.25.self_attn/aten::reshape/Reshape_2,,unknown_bf16,0.0
Status.EXECUTED,__module.model.language_model.layers.25.self_attn.o_proj/aten::linear/MatMul,,brgemm_avx512_bf16,974.0
Status.EXECUTED,__module.model.language_model.layers.25.self_attn.o_proj/aten::linear/MatMul_bf16_f32___module.model.language_model.layers.25/aten::add/Add,,jit_uni_bf16,32.0
Status.EXECUTED,__module.model.language_model.layers.25/aten::add/Add,,jit_avx512_f32,61.0
Status.EXECUTED,__module.model.language_model.layers.25/aten::add/Add_f32_bf16___module.model.language_model.layers.25.post_attention_layernorm/aten::mul/Multiply_1,,jit_uni_f32,24.0
Status.EXECUTED,__module.model.language_model.layers.25.post_attention_layernorm/aten::mul/Multiply_1,,jit_avx512_bf16,16.0
Status.EXECUTED,__module.model.language_model.layers.25.mlp.gate_proj/aten::linear/MatMul,,brgemm_avx512_bf16,2857.0
Status.NOT_RUN,__module.model.language_model.layers.25.mlp.act_fn/aten::silu/Swish,,undef,0.0
Status.EXECUTED,__module.model.language_model.layers.25.mlp.up_proj/aten::linear/MatMul,,brgemm_avx512_bf16,2882.0
Status.EXECUTED,__module.model.language_model.layers.25.mlp/aten::mul/Multiply,,jit_avx512_bf16,86.0
Status.EXECUTED,__module.model.language_model.layers.25.mlp.down_proj/aten::linear/MatMul,,brgemm_avx512_bf16,3070.0
Status.EXECUTED,__module.model.language_model.layers.25.mlp.down_proj/aten::linear/MatMul_bf16_f32___module.model.language_model.layers.25/aten::add/Add_1,,jit_uni_bf16,36.0
Status.EXECUTED,__module.model.language_model.layers.25/aten::add/Add_1,,jit_avx512_f32,89.0
Status.EXECUTED,__module.model.language_model.layers.25/aten::add/Add_1_f32_bf16___module.model.language_model.layers.26.input_layernorm/aten::mul/Multiply_1,,jit_uni_f32,34.0
Status.EXECUTED,__module.model.language_model.layers.26.input_layernorm/aten::mul/Multiply_1,,jit_avx512_bf16,29.0
Status.EXECUTED,__module.model.language_model.layers.26.self_attn.q_proj/aten::linear/MatMul,,brgemm_avx512_bf16,1050.0
Status.NOT_RUN,__module.model.language_model.layers.26.self_attn/aten::view/Reshape,,unknown_bf16,0.0
Status.EXECUTED,__module.model.language_model.layers.26.self_attn.q_norm/aten::mul/Multiply_1,,jit_avx512_bf16,23.0
Status.EXECUTED,__module.model.language_model.layers.26.self_attn/aten::add/Add,,ref_any_bf16,26.0
Status.EXECUTED,__module.model.language_model.layers.26.self_attn.k_proj/aten::linear/MatMul,,brgemm_avx512_bf16,301.0
Status.NOT_RUN,__module.model.language_model.layers.26.self_attn/aten::view/Reshape_1,,unknown_bf16,0.0
Status.EXECUTED,__module.model.language_model.layers.26.self_attn.k_norm/aten::mul/Multiply_1,,jit_avx512_bf16,9.0
Status.EXECUTED,__module.model.language_model.layers.26.self_attn/aten::add/Add_1,,ref_any_bf16,11.0
Status.EXECUTED,__module.model.language_model.layers.26.self_attn.v_proj/aten::linear/MatMul,,brgemm_avx512_bf16,301.0
Status.NOT_RUN,__module.model.language_model.layers.26.self_attn/aten::view/Reshape_2,,unknown_bf16,0.0
Status.EXECUTED,__module.model.language_model.layers.26.self_attn/aten::transpose/Transpose_2,,unknown_bf16,10.0
Status.EXECUTED,__module.model.language_model.layers.26.self_attn/aten::scaled_dot_product_attention/ScaledDotProductAttention,,undef_bf16,178.0
Status.EXECUTED,__module.model.language_model.layers.26.self_attn/aten::transpose/Transpose_3,,unknown_bf16,33.0
Status.NOT_RUN,__module.model.language_model.layers.26.self_attn/aten::reshape/Reshape_2,,unknown_bf16,0.0
Status.EXECUTED,__module.model.language_model.layers.26.self_attn.o_proj/aten::linear/MatMul,,brgemm_avx512_bf16,992.0
Status.EXECUTED,__module.model.language_model.layers.26.self_attn.o_proj/aten::linear/MatMul_bf16_f32___module.model.language_model.layers.26/aten::add/Add,,jit_uni_bf16,31.0
Status.EXECUTED,__module.model.language_model.layers.26/aten::add/Add,,jit_avx512_f32,56.0
Status.EXECUTED,__module.model.language_model.layers.26/aten::add/Add_f32_bf16___module.model.language_model.layers.26.post_attention_layernorm/aten::mul/Multiply_1,,jit_uni_f32,25.0
Status.EXECUTED,__module.model.language_model.layers.26.post_attention_layernorm/aten::mul/Multiply_1,,jit_avx512_bf16,15.0
Status.EXECUTED,__module.model.language_model.layers.26.mlp.gate_proj/aten::linear/MatMul,,brgemm_avx512_bf16,2856.0
Status.NOT_RUN,__module.model.language_model.layers.26.mlp.act_fn/aten::silu/Swish,,undef,0.0
Status.EXECUTED,__module.model.language_model.layers.26.mlp.up_proj/aten::linear/MatMul,,brgemm_avx512_bf16,2885.0
Status.EXECUTED,__module.model.language_model.layers.26.mlp/aten::mul/Multiply,,jit_avx512_bf16,86.0
Status.EXECUTED,__module.model.language_model.layers.26.mlp.down_proj/aten::linear/MatMul,,brgemm_avx512_bf16,3027.0
Status.EXECUTED,__module.model.language_model.layers.26.mlp.down_proj/aten::linear/MatMul_bf16_f32___module.model.language_model.layers.26/aten::add/Add_1,,jit_uni_bf16,36.0
Status.EXECUTED,__module.model.language_model.layers.26/aten::add/Add_1,,jit_avx512_f32,57.0
Status.EXECUTED,__module.model.language_model.layers.26/aten::add/Add_1_f32_bf16___module.model.language_model.layers.27.input_layernorm/aten::mul/Multiply_1,,jit_uni_f32,33.0
Status.EXECUTED,__module.model.language_model.layers.27.input_layernorm/aten::mul/Multiply_1,,jit_avx512_bf16,28.0
Status.EXECUTED,__module.model.language_model.layers.27.self_attn.q_proj/aten::linear/MatMul,,brgemm_avx512_bf16,1053.0
Status.NOT_RUN,__module.model.language_model.layers.27.self_attn/aten::view/Reshape,,unknown_bf16,0.0
Status.EXECUTED,__module.model.language_model.layers.27.self_attn.q_norm/aten::mul/Multiply_1,,jit_avx512_bf16,53.0
Status.EXECUTED,__module.model.language_model.layers.27.self_attn/aten::add/Add,,ref_any_bf16,24.0
Status.EXECUTED,__module.model.language_model.layers.27.self_attn.k_proj/aten::linear/MatMul,,brgemm_avx512_bf16,305.0
Status.NOT_RUN,__module.model.language_model.layers.27.self_attn/aten::view/Reshape_1,,unknown_bf16,0.0
Status.EXECUTED,__module.model.language_model.layers.27.self_attn.k_norm/aten::mul/Multiply_1,,jit_avx512_bf16,8.0
Status.EXECUTED,__module.model.language_model.layers.27.self_attn/aten::add/Add_1,,ref_any_bf16,10.0
Status.EXECUTED,__module.model.language_model.layers.27.self_attn.v_proj/aten::linear/MatMul,,brgemm_avx512_bf16,307.0
Status.NOT_RUN,__module.model.language_model.layers.27.self_attn/aten::view/Reshape_2,,unknown_bf16,0.0
Status.EXECUTED,__module.model.language_model.layers.27.self_attn/aten::transpose/Transpose_2,,unknown_bf16,11.0
Status.EXECUTED,__module.model.language_model.layers.27.self_attn/aten::scaled_dot_product_attention/ScaledDotProductAttention,,undef_bf16,183.0
Status.EXECUTED,__module.model.language_model.layers.27.self_attn/aten::transpose/Transpose_3,,unknown_bf16,35.0
Status.NOT_RUN,__module.model.language_model.layers.27.self_attn/aten::reshape/Reshape_2,,unknown_bf16,0.0
Status.EXECUTED,__module.model.language_model.layers.27.self_attn.o_proj/aten::linear/MatMul,,brgemm_avx512_bf16,1064.0
Status.EXECUTED,__module.model.language_model.layers.27.self_attn.o_proj/aten::linear/MatMul_bf16_f32___module.model.language_model.layers.27/aten::add/Add,,jit_uni_bf16,33.0
Status.EXECUTED,__module.model.language_model.layers.27/aten::add/Add,,jit_avx512_f32,55.0
Status.EXECUTED,__module.model.language_model.layers.27/aten::add/Add_f32_bf16___module.model.language_model.layers.27.post_attention_layernorm/aten::mul/Multiply_1,,jit_uni_f32,24.0
Status.EXECUTED,__module.model.language_model.layers.27.post_attention_layernorm/aten::mul/Multiply_1,,jit_avx512_bf16,15.0
Status.EXECUTED,__module.model.language_model.layers.27.mlp.gate_proj/aten::linear/MatMul,,brgemm_avx512_bf16,2982.0
Status.NOT_RUN,__module.model.language_model.layers.27.mlp.act_fn/aten::silu/Swish,,undef,0.0
Status.EXECUTED,__module.model.language_model.layers.27.mlp.up_proj/aten::linear/MatMul,,brgemm_avx512_bf16,3144.0
Status.EXECUTED,__module.model.language_model.layers.27.mlp/aten::mul/Multiply,,jit_avx512_bf16,89.0
Status.EXECUTED,__module.model.language_model.layers.27.mlp.down_proj/aten::linear/MatMul,,brgemm_avx512_bf16,3113.0
Status.EXECUTED,__module.model.language_model.layers.27.mlp.down_proj/aten::linear/MatMul_bf16_f32___module.model.language_model.layers.27/aten::add/Add_1,,jit_uni_bf16,35.0
Status.EXECUTED,__module.model.language_model.layers.27/aten::add/Add_1,,jit_avx512_f32,88.0
Status.EXECUTED,__module.model.language_model.layers.27/aten::add/Add_1_f32_bf16___module.model.language_model.layers.28.input_layernorm/aten::mul/Multiply_1,,jit_uni_f32,34.0
Status.EXECUTED,__module.model.language_model.layers.28.input_layernorm/aten::mul/Multiply_1,,jit_avx512_bf16,28.0
Status.EXECUTED,__module.model.language_model.layers.28.self_attn.q_proj/aten::linear/MatMul,,brgemm_avx512_bf16,1100.0
Status.NOT_RUN,__module.model.language_model.layers.28.self_attn/aten::view/Reshape,,unknown_bf16,0.0
Status.EXECUTED,__module.model.language_model.layers.28.self_attn.q_norm/aten::mul/Multiply_1,,jit_avx512_bf16,24.0
Status.EXECUTED,__module.model.language_model.layers.28.self_attn/aten::add/Add,,ref_any_bf16,27.0
Status.EXECUTED,__module.model.language_model.layers.28.self_attn.k_proj/aten::linear/MatMul,,brgemm_avx512_bf16,294.0
Status.NOT_RUN,__module.model.language_model.layers.28.self_attn/aten::view/Reshape_1,,unknown_bf16,0.0
Status.EXECUTED,__module.model.language_model.layers.28.self_attn.k_norm/aten::mul/Multiply_1,,jit_avx512_bf16,8.0
Status.EXECUTED,__module.model.language_model.layers.28.self_attn/aten::add/Add_1,,ref_any_bf16,11.0
Status.EXECUTED,__module.model.language_model.layers.28.self_attn.v_proj/aten::linear/MatMul,,brgemm_avx512_bf16,289.0
Status.NOT_RUN,__module.model.language_model.layers.28.self_attn/aten::view/Reshape_2,,unknown_bf16,0.0
Status.EXECUTED,__module.model.language_model.layers.28.self_attn/aten::transpose/Transpose_2,,unknown_bf16,10.0
Status.EXECUTED,__module.model.language_model.layers.28.self_attn/aten::scaled_dot_product_attention/ScaledDotProductAttention,,undef_bf16,174.0
Status.EXECUTED,__module.model.language_model.layers.28.self_attn/aten::transpose/Transpose_3,,unknown_bf16,33.0
Status.NOT_RUN,__module.model.language_model.layers.28.self_attn/aten::reshape/Reshape_2,,unknown_bf16,0.0
Status.EXECUTED,__module.model.language_model.layers.28.self_attn.o_proj/aten::linear/MatMul,,brgemm_avx512_bf16,1076.0
Status.EXECUTED,__module.model.language_model.layers.28.self_attn.o_proj/aten::linear/MatMul_bf16_f32___module.model.language_model.layers.28/aten::add/Add,,jit_uni_bf16,32.0
Status.EXECUTED,__module.model.language_model.layers.28/aten::add/Add,,jit_avx512_f32,56.0
Status.EXECUTED,__module.model.language_model.layers.28/aten::add/Add_f32_bf16___module.model.language_model.layers.28.post_attention_layernorm/aten::mul/Multiply_1,,jit_uni_f32,24.0
Status.EXECUTED,__module.model.language_model.layers.28.post_attention_layernorm/aten::mul/Multiply_1,,jit_avx512_bf16,15.0
Status.EXECUTED,__module.model.language_model.layers.28.mlp.gate_proj/aten::linear/MatMul,,brgemm_avx512_bf16,2795.0
Status.NOT_RUN,__module.model.language_model.layers.28.mlp.act_fn/aten::silu/Swish,,undef,0.0
Status.EXECUTED,__module.model.language_model.layers.28.mlp.up_proj/aten::linear/MatMul,,brgemm_avx512_bf16,2961.0
Status.EXECUTED,__module.model.language_model.layers.28.mlp/aten::mul/Multiply,,jit_avx512_bf16,87.0
Status.EXECUTED,__module.model.language_model.layers.28.mlp.down_proj/aten::linear/MatMul,,brgemm_avx512_bf16,3016.0
Status.EXECUTED,__module.model.language_model.layers.28.mlp.down_proj/aten::linear/MatMul_bf16_f32___module.model.language_model.layers.28/aten::add/Add_1,,jit_uni_bf16,35.0
Status.EXECUTED,__module.model.language_model.layers.28/aten::add/Add_1,,jit_avx512_f32,57.0
Status.EXECUTED,__module.model.language_model.layers.28/aten::add/Add_1_f32_bf16___module.model.language_model.layers.29.input_layernorm/aten::mul/Multiply_1,,jit_uni_f32,33.0
Status.EXECUTED,__module.model.language_model.layers.29.input_layernorm/aten::mul/Multiply_1,,jit_avx512_bf16,28.0
Status.EXECUTED,__module.model.language_model.layers.29.self_attn.q_proj/aten::linear/MatMul,,brgemm_avx512_bf16,965.0
Status.NOT_RUN,__module.model.language_model.layers.29.self_attn/aten::view/Reshape,,unknown_bf16,0.0
Status.EXECUTED,__module.model.language_model.layers.29.self_attn.q_norm/aten::mul/Multiply_1,,jit_avx512_bf16,21.0
Status.EXECUTED,__module.model.language_model.layers.29.self_attn/aten::add/Add,,ref_any_bf16,24.0
Status.EXECUTED,__module.model.language_model.layers.29.self_attn.k_proj/aten::linear/MatMul,,brgemm_avx512_bf16,317.0
Status.NOT_RUN,__module.model.language_model.layers.29.self_attn/aten::view/Reshape_1,,unknown_bf16,0.0
Status.EXECUTED,__module.model.language_model.layers.29.self_attn.k_norm/aten::mul/Multiply_1,,jit_avx512_bf16,8.0
Status.EXECUTED,__module.model.language_model.layers.29.self_attn/aten::add/Add_1,,ref_any_bf16,10.0
Status.EXECUTED,__module.model.language_model.layers.29.self_attn.v_proj/aten::linear/MatMul,,brgemm_avx512_bf16,289.0
Status.NOT_RUN,__module.model.language_model.layers.29.self_attn/aten::view/Reshape_2,,unknown_bf16,0.0
Status.EXECUTED,__module.model.language_model.layers.29.self_attn/aten::transpose/Transpose_2,,unknown_bf16,10.0
Status.EXECUTED,__module.model.language_model.layers.29.self_attn/aten::scaled_dot_product_attention/ScaledDotProductAttention,,undef_bf16,178.0
Status.EXECUTED,__module.model.language_model.layers.29.self_attn/aten::transpose/Transpose_3,,unknown_bf16,32.0
Status.NOT_RUN,__module.model.language_model.layers.29.self_attn/aten::reshape/Reshape_2,,unknown_bf16,0.0
Status.EXECUTED,__module.model.language_model.layers.29.self_attn.o_proj/aten::linear/MatMul,,brgemm_avx512_bf16,980.0
Status.EXECUTED,__module.model.language_model.layers.29.self_attn.o_proj/aten::linear/MatMul_bf16_f32___module.model.language_model.layers.29/aten::add/Add,,jit_uni_bf16,29.0
Status.EXECUTED,__module.model.language_model.layers.29/aten::add/Add,,jit_avx512_f32,55.0
Status.EXECUTED,__module.model.language_model.layers.29/aten::add/Add_f32_bf16___module.model.language_model.layers.29.post_attention_layernorm/aten::mul/Multiply_1,,jit_uni_f32,24.0
Status.EXECUTED,__module.model.language_model.layers.29.post_attention_layernorm/aten::mul/Multiply_1,,jit_avx512_bf16,15.0
Status.EXECUTED,__module.model.language_model.layers.29.mlp.gate_proj/aten::linear/MatMul,,brgemm_avx512_bf16,2827.0
Status.NOT_RUN,__module.model.language_model.layers.29.mlp.act_fn/aten::silu/Swish,,undef,0.0
Status.EXECUTED,__module.model.language_model.layers.29.mlp.up_proj/aten::linear/MatMul,,brgemm_avx512_bf16,2908.0
Status.EXECUTED,__module.model.language_model.layers.29.mlp/aten::mul/Multiply,,jit_avx512_bf16,86.0
Status.EXECUTED,__module.model.language_model.layers.29.mlp.down_proj/aten::linear/MatMul,,brgemm_avx512_bf16,2807.0
Status.EXECUTED,__module.model.language_model.layers.29.mlp.down_proj/aten::linear/MatMul_bf16_f32___module.model.language_model.layers.29/aten::add/Add_1,,jit_uni_bf16,34.0
Status.EXECUTED,__module.model.language_model.layers.29/aten::add/Add_1,,jit_avx512_f32,89.0
Status.EXECUTED,__module.model.language_model.layers.29/aten::add/Add_1_f32_bf16___module.model.language_model.layers.30.input_layernorm/aten::mul/Multiply_1,,jit_uni_f32,34.0
Status.EXECUTED,__module.model.language_model.layers.30.input_layernorm/aten::mul/Multiply_1,,jit_avx512_bf16,27.0
Status.EXECUTED,__module.model.language_model.layers.30.self_attn.q_proj/aten::linear/MatMul,,brgemm_avx512_bf16,965.0
Status.NOT_RUN,__module.model.language_model.layers.30.self_attn/aten::view/Reshape,,unknown_bf16,0.0
Status.EXECUTED,__module.model.language_model.layers.30.self_attn.q_norm/aten::mul/Multiply_1,,jit_avx512_bf16,23.0
Status.EXECUTED,__module.model.language_model.layers.30.self_attn/aten::add/Add,,ref_any_bf16,24.0
Status.EXECUTED,__module.model.language_model.layers.30.self_attn.k_proj/aten::linear/MatMul,,brgemm_avx512_bf16,293.0
Status.NOT_RUN,__module.model.language_model.layers.30.self_attn/aten::view/Reshape_1,,unknown_bf16,0.0
Status.EXECUTED,__module.model.language_model.layers.30.self_attn.k_norm/aten::mul/Multiply_1,,jit_avx512_bf16,8.0
Status.EXECUTED,__module.model.language_model.layers.30.self_attn/aten::add/Add_1,,ref_any_bf16,11.0
Status.EXECUTED,__module.model.language_model.layers.30.self_attn.v_proj/aten::linear/MatMul,,brgemm_avx512_bf16,289.0
Status.NOT_RUN,__module.model.language_model.layers.30.self_attn/aten::view/Reshape_2,,unknown_bf16,0.0
Status.EXECUTED,__module.model.language_model.layers.30.self_attn/aten::transpose/Transpose_2,,unknown_bf16,10.0
Status.EXECUTED,__module.model.language_model.layers.30.self_attn/aten::scaled_dot_product_attention/ScaledDotProductAttention,,undef_bf16,187.0
Status.EXECUTED,__module.model.language_model.layers.30.self_attn/aten::transpose/Transpose_3,,unknown_bf16,35.0
Status.NOT_RUN,__module.model.language_model.layers.30.self_attn/aten::reshape/Reshape_2,,unknown_bf16,0.0
Status.EXECUTED,__module.model.language_model.layers.30.self_attn.o_proj/aten::linear/MatMul,,brgemm_avx512_bf16,1074.0
Status.EXECUTED,__module.model.language_model.layers.30.self_attn.o_proj/aten::linear/MatMul_bf16_f32___module.model.language_model.layers.30/aten::add/Add,,jit_uni_bf16,31.0
Status.EXECUTED,__module.model.language_model.layers.30/aten::add/Add,,jit_avx512_f32,56.0
Status.EXECUTED,__module.model.language_model.layers.30/aten::add/Add_f32_bf16___module.model.language_model.layers.30.post_attention_layernorm/aten::mul/Multiply_1,,jit_uni_f32,24.0
Status.EXECUTED,__module.model.language_model.layers.30.post_attention_layernorm/aten::mul/Multiply_1,,jit_avx512_bf16,15.0
Status.EXECUTED,__module.model.language_model.layers.30.mlp.gate_proj/aten::linear/MatMul,,brgemm_avx512_bf16,2899.0
Status.NOT_RUN,__module.model.language_model.layers.30.mlp.act_fn/aten::silu/Swish,,undef,0.0
Status.EXECUTED,__module.model.language_model.layers.30.mlp.up_proj/aten::linear/MatMul,,brgemm_avx512_bf16,2986.0
Status.EXECUTED,__module.model.language_model.layers.30.mlp/aten::mul/Multiply,,jit_avx512_bf16,89.0
Status.EXECUTED,__module.model.language_model.layers.30.mlp.down_proj/aten::linear/MatMul,,brgemm_avx512_bf16,2999.0
Status.EXECUTED,__module.model.language_model.layers.30.mlp.down_proj/aten::linear/MatMul_bf16_f32___module.model.language_model.layers.30/aten::add/Add_1,,jit_uni_bf16,35.0
Status.EXECUTED,__module.model.language_model.layers.30/aten::add/Add_1,,jit_avx512_f32,56.0
Status.EXECUTED,__module.model.language_model.layers.30/aten::add/Add_1_f32_bf16___module.model.language_model.layers.31.input_layernorm/aten::mul/Multiply_1,,jit_uni_f32,33.0
Status.EXECUTED,__module.model.language_model.layers.31.input_layernorm/aten::mul/Multiply_1,,jit_avx512_bf16,28.0
Status.EXECUTED,__module.model.language_model.layers.31.self_attn.q_proj/aten::linear/MatMul,,brgemm_avx512_bf16,1121.0
Status.NOT_RUN,__module.model.language_model.layers.31.self_attn/aten::view/Reshape,,unknown_bf16,0.0
Status.EXECUTED,__module.model.language_model.layers.31.self_attn.q_norm/aten::mul/Multiply_1,,jit_avx512_bf16,23.0
Status.EXECUTED,__module.model.language_model.layers.31.self_attn/aten::add/Add,,ref_any_bf16,24.0
Status.EXECUTED,__module.model.language_model.layers.31.self_attn.k_proj/aten::linear/MatMul,,brgemm_avx512_bf16,301.0
Status.NOT_RUN,__module.model.language_model.layers.31.self_attn/aten::view/Reshape_1,,unknown_bf16,0.0
Status.EXECUTED,__module.model.language_model.layers.31.self_attn.k_norm/aten::mul/Multiply_1,,jit_avx512_bf16,8.0
Status.EXECUTED,__module.model.language_model.layers.31.self_attn/aten::add/Add_1,,ref_any_bf16,12.0
Status.EXECUTED,__module.model.language_model.layers.31.self_attn.v_proj/aten::linear/MatMul,,brgemm_avx512_bf16,294.0
Status.NOT_RUN,__module.model.language_model.layers.31.self_attn/aten::view/Reshape_2,,unknown_bf16,0.0
Status.EXECUTED,__module.model.language_model.layers.31.self_attn/aten::transpose/Transpose_2,,unknown_bf16,10.0
Status.EXECUTED,__module.model.language_model.layers.31.self_attn/aten::scaled_dot_product_attention/ScaledDotProductAttention,,undef_bf16,178.0
Status.EXECUTED,__module.model.language_model.layers.31.self_attn/aten::transpose/Transpose_3,,unknown_bf16,33.0
Status.NOT_RUN,__module.model.language_model.layers.31.self_attn/aten::reshape/Reshape_2,,unknown_bf16,0.0
Status.EXECUTED,__module.model.language_model.layers.31.self_attn.o_proj/aten::linear/MatMul,,brgemm_avx512_bf16,1035.0
Status.EXECUTED,__module.model.language_model.layers.31.self_attn.o_proj/aten::linear/MatMul_bf16_f32___module.model.language_model.layers.31/aten::add/Add,,jit_uni_bf16,32.0
Status.EXECUTED,__module.model.language_model.layers.31/aten::add/Add,,jit_avx512_f32,56.0
Status.EXECUTED,__module.model.language_model.layers.31/aten::add/Add_f32_bf16___module.model.language_model.layers.31.post_attention_layernorm/aten::mul/Multiply_1,,jit_uni_f32,25.0
Status.EXECUTED,__module.model.language_model.layers.31.post_attention_layernorm/aten::mul/Multiply_1,,jit_avx512_bf16,15.0
Status.EXECUTED,__module.model.language_model.layers.31.mlp.gate_proj/aten::linear/MatMul,,brgemm_avx512_bf16,2872.0
Status.NOT_RUN,__module.model.language_model.layers.31.mlp.act_fn/aten::silu/Swish,,undef,0.0
Status.EXECUTED,__module.model.language_model.layers.31.mlp.up_proj/aten::linear/MatMul,,brgemm_avx512_bf16,2900.0
Status.EXECUTED,__module.model.language_model.layers.31.mlp/aten::mul/Multiply,,jit_avx512_bf16,88.0
Status.EXECUTED,__module.model.language_model.layers.31.mlp.down_proj/aten::linear/MatMul,,brgemm_avx512_bf16,3007.0
Status.EXECUTED,__module.model.language_model.layers.31.mlp.down_proj/aten::linear/MatMul_bf16_f32___module.model.language_model.layers.31/aten::add/Add_1,,jit_uni_bf16,36.0
Status.EXECUTED,__module.model.language_model.layers.31/aten::add/Add_1,,jit_avx512_f32,90.0
Status.EXECUTED,__module.model.language_model.layers.31/aten::add/Add_1_f32_bf16___module.model.language_model.layers.32.input_layernorm/aten::mul/Multiply_1,,jit_uni_f32,34.0
Status.EXECUTED,__module.model.language_model.layers.32.input_layernorm/aten::mul/Multiply_1,,jit_avx512_bf16,29.0
Status.EXECUTED,__module.model.language_model.layers.32.self_attn.q_proj/aten::linear/MatMul,,brgemm_avx512_bf16,1068.0
Status.NOT_RUN,__module.model.language_model.layers.32.self_attn/aten::view/Reshape,,unknown_bf16,0.0
Status.EXECUTED,__module.model.language_model.layers.32.self_attn.q_norm/aten::mul/Multiply_1,,jit_avx512_bf16,22.0
Status.EXECUTED,__module.model.language_model.layers.32.self_attn/aten::add/Add,,ref_any_bf16,26.0
Status.EXECUTED,__module.model.language_model.layers.32.self_attn.k_proj/aten::linear/MatMul,,brgemm_avx512_bf16,300.0
Status.NOT_RUN,__module.model.language_model.layers.32.self_attn/aten::view/Reshape_1,,unknown_bf16,0.0
Status.EXECUTED,__module.model.language_model.layers.32.self_attn.k_norm/aten::mul/Multiply_1,,jit_avx512_bf16,8.0
Status.EXECUTED,__module.model.language_model.layers.32.self_attn/aten::add/Add_1,,ref_any_bf16,11.0
Status.EXECUTED,__module.model.language_model.layers.32.self_attn.v_proj/aten::linear/MatMul,,brgemm_avx512_bf16,375.0
Status.NOT_RUN,__module.model.language_model.layers.32.self_attn/aten::view/Reshape_2,,unknown_bf16,0.0
Status.EXECUTED,__module.model.language_model.layers.32.self_attn/aten::transpose/Transpose_2,,unknown_bf16,11.0
Status.EXECUTED,__module.model.language_model.layers.32.self_attn/aten::scaled_dot_product_attention/ScaledDotProductAttention,,undef_bf16,176.0
Status.EXECUTED,__module.model.language_model.layers.32.self_attn/aten::transpose/Transpose_3,,unknown_bf16,32.0
Status.NOT_RUN,__module.model.language_model.layers.32.self_attn/aten::reshape/Reshape_2,,unknown_bf16,0.0
Status.EXECUTED,__module.model.language_model.layers.32.self_attn.o_proj/aten::linear/MatMul,,brgemm_avx512_bf16,1007.0000000000001
Status.EXECUTED,__module.model.language_model.layers.32.self_attn.o_proj/aten::linear/MatMul_bf16_f32___module.model.language_model.layers.32/aten::add/Add,,jit_uni_bf16,33.0
Status.EXECUTED,__module.model.language_model.layers.32/aten::add/Add,,jit_avx512_f32,60.0
Status.EXECUTED,__module.model.language_model.layers.32/aten::add/Add_f32_bf16___module.model.language_model.layers.32.post_attention_layernorm/aten::mul/Multiply_1,,jit_uni_f32,69.0
Status.EXECUTED,__module.model.language_model.layers.32.post_attention_layernorm/aten::mul/Multiply_1,,jit_avx512_bf16,15.0
Status.EXECUTED,__module.model.language_model.layers.32.mlp.gate_proj/aten::linear/MatMul,,brgemm_avx512_bf16,2996.0
Status.NOT_RUN,__module.model.language_model.layers.32.mlp.act_fn/aten::silu/Swish,,undef,0.0
Status.EXECUTED,__module.model.language_model.layers.32.mlp.up_proj/aten::linear/MatMul,,brgemm_avx512_bf16,2948.0
Status.EXECUTED,__module.model.language_model.layers.32.mlp/aten::mul/Multiply,,jit_avx512_bf16,87.0
Status.EXECUTED,__module.model.language_model.layers.32.mlp.down_proj/aten::linear/MatMul,,brgemm_avx512_bf16,2913.0
Status.EXECUTED,__module.model.language_model.layers.32.mlp.down_proj/aten::linear/MatMul_bf16_f32___module.model.language_model.layers.32/aten::add/Add_1,,jit_uni_bf16,35.0
Status.EXECUTED,__module.model.language_model.layers.32/aten::add/Add_1,,jit_avx512_f32,56.0
Status.EXECUTED,__module.model.language_model.layers.32/aten::add/Add_1_f32_bf16___module.model.language_model.layers.33.input_layernorm/aten::mul/Multiply_1,,jit_uni_f32,33.0
Status.EXECUTED,__module.model.language_model.layers.33.input_layernorm/aten::mul/Multiply_1,,jit_avx512_bf16,28.0
Status.EXECUTED,__module.model.language_model.layers.33.self_attn.q_proj/aten::linear/MatMul,,brgemm_avx512_bf16,955.0
Status.NOT_RUN,__module.model.language_model.layers.33.self_attn/aten::view/Reshape,,unknown_bf16,0.0
Status.EXECUTED,__module.model.language_model.layers.33.self_attn.q_norm/aten::mul/Multiply_1,,jit_avx512_bf16,21.0
Status.EXECUTED,__module.model.language_model.layers.33.self_attn/aten::add/Add,,ref_any_bf16,24.0
Status.EXECUTED,__module.model.language_model.layers.33.self_attn.k_proj/aten::linear/MatMul,,brgemm_avx512_bf16,347.0
Status.NOT_RUN,__module.model.language_model.layers.33.self_attn/aten::view/Reshape_1,,unknown_bf16,0.0
Status.EXECUTED,__module.model.language_model.layers.33.self_attn.k_norm/aten::mul/Multiply_1,,jit_avx512_bf16,8.0
Status.EXECUTED,__module.model.language_model.layers.33.self_attn/aten::add/Add_1,,ref_any_bf16,12.0
Status.EXECUTED,__module.model.language_model.layers.33.self_attn.v_proj/aten::linear/MatMul,,brgemm_avx512_bf16,301.0
Status.NOT_RUN,__module.model.language_model.layers.33.self_attn/aten::view/Reshape_2,,unknown_bf16,0.0
Status.EXECUTED,__module.model.language_model.layers.33.self_attn/aten::transpose/Transpose_2,,unknown_bf16,11.0
Status.EXECUTED,__module.model.language_model.layers.33.self_attn/aten::scaled_dot_product_attention/ScaledDotProductAttention,,undef_bf16,188.0
Status.EXECUTED,__module.model.language_model.layers.33.self_attn/aten::transpose/Transpose_3,,unknown_bf16,33.0
Status.NOT_RUN,__module.model.language_model.layers.33.self_attn/aten::reshape/Reshape_2,,unknown_bf16,0.0
Status.EXECUTED,__module.model.language_model.layers.33.self_attn.o_proj/aten::linear/MatMul,,brgemm_avx512_bf16,1033.0
Status.EXECUTED,__module.model.language_model.layers.33.self_attn.o_proj/aten::linear/MatMul_bf16_f32___module.model.language_model.layers.33/aten::add/Add,,jit_uni_bf16,33.0
Status.EXECUTED,__module.model.language_model.layers.33/aten::add/Add,,jit_avx512_f32,55.0
Status.EXECUTED,__module.model.language_model.layers.33/aten::add/Add_f32_bf16___module.model.language_model.layers.33.post_attention_layernorm/aten::mul/Multiply_1,,jit_uni_f32,24.0
Status.EXECUTED,__module.model.language_model.layers.33.post_attention_layernorm/aten::mul/Multiply_1,,jit_avx512_bf16,14.0
Status.EXECUTED,__module.model.language_model.layers.33.mlp.gate_proj/aten::linear/MatMul,,brgemm_avx512_bf16,2805.0
Status.NOT_RUN,__module.model.language_model.layers.33.mlp.act_fn/aten::silu/Swish,,undef,0.0
Status.EXECUTED,__module.model.language_model.layers.33.mlp.up_proj/aten::linear/MatMul,,brgemm_avx512_bf16,3009.0
Status.EXECUTED,__module.model.language_model.layers.33.mlp/aten::mul/Multiply,,jit_avx512_bf16,86.0
Status.EXECUTED,__module.model.language_model.layers.33.mlp.down_proj/aten::linear/MatMul,,brgemm_avx512_bf16,2939.0
Status.EXECUTED,__module.model.language_model.layers.33.mlp.down_proj/aten::linear/MatMul_bf16_f32___module.model.language_model.layers.33/aten::add/Add_1,,jit_uni_bf16,35.0
Status.EXECUTED,__module.model.language_model.layers.33/aten::add/Add_1,,jit_avx512_f32,88.0
Status.EXECUTED,__module.model.language_model.layers.33/aten::add/Add_1_f32_bf16___module.model.language_model.layers.34.input_layernorm/aten::mul/Multiply_1,,jit_uni_f32,33.0
Status.EXECUTED,__module.model.language_model.layers.34.input_layernorm/aten::mul/Multiply_1,,jit_avx512_bf16,29.0
Status.EXECUTED,__module.model.language_model.layers.34.self_attn.q_proj/aten::linear/MatMul,,brgemm_avx512_bf16,1018.0
Status.NOT_RUN,__module.model.language_model.layers.34.self_attn/aten::view/Reshape,,unknown_bf16,0.0
Status.EXECUTED,__module.model.language_model.layers.34.self_attn.q_norm/aten::mul/Multiply_1,,jit_avx512_bf16,22.0
Status.EXECUTED,__module.model.language_model.layers.34.self_attn/aten::add/Add,,ref_any_bf16,26.0
Status.EXECUTED,__module.model.language_model.layers.34.self_attn.k_proj/aten::linear/MatMul,,brgemm_avx512_bf16,293.0
Status.NOT_RUN,__module.model.language_model.layers.34.self_attn/aten::view/Reshape_1,,unknown_bf16,0.0
Status.EXECUTED,__module.model.language_model.layers.34.self_attn.k_norm/aten::mul/Multiply_1,,jit_avx512_bf16,8.0
Status.EXECUTED,__module.model.language_model.layers.34.self_attn/aten::add/Add_1,,ref_any_bf16,11.0
Status.EXECUTED,__module.model.language_model.layers.34.self_attn.v_proj/aten::linear/MatMul,,brgemm_avx512_bf16,293.0
Status.NOT_RUN,__module.model.language_model.layers.34.self_attn/aten::view/Reshape_2,,unknown_bf16,0.0
Status.EXECUTED,__module.model.language_model.layers.34.self_attn/aten::transpose/Transpose_2,,unknown_bf16,10.0
Status.EXECUTED,__module.model.language_model.layers.34.self_attn/aten::scaled_dot_product_attention/ScaledDotProductAttention,,undef_bf16,241.0
Status.EXECUTED,__module.model.language_model.layers.34.self_attn/aten::transpose/Transpose_3,,unknown_bf16,33.0
Status.NOT_RUN,__module.model.language_model.layers.34.self_attn/aten::reshape/Reshape_2,,unknown_bf16,0.0
Status.EXECUTED,__module.model.language_model.layers.34.self_attn.o_proj/aten::linear/MatMul,,brgemm_avx512_bf16,1052.0
Status.EXECUTED,__module.model.language_model.layers.34.self_attn.o_proj/aten::linear/MatMul_bf16_f32___module.model.language_model.layers.34/aten::add/Add,,jit_uni_bf16,31.0
Status.EXECUTED,__module.model.language_model.layers.34/aten::add/Add,,jit_avx512_f32,56.0
Status.EXECUTED,__module.model.language_model.layers.34/aten::add/Add_f32_bf16___module.model.language_model.layers.34.post_attention_layernorm/aten::mul/Multiply_1,,jit_uni_f32,24.0
Status.EXECUTED,__module.model.language_model.layers.34.post_attention_layernorm/aten::mul/Multiply_1,,jit_avx512_bf16,15.0
Status.EXECUTED,__module.model.language_model.layers.34.mlp.gate_proj/aten::linear/MatMul,,brgemm_avx512_bf16,2797.0
Status.NOT_RUN,__module.model.language_model.layers.34.mlp.act_fn/aten::silu/Swish,,undef,0.0
Status.EXECUTED,__module.model.language_model.layers.34.mlp.up_proj/aten::linear/MatMul,,brgemm_avx512_bf16,2794.0
Status.EXECUTED,__module.model.language_model.layers.34.mlp/aten::mul/Multiply,,jit_avx512_bf16,86.0
Status.EXECUTED,__module.model.language_model.layers.34.mlp.down_proj/aten::linear/MatMul,,brgemm_avx512_bf16,2948.0
Status.EXECUTED,__module.model.language_model.layers.34.mlp.down_proj/aten::linear/MatMul_bf16_f32___module.model.language_model.layers.34/aten::add/Add_1,,jit_uni_bf16,33.0
Status.EXECUTED,__module.model.language_model.layers.34/aten::add/Add_1,,jit_avx512_f32,56.0
Status.EXECUTED,__module.model.language_model.layers.34/aten::add/Add_1_f32_bf16___module.model.language_model.layers.35.input_layernorm/aten::mul/Multiply_1,,jit_uni_f32,33.0
Status.EXECUTED,__module.model.language_model.layers.35.input_layernorm/aten::mul/Multiply_1,,jit_avx512_bf16,27.0
Status.EXECUTED,__module.model.language_model.layers.35.self_attn.q_proj/aten::linear/MatMul,,brgemm_avx512_bf16,950.0
Status.NOT_RUN,__module.model.language_model.layers.35.self_attn/aten::view/Reshape_2,,unknown_bf16,0.0
Status.EXECUTED,__module.model.language_model.layers.35.self_attn.q_norm/aten::mul/Multiply_1,,jit_avx512_bf16,22.0
Status.EXECUTED,__module.model.language_model.layers.35.self_attn/aten::add/Add_1,,ref_any_bf16,24.0
Status.EXECUTED,__module.model.language_model.layers.35.self_attn.k_proj/aten::linear/MatMul,,brgemm_avx512_bf16,291.0
Status.NOT_RUN,__module.model.language_model.layers.35.self_attn/aten::view/Reshape_1,,unknown_bf16,0.0
Status.EXECUTED,__module.model.language_model.layers.35.self_attn.k_norm/aten::mul/Multiply_1,,jit_avx512_bf16,8.0
Status.EXECUTED,__module.model.language_model.layers.35.self_attn/aten::add/Add,,ref_any_bf16,10.0
Status.EXECUTED,__module.model.language_model.layers.35.self_attn.v_proj/aten::linear/MatMul,,brgemm_avx512_bf16,300.0
Status.NOT_RUN,__module.model.language_model.layers.35.self_attn/aten::view/Reshape,,unknown_bf16,0.0
Status.EXECUTED,__module.model.language_model.layers.35.self_attn/aten::transpose/Transpose,,unknown_bf16,14.0
Status.EXECUTED,__module.model.language_model.layers.35.self_attn/aten::scaled_dot_product_attention/ScaledDotProductAttention,,undef_bf16,299.0
Status.EXECUTED,__module.model.language_model.layers.35.self_attn/aten::transpose/Transpose_3,,unknown_bf16,36.0
Status.NOT_RUN,__module.model.language_model.layers.35.self_attn/aten::reshape/Reshape_2,,unknown_bf16,0.0
Status.EXECUTED,__module.model.language_model.layers.35.self_attn.o_proj/aten::linear/MatMul,,brgemm_avx512_bf16,1024.0
Status.EXECUTED,__module.model.language_model.layers.35.self_attn.o_proj/aten::linear/MatMul_bf16_f32___module.model.language_model.layers.35/aten::add/Add,,jit_uni_bf16,36.0
Status.EXECUTED,__module.model.language_model.layers.35/aten::add/Add,,jit_avx512_f32,59.0
Status.EXECUTED,__module.model.language_model.layers.35/aten::add/Add_f32_bf16___module.model.language_model.layers.35.post_attention_layernorm/aten::mul/Multiply_1,,jit_uni_f32,24.0
Status.EXECUTED,__module.model.language_model.layers.35.post_attention_layernorm/aten::mul/Multiply_1,,jit_avx512_bf16,23.0
Status.EXECUTED,__module.model.language_model.layers.35.mlp.gate_proj/aten::linear/MatMul,,brgemm_avx512_bf16,2828.0
Status.NOT_RUN,__module.model.language_model.layers.35.mlp.act_fn/aten::silu/Swish,,undef,0.0
Status.EXECUTED,__module.model.language_model.layers.35.mlp.up_proj/aten::linear/MatMul,,brgemm_avx512_bf16,2831.0
Status.EXECUTED,__module.model.language_model.layers.35.mlp/aten::mul/Multiply,,jit_avx512_bf16,88.0
Status.EXECUTED,__module.model.language_model.layers.35.mlp.down_proj/aten::linear/MatMul,,brgemm_avx512_bf16,2995.0
Status.EXECUTED,__module.model.language_model.layers.35.mlp.down_proj/aten::linear/MatMul_bf16_f32___module.model.language_model.layers.35/aten::add/Add_1,,jit_uni_bf16,34.0
Status.EXECUTED,__module.model.language_model.layers.35/aten::add/Add_1,,jit_avx512_f32,53.0
Status.EXECUTED,__module.model.language_model.layers.35/aten::add/Add_1_f32_bf16___module.model.language_model.norm/aten::mul/Multiply_1,,jit_uni_f32,90.0
Status.EXECUTED,__module.model.language_model.norm/aten::mul/Multiply_1,,jit_avx512_bf16,17.0
Status.EXECUTED,__module.lm_head/aten::linear/MatMul,,brgemm_avx512_bf16,38379.0
Status.EXECUTED,__module.lm_head/aten::linear/MatMul_bf16_f32_Result_44730,,jit_uni_bf16,2250.0
Status.NOT_RUN,Result_44730,,unknown_f32,0.0
Status.NOT_RUN,Result_15617,,unknown_f32,0.0
Status.EXECUTED,__module.model.language_model.norm/aten::pow/Power,,jit_avx512_f32,70.0
Status.NOT_RUN,Result_15618,,unknown_f32,0.0
Status.NOT_RUN,stub_0___module.model.language_model/aten::index/Split,,unknown_i32,0.0
Status.EXECUTED,Assign_123263,,unknown_f32,1.0
Status.EXECUTED,Assign_123121,,unknown_f32,1.0
Status.EXECUTED,Assign_123123,,unknown_f32,1.0
Status.EXECUTED,Assign_123125,,unknown_f32,1.0
Status.NOT_RUN,Assign_123127,,unknown_f32,0.0
Status.EXECUTED,Assign_123169,,unknown_f32,1.0
Status.NOT_RUN,Assign_123171,,unknown_f32,0.0
Status.EXECUTED,Assign_123213,,unknown_f32,1.0
Status.NOT_RUN,Assign_123215,,unknown_f32,0.0
Status.NOT_RUN,Assign_123241,,unknown_f32,0.0
Status.NOT_RUN,Assign_123243,,unknown_f32,0.0
Status.NOT_RUN,Assign_123245,,unknown_f32,0.0
Status.NOT_RUN,Assign_123247,,unknown_f32,0.0
Status.NOT_RUN,Assign_123249,,unknown_f32,0.0
Status.NOT_RUN,Assign_123251,,unknown_f32,0.0
Status.NOT_RUN,Assign_123253,,unknown_f32,0.0
Status.NOT_RUN,Assign_123255,,unknown_f32,0.0
Status.NOT_RUN,Assign_123257,,unknown_f32,0.0
Status.NOT_RUN,Assign_123259,,unknown_f32,0.0
Status.NOT_RUN,Assign_123261,,unknown_f32,0.0
Status.NOT_RUN,Assign_123239,,unknown_f32,0.0
Status.NOT_RUN,Assign_123129,,unknown_f32,0.0
Status.NOT_RUN,Assign_123131,,unknown_f32,0.0
Status.NOT_RUN,Assign_123133,,unknown_f32,0.0
Status.NOT_RUN,Assign_123135,,unknown_f32,0.0
Status.NOT_RUN,Assign_123137,,unknown_f32,0.0
Status.NOT_RUN,Assign_123139,,unknown_f32,0.0
Status.EXECUTED,Assign_123141,,unknown_f32,1.0
Status.NOT_RUN,Assign_123143,,unknown_f32,0.0
Status.NOT_RUN,Assign_123145,,unknown_f32,0.0
Status.NOT_RUN,Assign_123147,,unknown_f32,0.0
Status.NOT_RUN,Assign_123149,,unknown_f32,0.0
Status.NOT_RUN,Assign_123151,,unknown_f32,0.0
Status.NOT_RUN,Assign_123153,,unknown_f32,0.0
Status.NOT_RUN,Assign_123155,,unknown_f32,0.0
Status.NOT_RUN,Assign_123157,,unknown_f32,0.0
Status.NOT_RUN,Assign_123159,,unknown_f32,0.0
Status.NOT_RUN,Assign_123161,,unknown_f32,0.0
Status.NOT_RUN,Assign_123163,,unknown_f32,0.0
Status.NOT_RUN,Assign_123165,,unknown_f32,0.0
Status.NOT_RUN,Assign_123167,,unknown_f32,0.0
Status.EXECUTED,Assign_123173,,unknown_f32,1.0
Status.NOT_RUN,Assign_123175,,unknown_f32,0.0
Status.NOT_RUN,Assign_123177,,unknown_f32,0.0
Status.NOT_RUN,Assign_123179,,unknown_f32,0.0
Status.NOT_RUN,Assign_123181,,unknown_f32,0.0
Status.NOT_RUN,Assign_123183,,unknown_f32,0.0
Status.EXECUTED,Assign_123185,,unknown_f32,1.0
Status.NOT_RUN,Assign_123187,,unknown_f32,0.0
Status.NOT_RUN,Assign_123189,,unknown_f32,0.0
Status.NOT_RUN,Assign_123191,,unknown_f32,0.0
Status.NOT_RUN,Assign_123193,,unknown_f32,0.0
Status.NOT_RUN,Assign_123195,,unknown_f32,0.0
Status.NOT_RUN,Assign_123197,,unknown_f32,0.0
Status.NOT_RUN,Assign_123199,,unknown_f32,0.0
Status.EXECUTED,Assign_123201,,unknown_f32,1.0
Status.NOT_RUN,Assign_123203,,unknown_f32,0.0
Status.NOT_RUN,Assign_123205,,unknown_f32,0.0
Status.NOT_RUN,Assign_123207,,unknown_f32,0.0
Status.NOT_RUN,Assign_123209,,unknown_f32,0.0
Status.NOT_RUN,Assign_123211,,unknown_f32,0.0
Status.NOT_RUN,Assign_123217,,unknown_f32,0.0
Status.NOT_RUN,Assign_123219,,unknown_f32,0.0
Status.EXECUTED,Assign_123221,,unknown_f32,1.0
Status.NOT_RUN,Assign_123223,,unknown_f32,0.0
Status.NOT_RUN,Assign_123225,,unknown_f32,0.0
Status.NOT_RUN,Assign_123227,,unknown_f32,0.0
Status.NOT_RUN,Assign_123229,,unknown_f32,0.0
Status.NOT_RUN,Assign_123231,,unknown_f32,0.0
Status.NOT_RUN,Assign_123233,,unknown_f32,0.0
Status.NOT_RUN,Assign_123235,,unknown_f32,0.0
Status.NOT_RUN,Assign_123237,,unknown_f32,0.0
