node_name,node_type,exec_type,status,real_time_us,real_time_pct_of_total
__module.lm_head/aten::linear/MatMul,FullyConnected,brgemm_avx512_bf16,Status.EXECUTED,29013.0,6.571
__module.model.language_model.layers.19.mlp.down_proj/aten::linear/MatMul,FullyConnected,brgemm_avx512_bf16,Status.EXECUTED,3086.0,0.699
__module.model.language_model.layers.20.mlp.down_proj/aten::linear/MatMul,FullyConnected,brgemm_avx512_bf16,Status.EXECUTED,3069.0,0.695
__module.model.language_model.layers.29.mlp.down_proj/aten::linear/MatMul,FullyConnected,brgemm_avx512_bf16,Status.EXECUTED,3032.0,0.687
__module.model.language_model.layers.28.mlp.down_proj/aten::linear/MatMul,FullyConnected,brgemm_avx512_bf16,Status.EXECUTED,2995.0,0.678
__module.model.language_model.layers.6.mlp.down_proj/aten::linear/MatMul,FullyConnected,brgemm_avx512_bf16,Status.EXECUTED,2983.0,0.676
__module.model.language_model.layers.22.mlp.down_proj/aten::linear/MatMul,FullyConnected,brgemm_avx512_bf16,Status.EXECUTED,2976.0,0.674
__module.model.language_model.layers.5.mlp.down_proj/aten::linear/MatMul,FullyConnected,brgemm_avx512_bf16,Status.EXECUTED,2962.0,0.671
__module.model.language_model.layers.23.mlp.down_proj/aten::linear/MatMul,FullyConnected,brgemm_avx512_bf16,Status.EXECUTED,2961.0,0.671
__module.model.language_model.layers.33.mlp.down_proj/aten::linear/MatMul,FullyConnected,brgemm_avx512_bf16,Status.EXECUTED,2939.0,0.666
__module.model.language_model.layers.7.mlp.down_proj/aten::linear/MatMul,FullyConnected,brgemm_avx512_bf16,Status.EXECUTED,2925.0,0.662
__module.model.language_model.layers.25.mlp.down_proj/aten::linear/MatMul,FullyConnected,brgemm_avx512_bf16,Status.EXECUTED,2923.0,0.662
__module.model.language_model.layers.21.mlp.down_proj/aten::linear/MatMul,FullyConnected,brgemm_avx512_bf16,Status.EXECUTED,2916.0,0.660
__module.model.language_model.layers.31.mlp.down_proj/aten::linear/MatMul,FullyConnected,brgemm_avx512_bf16,Status.EXECUTED,2914.0,0.660
__module.model.language_model.layers.11.mlp.down_proj/aten::linear/MatMul,FullyConnected,brgemm_avx512_bf16,Status.EXECUTED,2913.0,0.660
__module.model.language_model.layers.16.mlp.down_proj/aten::linear/MatMul,FullyConnected,brgemm_avx512_bf16,Status.EXECUTED,2910.0,0.659
__module.model.language_model.layers.4.mlp.up_proj/aten::linear/MatMul,FullyConnected,brgemm_avx512_bf16,Status.EXECUTED,2906.0,0.658
__module.model.language_model.layers.9.mlp.up_proj/aten::linear/MatMul,FullyConnected,brgemm_avx512_bf16,Status.EXECUTED,2904.0,0.658
__module.model.language_model.layers.18.mlp.down_proj/aten::linear/MatMul,FullyConnected,brgemm_avx512_bf16,Status.EXECUTED,2901.0,0.657
__module.model.language_model.layers.17.mlp.gate_proj/aten::linear/MatMul,FullyConnected,brgemm_avx512_bf16,Status.EXECUTED,2899.0,0.657
__module.model.language_model.layers.4.mlp.down_proj/aten::linear/MatMul,FullyConnected,brgemm_avx512_bf16,Status.EXECUTED,2898.0,0.656
__module.model.language_model.layers.26.mlp.down_proj/aten::linear/MatMul,FullyConnected,brgemm_avx512_bf16,Status.EXECUTED,2898.0,0.656
__module.model.language_model.layers.8.mlp.down_proj/aten::linear/MatMul,FullyConnected,brgemm_avx512_bf16,Status.EXECUTED,2895.0,0.656
__module.model.language_model.layers.23.mlp.gate_proj/aten::linear/MatMul,FullyConnected,brgemm_avx512_bf16,Status.EXECUTED,2895.0,0.656
__module.model.language_model.layers.24.mlp.gate_proj/aten::linear/MatMul,FullyConnected,brgemm_avx512_bf16,Status.EXECUTED,2892.0,0.655
__module.model.language_model.layers.31.mlp.up_proj/aten::linear/MatMul,FullyConnected,brgemm_avx512_bf16,Status.EXECUTED,2882.0,0.653
__module.model.language_model.layers.25.mlp.gate_proj/aten::linear/MatMul,FullyConnected,brgemm_avx512_bf16,Status.EXECUTED,2877.0,0.652
__module.model.language_model.layers.24.mlp.down_proj/aten::linear/MatMul,FullyConnected,brgemm_avx512_bf16,Status.EXECUTED,2872.0,0.650
__module.model.language_model.layers.32.mlp.down_proj/aten::linear/MatMul,FullyConnected,brgemm_avx512_bf16,Status.EXECUTED,2871.0,0.650
__module.model.language_model.layers.4.mlp.gate_proj/aten::linear/MatMul,FullyConnected,brgemm_avx512_bf16,Status.EXECUTED,2870.0,0.650
__module.model.language_model.layers.14.mlp.up_proj/aten::linear/MatMul,FullyConnected,brgemm_avx512_bf16,Status.EXECUTED,2870.0,0.650
__module.model.language_model.layers.18.mlp.gate_proj/aten::linear/MatMul,FullyConnected,brgemm_avx512_bf16,Status.EXECUTED,2870.0,0.650
__module.model.language_model.layers.3.mlp.gate_proj/aten::linear/MatMul,FullyConnected,brgemm_avx512_bf16,Status.EXECUTED,2867.0,0.649
__module.model.language_model.layers.15.mlp.gate_proj/aten::linear/MatMul,FullyConnected,brgemm_avx512_bf16,Status.EXECUTED,2867.0,0.649
__module.model.language_model.layers.5.mlp.up_proj/aten::linear/MatMul,FullyConnected,brgemm_avx512_bf16,Status.EXECUTED,2866.0,0.649
__module.model.language_model.layers.12.mlp.down_proj/aten::linear/MatMul,FullyConnected,brgemm_avx512_bf16,Status.EXECUTED,2865.0,0.649
__module.model.language_model.layers.26.mlp.gate_proj/aten::linear/MatMul,FullyConnected,brgemm_avx512_bf16,Status.EXECUTED,2861.0,0.648
__module.model.language_model.layers.22.mlp.gate_proj/aten::linear/MatMul,FullyConnected,brgemm_avx512_bf16,Status.EXECUTED,2859.0,0.647
__module.model.language_model.layers.10.mlp.gate_proj/aten::linear/MatMul,FullyConnected,brgemm_avx512_bf16,Status.EXECUTED,2856.0,0.647
__module.model.language_model.layers.8.mlp.gate_proj/aten::linear/MatMul,FullyConnected,brgemm_avx512_bf16,Status.EXECUTED,2855.0,0.647
__module.model.language_model.layers.17.mlp.down_proj/aten::linear/MatMul,FullyConnected,brgemm_avx512_bf16,Status.EXECUTED,2855.0,0.647
__module.model.language_model.layers.31.mlp.gate_proj/aten::linear/MatMul,FullyConnected,brgemm_avx512_bf16,Status.EXECUTED,2853.0,0.646
__module.model.language_model.layers.15.mlp.down_proj/aten::linear/MatMul,FullyConnected,brgemm_avx512_bf16,Status.EXECUTED,2851.0,0.646
__module.model.language_model.layers.16.mlp.up_proj/aten::linear/MatMul,FullyConnected,brgemm_avx512_bf16,Status.EXECUTED,2849.0,0.645
__module.model.language_model.layers.9.mlp.gate_proj/aten::linear/MatMul,FullyConnected,brgemm_avx512_bf16,Status.EXECUTED,2845.0,0.644
__module.model.language_model.layers.10.mlp.up_proj/aten::linear/MatMul,FullyConnected,brgemm_avx512_bf16,Status.EXECUTED,2843.0,0.644
__module.model.language_model.layers.20.mlp.gate_proj/aten::linear/MatMul,FullyConnected,brgemm_avx512_bf16,Status.EXECUTED,2843.0,0.644
__module.model.language_model.layers.23.mlp.up_proj/aten::linear/MatMul,FullyConnected,brgemm_avx512_bf16,Status.EXECUTED,2842.0,0.644
__module.model.language_model.layers.29.mlp.up_proj/aten::linear/MatMul,FullyConnected,brgemm_avx512_bf16,Status.EXECUTED,2838.0,0.643
__module.model.language_model.layers.14.mlp.gate_proj/aten::linear/MatMul,FullyConnected,brgemm_avx512_bf16,Status.EXECUTED,2836.0,0.642
__module.model.language_model.layers.18.mlp.up_proj/aten::linear/MatMul,FullyConnected,brgemm_avx512_bf16,Status.EXECUTED,2835.0,0.642
__module.model.language_model.layers.27.mlp.gate_proj/aten::linear/MatMul,FullyConnected,brgemm_avx512_bf16,Status.EXECUTED,2832.0,0.641
__module.model.language_model.layers.10.mlp.down_proj/aten::linear/MatMul,FullyConnected,brgemm_avx512_bf16,Status.EXECUTED,2830.0,0.641
__module.model.language_model.layers.16.mlp.gate_proj/aten::linear/MatMul,FullyConnected,brgemm_avx512_bf16,Status.EXECUTED,2828.0,0.640
__module.model.language_model.layers.22.mlp.up_proj/aten::linear/MatMul,FullyConnected,brgemm_avx512_bf16,Status.EXECUTED,2827.0,0.640
__module.model.language_model.layers.27.mlp.down_proj/aten::linear/MatMul,FullyConnected,brgemm_avx512_bf16,Status.EXECUTED,2826.0,0.640
__module.model.language_model.layers.3.mlp.down_proj/aten::linear/MatMul,FullyConnected,brgemm_avx512_bf16,Status.EXECUTED,2823.0,0.639
__module.model.language_model.layers.35.mlp.down_proj/aten::linear/MatMul,FullyConnected,brgemm_avx512_bf16,Status.EXECUTED,2823.0,0.639
__module.model.language_model.layers.29.mlp.gate_proj/aten::linear/MatMul,FullyConnected,brgemm_avx512_bf16,Status.EXECUTED,2822.0,0.639
__module.model.language_model.layers.9.mlp.down_proj/aten::linear/MatMul,FullyConnected,brgemm_avx512_bf16,Status.EXECUTED,2821.0,0.639
__module.model.language_model.layers.14.mlp.down_proj/aten::linear/MatMul,FullyConnected,brgemm_avx512_bf16,Status.EXECUTED,2818.0,0.638
__module.model.language_model.layers.34.mlp.down_proj/aten::linear/MatMul,FullyConnected,brgemm_avx512_bf16,Status.EXECUTED,2811.0,0.637
__module.model.language_model.layers.30.mlp.gate_proj/aten::linear/MatMul,FullyConnected,brgemm_avx512_bf16,Status.EXECUTED,2808.0,0.636
__module.model.language_model.layers.17.mlp.up_proj/aten::linear/MatMul,FullyConnected,brgemm_avx512_bf16,Status.EXECUTED,2806.0,0.635
__module.model.language_model.layers.26.mlp.up_proj/aten::linear/MatMul,FullyConnected,brgemm_avx512_bf16,Status.EXECUTED,2806.0,0.635
__module.model.language_model.layers.15.mlp.up_proj/aten::linear/MatMul,FullyConnected,brgemm_avx512_bf16,Status.EXECUTED,2805.0,0.635
__module.model.language_model.layers.25.mlp.up_proj/aten::linear/MatMul,FullyConnected,brgemm_avx512_bf16,Status.EXECUTED,2805.0,0.635
__module.model.language_model.layers.7.mlp.gate_proj/aten::linear/MatMul,FullyConnected,brgemm_avx512_bf16,Status.EXECUTED,2804.0,0.635
__module.model.language_model.layers.12.mlp.gate_proj/aten::linear/MatMul,FullyConnected,brgemm_avx512_bf16,Status.EXECUTED,2804.0,0.635
__module.model.language_model.layers.35.mlp.gate_proj/aten::linear/MatMul,FullyConnected,brgemm_avx512_bf16,Status.EXECUTED,2804.0,0.635
__module.model.language_model.layers.30.mlp.down_proj/aten::linear/MatMul,FullyConnected,brgemm_avx512_bf16,Status.EXECUTED,2802.0,0.635
__module.model.language_model.layers.2.mlp.down_proj/aten::linear/MatMul,FullyConnected,brgemm_avx512_bf16,Status.EXECUTED,2798.0,0.634
__module.model.language_model.layers.13.mlp.gate_proj/aten::linear/MatMul,FullyConnected,brgemm_avx512_bf16,Status.EXECUTED,2794.0,0.633
__module.model.language_model.layers.8.mlp.up_proj/aten::linear/MatMul,FullyConnected,brgemm_avx512_bf16,Status.EXECUTED,2791.0,0.632
__module.model.language_model.layers.20.mlp.up_proj/aten::linear/MatMul,FullyConnected,brgemm_avx512_bf16,Status.EXECUTED,2791.0,0.632
__module.model.language_model.layers.33.mlp.up_proj/aten::linear/MatMul,FullyConnected,brgemm_avx512_bf16,Status.EXECUTED,2789.0,0.632
__module.model.language_model.layers.3.mlp.up_proj/aten::linear/MatMul,FullyConnected,brgemm_avx512_bf16,Status.EXECUTED,2786.0,0.631
__module.model.language_model.layers.5.mlp.gate_proj/aten::linear/MatMul,FullyConnected,brgemm_avx512_bf16,Status.EXECUTED,2785.0,0.631
__module.model.language_model.layers.1.mlp.down_proj/aten::linear/MatMul,FullyConnected,brgemm_avx512_bf16,Status.EXECUTED,2784.0,0.631
__module.model.language_model.layers.35.mlp.up_proj/aten::linear/MatMul,FullyConnected,brgemm_avx512_bf16,Status.EXECUTED,2780.0,0.630
__module.model.language_model.layers.28.mlp.up_proj/aten::linear/MatMul,FullyConnected,brgemm_avx512_bf16,Status.EXECUTED,2779.0,0.629
__module.model.language_model.layers.28.mlp.gate_proj/aten::linear/MatMul,FullyConnected,brgemm_avx512_bf16,Status.EXECUTED,2775.0,0.628
__module.model.language_model.layers.11.mlp.gate_proj/aten::linear/MatMul,FullyConnected,brgemm_avx512_bf16,Status.EXECUTED,2774.0,0.628
__module.model.language_model.layers.2.mlp.gate_proj/aten::linear/MatMul,FullyConnected,brgemm_avx512_bf16,Status.EXECUTED,2769.0,0.627
__module.model.language_model.layers.24.mlp.up_proj/aten::linear/MatMul,FullyConnected,brgemm_avx512_bf16,Status.EXECUTED,2763.0,0.626
__module.model.language_model.layers.11.mlp.up_proj/aten::linear/MatMul,FullyConnected,brgemm_avx512_bf16,Status.EXECUTED,2760.0,0.625
__module.model.language_model.layers.19.mlp.up_proj/aten::linear/MatMul,FullyConnected,brgemm_avx512_bf16,Status.EXECUTED,2758.0,0.625
__module.model.language_model.layers.13.mlp.down_proj/aten::linear/MatMul,FullyConnected,brgemm_avx512_bf16,Status.EXECUTED,2755.0,0.624
__module.model.language_model.layers.6.mlp.gate_proj/aten::linear/MatMul,FullyConnected,brgemm_avx512_bf16,Status.EXECUTED,2753.0,0.623
__module.model.language_model.layers.30.mlp.up_proj/aten::linear/MatMul,FullyConnected,brgemm_avx512_bf16,Status.EXECUTED,2753.0,0.623
__module.model.language_model.layers.12.mlp.up_proj/aten::linear/MatMul,FullyConnected,brgemm_avx512_bf16,Status.EXECUTED,2752.0,0.623
__module.model.language_model.layers.7.mlp.up_proj/aten::linear/MatMul,FullyConnected,brgemm_avx512_bf16,Status.EXECUTED,2745.0,0.622
__module.model.language_model.layers.33.mlp.gate_proj/aten::linear/MatMul,FullyConnected,brgemm_avx512_bf16,Status.EXECUTED,2740.0,0.621
__module.model.language_model.layers.32.mlp.gate_proj/aten::linear/MatMul,FullyConnected,brgemm_avx512_bf16,Status.EXECUTED,2737.0,0.620
__module.model.language_model.layers.32.mlp.up_proj/aten::linear/MatMul,FullyConnected,brgemm_avx512_bf16,Status.EXECUTED,2737.0,0.620
__module.model.language_model.layers.6.mlp.up_proj/aten::linear/MatMul,FullyConnected,brgemm_avx512_bf16,Status.EXECUTED,2731.0,0.619
__module.model.language_model.layers.21.mlp.gate_proj/aten::linear/MatMul,FullyConnected,brgemm_avx512_bf16,Status.EXECUTED,2730.0,0.618
__module.model.language_model.layers.2.mlp.up_proj/aten::linear/MatMul,FullyConnected,brgemm_avx512_bf16,Status.EXECUTED,2729.0,0.618
__module.model.language_model.layers.13.mlp.up_proj/aten::linear/MatMul,FullyConnected,brgemm_avx512_bf16,Status.EXECUTED,2725.0,0.617
__module.model.language_model.layers.21.mlp.up_proj/aten::linear/MatMul,FullyConnected,brgemm_avx512_bf16,Status.EXECUTED,2725.0,0.617
__module.model.language_model.layers.19.mlp.gate_proj/aten::linear/MatMul,FullyConnected,brgemm_avx512_bf16,Status.EXECUTED,2717.0,0.615
__module.model.language_model.layers.34.mlp.gate_proj/aten::linear/MatMul,FullyConnected,brgemm_avx512_bf16,Status.EXECUTED,2717.0,0.615
__module.model.language_model.layers.34.mlp.up_proj/aten::linear/MatMul,FullyConnected,brgemm_avx512_bf16,Status.EXECUTED,2705.0,0.613
__module.model.language_model.layers.27.mlp.up_proj/aten::linear/MatMul,FullyConnected,brgemm_avx512_bf16,Status.EXECUTED,2699.0,0.611
__module.model.language_model.layers.1.mlp.up_proj/aten::linear/MatMul,FullyConnected,brgemm_avx512_bf16,Status.EXECUTED,2626.0,0.595
__module.model.language_model.layers.0.mlp.down_proj/aten::linear/MatMul,FullyConnected,brgemm_avx512_bf16,Status.EXECUTED,2579.0,0.584
__module.model.language_model.layers.1.mlp.gate_proj/aten::linear/MatMul,FullyConnected,brgemm_avx512_bf16,Status.EXECUTED,2512.0,0.569
__module.model.language_model.layers.0.mlp.up_proj/aten::linear/MatMul,FullyConnected,brgemm_avx512_bf16,Status.EXECUTED,2464.0,0.558
__module.model.language_model.layers.0.mlp.gate_proj/aten::linear/MatMul,FullyConnected,brgemm_avx512_bf16,Status.EXECUTED,2379.0,0.539
__module.model.language_model.layers.13.self_attn.q_proj/aten::linear/MatMul,FullyConnected,brgemm_avx512_bf16,Status.EXECUTED,1013.0,0.229
__module.model.language_model.layers.34.self_attn.q_proj/aten::linear/MatMul,FullyConnected,brgemm_avx512_bf16,Status.EXECUTED,985.0,0.223
__module.model.language_model.layers.30.self_attn.q_proj/aten::linear/MatMul,FullyConnected,brgemm_avx512_bf16,Status.EXECUTED,984.0,0.223
__module.model.language_model.layers.12.self_attn.o_proj/aten::linear/MatMul,FullyConnected,brgemm_avx512_bf16,Status.EXECUTED,975.0,0.221
__module.model.language_model.layers.33.self_attn.q_proj/aten::linear/MatMul,FullyConnected,brgemm_avx512_bf16,Status.EXECUTED,969.0,0.219
__module.model.language_model.layers.7.self_attn.o_proj/aten::linear/MatMul,FullyConnected,brgemm_avx512_bf16,Status.EXECUTED,966.0,0.219
__module.model.language_model.layers.12.self_attn.q_proj/aten::linear/MatMul,FullyConnected,brgemm_avx512_bf16,Status.EXECUTED,966.0,0.219
__module.model.language_model.layers.35.self_attn.q_proj/aten::linear/MatMul,FullyConnected,brgemm_avx512_bf16,Status.EXECUTED,961.0,0.218
__module.model.language_model.layers.17.self_attn.o_proj/aten::linear/MatMul,FullyConnected,brgemm_avx512_bf16,Status.EXECUTED,957.0,0.217
__module.model.language_model.layers.29.self_attn.q_proj/aten::linear/MatMul,FullyConnected,brgemm_avx512_bf16,Status.EXECUTED,957.0,0.217
__module.model.language_model.layers.27.self_attn.q_proj/aten::linear/MatMul,FullyConnected,brgemm_avx512_bf16,Status.EXECUTED,956.0,0.217
__module.model.language_model.layers.8.self_attn.q_proj/aten::linear/MatMul,FullyConnected,brgemm_avx512_bf16,Status.EXECUTED,954.0,0.216
__module.model.language_model.layers.32.self_attn.q_proj/aten::linear/MatMul,FullyConnected,brgemm_avx512_bf16,Status.EXECUTED,954.0,0.216
__module.model.language_model.layers.11.self_attn.o_proj/aten::linear/MatMul,FullyConnected,brgemm_avx512_bf16,Status.EXECUTED,952.0,0.216
__module.model.language_model.layers.18.self_attn.o_proj/aten::linear/MatMul,FullyConnected,brgemm_avx512_bf16,Status.EXECUTED,952.0,0.216
__module.model.language_model.layers.28.self_attn.q_proj/aten::linear/MatMul,FullyConnected,brgemm_avx512_bf16,Status.EXECUTED,949.0,0.215
__module.model.language_model.layers.11.self_attn.q_proj/aten::linear/MatMul,FullyConnected,brgemm_avx512_bf16,Status.EXECUTED,941.0,0.213
__module.model.language_model.layers.31.self_attn.q_proj/aten::linear/MatMul,FullyConnected,brgemm_avx512_bf16,Status.EXECUTED,939.0,0.213
__module.model.language_model.layers.7.self_attn.q_proj/aten::linear/MatMul,FullyConnected,brgemm_avx512_bf16,Status.EXECUTED,938.0,0.212
__module.model.language_model.layers.26.self_attn.q_proj/aten::linear/MatMul,FullyConnected,brgemm_avx512_bf16,Status.EXECUTED,938.0,0.212
__module.model.language_model.layers.3.self_attn.q_proj/aten::linear/MatMul,FullyConnected,brgemm_avx512_bf16,Status.EXECUTED,937.0,0.212
__module.model.language_model.layers.16.self_attn.o_proj/aten::linear/MatMul,FullyConnected,brgemm_avx512_bf16,Status.EXECUTED,937.0,0.212
__module.model.language_model.layers.2.self_attn.o_proj/aten::linear/MatMul,FullyConnected,brgemm_avx512_bf16,Status.EXECUTED,935.0,0.212
__module.model.language_model.layers.20.self_attn.q_proj/aten::linear/MatMul,FullyConnected,brgemm_avx512_bf16,Status.EXECUTED,932.0,0.211
__module.model.language_model.layers.3.self_attn.o_proj/aten::linear/MatMul,FullyConnected,brgemm_avx512_bf16,Status.EXECUTED,931.0,0.211
__module.model.language_model.layers.2.self_attn.q_proj/aten::linear/MatMul,FullyConnected,brgemm_avx512_bf16,Status.EXECUTED,929.0,0.210
__module.model.language_model.layers.16.self_attn.q_proj/aten::linear/MatMul,FullyConnected,brgemm_avx512_bf16,Status.EXECUTED,929.0,0.210
__module.model.language_model.layers.14.self_attn.q_proj/aten::linear/MatMul,FullyConnected,brgemm_avx512_bf16,Status.EXECUTED,928.0,0.210
__module.model.language_model.layers.21.self_attn.q_proj/aten::linear/MatMul,FullyConnected,brgemm_avx512_bf16,Status.EXECUTED,928.0,0.210
__module.model.language_model.layers.9.self_attn.q_proj/aten::linear/MatMul,FullyConnected,brgemm_avx512_bf16,Status.EXECUTED,927.0,0.210
__module.model.language_model.layers.9.self_attn.o_proj/aten::linear/MatMul,FullyConnected,brgemm_avx512_bf16,Status.EXECUTED,927.0,0.210
__module.model.language_model.layers.35.self_attn.o_proj/aten::linear/MatMul,FullyConnected,brgemm_avx512_bf16,Status.EXECUTED,926.0,0.210
__module.model.language_model.layers.5.self_attn.q_proj/aten::linear/MatMul,FullyConnected,brgemm_avx512_bf16,Status.EXECUTED,924.0,0.209
__module.model.language_model.layers.14.self_attn.o_proj/aten::linear/MatMul,FullyConnected,brgemm_avx512_bf16,Status.EXECUTED,921.0,0.209
__module.model.language_model.layers.24.self_attn.o_proj/aten::linear/MatMul,FullyConnected,brgemm_avx512_bf16,Status.EXECUTED,921.0,0.209
__module.model.language_model.layers.13.self_attn.o_proj/aten::linear/MatMul,FullyConnected,brgemm_avx512_bf16,Status.EXECUTED,919.0,0.208
__module.model.language_model.layers.10.self_attn.o_proj/aten::linear/MatMul,FullyConnected,brgemm_avx512_bf16,Status.EXECUTED,918.0,0.208
__module.model.language_model.layers.10.self_attn.q_proj/aten::linear/MatMul,FullyConnected,brgemm_avx512_bf16,Status.EXECUTED,917.0,0.208
__module.model.language_model.layers.4.self_attn.o_proj/aten::linear/MatMul,FullyConnected,brgemm_avx512_bf16,Status.EXECUTED,916.0,0.207
__module.model.language_model.layers.6.self_attn.o_proj/aten::linear/MatMul,FullyConnected,brgemm_avx512_bf16,Status.EXECUTED,916.0,0.207
__module.model.language_model.layers.15.self_attn.q_proj/aten::linear/MatMul,FullyConnected,brgemm_avx512_bf16,Status.EXECUTED,916.0,0.207
__module.model.language_model.layers.27.self_attn.o_proj/aten::linear/MatMul,FullyConnected,brgemm_avx512_bf16,Status.EXECUTED,915.0,0.207
__module.model.language_model.layers.15.self_attn.o_proj/aten::linear/MatMul,FullyConnected,brgemm_avx512_bf16,Status.EXECUTED,912.0,0.207
__module.model.language_model.layers.25.self_attn.q_proj/aten::linear/MatMul,FullyConnected,brgemm_avx512_bf16,Status.EXECUTED,912.0,0.207
__module.model.language_model.layers.22.self_attn.q_proj/aten::linear/MatMul,FullyConnected,brgemm_avx512_bf16,Status.EXECUTED,908.0,0.206
__module.model.language_model.layers.24.self_attn.q_proj/aten::linear/MatMul,FullyConnected,brgemm_avx512_bf16,Status.EXECUTED,908.0,0.206
__module.model.language_model.layers.4.self_attn.q_proj/aten::linear/MatMul,FullyConnected,brgemm_avx512_bf16,Status.EXECUTED,907.0,0.205
__module.model.language_model.layers.8.self_attn.o_proj/aten::linear/MatMul,FullyConnected,brgemm_avx512_bf16,Status.EXECUTED,907.0,0.205
__module.model.language_model.layers.29.self_attn.o_proj/aten::linear/MatMul,FullyConnected,brgemm_avx512_bf16,Status.EXECUTED,907.0,0.205
__module.model.language_model.layers.6.self_attn.q_proj/aten::linear/MatMul,FullyConnected,brgemm_avx512_bf16,Status.EXECUTED,905.0,0.205
__module.model.language_model.layers.26.self_attn.o_proj/aten::linear/MatMul,FullyConnected,brgemm_avx512_bf16,Status.EXECUTED,903.0,0.205
__module.model.language_model.layers.5.self_attn.o_proj/aten::linear/MatMul,FullyConnected,brgemm_avx512_bf16,Status.EXECUTED,902.0,0.204
__module.model.language_model.layers.25.self_attn.o_proj/aten::linear/MatMul,FullyConnected,brgemm_avx512_bf16,Status.EXECUTED,900.0,0.204
__module.model.language_model.layers.22.self_attn.o_proj/aten::linear/MatMul,FullyConnected,brgemm_avx512_bf16,Status.EXECUTED,899.0,0.204
__module.model.language_model.layers.23.self_attn.q_proj/aten::linear/MatMul,FullyConnected,brgemm_avx512_bf16,Status.EXECUTED,897.0,0.203
__module.model.language_model.layers.19.self_attn.q_proj/aten::linear/MatMul,FullyConnected,brgemm_avx512_bf16,Status.EXECUTED,896.0,0.203
__module.model.language_model.layers.20.self_attn.o_proj/aten::linear/MatMul,FullyConnected,brgemm_avx512_bf16,Status.EXECUTED,896.0,0.203
__module.model.language_model.layers.34.self_attn.o_proj/aten::linear/MatMul,FullyConnected,brgemm_avx512_bf16,Status.EXECUTED,896.0,0.203
__module.model.language_model.layers.18.self_attn.q_proj/aten::linear/MatMul,FullyConnected,brgemm_avx512_bf16,Status.EXECUTED,893.0,0.202
__module.model.language_model.layers.23.self_attn.o_proj/aten::linear/MatMul,FullyConnected,brgemm_avx512_bf16,Status.EXECUTED,893.0,0.202
__module.model.language_model.layers.17.self_attn.q_proj/aten::linear/MatMul,FullyConnected,brgemm_avx512_bf16,Status.EXECUTED,890.0,0.202
__module.model.language_model.layers.30.self_attn.o_proj/aten::linear/MatMul,FullyConnected,brgemm_avx512_bf16,Status.EXECUTED,884.0,0.200
__module.model.language_model.layers.32.self_attn.o_proj/aten::linear/MatMul,FullyConnected,brgemm_avx512_bf16,Status.EXECUTED,884.0,0.200
__module.model.language_model.layers.0.self_attn.q_proj/aten::linear/MatMul,FullyConnected,brgemm_avx512_bf16,Status.EXECUTED,880.0,0.199
__module.model.language_model.layers.21.self_attn.o_proj/aten::linear/MatMul,FullyConnected,brgemm_avx512_bf16,Status.EXECUTED,880.0,0.199
__module.model.language_model.layers.33.self_attn.o_proj/aten::linear/MatMul,FullyConnected,brgemm_avx512_bf16,Status.EXECUTED,878.0,0.199
__module.model.language_model.layers.31.self_attn.o_proj/aten::linear/MatMul,FullyConnected,brgemm_avx512_bf16,Status.EXECUTED,876.0,0.198
__module.model.language_model.layers.28.self_attn.o_proj/aten::linear/MatMul,FullyConnected,brgemm_avx512_bf16,Status.EXECUTED,872.0,0.197
__module.model.language_model.layers.19.self_attn.o_proj/aten::linear/MatMul,FullyConnected,brgemm_avx512_bf16,Status.EXECUTED,868.0,0.197
__module.model.language_model.layers.1.self_attn.o_proj/aten::linear/MatMul,FullyConnected,brgemm_avx512_bf16,Status.EXECUTED,842.0,0.191
__module.model.language_model.layers.1.self_attn.q_proj/aten::linear/MatMul,FullyConnected,brgemm_avx512_bf16,Status.EXECUTED,826.0,0.187
__module.lm_head/aten::linear/MatMul_bf16_f32_Result_44730,Reorder,jit_uni_bf16,Status.EXECUTED,786.0,0.178
__module.model.language_model.layers.0.self_attn.o_proj/aten::linear/MatMul,FullyConnected,brgemm_avx512_bf16,Status.EXECUTED,747.0,0.169
__module.model.language_model.layers.13.self_attn.k_proj/aten::linear/MatMul,FullyConnected,brgemm_avx512_bf16,Status.EXECUTED,244.0,0.055
__module.model.language_model.layers.2.self_attn.v_proj/aten::linear/MatMul,FullyConnected,brgemm_avx512_bf16,Status.EXECUTED,243.0,0.055
__module.model.language_model.layers.13.self_attn.v_proj/aten::linear/MatMul,FullyConnected,brgemm_avx512_bf16,Status.EXECUTED,241.0,0.055
__module.model.language_model.layers.7.self_attn.v_proj/aten::linear/MatMul,FullyConnected,brgemm_avx512_bf16,Status.EXECUTED,239.0,0.054
__module.model.language_model.layers.12.self_attn.v_proj/aten::linear/MatMul,FullyConnected,brgemm_avx512_bf16,Status.EXECUTED,238.0,0.054
__module.model.language_model.layers.27.self_attn.k_proj/aten::linear/MatMul,FullyConnected,brgemm_avx512_bf16,Status.EXECUTED,238.0,0.054
__module.model.language_model.layers.35.self_attn.v_proj/aten::linear/MatMul,FullyConnected,brgemm_avx512_bf16,Status.EXECUTED,238.0,0.054
__module.model.language_model.layers.3.self_attn.k_proj/aten::linear/MatMul,FullyConnected,brgemm_avx512_bf16,Status.EXECUTED,237.0,0.054
__module.model.language_model.layers.11.self_attn.v_proj/aten::linear/MatMul,FullyConnected,brgemm_avx512_bf16,Status.EXECUTED,237.0,0.054
__module.model.language_model.layers.12.self_attn.k_proj/aten::linear/MatMul,FullyConnected,brgemm_avx512_bf16,Status.EXECUTED,237.0,0.054
__module.model.language_model.layers.7.self_attn.k_proj/aten::linear/MatMul,FullyConnected,brgemm_avx512_bf16,Status.EXECUTED,236.0,0.053
__module.model.language_model.layers.8.self_attn.k_proj/aten::linear/MatMul,FullyConnected,brgemm_avx512_bf16,Status.EXECUTED,236.0,0.053
__module.model.language_model.layers.34.self_attn.k_proj/aten::linear/MatMul,FullyConnected,brgemm_avx512_bf16,Status.EXECUTED,236.0,0.053
__module.model.language_model.layers.11.self_attn.k_proj/aten::linear/MatMul,FullyConnected,brgemm_avx512_bf16,Status.EXECUTED,235.0,0.053
__module.model.language_model.layers.26.self_attn.k_proj/aten::linear/MatMul,FullyConnected,brgemm_avx512_bf16,Status.EXECUTED,235.0,0.053
__module.model.language_model.layers.27.self_attn.v_proj/aten::linear/MatMul,FullyConnected,brgemm_avx512_bf16,Status.EXECUTED,235.0,0.053
__module.model.language_model.layers.33.self_attn.k_proj/aten::linear/MatMul,FullyConnected,brgemm_avx512_bf16,Status.EXECUTED,235.0,0.053
__module.model.language_model.layers.29.self_attn.k_proj/aten::linear/MatMul,FullyConnected,brgemm_avx512_bf16,Status.EXECUTED,234.0,0.053
__module.model.language_model.layers.34.self_attn.v_proj/aten::linear/MatMul,FullyConnected,brgemm_avx512_bf16,Status.EXECUTED,234.0,0.053
__module.model.language_model.layers.35.self_attn.k_proj/aten::linear/MatMul,FullyConnected,brgemm_avx512_bf16,Status.EXECUTED,234.0,0.053
__module.model.language_model.layers.9.self_attn.k_proj/aten::linear/MatMul,FullyConnected,brgemm_avx512_bf16,Status.EXECUTED,232.0,0.053
__module.model.language_model.layers.14.self_attn.k_proj/aten::linear/MatMul,FullyConnected,brgemm_avx512_bf16,Status.EXECUTED,232.0,0.053
__module.model.language_model.layers.20.self_attn.v_proj/aten::linear/MatMul,FullyConnected,brgemm_avx512_bf16,Status.EXECUTED,232.0,0.053
__module.model.language_model.layers.2.self_attn.k_proj/aten::linear/MatMul,FullyConnected,brgemm_avx512_bf16,Status.EXECUTED,231.0,0.052
__module.model.language_model.layers.5.self_attn.k_proj/aten::linear/MatMul,FullyConnected,brgemm_avx512_bf16,Status.EXECUTED,231.0,0.052
__module.model.language_model.layers.16.self_attn.v_proj/aten::linear/MatMul,FullyConnected,brgemm_avx512_bf16,Status.EXECUTED,231.0,0.052
__module.model.language_model.layers.28.self_attn.k_proj/aten::linear/MatMul,FullyConnected,brgemm_avx512_bf16,Status.EXECUTED,231.0,0.052
__module.model.language_model.layers.3.self_attn.v_proj/aten::linear/MatMul,FullyConnected,brgemm_avx512_bf16,Status.EXECUTED,230.0,0.052
__module.model.language_model.layers.6.self_attn.k_proj/aten::linear/MatMul,FullyConnected,brgemm_avx512_bf16,Status.EXECUTED,230.0,0.052
__module.model.language_model.layers.10.self_attn.k_proj/aten::linear/MatMul,FullyConnected,brgemm_avx512_bf16,Status.EXECUTED,230.0,0.052
__module.model.language_model.layers.14.self_attn.v_proj/aten::linear/MatMul,FullyConnected,brgemm_avx512_bf16,Status.EXECUTED,230.0,0.052
__module.model.language_model.layers.16.self_attn.k_proj/aten::linear/MatMul,FullyConnected,brgemm_avx512_bf16,Status.EXECUTED,230.0,0.052
__module.model.language_model.layers.21.self_attn.k_proj/aten::linear/MatMul,FullyConnected,brgemm_avx512_bf16,Status.EXECUTED,230.0,0.052
__module.model.language_model.layers.24.self_attn.v_proj/aten::linear/MatMul,FullyConnected,brgemm_avx512_bf16,Status.EXECUTED,230.0,0.052
__module.model.language_model.layers.25.self_attn.k_proj/aten::linear/MatMul,FullyConnected,brgemm_avx512_bf16,Status.EXECUTED,230.0,0.052
__module.model.language_model.layers.33.self_attn.v_proj/aten::linear/MatMul,FullyConnected,brgemm_avx512_bf16,Status.EXECUTED,230.0,0.052
__module.model.language_model.layers.9.self_attn.v_proj/aten::linear/MatMul,FullyConnected,brgemm_avx512_bf16,Status.EXECUTED,229.0,0.052
__module.model.language_model.layers.15.self_attn.k_proj/aten::linear/MatMul,FullyConnected,brgemm_avx512_bf16,Status.EXECUTED,229.0,0.052
__module.model.language_model.layers.29.self_attn.v_proj/aten::linear/MatMul,FullyConnected,brgemm_avx512_bf16,Status.EXECUTED,229.0,0.052
__module.model.language_model.layers.32.self_attn.k_proj/aten::linear/MatMul,FullyConnected,brgemm_avx512_bf16,Status.EXECUTED,229.0,0.052
__module.model.language_model.layers.32.self_attn.v_proj/aten::linear/MatMul,FullyConnected,brgemm_avx512_bf16,Status.EXECUTED,229.0,0.052
__module.model.language_model.layers.10.self_attn.v_proj/aten::linear/MatMul,FullyConnected,brgemm_avx512_bf16,Status.EXECUTED,228.0,0.052
__module.model.language_model.layers.18.self_attn.v_proj/aten::linear/MatMul,FullyConnected,brgemm_avx512_bf16,Status.EXECUTED,228.0,0.052
__module.model.language_model.layers.20.self_attn.k_proj/aten::linear/MatMul,FullyConnected,brgemm_avx512_bf16,Status.EXECUTED,228.0,0.052
__module.model.language_model.layers.4.self_attn.v_proj/aten::linear/MatMul,FullyConnected,brgemm_avx512_bf16,Status.EXECUTED,227.0,0.051
__module.model.language_model.layers.15.self_attn.v_proj/aten::linear/MatMul,FullyConnected,brgemm_avx512_bf16,Status.EXECUTED,227.0,0.051
__module.model.language_model.layers.22.self_attn.v_proj/aten::linear/MatMul,FullyConnected,brgemm_avx512_bf16,Status.EXECUTED,227.0,0.051
__module.model.language_model.layers.26.self_attn.v_proj/aten::linear/MatMul,FullyConnected,brgemm_avx512_bf16,Status.EXECUTED,227.0,0.051
__module.model.language_model.layers.30.self_attn.k_proj/aten::linear/MatMul,FullyConnected,brgemm_avx512_bf16,Status.EXECUTED,227.0,0.051
__module.model.language_model.layers.4.self_attn.k_proj/aten::linear/MatMul,FullyConnected,brgemm_avx512_bf16,Status.EXECUTED,226.0,0.051
__module.model.language_model.layers.5.self_attn.v_proj/aten::linear/MatMul,FullyConnected,brgemm_avx512_bf16,Status.EXECUTED,226.0,0.051
__module.model.language_model.layers.8.self_attn.v_proj/aten::linear/MatMul,FullyConnected,brgemm_avx512_bf16,Status.EXECUTED,226.0,0.051
__module.model.language_model.layers.17.self_attn.v_proj/aten::linear/MatMul,FullyConnected,brgemm_avx512_bf16,Status.EXECUTED,226.0,0.051
__module.model.language_model.layers.21.self_attn.v_proj/aten::linear/MatMul,FullyConnected,brgemm_avx512_bf16,Status.EXECUTED,226.0,0.051
__module.model.language_model.layers.24.self_attn.k_proj/aten::linear/MatMul,FullyConnected,brgemm_avx512_bf16,Status.EXECUTED,226.0,0.051
__module.model.language_model.layers.28.self_attn.v_proj/aten::linear/MatMul,FullyConnected,brgemm_avx512_bf16,Status.EXECUTED,226.0,0.051
__module.model.language_model.layers.6.self_attn.v_proj/aten::linear/MatMul,FullyConnected,brgemm_avx512_bf16,Status.EXECUTED,225.0,0.051
__module.model.language_model.layers.25.self_attn.v_proj/aten::linear/MatMul,FullyConnected,brgemm_avx512_bf16,Status.EXECUTED,225.0,0.051
__module.model.language_model.layers.30.self_attn.v_proj/aten::linear/MatMul,FullyConnected,brgemm_avx512_bf16,Status.EXECUTED,225.0,0.051
__module.model.language_model.layers.31.self_attn.k_proj/aten::linear/MatMul,FullyConnected,brgemm_avx512_bf16,Status.EXECUTED,225.0,0.051
__module.model.language_model.layers.17.self_attn.k_proj/aten::linear/MatMul,FullyConnected,brgemm_avx512_bf16,Status.EXECUTED,224.0,0.051
__module.model.language_model.layers.18.self_attn.k_proj/aten::linear/MatMul,FullyConnected,brgemm_avx512_bf16,Status.EXECUTED,224.0,0.051
__module.model.language_model.layers.22.self_attn.k_proj/aten::linear/MatMul,FullyConnected,brgemm_avx512_bf16,Status.EXECUTED,223.0,0.051
__module.model.language_model.layers.23.self_attn.v_proj/aten::linear/MatMul,FullyConnected,brgemm_avx512_bf16,Status.EXECUTED,223.0,0.051
__module.model.language_model.layers.19.self_attn.k_proj/aten::linear/MatMul,FullyConnected,brgemm_avx512_bf16,Status.EXECUTED,222.0,0.050
__module.model.language_model.layers.19.self_attn.v_proj/aten::linear/MatMul,FullyConnected,brgemm_avx512_bf16,Status.EXECUTED,222.0,0.050
__module.model.language_model.layers.23.self_attn.k_proj/aten::linear/MatMul,FullyConnected,brgemm_avx512_bf16,Status.EXECUTED,222.0,0.050
__module.model.language_model.layers.31.self_attn.v_proj/aten::linear/MatMul,FullyConnected,brgemm_avx512_bf16,Status.EXECUTED,222.0,0.050
__module.model.language_model.layers.1.self_attn.k_proj/aten::linear/MatMul,FullyConnected,brgemm_avx512_bf16,Status.EXECUTED,216.0,0.049
__module.model.language_model.layers.1.self_attn.v_proj/aten::linear/MatMul,FullyConnected,brgemm_avx512_bf16,Status.EXECUTED,216.0,0.049
__module.model.language_model.layers.0.self_attn.k_proj/aten::linear/MatMul,FullyConnected,brgemm_avx512_bf16,Status.EXECUTED,208.0,0.047
__module.model.language_model.layers.0.self_attn.v_proj/aten::linear/MatMul,FullyConnected,brgemm_avx512_bf16,Status.EXECUTED,197.0,0.045
__module.model.language_model.layers.0.self_attn/aten::scaled_dot_product_attention/ScaledDotProductAttention,ScaledDotProductAttentionWithKVCache,avx512_bf16,Status.EXECUTED,152.0,0.034
__module.model.language_model.layers.16.self_attn/aten::scaled_dot_product_attention/ScaledDotProductAttention,ScaledDotProductAttentionWithKVCache,undef_bf16,Status.EXECUTED,138.0,0.031
__module.model.language_model.layers.18.self_attn/aten::scaled_dot_product_attention/ScaledDotProductAttention,ScaledDotProductAttentionWithKVCache,undef_bf16,Status.EXECUTED,138.0,0.031
__module.model.language_model.layers.14.self_attn/aten::scaled_dot_product_attention/ScaledDotProductAttention,ScaledDotProductAttentionWithKVCache,undef_bf16,Status.EXECUTED,136.0,0.031
__module.model.language_model.layers.17.self_attn/aten::scaled_dot_product_attention/ScaledDotProductAttention,ScaledDotProductAttentionWithKVCache,undef_bf16,Status.EXECUTED,135.0,0.031
__module.model.language_model.layers.24.self_attn/aten::scaled_dot_product_attention/ScaledDotProductAttention,ScaledDotProductAttentionWithKVCache,undef_bf16,Status.EXECUTED,135.0,0.031
__module.model.language_model.layers.27.self_attn/aten::scaled_dot_product_attention/ScaledDotProductAttention,ScaledDotProductAttentionWithKVCache,undef_bf16,Status.EXECUTED,135.0,0.031
__module.model.language_model.layers.10.self_attn/aten::scaled_dot_product_attention/ScaledDotProductAttention,ScaledDotProductAttentionWithKVCache,undef_bf16,Status.EXECUTED,134.0,0.030
__module.model.language_model.layers.22.self_attn/aten::scaled_dot_product_attention/ScaledDotProductAttention,ScaledDotProductAttentionWithKVCache,undef_bf16,Status.EXECUTED,134.0,0.030
__module.model.language_model.layers.13.self_attn/aten::scaled_dot_product_attention/ScaledDotProductAttention,ScaledDotProductAttentionWithKVCache,undef_bf16,Status.EXECUTED,133.0,0.030
__module.model.language_model.layers.26.self_attn/aten::scaled_dot_product_attention/ScaledDotProductAttention,ScaledDotProductAttentionWithKVCache,undef_bf16,Status.EXECUTED,133.0,0.030
__module.model.language_model.layers.29.self_attn/aten::scaled_dot_product_attention/ScaledDotProductAttention,ScaledDotProductAttentionWithKVCache,undef_bf16,Status.EXECUTED,133.0,0.030
__module.model.language_model.layers.2.self_attn/aten::scaled_dot_product_attention/ScaledDotProductAttention,ScaledDotProductAttentionWithKVCache,undef_bf16,Status.EXECUTED,132.0,0.030
__module.model.language_model.layers.15.self_attn/aten::scaled_dot_product_attention/ScaledDotProductAttention,ScaledDotProductAttentionWithKVCache,undef_bf16,Status.EXECUTED,132.0,0.030
__module.model.language_model.layers.19.self_attn/aten::scaled_dot_product_attention/ScaledDotProductAttention,ScaledDotProductAttentionWithKVCache,undef_bf16,Status.EXECUTED,131.0,0.030
__module.model.language_model.layers.21.self_attn/aten::scaled_dot_product_attention/ScaledDotProductAttention,ScaledDotProductAttentionWithKVCache,undef_bf16,Status.EXECUTED,131.0,0.030
__module.model.language_model.layers.30.self_attn/aten::scaled_dot_product_attention/ScaledDotProductAttention,ScaledDotProductAttentionWithKVCache,undef_bf16,Status.EXECUTED,131.0,0.030
__module.model.language_model.layers.33.self_attn/aten::scaled_dot_product_attention/ScaledDotProductAttention,ScaledDotProductAttentionWithKVCache,undef_bf16,Status.EXECUTED,131.0,0.030
__module.model.language_model.layers.20.self_attn/aten::scaled_dot_product_attention/ScaledDotProductAttention,ScaledDotProductAttentionWithKVCache,undef_bf16,Status.EXECUTED,130.0,0.029
__module.model.language_model.layers.34.self_attn/aten::scaled_dot_product_attention/ScaledDotProductAttention,ScaledDotProductAttentionWithKVCache,undef_bf16,Status.EXECUTED,130.0,0.029
__module.model.language_model.layers.3.self_attn/aten::scaled_dot_product_attention/ScaledDotProductAttention,ScaledDotProductAttentionWithKVCache,undef_bf16,Status.EXECUTED,129.0,0.029
__module.model.language_model.layers.4.self_attn/aten::scaled_dot_product_attention/ScaledDotProductAttention,ScaledDotProductAttentionWithKVCache,undef_bf16,Status.EXECUTED,129.0,0.029
__module.model.language_model.layers.23.self_attn/aten::scaled_dot_product_attention/ScaledDotProductAttention,ScaledDotProductAttentionWithKVCache,undef_bf16,Status.EXECUTED,129.0,0.029
__module.model.language_model.layers.28.self_attn/aten::scaled_dot_product_attention/ScaledDotProductAttention,ScaledDotProductAttentionWithKVCache,undef_bf16,Status.EXECUTED,129.0,0.029
__module.model.language_model.layers.31.self_attn/aten::scaled_dot_product_attention/ScaledDotProductAttention,ScaledDotProductAttentionWithKVCache,undef_bf16,Status.EXECUTED,129.0,0.029
__module.model.language_model.layers.25.self_attn/aten::scaled_dot_product_attention/ScaledDotProductAttention,ScaledDotProductAttentionWithKVCache,undef_bf16,Status.EXECUTED,128.0,0.029
__module.model.language_model.layers.7.self_attn/aten::scaled_dot_product_attention/ScaledDotProductAttention,ScaledDotProductAttentionWithKVCache,undef_bf16,Status.EXECUTED,127.0,0.029
__module.model.language_model.layers.9.self_attn/aten::scaled_dot_product_attention/ScaledDotProductAttention,ScaledDotProductAttentionWithKVCache,undef_bf16,Status.EXECUTED,127.0,0.029
__module.model.language_model.layers.32.self_attn/aten::scaled_dot_product_attention/ScaledDotProductAttention,ScaledDotProductAttentionWithKVCache,undef_bf16,Status.EXECUTED,127.0,0.029
__module.model.language_model.layers.6.self_attn/aten::scaled_dot_product_attention/ScaledDotProductAttention,ScaledDotProductAttentionWithKVCache,undef_bf16,Status.EXECUTED,126.0,0.029
__module.model.language_model.layers.11.self_attn/aten::scaled_dot_product_attention/ScaledDotProductAttention,ScaledDotProductAttentionWithKVCache,undef_bf16,Status.EXECUTED,126.0,0.029
__module.model.language_model.layers.1.self_attn/aten::scaled_dot_product_attention/ScaledDotProductAttention,ScaledDotProductAttentionWithKVCache,undef_bf16,Status.EXECUTED,125.0,0.028
__module.model.language_model.layers.12.self_attn/aten::scaled_dot_product_attention/ScaledDotProductAttention,ScaledDotProductAttentionWithKVCache,undef_bf16,Status.EXECUTED,125.0,0.028
__module.model.language_model.layers.8.self_attn/aten::scaled_dot_product_attention/ScaledDotProductAttention,ScaledDotProductAttentionWithKVCache,undef_bf16,Status.EXECUTED,124.0,0.028
__module.model.language_model.layers.35.self_attn/aten::scaled_dot_product_attention/ScaledDotProductAttention,ScaledDotProductAttentionWithKVCache,undef_bf16,Status.EXECUTED,124.0,0.028
SliceAssign_2954/ScatterNDUpdate,ScatterNDUpdate,unknown_f32,Status.EXECUTED,123.0,0.028
SliceAssign_4205/ScatterNDUpdate,ScatterNDUpdate,unknown_f32,Status.EXECUTED,123.0,0.028
__module.model.language_model.layers.5.self_attn/aten::scaled_dot_product_attention/ScaledDotProductAttention,ScaledDotProductAttentionWithKVCache,undef_bf16,Status.EXECUTED,120.0,0.027
SliceAssign_1703/ScatterNDUpdate,ScatterNDUpdate,unknown_f32,Status.EXECUTED,112.0,0.025
__module.model.language_model.layers.20.mlp/aten::mul/Multiply,Multiply,jit_avx512_bf16,Status.EXECUTED,92.0,0.021
__module.model.language_model.layers.9.mlp/aten::mul/Multiply,Multiply,jit_avx512_bf16,Status.EXECUTED,91.0,0.021
__module.model.language_model.layers.14.mlp/aten::mul/Multiply,Multiply,jit_avx512_bf16,Status.EXECUTED,91.0,0.021
__module.model.language_model.layers.19.mlp/aten::mul/Multiply,Multiply,jit_avx512_bf16,Status.EXECUTED,90.0,0.020
__module.model.language_model.layers.4.mlp/aten::mul/Multiply,Multiply,jit_avx512_bf16,Status.EXECUTED,89.0,0.020
__module.model.language_model.layers.22.mlp/aten::mul/Multiply,Multiply,jit_avx512_bf16,Status.EXECUTED,89.0,0.020
__module.model.language_model.layers.30.mlp/aten::mul/Multiply,Multiply,jit_avx512_bf16,Status.EXECUTED,89.0,0.020
__module.model.language_model.layers.31.mlp/aten::mul/Multiply,Multiply,jit_avx512_bf16,Status.EXECUTED,89.0,0.020
__module.model.language_model.layers.16.mlp/aten::mul/Multiply,Multiply,jit_avx512_bf16,Status.EXECUTED,88.0,0.020
__module.model.language_model.layers.18.mlp/aten::mul/Multiply,Multiply,jit_avx512_bf16,Status.EXECUTED,88.0,0.020
__module.model.language_model.layers.23.mlp/aten::mul/Multiply,Multiply,jit_avx512_bf16,Status.EXECUTED,88.0,0.020
__module.model.language_model.layers.25.mlp/aten::mul/Multiply,Multiply,jit_avx512_bf16,Status.EXECUTED,88.0,0.020
__module.model.language_model.layers.29.mlp/aten::mul/Multiply,Multiply,jit_avx512_bf16,Status.EXECUTED,88.0,0.020
__module.model.language_model.layers.32.mlp/aten::mul/Multiply,Multiply,jit_avx512_bf16,Status.EXECUTED,88.0,0.020
__module.model.language_model.layers.35.mlp/aten::mul/Multiply,Multiply,jit_avx512_bf16,Status.EXECUTED,88.0,0.020
__module.model.language_model.layers.17.mlp/aten::mul/Multiply,Multiply,jit_avx512_bf16,Status.EXECUTED,87.0,0.020
__module.model.language_model.layers.21.mlp/aten::mul/Multiply,Multiply,jit_avx512_bf16,Status.EXECUTED,87.0,0.020
__module.model.language_model.layers.24.mlp/aten::mul/Multiply,Multiply,jit_avx512_bf16,Status.EXECUTED,87.0,0.020
__module.model.language_model.layers.28.mlp/aten::mul/Multiply,Multiply,jit_avx512_bf16,Status.EXECUTED,87.0,0.020
__module.model.language_model.layers.33.mlp/aten::mul/Multiply,Multiply,jit_avx512_bf16,Status.EXECUTED,87.0,0.020
__module.model.language_model.layers.10.mlp/aten::mul/Multiply,Multiply,jit_avx512_bf16,Status.EXECUTED,86.0,0.019
__module.model.language_model.layers.12.mlp/aten::mul/Multiply,Multiply,jit_avx512_bf16,Status.EXECUTED,86.0,0.019
__module.model.language_model.layers.26.mlp/aten::mul/Multiply,Multiply,jit_avx512_bf16,Status.EXECUTED,86.0,0.019
__module.model.language_model.layers.28.mlp.down_proj/aten::linear/MatMul_bf16_f32___module.model.language_model.layers.28/aten::add/Add_1,Reorder,jit_uni_bf16,Status.EXECUTED,86.0,0.019
__module.model.language_model.layers.34.mlp/aten::mul/Multiply,Multiply,jit_avx512_bf16,Status.EXECUTED,86.0,0.019
__module.model.language_model.layers.2.mlp/aten::mul/Multiply,Multiply,jit_avx512_bf16,Status.EXECUTED,85.0,0.019
__module.model.language_model.layers.10.mlp.down_proj/aten::linear/MatMul_bf16_f32___module.model.language_model.layers.10/aten::add/Add_1,Reorder,jit_uni_bf16,Status.EXECUTED,85.0,0.019
__module.model.language_model.layers.11.mlp/aten::mul/Multiply,Multiply,jit_avx512_bf16,Status.EXECUTED,85.0,0.019
__module.model.language_model.layers.15.mlp/aten::mul/Multiply,Multiply,jit_avx512_bf16,Status.EXECUTED,85.0,0.019
__module.model.language_model.layers.20.mlp.down_proj/aten::linear/MatMul_bf16_f32___module.model.language_model.layers.20/aten::add/Add_1,Reorder,jit_uni_bf16,Status.EXECUTED,84.0,0.019
__module.model.language_model.layers.27.mlp/aten::mul/Multiply,Multiply,jit_avx512_bf16,Status.EXECUTED,84.0,0.019
__module.model.language_model.layers.31.mlp.down_proj/aten::linear/MatMul_bf16_f32___module.model.language_model.layers.31/aten::add/Add_1,Reorder,jit_uni_bf16,Status.EXECUTED,84.0,0.019
__module.model.language_model.layers.3.mlp/aten::mul/Multiply,Multiply,jit_avx512_bf16,Status.EXECUTED,83.0,0.019
__module.model.language_model.layers.5.mlp/aten::mul/Multiply,Multiply,jit_avx512_bf16,Status.EXECUTED,83.0,0.019
__module.model.language_model.layers.7.mlp/aten::mul/Multiply,Multiply,jit_avx512_bf16,Status.EXECUTED,83.0,0.019
__module.model.language_model.layers.8.mlp/aten::mul/Multiply,Multiply,jit_avx512_bf16,Status.EXECUTED,83.0,0.019
__module.model.language_model.layers.13.mlp/aten::mul/Multiply,Multiply,jit_avx512_bf16,Status.EXECUTED,83.0,0.019
__module.model.language_model.layers.1.mlp/aten::mul/Multiply,Multiply,jit_avx512_bf16,Status.EXECUTED,82.0,0.019
__module.model.language_model.layers.6.mlp/aten::mul/Multiply,Multiply,jit_avx512_bf16,Status.EXECUTED,82.0,0.019
__module.model.language_model.layers.29.mlp.down_proj/aten::linear/MatMul_bf16_f32___module.model.language_model.layers.29/aten::add/Add_1,Reorder,jit_uni_bf16,Status.EXECUTED,80.0,0.018
__module.model.language_model.layers.6.mlp.down_proj/aten::linear/MatMul_bf16_f32___module.model.language_model.layers.6/aten::add/Add_1,Reorder,jit_uni_bf16,Status.EXECUTED,79.0,0.018
__module.model.language_model.layers.11.mlp.down_proj/aten::linear/MatMul_bf16_f32___module.model.language_model.layers.11/aten::add/Add_1,Reorder,jit_uni_bf16,Status.EXECUTED,78.0,0.018
__module.model.language_model.layers.12.mlp.down_proj/aten::linear/MatMul_bf16_f32___module.model.language_model.layers.12/aten::add/Add_1,Reorder,jit_uni_bf16,Status.EXECUTED,78.0,0.018
__module.model.language_model.layers.14.mlp.down_proj/aten::linear/MatMul_bf16_f32___module.model.language_model.layers.14/aten::add/Add_1,Reorder,jit_uni_bf16,Status.EXECUTED,78.0,0.018
__module.model.language_model.layers.19.mlp.down_proj/aten::linear/MatMul_bf16_f32___module.model.language_model.layers.19/aten::add/Add_1,Reorder,jit_uni_bf16,Status.EXECUTED,78.0,0.018
__module.model.language_model.layers.22.mlp.down_proj/aten::linear/MatMul_bf16_f32___module.model.language_model.layers.22/aten::add/Add_1,Reorder,jit_uni_bf16,Status.EXECUTED,78.0,0.018
__module.model.language_model.layers.23.mlp.down_proj/aten::linear/MatMul_bf16_f32___module.model.language_model.layers.23/aten::add/Add_1,Reorder,jit_uni_bf16,Status.EXECUTED,78.0,0.018
__module.model.language_model.layers.26.mlp.down_proj/aten::linear/MatMul_bf16_f32___module.model.language_model.layers.26/aten::add/Add_1,Reorder,jit_uni_bf16,Status.EXECUTED,78.0,0.018
__module.model.language_model.layers.27.mlp.down_proj/aten::linear/MatMul_bf16_f32___module.model.language_model.layers.27/aten::add/Add_1,Reorder,jit_uni_bf16,Status.EXECUTED,78.0,0.018
__module.model.language_model.layers.32.mlp.down_proj/aten::linear/MatMul_bf16_f32___module.model.language_model.layers.32/aten::add/Add_1,Reorder,jit_uni_bf16,Status.EXECUTED,78.0,0.018
__module.model.language_model.layers.33.mlp.down_proj/aten::linear/MatMul_bf16_f32___module.model.language_model.layers.33/aten::add/Add_1,Reorder,jit_uni_bf16,Status.EXECUTED,78.0,0.018
__module.model.language_model.layers.2.mlp.down_proj/aten::linear/MatMul_bf16_f32___module.model.language_model.layers.2/aten::add/Add_1,Reorder,jit_uni_bf16,Status.EXECUTED,77.0,0.017
__module.model.language_model.layers.3.mlp.down_proj/aten::linear/MatMul_bf16_f32___module.model.language_model.layers.3/aten::add/Add_1,Reorder,jit_uni_bf16,Status.EXECUTED,77.0,0.017
__module.model.language_model.layers.13.mlp.down_proj/aten::linear/MatMul_bf16_f32___module.model.language_model.layers.13/aten::add/Add_1,Reorder,jit_uni_bf16,Status.EXECUTED,77.0,0.017
__module.model.language_model.layers.30.mlp.down_proj/aten::linear/MatMul_bf16_f32___module.model.language_model.layers.30/aten::add/Add_1,Reorder,jit_uni_bf16,Status.EXECUTED,77.0,0.017
__module.model.language_model.layers.34.mlp.down_proj/aten::linear/MatMul_bf16_f32___module.model.language_model.layers.34/aten::add/Add_1,Reorder,jit_uni_bf16,Status.EXECUTED,77.0,0.017
__module.model.language_model.layers.35.mlp.down_proj/aten::linear/MatMul_bf16_f32___module.model.language_model.layers.35/aten::add/Add_1,Reorder,jit_uni_bf16,Status.EXECUTED,77.0,0.017
__module.model.language_model.layers.1.mlp.down_proj/aten::linear/MatMul_bf16_f32___module.model.language_model.layers.1/aten::add/Add_1,Reorder,jit_uni_bf16,Status.EXECUTED,76.0,0.017
__module.model.language_model.layers.4.mlp.down_proj/aten::linear/MatMul_bf16_f32___module.model.language_model.layers.4/aten::add/Add_1,Reorder,jit_uni_bf16,Status.EXECUTED,76.0,0.017
__module.model.language_model.layers.5.mlp.down_proj/aten::linear/MatMul_bf16_f32___module.model.language_model.layers.5/aten::add/Add_1,Reorder,jit_uni_bf16,Status.EXECUTED,76.0,0.017
__module.model.language_model.layers.7.mlp.down_proj/aten::linear/MatMul_bf16_f32___module.model.language_model.layers.7/aten::add/Add_1,Reorder,jit_uni_bf16,Status.EXECUTED,76.0,0.017
__module.model.language_model.layers.8.mlp.down_proj/aten::linear/MatMul_bf16_f32___module.model.language_model.layers.8/aten::add/Add_1,Reorder,jit_uni_bf16,Status.EXECUTED,76.0,0.017
__module.model.language_model.layers.9.mlp.down_proj/aten::linear/MatMul_bf16_f32___module.model.language_model.layers.9/aten::add/Add_1,Reorder,jit_uni_bf16,Status.EXECUTED,76.0,0.017
__module.model.language_model.layers.15.mlp.down_proj/aten::linear/MatMul_bf16_f32___module.model.language_model.layers.15/aten::add/Add_1,Reorder,jit_uni_bf16,Status.EXECUTED,76.0,0.017
__module.model.language_model.layers.16.mlp.down_proj/aten::linear/MatMul_bf16_f32___module.model.language_model.layers.16/aten::add/Add_1,Reorder,jit_uni_bf16,Status.EXECUTED,76.0,0.017
__module.model.language_model.layers.17.mlp.down_proj/aten::linear/MatMul_bf16_f32___module.model.language_model.layers.17/aten::add/Add_1,Reorder,jit_uni_bf16,Status.EXECUTED,76.0,0.017
__module.model.language_model.layers.18.mlp.down_proj/aten::linear/MatMul_bf16_f32___module.model.language_model.layers.18/aten::add/Add_1,Reorder,jit_uni_bf16,Status.EXECUTED,76.0,0.017
__module.model.language_model.layers.21.mlp.down_proj/aten::linear/MatMul_bf16_f32___module.model.language_model.layers.21/aten::add/Add_1,Reorder,jit_uni_bf16,Status.EXECUTED,76.0,0.017
__module.model.language_model.layers.24.mlp.down_proj/aten::linear/MatMul_bf16_f32___module.model.language_model.layers.24/aten::add/Add_1,Reorder,jit_uni_bf16,Status.EXECUTED,76.0,0.017
__module.model.language_model.layers.25.mlp.down_proj/aten::linear/MatMul_bf16_f32___module.model.language_model.layers.25/aten::add/Add_1,Reorder,jit_uni_bf16,Status.EXECUTED,76.0,0.017
__module.model.language_model.layers.0.mlp/aten::mul/Multiply,Multiply,jit_avx512_bf16,Status.EXECUTED,74.0,0.017
__module.model.language_model.layers.0.mlp.down_proj/aten::linear/MatMul_bf16_f32___module.model.language_model.layers.0/aten::add/Add_1,Reorder,jit_uni_bf16,Status.EXECUTED,72.0,0.016
__module.model.language_model.layers.11.self_attn.o_proj/aten::linear/MatMul_bf16_f32___module.model.language_model.layers.11/aten::add/Add,Reorder,jit_uni_bf16,Status.EXECUTED,65.0,0.015
__module.model.language_model.layers.4.self_attn.o_proj/aten::linear/MatMul_bf16_f32___module.model.language_model.layers.4/aten::add/Add,Reorder,jit_uni_bf16,Status.EXECUTED,64.0,0.014
__module.model.language_model.layers.12.self_attn.o_proj/aten::linear/MatMul_bf16_f32___module.model.language_model.layers.12/aten::add/Add,Reorder,jit_uni_bf16,Status.EXECUTED,64.0,0.014
__module.model.language_model.layers.14.self_attn.o_proj/aten::linear/MatMul_bf16_f32___module.model.language_model.layers.14/aten::add/Add,Reorder,jit_uni_bf16,Status.EXECUTED,64.0,0.014
__module.model.language_model.layers.17.self_attn.o_proj/aten::linear/MatMul_bf16_f32___module.model.language_model.layers.17/aten::add/Add,Reorder,jit_uni_bf16,Status.EXECUTED,64.0,0.014
__module.model.language_model.layers.18.self_attn.o_proj/aten::linear/MatMul_bf16_f32___module.model.language_model.layers.18/aten::add/Add,Reorder,jit_uni_bf16,Status.EXECUTED,64.0,0.014
__module.model.language_model.layers.20.self_attn.o_proj/aten::linear/MatMul_bf16_f32___module.model.language_model.layers.20/aten::add/Add,Reorder,jit_uni_bf16,Status.EXECUTED,64.0,0.014
__module.model.language_model.layers.27.self_attn.o_proj/aten::linear/MatMul_bf16_f32___module.model.language_model.layers.27/aten::add/Add,Reorder,jit_uni_bf16,Status.EXECUTED,64.0,0.014
__module.model.language_model.layers.33.self_attn.o_proj/aten::linear/MatMul_bf16_f32___module.model.language_model.layers.33/aten::add/Add,Reorder,jit_uni_bf16,Status.EXECUTED,64.0,0.014
__module.model.language_model.layers.3.self_attn.o_proj/aten::linear/MatMul_bf16_f32___module.model.language_model.layers.3/aten::add/Add,Reorder,jit_uni_bf16,Status.EXECUTED,63.0,0.014
__module.model.language_model.layers.6.self_attn.o_proj/aten::linear/MatMul_bf16_f32___module.model.language_model.layers.6/aten::add/Add,Reorder,jit_uni_bf16,Status.EXECUTED,63.0,0.014
__module.model.language_model.layers.7.self_attn.o_proj/aten::linear/MatMul_bf16_f32___module.model.language_model.layers.7/aten::add/Add,Reorder,jit_uni_bf16,Status.EXECUTED,63.0,0.014
__module.model.language_model.layers.10.self_attn.o_proj/aten::linear/MatMul_bf16_f32___module.model.language_model.layers.10/aten::add/Add,Reorder,jit_uni_bf16,Status.EXECUTED,63.0,0.014
__module.model.language_model.layers.13.self_attn.o_proj/aten::linear/MatMul_bf16_f32___module.model.language_model.layers.13/aten::add/Add,Reorder,jit_uni_bf16,Status.EXECUTED,63.0,0.014
__module.model.language_model.layers.15.self_attn.o_proj/aten::linear/MatMul_bf16_f32___module.model.language_model.layers.15/aten::add/Add,Reorder,jit_uni_bf16,Status.EXECUTED,63.0,0.014
__module.model.language_model.layers.16.self_attn.o_proj/aten::linear/MatMul_bf16_f32___module.model.language_model.layers.16/aten::add/Add,Reorder,jit_uni_bf16,Status.EXECUTED,63.0,0.014
__module.model.language_model.layers.21.self_attn.o_proj/aten::linear/MatMul_bf16_f32___module.model.language_model.layers.21/aten::add/Add,Reorder,jit_uni_bf16,Status.EXECUTED,63.0,0.014
__module.model.language_model.layers.22.self_attn.o_proj/aten::linear/MatMul_bf16_f32___module.model.language_model.layers.22/aten::add/Add,Reorder,jit_uni_bf16,Status.EXECUTED,63.0,0.014
__module.model.language_model.layers.23.self_attn.o_proj/aten::linear/MatMul_bf16_f32___module.model.language_model.layers.23/aten::add/Add,Reorder,jit_uni_bf16,Status.EXECUTED,63.0,0.014
__module.model.language_model.layers.24.self_attn.o_proj/aten::linear/MatMul_bf16_f32___module.model.language_model.layers.24/aten::add/Add,Reorder,jit_uni_bf16,Status.EXECUTED,63.0,0.014
__module.model.language_model.layers.32.self_attn.o_proj/aten::linear/MatMul_bf16_f32___module.model.language_model.layers.32/aten::add/Add,Reorder,jit_uni_bf16,Status.EXECUTED,63.0,0.014
__module.model.language_model.layers.2.self_attn.o_proj/aten::linear/MatMul_bf16_f32___module.model.language_model.layers.2/aten::add/Add,Reorder,jit_uni_bf16,Status.EXECUTED,62.0,0.014
__module.model.language_model.layers.5.self_attn.o_proj/aten::linear/MatMul_bf16_f32___module.model.language_model.layers.5/aten::add/Add,Reorder,jit_uni_bf16,Status.EXECUTED,62.0,0.014
__module.model.language_model.layers.8.self_attn.o_proj/aten::linear/MatMul_bf16_f32___module.model.language_model.layers.8/aten::add/Add,Reorder,jit_uni_bf16,Status.EXECUTED,62.0,0.014
__module.model.language_model.layers.9.self_attn.o_proj/aten::linear/MatMul_bf16_f32___module.model.language_model.layers.9/aten::add/Add,Reorder,jit_uni_bf16,Status.EXECUTED,62.0,0.014
__module.model.language_model.layers.19.self_attn.o_proj/aten::linear/MatMul_bf16_f32___module.model.language_model.layers.19/aten::add/Add,Reorder,jit_uni_bf16,Status.EXECUTED,62.0,0.014
__module.model.language_model.layers.25.self_attn.o_proj/aten::linear/MatMul_bf16_f32___module.model.language_model.layers.25/aten::add/Add,Reorder,jit_uni_bf16,Status.EXECUTED,62.0,0.014
__module.model.language_model.layers.26.self_attn.o_proj/aten::linear/MatMul_bf16_f32___module.model.language_model.layers.26/aten::add/Add,Reorder,jit_uni_bf16,Status.EXECUTED,62.0,0.014
__module.model.language_model.layers.28.self_attn.o_proj/aten::linear/MatMul_bf16_f32___module.model.language_model.layers.28/aten::add/Add,Reorder,jit_uni_bf16,Status.EXECUTED,62.0,0.014
__module.model.language_model.layers.29.self_attn.o_proj/aten::linear/MatMul_bf16_f32___module.model.language_model.layers.29/aten::add/Add,Reorder,jit_uni_bf16,Status.EXECUTED,62.0,0.014
__module.model.language_model.layers.30.self_attn.o_proj/aten::linear/MatMul_bf16_f32___module.model.language_model.layers.30/aten::add/Add,Reorder,jit_uni_bf16,Status.EXECUTED,62.0,0.014
__module.model.language_model.layers.31.self_attn.o_proj/aten::linear/MatMul_bf16_f32___module.model.language_model.layers.31/aten::add/Add,Reorder,jit_uni_bf16,Status.EXECUTED,62.0,0.014
__module.model.language_model.layers.34.self_attn.o_proj/aten::linear/MatMul_bf16_f32___module.model.language_model.layers.34/aten::add/Add,Reorder,jit_uni_bf16,Status.EXECUTED,62.0,0.014
__module.model.language_model.layers.35.self_attn.o_proj/aten::linear/MatMul_bf16_f32___module.model.language_model.layers.35/aten::add/Add,Reorder,jit_uni_bf16,Status.EXECUTED,62.0,0.014
__module.model.language_model.layers.1.self_attn.o_proj/aten::linear/MatMul_bf16_f32___module.model.language_model.layers.1/aten::add/Add,Reorder,jit_uni_bf16,Status.EXECUTED,58.0,0.013
__module.model.language_model.layers.0.self_attn.o_proj/aten::linear/MatMul_bf16_f32___module.model.language_model.layers.0/aten::add/Add,Reorder,jit_uni_bf16,Status.EXECUTED,57.0,0.013
__module.model.language_model.layers.11/aten::add/Add_1,Add,jit_avx512_f32,Status.EXECUTED,47.0,0.011
__module.model.language_model.layers.15/aten::add/Add,Add,jit_avx512_f32,Status.EXECUTED,46.0,0.010
__module.model.language_model.layers.17/aten::add/Add_1,Add,jit_avx512_f32,Status.EXECUTED,46.0,0.010
__module.model.language_model.layers.18/aten::add/Add,Add,jit_avx512_f32,Status.EXECUTED,46.0,0.010
__module.model.language_model.layers.28/aten::add/Add_1,Add,jit_avx512_f32,Status.EXECUTED,46.0,0.010
__module.model.language_model.layers.29/aten::add/Add_1,Add,jit_avx512_f32,Status.EXECUTED,46.0,0.010
__module.model.language_model.layers.3/aten::add/Add,Add,jit_avx512_f32,Status.EXECUTED,45.0,0.010
__module.model.language_model.layers.3/aten::add/Add_1,Add,jit_avx512_f32,Status.EXECUTED,45.0,0.010
__module.model.language_model.layers.4/aten::add/Add,Add,jit_avx512_f32,Status.EXECUTED,45.0,0.010
__module.model.language_model.layers.5/aten::add/Add,Add,jit_avx512_f32,Status.EXECUTED,45.0,0.010
__module.model.language_model.layers.5/aten::add/Add_1,Add,jit_avx512_f32,Status.EXECUTED,45.0,0.010
__module.model.language_model.layers.7/aten::add/Add_1,Add,jit_avx512_f32,Status.EXECUTED,45.0,0.010
__module.model.language_model.layers.9/aten::add/Add,Add,jit_avx512_f32,Status.EXECUTED,45.0,0.010
__module.model.language_model.layers.10/aten::add/Add,Add,jit_avx512_f32,Status.EXECUTED,45.0,0.010
__module.model.language_model.layers.10/aten::add/Add_1,Add,jit_avx512_f32,Status.EXECUTED,45.0,0.010
__module.model.language_model.layers.11/aten::add/Add,Add,jit_avx512_f32,Status.EXECUTED,45.0,0.010
__module.model.language_model.layers.12/aten::add/Add,Add,jit_avx512_f32,Status.EXECUTED,45.0,0.010
__module.model.language_model.layers.13/aten::add/Add,Add,jit_avx512_f32,Status.EXECUTED,45.0,0.010
__module.model.language_model.layers.13/aten::add/Add_1,Add,jit_avx512_f32,Status.EXECUTED,45.0,0.010
__module.model.language_model.layers.17/aten::add/Add,Add,jit_avx512_f32,Status.EXECUTED,45.0,0.010
__module.model.language_model.layers.25/aten::add/Add_1,Add,jit_avx512_f32,Status.EXECUTED,45.0,0.010
__module.model.language_model.layers.27/aten::add/Add,Add,jit_avx512_f32,Status.EXECUTED,45.0,0.010
__module.model.language_model.layers.27/aten::add/Add_1,Add,jit_avx512_f32,Status.EXECUTED,45.0,0.010
__module.model.language_model.layers.31/aten::add/Add_1,Add,jit_avx512_f32,Status.EXECUTED,45.0,0.010
__module.model.language_model.layers.34/aten::add/Add_1,Add,jit_avx512_f32,Status.EXECUTED,45.0,0.010
__module.model.language_model.layers.35/aten::add/Add_1,Add,jit_avx512_f32,Status.EXECUTED,45.0,0.010
__module.model.language_model.layers.1/aten::add/Add_1,Add,jit_avx512_f32,Status.EXECUTED,44.0,0.010
__module.model.language_model.layers.2/aten::add/Add,Add,jit_avx512_f32,Status.EXECUTED,44.0,0.010
__module.model.language_model.layers.2/aten::add/Add_1,Add,jit_avx512_f32,Status.EXECUTED,44.0,0.010
__module.model.language_model.layers.4/aten::add/Add_1,Add,jit_avx512_f32,Status.EXECUTED,44.0,0.010
__module.model.language_model.layers.6/aten::add/Add,Add,jit_avx512_f32,Status.EXECUTED,44.0,0.010
__module.model.language_model.layers.6/aten::add/Add_1,Add,jit_avx512_f32,Status.EXECUTED,44.0,0.010
__module.model.language_model.layers.7/aten::add/Add,Add,jit_avx512_f32,Status.EXECUTED,44.0,0.010
__module.model.language_model.layers.8/aten::add/Add_1,Add,jit_avx512_f32,Status.EXECUTED,44.0,0.010
__module.model.language_model.layers.12/aten::add/Add_1,Add,jit_avx512_f32,Status.EXECUTED,44.0,0.010
__module.model.language_model.layers.14/aten::add/Add,Add,jit_avx512_f32,Status.EXECUTED,44.0,0.010
__module.model.language_model.layers.15/aten::add/Add_1,Add,jit_avx512_f32,Status.EXECUTED,44.0,0.010
__module.model.language_model.layers.16/aten::add/Add,Add,jit_avx512_f32,Status.EXECUTED,44.0,0.010
__module.model.language_model.layers.16/aten::add/Add_1,Add,jit_avx512_f32,Status.EXECUTED,44.0,0.010
__module.model.language_model.layers.19/aten::add/Add_1,Add,jit_avx512_f32,Status.EXECUTED,44.0,0.010
__module.model.language_model.layers.20/aten::add/Add,Add,jit_avx512_f32,Status.EXECUTED,44.0,0.010
__module.model.language_model.layers.20/aten::add/Add_1,Add,jit_avx512_f32,Status.EXECUTED,44.0,0.010
__module.model.language_model.layers.21/aten::add/Add,Add,jit_avx512_f32,Status.EXECUTED,44.0,0.010
__module.model.language_model.layers.21/aten::add/Add_1,Add,jit_avx512_f32,Status.EXECUTED,44.0,0.010
__module.model.language_model.layers.22/aten::add/Add,Add,jit_avx512_f32,Status.EXECUTED,44.0,0.010
__module.model.language_model.layers.22/aten::add/Add_1,Add,jit_avx512_f32,Status.EXECUTED,44.0,0.010
__module.model.language_model.layers.23/aten::add/Add,Add,jit_avx512_f32,Status.EXECUTED,44.0,0.010
__module.model.language_model.layers.23/aten::add/Add_1,Add,jit_avx512_f32,Status.EXECUTED,44.0,0.010
__module.model.language_model.layers.24/aten::add/Add,Add,jit_avx512_f32,Status.EXECUTED,44.0,0.010
__module.model.language_model.layers.24/aten::add/Add_1,Add,jit_avx512_f32,Status.EXECUTED,44.0,0.010
__module.model.language_model.layers.26/aten::add/Add,Add,jit_avx512_f32,Status.EXECUTED,44.0,0.010
__module.model.language_model.layers.26/aten::add/Add_1,Add,jit_avx512_f32,Status.EXECUTED,44.0,0.010
__module.model.language_model.layers.29/aten::add/Add,Add,jit_avx512_f32,Status.EXECUTED,44.0,0.010
__module.model.language_model.layers.30/aten::add/Add,Add,jit_avx512_f32,Status.EXECUTED,44.0,0.010
__module.model.language_model.layers.31/aten::add/Add,Add,jit_avx512_f32,Status.EXECUTED,44.0,0.010
__module.model.language_model.layers.32/aten::add/Add,Add,jit_avx512_f32,Status.EXECUTED,44.0,0.010
__module.model.language_model.layers.32/aten::add/Add_1,Add,jit_avx512_f32,Status.EXECUTED,44.0,0.010
__module.model.language_model.layers.33/aten::add/Add,Add,jit_avx512_f32,Status.EXECUTED,44.0,0.010
__module.model.language_model.layers.33/aten::add/Add_1,Add,jit_avx512_f32,Status.EXECUTED,44.0,0.010
__module.model.language_model.layers.34/aten::add/Add,Add,jit_avx512_f32,Status.EXECUTED,44.0,0.010
__module.model.language_model.layers.35/aten::add/Add,Add,jit_avx512_f32,Status.EXECUTED,44.0,0.010
__module.model.language_model.layers.8/aten::add/Add,Add,jit_avx512_f32,Status.EXECUTED,43.0,0.010
__module.model.language_model.layers.9/aten::add/Add_1,Add,jit_avx512_f32,Status.EXECUTED,43.0,0.010
__module.model.language_model.layers.14/aten::add/Add_1,Add,jit_avx512_f32,Status.EXECUTED,43.0,0.010
__module.model.language_model.layers.18/aten::add/Add_1,Add,jit_avx512_f32,Status.EXECUTED,43.0,0.010
__module.model.language_model.layers.19/aten::add/Add,Add,jit_avx512_f32,Status.EXECUTED,43.0,0.010
__module.model.language_model.layers.25/aten::add/Add,Add,jit_avx512_f32,Status.EXECUTED,43.0,0.010
__module.model.language_model.layers.28/aten::add/Add,Add,jit_avx512_f32,Status.EXECUTED,43.0,0.010
__module.model.language_model.layers.30/aten::add/Add_1,Add,jit_avx512_f32,Status.EXECUTED,43.0,0.010
__module.model.language_model.norm/aten::pow/Power,PowerStatic,jit_avx512_f32,Status.EXECUTED,42.0,0.010
inputs_embeds_f32_bf16___module.model.language_model.layers.0.input_layernorm/aten::mul/Multiply_1,Reorder,jit_uni_f32,Status.EXECUTED,41.0,0.009
__module.model.language_model.layers.0/aten::add/Add_1,Add,jit_avx512_f32,Status.EXECUTED,41.0,0.009
__module.model.language_model.layers.1/aten::add/Add,Add,jit_avx512_f32,Status.EXECUTED,41.0,0.009
__module.model.language_model.layers.25/aten::add/Add_1_f32_bf16___module.model.language_model.layers.26.input_layernorm/aten::mul/Multiply_1,Reorder,jit_uni_f32,Status.EXECUTED,41.0,0.009
__module.model.language_model.layers.13/aten::add/Add_1_f32_bf16___module.model.language_model.layers.14.input_layernorm/aten::mul/Multiply_1,Reorder,jit_uni_f32,Status.EXECUTED,40.0,0.009
__module.model.language_model.layers.30/aten::add/Add_1_f32_bf16___module.model.language_model.layers.31.input_layernorm/aten::mul/Multiply_1,Reorder,jit_uni_f32,Status.EXECUTED,40.0,0.009
__module.model.language_model.layers.0/aten::add/Add,Add,jit_avx512_f32,Status.EXECUTED,39.0,0.009
__module.model.language_model.layers.4/aten::add/Add_1_f32_bf16___module.model.language_model.layers.5.input_layernorm/aten::mul/Multiply_1,Reorder,jit_uni_f32,Status.EXECUTED,39.0,0.009
__module.model.language_model.layers.27/aten::add/Add_1_f32_bf16___module.model.language_model.layers.28.input_layernorm/aten::mul/Multiply_1,Reorder,jit_uni_f32,Status.EXECUTED,39.0,0.009
__module.model.language_model.layers.31/aten::add/Add_1_f32_bf16___module.model.language_model.layers.32.input_layernorm/aten::mul/Multiply_1,Reorder,jit_uni_f32,Status.EXECUTED,39.0,0.009
__module.model.language_model.layers.9/aten::add/Add_1_f32_bf16___module.model.language_model.layers.10.input_layernorm/aten::mul/Multiply_1,Reorder,jit_uni_f32,Status.EXECUTED,38.0,0.009
__module.model.language_model.layers.24/aten::add/Add_1_f32_bf16___module.model.language_model.layers.25.input_layernorm/aten::mul/Multiply_1,Reorder,jit_uni_f32,Status.EXECUTED,38.0,0.009
__module.model.language_model.layers.3/aten::add/Add_1_f32_bf16___module.model.language_model.layers.4.input_layernorm/aten::mul/Multiply_1,Reorder,jit_uni_f32,Status.EXECUTED,37.0,0.008
__module.model.language_model.layers.10/aten::add/Add_1_f32_bf16___module.model.language_model.layers.11.input_layernorm/aten::mul/Multiply_1,Reorder,jit_uni_f32,Status.EXECUTED,37.0,0.008
__module.model.language_model.layers.11/aten::add/Add_1_f32_bf16___module.model.language_model.layers.12.input_layernorm/aten::mul/Multiply_1,Reorder,jit_uni_f32,Status.EXECUTED,37.0,0.008
__module.model.language_model.layers.12/aten::add/Add_1_f32_bf16___module.model.language_model.layers.13.input_layernorm/aten::mul/Multiply_1,Reorder,jit_uni_f32,Status.EXECUTED,37.0,0.008
__module.model.language_model.layers.19/aten::add/Add_1_f32_bf16___module.model.language_model.layers.20.input_layernorm/aten::mul/Multiply_1,Reorder,jit_uni_f32,Status.EXECUTED,37.0,0.008
__module.model.language_model.layers.20/aten::add/Add_1_f32_bf16___module.model.language_model.layers.21.input_layernorm/aten::mul/Multiply_1,Reorder,jit_uni_f32,Status.EXECUTED,37.0,0.008
__module.model.language_model.layers.21/aten::add/Add_1_f32_bf16___module.model.language_model.layers.22.input_layernorm/aten::mul/Multiply_1,Reorder,jit_uni_f32,Status.EXECUTED,37.0,0.008
__module.model.language_model.layers.23/aten::add/Add_1_f32_bf16___module.model.language_model.layers.24.input_layernorm/aten::mul/Multiply_1,Reorder,jit_uni_f32,Status.EXECUTED,37.0,0.008
__module.model.language_model.layers.26/aten::add/Add_1_f32_bf16___module.model.language_model.layers.27.input_layernorm/aten::mul/Multiply_1,Reorder,jit_uni_f32,Status.EXECUTED,37.0,0.008
__module.model.language_model.layers.28/aten::add/Add_1_f32_bf16___module.model.language_model.layers.29.input_layernorm/aten::mul/Multiply_1,Reorder,jit_uni_f32,Status.EXECUTED,37.0,0.008
__module.model.language_model.layers.29/aten::add/Add_1_f32_bf16___module.model.language_model.layers.30.input_layernorm/aten::mul/Multiply_1,Reorder,jit_uni_f32,Status.EXECUTED,37.0,0.008
__module.model.language_model.layers.32/aten::add/Add_1_f32_bf16___module.model.language_model.layers.33.input_layernorm/aten::mul/Multiply_1,Reorder,jit_uni_f32,Status.EXECUTED,37.0,0.008
__module.model.language_model.layers.5/aten::add/Add_1_f32_bf16___module.model.language_model.layers.6.input_layernorm/aten::mul/Multiply_1,Reorder,jit_uni_f32,Status.EXECUTED,36.0,0.008
__module.model.language_model.layers.6/aten::add/Add_1_f32_bf16___module.model.language_model.layers.7.input_layernorm/aten::mul/Multiply_1,Reorder,jit_uni_f32,Status.EXECUTED,36.0,0.008
__module.model.language_model.layers.7/aten::add/Add_1_f32_bf16___module.model.language_model.layers.8.input_layernorm/aten::mul/Multiply_1,Reorder,jit_uni_f32,Status.EXECUTED,36.0,0.008
__module.model.language_model.layers.8/aten::add/Add_1_f32_bf16___module.model.language_model.layers.9.input_layernorm/aten::mul/Multiply_1,Reorder,jit_uni_f32,Status.EXECUTED,36.0,0.008
__module.model.language_model.layers.14/aten::add/Add_1_f32_bf16___module.model.language_model.layers.15.input_layernorm/aten::mul/Multiply_1,Reorder,jit_uni_f32,Status.EXECUTED,36.0,0.008
__module.model.language_model.layers.15/aten::add/Add_1_f32_bf16___module.model.language_model.layers.16.input_layernorm/aten::mul/Multiply_1,Reorder,jit_uni_f32,Status.EXECUTED,36.0,0.008
__module.model.language_model.layers.16/aten::add/Add_1_f32_bf16___module.model.language_model.layers.17.input_layernorm/aten::mul/Multiply_1,Reorder,jit_uni_f32,Status.EXECUTED,36.0,0.008
__module.model.language_model.layers.17/aten::add/Add_1_f32_bf16___module.model.language_model.layers.18.input_layernorm/aten::mul/Multiply_1,Reorder,jit_uni_f32,Status.EXECUTED,36.0,0.008
__module.model.language_model.layers.18/aten::add/Add_1_f32_bf16___module.model.language_model.layers.19.input_layernorm/aten::mul/Multiply_1,Reorder,jit_uni_f32,Status.EXECUTED,36.0,0.008
__module.model.language_model.layers.22/aten::add/Add_1_f32_bf16___module.model.language_model.layers.23.input_layernorm/aten::mul/Multiply_1,Reorder,jit_uni_f32,Status.EXECUTED,36.0,0.008
__module.model.language_model.layers.33/aten::add/Add_1_f32_bf16___module.model.language_model.layers.34.input_layernorm/aten::mul/Multiply_1,Reorder,jit_uni_f32,Status.EXECUTED,36.0,0.008
__module.model.language_model.layers.34/aten::add/Add_1_f32_bf16___module.model.language_model.layers.35.input_layernorm/aten::mul/Multiply_1,Reorder,jit_uni_f32,Status.EXECUTED,36.0,0.008
__module.model.language_model.layers.35/aten::add/Add_1_f32_bf16___module.model.language_model.norm/aten::mul/Multiply_1,Reorder,jit_uni_f32,Status.EXECUTED,36.0,0.008
SliceAssign_1703/Range,Range,ref_any_i32,Status.EXECUTED,33.0,0.007
__module.model.language_model.layers.2.self_attn.q_norm/aten::mul/Multiply_1,RMS,jit_avx512_bf16,Status.EXECUTED,30.0,0.007
__module.model.language_model.layers.3.self_attn.q_norm/aten::mul/Multiply_1,RMS,jit_avx512_bf16,Status.EXECUTED,29.0,0.007
__module.model.language_model.layers.31.input_layernorm/aten::mul/Multiply_1,RMS,jit_avx512_bf16,Status.EXECUTED,29.0,0.007
__module.model.language_model.layers.5.input_layernorm/aten::mul/Multiply_1,RMS,jit_avx512_bf16,Status.EXECUTED,28.0,0.006
__module.model.language_model.layers.7.input_layernorm/aten::mul/Multiply_1,RMS,jit_avx512_bf16,Status.EXECUTED,28.0,0.006
__module.model.language_model.layers.18.post_attention_layernorm/aten::mul/Multiply_1,RMS,jit_avx512_bf16,Status.EXECUTED,28.0,0.006
__module.model.language_model.layers.20.input_layernorm/aten::mul/Multiply_1,RMS,jit_avx512_bf16,Status.EXECUTED,28.0,0.006
__module.model.language_model.layers.21.input_layernorm/aten::mul/Multiply_1,RMS,jit_avx512_bf16,Status.EXECUTED,28.0,0.006
__module.model.language_model.layers.6.input_layernorm/aten::mul/Multiply_1,RMS,jit_avx512_bf16,Status.EXECUTED,27.0,0.006
__module.model.language_model.layers.9.input_layernorm/aten::mul/Multiply_1,RMS,jit_avx512_bf16,Status.EXECUTED,27.0,0.006
__module.model.language_model.layers.11.input_layernorm/aten::mul/Multiply_1,RMS,jit_avx512_bf16,Status.EXECUTED,27.0,0.006
__module.model.language_model.layers.12.input_layernorm/aten::mul/Multiply_1,RMS,jit_avx512_bf16,Status.EXECUTED,27.0,0.006
__module.model.language_model.layers.13.input_layernorm/aten::mul/Multiply_1,RMS,jit_avx512_bf16,Status.EXECUTED,27.0,0.006
__module.model.language_model.layers.17.post_attention_layernorm/aten::mul/Multiply_1,RMS,jit_avx512_bf16,Status.EXECUTED,27.0,0.006
__module.model.language_model.layers.23.input_layernorm/aten::mul/Multiply_1,RMS,jit_avx512_bf16,Status.EXECUTED,27.0,0.006
__module.model.language_model.layers.24.input_layernorm/aten::mul/Multiply_1,RMS,jit_avx512_bf16,Status.EXECUTED,27.0,0.006
__module.model.language_model.layers.26.input_layernorm/aten::mul/Multiply_1,RMS,jit_avx512_bf16,Status.EXECUTED,27.0,0.006
__module.model.language_model.layers.27.input_layernorm/aten::mul/Multiply_1,RMS,jit_avx512_bf16,Status.EXECUTED,27.0,0.006
__module.model.language_model.layers.28.input_layernorm/aten::mul/Multiply_1,RMS,jit_avx512_bf16,Status.EXECUTED,27.0,0.006
__module.model.language_model.layers.29.input_layernorm/aten::mul/Multiply_1,RMS,jit_avx512_bf16,Status.EXECUTED,27.0,0.006
__module.model.language_model.layers.30.input_layernorm/aten::mul/Multiply_1,RMS,jit_avx512_bf16,Status.EXECUTED,27.0,0.006
__module.model.language_model.layers.32.input_layernorm/aten::mul/Multiply_1,RMS,jit_avx512_bf16,Status.EXECUTED,27.0,0.006
__module.model.language_model.layers.34.input_layernorm/aten::mul/Multiply_1,RMS,jit_avx512_bf16,Status.EXECUTED,27.0,0.006
__module.model.language_model.rotary_emb/aten::matmul/MatMul,MatMul,brgemm_avx512_f32,Status.EXECUTED,26.0,0.006
__module.model.language_model.layers.4.input_layernorm/aten::mul/Multiply_1,RMS,jit_avx512_bf16,Status.EXECUTED,26.0,0.006
__module.model.language_model.layers.8.input_layernorm/aten::mul/Multiply_1,RMS,jit_avx512_bf16,Status.EXECUTED,26.0,0.006
__module.model.language_model.layers.10.input_layernorm/aten::mul/Multiply_1,RMS,jit_avx512_bf16,Status.EXECUTED,26.0,0.006
__module.model.language_model.layers.15.post_attention_layernorm/aten::mul/Multiply_1,RMS,jit_avx512_bf16,Status.EXECUTED,26.0,0.006
__module.model.language_model.layers.17.input_layernorm/aten::mul/Multiply_1,RMS,jit_avx512_bf16,Status.EXECUTED,26.0,0.006
__module.model.language_model.layers.18.input_layernorm/aten::mul/Multiply_1,RMS,jit_avx512_bf16,Status.EXECUTED,26.0,0.006
__module.model.language_model.layers.19.input_layernorm/aten::mul/Multiply_1,RMS,jit_avx512_bf16,Status.EXECUTED,26.0,0.006
__module.model.language_model.layers.22.input_layernorm/aten::mul/Multiply_1,RMS,jit_avx512_bf16,Status.EXECUTED,26.0,0.006
__module.model.language_model.layers.25.input_layernorm/aten::mul/Multiply_1,RMS,jit_avx512_bf16,Status.EXECUTED,26.0,0.006
__module.model.language_model.layers.32.post_attention_layernorm/aten::mul/Multiply_1,RMS,jit_avx512_bf16,Status.EXECUTED,26.0,0.006
__module.model.language_model.layers.33.input_layernorm/aten::mul/Multiply_1,RMS,jit_avx512_bf16,Status.EXECUTED,26.0,0.006
__module.model.language_model.layers.35.input_layernorm/aten::mul/Multiply_1,RMS,jit_avx512_bf16,Status.EXECUTED,26.0,0.006
__module.model.language_model.layers.7.self_attn/aten::add/Add,RoPE,ref_any_bf16,Status.EXECUTED,25.0,0.006
__module.model.language_model.layers.7.post_attention_layernorm/aten::mul/Multiply_1,RMS,jit_avx512_bf16,Status.EXECUTED,25.0,0.006
__module.model.language_model.layers.9.post_attention_layernorm/aten::mul/Multiply_1,RMS,jit_avx512_bf16,Status.EXECUTED,25.0,0.006
__module.model.language_model.layers.10.post_attention_layernorm/aten::mul/Multiply_1,RMS,jit_avx512_bf16,Status.EXECUTED,25.0,0.006
__module.model.language_model.layers.11.post_attention_layernorm/aten::mul/Multiply_1,RMS,jit_avx512_bf16,Status.EXECUTED,25.0,0.006
__module.model.language_model.layers.12.post_attention_layernorm/aten::mul/Multiply_1,RMS,jit_avx512_bf16,Status.EXECUTED,25.0,0.006
__module.model.language_model.layers.14.input_layernorm/aten::mul/Multiply_1,RMS,jit_avx512_bf16,Status.EXECUTED,25.0,0.006
__module.model.language_model.layers.14.post_attention_layernorm/aten::mul/Multiply_1,RMS,jit_avx512_bf16,Status.EXECUTED,25.0,0.006
__module.model.language_model.layers.15.input_layernorm/aten::mul/Multiply_1,RMS,jit_avx512_bf16,Status.EXECUTED,25.0,0.006
__module.model.language_model.layers.16.input_layernorm/aten::mul/Multiply_1,RMS,jit_avx512_bf16,Status.EXECUTED,25.0,0.006
__module.model.language_model.layers.20.post_attention_layernorm/aten::mul/Multiply_1,RMS,jit_avx512_bf16,Status.EXECUTED,25.0,0.006
__module.model.language_model.layers.21.post_attention_layernorm/aten::mul/Multiply_1,RMS,jit_avx512_bf16,Status.EXECUTED,25.0,0.006
__module.model.language_model.layers.22.post_attention_layernorm/aten::mul/Multiply_1,RMS,jit_avx512_bf16,Status.EXECUTED,25.0,0.006
__module.model.language_model.layers.23.post_attention_layernorm/aten::mul/Multiply_1,RMS,jit_avx512_bf16,Status.EXECUTED,25.0,0.006
__module.model.language_model.layers.24.post_attention_layernorm/aten::mul/Multiply_1,RMS,jit_avx512_bf16,Status.EXECUTED,25.0,0.006
__module.model.language_model.layers.26.post_attention_layernorm/aten::mul/Multiply_1,RMS,jit_avx512_bf16,Status.EXECUTED,25.0,0.006
__module.model.language_model.layers.27.post_attention_layernorm/aten::mul/Multiply_1,RMS,jit_avx512_bf16,Status.EXECUTED,25.0,0.006
__module.model.language_model.layers.28.post_attention_layernorm/aten::mul/Multiply_1,RMS,jit_avx512_bf16,Status.EXECUTED,25.0,0.006
__module.model.language_model.layers.29.post_attention_layernorm/aten::mul/Multiply_1,RMS,jit_avx512_bf16,Status.EXECUTED,25.0,0.006
__module.model.language_model.layers.31.post_attention_layernorm/aten::mul/Multiply_1,RMS,jit_avx512_bf16,Status.EXECUTED,25.0,0.006
__module.model.language_model.layers.33.post_attention_layernorm/aten::mul/Multiply_1,RMS,jit_avx512_bf16,Status.EXECUTED,25.0,0.006
__module.model.language_model.layers.34.post_attention_layernorm/aten::mul/Multiply_1,RMS,jit_avx512_bf16,Status.EXECUTED,25.0,0.006
__module.model.language_model.layers.3.self_attn/aten::add/Add,RoPE,ref_any_bf16,Status.EXECUTED,24.0,0.005
__module.model.language_model.layers.3/aten::add/Add_f32_bf16___module.model.language_model.layers.3.post_attention_layernorm/aten::mul/Multiply_1,Reorder,jit_uni_f32,Status.EXECUTED,24.0,0.005
__module.model.language_model.layers.6.post_attention_layernorm/aten::mul/Multiply_1,RMS,jit_avx512_bf16,Status.EXECUTED,24.0,0.005
__module.model.language_model.layers.8.post_attention_layernorm/aten::mul/Multiply_1,RMS,jit_avx512_bf16,Status.EXECUTED,24.0,0.005
__module.model.language_model.layers.12.self_attn/aten::add/Add,RoPE,ref_any_bf16,Status.EXECUTED,24.0,0.005
__module.model.language_model.layers.13.post_attention_layernorm/aten::mul/Multiply_1,RMS,jit_avx512_bf16,Status.EXECUTED,24.0,0.005
__module.model.language_model.layers.16/aten::add/Add_f32_bf16___module.model.language_model.layers.16.post_attention_layernorm/aten::mul/Multiply_1,Reorder,jit_uni_f32,Status.EXECUTED,24.0,0.005
__module.model.language_model.layers.16.post_attention_layernorm/aten::mul/Multiply_1,RMS,jit_avx512_bf16,Status.EXECUTED,24.0,0.005
__module.model.language_model.layers.19.post_attention_layernorm/aten::mul/Multiply_1,RMS,jit_avx512_bf16,Status.EXECUTED,24.0,0.005
__module.model.language_model.layers.21/aten::add/Add_f32_bf16___module.model.language_model.layers.21.post_attention_layernorm/aten::mul/Multiply_1,Reorder,jit_uni_f32,Status.EXECUTED,24.0,0.005
__module.model.language_model.layers.24/aten::add/Add_f32_bf16___module.model.language_model.layers.24.post_attention_layernorm/aten::mul/Multiply_1,Reorder,jit_uni_f32,Status.EXECUTED,24.0,0.005
__module.model.language_model.layers.25.post_attention_layernorm/aten::mul/Multiply_1,RMS,jit_avx512_bf16,Status.EXECUTED,24.0,0.005
__module.model.language_model.layers.30.post_attention_layernorm/aten::mul/Multiply_1,RMS,jit_avx512_bf16,Status.EXECUTED,24.0,0.005
__module.model.language_model.layers.35.self_attn/aten::transpose/Transpose_3,Transpose,unknown_bf16,Status.EXECUTED,24.0,0.005
Convert_47101,Convert,ref_i64,Status.EXECUTED,23.0,0.005
__module.model.language_model.layers.1.self_attn.q_norm/aten::mul/Multiply_1,RMS,jit_avx512_bf16,Status.EXECUTED,23.0,0.005
__module.model.language_model.layers.2.self_attn/aten::add/Add,RoPE,ref_any_bf16,Status.EXECUTED,23.0,0.005
__module.model.language_model.layers.4.self_attn/aten::add/Add,RoPE,ref_any_bf16,Status.EXECUTED,23.0,0.005
__module.model.language_model.layers.4/aten::add/Add_f32_bf16___module.model.language_model.layers.4.post_attention_layernorm/aten::mul/Multiply_1,Reorder,jit_uni_f32,Status.EXECUTED,23.0,0.005
__module.model.language_model.layers.5.self_attn/aten::add/Add,RoPE,ref_any_bf16,Status.EXECUTED,23.0,0.005
__module.model.language_model.layers.5/aten::add/Add_f32_bf16___module.model.language_model.layers.5.post_attention_layernorm/aten::mul/Multiply_1,Reorder,jit_uni_f32,Status.EXECUTED,23.0,0.005
__module.model.language_model.layers.5.post_attention_layernorm/aten::mul/Multiply_1,RMS,jit_avx512_bf16,Status.EXECUTED,23.0,0.005
__module.model.language_model.layers.6.self_attn/aten::add/Add,RoPE,ref_any_bf16,Status.EXECUTED,23.0,0.005
__module.model.language_model.layers.7/aten::add/Add_f32_bf16___module.model.language_model.layers.7.post_attention_layernorm/aten::mul/Multiply_1,Reorder,jit_uni_f32,Status.EXECUTED,23.0,0.005
__module.model.language_model.layers.8/aten::add/Add_f32_bf16___module.model.language_model.layers.8.post_attention_layernorm/aten::mul/Multiply_1,Reorder,jit_uni_f32,Status.EXECUTED,23.0,0.005
__module.model.language_model.layers.9/aten::add/Add_f32_bf16___module.model.language_model.layers.9.post_attention_layernorm/aten::mul/Multiply_1,Reorder,jit_uni_f32,Status.EXECUTED,23.0,0.005
__module.model.language_model.layers.10.self_attn.q_norm/aten::mul/Multiply_1,RMS,jit_avx512_bf16,Status.EXECUTED,23.0,0.005
__module.model.language_model.layers.10.self_attn/aten::add/Add,RoPE,ref_any_bf16,Status.EXECUTED,23.0,0.005
__module.model.language_model.layers.10/aten::add/Add_f32_bf16___module.model.language_model.layers.10.post_attention_layernorm/aten::mul/Multiply_1,Reorder,jit_uni_f32,Status.EXECUTED,23.0,0.005
__module.model.language_model.layers.11.self_attn/aten::add/Add,RoPE,ref_any_bf16,Status.EXECUTED,23.0,0.005
__module.model.language_model.layers.11/aten::add/Add_f32_bf16___module.model.language_model.layers.11.post_attention_layernorm/aten::mul/Multiply_1,Reorder,jit_uni_f32,Status.EXECUTED,23.0,0.005
__module.model.language_model.layers.12/aten::add/Add_f32_bf16___module.model.language_model.layers.12.post_attention_layernorm/aten::mul/Multiply_1,Reorder,jit_uni_f32,Status.EXECUTED,23.0,0.005
__module.model.language_model.layers.13.self_attn/aten::add/Add,RoPE,ref_any_bf16,Status.EXECUTED,23.0,0.005
__module.model.language_model.layers.13/aten::add/Add_f32_bf16___module.model.language_model.layers.13.post_attention_layernorm/aten::mul/Multiply_1,Reorder,jit_uni_f32,Status.EXECUTED,23.0,0.005
__module.model.language_model.layers.14/aten::add/Add_f32_bf16___module.model.language_model.layers.14.post_attention_layernorm/aten::mul/Multiply_1,Reorder,jit_uni_f32,Status.EXECUTED,23.0,0.005
__module.model.language_model.layers.15.self_attn/aten::add/Add,RoPE,ref_any_bf16,Status.EXECUTED,23.0,0.005
__module.model.language_model.layers.15/aten::add/Add_f32_bf16___module.model.language_model.layers.15.post_attention_layernorm/aten::mul/Multiply_1,Reorder,jit_uni_f32,Status.EXECUTED,23.0,0.005
__module.model.language_model.layers.16.self_attn/aten::add/Add,RoPE,ref_any_bf16,Status.EXECUTED,23.0,0.005
__module.model.language_model.layers.17/aten::add/Add_f32_bf16___module.model.language_model.layers.17.post_attention_layernorm/aten::mul/Multiply_1,Reorder,jit_uni_f32,Status.EXECUTED,23.0,0.005
__module.model.language_model.layers.18/aten::add/Add_f32_bf16___module.model.language_model.layers.18.post_attention_layernorm/aten::mul/Multiply_1,Reorder,jit_uni_f32,Status.EXECUTED,23.0,0.005
__module.model.language_model.layers.20/aten::add/Add_f32_bf16___module.model.language_model.layers.20.post_attention_layernorm/aten::mul/Multiply_1,Reorder,jit_uni_f32,Status.EXECUTED,23.0,0.005
__module.model.language_model.layers.21.self_attn/aten::add/Add,RoPE,ref_any_bf16,Status.EXECUTED,23.0,0.005
__module.model.language_model.layers.22.self_attn/aten::add/Add,RoPE,ref_any_bf16,Status.EXECUTED,23.0,0.005
__module.model.language_model.layers.22/aten::add/Add_f32_bf16___module.model.language_model.layers.22.post_attention_layernorm/aten::mul/Multiply_1,Reorder,jit_uni_f32,Status.EXECUTED,23.0,0.005
__module.model.language_model.layers.23.self_attn/aten::add/Add,RoPE,ref_any_bf16,Status.EXECUTED,23.0,0.005
__module.model.language_model.layers.23/aten::add/Add_f32_bf16___module.model.language_model.layers.23.post_attention_layernorm/aten::mul/Multiply_1,Reorder,jit_uni_f32,Status.EXECUTED,23.0,0.005
__module.model.language_model.layers.24.self_attn/aten::add/Add,RoPE,ref_any_bf16,Status.EXECUTED,23.0,0.005
__module.model.language_model.layers.25/aten::add/Add_f32_bf16___module.model.language_model.layers.25.post_attention_layernorm/aten::mul/Multiply_1,Reorder,jit_uni_f32,Status.EXECUTED,23.0,0.005
__module.model.language_model.layers.26/aten::add/Add_f32_bf16___module.model.language_model.layers.26.post_attention_layernorm/aten::mul/Multiply_1,Reorder,jit_uni_f32,Status.EXECUTED,23.0,0.005
__module.model.language_model.layers.27.self_attn/aten::add/Add,RoPE,ref_any_bf16,Status.EXECUTED,23.0,0.005
__module.model.language_model.layers.28.self_attn/aten::add/Add,RoPE,ref_any_bf16,Status.EXECUTED,23.0,0.005
__module.model.language_model.layers.28/aten::add/Add_f32_bf16___module.model.language_model.layers.28.post_attention_layernorm/aten::mul/Multiply_1,Reorder,jit_uni_f32,Status.EXECUTED,23.0,0.005
__module.model.language_model.layers.30/aten::add/Add_f32_bf16___module.model.language_model.layers.30.post_attention_layernorm/aten::mul/Multiply_1,Reorder,jit_uni_f32,Status.EXECUTED,23.0,0.005
__module.model.language_model.layers.32.self_attn/aten::add/Add,RoPE,ref_any_bf16,Status.EXECUTED,23.0,0.005
__module.model.language_model.layers.32/aten::add/Add_f32_bf16___module.model.language_model.layers.32.post_attention_layernorm/aten::mul/Multiply_1,Reorder,jit_uni_f32,Status.EXECUTED,23.0,0.005
__module.model.language_model.layers.33.self_attn/aten::add/Add,RoPE,ref_any_bf16,Status.EXECUTED,23.0,0.005
__module.model.language_model.layers.33/aten::add/Add_f32_bf16___module.model.language_model.layers.33.post_attention_layernorm/aten::mul/Multiply_1,Reorder,jit_uni_f32,Status.EXECUTED,23.0,0.005
__module.model.language_model.layers.34.self_attn/aten::transpose/Transpose_3,Transpose,unknown_bf16,Status.EXECUTED,23.0,0.005
__module.model.language_model.layers.34/aten::add/Add_f32_bf16___module.model.language_model.layers.34.post_attention_layernorm/aten::mul/Multiply_1,Reorder,jit_uni_f32,Status.EXECUTED,23.0,0.005
__module.model.language_model.layers.35.self_attn/aten::add/Add_1,RoPE,ref_any_bf16,Status.EXECUTED,23.0,0.005
__module.model.language_model.layers.35/aten::add/Add_f32_bf16___module.model.language_model.layers.35.post_attention_layernorm/aten::mul/Multiply_1,Reorder,jit_uni_f32,Status.EXECUTED,23.0,0.005
Convert_47102,Convert,ref_boolean,Status.EXECUTED,22.0,0.005
__module.model.language_model.layers.2.self_attn/aten::transpose/Transpose_3,Transpose,unknown_bf16,Status.EXECUTED,22.0,0.005
__module.model.language_model.layers.2/aten::add/Add_f32_bf16___module.model.language_model.layers.2.post_attention_layernorm/aten::mul/Multiply_1,Reorder,jit_uni_f32,Status.EXECUTED,22.0,0.005
__module.model.language_model.layers.2.post_attention_layernorm/aten::mul/Multiply_1,RMS,jit_avx512_bf16,Status.EXECUTED,22.0,0.005
__module.model.language_model.layers.6/aten::add/Add_f32_bf16___module.model.language_model.layers.6.post_attention_layernorm/aten::mul/Multiply_1,Reorder,jit_uni_f32,Status.EXECUTED,22.0,0.005
__module.model.language_model.layers.8.self_attn/aten::add/Add,RoPE,ref_any_bf16,Status.EXECUTED,22.0,0.005
__module.model.language_model.layers.8.self_attn/aten::transpose/Transpose_3,Transpose,unknown_bf16,Status.EXECUTED,22.0,0.005
__module.model.language_model.layers.9.self_attn/aten::add/Add,RoPE,ref_any_bf16,Status.EXECUTED,22.0,0.005
__module.model.language_model.layers.10.self_attn/aten::transpose/Transpose_3,Transpose,unknown_bf16,Status.EXECUTED,22.0,0.005
__module.model.language_model.layers.11.self_attn/aten::transpose/Transpose_3,Transpose,unknown_bf16,Status.EXECUTED,22.0,0.005
__module.model.language_model.layers.12.self_attn.q_norm/aten::mul/Multiply_1,RMS,jit_avx512_bf16,Status.EXECUTED,22.0,0.005
__module.model.language_model.layers.12.self_attn/aten::transpose/Transpose_3,Transpose,unknown_bf16,Status.EXECUTED,22.0,0.005
__module.model.language_model.layers.13.self_attn/aten::transpose/Transpose_3,Transpose,unknown_bf16,Status.EXECUTED,22.0,0.005
__module.model.language_model.layers.14.self_attn/aten::add/Add,RoPE,ref_any_bf16,Status.EXECUTED,22.0,0.005
__module.model.language_model.layers.14.self_attn/aten::transpose/Transpose_3,Transpose,unknown_bf16,Status.EXECUTED,22.0,0.005
__module.model.language_model.layers.16.self_attn/aten::transpose/Transpose_3,Transpose,unknown_bf16,Status.EXECUTED,22.0,0.005
__module.model.language_model.layers.17.self_attn/aten::add/Add,RoPE,ref_any_bf16,Status.EXECUTED,22.0,0.005
__module.model.language_model.layers.19.self_attn/aten::add/Add,RoPE,ref_any_bf16,Status.EXECUTED,22.0,0.005
__module.model.language_model.layers.19/aten::add/Add_f32_bf16___module.model.language_model.layers.19.post_attention_layernorm/aten::mul/Multiply_1,Reorder,jit_uni_f32,Status.EXECUTED,22.0,0.005
__module.model.language_model.layers.20.self_attn/aten::add/Add,RoPE,ref_any_bf16,Status.EXECUTED,22.0,0.005
__module.model.language_model.layers.21.self_attn/aten::transpose/Transpose_3,Transpose,unknown_bf16,Status.EXECUTED,22.0,0.005
__module.model.language_model.layers.22.self_attn/aten::transpose/Transpose_3,Transpose,unknown_bf16,Status.EXECUTED,22.0,0.005
__module.model.language_model.layers.24.self_attn/aten::transpose/Transpose_3,Transpose,unknown_bf16,Status.EXECUTED,22.0,0.005
__module.model.language_model.layers.25.self_attn/aten::transpose/Transpose_3,Transpose,unknown_bf16,Status.EXECUTED,22.0,0.005
__module.model.language_model.layers.26.self_attn/aten::add/Add,RoPE,ref_any_bf16,Status.EXECUTED,22.0,0.005
__module.model.language_model.layers.26.self_attn/aten::transpose/Transpose_3,Transpose,unknown_bf16,Status.EXECUTED,22.0,0.005
__module.model.language_model.layers.27.self_attn/aten::transpose/Transpose_3,Transpose,unknown_bf16,Status.EXECUTED,22.0,0.005
__module.model.language_model.layers.27/aten::add/Add_f32_bf16___module.model.language_model.layers.27.post_attention_layernorm/aten::mul/Multiply_1,Reorder,jit_uni_f32,Status.EXECUTED,22.0,0.005
__module.model.language_model.layers.28.self_attn/aten::transpose/Transpose_3,Transpose,unknown_bf16,Status.EXECUTED,22.0,0.005
__module.model.language_model.layers.29.self_attn/aten::add/Add,RoPE,ref_any_bf16,Status.EXECUTED,22.0,0.005
__module.model.language_model.layers.29.self_attn/aten::transpose/Transpose_3,Transpose,unknown_bf16,Status.EXECUTED,22.0,0.005
__module.model.language_model.layers.29/aten::add/Add_f32_bf16___module.model.language_model.layers.29.post_attention_layernorm/aten::mul/Multiply_1,Reorder,jit_uni_f32,Status.EXECUTED,22.0,0.005
__module.model.language_model.layers.30.self_attn/aten::add/Add,RoPE,ref_any_bf16,Status.EXECUTED,22.0,0.005
__module.model.language_model.layers.30.self_attn/aten::transpose/Transpose_3,Transpose,unknown_bf16,Status.EXECUTED,22.0,0.005
__module.model.language_model.layers.31.self_attn/aten::add/Add,RoPE,ref_any_bf16,Status.EXECUTED,22.0,0.005
__module.model.language_model.layers.31.self_attn/aten::transpose/Transpose_3,Transpose,unknown_bf16,Status.EXECUTED,22.0,0.005
__module.model.language_model.layers.31/aten::add/Add_f32_bf16___module.model.language_model.layers.31.post_attention_layernorm/aten::mul/Multiply_1,Reorder,jit_uni_f32,Status.EXECUTED,22.0,0.005
__module.model.language_model.layers.32.self_attn/aten::transpose/Transpose_3,Transpose,unknown_bf16,Status.EXECUTED,22.0,0.005
__module.model.language_model.layers.33.self_attn/aten::transpose/Transpose_3,Transpose,unknown_bf16,Status.EXECUTED,22.0,0.005
__module.model.language_model.layers.34.self_attn/aten::add/Add,RoPE,ref_any_bf16,Status.EXECUTED,22.0,0.005
__module.model.language_model.layers.1.self_attn/aten::add/Add,RoPE,ref_any_bf16,Status.EXECUTED,21.0,0.005
__module.model.language_model.layers.1/aten::add/Add_f32_bf16___module.model.language_model.layers.1.post_attention_layernorm/aten::mul/Multiply_1,Reorder,jit_uni_f32,Status.EXECUTED,21.0,0.005
__module.model.language_model.layers.1.post_attention_layernorm/aten::mul/Multiply_1,RMS,jit_avx512_bf16,Status.EXECUTED,21.0,0.005
__module.model.language_model.layers.4.self_attn.q_norm/aten::mul/Multiply_1,RMS,jit_avx512_bf16,Status.EXECUTED,21.0,0.005
__module.model.language_model.layers.5.self_attn/aten::transpose/Transpose_3,Transpose,unknown_bf16,Status.EXECUTED,21.0,0.005
__module.model.language_model.layers.7.self_attn/aten::transpose/Transpose_3,Transpose,unknown_bf16,Status.EXECUTED,21.0,0.005
__module.model.language_model.layers.9.self_attn.q_norm/aten::mul/Multiply_1,RMS,jit_avx512_bf16,Status.EXECUTED,21.0,0.005
__module.model.language_model.layers.9.self_attn/aten::transpose/Transpose_3,Transpose,unknown_bf16,Status.EXECUTED,21.0,0.005
__module.model.language_model.layers.15.self_attn/aten::transpose/Transpose_3,Transpose,unknown_bf16,Status.EXECUTED,21.0,0.005
__module.model.language_model.layers.17.self_attn/aten::transpose/Transpose_3,Transpose,unknown_bf16,Status.EXECUTED,21.0,0.005
__module.model.language_model.layers.18.self_attn/aten::add/Add,RoPE,ref_any_bf16,Status.EXECUTED,21.0,0.005
__module.model.language_model.layers.18.self_attn/aten::transpose/Transpose_3,Transpose,unknown_bf16,Status.EXECUTED,21.0,0.005
__module.model.language_model.layers.19.self_attn/aten::transpose/Transpose_3,Transpose,unknown_bf16,Status.EXECUTED,21.0,0.005
__module.model.language_model.layers.20.self_attn/aten::transpose/Transpose_3,Transpose,unknown_bf16,Status.EXECUTED,21.0,0.005
__module.model.language_model.layers.23.self_attn/aten::transpose/Transpose_3,Transpose,unknown_bf16,Status.EXECUTED,21.0,0.005
__module.model.language_model.layers.25.self_attn/aten::add/Add,RoPE,ref_any_bf16,Status.EXECUTED,21.0,0.005
__module.model.language_model.layers.0.self_attn/aten::add/Add,RoPE,ref_any_bf16,Status.EXECUTED,20.0,0.005
__module.model.language_model.layers.0/aten::add/Add_f32_bf16___module.model.language_model.layers.0.post_attention_layernorm/aten::mul/Multiply_1,Reorder,jit_uni_f32,Status.EXECUTED,20.0,0.005
__module.model.language_model.layers.1.input_layernorm/aten::mul/Multiply_1,RMS,jit_avx512_bf16,Status.EXECUTED,20.0,0.005
__module.model.language_model.layers.4.self_attn/aten::transpose/Transpose_3,Transpose,unknown_bf16,Status.EXECUTED,20.0,0.005
__module.model.language_model.layers.6.self_attn/aten::transpose/Transpose_3,Transpose,unknown_bf16,Status.EXECUTED,20.0,0.005
__module.model.language_model.layers.8.self_attn.q_norm/aten::mul/Multiply_1,RMS,jit_avx512_bf16,Status.EXECUTED,20.0,0.005
__module.model.language_model.layers.13.self_attn.q_norm/aten::mul/Multiply_1,RMS,jit_avx512_bf16,Status.EXECUTED,20.0,0.005
__module.model.language_model.layers.24.self_attn.q_norm/aten::mul/Multiply_1,RMS,jit_avx512_bf16,Status.EXECUTED,20.0,0.005
__module.model.language_model.layers.28.self_attn.q_norm/aten::mul/Multiply_1,RMS,jit_avx512_bf16,Status.EXECUTED,20.0,0.005
__module.model.language_model.layers.30.self_attn.q_norm/aten::mul/Multiply_1,RMS,jit_avx512_bf16,Status.EXECUTED,20.0,0.005
__module.model.language_model.layers.33.self_attn.q_norm/aten::mul/Multiply_1,RMS,jit_avx512_bf16,Status.EXECUTED,20.0,0.005
__module.model.language_model.layers.35.self_attn.q_norm/aten::mul/Multiply_1,RMS,jit_avx512_bf16,Status.EXECUTED,20.0,0.005
__module.model.language_model.layers.0.self_attn/aten::transpose/Transpose_3,Transpose,unknown_bf16,Status.EXECUTED,19.0,0.004
__module.model.language_model.layers.4.post_attention_layernorm/aten::mul/Multiply_1,RMS,jit_avx512_bf16,Status.EXECUTED,19.0,0.004
__module.model.language_model.layers.5.self_attn.q_norm/aten::mul/Multiply_1,RMS,jit_avx512_bf16,Status.EXECUTED,19.0,0.004
__module.model.language_model.layers.6.self_attn.q_norm/aten::mul/Multiply_1,RMS,jit_avx512_bf16,Status.EXECUTED,19.0,0.004
__module.model.language_model.layers.7.self_attn.q_norm/aten::mul/Multiply_1,RMS,jit_avx512_bf16,Status.EXECUTED,19.0,0.004
__module.model.language_model.layers.11.self_attn.q_norm/aten::mul/Multiply_1,RMS,jit_avx512_bf16,Status.EXECUTED,19.0,0.004
__module.model.language_model.layers.14.self_attn.q_norm/aten::mul/Multiply_1,RMS,jit_avx512_bf16,Status.EXECUTED,19.0,0.004
__module.model.language_model.layers.15.self_attn.q_norm/aten::mul/Multiply_1,RMS,jit_avx512_bf16,Status.EXECUTED,19.0,0.004
__module.model.language_model.layers.16.self_attn.q_norm/aten::mul/Multiply_1,RMS,jit_avx512_bf16,Status.EXECUTED,19.0,0.004
__module.model.language_model.layers.17.self_attn.q_norm/aten::mul/Multiply_1,RMS,jit_avx512_bf16,Status.EXECUTED,19.0,0.004
__module.model.language_model.layers.18.self_attn.q_norm/aten::mul/Multiply_1,RMS,jit_avx512_bf16,Status.EXECUTED,19.0,0.004
__module.model.language_model.layers.19.self_attn.q_norm/aten::mul/Multiply_1,RMS,jit_avx512_bf16,Status.EXECUTED,19.0,0.004
__module.model.language_model.layers.20.self_attn.q_norm/aten::mul/Multiply_1,RMS,jit_avx512_bf16,Status.EXECUTED,19.0,0.004
__module.model.language_model.layers.21.self_attn.q_norm/aten::mul/Multiply_1,RMS,jit_avx512_bf16,Status.EXECUTED,19.0,0.004
__module.model.language_model.layers.22.self_attn.q_norm/aten::mul/Multiply_1,RMS,jit_avx512_bf16,Status.EXECUTED,19.0,0.004
__module.model.language_model.layers.23.self_attn.q_norm/aten::mul/Multiply_1,RMS,jit_avx512_bf16,Status.EXECUTED,19.0,0.004
__module.model.language_model.layers.25.self_attn.q_norm/aten::mul/Multiply_1,RMS,jit_avx512_bf16,Status.EXECUTED,19.0,0.004
__module.model.language_model.layers.26.self_attn.q_norm/aten::mul/Multiply_1,RMS,jit_avx512_bf16,Status.EXECUTED,19.0,0.004
__module.model.language_model.layers.27.self_attn.q_norm/aten::mul/Multiply_1,RMS,jit_avx512_bf16,Status.EXECUTED,19.0,0.004
__module.model.language_model.layers.29.self_attn.q_norm/aten::mul/Multiply_1,RMS,jit_avx512_bf16,Status.EXECUTED,19.0,0.004
__module.model.language_model.layers.32.self_attn.q_norm/aten::mul/Multiply_1,RMS,jit_avx512_bf16,Status.EXECUTED,19.0,0.004
__module.model.language_model.layers.34.self_attn.q_norm/aten::mul/Multiply_1,RMS,jit_avx512_bf16,Status.EXECUTED,19.0,0.004
__module.model.language_model.layers.0.self_attn.q_norm/aten::mul/Multiply_1,RMS,jit_avx512_bf16,Status.EXECUTED,18.0,0.004
SliceAssign_2954/Reshape_3_f32_bf16___module.model.language_model.layers.2.input_layernorm/aten::mul/Multiply_1,Reorder,jit_uni_f32,Status.EXECUTED,18.0,0.004
__module.model.language_model.layers.3.self_attn/aten::transpose/Transpose_3,Transpose,unknown_bf16,Status.EXECUTED,18.0,0.004
__module.model.language_model.layers.31.self_attn.q_norm/aten::mul/Multiply_1,RMS,jit_avx512_bf16,Status.EXECUTED,18.0,0.004
__module.model.language_model.layers.0.input_layernorm/aten::mul/Multiply_1,RMS,jit_avx512_bf16,Status.EXECUTED,17.0,0.004
__module.model.language_model.layers.1.self_attn/aten::transpose/Transpose_3,Transpose,unknown_bf16,Status.EXECUTED,17.0,0.004
__module.model.language_model.layers.3.post_attention_layernorm/aten::mul/Multiply_1,RMS,jit_avx512_bf16,Status.EXECUTED,16.0,0.004
__module.model.language_model.layers.35.post_attention_layernorm/aten::mul/Multiply_1,RMS,jit_avx512_bf16,Status.EXECUTED,16.0,0.004
__module.model.language_model.layers.0.post_attention_layernorm/aten::mul/Multiply_1,RMS,jit_avx512_bf16,Status.EXECUTED,14.0,0.003
__module.model.language_model.layers.0/aten::add/Add_1___SliceAssign_1703/Reshape_0,Reorder,jit_uni_f32,Status.EXECUTED,14.0,0.003
__module.model.language_model.layers.1/aten::add/Add_1___SliceAssign_2954/Reshape_0,Reorder,jit_uni_f32,Status.EXECUTED,14.0,0.003
SliceAssign_4205/Reshape_3_f32_bf16___module.model.language_model.layers.3.input_layernorm/aten::mul/Multiply_1,Reorder,jit_uni_f32,Status.EXECUTED,14.0,0.003
__module.model.language_model.layers.3.input_layernorm/aten::mul/Multiply_1,RMS,jit_avx512_bf16,Status.EXECUTED,14.0,0.003
__module.model.language_model.layers.35.self_attn/aten::transpose/Transpose,Transpose,unknown_bf16,Status.EXECUTED,14.0,0.003
__module.model.language_model.norm/aten::mul/Multiply_1,RMS,jit_avx512_bf16,Status.EXECUTED,14.0,0.003
SliceAssign_1703/Reshape_3_f32_bf16___module.model.language_model.layers.1.input_layernorm/aten::mul/Multiply_1,Reorder,jit_uni_f32,Status.EXECUTED,13.0,0.003
__module.model.language_model.layers.2.input_layernorm/aten::mul/Multiply_1,RMS,jit_avx512_bf16,Status.EXECUTED,13.0,0.003
__module.model.language_model.layers.2/aten::add/Add_1___SliceAssign_4205/Reshape_0,Reorder,jit_uni_f32,Status.EXECUTED,13.0,0.003
__module.model.language_model.layers.4.self_attn/aten::transpose/Transpose_2,Transpose,unknown_bf16,Status.EXECUTED,13.0,0.003
__module.model.language_model.layers.7.self_attn/aten::transpose/Transpose_2,Transpose,unknown_bf16,Status.EXECUTED,13.0,0.003
__module.model.language_model.layers.12.self_attn/aten::transpose/Transpose_2,Transpose,unknown_bf16,Status.EXECUTED,13.0,0.003
__module.model.language_model.layers.16.self_attn/aten::transpose/Transpose_2,Transpose,unknown_bf16,Status.EXECUTED,13.0,0.003
__module.model.language_model.layers.21.self_attn/aten::transpose/Transpose_2,Transpose,unknown_bf16,Status.EXECUTED,13.0,0.003
SliceAssign_405/Range,Range,ref_any_i32,Status.EXECUTED,12.0,0.003
__module.model.language_model.layers.1.self_attn/aten::transpose/Transpose_2,Transpose,unknown_bf16,Status.EXECUTED,12.0,0.003
__module.model.language_model.layers.2.self_attn/aten::transpose/Transpose_2,Transpose,unknown_bf16,Status.EXECUTED,12.0,0.003
__module.model.language_model.layers.3.self_attn/aten::transpose/Transpose_2,Transpose,unknown_bf16,Status.EXECUTED,12.0,0.003
__module.model.language_model.layers.5.self_attn/aten::transpose/Transpose_2,Transpose,unknown_bf16,Status.EXECUTED,12.0,0.003
__module.model.language_model.layers.6.self_attn/aten::transpose/Transpose_2,Transpose,unknown_bf16,Status.EXECUTED,12.0,0.003
__module.model.language_model.layers.8.self_attn/aten::transpose/Transpose_2,Transpose,unknown_bf16,Status.EXECUTED,12.0,0.003
__module.model.language_model.layers.9.self_attn/aten::transpose/Transpose_2,Transpose,unknown_bf16,Status.EXECUTED,12.0,0.003
__module.model.language_model.layers.10.self_attn/aten::transpose/Transpose_2,Transpose,unknown_bf16,Status.EXECUTED,12.0,0.003
__module.model.language_model.layers.11.self_attn/aten::transpose/Transpose_2,Transpose,unknown_bf16,Status.EXECUTED,12.0,0.003
__module.model.language_model.layers.12.self_attn/aten::add/Add_1,RoPE,ref_any_bf16,Status.EXECUTED,12.0,0.003
__module.model.language_model.layers.13.self_attn/aten::add/Add_1,RoPE,ref_any_bf16,Status.EXECUTED,12.0,0.003
__module.model.language_model.layers.13.self_attn/aten::transpose/Transpose_2,Transpose,unknown_bf16,Status.EXECUTED,12.0,0.003
__module.model.language_model.layers.14.self_attn/aten::transpose/Transpose_2,Transpose,unknown_bf16,Status.EXECUTED,12.0,0.003
__module.model.language_model.layers.15.self_attn/aten::transpose/Transpose_2,Transpose,unknown_bf16,Status.EXECUTED,12.0,0.003
__module.model.language_model.layers.17.self_attn/aten::transpose/Transpose_2,Transpose,unknown_bf16,Status.EXECUTED,12.0,0.003
__module.model.language_model.layers.18.self_attn/aten::transpose/Transpose_2,Transpose,unknown_bf16,Status.EXECUTED,12.0,0.003
__module.model.language_model.layers.19.self_attn/aten::transpose/Transpose_2,Transpose,unknown_bf16,Status.EXECUTED,12.0,0.003
__module.model.language_model.layers.20.self_attn/aten::transpose/Transpose_2,Transpose,unknown_bf16,Status.EXECUTED,12.0,0.003
__module.model.language_model.layers.22.self_attn/aten::transpose/Transpose_2,Transpose,unknown_bf16,Status.EXECUTED,12.0,0.003
__module.model.language_model.layers.23.self_attn/aten::transpose/Transpose_2,Transpose,unknown_bf16,Status.EXECUTED,12.0,0.003
__module.model.language_model.layers.24.self_attn/aten::transpose/Transpose_2,Transpose,unknown_bf16,Status.EXECUTED,12.0,0.003
__module.model.language_model.layers.25.self_attn/aten::transpose/Transpose_2,Transpose,unknown_bf16,Status.EXECUTED,12.0,0.003
__module.model.language_model.layers.26.self_attn/aten::transpose/Transpose_2,Transpose,unknown_bf16,Status.EXECUTED,12.0,0.003
__module.model.language_model.layers.27.self_attn/aten::transpose/Transpose_2,Transpose,unknown_bf16,Status.EXECUTED,12.0,0.003
__module.model.language_model.layers.28.self_attn/aten::transpose/Transpose_2,Transpose,unknown_bf16,Status.EXECUTED,12.0,0.003
__module.model.language_model.layers.29.self_attn/aten::transpose/Transpose_2,Transpose,unknown_bf16,Status.EXECUTED,12.0,0.003
__module.model.language_model.layers.30.self_attn/aten::transpose/Transpose_2,Transpose,unknown_bf16,Status.EXECUTED,12.0,0.003
__module.model.language_model.layers.31.self_attn/aten::transpose/Transpose_2,Transpose,unknown_bf16,Status.EXECUTED,12.0,0.003
__module.model.language_model.layers.32.self_attn/aten::transpose/Transpose_2,Transpose,unknown_bf16,Status.EXECUTED,12.0,0.003
__module.model.language_model.layers.33.self_attn/aten::transpose/Transpose_2,Transpose,unknown_bf16,Status.EXECUTED,12.0,0.003
__module.model.language_model.layers.34.self_attn/aten::transpose/Transpose_2,Transpose,unknown_bf16,Status.EXECUTED,12.0,0.003
__module.model.language_model.layers.0.self_attn/aten::transpose/Transpose_2,Transpose,unknown_bf16,Status.EXECUTED,11.0,0.002
__module.model.language_model.layers.2.self_attn/aten::add/Add_1,RoPE,ref_any_bf16,Status.EXECUTED,11.0,0.002
__module.model.language_model.layers.3.self_attn/aten::add/Add_1,RoPE,ref_any_bf16,Status.EXECUTED,11.0,0.002
__module.model.language_model.layers.4.self_attn/aten::add/Add_1,RoPE,ref_any_bf16,Status.EXECUTED,11.0,0.002
__module.model.language_model.layers.5.self_attn/aten::add/Add_1,RoPE,ref_any_bf16,Status.EXECUTED,11.0,0.002
__module.model.language_model.layers.6.self_attn/aten::add/Add_1,RoPE,ref_any_bf16,Status.EXECUTED,11.0,0.002
__module.model.language_model.layers.7.self_attn/aten::add/Add_1,RoPE,ref_any_bf16,Status.EXECUTED,11.0,0.002
__module.model.language_model.layers.8.self_attn/aten::add/Add_1,RoPE,ref_any_bf16,Status.EXECUTED,11.0,0.002
__module.model.language_model.layers.9.self_attn/aten::add/Add_1,RoPE,ref_any_bf16,Status.EXECUTED,11.0,0.002
__module.model.language_model.layers.10.self_attn/aten::add/Add_1,RoPE,ref_any_bf16,Status.EXECUTED,11.0,0.002
__module.model.language_model.layers.11.self_attn/aten::add/Add_1,RoPE,ref_any_bf16,Status.EXECUTED,11.0,0.002
__module.model.language_model.layers.14.self_attn/aten::add/Add_1,RoPE,ref_any_bf16,Status.EXECUTED,11.0,0.002
__module.model.language_model.layers.15.self_attn/aten::add/Add_1,RoPE,ref_any_bf16,Status.EXECUTED,11.0,0.002
__module.model.language_model.layers.16.self_attn/aten::add/Add_1,RoPE,ref_any_bf16,Status.EXECUTED,11.0,0.002
__module.model.language_model.layers.17.self_attn/aten::add/Add_1,RoPE,ref_any_bf16,Status.EXECUTED,11.0,0.002
__module.model.language_model.layers.18.self_attn/aten::add/Add_1,RoPE,ref_any_bf16,Status.EXECUTED,11.0,0.002
__module.model.language_model.layers.19.self_attn/aten::add/Add_1,RoPE,ref_any_bf16,Status.EXECUTED,11.0,0.002
__module.model.language_model.layers.20.self_attn/aten::add/Add_1,RoPE,ref_any_bf16,Status.EXECUTED,11.0,0.002
__module.model.language_model.layers.21.self_attn/aten::add/Add_1,RoPE,ref_any_bf16,Status.EXECUTED,11.0,0.002
__module.model.language_model.layers.22.self_attn/aten::add/Add_1,RoPE,ref_any_bf16,Status.EXECUTED,11.0,0.002
__module.model.language_model.layers.24.self_attn/aten::add/Add_1,RoPE,ref_any_bf16,Status.EXECUTED,11.0,0.002
__module.model.language_model.layers.25.self_attn/aten::add/Add_1,RoPE,ref_any_bf16,Status.EXECUTED,11.0,0.002
__module.model.language_model.layers.26.self_attn/aten::add/Add_1,RoPE,ref_any_bf16,Status.EXECUTED,11.0,0.002
__module.model.language_model.layers.27.self_attn/aten::add/Add_1,RoPE,ref_any_bf16,Status.EXECUTED,11.0,0.002
__module.model.language_model.layers.28.self_attn/aten::add/Add_1,RoPE,ref_any_bf16,Status.EXECUTED,11.0,0.002
__module.model.language_model.layers.30.self_attn/aten::add/Add_1,RoPE,ref_any_bf16,Status.EXECUTED,11.0,0.002
__module.model.language_model.layers.31.self_attn/aten::add/Add_1,RoPE,ref_any_bf16,Status.EXECUTED,11.0,0.002
__module.model.language_model.layers.32.self_attn/aten::add/Add_1,RoPE,ref_any_bf16,Status.EXECUTED,11.0,0.002
__module.model.language_model.layers.33.self_attn.k_norm/aten::mul/Multiply_1,RMS,jit_avx512_bf16,Status.EXECUTED,11.0,0.002
__module.model.language_model.layers.33.self_attn/aten::add/Add_1,RoPE,ref_any_bf16,Status.EXECUTED,11.0,0.002
__module.model.language_model.layers.34.self_attn/aten::add/Add_1,RoPE,ref_any_bf16,Status.EXECUTED,11.0,0.002
__module.model.language_model.layers.35.self_attn/aten::add/Add,RoPE,ref_any_bf16,Status.EXECUTED,11.0,0.002
SliceAssign_405/ScatterNDUpdate,ScatterNDUpdate,unknown_f32,Status.EXECUTED,10.0,0.002
__module.model.language_model.layers.0.self_attn/aten::add/Add_1,RoPE,ref_any_bf16,Status.EXECUTED,10.0,0.002
__module.model.language_model.layers.1.self_attn/aten::add/Add_1,RoPE,ref_any_bf16,Status.EXECUTED,10.0,0.002
__module.model.language_model.layers.4.self_attn.k_norm/aten::mul/Multiply_1,RMS,jit_avx512_bf16,Status.EXECUTED,10.0,0.002
__module.model.language_model.layers.7.self_attn.k_norm/aten::mul/Multiply_1,RMS,jit_avx512_bf16,Status.EXECUTED,10.0,0.002
__module.model.language_model.layers.8.self_attn.k_norm/aten::mul/Multiply_1,RMS,jit_avx512_bf16,Status.EXECUTED,10.0,0.002
__module.model.language_model.layers.9.self_attn.k_norm/aten::mul/Multiply_1,RMS,jit_avx512_bf16,Status.EXECUTED,10.0,0.002
__module.model.language_model.layers.10.self_attn.k_norm/aten::mul/Multiply_1,RMS,jit_avx512_bf16,Status.EXECUTED,10.0,0.002
__module.model.language_model.layers.11.self_attn.k_norm/aten::mul/Multiply_1,RMS,jit_avx512_bf16,Status.EXECUTED,10.0,0.002
__module.model.language_model.layers.12.self_attn.k_norm/aten::mul/Multiply_1,RMS,jit_avx512_bf16,Status.EXECUTED,10.0,0.002
__module.model.language_model.layers.13.self_attn.k_norm/aten::mul/Multiply_1,RMS,jit_avx512_bf16,Status.EXECUTED,10.0,0.002
__module.model.language_model.layers.14.self_attn.k_norm/aten::mul/Multiply_1,RMS,jit_avx512_bf16,Status.EXECUTED,10.0,0.002
__module.model.language_model.layers.15.self_attn.k_norm/aten::mul/Multiply_1,RMS,jit_avx512_bf16,Status.EXECUTED,10.0,0.002
__module.model.language_model.layers.16.self_attn.k_norm/aten::mul/Multiply_1,RMS,jit_avx512_bf16,Status.EXECUTED,10.0,0.002
__module.model.language_model.layers.20.self_attn.k_norm/aten::mul/Multiply_1,RMS,jit_avx512_bf16,Status.EXECUTED,10.0,0.002
__module.model.language_model.layers.21.self_attn.k_norm/aten::mul/Multiply_1,RMS,jit_avx512_bf16,Status.EXECUTED,10.0,0.002
__module.model.language_model.layers.22.self_attn.k_norm/aten::mul/Multiply_1,RMS,jit_avx512_bf16,Status.EXECUTED,10.0,0.002
__module.model.language_model.layers.23.self_attn/aten::add/Add_1,RoPE,ref_any_bf16,Status.EXECUTED,10.0,0.002
__module.model.language_model.layers.26.self_attn.k_norm/aten::mul/Multiply_1,RMS,jit_avx512_bf16,Status.EXECUTED,10.0,0.002
__module.model.language_model.layers.27.self_attn.k_norm/aten::mul/Multiply_1,RMS,jit_avx512_bf16,Status.EXECUTED,10.0,0.002
__module.model.language_model.layers.28.self_attn.k_norm/aten::mul/Multiply_1,RMS,jit_avx512_bf16,Status.EXECUTED,10.0,0.002
__module.model.language_model.layers.29.self_attn.k_norm/aten::mul/Multiply_1,RMS,jit_avx512_bf16,Status.EXECUTED,10.0,0.002
__module.model.language_model.layers.29.self_attn/aten::add/Add_1,RoPE,ref_any_bf16,Status.EXECUTED,10.0,0.002
__module.model.language_model.layers.32.self_attn.k_norm/aten::mul/Multiply_1,RMS,jit_avx512_bf16,Status.EXECUTED,10.0,0.002
__module.model.language_model.layers.34.self_attn.k_norm/aten::mul/Multiply_1,RMS,jit_avx512_bf16,Status.EXECUTED,10.0,0.002
__module.model.language_model.layers.35.self_attn.k_norm/aten::mul/Multiply_1,RMS,jit_avx512_bf16,Status.EXECUTED,10.0,0.002
__module.model.language_model.rotary_emb/aten::expand/Broadcast,Multiply,jit_avx512_f32,Status.EXECUTED,9.0,0.002
__module.model.language_model.rotary_emb/aten::to/Convert_2,Convert,ref_i32,Status.EXECUTED,9.0,0.002
__module.model.language_model.rotary_emb/aten::transpose/Transpose,Transpose,unknown_f32,Status.EXECUTED,9.0,0.002
SliceAssign_405/Slice,Slice,ref_i32,Status.EXECUTED,9.0,0.002
__module.model.language_model.rotary_emb/aten::cat/Concat,Concat,ref_f32,Status.EXECUTED,9.0,0.002
__module.model.language_model.rotary_emb/aten::cos/Cos,Cos,ref_any_f32,Status.EXECUTED,9.0,0.002
Convert_47366,Convert,ref_i64,Status.EXECUTED,9.0,0.002
__module.model.language_model.layers.2.self_attn.k_norm/aten::mul/Multiply_1,RMS,jit_avx512_bf16,Status.EXECUTED,9.0,0.002
__module.model.language_model.layers.3.self_attn.k_norm/aten::mul/Multiply_1,RMS,jit_avx512_bf16,Status.EXECUTED,9.0,0.002
__module.model.language_model.layers.5.self_attn.k_norm/aten::mul/Multiply_1,RMS,jit_avx512_bf16,Status.EXECUTED,9.0,0.002
__module.model.language_model.layers.6.self_attn.k_norm/aten::mul/Multiply_1,RMS,jit_avx512_bf16,Status.EXECUTED,9.0,0.002
__module.model.language_model.layers.17.self_attn.k_norm/aten::mul/Multiply_1,RMS,jit_avx512_bf16,Status.EXECUTED,9.0,0.002
__module.model.language_model.layers.18.self_attn.k_norm/aten::mul/Multiply_1,RMS,jit_avx512_bf16,Status.EXECUTED,9.0,0.002
__module.model.language_model.layers.19.self_attn.k_norm/aten::mul/Multiply_1,RMS,jit_avx512_bf16,Status.EXECUTED,9.0,0.002
__module.model.language_model.layers.23.self_attn.k_norm/aten::mul/Multiply_1,RMS,jit_avx512_bf16,Status.EXECUTED,9.0,0.002
__module.model.language_model.layers.24.self_attn.k_norm/aten::mul/Multiply_1,RMS,jit_avx512_bf16,Status.EXECUTED,9.0,0.002
__module.model.language_model.layers.25.self_attn.k_norm/aten::mul/Multiply_1,RMS,jit_avx512_bf16,Status.EXECUTED,9.0,0.002
__module.model.language_model.layers.30.self_attn.k_norm/aten::mul/Multiply_1,RMS,jit_avx512_bf16,Status.EXECUTED,9.0,0.002
__module.model.language_model.layers.31.self_attn.k_norm/aten::mul/Multiply_1,RMS,jit_avx512_bf16,Status.EXECUTED,9.0,0.002
__module.model.language_model.rotary_emb/aten::transpose/Transpose_____module.model.language_model.rotary_emb/aten::select/Gather,Reorder,jit_uni_f32,Status.EXECUTED,8.0,0.002
GatherAssign_406/Range,Range,ref_any_i32,Status.EXECUTED,8.0,0.002
__module.model.language_model.layers.0.self_attn.k_norm/aten::mul/Multiply_1,RMS,jit_avx512_bf16,Status.EXECUTED,8.0,0.002
__module.model.language_model/aten::index/Gather,Gather,jit_avx512_I8,Status.EXECUTED,8.0,0.002
__module.model.language_model/aten::le/LessEqual,LessEqual,jit_avx512_i32,Status.EXECUTED,8.0,0.002
__module.model.language_model.layers.1.self_attn.k_norm/aten::mul/Multiply_1,RMS,jit_avx512_bf16,Status.EXECUTED,8.0,0.002
__module.model.language_model.rotary_emb/aten::slice/Slice_4,Slice,ref_f32,Status.EXECUTED,7.0,0.002
GatherAssign_406/ScatterNDUpdate,ScatterNDUpdate,unknown_f32,Status.EXECUTED,7.0,0.002
__module.model.language_model.rotary_emb/aten::sin/Sin,Sin,ref_any_f32,Status.EXECUTED,7.0,0.002
__module.model.language_model/aten::index_put_/NonZero,NonZero,ref_I8,Status.EXECUTED,7.0,0.002
SliceAssign_405/ReduceProd,ReduceProd,jit_avx512_i32,Status.EXECUTED,6.0,0.001
__module.model.language_model.rotary_emb/aten::slice/Slice_5,Slice,ref_f32,Status.EXECUTED,6.0,0.001
SliceAssign_434/Slice,Slice,ref_i32,Status.EXECUTED,6.0,0.001
SliceAssign_434/ScatterNDUpdate,ScatterNDUpdate,unknown_f32,Status.EXECUTED,6.0,0.001
__module.model.language_model/aten::add/Add_1,Add,jit_avx512_i32,Status.EXECUTED,6.0,0.001
__module.model.language_model/aten::arange/Range_1,Range,ref_any_i32,Status.EXECUTED,6.0,0.001
__module.model.language_model/aten::to/Convert_1,Convert,ref_i32,Status.EXECUTED,6.0,0.001
SliceAssign_1703/ReduceProd,ReduceProd,jit_avx512_i32,Status.EXECUTED,6.0,0.001
Concat_123800,Concat,ref_i32,Status.EXECUTED,5.0,0.001
__module.model.language_model.rotary_emb/aten::slice/Slice_6,Slice,ref_f32,Status.EXECUTED,5.0,0.001
__module.model.language_model/aten::arange/Range,Range,ref_any_i32,Status.EXECUTED,5.0,0.001
__module.model.language_model/aten::arange/Range_2,Range,ref_any_i32,Status.EXECUTED,5.0,0.001
__module.model.language_model/aten::index/Multiply,Multiply,jit_avx512_i32,Status.EXECUTED,5.0,0.001
ReadValue_123262,ReadValue,unknown_f32,Status.EXECUTED,4.0,0.001
Abs_47367,Abs,jit_avx512_i32,Status.EXECUTED,4.0,0.001
Add_110774,Add,jit_avx512_i32,Status.EXECUTED,4.0,0.001
__module.model.language_model/aten::index_put_/ScatterNDUpdate_1,ScatterNDUpdate,unknown_f32,Status.EXECUTED,4.0,0.001
__module.model.language_model.layers.0.self_attn/aten::slice/Slice_15,Slice,ref_bf16,Status.EXECUTED,3.0,0.001
__module.model.language_model/aten::index_put_/ScatterNDUpdate_2,ScatterNDUpdate,unknown_f32,Status.EXECUTED,3.0,0.001
Assign_123263,Assign,unknown_f32,Status.EXECUTED,3.0,0.001
ShapeOf_39958,ShapeOf,ref_f32,Status.EXECUTED,2.0,0.000
Broadcast_123803,Broadcast,ref_f32,Status.EXECUTED,2.0,0.000
ReadValue_123120,ReadValue,unknown_f32,Status.EXECUTED,2.0,0.000
ReadValue_123252,ReadValue,unknown_f32,Status.EXECUTED,2.0,0.000
__module.model.language_model.rotary_emb/prim::ListConstruct/SequenceMark,Concat,ref_i32,Status.EXECUTED,2.0,0.000
ShapeOf_98349,Gather,ref_any_i32,Status.EXECUTED,2.0,0.000
__module.model.language_model/aten::select/Gather_1,Gather,ref_any_f32,Status.EXECUTED,2.0,0.000
Assign_123241,Assign,unknown_f32,Status.EXECUTED,2.0,0.000
Assign_123253,Assign,unknown_f32,Status.EXECUTED,2.0,0.000
ReadValue_123122,ReadValue,unknown_f32,Status.EXECUTED,1.0,0.000
ReadValue_123124,ReadValue,unknown_f32,Status.EXECUTED,1.0,0.000
ReadValue_123126,ReadValue,unknown_f32,Status.EXECUTED,1.0,0.000
ReadValue_123168,ReadValue,unknown_f32,Status.EXECUTED,1.0,0.000
ReadValue_123170,ReadValue,unknown_f32,Status.EXECUTED,1.0,0.000
ReadValue_123212,ReadValue,unknown_f32,Status.EXECUTED,1.0,0.000
ReadValue_123214,ReadValue,unknown_f32,Status.EXECUTED,1.0,0.000
ReadValue_123240,ReadValue,unknown_f32,Status.EXECUTED,1.0,0.000
ReadValue_123242,ReadValue,unknown_f32,Status.EXECUTED,1.0,0.000
ReadValue_123244,ReadValue,unknown_f32,Status.EXECUTED,1.0,0.000
ReadValue_123246,ReadValue,unknown_f32,Status.EXECUTED,1.0,0.000
ReadValue_123248,ReadValue,unknown_f32,Status.EXECUTED,1.0,0.000
ReadValue_123250,ReadValue,unknown_f32,Status.EXECUTED,1.0,0.000
ReadValue_123254,ReadValue,unknown_f32,Status.EXECUTED,1.0,0.000
ReadValue_123256,ReadValue,unknown_f32,Status.EXECUTED,1.0,0.000
ReadValue_123258,ReadValue,unknown_f32,Status.EXECUTED,1.0,0.000
ReadValue_123260,ReadValue,unknown_f32,Status.EXECUTED,1.0,0.000
ReadValue_123238,ReadValue,unknown_f32,Status.EXECUTED,1.0,0.000
ReadValue_123128,ReadValue,unknown_f32,Status.EXECUTED,1.0,0.000
ReadValue_123130,ReadValue,unknown_f32,Status.EXECUTED,1.0,0.000
ReadValue_123132,ReadValue,unknown_f32,Status.EXECUTED,1.0,0.000
ReadValue_123134,ReadValue,unknown_f32,Status.EXECUTED,1.0,0.000
ReadValue_123136,ReadValue,unknown_f32,Status.EXECUTED,1.0,0.000
ReadValue_123138,ReadValue,unknown_f32,Status.EXECUTED,1.0,0.000
ReadValue_123140,ReadValue,unknown_f32,Status.EXECUTED,1.0,0.000
ReadValue_123142,ReadValue,unknown_f32,Status.EXECUTED,1.0,0.000
ReadValue_123144,ReadValue,unknown_f32,Status.EXECUTED,1.0,0.000
ReadValue_123146,ReadValue,unknown_f32,Status.EXECUTED,1.0,0.000
ReadValue_123148,ReadValue,unknown_f32,Status.EXECUTED,1.0,0.000
ReadValue_123150,ReadValue,unknown_f32,Status.EXECUTED,1.0,0.000
ReadValue_123152,ReadValue,unknown_f32,Status.EXECUTED,1.0,0.000
ReadValue_123154,ReadValue,unknown_f32,Status.EXECUTED,1.0,0.000
ReadValue_123156,ReadValue,unknown_f32,Status.EXECUTED,1.0,0.000
ReadValue_123158,ReadValue,unknown_f32,Status.EXECUTED,1.0,0.000
ReadValue_123160,ReadValue,unknown_f32,Status.EXECUTED,1.0,0.000
ReadValue_123162,ReadValue,unknown_f32,Status.EXECUTED,1.0,0.000
ReadValue_123164,ReadValue,unknown_f32,Status.EXECUTED,1.0,0.000
ReadValue_123166,ReadValue,unknown_f32,Status.EXECUTED,1.0,0.000
ReadValue_123172,ReadValue,unknown_f32,Status.EXECUTED,1.0,0.000
ReadValue_123174,ReadValue,unknown_f32,Status.EXECUTED,1.0,0.000
ReadValue_123176,ReadValue,unknown_f32,Status.EXECUTED,1.0,0.000
ReadValue_123178,ReadValue,unknown_f32,Status.EXECUTED,1.0,0.000
ReadValue_123180,ReadValue,unknown_f32,Status.EXECUTED,1.0,0.000
ReadValue_123182,ReadValue,unknown_f32,Status.EXECUTED,1.0,0.000
ReadValue_123184,ReadValue,unknown_f32,Status.EXECUTED,1.0,0.000
ReadValue_123186,ReadValue,unknown_f32,Status.EXECUTED,1.0,0.000
ReadValue_123188,ReadValue,unknown_f32,Status.EXECUTED,1.0,0.000
ReadValue_123190,ReadValue,unknown_f32,Status.EXECUTED,1.0,0.000
ReadValue_123192,ReadValue,unknown_f32,Status.EXECUTED,1.0,0.000
ReadValue_123194,ReadValue,unknown_f32,Status.EXECUTED,1.0,0.000
ReadValue_123196,ReadValue,unknown_f32,Status.EXECUTED,1.0,0.000
ReadValue_123198,ReadValue,unknown_f32,Status.EXECUTED,1.0,0.000
ReadValue_123200,ReadValue,unknown_f32,Status.EXECUTED,1.0,0.000
ReadValue_123202,ReadValue,unknown_f32,Status.EXECUTED,1.0,0.000
ReadValue_123204,ReadValue,unknown_f32,Status.EXECUTED,1.0,0.000
ReadValue_123206,ReadValue,unknown_f32,Status.EXECUTED,1.0,0.000
ReadValue_123208,ReadValue,unknown_f32,Status.EXECUTED,1.0,0.000
ReadValue_123210,ReadValue,unknown_f32,Status.EXECUTED,1.0,0.000
ReadValue_123216,ReadValue,unknown_f32,Status.EXECUTED,1.0,0.000
ReadValue_123218,ReadValue,unknown_f32,Status.EXECUTED,1.0,0.000
ReadValue_123220,ReadValue,unknown_f32,Status.EXECUTED,1.0,0.000
ReadValue_123222,ReadValue,unknown_f32,Status.EXECUTED,1.0,0.000
ReadValue_123224,ReadValue,unknown_f32,Status.EXECUTED,1.0,0.000
ReadValue_123226,ReadValue,unknown_f32,Status.EXECUTED,1.0,0.000
ReadValue_123228,ReadValue,unknown_f32,Status.EXECUTED,1.0,0.000
ReadValue_123230,ReadValue,unknown_f32,Status.EXECUTED,1.0,0.000
ReadValue_123232,ReadValue,unknown_f32,Status.EXECUTED,1.0,0.000
ReadValue_123234,ReadValue,unknown_f32,Status.EXECUTED,1.0,0.000
ReadValue_123236,ReadValue,unknown_f32,Status.EXECUTED,1.0,0.000
ShapeOf_39940,ShapeOf,ref_i32,Status.EXECUTED,1.0,0.000
Broadcast_49538,Broadcast,ref_f32,Status.EXECUTED,1.0,0.000
SliceAssign_405/ShapeOf,Gather,ref_any_i32,Status.EXECUTED,1.0,0.000
__module.model.language_model.rotary_emb/aten::copy_/Broadcast,Broadcast,ref_f32,Status.EXECUTED,1.0,0.000
GatherAssign_406/ReduceProd,ReduceProd,jit_avx512_i32,Status.EXECUTED,1.0,0.000
__module.model.language_model/aten::index/ReduceProd,ReduceProd,jit_avx512_i32,Status.EXECUTED,1.0,0.000
__module.model.language_model/aten::index/Concat,Concat,ref_i32,Status.EXECUTED,1.0,0.000
__module.model.language_model/prim::ListConstruct/SequenceMark,Concat,ref_i32,Status.EXECUTED,1.0,0.000
Broadcast_49552,Broadcast,ref_I8,Status.EXECUTED,1.0,0.000
SliceAssign_1703/Reshape_0,Reshape,unknown_f32,Status.EXECUTED,1.0,0.000
__module.model.language_model/aten::index_put_/ScatterNDUpdate,ScatterNDUpdate,unknown_f32,Status.EXECUTED,1.0,0.000
SliceAssign_2954/Reshape_0,Reshape,unknown_f32,Status.EXECUTED,1.0,0.000
__module.model.language_model/aten::index/GatherND_1,GatherND,ref_any_f32,Status.EXECUTED,1.0,0.000
__module.model.language_model/aten::add/Add_4,Add,jit_avx512_f32,Status.EXECUTED,1.0,0.000
SliceAssign_2954/Reshape_2,Reshape,unknown_f32,Status.EXECUTED,1.0,0.000
__module.model.language_model.layers.2.self_attn/aten::view/Reshape,Reshape,unknown_bf16,Status.EXECUTED,1.0,0.000
SliceAssign_4205/Reshape_0,Reshape,unknown_f32,Status.EXECUTED,1.0,0.000
__module.model.language_model/aten::index/GatherND_2,GatherND,ref_any_f32,Status.EXECUTED,1.0,0.000
__module.model.language_model/aten::select/Gather_2,Gather,ref_any_f32,Status.EXECUTED,1.0,0.000
__module.model.language_model/aten::add/Add_5,Add,jit_avx512_f32,Status.EXECUTED,1.0,0.000
SliceAssign_4205/Reshape_2,Reshape,unknown_f32,Status.EXECUTED,1.0,0.000
__module.model.language_model.layers.3.self_attn/aten::view/Reshape,Reshape,unknown_bf16,Status.EXECUTED,1.0,0.000
__module.model.language_model.layers.4.self_attn/aten::view/Reshape,Reshape,unknown_bf16,Status.EXECUTED,1.0,0.000
__module.model.language_model.layers.5.self_attn/aten::view/Reshape,Reshape,unknown_bf16,Status.EXECUTED,1.0,0.000
__module.model.language_model.layers.6.self_attn/aten::view/Reshape,Reshape,unknown_bf16,Status.EXECUTED,1.0,0.000
__module.model.language_model.layers.7.self_attn/aten::view/Reshape,Reshape,unknown_bf16,Status.EXECUTED,1.0,0.000
__module.model.language_model.layers.8.self_attn/aten::view/Reshape,Reshape,unknown_bf16,Status.EXECUTED,1.0,0.000
__module.model.language_model.layers.9.self_attn/aten::view/Reshape,Reshape,unknown_bf16,Status.EXECUTED,1.0,0.000
__module.model.language_model.layers.10.self_attn/aten::view/Reshape,Reshape,unknown_bf16,Status.EXECUTED,1.0,0.000
__module.model.language_model.layers.11.self_attn/aten::view/Reshape,Reshape,unknown_bf16,Status.EXECUTED,1.0,0.000
__module.model.language_model.layers.12.self_attn/aten::view/Reshape,Reshape,unknown_bf16,Status.EXECUTED,1.0,0.000
__module.model.language_model.layers.13.self_attn/aten::view/Reshape,Reshape,unknown_bf16,Status.EXECUTED,1.0,0.000
__module.model.language_model.layers.14.self_attn/aten::view/Reshape,Reshape,unknown_bf16,Status.EXECUTED,1.0,0.000
__module.model.language_model.layers.15.self_attn/aten::view/Reshape,Reshape,unknown_bf16,Status.EXECUTED,1.0,0.000
__module.model.language_model.layers.16.self_attn/aten::view/Reshape,Reshape,unknown_bf16,Status.EXECUTED,1.0,0.000
__module.model.language_model.layers.17.self_attn/aten::view/Reshape,Reshape,unknown_bf16,Status.EXECUTED,1.0,0.000
__module.model.language_model.layers.18.self_attn/aten::view/Reshape,Reshape,unknown_bf16,Status.EXECUTED,1.0,0.000
__module.model.language_model.layers.19.self_attn/aten::view/Reshape,Reshape,unknown_bf16,Status.EXECUTED,1.0,0.000
__module.model.language_model.layers.20.self_attn/aten::view/Reshape,Reshape,unknown_bf16,Status.EXECUTED,1.0,0.000
__module.model.language_model.layers.21.self_attn/aten::view/Reshape,Reshape,unknown_bf16,Status.EXECUTED,1.0,0.000
__module.model.language_model.layers.22.self_attn/aten::view/Reshape,Reshape,unknown_bf16,Status.EXECUTED,1.0,0.000
__module.model.language_model.layers.23.self_attn/aten::view/Reshape,Reshape,unknown_bf16,Status.EXECUTED,1.0,0.000
__module.model.language_model.layers.24.self_attn/aten::view/Reshape,Reshape,unknown_bf16,Status.EXECUTED,1.0,0.000
__module.model.language_model.layers.25.self_attn/aten::view/Reshape,Reshape,unknown_bf16,Status.EXECUTED,1.0,0.000
__module.model.language_model.layers.26.self_attn/aten::view/Reshape,Reshape,unknown_bf16,Status.EXECUTED,1.0,0.000
__module.model.language_model.layers.27.self_attn/aten::view/Reshape,Reshape,unknown_bf16,Status.EXECUTED,1.0,0.000
__module.model.language_model.layers.28.self_attn/aten::view/Reshape,Reshape,unknown_bf16,Status.EXECUTED,1.0,0.000
__module.model.language_model.layers.29.self_attn/aten::view/Reshape,Reshape,unknown_bf16,Status.EXECUTED,1.0,0.000
__module.model.language_model.layers.30.self_attn/aten::view/Reshape,Reshape,unknown_bf16,Status.EXECUTED,1.0,0.000
__module.model.language_model.layers.31.self_attn/aten::view/Reshape,Reshape,unknown_bf16,Status.EXECUTED,1.0,0.000
__module.model.language_model.layers.32.self_attn/aten::view/Reshape,Reshape,unknown_bf16,Status.EXECUTED,1.0,0.000
__module.model.language_model.layers.33.self_attn/aten::view/Reshape,Reshape,unknown_bf16,Status.EXECUTED,1.0,0.000
__module.model.language_model.layers.34.self_attn/aten::view/Reshape,Reshape,unknown_bf16,Status.EXECUTED,1.0,0.000
__module.model.language_model.layers.35.self_attn/aten::view/Reshape_2,Reshape,unknown_bf16,Status.EXECUTED,1.0,0.000
Assign_123121,Assign,unknown_f32,Status.EXECUTED,1.0,0.000
Assign_123123,Assign,unknown_f32,Status.EXECUTED,1.0,0.000
Assign_123125,Assign,unknown_f32,Status.EXECUTED,1.0,0.000
Assign_123127,Assign,unknown_f32,Status.EXECUTED,1.0,0.000
Assign_123169,Assign,unknown_f32,Status.EXECUTED,1.0,0.000
Assign_123171,Assign,unknown_f32,Status.EXECUTED,1.0,0.000
Assign_123213,Assign,unknown_f32,Status.EXECUTED,1.0,0.000
Assign_123215,Assign,unknown_f32,Status.EXECUTED,1.0,0.000
Assign_123243,Assign,unknown_f32,Status.EXECUTED,1.0,0.000
Assign_123245,Assign,unknown_f32,Status.EXECUTED,1.0,0.000
Assign_123247,Assign,unknown_f32,Status.EXECUTED,1.0,0.000
Assign_123249,Assign,unknown_f32,Status.EXECUTED,1.0,0.000
Assign_123251,Assign,unknown_f32,Status.EXECUTED,1.0,0.000
Assign_123255,Assign,unknown_f32,Status.EXECUTED,1.0,0.000
Assign_123257,Assign,unknown_f32,Status.EXECUTED,1.0,0.000
Assign_123259,Assign,unknown_f32,Status.EXECUTED,1.0,0.000
Assign_123261,Assign,unknown_f32,Status.EXECUTED,1.0,0.000
Assign_123239,Assign,unknown_f32,Status.EXECUTED,1.0,0.000
Assign_123129,Assign,unknown_f32,Status.EXECUTED,1.0,0.000
Assign_123131,Assign,unknown_f32,Status.EXECUTED,1.0,0.000
Assign_123133,Assign,unknown_f32,Status.EXECUTED,1.0,0.000
Assign_123135,Assign,unknown_f32,Status.EXECUTED,1.0,0.000
Assign_123137,Assign,unknown_f32,Status.EXECUTED,1.0,0.000
Assign_123139,Assign,unknown_f32,Status.EXECUTED,1.0,0.000
Assign_123141,Assign,unknown_f32,Status.EXECUTED,1.0,0.000
Assign_123143,Assign,unknown_f32,Status.EXECUTED,1.0,0.000
Assign_123145,Assign,unknown_f32,Status.EXECUTED,1.0,0.000
Assign_123147,Assign,unknown_f32,Status.EXECUTED,1.0,0.000
Assign_123149,Assign,unknown_f32,Status.EXECUTED,1.0,0.000
Assign_123151,Assign,unknown_f32,Status.EXECUTED,1.0,0.000
Assign_123153,Assign,unknown_f32,Status.EXECUTED,1.0,0.000
Assign_123155,Assign,unknown_f32,Status.EXECUTED,1.0,0.000
Assign_123157,Assign,unknown_f32,Status.EXECUTED,1.0,0.000
Assign_123159,Assign,unknown_f32,Status.EXECUTED,1.0,0.000
Assign_123161,Assign,unknown_f32,Status.EXECUTED,1.0,0.000
Assign_123163,Assign,unknown_f32,Status.EXECUTED,1.0,0.000
Assign_123165,Assign,unknown_f32,Status.EXECUTED,1.0,0.000
Assign_123167,Assign,unknown_f32,Status.EXECUTED,1.0,0.000
Assign_123173,Assign,unknown_f32,Status.EXECUTED,1.0,0.000
Assign_123175,Assign,unknown_f32,Status.EXECUTED,1.0,0.000
Assign_123177,Assign,unknown_f32,Status.EXECUTED,1.0,0.000
Assign_123179,Assign,unknown_f32,Status.EXECUTED,1.0,0.000
Assign_123181,Assign,unknown_f32,Status.EXECUTED,1.0,0.000
Assign_123183,Assign,unknown_f32,Status.EXECUTED,1.0,0.000
Assign_123185,Assign,unknown_f32,Status.EXECUTED,1.0,0.000
Assign_123189,Assign,unknown_f32,Status.EXECUTED,1.0,0.000
Assign_123191,Assign,unknown_f32,Status.EXECUTED,1.0,0.000
Assign_123193,Assign,unknown_f32,Status.EXECUTED,1.0,0.000
Assign_123197,Assign,unknown_f32,Status.EXECUTED,1.0,0.000
Assign_123199,Assign,unknown_f32,Status.EXECUTED,1.0,0.000
Assign_123201,Assign,unknown_f32,Status.EXECUTED,1.0,0.000
Assign_123203,Assign,unknown_f32,Status.EXECUTED,1.0,0.000
Assign_123205,Assign,unknown_f32,Status.EXECUTED,1.0,0.000
Assign_123207,Assign,unknown_f32,Status.EXECUTED,1.0,0.000
Assign_123209,Assign,unknown_f32,Status.EXECUTED,1.0,0.000
Assign_123211,Assign,unknown_f32,Status.EXECUTED,1.0,0.000
Assign_123217,Assign,unknown_f32,Status.EXECUTED,1.0,0.000
Assign_123219,Assign,unknown_f32,Status.EXECUTED,1.0,0.000
Assign_123221,Assign,unknown_f32,Status.EXECUTED,1.0,0.000
Assign_123223,Assign,unknown_f32,Status.EXECUTED,1.0,0.000
Assign_123225,Assign,unknown_f32,Status.EXECUTED,1.0,0.000
Assign_123227,Assign,unknown_f32,Status.EXECUTED,1.0,0.000
Assign_123229,Assign,unknown_f32,Status.EXECUTED,1.0,0.000
Assign_123231,Assign,unknown_f32,Status.EXECUTED,1.0,0.000
Assign_123233,Assign,unknown_f32,Status.EXECUTED,1.0,0.000
Assign_123235,Assign,unknown_f32,Status.EXECUTED,1.0,0.000
Assign_123237,Assign,unknown_f32,Status.EXECUTED,1.0,0.000
inputs_embeds,Parameter,unknown_f32,Status.NOT_RUN,0.0,0.000
Gather_39961,Gather,unknown_i32,Status.NOT_RUN,0.0,0.000
__module.model.language_model.layers.0.self_attn/aten::view/Reshape,Reshape,unknown_bf16,Status.NOT_RUN,0.0,0.000
position_ids,Parameter,unknown_i64,Status.NOT_RUN,0.0,0.000
Gather_39943,Gather,unknown_i32,Status.NOT_RUN,0.0,0.000
__module.model.language_model.rotary_emb/aten::unsqueeze/Unsqueeze_3,Unsqueeze,unknown_i32,Status.NOT_RUN,0.0,0.000
__module.model.language_model.rotary_emb/aten::select/Gather,Gather,unknown_f32,Status.NOT_RUN,0.0,0.000
SliceAssign_405/Reshape_0,Reshape,unknown_f32,Status.NOT_RUN,0.0,0.000
Gather_27555,ShapeOf,ref_f32,Status.NOT_RUN,0.0,0.000
SliceAssign_405/Reshape,Reshape,unknown_i32,Status.NOT_RUN,0.0,0.000
SliceAssign_405/Reshape_1,Reshape,unknown_i32,Status.NOT_RUN,0.0,0.000
__module.model.language_model.rotary_emb/aten::select/Gather_1,Gather,unknown_f32,Status.NOT_RUN,0.0,0.000
__module.model.language_model.rotary_emb/aten::copy_/ShapeOf,ShapeOf,ref_f32,Status.NOT_RUN,0.0,0.000
SliceAssign_405/Reshape_2,Reshape,unknown_f32,Status.NOT_RUN,0.0,0.000
SliceAssign_405/Reshape_3,Reshape,unknown_f32,Status.NOT_RUN,0.0,0.000
SliceAssign_434/Reshape_0,Reshape,unknown_f32,Status.NOT_RUN,0.0,0.000
SliceAssign_434/Reshape_1,Reshape,unknown_i32,Status.NOT_RUN,0.0,0.000
GatherAssign_406/Reshape_0,Reshape,unknown_f32,Status.NOT_RUN,0.0,0.000
GatherAssign_406/Reshape,Reshape,unknown_i32,Status.NOT_RUN,0.0,0.000
GatherAssign_406/Gather,Gather,unknown_i32,Status.NOT_RUN,0.0,0.000
GatherAssign_406/Reshape_1,Reshape,unknown_i32,Status.NOT_RUN,0.0,0.000
GatherAssign_406/Reshape_3,Reshape,unknown_f32,Status.NOT_RUN,0.0,0.000
__module.model.language_model.rotary_emb/aten::select/Gather_2,Gather,unknown_f32,Status.NOT_RUN,0.0,0.000
__module.model.language_model.rotary_emb/aten::copy_/Broadcast_1,Broadcast,ref_f32,Status.NOT_RUN,0.0,0.000
SliceAssign_434/Reshape_2,Reshape,unknown_f32,Status.NOT_RUN,0.0,0.000
SliceAssign_434/Reshape_3,Reshape,unknown_f32,Status.NOT_RUN,0.0,0.000
__module.model.language_model.layers.0.self_attn/aten::unsqueeze/Unsqueeze,Unsqueeze,unknown_f32,Status.NOT_RUN,0.0,0.000
__module.model.language_model.layers.0.self_attn/aten::unsqueeze/Unsqueeze_1,Unsqueeze,unknown_f32,Status.NOT_RUN,0.0,0.000
__module.model.language_model.layers.0.self_attn/aten::view/Reshape_1,Reshape,unknown_bf16,Status.NOT_RUN,0.0,0.000
__module.model.language_model.layers.0.self_attn/aten::view/Reshape_2,Reshape,unknown_bf16,Status.NOT_RUN,0.0,0.000
ShapeOf_39970,ShapeOf,ref_f32,Status.NOT_RUN,0.0,0.000
Gather_39973,Gather,unknown_i32,Status.NOT_RUN,0.0,0.000
Gather_39977,Gather,unknown_i32,Status.NOT_RUN,0.0,0.000
__module.model.language_model/aten::unsqueeze/Unsqueeze_2,Reshape,unknown_i32,Status.NOT_RUN,0.0,0.000
__module.model.language_model/aten::unsqueeze/Unsqueeze_5,Reshape,unknown_i32,Status.NOT_RUN,0.0,0.000
attention_mask,Parameter,unknown_i64,Status.NOT_RUN,0.0,0.000
Clamp_47368,Clamp,undef,Status.NOT_RUN,0.0,0.000
ShapeOf_47370,ShapeOf,ref_I8,Status.NOT_RUN,0.0,0.000
__module.model.language_model/aten::index/Reshape,Reshape,unknown_I8,Status.NOT_RUN,0.0,0.000
Squeeze_39978,Squeeze,unknown_i32,Status.NOT_RUN,0.0,0.000
__module.model.language_model/aten::unsqueeze/Unsqueeze_8,Reshape,unknown_i32,Status.NOT_RUN,0.0,0.000
__module.model.language_model/aten::index/Split,Split,unknown_i32,Status.NOT_RUN,0.0,0.000
__module.model.language_model/aten::index/Add,Add,undef,Status.NOT_RUN,0.0,0.000
__module.model.language_model/aten::index/Reshape_8,Reshape,unknown_I8,Status.NOT_RUN,0.0,0.000
ShapeOf_47423,ShapeOf,ref_i32,Status.NOT_RUN,0.0,0.000
__module.model.language_model/aten::index/Reshape_12,Reshape,unknown_I8,Status.NOT_RUN,0.0,0.000
Reshape_39982,Reshape,unknown_i32,Status.NOT_RUN,0.0,0.000
Unsqueeze_262,Reshape,unknown_i32,Status.NOT_RUN,0.0,0.000
__module.model.language_model/aten::__and__/BitwiseAnd,LogicalAnd,undef,Status.NOT_RUN,0.0,0.000
__module.model.language_model/aten::__and__/BitwiseAnd_1,LogicalAnd,undef,Status.NOT_RUN,0.0,0.000
__module.model.language_model/aten::expand/Broadcast,Multiply,undef,Status.NOT_RUN,0.0,0.000
__module.model.language_model/aten::where/Select,Select,undef,Status.NOT_RUN,0.0,0.000
Reshape_39986,Reshape,unknown_i32,Status.NOT_RUN,0.0,0.000
beam_idx,Parameter,unknown_i32,Status.NOT_RUN,0.0,0.000
__module.model.language_model.layers.0.self_attn/aten::reshape/Reshape_2,Reshape,unknown_bf16,Status.NOT_RUN,0.0,0.000
__module.model.language_model.layers.0.mlp.act_fn/aten::silu/Swish,SwishCPU,undef,Status.NOT_RUN,0.0,0.000
SliceAssign_1703/Reshape,Reshape,unknown_i32,Status.NOT_RUN,0.0,0.000
SliceAssign_1703/Reshape_1,Reshape,unknown_i32,Status.NOT_RUN,0.0,0.000
visual_pos_masks,Parameter,unknown_boolean,Status.NOT_RUN,0.0,0.000
__module.model.language_model/aten::index_put_/Transpose,Transpose,unknown_i32,Status.NOT_RUN,0.0,0.000
__module.model.language_model/aten::index/GatherND,GatherND,ref_any_f32,Status.NOT_RUN,0.0,0.000
deepstack_visual_embeds,Parameter,unknown_f32,Status.NOT_RUN,0.0,0.000
__module.model.language_model/aten::select/Gather,Gather,ref_any_f32,Status.NOT_RUN,0.0,0.000
__module.model.language_model/aten::add/Add_3,Add,jit_avx512_f32,Status.NOT_RUN,0.0,0.000
SliceAssign_1703/Reshape_2,Reshape,unknown_f32,Status.NOT_RUN,0.0,0.000
SliceAssign_1703/Reshape_3,Reshape,unknown_f32,Status.NOT_RUN,0.0,0.000
__module.model.language_model.layers.1.self_attn/aten::view/Reshape,Reshape,unknown_bf16,Status.NOT_RUN,0.0,0.000
__module.model.language_model.layers.1.self_attn/aten::view/Reshape_1,Reshape,unknown_bf16,Status.NOT_RUN,0.0,0.000
__module.model.language_model.layers.1.self_attn/aten::view/Reshape_2,Reshape,unknown_bf16,Status.NOT_RUN,0.0,0.000
__module.model.language_model.layers.1.self_attn/aten::reshape/Reshape_2,Reshape,unknown_bf16,Status.NOT_RUN,0.0,0.000
__module.model.language_model.layers.1.mlp.act_fn/aten::silu/Swish,SwishCPU,undef,Status.NOT_RUN,0.0,0.000
SliceAssign_2954/Reshape_3,Reshape,unknown_f32,Status.NOT_RUN,0.0,0.000
__module.model.language_model.layers.2.self_attn/aten::view/Reshape_1,Reshape,unknown_bf16,Status.NOT_RUN,0.0,0.000
__module.model.language_model.layers.2.self_attn/aten::view/Reshape_2,Reshape,unknown_bf16,Status.NOT_RUN,0.0,0.000
__module.model.language_model.layers.2.self_attn/aten::reshape/Reshape_2,Reshape,unknown_bf16,Status.NOT_RUN,0.0,0.000
__module.model.language_model.layers.2.mlp.act_fn/aten::silu/Swish,SwishCPU,undef,Status.NOT_RUN,0.0,0.000
SliceAssign_4205/Reshape_3,Reshape,unknown_f32,Status.NOT_RUN,0.0,0.000
__module.model.language_model.layers.3.self_attn/aten::view/Reshape_1,Reshape,unknown_bf16,Status.NOT_RUN,0.0,0.000
__module.model.language_model.layers.3.self_attn/aten::view/Reshape_2,Reshape,unknown_bf16,Status.NOT_RUN,0.0,0.000
__module.model.language_model.layers.3.self_attn/aten::reshape/Reshape_2,Reshape,unknown_bf16,Status.NOT_RUN,0.0,0.000
__module.model.language_model.layers.3.mlp.act_fn/aten::silu/Swish,SwishCPU,undef,Status.NOT_RUN,0.0,0.000
__module.model.language_model.layers.4.self_attn/aten::view/Reshape_1,Reshape,unknown_bf16,Status.NOT_RUN,0.0,0.000
__module.model.language_model.layers.4.self_attn/aten::view/Reshape_2,Reshape,unknown_bf16,Status.NOT_RUN,0.0,0.000
__module.model.language_model.layers.4.self_attn/aten::reshape/Reshape_2,Reshape,unknown_bf16,Status.NOT_RUN,0.0,0.000
__module.model.language_model.layers.4.mlp.act_fn/aten::silu/Swish,SwishCPU,undef,Status.NOT_RUN,0.0,0.000
__module.model.language_model.layers.5.self_attn/aten::view/Reshape_1,Reshape,unknown_bf16,Status.NOT_RUN,0.0,0.000
__module.model.language_model.layers.5.self_attn/aten::view/Reshape_2,Reshape,unknown_bf16,Status.NOT_RUN,0.0,0.000
__module.model.language_model.layers.5.self_attn/aten::reshape/Reshape_2,Reshape,unknown_bf16,Status.NOT_RUN,0.0,0.000
__module.model.language_model.layers.5.mlp.act_fn/aten::silu/Swish,SwishCPU,undef,Status.NOT_RUN,0.0,0.000
__module.model.language_model.layers.6.self_attn/aten::view/Reshape_1,Reshape,unknown_bf16,Status.NOT_RUN,0.0,0.000
__module.model.language_model.layers.6.self_attn/aten::view/Reshape_2,Reshape,unknown_bf16,Status.NOT_RUN,0.0,0.000
__module.model.language_model.layers.6.self_attn/aten::reshape/Reshape_2,Reshape,unknown_bf16,Status.NOT_RUN,0.0,0.000
__module.model.language_model.layers.6.mlp.act_fn/aten::silu/Swish,SwishCPU,undef,Status.NOT_RUN,0.0,0.000
__module.model.language_model.layers.7.self_attn/aten::view/Reshape_1,Reshape,unknown_bf16,Status.NOT_RUN,0.0,0.000
__module.model.language_model.layers.7.self_attn/aten::view/Reshape_2,Reshape,unknown_bf16,Status.NOT_RUN,0.0,0.000
__module.model.language_model.layers.7.self_attn/aten::reshape/Reshape_2,Reshape,unknown_bf16,Status.NOT_RUN,0.0,0.000
__module.model.language_model.layers.7.mlp.act_fn/aten::silu/Swish,SwishCPU,undef,Status.NOT_RUN,0.0,0.000
__module.model.language_model.layers.8.self_attn/aten::view/Reshape_1,Reshape,unknown_bf16,Status.NOT_RUN,0.0,0.000
__module.model.language_model.layers.8.self_attn/aten::view/Reshape_2,Reshape,unknown_bf16,Status.NOT_RUN,0.0,0.000
__module.model.language_model.layers.8.self_attn/aten::reshape/Reshape_2,Reshape,unknown_bf16,Status.NOT_RUN,0.0,0.000
__module.model.language_model.layers.8.mlp.act_fn/aten::silu/Swish,SwishCPU,undef,Status.NOT_RUN,0.0,0.000
__module.model.language_model.layers.9.self_attn/aten::view/Reshape_1,Reshape,unknown_bf16,Status.NOT_RUN,0.0,0.000
__module.model.language_model.layers.9.self_attn/aten::view/Reshape_2,Reshape,unknown_bf16,Status.NOT_RUN,0.0,0.000
__module.model.language_model.layers.9.self_attn/aten::reshape/Reshape_2,Reshape,unknown_bf16,Status.NOT_RUN,0.0,0.000
__module.model.language_model.layers.9.mlp.act_fn/aten::silu/Swish,SwishCPU,undef,Status.NOT_RUN,0.0,0.000
__module.model.language_model.layers.10.self_attn/aten::view/Reshape_1,Reshape,unknown_bf16,Status.NOT_RUN,0.0,0.000
__module.model.language_model.layers.10.self_attn/aten::view/Reshape_2,Reshape,unknown_bf16,Status.NOT_RUN,0.0,0.000
__module.model.language_model.layers.10.self_attn/aten::reshape/Reshape_2,Reshape,unknown_bf16,Status.NOT_RUN,0.0,0.000
__module.model.language_model.layers.10.mlp.act_fn/aten::silu/Swish,SwishCPU,undef,Status.NOT_RUN,0.0,0.000
__module.model.language_model.layers.11.self_attn/aten::view/Reshape_1,Reshape,unknown_bf16,Status.NOT_RUN,0.0,0.000
__module.model.language_model.layers.11.self_attn/aten::view/Reshape_2,Reshape,unknown_bf16,Status.NOT_RUN,0.0,0.000
__module.model.language_model.layers.11.self_attn/aten::reshape/Reshape_2,Reshape,unknown_bf16,Status.NOT_RUN,0.0,0.000
__module.model.language_model.layers.11.mlp.act_fn/aten::silu/Swish,SwishCPU,undef,Status.NOT_RUN,0.0,0.000
__module.model.language_model.layers.12.self_attn/aten::view/Reshape_1,Reshape,unknown_bf16,Status.NOT_RUN,0.0,0.000
__module.model.language_model.layers.12.self_attn/aten::view/Reshape_2,Reshape,unknown_bf16,Status.NOT_RUN,0.0,0.000
__module.model.language_model.layers.12.self_attn/aten::reshape/Reshape_2,Reshape,unknown_bf16,Status.NOT_RUN,0.0,0.000
__module.model.language_model.layers.12.mlp.act_fn/aten::silu/Swish,SwishCPU,undef,Status.NOT_RUN,0.0,0.000
__module.model.language_model.layers.13.self_attn/aten::view/Reshape_1,Reshape,unknown_bf16,Status.NOT_RUN,0.0,0.000
__module.model.language_model.layers.13.self_attn/aten::view/Reshape_2,Reshape,unknown_bf16,Status.NOT_RUN,0.0,0.000
__module.model.language_model.layers.13.self_attn/aten::reshape/Reshape_2,Reshape,unknown_bf16,Status.NOT_RUN,0.0,0.000
__module.model.language_model.layers.13.mlp.act_fn/aten::silu/Swish,SwishCPU,undef,Status.NOT_RUN,0.0,0.000
__module.model.language_model.layers.14.self_attn/aten::view/Reshape_1,Reshape,unknown_bf16,Status.NOT_RUN,0.0,0.000
__module.model.language_model.layers.14.self_attn/aten::view/Reshape_2,Reshape,unknown_bf16,Status.NOT_RUN,0.0,0.000
__module.model.language_model.layers.14.self_attn/aten::reshape/Reshape_2,Reshape,unknown_bf16,Status.NOT_RUN,0.0,0.000
__module.model.language_model.layers.14.mlp.act_fn/aten::silu/Swish,SwishCPU,undef,Status.NOT_RUN,0.0,0.000
__module.model.language_model.layers.15.self_attn/aten::view/Reshape_1,Reshape,unknown_bf16,Status.NOT_RUN,0.0,0.000
__module.model.language_model.layers.15.self_attn/aten::view/Reshape_2,Reshape,unknown_bf16,Status.NOT_RUN,0.0,0.000
__module.model.language_model.layers.15.self_attn/aten::reshape/Reshape_2,Reshape,unknown_bf16,Status.NOT_RUN,0.0,0.000
__module.model.language_model.layers.15.mlp.act_fn/aten::silu/Swish,SwishCPU,undef,Status.NOT_RUN,0.0,0.000
__module.model.language_model.layers.16.self_attn/aten::view/Reshape_1,Reshape,unknown_bf16,Status.NOT_RUN,0.0,0.000
__module.model.language_model.layers.16.self_attn/aten::view/Reshape_2,Reshape,unknown_bf16,Status.NOT_RUN,0.0,0.000
__module.model.language_model.layers.16.self_attn/aten::reshape/Reshape_2,Reshape,unknown_bf16,Status.NOT_RUN,0.0,0.000
__module.model.language_model.layers.16.mlp.act_fn/aten::silu/Swish,SwishCPU,undef,Status.NOT_RUN,0.0,0.000
__module.model.language_model.layers.17.self_attn/aten::view/Reshape_1,Reshape,unknown_bf16,Status.NOT_RUN,0.0,0.000
__module.model.language_model.layers.17.self_attn/aten::view/Reshape_2,Reshape,unknown_bf16,Status.NOT_RUN,0.0,0.000
__module.model.language_model.layers.17.self_attn/aten::reshape/Reshape_2,Reshape,unknown_bf16,Status.NOT_RUN,0.0,0.000
__module.model.language_model.layers.17.mlp.act_fn/aten::silu/Swish,SwishCPU,undef,Status.NOT_RUN,0.0,0.000
__module.model.language_model.layers.18.self_attn/aten::view/Reshape_1,Reshape,unknown_bf16,Status.NOT_RUN,0.0,0.000
__module.model.language_model.layers.18.self_attn/aten::view/Reshape_2,Reshape,unknown_bf16,Status.NOT_RUN,0.0,0.000
__module.model.language_model.layers.18.self_attn/aten::reshape/Reshape_2,Reshape,unknown_bf16,Status.NOT_RUN,0.0,0.000
__module.model.language_model.layers.18.mlp.act_fn/aten::silu/Swish,SwishCPU,undef,Status.NOT_RUN,0.0,0.000
__module.model.language_model.layers.19.self_attn/aten::view/Reshape_1,Reshape,unknown_bf16,Status.NOT_RUN,0.0,0.000
__module.model.language_model.layers.19.self_attn/aten::view/Reshape_2,Reshape,unknown_bf16,Status.NOT_RUN,0.0,0.000
__module.model.language_model.layers.19.self_attn/aten::reshape/Reshape_2,Reshape,unknown_bf16,Status.NOT_RUN,0.0,0.000
__module.model.language_model.layers.19.mlp.act_fn/aten::silu/Swish,SwishCPU,undef,Status.NOT_RUN,0.0,0.000
__module.model.language_model.layers.20.self_attn/aten::view/Reshape_1,Reshape,unknown_bf16,Status.NOT_RUN,0.0,0.000
__module.model.language_model.layers.20.self_attn/aten::view/Reshape_2,Reshape,unknown_bf16,Status.NOT_RUN,0.0,0.000
__module.model.language_model.layers.20.self_attn/aten::reshape/Reshape_2,Reshape,unknown_bf16,Status.NOT_RUN,0.0,0.000
__module.model.language_model.layers.20.mlp.act_fn/aten::silu/Swish,SwishCPU,undef,Status.NOT_RUN,0.0,0.000
__module.model.language_model.layers.21.self_attn/aten::view/Reshape_1,Reshape,unknown_bf16,Status.NOT_RUN,0.0,0.000
__module.model.language_model.layers.21.self_attn/aten::view/Reshape_2,Reshape,unknown_bf16,Status.NOT_RUN,0.0,0.000
__module.model.language_model.layers.21.self_attn/aten::reshape/Reshape_2,Reshape,unknown_bf16,Status.NOT_RUN,0.0,0.000
__module.model.language_model.layers.21.mlp.act_fn/aten::silu/Swish,SwishCPU,undef,Status.NOT_RUN,0.0,0.000
__module.model.language_model.layers.22.self_attn/aten::view/Reshape_1,Reshape,unknown_bf16,Status.NOT_RUN,0.0,0.000
__module.model.language_model.layers.22.self_attn/aten::view/Reshape_2,Reshape,unknown_bf16,Status.NOT_RUN,0.0,0.000
__module.model.language_model.layers.22.self_attn/aten::reshape/Reshape_2,Reshape,unknown_bf16,Status.NOT_RUN,0.0,0.000
__module.model.language_model.layers.22.mlp.act_fn/aten::silu/Swish,SwishCPU,undef,Status.NOT_RUN,0.0,0.000
__module.model.language_model.layers.23.self_attn/aten::view/Reshape_1,Reshape,unknown_bf16,Status.NOT_RUN,0.0,0.000
__module.model.language_model.layers.23.self_attn/aten::view/Reshape_2,Reshape,unknown_bf16,Status.NOT_RUN,0.0,0.000
__module.model.language_model.layers.23.self_attn/aten::reshape/Reshape_2,Reshape,unknown_bf16,Status.NOT_RUN,0.0,0.000
__module.model.language_model.layers.23.mlp.act_fn/aten::silu/Swish,SwishCPU,undef,Status.NOT_RUN,0.0,0.000
__module.model.language_model.layers.24.self_attn/aten::view/Reshape_1,Reshape,unknown_bf16,Status.NOT_RUN,0.0,0.000
__module.model.language_model.layers.24.self_attn/aten::view/Reshape_2,Reshape,unknown_bf16,Status.NOT_RUN,0.0,0.000
__module.model.language_model.layers.24.self_attn/aten::reshape/Reshape_2,Reshape,unknown_bf16,Status.NOT_RUN,0.0,0.000
__module.model.language_model.layers.24.mlp.act_fn/aten::silu/Swish,SwishCPU,undef,Status.NOT_RUN,0.0,0.000
__module.model.language_model.layers.25.self_attn/aten::view/Reshape_1,Reshape,unknown_bf16,Status.NOT_RUN,0.0,0.000
__module.model.language_model.layers.25.self_attn/aten::view/Reshape_2,Reshape,unknown_bf16,Status.NOT_RUN,0.0,0.000
__module.model.language_model.layers.25.self_attn/aten::reshape/Reshape_2,Reshape,unknown_bf16,Status.NOT_RUN,0.0,0.000
__module.model.language_model.layers.25.mlp.act_fn/aten::silu/Swish,SwishCPU,undef,Status.NOT_RUN,0.0,0.000
__module.model.language_model.layers.26.self_attn/aten::view/Reshape_1,Reshape,unknown_bf16,Status.NOT_RUN,0.0,0.000
__module.model.language_model.layers.26.self_attn/aten::view/Reshape_2,Reshape,unknown_bf16,Status.NOT_RUN,0.0,0.000
__module.model.language_model.layers.26.self_attn/aten::reshape/Reshape_2,Reshape,unknown_bf16,Status.NOT_RUN,0.0,0.000
__module.model.language_model.layers.26.mlp.act_fn/aten::silu/Swish,SwishCPU,undef,Status.NOT_RUN,0.0,0.000
__module.model.language_model.layers.27.self_attn/aten::view/Reshape_1,Reshape,unknown_bf16,Status.NOT_RUN,0.0,0.000
__module.model.language_model.layers.27.self_attn/aten::view/Reshape_2,Reshape,unknown_bf16,Status.NOT_RUN,0.0,0.000
__module.model.language_model.layers.27.self_attn/aten::reshape/Reshape_2,Reshape,unknown_bf16,Status.NOT_RUN,0.0,0.000
__module.model.language_model.layers.27.mlp.act_fn/aten::silu/Swish,SwishCPU,undef,Status.NOT_RUN,0.0,0.000
__module.model.language_model.layers.28.self_attn/aten::view/Reshape_1,Reshape,unknown_bf16,Status.NOT_RUN,0.0,0.000
__module.model.language_model.layers.28.self_attn/aten::view/Reshape_2,Reshape,unknown_bf16,Status.NOT_RUN,0.0,0.000
__module.model.language_model.layers.28.self_attn/aten::reshape/Reshape_2,Reshape,unknown_bf16,Status.NOT_RUN,0.0,0.000
__module.model.language_model.layers.28.mlp.act_fn/aten::silu/Swish,SwishCPU,undef,Status.NOT_RUN,0.0,0.000
__module.model.language_model.layers.29.self_attn/aten::view/Reshape_1,Reshape,unknown_bf16,Status.NOT_RUN,0.0,0.000
__module.model.language_model.layers.29.self_attn/aten::view/Reshape_2,Reshape,unknown_bf16,Status.NOT_RUN,0.0,0.000
__module.model.language_model.layers.29.self_attn/aten::reshape/Reshape_2,Reshape,unknown_bf16,Status.NOT_RUN,0.0,0.000
__module.model.language_model.layers.29.mlp.act_fn/aten::silu/Swish,SwishCPU,undef,Status.NOT_RUN,0.0,0.000
__module.model.language_model.layers.30.self_attn/aten::view/Reshape_1,Reshape,unknown_bf16,Status.NOT_RUN,0.0,0.000
__module.model.language_model.layers.30.self_attn/aten::view/Reshape_2,Reshape,unknown_bf16,Status.NOT_RUN,0.0,0.000
__module.model.language_model.layers.30.self_attn/aten::reshape/Reshape_2,Reshape,unknown_bf16,Status.NOT_RUN,0.0,0.000
__module.model.language_model.layers.30.mlp.act_fn/aten::silu/Swish,SwishCPU,undef,Status.NOT_RUN,0.0,0.000
__module.model.language_model.layers.31.self_attn/aten::view/Reshape_1,Reshape,unknown_bf16,Status.NOT_RUN,0.0,0.000
__module.model.language_model.layers.31.self_attn/aten::view/Reshape_2,Reshape,unknown_bf16,Status.NOT_RUN,0.0,0.000
__module.model.language_model.layers.31.self_attn/aten::reshape/Reshape_2,Reshape,unknown_bf16,Status.NOT_RUN,0.0,0.000
__module.model.language_model.layers.31.mlp.act_fn/aten::silu/Swish,SwishCPU,undef,Status.NOT_RUN,0.0,0.000
__module.model.language_model.layers.32.self_attn/aten::view/Reshape_1,Reshape,unknown_bf16,Status.NOT_RUN,0.0,0.000
__module.model.language_model.layers.32.self_attn/aten::view/Reshape_2,Reshape,unknown_bf16,Status.NOT_RUN,0.0,0.000
__module.model.language_model.layers.32.self_attn/aten::reshape/Reshape_2,Reshape,unknown_bf16,Status.NOT_RUN,0.0,0.000
__module.model.language_model.layers.32.mlp.act_fn/aten::silu/Swish,SwishCPU,undef,Status.NOT_RUN,0.0,0.000
__module.model.language_model.layers.33.self_attn/aten::view/Reshape_1,Reshape,unknown_bf16,Status.NOT_RUN,0.0,0.000
__module.model.language_model.layers.33.self_attn/aten::view/Reshape_2,Reshape,unknown_bf16,Status.NOT_RUN,0.0,0.000
__module.model.language_model.layers.33.self_attn/aten::reshape/Reshape_2,Reshape,unknown_bf16,Status.NOT_RUN,0.0,0.000
__module.model.language_model.layers.33.mlp.act_fn/aten::silu/Swish,SwishCPU,undef,Status.NOT_RUN,0.0,0.000
__module.model.language_model.layers.34.self_attn/aten::view/Reshape_1,Reshape,unknown_bf16,Status.NOT_RUN,0.0,0.000
__module.model.language_model.layers.34.self_attn/aten::view/Reshape_2,Reshape,unknown_bf16,Status.NOT_RUN,0.0,0.000
__module.model.language_model.layers.34.self_attn/aten::reshape/Reshape_2,Reshape,unknown_bf16,Status.NOT_RUN,0.0,0.000
__module.model.language_model.layers.34.mlp.act_fn/aten::silu/Swish,SwishCPU,undef,Status.NOT_RUN,0.0,0.000
__module.model.language_model.layers.35.self_attn/aten::view/Reshape_1,Reshape,unknown_bf16,Status.NOT_RUN,0.0,0.000
__module.model.language_model.layers.35.self_attn/aten::view/Reshape,Reshape,unknown_bf16,Status.NOT_RUN,0.0,0.000
__module.model.language_model.layers.35.self_attn/aten::reshape/Reshape_2,Reshape,unknown_bf16,Status.NOT_RUN,0.0,0.000
__module.model.language_model.layers.35.mlp.act_fn/aten::silu/Swish,SwishCPU,undef,Status.NOT_RUN,0.0,0.000
Result_44730,Result,unknown_f32,Status.NOT_RUN,0.0,0.000
Result_14269,Result,unknown_f32,Status.NOT_RUN,0.0,0.000
Result_14270,Result,unknown_f32,Status.NOT_RUN,0.0,0.000
stub_0___module.model.language_model/aten::index/Split,Result,unknown_i32,Status.NOT_RUN,0.0,0.000
Assign_123187,Assign,unknown_f32,Status.NOT_RUN,0.0,0.000
Assign_123195,Assign,unknown_f32,Status.NOT_RUN,0.0,0.000
