status,node_name,layer_type,exec_type,real_time
Status.NOT_RUN,inputs_embeds,,unknown_f32,0.0
Status.EXECUTED,ShapeOf_44992,,ref_f32,1.0
Status.NOT_RUN,Gather_44995,,unknown_i32,0.0
Status.EXECUTED,Concat_123800,,ref_i32,2.0
Status.EXECUTED,Broadcast_123803,,ref_f32,1.0
Status.EXECUTED,ReadValue_123262,,unknown_f32,2.0
Status.EXECUTED,ReadValue_123120,,unknown_f32,1.0
Status.EXECUTED,ReadValue_123122,,unknown_f32,1.0
Status.EXECUTED,ReadValue_123124,,unknown_f32,1.0
Status.EXECUTED,ReadValue_123126,,unknown_f32,1.0
Status.EXECUTED,ReadValue_123168,,unknown_f32,1.0
Status.EXECUTED,ReadValue_123170,,unknown_f32,1.0
Status.EXECUTED,ReadValue_123212,,unknown_f32,1.0
Status.EXECUTED,ReadValue_123214,,unknown_f32,1.0
Status.EXECUTED,ReadValue_123240,,unknown_f32,1.0
Status.EXECUTED,ReadValue_123242,,unknown_f32,1.0
Status.NOT_RUN,ReadValue_123244,,unknown_f32,0.0
Status.EXECUTED,ReadValue_123246,,unknown_f32,1.0
Status.EXECUTED,ReadValue_123248,,unknown_f32,1.0
Status.EXECUTED,ReadValue_123250,,unknown_f32,1.0
Status.EXECUTED,ReadValue_123252,,unknown_f32,1.0
Status.EXECUTED,ReadValue_123254,,unknown_f32,1.0
Status.EXECUTED,ReadValue_123256,,unknown_f32,1.0
Status.EXECUTED,ReadValue_123258,,unknown_f32,1.0
Status.EXECUTED,ReadValue_123260,,unknown_f32,1.0
Status.NOT_RUN,ReadValue_123238,,unknown_f32,0.0
Status.EXECUTED,ReadValue_123128,,unknown_f32,1.0
Status.EXECUTED,ReadValue_123130,,unknown_f32,1.0
Status.EXECUTED,ReadValue_123132,,unknown_f32,1.0
Status.EXECUTED,ReadValue_123134,,unknown_f32,1.0
Status.EXECUTED,ReadValue_123136,,unknown_f32,1.0
Status.EXECUTED,ReadValue_123138,,unknown_f32,1.0
Status.EXECUTED,ReadValue_123140,,unknown_f32,1.0
Status.NOT_RUN,ReadValue_123142,,unknown_f32,0.0
Status.NOT_RUN,ReadValue_123144,,unknown_f32,0.0
Status.EXECUTED,ReadValue_123146,,unknown_f32,1.0
Status.EXECUTED,ReadValue_123148,,unknown_f32,1.0
Status.EXECUTED,ReadValue_123150,,unknown_f32,1.0
Status.EXECUTED,ReadValue_123152,,unknown_f32,1.0
Status.EXECUTED,ReadValue_123154,,unknown_f32,1.0
Status.EXECUTED,ReadValue_123156,,unknown_f32,1.0
Status.EXECUTED,ReadValue_123158,,unknown_f32,1.0
Status.NOT_RUN,ReadValue_123160,,unknown_f32,0.0
Status.NOT_RUN,ReadValue_123162,,unknown_f32,0.0
Status.NOT_RUN,ReadValue_123164,,unknown_f32,0.0
Status.EXECUTED,ReadValue_123166,,unknown_f32,1.0
Status.EXECUTED,ReadValue_123172,,unknown_f32,1.0
Status.NOT_RUN,ReadValue_123174,,unknown_f32,0.0
Status.EXECUTED,ReadValue_123176,,unknown_f32,1.0
Status.EXECUTED,ReadValue_123178,,unknown_f32,1.0
Status.EXECUTED,ReadValue_123180,,unknown_f32,1.0
Status.NOT_RUN,ReadValue_123182,,unknown_f32,0.0
Status.EXECUTED,ReadValue_123184,,unknown_f32,1.0
Status.EXECUTED,ReadValue_123186,,unknown_f32,1.0
Status.EXECUTED,ReadValue_123188,,unknown_f32,1.0
Status.NOT_RUN,ReadValue_123190,,unknown_f32,0.0
Status.EXECUTED,ReadValue_123192,,unknown_f32,1.0
Status.NOT_RUN,ReadValue_123194,,unknown_f32,0.0
Status.EXECUTED,ReadValue_123196,,unknown_f32,1.0
Status.EXECUTED,ReadValue_123198,,unknown_f32,1.0
Status.NOT_RUN,ReadValue_123200,,unknown_f32,0.0
Status.NOT_RUN,ReadValue_123202,,unknown_f32,0.0
Status.NOT_RUN,ReadValue_123204,,unknown_f32,0.0
Status.EXECUTED,ReadValue_123206,,unknown_f32,1.0
Status.EXECUTED,ReadValue_123208,,unknown_f32,1.0
Status.NOT_RUN,ReadValue_123210,,unknown_f32,0.0
Status.NOT_RUN,ReadValue_123216,,unknown_f32,0.0
Status.EXECUTED,ReadValue_123218,,unknown_f32,1.0
Status.NOT_RUN,ReadValue_123220,,unknown_f32,0.0
Status.EXECUTED,ReadValue_123222,,unknown_f32,1.0
Status.EXECUTED,ReadValue_123224,,unknown_f32,1.0
Status.EXECUTED,ReadValue_123226,,unknown_f32,1.0
Status.NOT_RUN,ReadValue_123228,,unknown_f32,0.0
Status.NOT_RUN,ReadValue_123230,,unknown_f32,0.0
Status.NOT_RUN,ReadValue_123232,,unknown_f32,0.0
Status.NOT_RUN,ReadValue_123234,,unknown_f32,0.0
Status.EXECUTED,ReadValue_123236,,unknown_f32,1.0
Status.EXECUTED,inputs_embeds_f32_bf16___module.model.language_model.layers.0.input_layernorm/aten::mul/Multiply_1,,jit_uni_f32,47.0
Status.EXECUTED,__module.model.language_model.layers.0.input_layernorm/aten::mul/Multiply_1,,jit_avx512_bf16,22.0
Status.EXECUTED,__module.model.language_model.layers.0.self_attn.q_proj/aten::linear/MatMul,,brgemm_avx512_bf16,849.0
Status.NOT_RUN,__module.model.language_model.layers.0.self_attn/aten::view/Reshape,,unknown_bf16,0.0
Status.EXECUTED,__module.model.language_model.layers.0.self_attn.q_norm/aten::mul/Multiply_1,,jit_avx512_bf16,20.0
Status.NOT_RUN,position_ids,,unknown_i64,0.0
Status.EXECUTED,Convert_54665,,ref_i64,12.0
Status.NOT_RUN,ShapeOf_44974,,ref_i32,0.0
Status.NOT_RUN,Gather_44977,,unknown_i32,0.0
Status.EXECUTED,__module.model.language_model.rotary_emb/prim::ListConstruct/SequenceMark,,ref_i32,1.0
Status.EXECUTED,Broadcast_57355,,ref_f32,1.0
Status.EXECUTED,__module.model.language_model.rotary_emb/aten::expand/Broadcast,,jit_avx512_f32,8.0
Status.NOT_RUN,__module.model.language_model.rotary_emb/aten::unsqueeze/Unsqueeze_3,,unknown_i32,0.0
Status.EXECUTED,__module.model.language_model.rotary_emb/aten::to/Convert_2,,ref_i32,7.0
Status.EXECUTED,__module.model.language_model.rotary_emb/aten::matmul/MatMul,,brgemm_avx512_f32,21.0
Status.EXECUTED,__module.model.language_model.rotary_emb/aten::transpose/Transpose,,unknown_f32,9.0
Status.EXECUTED,__module.model.language_model.rotary_emb/aten::transpose/Transpose_____module.model.language_model.rotary_emb/aten::select/Gather,,jit_uni_f32,8.0
Status.NOT_RUN,__module.model.language_model.rotary_emb/aten::select/Gather,,unknown_f32,0.0
Status.NOT_RUN,SliceAssign_405/Reshape_0,,unknown_f32,0.0
Status.NOT_RUN,Gather_32157,,ref_f32,0.0
Status.NOT_RUN,ShapeOf_98349,,ref_any_i32,0.0
Status.NOT_RUN,SliceAssign_405/ShapeOf,,ref_any_i32,0.0
Status.EXECUTED,SliceAssign_405/ReduceProd,,jit_avx512_i32,4.0
Status.EXECUTED,SliceAssign_405/Range,,ref_any_i32,10.0
Status.NOT_RUN,SliceAssign_405/Reshape,,unknown_i32,0.0
Status.EXECUTED,SliceAssign_405/Slice,,ref_i32,9.0
Status.NOT_RUN,SliceAssign_405/Reshape_1,,unknown_i32,0.0
Status.NOT_RUN,__module.model.language_model.rotary_emb/aten::select/Gather_1,,unknown_f32,0.0
Status.EXECUTED,__module.model.language_model.rotary_emb/aten::slice/Slice_4,,ref_f32,7.0
Status.EXECUTED,__module.model.language_model.rotary_emb/aten::slice/Slice_5,,ref_f32,6.0
Status.NOT_RUN,__module.model.language_model.rotary_emb/aten::copy_/ShapeOf,,ref_f32,0.0
Status.EXECUTED,__module.model.language_model.rotary_emb/aten::copy_/Broadcast,,ref_f32,1.0
Status.NOT_RUN,SliceAssign_405/Reshape_2,,unknown_f32,0.0
Status.EXECUTED,SliceAssign_405/ScatterNDUpdate,,unknown_f32,12.0
Status.NOT_RUN,SliceAssign_405/Reshape_3,,unknown_f32,0.0
Status.NOT_RUN,SliceAssign_434/Reshape_0,,unknown_f32,0.0
Status.EXECUTED,SliceAssign_434/Slice,,ref_i32,7.0
Status.NOT_RUN,SliceAssign_434/Reshape_1,,unknown_i32,0.0
Status.NOT_RUN,GatherAssign_406/Reshape_0,,unknown_f32,0.0
Status.EXECUTED,GatherAssign_406/ReduceProd,,jit_avx512_i32,1.0
Status.EXECUTED,GatherAssign_406/Range,,ref_any_i32,9.0
Status.NOT_RUN,GatherAssign_406/Reshape,,unknown_i32,0.0
Status.NOT_RUN,GatherAssign_406/Gather,,unknown_i32,0.0
Status.NOT_RUN,GatherAssign_406/Reshape_1,,unknown_i32,0.0
Status.EXECUTED,GatherAssign_406/ScatterNDUpdate,,unknown_f32,9.0
Status.NOT_RUN,GatherAssign_406/Reshape_3,,unknown_f32,0.0
Status.NOT_RUN,__module.model.language_model.rotary_emb/aten::select/Gather_2,,unknown_f32,0.0
Status.EXECUTED,__module.model.language_model.rotary_emb/aten::slice/Slice_6,,ref_f32,7.0
Status.EXECUTED,__module.model.language_model.rotary_emb/aten::copy_/Broadcast_1,,ref_f32,2.0
Status.NOT_RUN,SliceAssign_434/Reshape_2,,unknown_f32,0.0
Status.EXECUTED,SliceAssign_434/ScatterNDUpdate,,unknown_f32,7.0
Status.NOT_RUN,SliceAssign_434/Reshape_3,,unknown_f32,0.0
Status.EXECUTED,__module.model.language_model.rotary_emb/aten::cat/Concat,,ref_f32,9.0
Status.EXECUTED,__module.model.language_model.rotary_emb/aten::cos/Cos,,ref_any_f32,16.0
Status.NOT_RUN,__module.model.language_model.layers.0.self_attn/aten::unsqueeze/Unsqueeze,,unknown_f32,0.0
Status.EXECUTED,__module.model.language_model.rotary_emb/aten::sin/Sin,,ref_any_f32,12.0
Status.NOT_RUN,__module.model.language_model.layers.0.self_attn/aten::unsqueeze/Unsqueeze_1,,unknown_f32,0.0
Status.EXECUTED,__module.model.language_model.layers.0.self_attn/aten::add/Add,,ref_any_bf16,25.0
Status.EXECUTED,__module.model.language_model.layers.0.self_attn.k_proj/aten::linear/MatMul,,brgemm_avx512_bf16,272.0
Status.NOT_RUN,__module.model.language_model.layers.0.self_attn/aten::view/Reshape_1,,unknown_bf16,0.0
Status.EXECUTED,__module.model.language_model.layers.0.self_attn.k_norm/aten::mul/Multiply_1,,jit_avx512_bf16,9.0
Status.EXECUTED,__module.model.language_model.layers.0.self_attn/aten::add/Add_1,,ref_any_bf16,11.0
Status.EXECUTED,__module.model.language_model.layers.0.self_attn.v_proj/aten::linear/MatMul,,brgemm_avx512_bf16,264.0
Status.NOT_RUN,__module.model.language_model.layers.0.self_attn/aten::view/Reshape_2,,unknown_bf16,0.0
Status.EXECUTED,__module.model.language_model.layers.0.self_attn/aten::transpose/Transpose_2,,unknown_bf16,12.0
Status.NOT_RUN,ShapeOf_45004,,ref_f32,0.0
Status.NOT_RUN,Gather_45007,,unknown_i32,0.0
Status.NOT_RUN,Gather_45011,,unknown_i32,0.0
Status.EXECUTED,__module.model.language_model/aten::add/Add_1,,jit_avx512_i32,5.0
Status.EXECUTED,__module.model.language_model/aten::arange/Range_1,,ref_any_i32,6.0
Status.NOT_RUN,__module.model.language_model/aten::unsqueeze/Unsqueeze_2,,unknown_i32,0.0
Status.EXECUTED,__module.model.language_model/aten::arange/Range,,ref_any_i32,4.0
Status.NOT_RUN,__module.model.language_model/aten::unsqueeze/Unsqueeze_5,,unknown_i32,0.0
Status.NOT_RUN,attention_mask,,unknown_i64,0.0
Status.EXECUTED,Convert_54933,,ref_i64,6.0
Status.EXECUTED,Abs_54934,,jit_avx512_i32,4.0
Status.NOT_RUN,Clamp_54935,,undef,0.0
Status.EXECUTED,__module.model.language_model/aten::to/Convert_1,,ref_i32,5.0
Status.NOT_RUN,ShapeOf_54937,,ref_I8,0.0
Status.NOT_RUN,__module.model.language_model/aten::index/ReduceProd,,jit_avx512_i32,0.0
Status.NOT_RUN,__module.model.language_model/aten::index/Concat,,ref_i32,0.0
Status.NOT_RUN,__module.model.language_model/aten::index/Reshape,,unknown_I8,0.0
Status.NOT_RUN,Squeeze_45012,,unknown_i32,0.0
Status.EXECUTED,__module.model.language_model/aten::arange/Range_2,,ref_any_i32,4.0
Status.NOT_RUN,__module.model.language_model/aten::unsqueeze/Unsqueeze_8,,unknown_i32,0.0
Status.NOT_RUN,__module.model.language_model/aten::index/Split,,unknown_i32,0.0
Status.EXECUTED,__module.model.language_model/aten::index/Multiply,,jit_avx512_i32,5.0
Status.NOT_RUN,__module.model.language_model/aten::index/Add,,undef,0.0
Status.EXECUTED,__module.model.language_model/aten::index/Gather,,jit_avx512_I8,6.0
Status.NOT_RUN,__module.model.language_model/aten::index/Reshape_8,,unknown_I8,0.0
Status.NOT_RUN,ShapeOf_54990,,ref_i32,0.0
Status.NOT_RUN,__module.model.language_model/aten::index/Reshape_12,,unknown_I8,0.0
Status.NOT_RUN,Reshape_45016,,unknown_i32,0.0
Status.NOT_RUN,Unsqueeze_262,,unknown_i32,0.0
Status.EXECUTED,__module.model.language_model/prim::ListConstruct/SequenceMark,,ref_i32,1.0
Status.EXECUTED,Broadcast_57369,,ref_I8,2.0
Status.EXECUTED,__module.model.language_model/aten::le/LessEqual,,jit_avx512_i32,9.0
Status.NOT_RUN,__module.model.language_model/aten::__and__/BitwiseAnd,,undef,0.0
Status.NOT_RUN,__module.model.language_model/aten::__and__/BitwiseAnd_1,,undef,0.0
Status.NOT_RUN,__module.model.language_model/aten::expand/Broadcast,,undef,0.0
Status.NOT_RUN,__module.model.language_model/aten::where/Select,,undef,0.0
Status.NOT_RUN,Reshape_45020,,unknown_i32,0.0
Status.EXECUTED,Add_110774,,jit_avx512_i32,5.0
Status.EXECUTED,__module.model.language_model.layers.0.self_attn/aten::slice/Slice_15,,ref_bf16,5.0
Status.NOT_RUN,beam_idx,,unknown_i32,0.0
Status.EXECUTED,__module.model.language_model.layers.0.self_attn/aten::scaled_dot_product_attention/ScaledDotProductAttention,,avx512_bf16,253.00000000000003
Status.EXECUTED,__module.model.language_model.layers.0.self_attn/aten::transpose/Transpose_3,,unknown_bf16,43.0
Status.NOT_RUN,__module.model.language_model.layers.0.self_attn/aten::reshape/Reshape_2,,unknown_bf16,0.0
Status.EXECUTED,__module.model.language_model.layers.0.self_attn.o_proj/aten::linear/MatMul,,brgemm_avx512_bf16,853.0
Status.EXECUTED,__module.model.language_model.layers.0.self_attn.o_proj/aten::linear/MatMul_bf16_f32___module.model.language_model.layers.0/aten::add/Add,,jit_uni_bf16,36.0
Status.EXECUTED,__module.model.language_model.layers.0/aten::add/Add,,jit_avx512_f32,60.0
Status.EXECUTED,__module.model.language_model.layers.0/aten::add/Add_f32_bf16___module.model.language_model.layers.0.post_attention_layernorm/aten::mul/Multiply_1,,jit_uni_f32,25.0
Status.EXECUTED,__module.model.language_model.layers.0.post_attention_layernorm/aten::mul/Multiply_1,,jit_avx512_bf16,24.0
Status.EXECUTED,__module.model.language_model.layers.0.mlp.gate_proj/aten::linear/MatMul,,brgemm_avx512_bf16,2459.0
Status.NOT_RUN,__module.model.language_model.layers.0.mlp.act_fn/aten::silu/Swish,,undef,0.0
Status.EXECUTED,__module.model.language_model.layers.0.mlp.up_proj/aten::linear/MatMul,,brgemm_avx512_bf16,2507.0
Status.EXECUTED,__module.model.language_model.layers.0.mlp/aten::mul/Multiply,,jit_avx512_bf16,93.0
Status.EXECUTED,__module.model.language_model.layers.0.mlp.down_proj/aten::linear/MatMul,,brgemm_avx512_bf16,2445.0
Status.EXECUTED,__module.model.language_model.layers.0.mlp.down_proj/aten::linear/MatMul_bf16_f32___module.model.language_model.layers.0/aten::add/Add_1,,jit_uni_bf16,34.0
Status.EXECUTED,__module.model.language_model.layers.0/aten::add/Add_1,,jit_avx512_f32,68.0
Status.EXECUTED,__module.model.language_model.layers.0/aten::add/Add_1___SliceAssign_1703/Reshape_0,,jit_uni_f32,26.0
Status.NOT_RUN,SliceAssign_1703/Reshape_0,,unknown_f32,0.0
Status.EXECUTED,SliceAssign_1703/ReduceProd,,jit_avx512_i32,3.0
Status.EXECUTED,SliceAssign_1703/Range,,ref_any_i32,53.0
Status.NOT_RUN,SliceAssign_1703/Reshape,,unknown_i32,0.0
Status.NOT_RUN,SliceAssign_1703/Reshape_1,,unknown_i32,0.0
Status.NOT_RUN,visual_pos_masks,,unknown_boolean,0.0
Status.EXECUTED,Convert_54666,,ref_boolean,13.0
Status.EXECUTED,__module.model.language_model/aten::index_put_/NonZero,,ref_I8,4.0
Status.NOT_RUN,__module.model.language_model/aten::index_put_/Transpose,,unknown_i32,0.0
Status.NOT_RUN,__module.model.language_model/aten::index/GatherND,,ref_any_f32,0.0
Status.NOT_RUN,deepstack_visual_embeds,,unknown_f32,0.0
Status.NOT_RUN,__module.model.language_model/aten::select/Gather,,ref_any_f32,0.0
Status.NOT_RUN,__module.model.language_model/aten::add/Add_3,,jit_avx512_f32,0.0
Status.NOT_RUN,__module.model.language_model/aten::index_put_/ScatterNDUpdate,,unknown_f32,0.0
Status.NOT_RUN,SliceAssign_1703/Reshape_2,,unknown_f32,0.0
Status.EXECUTED,SliceAssign_1703/ScatterNDUpdate,,unknown_f32,150.0
Status.NOT_RUN,SliceAssign_1703/Reshape_3,,unknown_f32,0.0
Status.EXECUTED,SliceAssign_1703/Reshape_3_f32_bf16___module.model.language_model.layers.1.input_layernorm/aten::mul/Multiply_1,,jit_uni_f32,17.0
Status.EXECUTED,__module.model.language_model.layers.1.input_layernorm/aten::mul/Multiply_1,,jit_avx512_bf16,21.0
Status.EXECUTED,__module.model.language_model.layers.1.self_attn.q_proj/aten::linear/MatMul,,brgemm_avx512_bf16,826.0
Status.NOT_RUN,__module.model.language_model.layers.1.self_attn/aten::view/Reshape,,unknown_bf16,0.0
Status.EXECUTED,__module.model.language_model.layers.1.self_attn.q_norm/aten::mul/Multiply_1,,jit_avx512_bf16,20.0
Status.EXECUTED,__module.model.language_model.layers.1.self_attn/aten::add/Add,,ref_any_bf16,25.0
Status.EXECUTED,__module.model.language_model.layers.1.self_attn.k_proj/aten::linear/MatMul,,brgemm_avx512_bf16,266.0
Status.NOT_RUN,__module.model.language_model.layers.1.self_attn/aten::view/Reshape_1,,unknown_bf16,0.0
Status.EXECUTED,__module.model.language_model.layers.1.self_attn.k_norm/aten::mul/Multiply_1,,jit_avx512_bf16,10.0
Status.EXECUTED,__module.model.language_model.layers.1.self_attn/aten::add/Add_1,,ref_any_bf16,10.0
Status.EXECUTED,__module.model.language_model.layers.1.self_attn.v_proj/aten::linear/MatMul,,brgemm_avx512_bf16,261.0
Status.NOT_RUN,__module.model.language_model.layers.1.self_attn/aten::view/Reshape_2,,unknown_bf16,0.0
Status.EXECUTED,__module.model.language_model.layers.1.self_attn/aten::transpose/Transpose_2,,unknown_bf16,15.0
Status.EXECUTED,__module.model.language_model.layers.1.self_attn/aten::scaled_dot_product_attention/ScaledDotProductAttention,,undef_bf16,188.0
Status.EXECUTED,__module.model.language_model.layers.1.self_attn/aten::transpose/Transpose_3,,unknown_bf16,37.0
Status.NOT_RUN,__module.model.language_model.layers.1.self_attn/aten::reshape/Reshape_2,,unknown_bf16,0.0
Status.EXECUTED,__module.model.language_model.layers.1.self_attn.o_proj/aten::linear/MatMul,,brgemm_avx512_bf16,852.0
Status.EXECUTED,__module.model.language_model.layers.1.self_attn.o_proj/aten::linear/MatMul_bf16_f32___module.model.language_model.layers.1/aten::add/Add,,jit_uni_bf16,38.0
Status.EXECUTED,__module.model.language_model.layers.1/aten::add/Add,,jit_avx512_f32,104.0
Status.EXECUTED,__module.model.language_model.layers.1/aten::add/Add_f32_bf16___module.model.language_model.layers.1.post_attention_layernorm/aten::mul/Multiply_1,,jit_uni_f32,24.0
Status.EXECUTED,__module.model.language_model.layers.1.post_attention_layernorm/aten::mul/Multiply_1,,jit_avx512_bf16,31.0
Status.EXECUTED,__module.model.language_model.layers.1.mlp.gate_proj/aten::linear/MatMul,,brgemm_avx512_bf16,2445.0
Status.NOT_RUN,__module.model.language_model.layers.1.mlp.act_fn/aten::silu/Swish,,undef,0.0
Status.EXECUTED,__module.model.language_model.layers.1.mlp.up_proj/aten::linear/MatMul,,brgemm_avx512_bf16,2434.0
Status.EXECUTED,__module.model.language_model.layers.1.mlp/aten::mul/Multiply,,jit_avx512_bf16,105.0
Status.EXECUTED,__module.model.language_model.layers.1.mlp.down_proj/aten::linear/MatMul,,brgemm_avx512_bf16,2450.0
Status.EXECUTED,__module.model.language_model.layers.1.mlp.down_proj/aten::linear/MatMul_bf16_f32___module.model.language_model.layers.1/aten::add/Add_1,,jit_uni_bf16,34.0
Status.EXECUTED,__module.model.language_model.layers.1/aten::add/Add_1,,jit_avx512_f32,57.0
Status.EXECUTED,__module.model.language_model.layers.1/aten::add/Add_1___SliceAssign_2954/Reshape_0,,jit_uni_f32,23.0
Status.NOT_RUN,SliceAssign_2954/Reshape_0,,unknown_f32,0.0
Status.NOT_RUN,__module.model.language_model/aten::index/GatherND_1,,ref_any_f32,0.0
Status.NOT_RUN,__module.model.language_model/aten::select/Gather_1,,ref_any_f32,0.0
Status.NOT_RUN,__module.model.language_model/aten::add/Add_4,,jit_avx512_f32,0.0
Status.EXECUTED,__module.model.language_model/aten::index_put_/ScatterNDUpdate_1,,unknown_f32,2.0
Status.NOT_RUN,SliceAssign_2954/Reshape_2,,unknown_f32,0.0
Status.EXECUTED,SliceAssign_2954/ScatterNDUpdate,,unknown_f32,155.0
Status.NOT_RUN,SliceAssign_2954/Reshape_3,,unknown_f32,0.0
Status.EXECUTED,SliceAssign_2954/Reshape_3_f32_bf16___module.model.language_model.layers.2.input_layernorm/aten::mul/Multiply_1,,jit_uni_f32,17.0
Status.EXECUTED,__module.model.language_model.layers.2.input_layernorm/aten::mul/Multiply_1,,jit_avx512_bf16,15.0
Status.EXECUTED,__module.model.language_model.layers.2.self_attn.q_proj/aten::linear/MatMul,,brgemm_avx512_bf16,833.0
Status.NOT_RUN,__module.model.language_model.layers.2.self_attn/aten::view/Reshape,,unknown_bf16,0.0
Status.EXECUTED,__module.model.language_model.layers.2.self_attn.q_norm/aten::mul/Multiply_1,,jit_avx512_bf16,20.0
Status.EXECUTED,__module.model.language_model.layers.2.self_attn/aten::add/Add,,ref_any_bf16,25.0
Status.EXECUTED,__module.model.language_model.layers.2.self_attn.k_proj/aten::linear/MatMul,,brgemm_avx512_bf16,264.0
Status.NOT_RUN,__module.model.language_model.layers.2.self_attn/aten::view/Reshape_1,,unknown_bf16,0.0
Status.EXECUTED,__module.model.language_model.layers.2.self_attn.k_norm/aten::mul/Multiply_1,,jit_avx512_bf16,8.0
Status.EXECUTED,__module.model.language_model.layers.2.self_attn/aten::add/Add_1,,ref_any_bf16,11.0
Status.EXECUTED,__module.model.language_model.layers.2.self_attn.v_proj/aten::linear/MatMul,,brgemm_avx512_bf16,304.0
Status.NOT_RUN,__module.model.language_model.layers.2.self_attn/aten::view/Reshape_2,,unknown_bf16,0.0
Status.EXECUTED,__module.model.language_model.layers.2.self_attn/aten::transpose/Transpose_2,,unknown_bf16,11.0
Status.EXECUTED,__module.model.language_model.layers.2.self_attn/aten::scaled_dot_product_attention/ScaledDotProductAttention,,undef_bf16,184.0
Status.EXECUTED,__module.model.language_model.layers.2.self_attn/aten::transpose/Transpose_3,,unknown_bf16,33.0
Status.NOT_RUN,__module.model.language_model.layers.2.self_attn/aten::reshape/Reshape_2,,unknown_bf16,0.0
Status.EXECUTED,__module.model.language_model.layers.2.self_attn.o_proj/aten::linear/MatMul,,brgemm_avx512_bf16,858.0
Status.EXECUTED,__module.model.language_model.layers.2.self_attn.o_proj/aten::linear/MatMul_bf16_f32___module.model.language_model.layers.2/aten::add/Add,,jit_uni_bf16,29.0
Status.EXECUTED,__module.model.language_model.layers.2/aten::add/Add,,jit_avx512_f32,61.0
Status.EXECUTED,__module.model.language_model.layers.2/aten::add/Add_f32_bf16___module.model.language_model.layers.2.post_attention_layernorm/aten::mul/Multiply_1,,jit_uni_f32,24.0
Status.EXECUTED,__module.model.language_model.layers.2.post_attention_layernorm/aten::mul/Multiply_1,,jit_avx512_bf16,16.0
Status.EXECUTED,__module.model.language_model.layers.2.mlp.gate_proj/aten::linear/MatMul,,brgemm_avx512_bf16,2468.0
Status.NOT_RUN,__module.model.language_model.layers.2.mlp.act_fn/aten::silu/Swish,,undef,0.0
Status.EXECUTED,__module.model.language_model.layers.2.mlp.up_proj/aten::linear/MatMul,,brgemm_avx512_bf16,2395.0
Status.EXECUTED,__module.model.language_model.layers.2.mlp/aten::mul/Multiply,,jit_avx512_bf16,86.0
Status.EXECUTED,__module.model.language_model.layers.2.mlp.down_proj/aten::linear/MatMul,,brgemm_avx512_bf16,2411.0
Status.EXECUTED,__module.model.language_model.layers.2.mlp.down_proj/aten::linear/MatMul_bf16_f32___module.model.language_model.layers.2/aten::add/Add_1,,jit_uni_bf16,34.0
Status.EXECUTED,__module.model.language_model.layers.2/aten::add/Add_1,,jit_avx512_f32,58.0
Status.EXECUTED,__module.model.language_model.layers.2/aten::add/Add_1___SliceAssign_4205/Reshape_0,,jit_uni_f32,24.0
Status.NOT_RUN,SliceAssign_4205/Reshape_0,,unknown_f32,0.0
Status.NOT_RUN,__module.model.language_model/aten::index/GatherND_2,,ref_any_f32,0.0
Status.NOT_RUN,__module.model.language_model/aten::select/Gather_2,,ref_any_f32,0.0
Status.NOT_RUN,__module.model.language_model/aten::add/Add_5,,jit_avx512_f32,0.0
Status.EXECUTED,__module.model.language_model/aten::index_put_/ScatterNDUpdate_2,,unknown_f32,2.0
Status.NOT_RUN,SliceAssign_4205/Reshape_2,,unknown_f32,0.0
Status.EXECUTED,SliceAssign_4205/ScatterNDUpdate,,unknown_f32,151.0
Status.NOT_RUN,SliceAssign_4205/Reshape_3,,unknown_f32,0.0
Status.EXECUTED,SliceAssign_4205/Reshape_3_f32_bf16___module.model.language_model.layers.3.input_layernorm/aten::mul/Multiply_1,,jit_uni_f32,15.0
Status.EXECUTED,__module.model.language_model.layers.3.input_layernorm/aten::mul/Multiply_1,,jit_avx512_bf16,16.0
Status.EXECUTED,__module.model.language_model.layers.3.self_attn.q_proj/aten::linear/MatMul,,brgemm_avx512_bf16,835.0
Status.NOT_RUN,__module.model.language_model.layers.3.self_attn/aten::view/Reshape,,unknown_bf16,0.0
Status.EXECUTED,__module.model.language_model.layers.3.self_attn.q_norm/aten::mul/Multiply_1,,jit_avx512_bf16,20.0
Status.EXECUTED,__module.model.language_model.layers.3.self_attn/aten::add/Add,,ref_any_bf16,26.0
Status.EXECUTED,__module.model.language_model.layers.3.self_attn.k_proj/aten::linear/MatMul,,brgemm_avx512_bf16,285.0
Status.NOT_RUN,__module.model.language_model.layers.3.self_attn/aten::view/Reshape_1,,unknown_bf16,0.0
Status.EXECUTED,__module.model.language_model.layers.3.self_attn.k_norm/aten::mul/Multiply_1,,jit_avx512_bf16,9.0
Status.EXECUTED,__module.model.language_model.layers.3.self_attn/aten::add/Add_1,,ref_any_bf16,11.0
Status.EXECUTED,__module.model.language_model.layers.3.self_attn.v_proj/aten::linear/MatMul,,brgemm_avx512_bf16,267.0
Status.NOT_RUN,__module.model.language_model.layers.3.self_attn/aten::view/Reshape_2,,unknown_bf16,0.0
Status.EXECUTED,__module.model.language_model.layers.3.self_attn/aten::transpose/Transpose_2,,unknown_bf16,12.0
Status.EXECUTED,__module.model.language_model.layers.3.self_attn/aten::scaled_dot_product_attention/ScaledDotProductAttention,,undef_bf16,175.0
Status.EXECUTED,__module.model.language_model.layers.3.self_attn/aten::transpose/Transpose_3,,unknown_bf16,34.0
Status.NOT_RUN,__module.model.language_model.layers.3.self_attn/aten::reshape/Reshape_2,,unknown_bf16,0.0
Status.EXECUTED,__module.model.language_model.layers.3.self_attn.o_proj/aten::linear/MatMul,,brgemm_avx512_bf16,846.0
Status.EXECUTED,__module.model.language_model.layers.3.self_attn.o_proj/aten::linear/MatMul_bf16_f32___module.model.language_model.layers.3/aten::add/Add,,jit_uni_bf16,30.0
Status.EXECUTED,__module.model.language_model.layers.3/aten::add/Add,,jit_avx512_f32,58.0
Status.EXECUTED,__module.model.language_model.layers.3/aten::add/Add_f32_bf16___module.model.language_model.layers.3.post_attention_layernorm/aten::mul/Multiply_1,,jit_uni_f32,24.0
Status.EXECUTED,__module.model.language_model.layers.3.post_attention_layernorm/aten::mul/Multiply_1,,jit_avx512_bf16,16.0
Status.EXECUTED,__module.model.language_model.layers.3.mlp.gate_proj/aten::linear/MatMul,,brgemm_avx512_bf16,2453.0
Status.NOT_RUN,__module.model.language_model.layers.3.mlp.act_fn/aten::silu/Swish,,undef,0.0
Status.EXECUTED,__module.model.language_model.layers.3.mlp.up_proj/aten::linear/MatMul,,brgemm_avx512_bf16,2416.0
Status.EXECUTED,__module.model.language_model.layers.3.mlp/aten::mul/Multiply,,jit_avx512_bf16,86.0
Status.EXECUTED,__module.model.language_model.layers.3.mlp.down_proj/aten::linear/MatMul,,brgemm_avx512_bf16,2413.0
Status.EXECUTED,__module.model.language_model.layers.3.mlp.down_proj/aten::linear/MatMul_bf16_f32___module.model.language_model.layers.3/aten::add/Add_1,,jit_uni_bf16,34.0
Status.EXECUTED,__module.model.language_model.layers.3/aten::add/Add_1,,jit_avx512_f32,65.0
Status.EXECUTED,__module.model.language_model.layers.3/aten::add/Add_1_f32_bf16___module.model.language_model.layers.4.input_layernorm/aten::mul/Multiply_1,,jit_uni_f32,35.0
Status.EXECUTED,__module.model.language_model.layers.4.input_layernorm/aten::mul/Multiply_1,,jit_avx512_bf16,27.0
Status.EXECUTED,__module.model.language_model.layers.4.self_attn.q_proj/aten::linear/MatMul,,brgemm_avx512_bf16,823.0
Status.NOT_RUN,__module.model.language_model.layers.4.self_attn/aten::view/Reshape,,unknown_bf16,0.0
Status.EXECUTED,__module.model.language_model.layers.4.self_attn.q_norm/aten::mul/Multiply_1,,jit_avx512_bf16,21.0
Status.EXECUTED,__module.model.language_model.layers.4.self_attn/aten::add/Add,,ref_any_bf16,24.0
Status.EXECUTED,__module.model.language_model.layers.4.self_attn.k_proj/aten::linear/MatMul,,brgemm_avx512_bf16,264.0
Status.NOT_RUN,__module.model.language_model.layers.4.self_attn/aten::view/Reshape_1,,unknown_bf16,0.0
Status.EXECUTED,__module.model.language_model.layers.4.self_attn.k_norm/aten::mul/Multiply_1,,jit_avx512_bf16,9.0
Status.EXECUTED,__module.model.language_model.layers.4.self_attn/aten::add/Add_1,,ref_any_bf16,12.0
Status.EXECUTED,__module.model.language_model.layers.4.self_attn.v_proj/aten::linear/MatMul,,brgemm_avx512_bf16,262.0
Status.NOT_RUN,__module.model.language_model.layers.4.self_attn/aten::view/Reshape_2,,unknown_bf16,0.0
Status.EXECUTED,__module.model.language_model.layers.4.self_attn/aten::transpose/Transpose_2,,unknown_bf16,16.0
Status.EXECUTED,__module.model.language_model.layers.4.self_attn/aten::scaled_dot_product_attention/ScaledDotProductAttention,,undef_bf16,175.0
Status.EXECUTED,__module.model.language_model.layers.4.self_attn/aten::transpose/Transpose_3,,unknown_bf16,38.0
Status.NOT_RUN,__module.model.language_model.layers.4.self_attn/aten::reshape/Reshape_2,,unknown_bf16,0.0
Status.EXECUTED,__module.model.language_model.layers.4.self_attn.o_proj/aten::linear/MatMul,,brgemm_avx512_bf16,840.0
Status.EXECUTED,__module.model.language_model.layers.4.self_attn.o_proj/aten::linear/MatMul_bf16_f32___module.model.language_model.layers.4/aten::add/Add,,jit_uni_bf16,39.0
Status.EXECUTED,__module.model.language_model.layers.4/aten::add/Add,,jit_avx512_f32,57.0
Status.EXECUTED,__module.model.language_model.layers.4/aten::add/Add_f32_bf16___module.model.language_model.layers.4.post_attention_layernorm/aten::mul/Multiply_1,,jit_uni_f32,23.0
Status.EXECUTED,__module.model.language_model.layers.4.post_attention_layernorm/aten::mul/Multiply_1,,jit_avx512_bf16,28.0
Status.EXECUTED,__module.model.language_model.layers.4.mlp.gate_proj/aten::linear/MatMul,,brgemm_avx512_bf16,2416.0
Status.NOT_RUN,__module.model.language_model.layers.4.mlp.act_fn/aten::silu/Swish,,undef,0.0
Status.EXECUTED,__module.model.language_model.layers.4.mlp.up_proj/aten::linear/MatMul,,brgemm_avx512_bf16,2382.0
Status.EXECUTED,__module.model.language_model.layers.4.mlp/aten::mul/Multiply,,jit_avx512_bf16,117.0
Status.EXECUTED,__module.model.language_model.layers.4.mlp.down_proj/aten::linear/MatMul,,brgemm_avx512_bf16,2457.0
Status.EXECUTED,__module.model.language_model.layers.4.mlp.down_proj/aten::linear/MatMul_bf16_f32___module.model.language_model.layers.4/aten::add/Add_1,,jit_uni_bf16,33.0
Status.EXECUTED,__module.model.language_model.layers.4/aten::add/Add_1,,jit_avx512_f32,57.0
Status.EXECUTED,__module.model.language_model.layers.4/aten::add/Add_1_f32_bf16___module.model.language_model.layers.5.input_layernorm/aten::mul/Multiply_1,,jit_uni_f32,38.0
Status.EXECUTED,__module.model.language_model.layers.5.input_layernorm/aten::mul/Multiply_1,,jit_avx512_bf16,28.0
Status.EXECUTED,__module.model.language_model.layers.5.self_attn.q_proj/aten::linear/MatMul,,brgemm_avx512_bf16,851.0
Status.NOT_RUN,__module.model.language_model.layers.5.self_attn/aten::view/Reshape,,unknown_bf16,0.0
Status.EXECUTED,__module.model.language_model.layers.5.self_attn.q_norm/aten::mul/Multiply_1,,jit_avx512_bf16,21.0
Status.EXECUTED,__module.model.language_model.layers.5.self_attn/aten::add/Add,,ref_any_bf16,25.0
Status.EXECUTED,__module.model.language_model.layers.5.self_attn.k_proj/aten::linear/MatMul,,brgemm_avx512_bf16,271.0
Status.NOT_RUN,__module.model.language_model.layers.5.self_attn/aten::view/Reshape_1,,unknown_bf16,0.0
Status.EXECUTED,__module.model.language_model.layers.5.self_attn.k_norm/aten::mul/Multiply_1,,jit_avx512_bf16,10.0
Status.EXECUTED,__module.model.language_model.layers.5.self_attn/aten::add/Add_1,,ref_any_bf16,11.0
Status.EXECUTED,__module.model.language_model.layers.5.self_attn.v_proj/aten::linear/MatMul,,brgemm_avx512_bf16,269.0
Status.NOT_RUN,__module.model.language_model.layers.5.self_attn/aten::view/Reshape_2,,unknown_bf16,0.0
Status.EXECUTED,__module.model.language_model.layers.5.self_attn/aten::transpose/Transpose_2,,unknown_bf16,11.0
Status.EXECUTED,__module.model.language_model.layers.5.self_attn/aten::scaled_dot_product_attention/ScaledDotProductAttention,,undef_bf16,175.0
Status.EXECUTED,__module.model.language_model.layers.5.self_attn/aten::transpose/Transpose_3,,unknown_bf16,33.0
Status.NOT_RUN,__module.model.language_model.layers.5.self_attn/aten::reshape/Reshape_2,,unknown_bf16,0.0
Status.EXECUTED,__module.model.language_model.layers.5.self_attn.o_proj/aten::linear/MatMul,,brgemm_avx512_bf16,832.0
Status.EXECUTED,__module.model.language_model.layers.5.self_attn.o_proj/aten::linear/MatMul_bf16_f32___module.model.language_model.layers.5/aten::add/Add,,jit_uni_bf16,31.0
Status.EXECUTED,__module.model.language_model.layers.5/aten::add/Add,,jit_avx512_f32,56.0
Status.EXECUTED,__module.model.language_model.layers.5/aten::add/Add_f32_bf16___module.model.language_model.layers.5.post_attention_layernorm/aten::mul/Multiply_1,,jit_uni_f32,24.0
Status.EXECUTED,__module.model.language_model.layers.5.post_attention_layernorm/aten::mul/Multiply_1,,jit_avx512_bf16,15.0
Status.EXECUTED,__module.model.language_model.layers.5.mlp.gate_proj/aten::linear/MatMul,,brgemm_avx512_bf16,2425.0
Status.NOT_RUN,__module.model.language_model.layers.5.mlp.act_fn/aten::silu/Swish,,undef,0.0
Status.EXECUTED,__module.model.language_model.layers.5.mlp.up_proj/aten::linear/MatMul,,brgemm_avx512_bf16,2561.0
Status.EXECUTED,__module.model.language_model.layers.5.mlp/aten::mul/Multiply,,jit_avx512_bf16,88.0
Status.EXECUTED,__module.model.language_model.layers.5.mlp.down_proj/aten::linear/MatMul,,brgemm_avx512_bf16,2426.0
Status.EXECUTED,__module.model.language_model.layers.5.mlp.down_proj/aten::linear/MatMul_bf16_f32___module.model.language_model.layers.5/aten::add/Add_1,,jit_uni_bf16,36.0
Status.EXECUTED,__module.model.language_model.layers.5/aten::add/Add_1,,jit_avx512_f32,65.0
Status.EXECUTED,__module.model.language_model.layers.5/aten::add/Add_1_f32_bf16___module.model.language_model.layers.6.input_layernorm/aten::mul/Multiply_1,,jit_uni_f32,36.0
Status.EXECUTED,__module.model.language_model.layers.6.input_layernorm/aten::mul/Multiply_1,,jit_avx512_bf16,27.0
Status.EXECUTED,__module.model.language_model.layers.6.self_attn.q_proj/aten::linear/MatMul,,brgemm_avx512_bf16,1112.0
Status.NOT_RUN,__module.model.language_model.layers.6.self_attn/aten::view/Reshape,,unknown_bf16,0.0
Status.EXECUTED,__module.model.language_model.layers.6.self_attn.q_norm/aten::mul/Multiply_1,,jit_avx512_bf16,21.0
Status.EXECUTED,__module.model.language_model.layers.6.self_attn/aten::add/Add,,ref_any_bf16,26.0
Status.EXECUTED,__module.model.language_model.layers.6.self_attn.k_proj/aten::linear/MatMul,,brgemm_avx512_bf16,268.0
Status.NOT_RUN,__module.model.language_model.layers.6.self_attn/aten::view/Reshape_1,,unknown_bf16,0.0
Status.EXECUTED,__module.model.language_model.layers.6.self_attn.k_norm/aten::mul/Multiply_1,,jit_avx512_bf16,9.0
Status.EXECUTED,__module.model.language_model.layers.6.self_attn/aten::add/Add_1,,ref_any_bf16,12.0
Status.EXECUTED,__module.model.language_model.layers.6.self_attn.v_proj/aten::linear/MatMul,,brgemm_avx512_bf16,285.0
Status.NOT_RUN,__module.model.language_model.layers.6.self_attn/aten::view/Reshape_2,,unknown_bf16,0.0
Status.EXECUTED,__module.model.language_model.layers.6.self_attn/aten::transpose/Transpose_2,,unknown_bf16,11.0
Status.EXECUTED,__module.model.language_model.layers.6.self_attn/aten::scaled_dot_product_attention/ScaledDotProductAttention,,undef_bf16,191.0
Status.EXECUTED,__module.model.language_model.layers.6.self_attn/aten::transpose/Transpose_3,,unknown_bf16,34.0
Status.NOT_RUN,__module.model.language_model.layers.6.self_attn/aten::reshape/Reshape_2,,unknown_bf16,0.0
Status.EXECUTED,__module.model.language_model.layers.6.self_attn.o_proj/aten::linear/MatMul,,brgemm_avx512_bf16,980.0
Status.EXECUTED,__module.model.language_model.layers.6.self_attn.o_proj/aten::linear/MatMul_bf16_f32___module.model.language_model.layers.6/aten::add/Add,,jit_uni_bf16,31.0
Status.EXECUTED,__module.model.language_model.layers.6/aten::add/Add,,jit_avx512_f32,58.0
Status.EXECUTED,__module.model.language_model.layers.6/aten::add/Add_f32_bf16___module.model.language_model.layers.6.post_attention_layernorm/aten::mul/Multiply_1,,jit_uni_f32,28.0
Status.EXECUTED,__module.model.language_model.layers.6.post_attention_layernorm/aten::mul/Multiply_1,,jit_avx512_bf16,15.0
Status.EXECUTED,__module.model.language_model.layers.6.mlp.gate_proj/aten::linear/MatMul,,brgemm_avx512_bf16,2544.0
Status.NOT_RUN,__module.model.language_model.layers.6.mlp.act_fn/aten::silu/Swish,,undef,0.0
Status.EXECUTED,__module.model.language_model.layers.6.mlp.up_proj/aten::linear/MatMul,,brgemm_avx512_bf16,2589.0
Status.EXECUTED,__module.model.language_model.layers.6.mlp/aten::mul/Multiply,,jit_avx512_bf16,86.0
Status.EXECUTED,__module.model.language_model.layers.6.mlp.down_proj/aten::linear/MatMul,,brgemm_avx512_bf16,2727.0
Status.EXECUTED,__module.model.language_model.layers.6.mlp.down_proj/aten::linear/MatMul_bf16_f32___module.model.language_model.layers.6/aten::add/Add_1,,jit_uni_bf16,35.0
Status.EXECUTED,__module.model.language_model.layers.6/aten::add/Add_1,,jit_avx512_f32,57.0
Status.EXECUTED,__module.model.language_model.layers.6/aten::add/Add_1_f32_bf16___module.model.language_model.layers.7.input_layernorm/aten::mul/Multiply_1,,jit_uni_f32,34.0
Status.EXECUTED,__module.model.language_model.layers.7.input_layernorm/aten::mul/Multiply_1,,jit_avx512_bf16,27.0
Status.EXECUTED,__module.model.language_model.layers.7.self_attn.q_proj/aten::linear/MatMul,,brgemm_avx512_bf16,834.0
Status.NOT_RUN,__module.model.language_model.layers.7.self_attn/aten::view/Reshape,,unknown_bf16,0.0
Status.EXECUTED,__module.model.language_model.layers.7.self_attn.q_norm/aten::mul/Multiply_1,,jit_avx512_bf16,21.0
Status.EXECUTED,__module.model.language_model.layers.7.self_attn/aten::add/Add,,ref_any_bf16,25.0
Status.EXECUTED,__module.model.language_model.layers.7.self_attn.k_proj/aten::linear/MatMul,,brgemm_avx512_bf16,275.0
Status.NOT_RUN,__module.model.language_model.layers.7.self_attn/aten::view/Reshape_1,,unknown_bf16,0.0
Status.EXECUTED,__module.model.language_model.layers.7.self_attn.k_norm/aten::mul/Multiply_1,,jit_avx512_bf16,9.0
Status.EXECUTED,__module.model.language_model.layers.7.self_attn/aten::add/Add_1,,ref_any_bf16,11.0
Status.EXECUTED,__module.model.language_model.layers.7.self_attn.v_proj/aten::linear/MatMul,,brgemm_avx512_bf16,275.0
Status.NOT_RUN,__module.model.language_model.layers.7.self_attn/aten::view/Reshape_2,,unknown_bf16,0.0
Status.EXECUTED,__module.model.language_model.layers.7.self_attn/aten::transpose/Transpose_2,,unknown_bf16,11.0
Status.EXECUTED,__module.model.language_model.layers.7.self_attn/aten::scaled_dot_product_attention/ScaledDotProductAttention,,undef_bf16,179.0
Status.EXECUTED,__module.model.language_model.layers.7.self_attn/aten::transpose/Transpose_3,,unknown_bf16,32.0
Status.NOT_RUN,__module.model.language_model.layers.7.self_attn/aten::reshape/Reshape_2,,unknown_bf16,0.0
Status.EXECUTED,__module.model.language_model.layers.7.self_attn.o_proj/aten::linear/MatMul,,brgemm_avx512_bf16,821.0
Status.EXECUTED,__module.model.language_model.layers.7.self_attn.o_proj/aten::linear/MatMul_bf16_f32___module.model.language_model.layers.7/aten::add/Add,,jit_uni_bf16,31.0
Status.EXECUTED,__module.model.language_model.layers.7/aten::add/Add,,jit_avx512_f32,56.0
Status.EXECUTED,__module.model.language_model.layers.7/aten::add/Add_f32_bf16___module.model.language_model.layers.7.post_attention_layernorm/aten::mul/Multiply_1,,jit_uni_f32,24.0
Status.EXECUTED,__module.model.language_model.layers.7.post_attention_layernorm/aten::mul/Multiply_1,,jit_avx512_bf16,15.0
Status.EXECUTED,__module.model.language_model.layers.7.mlp.gate_proj/aten::linear/MatMul,,brgemm_avx512_bf16,2736.0
Status.NOT_RUN,__module.model.language_model.layers.7.mlp.act_fn/aten::silu/Swish,,undef,0.0
Status.EXECUTED,__module.model.language_model.layers.7.mlp.up_proj/aten::linear/MatMul,,brgemm_avx512_bf16,2610.0
Status.EXECUTED,__module.model.language_model.layers.7.mlp/aten::mul/Multiply,,jit_avx512_bf16,87.0
Status.EXECUTED,__module.model.language_model.layers.7.mlp.down_proj/aten::linear/MatMul,,brgemm_avx512_bf16,2608.0
Status.EXECUTED,__module.model.language_model.layers.7.mlp.down_proj/aten::linear/MatMul_bf16_f32___module.model.language_model.layers.7/aten::add/Add_1,,jit_uni_bf16,35.0
Status.EXECUTED,__module.model.language_model.layers.7/aten::add/Add_1,,jit_avx512_f32,64.0
Status.EXECUTED,__module.model.language_model.layers.7/aten::add/Add_1_f32_bf16___module.model.language_model.layers.8.input_layernorm/aten::mul/Multiply_1,,jit_uni_f32,35.0
Status.EXECUTED,__module.model.language_model.layers.8.input_layernorm/aten::mul/Multiply_1,,jit_avx512_bf16,28.0
Status.EXECUTED,__module.model.language_model.layers.8.self_attn.q_proj/aten::linear/MatMul,,brgemm_avx512_bf16,827.0
Status.NOT_RUN,__module.model.language_model.layers.8.self_attn/aten::view/Reshape,,unknown_bf16,0.0
Status.EXECUTED,__module.model.language_model.layers.8.self_attn.q_norm/aten::mul/Multiply_1,,jit_avx512_bf16,21.0
Status.EXECUTED,__module.model.language_model.layers.8.self_attn/aten::add/Add,,ref_any_bf16,24.0
Status.EXECUTED,__module.model.language_model.layers.8.self_attn.k_proj/aten::linear/MatMul,,brgemm_avx512_bf16,268.0
Status.NOT_RUN,__module.model.language_model.layers.8.self_attn/aten::view/Reshape_1,,unknown_bf16,0.0
Status.EXECUTED,__module.model.language_model.layers.8.self_attn.k_norm/aten::mul/Multiply_1,,jit_avx512_bf16,10.0
Status.EXECUTED,__module.model.language_model.layers.8.self_attn/aten::add/Add_1,,ref_any_bf16,12.0
Status.EXECUTED,__module.model.language_model.layers.8.self_attn.v_proj/aten::linear/MatMul,,brgemm_avx512_bf16,261.0
Status.NOT_RUN,__module.model.language_model.layers.8.self_attn/aten::view/Reshape_2,,unknown_bf16,0.0
Status.EXECUTED,__module.model.language_model.layers.8.self_attn/aten::transpose/Transpose_2,,unknown_bf16,10.0
Status.EXECUTED,__module.model.language_model.layers.8.self_attn/aten::scaled_dot_product_attention/ScaledDotProductAttention,,undef_bf16,187.0
Status.EXECUTED,__module.model.language_model.layers.8.self_attn/aten::transpose/Transpose_3,,unknown_bf16,32.0
Status.NOT_RUN,__module.model.language_model.layers.8.self_attn/aten::reshape/Reshape_2,,unknown_bf16,0.0
Status.EXECUTED,__module.model.language_model.layers.8.self_attn.o_proj/aten::linear/MatMul,,brgemm_avx512_bf16,826.0
Status.EXECUTED,__module.model.language_model.layers.8.self_attn.o_proj/aten::linear/MatMul_bf16_f32___module.model.language_model.layers.8/aten::add/Add,,jit_uni_bf16,31.0
Status.EXECUTED,__module.model.language_model.layers.8/aten::add/Add,,jit_avx512_f32,56.0
Status.EXECUTED,__module.model.language_model.layers.8/aten::add/Add_f32_bf16___module.model.language_model.layers.8.post_attention_layernorm/aten::mul/Multiply_1,,jit_uni_f32,24.0
Status.EXECUTED,__module.model.language_model.layers.8.post_attention_layernorm/aten::mul/Multiply_1,,jit_avx512_bf16,15.0
Status.EXECUTED,__module.model.language_model.layers.8.mlp.gate_proj/aten::linear/MatMul,,brgemm_avx512_bf16,2402.0
Status.NOT_RUN,__module.model.language_model.layers.8.mlp.act_fn/aten::silu/Swish,,undef,0.0
Status.EXECUTED,__module.model.language_model.layers.8.mlp.up_proj/aten::linear/MatMul,,brgemm_avx512_bf16,2395.0
Status.EXECUTED,__module.model.language_model.layers.8.mlp/aten::mul/Multiply,,jit_avx512_bf16,93.0
Status.EXECUTED,__module.model.language_model.layers.8.mlp.down_proj/aten::linear/MatMul,,brgemm_avx512_bf16,2465.0
Status.EXECUTED,__module.model.language_model.layers.8.mlp.down_proj/aten::linear/MatMul_bf16_f32___module.model.language_model.layers.8/aten::add/Add_1,,jit_uni_bf16,34.0
Status.EXECUTED,__module.model.language_model.layers.8/aten::add/Add_1,,jit_avx512_f32,57.0
Status.EXECUTED,__module.model.language_model.layers.8/aten::add/Add_1_f32_bf16___module.model.language_model.layers.9.input_layernorm/aten::mul/Multiply_1,,jit_uni_f32,34.0
Status.EXECUTED,__module.model.language_model.layers.9.input_layernorm/aten::mul/Multiply_1,,jit_avx512_bf16,28.0
Status.EXECUTED,__module.model.language_model.layers.9.self_attn.q_proj/aten::linear/MatMul,,brgemm_avx512_bf16,817.0
Status.NOT_RUN,__module.model.language_model.layers.9.self_attn/aten::view/Reshape,,unknown_bf16,0.0
Status.EXECUTED,__module.model.language_model.layers.9.self_attn.q_norm/aten::mul/Multiply_1,,jit_avx512_bf16,21.0
Status.EXECUTED,__module.model.language_model.layers.9.self_attn/aten::add/Add,,ref_any_bf16,25.0
Status.EXECUTED,__module.model.language_model.layers.9.self_attn.k_proj/aten::linear/MatMul,,brgemm_avx512_bf16,286.0
Status.NOT_RUN,__module.model.language_model.layers.9.self_attn/aten::view/Reshape_1,,unknown_bf16,0.0
Status.EXECUTED,__module.model.language_model.layers.9.self_attn.k_norm/aten::mul/Multiply_1,,jit_avx512_bf16,10.0
Status.EXECUTED,__module.model.language_model.layers.9.self_attn/aten::add/Add_1,,ref_any_bf16,12.0
Status.EXECUTED,__module.model.language_model.layers.9.self_attn.v_proj/aten::linear/MatMul,,brgemm_avx512_bf16,276.0
Status.NOT_RUN,__module.model.language_model.layers.9.self_attn/aten::view/Reshape_2,,unknown_bf16,0.0
Status.EXECUTED,__module.model.language_model.layers.9.self_attn/aten::transpose/Transpose_2,,unknown_bf16,11.0
Status.EXECUTED,__module.model.language_model.layers.9.self_attn/aten::scaled_dot_product_attention/ScaledDotProductAttention,,undef_bf16,185.0
Status.EXECUTED,__module.model.language_model.layers.9.self_attn/aten::transpose/Transpose_3,,unknown_bf16,33.0
Status.NOT_RUN,__module.model.language_model.layers.9.self_attn/aten::reshape/Reshape_2,,unknown_bf16,0.0
Status.EXECUTED,__module.model.language_model.layers.9.self_attn.o_proj/aten::linear/MatMul,,brgemm_avx512_bf16,1000.9999999999999
Status.EXECUTED,__module.model.language_model.layers.9.self_attn.o_proj/aten::linear/MatMul_bf16_f32___module.model.language_model.layers.9/aten::add/Add,,jit_uni_bf16,32.0
Status.EXECUTED,__module.model.language_model.layers.9/aten::add/Add,,jit_avx512_f32,56.0
Status.EXECUTED,__module.model.language_model.layers.9/aten::add/Add_f32_bf16___module.model.language_model.layers.9.post_attention_layernorm/aten::mul/Multiply_1,,jit_uni_f32,24.0
Status.EXECUTED,__module.model.language_model.layers.9.post_attention_layernorm/aten::mul/Multiply_1,,jit_avx512_bf16,15.0
Status.EXECUTED,__module.model.language_model.layers.9.mlp.gate_proj/aten::linear/MatMul,,brgemm_avx512_bf16,2581.0
Status.NOT_RUN,__module.model.language_model.layers.9.mlp.act_fn/aten::silu/Swish,,undef,0.0
Status.EXECUTED,__module.model.language_model.layers.9.mlp.up_proj/aten::linear/MatMul,,brgemm_avx512_bf16,2436.0
Status.EXECUTED,__module.model.language_model.layers.9.mlp/aten::mul/Multiply,,jit_avx512_bf16,87.0
Status.EXECUTED,__module.model.language_model.layers.9.mlp.down_proj/aten::linear/MatMul,,brgemm_avx512_bf16,2393.0
Status.EXECUTED,__module.model.language_model.layers.9.mlp.down_proj/aten::linear/MatMul_bf16_f32___module.model.language_model.layers.9/aten::add/Add_1,,jit_uni_bf16,34.0
Status.EXECUTED,__module.model.language_model.layers.9/aten::add/Add_1,,jit_avx512_f32,68.0
Status.EXECUTED,__module.model.language_model.layers.9/aten::add/Add_1_f32_bf16___module.model.language_model.layers.10.input_layernorm/aten::mul/Multiply_1,,jit_uni_f32,34.0
Status.EXECUTED,__module.model.language_model.layers.10.input_layernorm/aten::mul/Multiply_1,,jit_avx512_bf16,28.0
Status.EXECUTED,__module.model.language_model.layers.10.self_attn.q_proj/aten::linear/MatMul,,brgemm_avx512_bf16,841.0
Status.NOT_RUN,__module.model.language_model.layers.10.self_attn/aten::view/Reshape,,unknown_bf16,0.0
Status.EXECUTED,__module.model.language_model.layers.10.self_attn.q_norm/aten::mul/Multiply_1,,jit_avx512_bf16,21.0
Status.EXECUTED,__module.model.language_model.layers.10.self_attn/aten::add/Add,,ref_any_bf16,25.0
Status.EXECUTED,__module.model.language_model.layers.10.self_attn.k_proj/aten::linear/MatMul,,brgemm_avx512_bf16,419.0
Status.NOT_RUN,__module.model.language_model.layers.10.self_attn/aten::view/Reshape_1,,unknown_bf16,0.0
Status.EXECUTED,__module.model.language_model.layers.10.self_attn.k_norm/aten::mul/Multiply_1,,jit_avx512_bf16,10.0
Status.EXECUTED,__module.model.language_model.layers.10.self_attn/aten::add/Add_1,,ref_any_bf16,12.0
Status.EXECUTED,__module.model.language_model.layers.10.self_attn.v_proj/aten::linear/MatMul,,brgemm_avx512_bf16,262.0
Status.NOT_RUN,__module.model.language_model.layers.10.self_attn/aten::view/Reshape_2,,unknown_bf16,0.0
Status.EXECUTED,__module.model.language_model.layers.10.self_attn/aten::transpose/Transpose_2,,unknown_bf16,11.0
Status.EXECUTED,__module.model.language_model.layers.10.self_attn/aten::scaled_dot_product_attention/ScaledDotProductAttention,,undef_bf16,176.0
Status.EXECUTED,__module.model.language_model.layers.10.self_attn/aten::transpose/Transpose_3,,unknown_bf16,33.0
Status.NOT_RUN,__module.model.language_model.layers.10.self_attn/aten::reshape/Reshape_2,,unknown_bf16,0.0
Status.EXECUTED,__module.model.language_model.layers.10.self_attn.o_proj/aten::linear/MatMul,,brgemm_avx512_bf16,827.0
Status.EXECUTED,__module.model.language_model.layers.10.self_attn.o_proj/aten::linear/MatMul_bf16_f32___module.model.language_model.layers.10/aten::add/Add,,jit_uni_bf16,30.0
Status.EXECUTED,__module.model.language_model.layers.10/aten::add/Add,,jit_avx512_f32,56.0
Status.EXECUTED,__module.model.language_model.layers.10/aten::add/Add_f32_bf16___module.model.language_model.layers.10.post_attention_layernorm/aten::mul/Multiply_1,,jit_uni_f32,24.0
Status.EXECUTED,__module.model.language_model.layers.10.post_attention_layernorm/aten::mul/Multiply_1,,jit_avx512_bf16,15.0
Status.EXECUTED,__module.model.language_model.layers.10.mlp.gate_proj/aten::linear/MatMul,,brgemm_avx512_bf16,2469.0
Status.NOT_RUN,__module.model.language_model.layers.10.mlp.act_fn/aten::silu/Swish,,undef,0.0
Status.EXECUTED,__module.model.language_model.layers.10.mlp.up_proj/aten::linear/MatMul,,brgemm_avx512_bf16,2413.0
Status.EXECUTED,__module.model.language_model.layers.10.mlp/aten::mul/Multiply,,jit_avx512_bf16,89.0
Status.EXECUTED,__module.model.language_model.layers.10.mlp.down_proj/aten::linear/MatMul,,brgemm_avx512_bf16,2648.0
Status.EXECUTED,__module.model.language_model.layers.10.mlp.down_proj/aten::linear/MatMul_bf16_f32___module.model.language_model.layers.10/aten::add/Add_1,,jit_uni_bf16,34.0
Status.EXECUTED,__module.model.language_model.layers.10/aten::add/Add_1,,jit_avx512_f32,58.0
Status.EXECUTED,__module.model.language_model.layers.10/aten::add/Add_1_f32_bf16___module.model.language_model.layers.11.input_layernorm/aten::mul/Multiply_1,,jit_uni_f32,35.0
Status.EXECUTED,__module.model.language_model.layers.11.input_layernorm/aten::mul/Multiply_1,,jit_avx512_bf16,27.0
Status.EXECUTED,__module.model.language_model.layers.11.self_attn.q_proj/aten::linear/MatMul,,brgemm_avx512_bf16,836.0
Status.NOT_RUN,__module.model.language_model.layers.11.self_attn/aten::view/Reshape,,unknown_bf16,0.0
Status.EXECUTED,__module.model.language_model.layers.11.self_attn.q_norm/aten::mul/Multiply_1,,jit_avx512_bf16,21.0
Status.EXECUTED,__module.model.language_model.layers.11.self_attn/aten::add/Add,,ref_any_bf16,25.0
Status.EXECUTED,__module.model.language_model.layers.11.self_attn.k_proj/aten::linear/MatMul,,brgemm_avx512_bf16,264.0
Status.NOT_RUN,__module.model.language_model.layers.11.self_attn/aten::view/Reshape_1,,unknown_bf16,0.0
Status.EXECUTED,__module.model.language_model.layers.11.self_attn.k_norm/aten::mul/Multiply_1,,jit_avx512_bf16,9.0
Status.EXECUTED,__module.model.language_model.layers.11.self_attn/aten::add/Add_1,,ref_any_bf16,11.0
Status.EXECUTED,__module.model.language_model.layers.11.self_attn.v_proj/aten::linear/MatMul,,brgemm_avx512_bf16,259.0
Status.NOT_RUN,__module.model.language_model.layers.11.self_attn/aten::view/Reshape_2,,unknown_bf16,0.0
Status.EXECUTED,__module.model.language_model.layers.11.self_attn/aten::transpose/Transpose_2,,unknown_bf16,11.0
Status.EXECUTED,__module.model.language_model.layers.11.self_attn/aten::scaled_dot_product_attention/ScaledDotProductAttention,,undef_bf16,177.0
Status.EXECUTED,__module.model.language_model.layers.11.self_attn/aten::transpose/Transpose_3,,unknown_bf16,33.0
Status.NOT_RUN,__module.model.language_model.layers.11.self_attn/aten::reshape/Reshape_2,,unknown_bf16,0.0
Status.EXECUTED,__module.model.language_model.layers.11.self_attn.o_proj/aten::linear/MatMul,,brgemm_avx512_bf16,853.0
Status.EXECUTED,__module.model.language_model.layers.11.self_attn.o_proj/aten::linear/MatMul_bf16_f32___module.model.language_model.layers.11/aten::add/Add,,jit_uni_bf16,31.0
Status.EXECUTED,__module.model.language_model.layers.11/aten::add/Add,,jit_avx512_f32,56.0
Status.EXECUTED,__module.model.language_model.layers.11/aten::add/Add_f32_bf16___module.model.language_model.layers.11.post_attention_layernorm/aten::mul/Multiply_1,,jit_uni_f32,25.0
Status.EXECUTED,__module.model.language_model.layers.11.post_attention_layernorm/aten::mul/Multiply_1,,jit_avx512_bf16,15.0
Status.EXECUTED,__module.model.language_model.layers.11.mlp.gate_proj/aten::linear/MatMul,,brgemm_avx512_bf16,3538.0
Status.NOT_RUN,__module.model.language_model.layers.11.mlp.act_fn/aten::silu/Swish,,undef,0.0
Status.EXECUTED,__module.model.language_model.layers.11.mlp.up_proj/aten::linear/MatMul,,brgemm_avx512_bf16,2744.0
Status.EXECUTED,__module.model.language_model.layers.11.mlp/aten::mul/Multiply,,jit_avx512_bf16,99.0
Status.EXECUTED,__module.model.language_model.layers.11.mlp.down_proj/aten::linear/MatMul,,brgemm_avx512_bf16,2471.0
Status.EXECUTED,__module.model.language_model.layers.11.mlp.down_proj/aten::linear/MatMul_bf16_f32___module.model.language_model.layers.11/aten::add/Add_1,,jit_uni_bf16,36.0
Status.EXECUTED,__module.model.language_model.layers.11/aten::add/Add_1,,jit_avx512_f32,66.0
Status.EXECUTED,__module.model.language_model.layers.11/aten::add/Add_1_f32_bf16___module.model.language_model.layers.12.input_layernorm/aten::mul/Multiply_1,,jit_uni_f32,35.0
Status.EXECUTED,__module.model.language_model.layers.12.input_layernorm/aten::mul/Multiply_1,,jit_avx512_bf16,28.0
Status.EXECUTED,__module.model.language_model.layers.12.self_attn.q_proj/aten::linear/MatMul,,brgemm_avx512_bf16,826.0
Status.NOT_RUN,__module.model.language_model.layers.12.self_attn/aten::view/Reshape,,unknown_bf16,0.0
Status.EXECUTED,__module.model.language_model.layers.12.self_attn.q_norm/aten::mul/Multiply_1,,jit_avx512_bf16,22.0
Status.EXECUTED,__module.model.language_model.layers.12.self_attn/aten::add/Add,,ref_any_bf16,24.0
Status.EXECUTED,__module.model.language_model.layers.12.self_attn.k_proj/aten::linear/MatMul,,brgemm_avx512_bf16,268.0
Status.NOT_RUN,__module.model.language_model.layers.12.self_attn/aten::view/Reshape_1,,unknown_bf16,0.0
Status.EXECUTED,__module.model.language_model.layers.12.self_attn.k_norm/aten::mul/Multiply_1,,jit_avx512_bf16,9.0
Status.EXECUTED,__module.model.language_model.layers.12.self_attn/aten::add/Add_1,,ref_any_bf16,11.0
Status.EXECUTED,__module.model.language_model.layers.12.self_attn.v_proj/aten::linear/MatMul,,brgemm_avx512_bf16,259.0
Status.NOT_RUN,__module.model.language_model.layers.12.self_attn/aten::view/Reshape_2,,unknown_bf16,0.0
Status.EXECUTED,__module.model.language_model.layers.12.self_attn/aten::transpose/Transpose_2,,unknown_bf16,11.0
Status.EXECUTED,__module.model.language_model.layers.12.self_attn/aten::scaled_dot_product_attention/ScaledDotProductAttention,,undef_bf16,177.0
Status.EXECUTED,__module.model.language_model.layers.12.self_attn/aten::transpose/Transpose_3,,unknown_bf16,32.0
Status.NOT_RUN,__module.model.language_model.layers.12.self_attn/aten::reshape/Reshape_2,,unknown_bf16,0.0
Status.EXECUTED,__module.model.language_model.layers.12.self_attn.o_proj/aten::linear/MatMul,,brgemm_avx512_bf16,828.0
Status.EXECUTED,__module.model.language_model.layers.12.self_attn.o_proj/aten::linear/MatMul_bf16_f32___module.model.language_model.layers.12/aten::add/Add,,jit_uni_bf16,30.0
Status.EXECUTED,__module.model.language_model.layers.12/aten::add/Add,,jit_avx512_f32,56.0
Status.EXECUTED,__module.model.language_model.layers.12/aten::add/Add_f32_bf16___module.model.language_model.layers.12.post_attention_layernorm/aten::mul/Multiply_1,,jit_uni_f32,26.0
Status.EXECUTED,__module.model.language_model.layers.12.post_attention_layernorm/aten::mul/Multiply_1,,jit_avx512_bf16,15.0
Status.EXECUTED,__module.model.language_model.layers.12.mlp.gate_proj/aten::linear/MatMul,,brgemm_avx512_bf16,2795.0
Status.NOT_RUN,__module.model.language_model.layers.12.mlp.act_fn/aten::silu/Swish,,undef,0.0
Status.EXECUTED,__module.model.language_model.layers.12.mlp.up_proj/aten::linear/MatMul,,brgemm_avx512_bf16,2994.0
Status.EXECUTED,__module.model.language_model.layers.12.mlp/aten::mul/Multiply,,jit_avx512_bf16,99.0
Status.EXECUTED,__module.model.language_model.layers.12.mlp.down_proj/aten::linear/MatMul,,brgemm_avx512_bf16,2652.0
Status.EXECUTED,__module.model.language_model.layers.12.mlp.down_proj/aten::linear/MatMul_bf16_f32___module.model.language_model.layers.12/aten::add/Add_1,,jit_uni_bf16,40.0
Status.EXECUTED,__module.model.language_model.layers.12/aten::add/Add_1,,jit_avx512_f32,352.0
Status.EXECUTED,__module.model.language_model.layers.12/aten::add/Add_1_f32_bf16___module.model.language_model.layers.13.input_layernorm/aten::mul/Multiply_1,,jit_uni_f32,36.0
Status.EXECUTED,__module.model.language_model.layers.13.input_layernorm/aten::mul/Multiply_1,,jit_avx512_bf16,27.0
Status.EXECUTED,__module.model.language_model.layers.13.self_attn.q_proj/aten::linear/MatMul,,brgemm_avx512_bf16,843.0
Status.NOT_RUN,__module.model.language_model.layers.13.self_attn/aten::view/Reshape,,unknown_bf16,0.0
Status.EXECUTED,__module.model.language_model.layers.13.self_attn.q_norm/aten::mul/Multiply_1,,jit_avx512_bf16,26.0
Status.EXECUTED,__module.model.language_model.layers.13.self_attn/aten::add/Add,,ref_any_bf16,27.0
Status.EXECUTED,__module.model.language_model.layers.13.self_attn.k_proj/aten::linear/MatMul,,brgemm_avx512_bf16,264.0
Status.NOT_RUN,__module.model.language_model.layers.13.self_attn/aten::view/Reshape_1,,unknown_bf16,0.0
Status.EXECUTED,__module.model.language_model.layers.13.self_attn.k_norm/aten::mul/Multiply_1,,jit_avx512_bf16,10.0
Status.EXECUTED,__module.model.language_model.layers.13.self_attn/aten::add/Add_1,,ref_any_bf16,12.0
Status.EXECUTED,__module.model.language_model.layers.13.self_attn.v_proj/aten::linear/MatMul,,brgemm_avx512_bf16,257.0
Status.NOT_RUN,__module.model.language_model.layers.13.self_attn/aten::view/Reshape_2,,unknown_bf16,0.0
Status.EXECUTED,__module.model.language_model.layers.13.self_attn/aten::transpose/Transpose_2,,unknown_bf16,11.0
Status.EXECUTED,__module.model.language_model.layers.13.self_attn/aten::scaled_dot_product_attention/ScaledDotProductAttention,,undef_bf16,187.0
Status.EXECUTED,__module.model.language_model.layers.13.self_attn/aten::transpose/Transpose_3,,unknown_bf16,33.0
Status.NOT_RUN,__module.model.language_model.layers.13.self_attn/aten::reshape/Reshape_2,,unknown_bf16,0.0
Status.EXECUTED,__module.model.language_model.layers.13.self_attn.o_proj/aten::linear/MatMul,,brgemm_avx512_bf16,838.0
Status.EXECUTED,__module.model.language_model.layers.13.self_attn.o_proj/aten::linear/MatMul_bf16_f32___module.model.language_model.layers.13/aten::add/Add,,jit_uni_bf16,33.0
Status.EXECUTED,__module.model.language_model.layers.13/aten::add/Add,,jit_avx512_f32,56.0
Status.EXECUTED,__module.model.language_model.layers.13/aten::add/Add_f32_bf16___module.model.language_model.layers.13.post_attention_layernorm/aten::mul/Multiply_1,,jit_uni_f32,24.0
Status.EXECUTED,__module.model.language_model.layers.13.post_attention_layernorm/aten::mul/Multiply_1,,jit_avx512_bf16,19.0
Status.EXECUTED,__module.model.language_model.layers.13.mlp.gate_proj/aten::linear/MatMul,,brgemm_avx512_bf16,2721.0
Status.NOT_RUN,__module.model.language_model.layers.13.mlp.act_fn/aten::silu/Swish,,undef,0.0
Status.EXECUTED,__module.model.language_model.layers.13.mlp.up_proj/aten::linear/MatMul,,brgemm_avx512_bf16,2391.0
Status.EXECUTED,__module.model.language_model.layers.13.mlp/aten::mul/Multiply,,jit_avx512_bf16,91.0
Status.EXECUTED,__module.model.language_model.layers.13.mlp.down_proj/aten::linear/MatMul,,brgemm_avx512_bf16,2466.0
Status.EXECUTED,__module.model.language_model.layers.13.mlp.down_proj/aten::linear/MatMul_bf16_f32___module.model.language_model.layers.13/aten::add/Add_1,,jit_uni_bf16,35.0
Status.EXECUTED,__module.model.language_model.layers.13/aten::add/Add_1,,jit_avx512_f32,69.0
Status.EXECUTED,__module.model.language_model.layers.13/aten::add/Add_1_f32_bf16___module.model.language_model.layers.14.input_layernorm/aten::mul/Multiply_1,,jit_uni_f32,46.0
Status.EXECUTED,__module.model.language_model.layers.14.input_layernorm/aten::mul/Multiply_1,,jit_avx512_bf16,28.0
Status.EXECUTED,__module.model.language_model.layers.14.self_attn.q_proj/aten::linear/MatMul,,brgemm_avx512_bf16,832.0
Status.NOT_RUN,__module.model.language_model.layers.14.self_attn/aten::view/Reshape,,unknown_bf16,0.0
Status.EXECUTED,__module.model.language_model.layers.14.self_attn.q_norm/aten::mul/Multiply_1,,jit_avx512_bf16,22.0
Status.EXECUTED,__module.model.language_model.layers.14.self_attn/aten::add/Add,,ref_any_bf16,23.0
Status.EXECUTED,__module.model.language_model.layers.14.self_attn.k_proj/aten::linear/MatMul,,brgemm_avx512_bf16,261.0
Status.NOT_RUN,__module.model.language_model.layers.14.self_attn/aten::view/Reshape_1,,unknown_bf16,0.0
Status.EXECUTED,__module.model.language_model.layers.14.self_attn.k_norm/aten::mul/Multiply_1,,jit_avx512_bf16,9.0
Status.EXECUTED,__module.model.language_model.layers.14.self_attn/aten::add/Add_1,,ref_any_bf16,11.0
Status.EXECUTED,__module.model.language_model.layers.14.self_attn.v_proj/aten::linear/MatMul,,brgemm_avx512_bf16,260.0
Status.NOT_RUN,__module.model.language_model.layers.14.self_attn/aten::view/Reshape_2,,unknown_bf16,0.0
Status.EXECUTED,__module.model.language_model.layers.14.self_attn/aten::transpose/Transpose_2,,unknown_bf16,11.0
Status.EXECUTED,__module.model.language_model.layers.14.self_attn/aten::scaled_dot_product_attention/ScaledDotProductAttention,,undef_bf16,178.0
Status.EXECUTED,__module.model.language_model.layers.14.self_attn/aten::transpose/Transpose_3,,unknown_bf16,32.0
Status.NOT_RUN,__module.model.language_model.layers.14.self_attn/aten::reshape/Reshape_2,,unknown_bf16,0.0
Status.EXECUTED,__module.model.language_model.layers.14.self_attn.o_proj/aten::linear/MatMul,,brgemm_avx512_bf16,960.0
Status.EXECUTED,__module.model.language_model.layers.14.self_attn.o_proj/aten::linear/MatMul_bf16_f32___module.model.language_model.layers.14/aten::add/Add,,jit_uni_bf16,35.0
Status.EXECUTED,__module.model.language_model.layers.14/aten::add/Add,,jit_avx512_f32,55.0
Status.EXECUTED,__module.model.language_model.layers.14/aten::add/Add_f32_bf16___module.model.language_model.layers.14.post_attention_layernorm/aten::mul/Multiply_1,,jit_uni_f32,25.0
Status.EXECUTED,__module.model.language_model.layers.14.post_attention_layernorm/aten::mul/Multiply_1,,jit_avx512_bf16,15.0
Status.EXECUTED,__module.model.language_model.layers.14.mlp.gate_proj/aten::linear/MatMul,,brgemm_avx512_bf16,2599.0
Status.NOT_RUN,__module.model.language_model.layers.14.mlp.act_fn/aten::silu/Swish,,undef,0.0
Status.EXECUTED,__module.model.language_model.layers.14.mlp.up_proj/aten::linear/MatMul,,brgemm_avx512_bf16,2474.0
Status.EXECUTED,__module.model.language_model.layers.14.mlp/aten::mul/Multiply,,jit_avx512_bf16,97.0
Status.EXECUTED,__module.model.language_model.layers.14.mlp.down_proj/aten::linear/MatMul,,brgemm_avx512_bf16,2466.0
Status.EXECUTED,__module.model.language_model.layers.14.mlp.down_proj/aten::linear/MatMul_bf16_f32___module.model.language_model.layers.14/aten::add/Add_1,,jit_uni_bf16,32.0
Status.EXECUTED,__module.model.language_model.layers.14/aten::add/Add_1,,jit_avx512_f32,57.0
Status.EXECUTED,__module.model.language_model.layers.14/aten::add/Add_1_f32_bf16___module.model.language_model.layers.15.input_layernorm/aten::mul/Multiply_1,,jit_uni_f32,35.0
Status.EXECUTED,__module.model.language_model.layers.15.input_layernorm/aten::mul/Multiply_1,,jit_avx512_bf16,26.0
Status.EXECUTED,__module.model.language_model.layers.15.self_attn.q_proj/aten::linear/MatMul,,brgemm_avx512_bf16,840.0
Status.NOT_RUN,__module.model.language_model.layers.15.self_attn/aten::view/Reshape,,unknown_bf16,0.0
Status.EXECUTED,__module.model.language_model.layers.15.self_attn.q_norm/aten::mul/Multiply_1,,jit_avx512_bf16,21.0
Status.EXECUTED,__module.model.language_model.layers.15.self_attn/aten::add/Add,,ref_any_bf16,25.0
Status.EXECUTED,__module.model.language_model.layers.15.self_attn.k_proj/aten::linear/MatMul,,brgemm_avx512_bf16,264.0
Status.NOT_RUN,__module.model.language_model.layers.15.self_attn/aten::view/Reshape_1,,unknown_bf16,0.0
Status.EXECUTED,__module.model.language_model.layers.15.self_attn.k_norm/aten::mul/Multiply_1,,jit_avx512_bf16,9.0
Status.EXECUTED,__module.model.language_model.layers.15.self_attn/aten::add/Add_1,,ref_any_bf16,11.0
Status.EXECUTED,__module.model.language_model.layers.15.self_attn.v_proj/aten::linear/MatMul,,brgemm_avx512_bf16,285.0
Status.NOT_RUN,__module.model.language_model.layers.15.self_attn/aten::view/Reshape_2,,unknown_bf16,0.0
Status.EXECUTED,__module.model.language_model.layers.15.self_attn/aten::transpose/Transpose_2,,unknown_bf16,11.0
Status.EXECUTED,__module.model.language_model.layers.15.self_attn/aten::scaled_dot_product_attention/ScaledDotProductAttention,,undef_bf16,180.0
Status.EXECUTED,__module.model.language_model.layers.15.self_attn/aten::transpose/Transpose_3,,unknown_bf16,33.0
Status.NOT_RUN,__module.model.language_model.layers.15.self_attn/aten::reshape/Reshape_2,,unknown_bf16,0.0
Status.EXECUTED,__module.model.language_model.layers.15.self_attn.o_proj/aten::linear/MatMul,,brgemm_avx512_bf16,855.0
Status.EXECUTED,__module.model.language_model.layers.15.self_attn.o_proj/aten::linear/MatMul_bf16_f32___module.model.language_model.layers.15/aten::add/Add,,jit_uni_bf16,31.0
Status.EXECUTED,__module.model.language_model.layers.15/aten::add/Add,,jit_avx512_f32,56.0
Status.EXECUTED,__module.model.language_model.layers.15/aten::add/Add_f32_bf16___module.model.language_model.layers.15.post_attention_layernorm/aten::mul/Multiply_1,,jit_uni_f32,24.0
Status.EXECUTED,__module.model.language_model.layers.15.post_attention_layernorm/aten::mul/Multiply_1,,jit_avx512_bf16,15.0
Status.EXECUTED,__module.model.language_model.layers.15.mlp.gate_proj/aten::linear/MatMul,,brgemm_avx512_bf16,2445.0
Status.NOT_RUN,__module.model.language_model.layers.15.mlp.act_fn/aten::silu/Swish,,undef,0.0
Status.EXECUTED,__module.model.language_model.layers.15.mlp.up_proj/aten::linear/MatMul,,brgemm_avx512_bf16,2441.0
Status.EXECUTED,__module.model.language_model.layers.15.mlp/aten::mul/Multiply,,jit_avx512_bf16,88.0
Status.EXECUTED,__module.model.language_model.layers.15.mlp.down_proj/aten::linear/MatMul,,brgemm_avx512_bf16,2481.0
Status.EXECUTED,__module.model.language_model.layers.15.mlp.down_proj/aten::linear/MatMul_bf16_f32___module.model.language_model.layers.15/aten::add/Add_1,,jit_uni_bf16,36.0
Status.EXECUTED,__module.model.language_model.layers.15/aten::add/Add_1,,jit_avx512_f32,66.0
Status.EXECUTED,__module.model.language_model.layers.15/aten::add/Add_1_f32_bf16___module.model.language_model.layers.16.input_layernorm/aten::mul/Multiply_1,,jit_uni_f32,35.0
Status.EXECUTED,__module.model.language_model.layers.16.input_layernorm/aten::mul/Multiply_1,,jit_avx512_bf16,29.0
Status.EXECUTED,__module.model.language_model.layers.16.self_attn.q_proj/aten::linear/MatMul,,brgemm_avx512_bf16,827.0
Status.NOT_RUN,__module.model.language_model.layers.16.self_attn/aten::view/Reshape,,unknown_bf16,0.0
Status.EXECUTED,__module.model.language_model.layers.16.self_attn.q_norm/aten::mul/Multiply_1,,jit_avx512_bf16,21.0
Status.EXECUTED,__module.model.language_model.layers.16.self_attn/aten::add/Add,,ref_any_bf16,25.0
Status.EXECUTED,__module.model.language_model.layers.16.self_attn.k_proj/aten::linear/MatMul,,brgemm_avx512_bf16,267.0
Status.NOT_RUN,__module.model.language_model.layers.16.self_attn/aten::view/Reshape_1,,unknown_bf16,0.0
Status.EXECUTED,__module.model.language_model.layers.16.self_attn.k_norm/aten::mul/Multiply_1,,jit_avx512_bf16,8.0
Status.EXECUTED,__module.model.language_model.layers.16.self_attn/aten::add/Add_1,,ref_any_bf16,11.0
Status.EXECUTED,__module.model.language_model.layers.16.self_attn.v_proj/aten::linear/MatMul,,brgemm_avx512_bf16,357.0
Status.NOT_RUN,__module.model.language_model.layers.16.self_attn/aten::view/Reshape_2,,unknown_bf16,0.0
Status.EXECUTED,__module.model.language_model.layers.16.self_attn/aten::transpose/Transpose_2,,unknown_bf16,10.0
Status.EXECUTED,__module.model.language_model.layers.16.self_attn/aten::scaled_dot_product_attention/ScaledDotProductAttention,,undef_bf16,177.0
Status.EXECUTED,__module.model.language_model.layers.16.self_attn/aten::transpose/Transpose_3,,unknown_bf16,32.0
Status.NOT_RUN,__module.model.language_model.layers.16.self_attn/aten::reshape/Reshape_2,,unknown_bf16,0.0
Status.EXECUTED,__module.model.language_model.layers.16.self_attn.o_proj/aten::linear/MatMul,,brgemm_avx512_bf16,1158.0
Status.EXECUTED,__module.model.language_model.layers.16.self_attn.o_proj/aten::linear/MatMul_bf16_f32___module.model.language_model.layers.16/aten::add/Add,,jit_uni_bf16,35.0
Status.EXECUTED,__module.model.language_model.layers.16/aten::add/Add,,jit_avx512_f32,58.0
Status.EXECUTED,__module.model.language_model.layers.16/aten::add/Add_f32_bf16___module.model.language_model.layers.16.post_attention_layernorm/aten::mul/Multiply_1,,jit_uni_f32,24.0
Status.EXECUTED,__module.model.language_model.layers.16.post_attention_layernorm/aten::mul/Multiply_1,,jit_avx512_bf16,15.0
Status.EXECUTED,__module.model.language_model.layers.16.mlp.gate_proj/aten::linear/MatMul,,brgemm_avx512_bf16,2667.0
Status.NOT_RUN,__module.model.language_model.layers.16.mlp.act_fn/aten::silu/Swish,,undef,0.0
Status.EXECUTED,__module.model.language_model.layers.16.mlp.up_proj/aten::linear/MatMul,,brgemm_avx512_bf16,2873.0
Status.EXECUTED,__module.model.language_model.layers.16.mlp/aten::mul/Multiply,,jit_avx512_bf16,88.0
Status.EXECUTED,__module.model.language_model.layers.16.mlp.down_proj/aten::linear/MatMul,,brgemm_avx512_bf16,2455.0
Status.EXECUTED,__module.model.language_model.layers.16.mlp.down_proj/aten::linear/MatMul_bf16_f32___module.model.language_model.layers.16/aten::add/Add_1,,jit_uni_bf16,33.0
Status.EXECUTED,__module.model.language_model.layers.16/aten::add/Add_1,,jit_avx512_f32,57.0
Status.EXECUTED,__module.model.language_model.layers.16/aten::add/Add_1_f32_bf16___module.model.language_model.layers.17.input_layernorm/aten::mul/Multiply_1,,jit_uni_f32,34.0
Status.EXECUTED,__module.model.language_model.layers.17.input_layernorm/aten::mul/Multiply_1,,jit_avx512_bf16,26.0
Status.EXECUTED,__module.model.language_model.layers.17.self_attn.q_proj/aten::linear/MatMul,,brgemm_avx512_bf16,971.0
Status.NOT_RUN,__module.model.language_model.layers.17.self_attn/aten::view/Reshape,,unknown_bf16,0.0
Status.EXECUTED,__module.model.language_model.layers.17.self_attn.q_norm/aten::mul/Multiply_1,,jit_avx512_bf16,23.0
Status.EXECUTED,__module.model.language_model.layers.17.self_attn/aten::add/Add,,ref_any_bf16,25.0
Status.EXECUTED,__module.model.language_model.layers.17.self_attn.k_proj/aten::linear/MatMul,,brgemm_avx512_bf16,264.0
Status.NOT_RUN,__module.model.language_model.layers.17.self_attn/aten::view/Reshape_1,,unknown_bf16,0.0
Status.EXECUTED,__module.model.language_model.layers.17.self_attn.k_norm/aten::mul/Multiply_1,,jit_avx512_bf16,9.0
Status.EXECUTED,__module.model.language_model.layers.17.self_attn/aten::add/Add_1,,ref_any_bf16,15.0
Status.EXECUTED,__module.model.language_model.layers.17.self_attn.v_proj/aten::linear/MatMul,,brgemm_avx512_bf16,268.0
Status.NOT_RUN,__module.model.language_model.layers.17.self_attn/aten::view/Reshape_2,,unknown_bf16,0.0
Status.EXECUTED,__module.model.language_model.layers.17.self_attn/aten::transpose/Transpose_2,,unknown_bf16,10.0
Status.EXECUTED,__module.model.language_model.layers.17.self_attn/aten::scaled_dot_product_attention/ScaledDotProductAttention,,undef_bf16,178.0
Status.EXECUTED,__module.model.language_model.layers.17.self_attn/aten::transpose/Transpose_3,,unknown_bf16,34.0
Status.NOT_RUN,__module.model.language_model.layers.17.self_attn/aten::reshape/Reshape_2,,unknown_bf16,0.0
Status.EXECUTED,__module.model.language_model.layers.17.self_attn.o_proj/aten::linear/MatMul,,brgemm_avx512_bf16,849.0
Status.EXECUTED,__module.model.language_model.layers.17.self_attn.o_proj/aten::linear/MatMul_bf16_f32___module.model.language_model.layers.17/aten::add/Add,,jit_uni_bf16,36.0
Status.EXECUTED,__module.model.language_model.layers.17/aten::add/Add,,jit_avx512_f32,56.0
Status.EXECUTED,__module.model.language_model.layers.17/aten::add/Add_f32_bf16___module.model.language_model.layers.17.post_attention_layernorm/aten::mul/Multiply_1,,jit_uni_f32,26.0
Status.EXECUTED,__module.model.language_model.layers.17.post_attention_layernorm/aten::mul/Multiply_1,,jit_avx512_bf16,14.0
Status.EXECUTED,__module.model.language_model.layers.17.mlp.gate_proj/aten::linear/MatMul,,brgemm_avx512_bf16,2481.0
Status.NOT_RUN,__module.model.language_model.layers.17.mlp.act_fn/aten::silu/Swish,,undef,0.0
Status.EXECUTED,__module.model.language_model.layers.17.mlp.up_proj/aten::linear/MatMul,,brgemm_avx512_bf16,2712.0
Status.EXECUTED,__module.model.language_model.layers.17.mlp/aten::mul/Multiply,,jit_avx512_bf16,86.0
Status.EXECUTED,__module.model.language_model.layers.17.mlp.down_proj/aten::linear/MatMul,,brgemm_avx512_bf16,2865.0
Status.EXECUTED,__module.model.language_model.layers.17.mlp.down_proj/aten::linear/MatMul_bf16_f32___module.model.language_model.layers.17/aten::add/Add_1,,jit_uni_bf16,37.0
Status.EXECUTED,__module.model.language_model.layers.17/aten::add/Add_1,,jit_avx512_f32,65.0
Status.EXECUTED,__module.model.language_model.layers.17/aten::add/Add_1_f32_bf16___module.model.language_model.layers.18.input_layernorm/aten::mul/Multiply_1,,jit_uni_f32,35.0
Status.EXECUTED,__module.model.language_model.layers.18.input_layernorm/aten::mul/Multiply_1,,jit_avx512_bf16,27.0
Status.EXECUTED,__module.model.language_model.layers.18.self_attn.q_proj/aten::linear/MatMul,,brgemm_avx512_bf16,821.0
Status.NOT_RUN,__module.model.language_model.layers.18.self_attn/aten::view/Reshape,,unknown_bf16,0.0
Status.EXECUTED,__module.model.language_model.layers.18.self_attn.q_norm/aten::mul/Multiply_1,,jit_avx512_bf16,22.0
Status.EXECUTED,__module.model.language_model.layers.18.self_attn/aten::add/Add,,ref_any_bf16,26.0
Status.EXECUTED,__module.model.language_model.layers.18.self_attn.k_proj/aten::linear/MatMul,,brgemm_avx512_bf16,280.0
Status.NOT_RUN,__module.model.language_model.layers.18.self_attn/aten::view/Reshape_1,,unknown_bf16,0.0
Status.EXECUTED,__module.model.language_model.layers.18.self_attn.k_norm/aten::mul/Multiply_1,,jit_avx512_bf16,9.0
Status.EXECUTED,__module.model.language_model.layers.18.self_attn/aten::add/Add_1,,ref_any_bf16,12.0
Status.EXECUTED,__module.model.language_model.layers.18.self_attn.v_proj/aten::linear/MatMul,,brgemm_avx512_bf16,560.0
Status.NOT_RUN,__module.model.language_model.layers.18.self_attn/aten::view/Reshape_2,,unknown_bf16,0.0
Status.EXECUTED,__module.model.language_model.layers.18.self_attn/aten::transpose/Transpose_2,,unknown_bf16,11.0
Status.EXECUTED,__module.model.language_model.layers.18.self_attn/aten::scaled_dot_product_attention/ScaledDotProductAttention,,undef_bf16,186.0
Status.EXECUTED,__module.model.language_model.layers.18.self_attn/aten::transpose/Transpose_3,,unknown_bf16,32.0
Status.NOT_RUN,__module.model.language_model.layers.18.self_attn/aten::reshape/Reshape_2,,unknown_bf16,0.0
Status.EXECUTED,__module.model.language_model.layers.18.self_attn.o_proj/aten::linear/MatMul,,brgemm_avx512_bf16,1217.0
Status.EXECUTED,__module.model.language_model.layers.18.self_attn.o_proj/aten::linear/MatMul_bf16_f32___module.model.language_model.layers.18/aten::add/Add,,jit_uni_bf16,34.0
Status.EXECUTED,__module.model.language_model.layers.18/aten::add/Add,,jit_avx512_f32,56.0
Status.EXECUTED,__module.model.language_model.layers.18/aten::add/Add_f32_bf16___module.model.language_model.layers.18.post_attention_layernorm/aten::mul/Multiply_1,,jit_uni_f32,25.0
Status.EXECUTED,__module.model.language_model.layers.18.post_attention_layernorm/aten::mul/Multiply_1,,jit_avx512_bf16,15.0
Status.EXECUTED,__module.model.language_model.layers.18.mlp.gate_proj/aten::linear/MatMul,,brgemm_avx512_bf16,2445.0
Status.NOT_RUN,__module.model.language_model.layers.18.mlp.act_fn/aten::silu/Swish,,undef,0.0
Status.EXECUTED,__module.model.language_model.layers.18.mlp.up_proj/aten::linear/MatMul,,brgemm_avx512_bf16,2400.0
Status.EXECUTED,__module.model.language_model.layers.18.mlp/aten::mul/Multiply,,jit_avx512_bf16,91.0
Status.EXECUTED,__module.model.language_model.layers.18.mlp.down_proj/aten::linear/MatMul,,brgemm_avx512_bf16,2416.0
Status.EXECUTED,__module.model.language_model.layers.18.mlp.down_proj/aten::linear/MatMul_bf16_f32___module.model.language_model.layers.18/aten::add/Add_1,,jit_uni_bf16,33.0
Status.EXECUTED,__module.model.language_model.layers.18/aten::add/Add_1,,jit_avx512_f32,57.0
Status.EXECUTED,__module.model.language_model.layers.18/aten::add/Add_1_f32_bf16___module.model.language_model.layers.19.input_layernorm/aten::mul/Multiply_1,,jit_uni_f32,35.0
Status.EXECUTED,__module.model.language_model.layers.19.input_layernorm/aten::mul/Multiply_1,,jit_avx512_bf16,28.0
Status.EXECUTED,__module.model.language_model.layers.19.self_attn.q_proj/aten::linear/MatMul,,brgemm_avx512_bf16,829.0
Status.NOT_RUN,__module.model.language_model.layers.19.self_attn/aten::view/Reshape,,unknown_bf16,0.0
Status.EXECUTED,__module.model.language_model.layers.19.self_attn.q_norm/aten::mul/Multiply_1,,jit_avx512_bf16,22.0
Status.EXECUTED,__module.model.language_model.layers.19.self_attn/aten::add/Add,,ref_any_bf16,24.0
Status.EXECUTED,__module.model.language_model.layers.19.self_attn.k_proj/aten::linear/MatMul,,brgemm_avx512_bf16,272.0
Status.NOT_RUN,__module.model.language_model.layers.19.self_attn/aten::view/Reshape_1,,unknown_bf16,0.0
Status.EXECUTED,__module.model.language_model.layers.19.self_attn.k_norm/aten::mul/Multiply_1,,jit_avx512_bf16,9.0
Status.EXECUTED,__module.model.language_model.layers.19.self_attn/aten::add/Add_1,,ref_any_bf16,11.0
Status.EXECUTED,__module.model.language_model.layers.19.self_attn.v_proj/aten::linear/MatMul,,brgemm_avx512_bf16,434.0
Status.NOT_RUN,__module.model.language_model.layers.19.self_attn/aten::view/Reshape_2,,unknown_bf16,0.0
Status.EXECUTED,__module.model.language_model.layers.19.self_attn/aten::transpose/Transpose_2,,unknown_bf16,11.0
Status.EXECUTED,__module.model.language_model.layers.19.self_attn/aten::scaled_dot_product_attention/ScaledDotProductAttention,,undef_bf16,180.0
Status.EXECUTED,__module.model.language_model.layers.19.self_attn/aten::transpose/Transpose_3,,unknown_bf16,33.0
Status.NOT_RUN,__module.model.language_model.layers.19.self_attn/aten::reshape/Reshape_2,,unknown_bf16,0.0
Status.EXECUTED,__module.model.language_model.layers.19.self_attn.o_proj/aten::linear/MatMul,,brgemm_avx512_bf16,836.0
Status.EXECUTED,__module.model.language_model.layers.19.self_attn.o_proj/aten::linear/MatMul_bf16_f32___module.model.language_model.layers.19/aten::add/Add,,jit_uni_bf16,33.0
Status.EXECUTED,__module.model.language_model.layers.19/aten::add/Add,,jit_avx512_f32,56.0
Status.EXECUTED,__module.model.language_model.layers.19/aten::add/Add_f32_bf16___module.model.language_model.layers.19.post_attention_layernorm/aten::mul/Multiply_1,,jit_uni_f32,25.0
Status.EXECUTED,__module.model.language_model.layers.19.post_attention_layernorm/aten::mul/Multiply_1,,jit_avx512_bf16,15.0
Status.EXECUTED,__module.model.language_model.layers.19.mlp.gate_proj/aten::linear/MatMul,,brgemm_avx512_bf16,2588.0
Status.NOT_RUN,__module.model.language_model.layers.19.mlp.act_fn/aten::silu/Swish,,undef,0.0
Status.EXECUTED,__module.model.language_model.layers.19.mlp.up_proj/aten::linear/MatMul,,brgemm_avx512_bf16,2393.0
Status.EXECUTED,__module.model.language_model.layers.19.mlp/aten::mul/Multiply,,jit_avx512_bf16,92.0
Status.EXECUTED,__module.model.language_model.layers.19.mlp.down_proj/aten::linear/MatMul,,brgemm_avx512_bf16,2507.0
Status.EXECUTED,__module.model.language_model.layers.19.mlp.down_proj/aten::linear/MatMul_bf16_f32___module.model.language_model.layers.19/aten::add/Add_1,,jit_uni_bf16,35.0
Status.EXECUTED,__module.model.language_model.layers.19/aten::add/Add_1,,jit_avx512_f32,65.0
Status.EXECUTED,__module.model.language_model.layers.19/aten::add/Add_1_f32_bf16___module.model.language_model.layers.20.input_layernorm/aten::mul/Multiply_1,,jit_uni_f32,39.0
Status.EXECUTED,__module.model.language_model.layers.20.input_layernorm/aten::mul/Multiply_1,,jit_avx512_bf16,28.0
Status.EXECUTED,__module.model.language_model.layers.20.self_attn.q_proj/aten::linear/MatMul,,brgemm_avx512_bf16,870.0
Status.NOT_RUN,__module.model.language_model.layers.20.self_attn/aten::view/Reshape,,unknown_bf16,0.0
Status.EXECUTED,__module.model.language_model.layers.20.self_attn.q_norm/aten::mul/Multiply_1,,jit_avx512_bf16,21.0
Status.EXECUTED,__module.model.language_model.layers.20.self_attn/aten::add/Add,,ref_any_bf16,24.0
Status.EXECUTED,__module.model.language_model.layers.20.self_attn.k_proj/aten::linear/MatMul,,brgemm_avx512_bf16,267.0
Status.NOT_RUN,__module.model.language_model.layers.20.self_attn/aten::view/Reshape_1,,unknown_bf16,0.0
Status.EXECUTED,__module.model.language_model.layers.20.self_attn.k_norm/aten::mul/Multiply_1,,jit_avx512_bf16,9.0
Status.EXECUTED,__module.model.language_model.layers.20.self_attn/aten::add/Add_1,,ref_any_bf16,11.0
Status.EXECUTED,__module.model.language_model.layers.20.self_attn.v_proj/aten::linear/MatMul,,brgemm_avx512_bf16,263.0
Status.NOT_RUN,__module.model.language_model.layers.20.self_attn/aten::view/Reshape_2,,unknown_bf16,0.0
Status.EXECUTED,__module.model.language_model.layers.20.self_attn/aten::transpose/Transpose_2,,unknown_bf16,10.0
Status.EXECUTED,__module.model.language_model.layers.20.self_attn/aten::scaled_dot_product_attention/ScaledDotProductAttention,,undef_bf16,179.0
Status.EXECUTED,__module.model.language_model.layers.20.self_attn/aten::transpose/Transpose_3,,unknown_bf16,33.0
Status.NOT_RUN,__module.model.language_model.layers.20.self_attn/aten::reshape/Reshape_2,,unknown_bf16,0.0
Status.EXECUTED,__module.model.language_model.layers.20.self_attn.o_proj/aten::linear/MatMul,,brgemm_avx512_bf16,846.0
Status.EXECUTED,__module.model.language_model.layers.20.self_attn.o_proj/aten::linear/MatMul_bf16_f32___module.model.language_model.layers.20/aten::add/Add,,jit_uni_bf16,31.0
Status.EXECUTED,__module.model.language_model.layers.20/aten::add/Add,,jit_avx512_f32,56.0
Status.EXECUTED,__module.model.language_model.layers.20/aten::add/Add_f32_bf16___module.model.language_model.layers.20.post_attention_layernorm/aten::mul/Multiply_1,,jit_uni_f32,25.0
Status.EXECUTED,__module.model.language_model.layers.20.post_attention_layernorm/aten::mul/Multiply_1,,jit_avx512_bf16,15.0
Status.EXECUTED,__module.model.language_model.layers.20.mlp.gate_proj/aten::linear/MatMul,,brgemm_avx512_bf16,2437.0
Status.NOT_RUN,__module.model.language_model.layers.20.mlp.act_fn/aten::silu/Swish,,undef,0.0
Status.EXECUTED,__module.model.language_model.layers.20.mlp.up_proj/aten::linear/MatMul,,brgemm_avx512_bf16,2567.0
Status.EXECUTED,__module.model.language_model.layers.20.mlp/aten::mul/Multiply,,jit_avx512_bf16,87.0
Status.EXECUTED,__module.model.language_model.layers.20.mlp.down_proj/aten::linear/MatMul,,brgemm_avx512_bf16,2451.0
Status.EXECUTED,__module.model.language_model.layers.20.mlp.down_proj/aten::linear/MatMul_bf16_f32___module.model.language_model.layers.20/aten::add/Add_1,,jit_uni_bf16,34.0
Status.EXECUTED,__module.model.language_model.layers.20/aten::add/Add_1,,jit_avx512_f32,61.0
Status.EXECUTED,__module.model.language_model.layers.20/aten::add/Add_1_f32_bf16___module.model.language_model.layers.21.input_layernorm/aten::mul/Multiply_1,,jit_uni_f32,35.0
Status.EXECUTED,__module.model.language_model.layers.21.input_layernorm/aten::mul/Multiply_1,,jit_avx512_bf16,27.0
Status.EXECUTED,__module.model.language_model.layers.21.self_attn.q_proj/aten::linear/MatMul,,brgemm_avx512_bf16,840.0
Status.NOT_RUN,__module.model.language_model.layers.21.self_attn/aten::view/Reshape,,unknown_bf16,0.0
Status.EXECUTED,__module.model.language_model.layers.21.self_attn.q_norm/aten::mul/Multiply_1,,jit_avx512_bf16,21.0
Status.EXECUTED,__module.model.language_model.layers.21.self_attn/aten::add/Add,,ref_any_bf16,24.0
Status.EXECUTED,__module.model.language_model.layers.21.self_attn.k_proj/aten::linear/MatMul,,brgemm_avx512_bf16,259.0
Status.NOT_RUN,__module.model.language_model.layers.21.self_attn/aten::view/Reshape_1,,unknown_bf16,0.0
Status.EXECUTED,__module.model.language_model.layers.21.self_attn.k_norm/aten::mul/Multiply_1,,jit_avx512_bf16,9.0
Status.EXECUTED,__module.model.language_model.layers.21.self_attn/aten::add/Add_1,,ref_any_bf16,11.0
Status.EXECUTED,__module.model.language_model.layers.21.self_attn.v_proj/aten::linear/MatMul,,brgemm_avx512_bf16,257.0
Status.NOT_RUN,__module.model.language_model.layers.21.self_attn/aten::view/Reshape_2,,unknown_bf16,0.0
Status.EXECUTED,__module.model.language_model.layers.21.self_attn/aten::transpose/Transpose_2,,unknown_bf16,11.0
Status.EXECUTED,__module.model.language_model.layers.21.self_attn/aten::scaled_dot_product_attention/ScaledDotProductAttention,,undef_bf16,178.0
Status.EXECUTED,__module.model.language_model.layers.21.self_attn/aten::transpose/Transpose_3,,unknown_bf16,33.0
Status.NOT_RUN,__module.model.language_model.layers.21.self_attn/aten::reshape/Reshape_2,,unknown_bf16,0.0
Status.EXECUTED,__module.model.language_model.layers.21.self_attn.o_proj/aten::linear/MatMul,,brgemm_avx512_bf16,847.0
Status.EXECUTED,__module.model.language_model.layers.21.self_attn.o_proj/aten::linear/MatMul_bf16_f32___module.model.language_model.layers.21/aten::add/Add,,jit_uni_bf16,33.0
Status.EXECUTED,__module.model.language_model.layers.21/aten::add/Add,,jit_avx512_f32,57.0
Status.EXECUTED,__module.model.language_model.layers.21/aten::add/Add_f32_bf16___module.model.language_model.layers.21.post_attention_layernorm/aten::mul/Multiply_1,,jit_uni_f32,24.0
Status.EXECUTED,__module.model.language_model.layers.21.post_attention_layernorm/aten::mul/Multiply_1,,jit_avx512_bf16,15.0
Status.EXECUTED,__module.model.language_model.layers.21.mlp.gate_proj/aten::linear/MatMul,,brgemm_avx512_bf16,2747.0
Status.NOT_RUN,__module.model.language_model.layers.21.mlp.act_fn/aten::silu/Swish,,undef,0.0
Status.EXECUTED,__module.model.language_model.layers.21.mlp.up_proj/aten::linear/MatMul,,brgemm_avx512_bf16,2625.0
Status.EXECUTED,__module.model.language_model.layers.21.mlp/aten::mul/Multiply,,jit_avx512_bf16,90.0
Status.EXECUTED,__module.model.language_model.layers.21.mlp.down_proj/aten::linear/MatMul,,brgemm_avx512_bf16,2471.0
Status.EXECUTED,__module.model.language_model.layers.21.mlp.down_proj/aten::linear/MatMul_bf16_f32___module.model.language_model.layers.21/aten::add/Add_1,,jit_uni_bf16,34.0
Status.EXECUTED,__module.model.language_model.layers.21/aten::add/Add_1,,jit_avx512_f32,66.0
Status.EXECUTED,__module.model.language_model.layers.21/aten::add/Add_1_f32_bf16___module.model.language_model.layers.22.input_layernorm/aten::mul/Multiply_1,,jit_uni_f32,35.0
Status.EXECUTED,__module.model.language_model.layers.22.input_layernorm/aten::mul/Multiply_1,,jit_avx512_bf16,28.0
Status.EXECUTED,__module.model.language_model.layers.22.self_attn.q_proj/aten::linear/MatMul,,brgemm_avx512_bf16,1195.0
Status.NOT_RUN,__module.model.language_model.layers.22.self_attn/aten::view/Reshape,,unknown_bf16,0.0
Status.EXECUTED,__module.model.language_model.layers.22.self_attn.q_norm/aten::mul/Multiply_1,,jit_avx512_bf16,23.0
Status.EXECUTED,__module.model.language_model.layers.22.self_attn/aten::add/Add,,ref_any_bf16,25.0
Status.EXECUTED,__module.model.language_model.layers.22.self_attn.k_proj/aten::linear/MatMul,,brgemm_avx512_bf16,291.0
Status.NOT_RUN,__module.model.language_model.layers.22.self_attn/aten::view/Reshape_1,,unknown_bf16,0.0
Status.EXECUTED,__module.model.language_model.layers.22.self_attn.k_norm/aten::mul/Multiply_1,,jit_avx512_bf16,9.0
Status.EXECUTED,__module.model.language_model.layers.22.self_attn/aten::add/Add_1,,ref_any_bf16,12.0
Status.EXECUTED,__module.model.language_model.layers.22.self_attn.v_proj/aten::linear/MatMul,,brgemm_avx512_bf16,501.99999999999994
Status.NOT_RUN,__module.model.language_model.layers.22.self_attn/aten::view/Reshape_2,,unknown_bf16,0.0
Status.EXECUTED,__module.model.language_model.layers.22.self_attn/aten::transpose/Transpose_2,,unknown_bf16,13.0
Status.EXECUTED,__module.model.language_model.layers.22.self_attn/aten::scaled_dot_product_attention/ScaledDotProductAttention,,undef_bf16,189.0
Status.EXECUTED,__module.model.language_model.layers.22.self_attn/aten::transpose/Transpose_3,,unknown_bf16,35.0
Status.NOT_RUN,__module.model.language_model.layers.22.self_attn/aten::reshape/Reshape_2,,unknown_bf16,0.0
Status.EXECUTED,__module.model.language_model.layers.22.self_attn.o_proj/aten::linear/MatMul,,brgemm_avx512_bf16,1127.0
Status.EXECUTED,__module.model.language_model.layers.22.self_attn.o_proj/aten::linear/MatMul_bf16_f32___module.model.language_model.layers.22/aten::add/Add,,jit_uni_bf16,32.0
Status.EXECUTED,__module.model.language_model.layers.22/aten::add/Add,,jit_avx512_f32,58.0
Status.EXECUTED,__module.model.language_model.layers.22/aten::add/Add_f32_bf16___module.model.language_model.layers.22.post_attention_layernorm/aten::mul/Multiply_1,,jit_uni_f32,24.0
Status.EXECUTED,__module.model.language_model.layers.22.post_attention_layernorm/aten::mul/Multiply_1,,jit_avx512_bf16,16.0
Status.EXECUTED,__module.model.language_model.layers.22.mlp.gate_proj/aten::linear/MatMul,,brgemm_avx512_bf16,2496.0
Status.NOT_RUN,__module.model.language_model.layers.22.mlp.act_fn/aten::silu/Swish,,undef,0.0
Status.EXECUTED,__module.model.language_model.layers.22.mlp.up_proj/aten::linear/MatMul,,brgemm_avx512_bf16,2430.0
Status.EXECUTED,__module.model.language_model.layers.22.mlp/aten::mul/Multiply,,jit_avx512_bf16,85.0
Status.EXECUTED,__module.model.language_model.layers.22.mlp.down_proj/aten::linear/MatMul,,brgemm_avx512_bf16,2718.0
Status.EXECUTED,__module.model.language_model.layers.22.mlp.down_proj/aten::linear/MatMul_bf16_f32___module.model.language_model.layers.22/aten::add/Add_1,,jit_uni_bf16,34.0
Status.EXECUTED,__module.model.language_model.layers.22/aten::add/Add_1,,jit_avx512_f32,63.0
Status.EXECUTED,__module.model.language_model.layers.22/aten::add/Add_1_f32_bf16___module.model.language_model.layers.23.input_layernorm/aten::mul/Multiply_1,,jit_uni_f32,37.0
Status.EXECUTED,__module.model.language_model.layers.23.input_layernorm/aten::mul/Multiply_1,,jit_avx512_bf16,29.0
Status.EXECUTED,__module.model.language_model.layers.23.self_attn.q_proj/aten::linear/MatMul,,brgemm_avx512_bf16,1187.0
Status.NOT_RUN,__module.model.language_model.layers.23.self_attn/aten::view/Reshape,,unknown_bf16,0.0
Status.EXECUTED,__module.model.language_model.layers.23.self_attn.q_norm/aten::mul/Multiply_1,,jit_avx512_bf16,23.0
Status.EXECUTED,__module.model.language_model.layers.23.self_attn/aten::add/Add,,ref_any_bf16,25.0
Status.EXECUTED,__module.model.language_model.layers.23.self_attn.k_proj/aten::linear/MatMul,,brgemm_avx512_bf16,264.0
Status.NOT_RUN,__module.model.language_model.layers.23.self_attn/aten::view/Reshape_1,,unknown_bf16,0.0
Status.EXECUTED,__module.model.language_model.layers.23.self_attn.k_norm/aten::mul/Multiply_1,,jit_avx512_bf16,9.0
Status.EXECUTED,__module.model.language_model.layers.23.self_attn/aten::add/Add_1,,ref_any_bf16,11.0
Status.EXECUTED,__module.model.language_model.layers.23.self_attn.v_proj/aten::linear/MatMul,,brgemm_avx512_bf16,259.0
Status.NOT_RUN,__module.model.language_model.layers.23.self_attn/aten::view/Reshape_2,,unknown_bf16,0.0
Status.EXECUTED,__module.model.language_model.layers.23.self_attn/aten::transpose/Transpose_2,,unknown_bf16,11.0
Status.EXECUTED,__module.model.language_model.layers.23.self_attn/aten::scaled_dot_product_attention/ScaledDotProductAttention,,undef_bf16,179.0
Status.EXECUTED,__module.model.language_model.layers.23.self_attn/aten::transpose/Transpose_3,,unknown_bf16,33.0
Status.NOT_RUN,__module.model.language_model.layers.23.self_attn/aten::reshape/Reshape_2,,unknown_bf16,0.0
Status.EXECUTED,__module.model.language_model.layers.23.self_attn.o_proj/aten::linear/MatMul,,brgemm_avx512_bf16,1122.0
Status.EXECUTED,__module.model.language_model.layers.23.self_attn.o_proj/aten::linear/MatMul_bf16_f32___module.model.language_model.layers.23/aten::add/Add,,jit_uni_bf16,35.0
Status.EXECUTED,__module.model.language_model.layers.23/aten::add/Add,,jit_avx512_f32,58.0
Status.EXECUTED,__module.model.language_model.layers.23/aten::add/Add_f32_bf16___module.model.language_model.layers.23.post_attention_layernorm/aten::mul/Multiply_1,,jit_uni_f32,28.0
Status.EXECUTED,__module.model.language_model.layers.23.post_attention_layernorm/aten::mul/Multiply_1,,jit_avx512_bf16,15.0
Status.EXECUTED,__module.model.language_model.layers.23.mlp.gate_proj/aten::linear/MatMul,,brgemm_avx512_bf16,3428.0
Status.NOT_RUN,__module.model.language_model.layers.23.mlp.act_fn/aten::silu/Swish,,undef,0.0
Status.EXECUTED,__module.model.language_model.layers.23.mlp.up_proj/aten::linear/MatMul,,brgemm_avx512_bf16,2569.0
Status.EXECUTED,__module.model.language_model.layers.23.mlp/aten::mul/Multiply,,jit_avx512_bf16,90.0
Status.EXECUTED,__module.model.language_model.layers.23.mlp.down_proj/aten::linear/MatMul,,brgemm_avx512_bf16,2613.0
Status.EXECUTED,__module.model.language_model.layers.23.mlp.down_proj/aten::linear/MatMul_bf16_f32___module.model.language_model.layers.23/aten::add/Add_1,,jit_uni_bf16,34.0
Status.EXECUTED,__module.model.language_model.layers.23/aten::add/Add_1,,jit_avx512_f32,67.0
Status.EXECUTED,__module.model.language_model.layers.23/aten::add/Add_1_f32_bf16___module.model.language_model.layers.24.input_layernorm/aten::mul/Multiply_1,,jit_uni_f32,36.0
Status.EXECUTED,__module.model.language_model.layers.24.input_layernorm/aten::mul/Multiply_1,,jit_avx512_bf16,28.0
Status.EXECUTED,__module.model.language_model.layers.24.self_attn.q_proj/aten::linear/MatMul,,brgemm_avx512_bf16,849.0
Status.NOT_RUN,__module.model.language_model.layers.24.self_attn/aten::view/Reshape,,unknown_bf16,0.0
Status.EXECUTED,__module.model.language_model.layers.24.self_attn.q_norm/aten::mul/Multiply_1,,jit_avx512_bf16,22.0
Status.EXECUTED,__module.model.language_model.layers.24.self_attn/aten::add/Add,,ref_any_bf16,24.0
Status.EXECUTED,__module.model.language_model.layers.24.self_attn.k_proj/aten::linear/MatMul,,brgemm_avx512_bf16,275.0
Status.NOT_RUN,__module.model.language_model.layers.24.self_attn/aten::view/Reshape_1,,unknown_bf16,0.0
Status.EXECUTED,__module.model.language_model.layers.24.self_attn.k_norm/aten::mul/Multiply_1,,jit_avx512_bf16,9.0
Status.EXECUTED,__module.model.language_model.layers.24.self_attn/aten::add/Add_1,,ref_any_bf16,11.0
Status.EXECUTED,__module.model.language_model.layers.24.self_attn.v_proj/aten::linear/MatMul,,brgemm_avx512_bf16,272.0
Status.NOT_RUN,__module.model.language_model.layers.24.self_attn/aten::view/Reshape_2,,unknown_bf16,0.0
Status.EXECUTED,__module.model.language_model.layers.24.self_attn/aten::transpose/Transpose_2,,unknown_bf16,11.0
Status.EXECUTED,__module.model.language_model.layers.24.self_attn/aten::scaled_dot_product_attention/ScaledDotProductAttention,,undef_bf16,207.0
Status.EXECUTED,__module.model.language_model.layers.24.self_attn/aten::transpose/Transpose_3,,unknown_bf16,32.0
Status.NOT_RUN,__module.model.language_model.layers.24.self_attn/aten::reshape/Reshape_2,,unknown_bf16,0.0
Status.EXECUTED,__module.model.language_model.layers.24.self_attn.o_proj/aten::linear/MatMul,,brgemm_avx512_bf16,906.0
Status.EXECUTED,__module.model.language_model.layers.24.self_attn.o_proj/aten::linear/MatMul_bf16_f32___module.model.language_model.layers.24/aten::add/Add,,jit_uni_bf16,33.0
Status.EXECUTED,__module.model.language_model.layers.24/aten::add/Add,,jit_avx512_f32,61.0
Status.EXECUTED,__module.model.language_model.layers.24/aten::add/Add_f32_bf16___module.model.language_model.layers.24.post_attention_layernorm/aten::mul/Multiply_1,,jit_uni_f32,26.0
Status.EXECUTED,__module.model.language_model.layers.24.post_attention_layernorm/aten::mul/Multiply_1,,jit_avx512_bf16,15.0
Status.EXECUTED,__module.model.language_model.layers.24.mlp.gate_proj/aten::linear/MatMul,,brgemm_avx512_bf16,2554.0
Status.NOT_RUN,__module.model.language_model.layers.24.mlp.act_fn/aten::silu/Swish,,undef,0.0
Status.EXECUTED,__module.model.language_model.layers.24.mlp.up_proj/aten::linear/MatMul,,brgemm_avx512_bf16,2464.0
Status.EXECUTED,__module.model.language_model.layers.24.mlp/aten::mul/Multiply,,jit_avx512_bf16,86.0
Status.EXECUTED,__module.model.language_model.layers.24.mlp.down_proj/aten::linear/MatMul,,brgemm_avx512_bf16,2511.0
Status.EXECUTED,__module.model.language_model.layers.24.mlp.down_proj/aten::linear/MatMul_bf16_f32___module.model.language_model.layers.24/aten::add/Add_1,,jit_uni_bf16,33.0
Status.EXECUTED,__module.model.language_model.layers.24/aten::add/Add_1,,jit_avx512_f32,58.0
Status.EXECUTED,__module.model.language_model.layers.24/aten::add/Add_1_f32_bf16___module.model.language_model.layers.25.input_layernorm/aten::mul/Multiply_1,,jit_uni_f32,35.0
Status.EXECUTED,__module.model.language_model.layers.25.input_layernorm/aten::mul/Multiply_1,,jit_avx512_bf16,27.0
Status.EXECUTED,__module.model.language_model.layers.25.self_attn.q_proj/aten::linear/MatMul,,brgemm_avx512_bf16,838.0
Status.NOT_RUN,__module.model.language_model.layers.25.self_attn/aten::view/Reshape,,unknown_bf16,0.0
Status.EXECUTED,__module.model.language_model.layers.25.self_attn.q_norm/aten::mul/Multiply_1,,jit_avx512_bf16,22.0
Status.EXECUTED,__module.model.language_model.layers.25.self_attn/aten::add/Add,,ref_any_bf16,24.0
Status.EXECUTED,__module.model.language_model.layers.25.self_attn.k_proj/aten::linear/MatMul,,brgemm_avx512_bf16,264.0
Status.NOT_RUN,__module.model.language_model.layers.25.self_attn/aten::view/Reshape_1,,unknown_bf16,0.0
Status.EXECUTED,__module.model.language_model.layers.25.self_attn.k_norm/aten::mul/Multiply_1,,jit_avx512_bf16,9.0
Status.EXECUTED,__module.model.language_model.layers.25.self_attn/aten::add/Add_1,,ref_any_bf16,11.0
Status.EXECUTED,__module.model.language_model.layers.25.self_attn.v_proj/aten::linear/MatMul,,brgemm_avx512_bf16,262.0
Status.NOT_RUN,__module.model.language_model.layers.25.self_attn/aten::view/Reshape_2,,unknown_bf16,0.0
Status.EXECUTED,__module.model.language_model.layers.25.self_attn/aten::transpose/Transpose_2,,unknown_bf16,11.0
Status.EXECUTED,__module.model.language_model.layers.25.self_attn/aten::scaled_dot_product_attention/ScaledDotProductAttention,,undef_bf16,191.0
Status.EXECUTED,__module.model.language_model.layers.25.self_attn/aten::transpose/Transpose_3,,unknown_bf16,33.0
Status.NOT_RUN,__module.model.language_model.layers.25.self_attn/aten::reshape/Reshape_2,,unknown_bf16,0.0
Status.EXECUTED,__module.model.language_model.layers.25.self_attn.o_proj/aten::linear/MatMul,,brgemm_avx512_bf16,963.0
Status.EXECUTED,__module.model.language_model.layers.25.self_attn.o_proj/aten::linear/MatMul_bf16_f32___module.model.language_model.layers.25/aten::add/Add,,jit_uni_bf16,34.0
Status.EXECUTED,__module.model.language_model.layers.25/aten::add/Add,,jit_avx512_f32,57.0
Status.EXECUTED,__module.model.language_model.layers.25/aten::add/Add_f32_bf16___module.model.language_model.layers.25.post_attention_layernorm/aten::mul/Multiply_1,,jit_uni_f32,25.0
Status.EXECUTED,__module.model.language_model.layers.25.post_attention_layernorm/aten::mul/Multiply_1,,jit_avx512_bf16,15.0
Status.EXECUTED,__module.model.language_model.layers.25.mlp.gate_proj/aten::linear/MatMul,,brgemm_avx512_bf16,2514.0
Status.NOT_RUN,__module.model.language_model.layers.25.mlp.act_fn/aten::silu/Swish,,undef,0.0
Status.EXECUTED,__module.model.language_model.layers.25.mlp.up_proj/aten::linear/MatMul,,brgemm_avx512_bf16,2370.0
Status.EXECUTED,__module.model.language_model.layers.25.mlp/aten::mul/Multiply,,jit_avx512_bf16,87.0
Status.EXECUTED,__module.model.language_model.layers.25.mlp.down_proj/aten::linear/MatMul,,brgemm_avx512_bf16,2564.0
Status.EXECUTED,__module.model.language_model.layers.25.mlp.down_proj/aten::linear/MatMul_bf16_f32___module.model.language_model.layers.25/aten::add/Add_1,,jit_uni_bf16,36.0
Status.EXECUTED,__module.model.language_model.layers.25/aten::add/Add_1,,jit_avx512_f32,66.0
Status.EXECUTED,__module.model.language_model.layers.25/aten::add/Add_1_f32_bf16___module.model.language_model.layers.26.input_layernorm/aten::mul/Multiply_1,,jit_uni_f32,35.0
Status.EXECUTED,__module.model.language_model.layers.26.input_layernorm/aten::mul/Multiply_1,,jit_avx512_bf16,28.0
Status.EXECUTED,__module.model.language_model.layers.26.self_attn.q_proj/aten::linear/MatMul,,brgemm_avx512_bf16,837.0
Status.NOT_RUN,__module.model.language_model.layers.26.self_attn/aten::view/Reshape,,unknown_bf16,0.0
Status.EXECUTED,__module.model.language_model.layers.26.self_attn.q_norm/aten::mul/Multiply_1,,jit_avx512_bf16,24.0
Status.EXECUTED,__module.model.language_model.layers.26.self_attn/aten::add/Add,,ref_any_bf16,25.0
Status.EXECUTED,__module.model.language_model.layers.26.self_attn.k_proj/aten::linear/MatMul,,brgemm_avx512_bf16,274.0
Status.NOT_RUN,__module.model.language_model.layers.26.self_attn/aten::view/Reshape_1,,unknown_bf16,0.0
Status.EXECUTED,__module.model.language_model.layers.26.self_attn.k_norm/aten::mul/Multiply_1,,jit_avx512_bf16,10.0
Status.EXECUTED,__module.model.language_model.layers.26.self_attn/aten::add/Add_1,,ref_any_bf16,12.0
Status.EXECUTED,__module.model.language_model.layers.26.self_attn.v_proj/aten::linear/MatMul,,brgemm_avx512_bf16,267.0
Status.NOT_RUN,__module.model.language_model.layers.26.self_attn/aten::view/Reshape_2,,unknown_bf16,0.0
Status.EXECUTED,__module.model.language_model.layers.26.self_attn/aten::transpose/Transpose_2,,unknown_bf16,11.0
Status.EXECUTED,__module.model.language_model.layers.26.self_attn/aten::scaled_dot_product_attention/ScaledDotProductAttention,,undef_bf16,180.0
Status.EXECUTED,__module.model.language_model.layers.26.self_attn/aten::transpose/Transpose_3,,unknown_bf16,32.0
Status.NOT_RUN,__module.model.language_model.layers.26.self_attn/aten::reshape/Reshape_2,,unknown_bf16,0.0
Status.EXECUTED,__module.model.language_model.layers.26.self_attn.o_proj/aten::linear/MatMul,,brgemm_avx512_bf16,873.0
Status.EXECUTED,__module.model.language_model.layers.26.self_attn.o_proj/aten::linear/MatMul_bf16_f32___module.model.language_model.layers.26/aten::add/Add,,jit_uni_bf16,31.0
Status.EXECUTED,__module.model.language_model.layers.26/aten::add/Add,,jit_avx512_f32,59.0
Status.EXECUTED,__module.model.language_model.layers.26/aten::add/Add_f32_bf16___module.model.language_model.layers.26.post_attention_layernorm/aten::mul/Multiply_1,,jit_uni_f32,28.0
Status.EXECUTED,__module.model.language_model.layers.26.post_attention_layernorm/aten::mul/Multiply_1,,jit_avx512_bf16,16.0
Status.EXECUTED,__module.model.language_model.layers.26.mlp.gate_proj/aten::linear/MatMul,,brgemm_avx512_bf16,2651.0
Status.NOT_RUN,__module.model.language_model.layers.26.mlp.act_fn/aten::silu/Swish,,undef,0.0
Status.EXECUTED,__module.model.language_model.layers.26.mlp.up_proj/aten::linear/MatMul,,brgemm_avx512_bf16,2413.0
Status.EXECUTED,__module.model.language_model.layers.26.mlp/aten::mul/Multiply,,jit_avx512_bf16,87.0
Status.EXECUTED,__module.model.language_model.layers.26.mlp.down_proj/aten::linear/MatMul,,brgemm_avx512_bf16,2600.0
Status.EXECUTED,__module.model.language_model.layers.26.mlp.down_proj/aten::linear/MatMul_bf16_f32___module.model.language_model.layers.26/aten::add/Add_1,,jit_uni_bf16,34.0
Status.EXECUTED,__module.model.language_model.layers.26/aten::add/Add_1,,jit_avx512_f32,58.0
Status.EXECUTED,__module.model.language_model.layers.26/aten::add/Add_1_f32_bf16___module.model.language_model.layers.27.input_layernorm/aten::mul/Multiply_1,,jit_uni_f32,34.0
Status.EXECUTED,__module.model.language_model.layers.27.input_layernorm/aten::mul/Multiply_1,,jit_avx512_bf16,26.0
Status.EXECUTED,__module.model.language_model.layers.27.self_attn.q_proj/aten::linear/MatMul,,brgemm_avx512_bf16,909.0
Status.NOT_RUN,__module.model.language_model.layers.27.self_attn/aten::view/Reshape,,unknown_bf16,0.0
Status.EXECUTED,__module.model.language_model.layers.27.self_attn.q_norm/aten::mul/Multiply_1,,jit_avx512_bf16,22.0
Status.EXECUTED,__module.model.language_model.layers.27.self_attn/aten::add/Add,,ref_any_bf16,25.0
Status.EXECUTED,__module.model.language_model.layers.27.self_attn.k_proj/aten::linear/MatMul,,brgemm_avx512_bf16,316.0
Status.NOT_RUN,__module.model.language_model.layers.27.self_attn/aten::view/Reshape_1,,unknown_bf16,0.0
Status.EXECUTED,__module.model.language_model.layers.27.self_attn.k_norm/aten::mul/Multiply_1,,jit_avx512_bf16,9.0
Status.EXECUTED,__module.model.language_model.layers.27.self_attn/aten::add/Add_1,,ref_any_bf16,12.0
Status.EXECUTED,__module.model.language_model.layers.27.self_attn.v_proj/aten::linear/MatMul,,brgemm_avx512_bf16,472.0
Status.NOT_RUN,__module.model.language_model.layers.27.self_attn/aten::view/Reshape_2,,unknown_bf16,0.0
Status.EXECUTED,__module.model.language_model.layers.27.self_attn/aten::transpose/Transpose_2,,unknown_bf16,12.0
Status.EXECUTED,__module.model.language_model.layers.27.self_attn/aten::scaled_dot_product_attention/ScaledDotProductAttention,,undef_bf16,194.0
Status.EXECUTED,__module.model.language_model.layers.27.self_attn/aten::transpose/Transpose_3,,unknown_bf16,33.0
Status.NOT_RUN,__module.model.language_model.layers.27.self_attn/aten::reshape/Reshape_2,,unknown_bf16,0.0
Status.EXECUTED,__module.model.language_model.layers.27.self_attn.o_proj/aten::linear/MatMul,,brgemm_avx512_bf16,948.0
Status.EXECUTED,__module.model.language_model.layers.27.self_attn.o_proj/aten::linear/MatMul_bf16_f32___module.model.language_model.layers.27/aten::add/Add,,jit_uni_bf16,34.0
Status.EXECUTED,__module.model.language_model.layers.27/aten::add/Add,,jit_avx512_f32,57.0
Status.EXECUTED,__module.model.language_model.layers.27/aten::add/Add_f32_bf16___module.model.language_model.layers.27.post_attention_layernorm/aten::mul/Multiply_1,,jit_uni_f32,26.0
Status.EXECUTED,__module.model.language_model.layers.27.post_attention_layernorm/aten::mul/Multiply_1,,jit_avx512_bf16,15.0
Status.EXECUTED,__module.model.language_model.layers.27.mlp.gate_proj/aten::linear/MatMul,,brgemm_avx512_bf16,2663.0
Status.NOT_RUN,__module.model.language_model.layers.27.mlp.act_fn/aten::silu/Swish,,undef,0.0
Status.EXECUTED,__module.model.language_model.layers.27.mlp.up_proj/aten::linear/MatMul,,brgemm_avx512_bf16,2621.0
Status.EXECUTED,__module.model.language_model.layers.27.mlp/aten::mul/Multiply,,jit_avx512_bf16,91.0
Status.EXECUTED,__module.model.language_model.layers.27.mlp.down_proj/aten::linear/MatMul,,brgemm_avx512_bf16,2423.0
Status.EXECUTED,__module.model.language_model.layers.27.mlp.down_proj/aten::linear/MatMul_bf16_f32___module.model.language_model.layers.27/aten::add/Add_1,,jit_uni_bf16,37.0
Status.EXECUTED,__module.model.language_model.layers.27/aten::add/Add_1,,jit_avx512_f32,66.0
Status.EXECUTED,__module.model.language_model.layers.27/aten::add/Add_1_f32_bf16___module.model.language_model.layers.28.input_layernorm/aten::mul/Multiply_1,,jit_uni_f32,34.0
Status.EXECUTED,__module.model.language_model.layers.28.input_layernorm/aten::mul/Multiply_1,,jit_avx512_bf16,28.0
Status.EXECUTED,__module.model.language_model.layers.28.self_attn.q_proj/aten::linear/MatMul,,brgemm_avx512_bf16,1058.0
Status.NOT_RUN,__module.model.language_model.layers.28.self_attn/aten::view/Reshape,,unknown_bf16,0.0
Status.EXECUTED,__module.model.language_model.layers.28.self_attn.q_norm/aten::mul/Multiply_1,,jit_avx512_bf16,25.0
Status.EXECUTED,__module.model.language_model.layers.28.self_attn/aten::add/Add,,ref_any_bf16,30.0
Status.EXECUTED,__module.model.language_model.layers.28.self_attn.k_proj/aten::linear/MatMul,,brgemm_avx512_bf16,346.0
Status.NOT_RUN,__module.model.language_model.layers.28.self_attn/aten::view/Reshape_1,,unknown_bf16,0.0
Status.EXECUTED,__module.model.language_model.layers.28.self_attn.k_norm/aten::mul/Multiply_1,,jit_avx512_bf16,10.0
Status.EXECUTED,__module.model.language_model.layers.28.self_attn/aten::add/Add_1,,ref_any_bf16,12.0
Status.EXECUTED,__module.model.language_model.layers.28.self_attn.v_proj/aten::linear/MatMul,,brgemm_avx512_bf16,333.0
Status.NOT_RUN,__module.model.language_model.layers.28.self_attn/aten::view/Reshape_2,,unknown_bf16,0.0
Status.EXECUTED,__module.model.language_model.layers.28.self_attn/aten::transpose/Transpose_2,,unknown_bf16,11.0
Status.EXECUTED,__module.model.language_model.layers.28.self_attn/aten::scaled_dot_product_attention/ScaledDotProductAttention,,undef_bf16,232.0
Status.EXECUTED,__module.model.language_model.layers.28.self_attn/aten::transpose/Transpose_3,,unknown_bf16,41.0
Status.NOT_RUN,__module.model.language_model.layers.28.self_attn/aten::reshape/Reshape_2,,unknown_bf16,0.0
Status.EXECUTED,__module.model.language_model.layers.28.self_attn.o_proj/aten::linear/MatMul,,brgemm_avx512_bf16,1322.0
Status.EXECUTED,__module.model.language_model.layers.28.self_attn.o_proj/aten::linear/MatMul_bf16_f32___module.model.language_model.layers.28/aten::add/Add,,jit_uni_bf16,31.0
Status.EXECUTED,__module.model.language_model.layers.28/aten::add/Add,,jit_avx512_f32,56.0
Status.EXECUTED,__module.model.language_model.layers.28/aten::add/Add_f32_bf16___module.model.language_model.layers.28.post_attention_layernorm/aten::mul/Multiply_1,,jit_uni_f32,25.0
Status.EXECUTED,__module.model.language_model.layers.28.post_attention_layernorm/aten::mul/Multiply_1,,jit_avx512_bf16,15.0
Status.EXECUTED,__module.model.language_model.layers.28.mlp.gate_proj/aten::linear/MatMul,,brgemm_avx512_bf16,2473.0
Status.NOT_RUN,__module.model.language_model.layers.28.mlp.act_fn/aten::silu/Swish,,undef,0.0
Status.EXECUTED,__module.model.language_model.layers.28.mlp.up_proj/aten::linear/MatMul,,brgemm_avx512_bf16,2854.0
Status.EXECUTED,__module.model.language_model.layers.28.mlp/aten::mul/Multiply,,jit_avx512_bf16,93.0
Status.EXECUTED,__module.model.language_model.layers.28.mlp.down_proj/aten::linear/MatMul,,brgemm_avx512_bf16,3144.0
Status.EXECUTED,__module.model.language_model.layers.28.mlp.down_proj/aten::linear/MatMul_bf16_f32___module.model.language_model.layers.28/aten::add/Add_1,,jit_uni_bf16,34.0
Status.EXECUTED,__module.model.language_model.layers.28/aten::add/Add_1,,jit_avx512_f32,57.0
Status.EXECUTED,__module.model.language_model.layers.28/aten::add/Add_1_f32_bf16___module.model.language_model.layers.29.input_layernorm/aten::mul/Multiply_1,,jit_uni_f32,34.0
Status.EXECUTED,__module.model.language_model.layers.29.input_layernorm/aten::mul/Multiply_1,,jit_avx512_bf16,27.0
Status.EXECUTED,__module.model.language_model.layers.29.self_attn.q_proj/aten::linear/MatMul,,brgemm_avx512_bf16,841.0
Status.NOT_RUN,__module.model.language_model.layers.29.self_attn/aten::view/Reshape,,unknown_bf16,0.0
Status.EXECUTED,__module.model.language_model.layers.29.self_attn.q_norm/aten::mul/Multiply_1,,jit_avx512_bf16,21.0
Status.EXECUTED,__module.model.language_model.layers.29.self_attn/aten::add/Add,,ref_any_bf16,25.0
Status.EXECUTED,__module.model.language_model.layers.29.self_attn.k_proj/aten::linear/MatMul,,brgemm_avx512_bf16,262.0
Status.NOT_RUN,__module.model.language_model.layers.29.self_attn/aten::view/Reshape_1,,unknown_bf16,0.0
Status.EXECUTED,__module.model.language_model.layers.29.self_attn.k_norm/aten::mul/Multiply_1,,jit_avx512_bf16,9.0
Status.EXECUTED,__module.model.language_model.layers.29.self_attn/aten::add/Add_1,,ref_any_bf16,11.0
Status.EXECUTED,__module.model.language_model.layers.29.self_attn.v_proj/aten::linear/MatMul,,brgemm_avx512_bf16,296.0
Status.NOT_RUN,__module.model.language_model.layers.29.self_attn/aten::view/Reshape_2,,unknown_bf16,0.0
Status.EXECUTED,__module.model.language_model.layers.29.self_attn/aten::transpose/Transpose_2,,unknown_bf16,11.0
Status.EXECUTED,__module.model.language_model.layers.29.self_attn/aten::scaled_dot_product_attention/ScaledDotProductAttention,,undef_bf16,188.0
Status.EXECUTED,__module.model.language_model.layers.29.self_attn/aten::transpose/Transpose_3,,unknown_bf16,34.0
Status.NOT_RUN,__module.model.language_model.layers.29.self_attn/aten::reshape/Reshape_2,,unknown_bf16,0.0
Status.EXECUTED,__module.model.language_model.layers.29.self_attn.o_proj/aten::linear/MatMul,,brgemm_avx512_bf16,938.0
Status.EXECUTED,__module.model.language_model.layers.29.self_attn.o_proj/aten::linear/MatMul_bf16_f32___module.model.language_model.layers.29/aten::add/Add,,jit_uni_bf16,31.0
Status.EXECUTED,__module.model.language_model.layers.29/aten::add/Add,,jit_avx512_f32,58.0
Status.EXECUTED,__module.model.language_model.layers.29/aten::add/Add_f32_bf16___module.model.language_model.layers.29.post_attention_layernorm/aten::mul/Multiply_1,,jit_uni_f32,25.0
Status.EXECUTED,__module.model.language_model.layers.29.post_attention_layernorm/aten::mul/Multiply_1,,jit_avx512_bf16,15.0
Status.EXECUTED,__module.model.language_model.layers.29.mlp.gate_proj/aten::linear/MatMul,,brgemm_avx512_bf16,2462.0
Status.NOT_RUN,__module.model.language_model.layers.29.mlp.act_fn/aten::silu/Swish,,undef,0.0
Status.EXECUTED,__module.model.language_model.layers.29.mlp.up_proj/aten::linear/MatMul,,brgemm_avx512_bf16,2393.0
Status.EXECUTED,__module.model.language_model.layers.29.mlp/aten::mul/Multiply,,jit_avx512_bf16,87.0
Status.EXECUTED,__module.model.language_model.layers.29.mlp.down_proj/aten::linear/MatMul,,brgemm_avx512_bf16,2420.0
Status.EXECUTED,__module.model.language_model.layers.29.mlp.down_proj/aten::linear/MatMul_bf16_f32___module.model.language_model.layers.29/aten::add/Add_1,,jit_uni_bf16,36.0
Status.EXECUTED,__module.model.language_model.layers.29/aten::add/Add_1,,jit_avx512_f32,68.0
Status.EXECUTED,__module.model.language_model.layers.29/aten::add/Add_1_f32_bf16___module.model.language_model.layers.30.input_layernorm/aten::mul/Multiply_1,,jit_uni_f32,36.0
Status.EXECUTED,__module.model.language_model.layers.30.input_layernorm/aten::mul/Multiply_1,,jit_avx512_bf16,28.0
Status.EXECUTED,__module.model.language_model.layers.30.self_attn.q_proj/aten::linear/MatMul,,brgemm_avx512_bf16,970.0
Status.NOT_RUN,__module.model.language_model.layers.30.self_attn/aten::view/Reshape,,unknown_bf16,0.0
Status.EXECUTED,__module.model.language_model.layers.30.self_attn.q_norm/aten::mul/Multiply_1,,jit_avx512_bf16,22.0
Status.EXECUTED,__module.model.language_model.layers.30.self_attn/aten::add/Add,,ref_any_bf16,27.0
Status.EXECUTED,__module.model.language_model.layers.30.self_attn.k_proj/aten::linear/MatMul,,brgemm_avx512_bf16,300.0
Status.NOT_RUN,__module.model.language_model.layers.30.self_attn/aten::view/Reshape_1,,unknown_bf16,0.0
Status.EXECUTED,__module.model.language_model.layers.30.self_attn.k_norm/aten::mul/Multiply_1,,jit_avx512_bf16,9.0
Status.EXECUTED,__module.model.language_model.layers.30.self_attn/aten::add/Add_1,,ref_any_bf16,11.0
Status.EXECUTED,__module.model.language_model.layers.30.self_attn.v_proj/aten::linear/MatMul,,brgemm_avx512_bf16,263.0
Status.NOT_RUN,__module.model.language_model.layers.30.self_attn/aten::view/Reshape_2,,unknown_bf16,0.0
Status.EXECUTED,__module.model.language_model.layers.30.self_attn/aten::transpose/Transpose_2,,unknown_bf16,11.0
Status.EXECUTED,__module.model.language_model.layers.30.self_attn/aten::scaled_dot_product_attention/ScaledDotProductAttention,,undef_bf16,200.0
Status.EXECUTED,__module.model.language_model.layers.30.self_attn/aten::transpose/Transpose_3,,unknown_bf16,32.0
Status.NOT_RUN,__module.model.language_model.layers.30.self_attn/aten::reshape/Reshape_2,,unknown_bf16,0.0
Status.EXECUTED,__module.model.language_model.layers.30.self_attn.o_proj/aten::linear/MatMul,,brgemm_avx512_bf16,842.0
Status.EXECUTED,__module.model.language_model.layers.30.self_attn.o_proj/aten::linear/MatMul_bf16_f32___module.model.language_model.layers.30/aten::add/Add,,jit_uni_bf16,31.0
Status.EXECUTED,__module.model.language_model.layers.30/aten::add/Add,,jit_avx512_f32,56.0
Status.EXECUTED,__module.model.language_model.layers.30/aten::add/Add_f32_bf16___module.model.language_model.layers.30.post_attention_layernorm/aten::mul/Multiply_1,,jit_uni_f32,24.0
Status.EXECUTED,__module.model.language_model.layers.30.post_attention_layernorm/aten::mul/Multiply_1,,jit_avx512_bf16,15.0
Status.EXECUTED,__module.model.language_model.layers.30.mlp.gate_proj/aten::linear/MatMul,,brgemm_avx512_bf16,2669.0
Status.NOT_RUN,__module.model.language_model.layers.30.mlp.act_fn/aten::silu/Swish,,undef,0.0
Status.EXECUTED,__module.model.language_model.layers.30.mlp.up_proj/aten::linear/MatMul,,brgemm_avx512_bf16,2398.0
Status.EXECUTED,__module.model.language_model.layers.30.mlp/aten::mul/Multiply,,jit_avx512_bf16,87.0
Status.EXECUTED,__module.model.language_model.layers.30.mlp.down_proj/aten::linear/MatMul,,brgemm_avx512_bf16,2433.0
Status.EXECUTED,__module.model.language_model.layers.30.mlp.down_proj/aten::linear/MatMul_bf16_f32___module.model.language_model.layers.30/aten::add/Add_1,,jit_uni_bf16,33.0
Status.EXECUTED,__module.model.language_model.layers.30/aten::add/Add_1,,jit_avx512_f32,57.0
Status.EXECUTED,__module.model.language_model.layers.30/aten::add/Add_1_f32_bf16___module.model.language_model.layers.31.input_layernorm/aten::mul/Multiply_1,,jit_uni_f32,35.0
Status.EXECUTED,__module.model.language_model.layers.31.input_layernorm/aten::mul/Multiply_1,,jit_avx512_bf16,25.0
Status.EXECUTED,__module.model.language_model.layers.31.self_attn.q_proj/aten::linear/MatMul,,brgemm_avx512_bf16,845.0
Status.NOT_RUN,__module.model.language_model.layers.31.self_attn/aten::view/Reshape,,unknown_bf16,0.0
Status.EXECUTED,__module.model.language_model.layers.31.self_attn.q_norm/aten::mul/Multiply_1,,jit_avx512_bf16,22.0
Status.EXECUTED,__module.model.language_model.layers.31.self_attn/aten::add/Add,,ref_any_bf16,26.0
Status.EXECUTED,__module.model.language_model.layers.31.self_attn.k_proj/aten::linear/MatMul,,brgemm_avx512_bf16,267.0
Status.NOT_RUN,__module.model.language_model.layers.31.self_attn/aten::view/Reshape_1,,unknown_bf16,0.0
Status.EXECUTED,__module.model.language_model.layers.31.self_attn.k_norm/aten::mul/Multiply_1,,jit_avx512_bf16,9.0
Status.EXECUTED,__module.model.language_model.layers.31.self_attn/aten::add/Add_1,,ref_any_bf16,11.0
Status.EXECUTED,__module.model.language_model.layers.31.self_attn.v_proj/aten::linear/MatMul,,brgemm_avx512_bf16,272.0
Status.NOT_RUN,__module.model.language_model.layers.31.self_attn/aten::view/Reshape_2,,unknown_bf16,0.0
Status.EXECUTED,__module.model.language_model.layers.31.self_attn/aten::transpose/Transpose_2,,unknown_bf16,11.0
Status.EXECUTED,__module.model.language_model.layers.31.self_attn/aten::scaled_dot_product_attention/ScaledDotProductAttention,,undef_bf16,182.0
Status.EXECUTED,__module.model.language_model.layers.31.self_attn/aten::transpose/Transpose_3,,unknown_bf16,33.0
Status.NOT_RUN,__module.model.language_model.layers.31.self_attn/aten::reshape/Reshape_2,,unknown_bf16,0.0
Status.EXECUTED,__module.model.language_model.layers.31.self_attn.o_proj/aten::linear/MatMul,,brgemm_avx512_bf16,888.0
Status.EXECUTED,__module.model.language_model.layers.31.self_attn.o_proj/aten::linear/MatMul_bf16_f32___module.model.language_model.layers.31/aten::add/Add,,jit_uni_bf16,31.0
Status.EXECUTED,__module.model.language_model.layers.31/aten::add/Add,,jit_avx512_f32,57.0
Status.EXECUTED,__module.model.language_model.layers.31/aten::add/Add_f32_bf16___module.model.language_model.layers.31.post_attention_layernorm/aten::mul/Multiply_1,,jit_uni_f32,26.0
Status.EXECUTED,__module.model.language_model.layers.31.post_attention_layernorm/aten::mul/Multiply_1,,jit_avx512_bf16,14.0
Status.EXECUTED,__module.model.language_model.layers.31.mlp.gate_proj/aten::linear/MatMul,,brgemm_avx512_bf16,2510.0
Status.NOT_RUN,__module.model.language_model.layers.31.mlp.act_fn/aten::silu/Swish,,undef,0.0
Status.EXECUTED,__module.model.language_model.layers.31.mlp.up_proj/aten::linear/MatMul,,brgemm_avx512_bf16,2423.0
Status.EXECUTED,__module.model.language_model.layers.31.mlp/aten::mul/Multiply,,jit_avx512_bf16,90.0
Status.EXECUTED,__module.model.language_model.layers.31.mlp.down_proj/aten::linear/MatMul,,brgemm_avx512_bf16,2418.0
Status.EXECUTED,__module.model.language_model.layers.31.mlp.down_proj/aten::linear/MatMul_bf16_f32___module.model.language_model.layers.31/aten::add/Add_1,,jit_uni_bf16,34.0
Status.EXECUTED,__module.model.language_model.layers.31/aten::add/Add_1,,jit_avx512_f32,65.0
Status.EXECUTED,__module.model.language_model.layers.31/aten::add/Add_1_f32_bf16___module.model.language_model.layers.32.input_layernorm/aten::mul/Multiply_1,,jit_uni_f32,35.0
Status.EXECUTED,__module.model.language_model.layers.32.input_layernorm/aten::mul/Multiply_1,,jit_avx512_bf16,27.0
Status.EXECUTED,__module.model.language_model.layers.32.self_attn.q_proj/aten::linear/MatMul,,brgemm_avx512_bf16,826.0
Status.NOT_RUN,__module.model.language_model.layers.32.self_attn/aten::view/Reshape,,unknown_bf16,0.0
Status.EXECUTED,__module.model.language_model.layers.32.self_attn.q_norm/aten::mul/Multiply_1,,jit_avx512_bf16,31.0
Status.EXECUTED,__module.model.language_model.layers.32.self_attn/aten::add/Add,,ref_any_bf16,24.0
Status.EXECUTED,__module.model.language_model.layers.32.self_attn.k_proj/aten::linear/MatMul,,brgemm_avx512_bf16,263.0
Status.NOT_RUN,__module.model.language_model.layers.32.self_attn/aten::view/Reshape_1,,unknown_bf16,0.0
Status.EXECUTED,__module.model.language_model.layers.32.self_attn.k_norm/aten::mul/Multiply_1,,jit_avx512_bf16,10.0
Status.EXECUTED,__module.model.language_model.layers.32.self_attn/aten::add/Add_1,,ref_any_bf16,12.0
Status.EXECUTED,__module.model.language_model.layers.32.self_attn.v_proj/aten::linear/MatMul,,brgemm_avx512_bf16,278.0
Status.NOT_RUN,__module.model.language_model.layers.32.self_attn/aten::view/Reshape_2,,unknown_bf16,0.0
Status.EXECUTED,__module.model.language_model.layers.32.self_attn/aten::transpose/Transpose_2,,unknown_bf16,11.0
Status.EXECUTED,__module.model.language_model.layers.32.self_attn/aten::scaled_dot_product_attention/ScaledDotProductAttention,,undef_bf16,186.0
Status.EXECUTED,__module.model.language_model.layers.32.self_attn/aten::transpose/Transpose_3,,unknown_bf16,36.0
Status.NOT_RUN,__module.model.language_model.layers.32.self_attn/aten::reshape/Reshape_2,,unknown_bf16,0.0
Status.EXECUTED,__module.model.language_model.layers.32.self_attn.o_proj/aten::linear/MatMul,,brgemm_avx512_bf16,836.0
Status.EXECUTED,__module.model.language_model.layers.32.self_attn.o_proj/aten::linear/MatMul_bf16_f32___module.model.language_model.layers.32/aten::add/Add,,jit_uni_bf16,31.0
Status.EXECUTED,__module.model.language_model.layers.32/aten::add/Add,,jit_avx512_f32,56.0
Status.EXECUTED,__module.model.language_model.layers.32/aten::add/Add_f32_bf16___module.model.language_model.layers.32.post_attention_layernorm/aten::mul/Multiply_1,,jit_uni_f32,23.0
Status.EXECUTED,__module.model.language_model.layers.32.post_attention_layernorm/aten::mul/Multiply_1,,jit_avx512_bf16,15.0
Status.EXECUTED,__module.model.language_model.layers.32.mlp.gate_proj/aten::linear/MatMul,,brgemm_avx512_bf16,2443.0
Status.NOT_RUN,__module.model.language_model.layers.32.mlp.act_fn/aten::silu/Swish,,undef,0.0
Status.EXECUTED,__module.model.language_model.layers.32.mlp.up_proj/aten::linear/MatMul,,brgemm_avx512_bf16,2916.0
Status.EXECUTED,__module.model.language_model.layers.32.mlp/aten::mul/Multiply,,jit_avx512_bf16,88.0
Status.EXECUTED,__module.model.language_model.layers.32.mlp.down_proj/aten::linear/MatMul,,brgemm_avx512_bf16,2686.0
Status.EXECUTED,__module.model.language_model.layers.32.mlp.down_proj/aten::linear/MatMul_bf16_f32___module.model.language_model.layers.32/aten::add/Add_1,,jit_uni_bf16,36.0
Status.EXECUTED,__module.model.language_model.layers.32/aten::add/Add_1,,jit_avx512_f32,57.0
Status.EXECUTED,__module.model.language_model.layers.32/aten::add/Add_1_f32_bf16___module.model.language_model.layers.33.input_layernorm/aten::mul/Multiply_1,,jit_uni_f32,34.0
Status.EXECUTED,__module.model.language_model.layers.33.input_layernorm/aten::mul/Multiply_1,,jit_avx512_bf16,28.0
Status.EXECUTED,__module.model.language_model.layers.33.self_attn.q_proj/aten::linear/MatMul,,brgemm_avx512_bf16,827.0
Status.NOT_RUN,__module.model.language_model.layers.33.self_attn/aten::view/Reshape,,unknown_bf16,0.0
Status.EXECUTED,__module.model.language_model.layers.33.self_attn.q_norm/aten::mul/Multiply_1,,jit_avx512_bf16,21.0
Status.EXECUTED,__module.model.language_model.layers.33.self_attn/aten::add/Add,,ref_any_bf16,24.0
Status.EXECUTED,__module.model.language_model.layers.33.self_attn.k_proj/aten::linear/MatMul,,brgemm_avx512_bf16,270.0
Status.NOT_RUN,__module.model.language_model.layers.33.self_attn/aten::view/Reshape_1,,unknown_bf16,0.0
Status.EXECUTED,__module.model.language_model.layers.33.self_attn.k_norm/aten::mul/Multiply_1,,jit_avx512_bf16,10.0
Status.EXECUTED,__module.model.language_model.layers.33.self_attn/aten::add/Add_1,,ref_any_bf16,12.0
Status.EXECUTED,__module.model.language_model.layers.33.self_attn.v_proj/aten::linear/MatMul,,brgemm_avx512_bf16,280.0
Status.NOT_RUN,__module.model.language_model.layers.33.self_attn/aten::view/Reshape_2,,unknown_bf16,0.0
Status.EXECUTED,__module.model.language_model.layers.33.self_attn/aten::transpose/Transpose_2,,unknown_bf16,11.0
Status.EXECUTED,__module.model.language_model.layers.33.self_attn/aten::scaled_dot_product_attention/ScaledDotProductAttention,,undef_bf16,190.0
Status.EXECUTED,__module.model.language_model.layers.33.self_attn/aten::transpose/Transpose_3,,unknown_bf16,35.0
Status.NOT_RUN,__module.model.language_model.layers.33.self_attn/aten::reshape/Reshape_2,,unknown_bf16,0.0
Status.EXECUTED,__module.model.language_model.layers.33.self_attn.o_proj/aten::linear/MatMul,,brgemm_avx512_bf16,963.0
Status.EXECUTED,__module.model.language_model.layers.33.self_attn.o_proj/aten::linear/MatMul_bf16_f32___module.model.language_model.layers.33/aten::add/Add,,jit_uni_bf16,32.0
Status.EXECUTED,__module.model.language_model.layers.33/aten::add/Add,,jit_avx512_f32,57.0
Status.EXECUTED,__module.model.language_model.layers.33/aten::add/Add_f32_bf16___module.model.language_model.layers.33.post_attention_layernorm/aten::mul/Multiply_1,,jit_uni_f32,24.0
Status.EXECUTED,__module.model.language_model.layers.33.post_attention_layernorm/aten::mul/Multiply_1,,jit_avx512_bf16,15.0
Status.EXECUTED,__module.model.language_model.layers.33.mlp.gate_proj/aten::linear/MatMul,,brgemm_avx512_bf16,2424.0
Status.NOT_RUN,__module.model.language_model.layers.33.mlp.act_fn/aten::silu/Swish,,undef,0.0
Status.EXECUTED,__module.model.language_model.layers.33.mlp.up_proj/aten::linear/MatMul,,brgemm_avx512_bf16,3234.0
Status.EXECUTED,__module.model.language_model.layers.33.mlp/aten::mul/Multiply,,jit_avx512_bf16,89.0
Status.EXECUTED,__module.model.language_model.layers.33.mlp.down_proj/aten::linear/MatMul,,brgemm_avx512_bf16,2574.0
Status.EXECUTED,__module.model.language_model.layers.33.mlp.down_proj/aten::linear/MatMul_bf16_f32___module.model.language_model.layers.33/aten::add/Add_1,,jit_uni_bf16,36.0
Status.EXECUTED,__module.model.language_model.layers.33/aten::add/Add_1,,jit_avx512_f32,64.0
Status.EXECUTED,__module.model.language_model.layers.33/aten::add/Add_1_f32_bf16___module.model.language_model.layers.34.input_layernorm/aten::mul/Multiply_1,,jit_uni_f32,34.0
Status.EXECUTED,__module.model.language_model.layers.34.input_layernorm/aten::mul/Multiply_1,,jit_avx512_bf16,29.0
Status.EXECUTED,__module.model.language_model.layers.34.self_attn.q_proj/aten::linear/MatMul,,brgemm_avx512_bf16,818.0
Status.NOT_RUN,__module.model.language_model.layers.34.self_attn/aten::view/Reshape,,unknown_bf16,0.0
Status.EXECUTED,__module.model.language_model.layers.34.self_attn.q_norm/aten::mul/Multiply_1,,jit_avx512_bf16,24.0
Status.EXECUTED,__module.model.language_model.layers.34.self_attn/aten::add/Add,,ref_any_bf16,25.0
Status.EXECUTED,__module.model.language_model.layers.34.self_attn.k_proj/aten::linear/MatMul,,brgemm_avx512_bf16,287.0
Status.NOT_RUN,__module.model.language_model.layers.34.self_attn/aten::view/Reshape_1,,unknown_bf16,0.0
Status.EXECUTED,__module.model.language_model.layers.34.self_attn.k_norm/aten::mul/Multiply_1,,jit_avx512_bf16,9.0
Status.EXECUTED,__module.model.language_model.layers.34.self_attn/aten::add/Add_1,,ref_any_bf16,13.0
Status.EXECUTED,__module.model.language_model.layers.34.self_attn.v_proj/aten::linear/MatMul,,brgemm_avx512_bf16,276.0
Status.NOT_RUN,__module.model.language_model.layers.34.self_attn/aten::view/Reshape_2,,unknown_bf16,0.0
Status.EXECUTED,__module.model.language_model.layers.34.self_attn/aten::transpose/Transpose_2,,unknown_bf16,11.0
Status.EXECUTED,__module.model.language_model.layers.34.self_attn/aten::scaled_dot_product_attention/ScaledDotProductAttention,,undef_bf16,482.0
Status.EXECUTED,__module.model.language_model.layers.34.self_attn/aten::transpose/Transpose_3,,unknown_bf16,35.0
Status.NOT_RUN,__module.model.language_model.layers.34.self_attn/aten::reshape/Reshape_2,,unknown_bf16,0.0
Status.EXECUTED,__module.model.language_model.layers.34.self_attn.o_proj/aten::linear/MatMul,,brgemm_avx512_bf16,1210.0
Status.EXECUTED,__module.model.language_model.layers.34.self_attn.o_proj/aten::linear/MatMul_bf16_f32___module.model.language_model.layers.34/aten::add/Add,,jit_uni_bf16,34.0
Status.EXECUTED,__module.model.language_model.layers.34/aten::add/Add,,jit_avx512_f32,58.0
Status.EXECUTED,__module.model.language_model.layers.34/aten::add/Add_f32_bf16___module.model.language_model.layers.34.post_attention_layernorm/aten::mul/Multiply_1,,jit_uni_f32,25.0
Status.EXECUTED,__module.model.language_model.layers.34.post_attention_layernorm/aten::mul/Multiply_1,,jit_avx512_bf16,16.0
Status.EXECUTED,__module.model.language_model.layers.34.mlp.gate_proj/aten::linear/MatMul,,brgemm_avx512_bf16,2647.0
Status.NOT_RUN,__module.model.language_model.layers.34.mlp.act_fn/aten::silu/Swish,,undef,0.0
Status.EXECUTED,__module.model.language_model.layers.34.mlp.up_proj/aten::linear/MatMul,,brgemm_avx512_bf16,2636.0
Status.EXECUTED,__module.model.language_model.layers.34.mlp/aten::mul/Multiply,,jit_avx512_bf16,89.0
Status.EXECUTED,__module.model.language_model.layers.34.mlp.down_proj/aten::linear/MatMul,,brgemm_avx512_bf16,2493.0
Status.EXECUTED,__module.model.language_model.layers.34.mlp.down_proj/aten::linear/MatMul_bf16_f32___module.model.language_model.layers.34/aten::add/Add_1,,jit_uni_bf16,35.0
Status.EXECUTED,__module.model.language_model.layers.34/aten::add/Add_1,,jit_avx512_f32,57.0
Status.EXECUTED,__module.model.language_model.layers.34/aten::add/Add_1_f32_bf16___module.model.language_model.layers.35.input_layernorm/aten::mul/Multiply_1,,jit_uni_f32,35.0
Status.EXECUTED,__module.model.language_model.layers.35.input_layernorm/aten::mul/Multiply_1,,jit_avx512_bf16,27.0
Status.EXECUTED,__module.model.language_model.layers.35.self_attn.q_proj/aten::linear/MatMul,,brgemm_avx512_bf16,836.0
Status.NOT_RUN,__module.model.language_model.layers.35.self_attn/aten::view/Reshape_2,,unknown_bf16,0.0
Status.EXECUTED,__module.model.language_model.layers.35.self_attn.q_norm/aten::mul/Multiply_1,,jit_avx512_bf16,21.0
Status.EXECUTED,__module.model.language_model.layers.35.self_attn/aten::add/Add_1,,ref_any_bf16,24.0
Status.EXECUTED,__module.model.language_model.layers.35.self_attn.k_proj/aten::linear/MatMul,,brgemm_avx512_bf16,261.0
Status.NOT_RUN,__module.model.language_model.layers.35.self_attn/aten::view/Reshape_1,,unknown_bf16,0.0
Status.EXECUTED,__module.model.language_model.layers.35.self_attn.k_norm/aten::mul/Multiply_1,,jit_avx512_bf16,8.0
Status.EXECUTED,__module.model.language_model.layers.35.self_attn/aten::add/Add,,ref_any_bf16,11.0
Status.EXECUTED,__module.model.language_model.layers.35.self_attn.v_proj/aten::linear/MatMul,,brgemm_avx512_bf16,285.0
Status.NOT_RUN,__module.model.language_model.layers.35.self_attn/aten::view/Reshape,,unknown_bf16,0.0
Status.EXECUTED,__module.model.language_model.layers.35.self_attn/aten::transpose/Transpose,,unknown_bf16,17.0
Status.EXECUTED,__module.model.language_model.layers.35.self_attn/aten::scaled_dot_product_attention/ScaledDotProductAttention,,undef_bf16,190.0
Status.EXECUTED,__module.model.language_model.layers.35.self_attn/aten::transpose/Transpose_3,,unknown_bf16,38.0
Status.NOT_RUN,__module.model.language_model.layers.35.self_attn/aten::reshape/Reshape_2,,unknown_bf16,0.0
Status.EXECUTED,__module.model.language_model.layers.35.self_attn.o_proj/aten::linear/MatMul,,brgemm_avx512_bf16,1032.0
Status.EXECUTED,__module.model.language_model.layers.35.self_attn.o_proj/aten::linear/MatMul_bf16_f32___module.model.language_model.layers.35/aten::add/Add,,jit_uni_bf16,39.0
Status.EXECUTED,__module.model.language_model.layers.35/aten::add/Add,,jit_avx512_f32,97.0
Status.EXECUTED,__module.model.language_model.layers.35/aten::add/Add_f32_bf16___module.model.language_model.layers.35.post_attention_layernorm/aten::mul/Multiply_1,,jit_uni_f32,24.0
Status.EXECUTED,__module.model.language_model.layers.35.post_attention_layernorm/aten::mul/Multiply_1,,jit_avx512_bf16,22.0
Status.EXECUTED,__module.model.language_model.layers.35.mlp.gate_proj/aten::linear/MatMul,,brgemm_avx512_bf16,2516.0
Status.NOT_RUN,__module.model.language_model.layers.35.mlp.act_fn/aten::silu/Swish,,undef,0.0
Status.EXECUTED,__module.model.language_model.layers.35.mlp.up_proj/aten::linear/MatMul,,brgemm_avx512_bf16,2566.0
Status.EXECUTED,__module.model.language_model.layers.35.mlp/aten::mul/Multiply,,jit_avx512_bf16,89.0
Status.EXECUTED,__module.model.language_model.layers.35.mlp.down_proj/aten::linear/MatMul,,brgemm_avx512_bf16,2456.0
Status.EXECUTED,__module.model.language_model.layers.35.mlp.down_proj/aten::linear/MatMul_bf16_f32___module.model.language_model.layers.35/aten::add/Add_1,,jit_uni_bf16,34.0
Status.EXECUTED,__module.model.language_model.layers.35/aten::add/Add_1,,jit_avx512_f32,47.0
Status.EXECUTED,__module.model.language_model.layers.35/aten::add/Add_1_f32_bf16___module.model.language_model.norm/aten::mul/Multiply_1,,jit_uni_f32,32.0
Status.EXECUTED,__module.model.language_model.norm/aten::mul/Multiply_1,,jit_avx512_bf16,17.0
Status.EXECUTED,__module.lm_head/aten::linear/MatMul,,brgemm_avx512_bf16,33415.0
Status.EXECUTED,__module.lm_head/aten::linear/MatMul_bf16_f32_Result_44730,,jit_uni_bf16,1487.0
Status.NOT_RUN,Result_44730,,unknown_f32,0.0
Status.NOT_RUN,Result_15617,,unknown_f32,0.0
Status.EXECUTED,__module.model.language_model.norm/aten::pow/Power,,jit_avx512_f32,73.0
Status.NOT_RUN,Result_15618,,unknown_f32,0.0
Status.NOT_RUN,stub_0___module.model.language_model/aten::index/Split,,unknown_i32,0.0
Status.EXECUTED,Assign_123263,,unknown_f32,2.0
Status.EXECUTED,Assign_123121,,unknown_f32,1.0
Status.NOT_RUN,Assign_123123,,unknown_f32,0.0
Status.EXECUTED,Assign_123125,,unknown_f32,1.0
Status.EXECUTED,Assign_123127,,unknown_f32,1.0
Status.EXECUTED,Assign_123169,,unknown_f32,1.0
Status.NOT_RUN,Assign_123171,,unknown_f32,0.0
Status.EXECUTED,Assign_123213,,unknown_f32,1.0
Status.NOT_RUN,Assign_123215,,unknown_f32,0.0
Status.NOT_RUN,Assign_123241,,unknown_f32,0.0
Status.NOT_RUN,Assign_123243,,unknown_f32,0.0
Status.NOT_RUN,Assign_123245,,unknown_f32,0.0
Status.NOT_RUN,Assign_123247,,unknown_f32,0.0
Status.NOT_RUN,Assign_123249,,unknown_f32,0.0
Status.NOT_RUN,Assign_123251,,unknown_f32,0.0
Status.NOT_RUN,Assign_123253,,unknown_f32,0.0
Status.NOT_RUN,Assign_123255,,unknown_f32,0.0
Status.EXECUTED,Assign_123257,,unknown_f32,1.0
Status.NOT_RUN,Assign_123259,,unknown_f32,0.0
Status.NOT_RUN,Assign_123261,,unknown_f32,0.0
Status.NOT_RUN,Assign_123239,,unknown_f32,0.0
Status.NOT_RUN,Assign_123129,,unknown_f32,0.0
Status.NOT_RUN,Assign_123131,,unknown_f32,0.0
Status.EXECUTED,Assign_123133,,unknown_f32,1.0
Status.NOT_RUN,Assign_123135,,unknown_f32,0.0
Status.EXECUTED,Assign_123137,,unknown_f32,1.0
Status.NOT_RUN,Assign_123139,,unknown_f32,0.0
Status.NOT_RUN,Assign_123141,,unknown_f32,0.0
Status.NOT_RUN,Assign_123143,,unknown_f32,0.0
Status.NOT_RUN,Assign_123145,,unknown_f32,0.0
Status.NOT_RUN,Assign_123147,,unknown_f32,0.0
Status.EXECUTED,Assign_123149,,unknown_f32,1.0
Status.NOT_RUN,Assign_123151,,unknown_f32,0.0
Status.NOT_RUN,Assign_123153,,unknown_f32,0.0
Status.NOT_RUN,Assign_123155,,unknown_f32,0.0
Status.NOT_RUN,Assign_123157,,unknown_f32,0.0
Status.NOT_RUN,Assign_123159,,unknown_f32,0.0
Status.NOT_RUN,Assign_123161,,unknown_f32,0.0
Status.NOT_RUN,Assign_123163,,unknown_f32,0.0
Status.EXECUTED,Assign_123165,,unknown_f32,1.0
Status.NOT_RUN,Assign_123167,,unknown_f32,0.0
Status.NOT_RUN,Assign_123173,,unknown_f32,0.0
Status.NOT_RUN,Assign_123175,,unknown_f32,0.0
Status.NOT_RUN,Assign_123177,,unknown_f32,0.0
Status.NOT_RUN,Assign_123179,,unknown_f32,0.0
Status.EXECUTED,Assign_123181,,unknown_f32,1.0
Status.NOT_RUN,Assign_123183,,unknown_f32,0.0
Status.NOT_RUN,Assign_123185,,unknown_f32,0.0
Status.NOT_RUN,Assign_123187,,unknown_f32,0.0
Status.EXECUTED,Assign_123189,,unknown_f32,1.0
Status.NOT_RUN,Assign_123191,,unknown_f32,0.0
Status.NOT_RUN,Assign_123193,,unknown_f32,0.0
Status.NOT_RUN,Assign_123195,,unknown_f32,0.0
Status.NOT_RUN,Assign_123197,,unknown_f32,0.0
Status.NOT_RUN,Assign_123199,,unknown_f32,0.0
Status.NOT_RUN,Assign_123201,,unknown_f32,0.0
Status.NOT_RUN,Assign_123203,,unknown_f32,0.0
Status.NOT_RUN,Assign_123205,,unknown_f32,0.0
Status.NOT_RUN,Assign_123207,,unknown_f32,0.0
Status.NOT_RUN,Assign_123209,,unknown_f32,0.0
Status.NOT_RUN,Assign_123211,,unknown_f32,0.0
Status.EXECUTED,Assign_123217,,unknown_f32,1.0
Status.NOT_RUN,Assign_123219,,unknown_f32,0.0
Status.NOT_RUN,Assign_123221,,unknown_f32,0.0
Status.NOT_RUN,Assign_123223,,unknown_f32,0.0
Status.NOT_RUN,Assign_123225,,unknown_f32,0.0
Status.NOT_RUN,Assign_123227,,unknown_f32,0.0
Status.NOT_RUN,Assign_123229,,unknown_f32,0.0
Status.NOT_RUN,Assign_123231,,unknown_f32,0.0
Status.NOT_RUN,Assign_123233,,unknown_f32,0.0
Status.NOT_RUN,Assign_123235,,unknown_f32,0.0
Status.NOT_RUN,Assign_123237,,unknown_f32,0.0
