status,node_name,layer_type,exec_type,real_time
Status.NOT_RUN,inputs_embeds,,unknown_f32,0.0
Status.EXECUTED,ShapeOf_44992,,ref_f32,1.0
Status.NOT_RUN,Gather_44995,,unknown_i32,0.0
Status.EXECUTED,Concat_123800,,ref_i32,2.0
Status.EXECUTED,Broadcast_123803,,ref_f32,1.0
Status.EXECUTED,ReadValue_123262,,unknown_f32,3.0
Status.EXECUTED,ReadValue_123120,,unknown_f32,1.0
Status.EXECUTED,ReadValue_123122,,unknown_f32,1.0
Status.EXECUTED,ReadValue_123124,,unknown_f32,1.0
Status.EXECUTED,ReadValue_123126,,unknown_f32,1.0
Status.EXECUTED,ReadValue_123168,,unknown_f32,1.0
Status.EXECUTED,ReadValue_123170,,unknown_f32,1.0
Status.EXECUTED,ReadValue_123212,,unknown_f32,1.0
Status.EXECUTED,ReadValue_123214,,unknown_f32,1.0
Status.EXECUTED,ReadValue_123240,,unknown_f32,1.0
Status.EXECUTED,ReadValue_123242,,unknown_f32,1.0
Status.EXECUTED,ReadValue_123244,,unknown_f32,1.0
Status.EXECUTED,ReadValue_123246,,unknown_f32,1.0
Status.EXECUTED,ReadValue_123248,,unknown_f32,1.0
Status.EXECUTED,ReadValue_123250,,unknown_f32,1.0
Status.EXECUTED,ReadValue_123252,,unknown_f32,1.0
Status.EXECUTED,ReadValue_123254,,unknown_f32,1.0
Status.EXECUTED,ReadValue_123256,,unknown_f32,1.0
Status.EXECUTED,ReadValue_123258,,unknown_f32,1.0
Status.EXECUTED,ReadValue_123260,,unknown_f32,1.0
Status.NOT_RUN,ReadValue_123238,,unknown_f32,0.0
Status.EXECUTED,ReadValue_123128,,unknown_f32,1.0
Status.EXECUTED,ReadValue_123130,,unknown_f32,1.0
Status.EXECUTED,ReadValue_123132,,unknown_f32,1.0
Status.EXECUTED,ReadValue_123134,,unknown_f32,1.0
Status.EXECUTED,ReadValue_123136,,unknown_f32,1.0
Status.EXECUTED,ReadValue_123138,,unknown_f32,1.0
Status.EXECUTED,ReadValue_123140,,unknown_f32,1.0
Status.EXECUTED,ReadValue_123142,,unknown_f32,1.0
Status.EXECUTED,ReadValue_123144,,unknown_f32,1.0
Status.NOT_RUN,ReadValue_123146,,unknown_f32,0.0
Status.EXECUTED,ReadValue_123148,,unknown_f32,1.0
Status.NOT_RUN,ReadValue_123150,,unknown_f32,0.0
Status.EXECUTED,ReadValue_123152,,unknown_f32,1.0
Status.EXECUTED,ReadValue_123154,,unknown_f32,1.0
Status.EXECUTED,ReadValue_123156,,unknown_f32,1.0
Status.EXECUTED,ReadValue_123158,,unknown_f32,1.0
Status.NOT_RUN,ReadValue_123160,,unknown_f32,0.0
Status.NOT_RUN,ReadValue_123162,,unknown_f32,0.0
Status.EXECUTED,ReadValue_123164,,unknown_f32,1.0
Status.EXECUTED,ReadValue_123166,,unknown_f32,1.0
Status.NOT_RUN,ReadValue_123172,,unknown_f32,0.0
Status.EXECUTED,ReadValue_123174,,unknown_f32,1.0
Status.NOT_RUN,ReadValue_123176,,unknown_f32,0.0
Status.NOT_RUN,ReadValue_123178,,unknown_f32,0.0
Status.EXECUTED,ReadValue_123180,,unknown_f32,1.0
Status.EXECUTED,ReadValue_123182,,unknown_f32,1.0
Status.EXECUTED,ReadValue_123184,,unknown_f32,1.0
Status.EXECUTED,ReadValue_123186,,unknown_f32,1.0
Status.EXECUTED,ReadValue_123188,,unknown_f32,1.0
Status.EXECUTED,ReadValue_123190,,unknown_f32,1.0
Status.EXECUTED,ReadValue_123192,,unknown_f32,1.0
Status.EXECUTED,ReadValue_123194,,unknown_f32,1.0
Status.EXECUTED,ReadValue_123196,,unknown_f32,1.0
Status.NOT_RUN,ReadValue_123198,,unknown_f32,0.0
Status.NOT_RUN,ReadValue_123200,,unknown_f32,0.0
Status.NOT_RUN,ReadValue_123202,,unknown_f32,0.0
Status.EXECUTED,ReadValue_123204,,unknown_f32,1.0
Status.NOT_RUN,ReadValue_123206,,unknown_f32,0.0
Status.EXECUTED,ReadValue_123208,,unknown_f32,1.0
Status.NOT_RUN,ReadValue_123210,,unknown_f32,0.0
Status.NOT_RUN,ReadValue_123216,,unknown_f32,0.0
Status.EXECUTED,ReadValue_123218,,unknown_f32,1.0
Status.NOT_RUN,ReadValue_123220,,unknown_f32,0.0
Status.EXECUTED,ReadValue_123222,,unknown_f32,1.0
Status.EXECUTED,ReadValue_123224,,unknown_f32,1.0
Status.EXECUTED,ReadValue_123226,,unknown_f32,1.0
Status.NOT_RUN,ReadValue_123228,,unknown_f32,0.0
Status.EXECUTED,ReadValue_123230,,unknown_f32,1.0
Status.NOT_RUN,ReadValue_123232,,unknown_f32,0.0
Status.NOT_RUN,ReadValue_123234,,unknown_f32,0.0
Status.EXECUTED,ReadValue_123236,,unknown_f32,1.0
Status.EXECUTED,inputs_embeds_f32_bf16___module.model.language_model.layers.0.input_layernorm/aten::mul/Multiply_1,,jit_uni_f32,45.0
Status.EXECUTED,__module.model.language_model.layers.0.input_layernorm/aten::mul/Multiply_1,,jit_avx512_bf16,18.0
Status.EXECUTED,__module.model.language_model.layers.0.self_attn.q_proj/aten::linear/MatMul,,brgemm_avx512_bf16,621.0
Status.NOT_RUN,__module.model.language_model.layers.0.self_attn/aten::view/Reshape,,unknown_bf16,0.0
Status.EXECUTED,__module.model.language_model.layers.0.self_attn.q_norm/aten::mul/Multiply_1,,jit_avx512_bf16,15.0
Status.NOT_RUN,position_ids,,unknown_i64,0.0
Status.EXECUTED,Convert_54665,,ref_i64,12.0
Status.NOT_RUN,ShapeOf_44974,,ref_i32,0.0
Status.NOT_RUN,Gather_44977,,unknown_i32,0.0
Status.EXECUTED,__module.model.language_model.rotary_emb/prim::ListConstruct/SequenceMark,,ref_i32,1.0
Status.EXECUTED,Broadcast_57355,,ref_f32,1.0
Status.EXECUTED,__module.model.language_model.rotary_emb/aten::expand/Broadcast,,jit_avx512_f32,8.0
Status.NOT_RUN,__module.model.language_model.rotary_emb/aten::unsqueeze/Unsqueeze_3,,unknown_i32,0.0
Status.EXECUTED,__module.model.language_model.rotary_emb/aten::to/Convert_2,,ref_i32,7.0
Status.EXECUTED,__module.model.language_model.rotary_emb/aten::matmul/MatMul,,brgemm_avx512_f32,25.0
Status.EXECUTED,__module.model.language_model.rotary_emb/aten::transpose/Transpose,,unknown_f32,9.0
Status.EXECUTED,__module.model.language_model.rotary_emb/aten::transpose/Transpose_____module.model.language_model.rotary_emb/aten::select/Gather,,jit_uni_f32,8.0
Status.NOT_RUN,__module.model.language_model.rotary_emb/aten::select/Gather,,unknown_f32,0.0
Status.NOT_RUN,SliceAssign_405/Reshape_0,,unknown_f32,0.0
Status.NOT_RUN,Gather_32157,,ref_f32,0.0
Status.NOT_RUN,ShapeOf_98349,,ref_any_i32,0.0
Status.NOT_RUN,SliceAssign_405/ShapeOf,,ref_any_i32,0.0
Status.EXECUTED,SliceAssign_405/ReduceProd,,jit_avx512_i32,3.0
Status.EXECUTED,SliceAssign_405/Range,,ref_any_i32,9.0
Status.NOT_RUN,SliceAssign_405/Reshape,,unknown_i32,0.0
Status.EXECUTED,SliceAssign_405/Slice,,ref_i32,9.0
Status.NOT_RUN,SliceAssign_405/Reshape_1,,unknown_i32,0.0
Status.NOT_RUN,__module.model.language_model.rotary_emb/aten::select/Gather_1,,unknown_f32,0.0
Status.EXECUTED,__module.model.language_model.rotary_emb/aten::slice/Slice_4,,ref_f32,7.0
Status.EXECUTED,__module.model.language_model.rotary_emb/aten::slice/Slice_5,,ref_f32,6.0
Status.NOT_RUN,__module.model.language_model.rotary_emb/aten::copy_/ShapeOf,,ref_f32,0.0
Status.EXECUTED,__module.model.language_model.rotary_emb/aten::copy_/Broadcast,,ref_f32,1.0
Status.NOT_RUN,SliceAssign_405/Reshape_2,,unknown_f32,0.0
Status.EXECUTED,SliceAssign_405/ScatterNDUpdate,,unknown_f32,10.0
Status.NOT_RUN,SliceAssign_405/Reshape_3,,unknown_f32,0.0
Status.NOT_RUN,SliceAssign_434/Reshape_0,,unknown_f32,0.0
Status.EXECUTED,SliceAssign_434/Slice,,ref_i32,7.0
Status.NOT_RUN,SliceAssign_434/Reshape_1,,unknown_i32,0.0
Status.NOT_RUN,GatherAssign_406/Reshape_0,,unknown_f32,0.0
Status.EXECUTED,GatherAssign_406/ReduceProd,,jit_avx512_i32,1.0
Status.EXECUTED,GatherAssign_406/Range,,ref_any_i32,8.0
Status.NOT_RUN,GatherAssign_406/Reshape,,unknown_i32,0.0
Status.NOT_RUN,GatherAssign_406/Gather,,unknown_i32,0.0
Status.NOT_RUN,GatherAssign_406/Reshape_1,,unknown_i32,0.0
Status.EXECUTED,GatherAssign_406/ScatterNDUpdate,,unknown_f32,8.0
Status.NOT_RUN,GatherAssign_406/Reshape_3,,unknown_f32,0.0
Status.NOT_RUN,__module.model.language_model.rotary_emb/aten::select/Gather_2,,unknown_f32,0.0
Status.EXECUTED,__module.model.language_model.rotary_emb/aten::slice/Slice_6,,ref_f32,6.0
Status.EXECUTED,__module.model.language_model.rotary_emb/aten::copy_/Broadcast_1,,ref_f32,1.0
Status.NOT_RUN,SliceAssign_434/Reshape_2,,unknown_f32,0.0
Status.EXECUTED,SliceAssign_434/ScatterNDUpdate,,unknown_f32,7.0
Status.NOT_RUN,SliceAssign_434/Reshape_3,,unknown_f32,0.0
Status.EXECUTED,__module.model.language_model.rotary_emb/aten::cat/Concat,,ref_f32,9.0
Status.EXECUTED,__module.model.language_model.rotary_emb/aten::cos/Cos,,ref_any_f32,15.0
Status.NOT_RUN,__module.model.language_model.layers.0.self_attn/aten::unsqueeze/Unsqueeze,,unknown_f32,0.0
Status.EXECUTED,__module.model.language_model.rotary_emb/aten::sin/Sin,,ref_any_f32,9.0
Status.NOT_RUN,__module.model.language_model.layers.0.self_attn/aten::unsqueeze/Unsqueeze_1,,unknown_f32,0.0
Status.EXECUTED,__module.model.language_model.layers.0.self_attn/aten::add/Add,,ref_any_bf16,18.0
Status.EXECUTED,__module.model.language_model.layers.0.self_attn.k_proj/aten::linear/MatMul,,brgemm_avx512_bf16,202.0
Status.NOT_RUN,__module.model.language_model.layers.0.self_attn/aten::view/Reshape_1,,unknown_bf16,0.0
Status.EXECUTED,__module.model.language_model.layers.0.self_attn.k_norm/aten::mul/Multiply_1,,jit_avx512_bf16,8.0
Status.EXECUTED,__module.model.language_model.layers.0.self_attn/aten::add/Add_1,,ref_any_bf16,9.0
Status.EXECUTED,__module.model.language_model.layers.0.self_attn.v_proj/aten::linear/MatMul,,brgemm_avx512_bf16,199.0
Status.NOT_RUN,__module.model.language_model.layers.0.self_attn/aten::view/Reshape_2,,unknown_bf16,0.0
Status.EXECUTED,__module.model.language_model.layers.0.self_attn/aten::transpose/Transpose_2,,unknown_bf16,8.0
Status.NOT_RUN,ShapeOf_45004,,ref_f32,0.0
Status.NOT_RUN,Gather_45007,,unknown_i32,0.0
Status.NOT_RUN,Gather_45011,,unknown_i32,0.0
Status.EXECUTED,__module.model.language_model/aten::add/Add_1,,jit_avx512_i32,5.0
Status.EXECUTED,__module.model.language_model/aten::arange/Range_1,,ref_any_i32,6.0
Status.NOT_RUN,__module.model.language_model/aten::unsqueeze/Unsqueeze_2,,unknown_i32,0.0
Status.EXECUTED,__module.model.language_model/aten::arange/Range,,ref_any_i32,4.0
Status.NOT_RUN,__module.model.language_model/aten::unsqueeze/Unsqueeze_5,,unknown_i32,0.0
Status.NOT_RUN,attention_mask,,unknown_i64,0.0
Status.EXECUTED,Convert_54933,,ref_i64,6.0
Status.EXECUTED,Abs_54934,,jit_avx512_i32,4.0
Status.NOT_RUN,Clamp_54935,,undef,0.0
Status.EXECUTED,__module.model.language_model/aten::to/Convert_1,,ref_i32,5.0
Status.NOT_RUN,ShapeOf_54937,,ref_I8,0.0
Status.EXECUTED,__module.model.language_model/aten::index/ReduceProd,,jit_avx512_i32,1.0
Status.NOT_RUN,__module.model.language_model/aten::index/Concat,,ref_i32,0.0
Status.NOT_RUN,__module.model.language_model/aten::index/Reshape,,unknown_I8,0.0
Status.NOT_RUN,Squeeze_45012,,unknown_i32,0.0
Status.EXECUTED,__module.model.language_model/aten::arange/Range_2,,ref_any_i32,4.0
Status.NOT_RUN,__module.model.language_model/aten::unsqueeze/Unsqueeze_8,,unknown_i32,0.0
Status.NOT_RUN,__module.model.language_model/aten::index/Split,,unknown_i32,0.0
Status.EXECUTED,__module.model.language_model/aten::index/Multiply,,jit_avx512_i32,5.0
Status.NOT_RUN,__module.model.language_model/aten::index/Add,,undef,0.0
Status.EXECUTED,__module.model.language_model/aten::index/Gather,,jit_avx512_I8,6.0
Status.NOT_RUN,__module.model.language_model/aten::index/Reshape_8,,unknown_I8,0.0
Status.NOT_RUN,ShapeOf_54990,,ref_i32,0.0
Status.NOT_RUN,__module.model.language_model/aten::index/Reshape_12,,unknown_I8,0.0
Status.NOT_RUN,Reshape_45016,,unknown_i32,0.0
Status.NOT_RUN,Unsqueeze_262,,unknown_i32,0.0
Status.EXECUTED,__module.model.language_model/prim::ListConstruct/SequenceMark,,ref_i32,1.0
Status.EXECUTED,Broadcast_57369,,ref_I8,1.0
Status.EXECUTED,__module.model.language_model/aten::le/LessEqual,,jit_avx512_i32,8.0
Status.NOT_RUN,__module.model.language_model/aten::__and__/BitwiseAnd,,undef,0.0
Status.NOT_RUN,__module.model.language_model/aten::__and__/BitwiseAnd_1,,undef,0.0
Status.NOT_RUN,__module.model.language_model/aten::expand/Broadcast,,undef,0.0
Status.NOT_RUN,__module.model.language_model/aten::where/Select,,undef,0.0
Status.NOT_RUN,Reshape_45020,,unknown_i32,0.0
Status.EXECUTED,Add_110774,,jit_avx512_i32,4.0
Status.EXECUTED,__module.model.language_model.layers.0.self_attn/aten::slice/Slice_15,,ref_bf16,3.0
Status.NOT_RUN,beam_idx,,unknown_i32,0.0
Status.EXECUTED,__module.model.language_model.layers.0.self_attn/aten::scaled_dot_product_attention/ScaledDotProductAttention,,avx512_bf16,197.0
Status.EXECUTED,__module.model.language_model.layers.0.self_attn/aten::transpose/Transpose_3,,unknown_bf16,29.0
Status.NOT_RUN,__module.model.language_model.layers.0.self_attn/aten::reshape/Reshape_2,,unknown_bf16,0.0
Status.EXECUTED,__module.model.language_model.layers.0.self_attn.o_proj/aten::linear/MatMul,,brgemm_avx512_bf16,778.0
Status.EXECUTED,__module.model.language_model.layers.0.self_attn.o_proj/aten::linear/MatMul_bf16_f32___module.model.language_model.layers.0/aten::add/Add,,jit_uni_bf16,33.0
Status.EXECUTED,__module.model.language_model.layers.0/aten::add/Add,,jit_avx512_f32,39.0
Status.EXECUTED,__module.model.language_model.layers.0/aten::add/Add_f32_bf16___module.model.language_model.layers.0.post_attention_layernorm/aten::mul/Multiply_1,,jit_uni_f32,16.0
Status.EXECUTED,__module.model.language_model.layers.0.post_attention_layernorm/aten::mul/Multiply_1,,jit_avx512_bf16,21.0
Status.EXECUTED,__module.model.language_model.layers.0.mlp.gate_proj/aten::linear/MatMul,,brgemm_avx512_bf16,1775.0
Status.NOT_RUN,__module.model.language_model.layers.0.mlp.act_fn/aten::silu/Swish,,undef,0.0
Status.EXECUTED,__module.model.language_model.layers.0.mlp.up_proj/aten::linear/MatMul,,brgemm_avx512_bf16,1764.0
Status.EXECUTED,__module.model.language_model.layers.0.mlp/aten::mul/Multiply,,jit_avx512_bf16,70.0
Status.EXECUTED,__module.model.language_model.layers.0.mlp.down_proj/aten::linear/MatMul,,brgemm_avx512_bf16,1798.0
Status.EXECUTED,__module.model.language_model.layers.0.mlp.down_proj/aten::linear/MatMul_bf16_f32___module.model.language_model.layers.0/aten::add/Add_1,,jit_uni_bf16,24.0
Status.EXECUTED,__module.model.language_model.layers.0/aten::add/Add_1,,jit_avx512_f32,57.0
Status.EXECUTED,__module.model.language_model.layers.0/aten::add/Add_1___SliceAssign_1703/Reshape_0,,jit_uni_f32,19.0
Status.NOT_RUN,SliceAssign_1703/Reshape_0,,unknown_f32,0.0
Status.EXECUTED,SliceAssign_1703/ReduceProd,,jit_avx512_i32,3.0
Status.EXECUTED,SliceAssign_1703/Range,,ref_any_i32,35.0
Status.NOT_RUN,SliceAssign_1703/Reshape,,unknown_i32,0.0
Status.NOT_RUN,SliceAssign_1703/Reshape_1,,unknown_i32,0.0
Status.NOT_RUN,visual_pos_masks,,unknown_boolean,0.0
Status.EXECUTED,Convert_54666,,ref_boolean,13.0
Status.EXECUTED,__module.model.language_model/aten::index_put_/NonZero,,ref_I8,4.0
Status.NOT_RUN,__module.model.language_model/aten::index_put_/Transpose,,unknown_i32,0.0
Status.NOT_RUN,__module.model.language_model/aten::index/GatherND,,ref_any_f32,0.0
Status.NOT_RUN,deepstack_visual_embeds,,unknown_f32,0.0
Status.NOT_RUN,__module.model.language_model/aten::select/Gather,,ref_any_f32,0.0
Status.NOT_RUN,__module.model.language_model/aten::add/Add_3,,jit_avx512_f32,0.0
Status.EXECUTED,__module.model.language_model/aten::index_put_/ScatterNDUpdate,,unknown_f32,1.0
Status.NOT_RUN,SliceAssign_1703/Reshape_2,,unknown_f32,0.0
Status.EXECUTED,SliceAssign_1703/ScatterNDUpdate,,unknown_f32,101.0
Status.NOT_RUN,SliceAssign_1703/Reshape_3,,unknown_f32,0.0
Status.EXECUTED,SliceAssign_1703/Reshape_3_f32_bf16___module.model.language_model.layers.1.input_layernorm/aten::mul/Multiply_1,,jit_uni_f32,14.0
Status.EXECUTED,__module.model.language_model.layers.1.input_layernorm/aten::mul/Multiply_1,,jit_avx512_bf16,13.0
Status.EXECUTED,__module.model.language_model.layers.1.self_attn.q_proj/aten::linear/MatMul,,brgemm_avx512_bf16,620.0
Status.NOT_RUN,__module.model.language_model.layers.1.self_attn/aten::view/Reshape,,unknown_bf16,0.0
Status.EXECUTED,__module.model.language_model.layers.1.self_attn.q_norm/aten::mul/Multiply_1,,jit_avx512_bf16,16.0
Status.EXECUTED,__module.model.language_model.layers.1.self_attn/aten::add/Add,,ref_any_bf16,17.0
Status.EXECUTED,__module.model.language_model.layers.1.self_attn.k_proj/aten::linear/MatMul,,brgemm_avx512_bf16,200.0
Status.NOT_RUN,__module.model.language_model.layers.1.self_attn/aten::view/Reshape_1,,unknown_bf16,0.0
Status.EXECUTED,__module.model.language_model.layers.1.self_attn.k_norm/aten::mul/Multiply_1,,jit_avx512_bf16,8.0
Status.EXECUTED,__module.model.language_model.layers.1.self_attn/aten::add/Add_1,,ref_any_bf16,10.0
Status.EXECUTED,__module.model.language_model.layers.1.self_attn.v_proj/aten::linear/MatMul,,brgemm_avx512_bf16,219.0
Status.NOT_RUN,__module.model.language_model.layers.1.self_attn/aten::view/Reshape_2,,unknown_bf16,0.0
Status.EXECUTED,__module.model.language_model.layers.1.self_attn/aten::transpose/Transpose_2,,unknown_bf16,12.0
Status.EXECUTED,__module.model.language_model.layers.1.self_attn/aten::scaled_dot_product_attention/ScaledDotProductAttention,,undef_bf16,108.0
Status.EXECUTED,__module.model.language_model.layers.1.self_attn/aten::transpose/Transpose_3,,unknown_bf16,25.0
Status.NOT_RUN,__module.model.language_model.layers.1.self_attn/aten::reshape/Reshape_2,,unknown_bf16,0.0
Status.EXECUTED,__module.model.language_model.layers.1.self_attn.o_proj/aten::linear/MatMul,,brgemm_avx512_bf16,652.0
Status.EXECUTED,__module.model.language_model.layers.1.self_attn.o_proj/aten::linear/MatMul_bf16_f32___module.model.language_model.layers.1/aten::add/Add,,jit_uni_bf16,250.99999999999997
Status.EXECUTED,__module.model.language_model.layers.1/aten::add/Add,,jit_avx512_f32,42.0
Status.EXECUTED,__module.model.language_model.layers.1/aten::add/Add_f32_bf16___module.model.language_model.layers.1.post_attention_layernorm/aten::mul/Multiply_1,,jit_uni_f32,17.0
Status.EXECUTED,__module.model.language_model.layers.1.post_attention_layernorm/aten::mul/Multiply_1,,jit_avx512_bf16,20.0
Status.EXECUTED,__module.model.language_model.layers.1.mlp.gate_proj/aten::linear/MatMul,,brgemm_avx512_bf16,1800.0
Status.NOT_RUN,__module.model.language_model.layers.1.mlp.act_fn/aten::silu/Swish,,undef,0.0
Status.EXECUTED,__module.model.language_model.layers.1.mlp.up_proj/aten::linear/MatMul,,brgemm_avx512_bf16,1785.0
Status.EXECUTED,__module.model.language_model.layers.1.mlp/aten::mul/Multiply,,jit_avx512_bf16,71.0
Status.EXECUTED,__module.model.language_model.layers.1.mlp.down_proj/aten::linear/MatMul,,brgemm_avx512_bf16,1780.0
Status.EXECUTED,__module.model.language_model.layers.1.mlp.down_proj/aten::linear/MatMul_bf16_f32___module.model.language_model.layers.1/aten::add/Add_1,,jit_uni_bf16,24.0
Status.EXECUTED,__module.model.language_model.layers.1/aten::add/Add_1,,jit_avx512_f32,37.0
Status.EXECUTED,__module.model.language_model.layers.1/aten::add/Add_1___SliceAssign_2954/Reshape_0,,jit_uni_f32,18.0
Status.NOT_RUN,SliceAssign_2954/Reshape_0,,unknown_f32,0.0
Status.NOT_RUN,__module.model.language_model/aten::index/GatherND_1,,ref_any_f32,0.0
Status.NOT_RUN,__module.model.language_model/aten::select/Gather_1,,ref_any_f32,0.0
Status.NOT_RUN,__module.model.language_model/aten::add/Add_4,,jit_avx512_f32,0.0
Status.EXECUTED,__module.model.language_model/aten::index_put_/ScatterNDUpdate_1,,unknown_f32,1.0
Status.NOT_RUN,SliceAssign_2954/Reshape_2,,unknown_f32,0.0
Status.EXECUTED,SliceAssign_2954/ScatterNDUpdate,,unknown_f32,93.0
Status.NOT_RUN,SliceAssign_2954/Reshape_3,,unknown_f32,0.0
Status.EXECUTED,SliceAssign_2954/Reshape_3_f32_bf16___module.model.language_model.layers.2.input_layernorm/aten::mul/Multiply_1,,jit_uni_f32,14.0
Status.EXECUTED,__module.model.language_model.layers.2.input_layernorm/aten::mul/Multiply_1,,jit_avx512_bf16,12.0
Status.EXECUTED,__module.model.language_model.layers.2.self_attn.q_proj/aten::linear/MatMul,,brgemm_avx512_bf16,616.0
Status.NOT_RUN,__module.model.language_model.layers.2.self_attn/aten::view/Reshape,,unknown_bf16,0.0
Status.EXECUTED,__module.model.language_model.layers.2.self_attn.q_norm/aten::mul/Multiply_1,,jit_avx512_bf16,15.0
Status.EXECUTED,__module.model.language_model.layers.2.self_attn/aten::add/Add,,ref_any_bf16,18.0
Status.EXECUTED,__module.model.language_model.layers.2.self_attn.k_proj/aten::linear/MatMul,,brgemm_avx512_bf16,201.0
Status.NOT_RUN,__module.model.language_model.layers.2.self_attn/aten::view/Reshape_1,,unknown_bf16,0.0
Status.EXECUTED,__module.model.language_model.layers.2.self_attn.k_norm/aten::mul/Multiply_1,,jit_avx512_bf16,7.0
Status.EXECUTED,__module.model.language_model.layers.2.self_attn/aten::add/Add_1,,ref_any_bf16,9.0
Status.EXECUTED,__module.model.language_model.layers.2.self_attn.v_proj/aten::linear/MatMul,,brgemm_avx512_bf16,237.0
Status.NOT_RUN,__module.model.language_model.layers.2.self_attn/aten::view/Reshape_2,,unknown_bf16,0.0
Status.EXECUTED,__module.model.language_model.layers.2.self_attn/aten::transpose/Transpose_2,,unknown_bf16,10.0
Status.EXECUTED,__module.model.language_model.layers.2.self_attn/aten::scaled_dot_product_attention/ScaledDotProductAttention,,undef_bf16,108.0
Status.EXECUTED,__module.model.language_model.layers.2.self_attn/aten::transpose/Transpose_3,,unknown_bf16,21.0
Status.NOT_RUN,__module.model.language_model.layers.2.self_attn/aten::reshape/Reshape_2,,unknown_bf16,0.0
Status.EXECUTED,__module.model.language_model.layers.2.self_attn.o_proj/aten::linear/MatMul,,brgemm_avx512_bf16,615.0
Status.EXECUTED,__module.model.language_model.layers.2.self_attn.o_proj/aten::linear/MatMul_bf16_f32___module.model.language_model.layers.2/aten::add/Add,,jit_uni_bf16,22.0
Status.EXECUTED,__module.model.language_model.layers.2/aten::add/Add,,jit_avx512_f32,39.0
Status.EXECUTED,__module.model.language_model.layers.2/aten::add/Add_f32_bf16___module.model.language_model.layers.2.post_attention_layernorm/aten::mul/Multiply_1,,jit_uni_f32,18.0
Status.EXECUTED,__module.model.language_model.layers.2.post_attention_layernorm/aten::mul/Multiply_1,,jit_avx512_bf16,13.0
Status.EXECUTED,__module.model.language_model.layers.2.mlp.gate_proj/aten::linear/MatMul,,brgemm_avx512_bf16,1758.0
Status.NOT_RUN,__module.model.language_model.layers.2.mlp.act_fn/aten::silu/Swish,,undef,0.0
Status.EXECUTED,__module.model.language_model.layers.2.mlp.up_proj/aten::linear/MatMul,,brgemm_avx512_bf16,1710.0
Status.EXECUTED,__module.model.language_model.layers.2.mlp/aten::mul/Multiply,,jit_avx512_bf16,58.0
Status.EXECUTED,__module.model.language_model.layers.2.mlp.down_proj/aten::linear/MatMul,,brgemm_avx512_bf16,1789.0
Status.EXECUTED,__module.model.language_model.layers.2.mlp.down_proj/aten::linear/MatMul_bf16_f32___module.model.language_model.layers.2/aten::add/Add_1,,jit_uni_bf16,23.0
Status.EXECUTED,__module.model.language_model.layers.2/aten::add/Add_1,,jit_avx512_f32,36.0
Status.EXECUTED,__module.model.language_model.layers.2/aten::add/Add_1___SliceAssign_4205/Reshape_0,,jit_uni_f32,19.0
Status.NOT_RUN,SliceAssign_4205/Reshape_0,,unknown_f32,0.0
Status.NOT_RUN,__module.model.language_model/aten::index/GatherND_2,,ref_any_f32,0.0
Status.NOT_RUN,__module.model.language_model/aten::select/Gather_2,,ref_any_f32,0.0
Status.NOT_RUN,__module.model.language_model/aten::add/Add_5,,jit_avx512_f32,0.0
Status.EXECUTED,__module.model.language_model/aten::index_put_/ScatterNDUpdate_2,,unknown_f32,1.0
Status.NOT_RUN,SliceAssign_4205/Reshape_2,,unknown_f32,0.0
Status.EXECUTED,SliceAssign_4205/ScatterNDUpdate,,unknown_f32,96.0
Status.NOT_RUN,SliceAssign_4205/Reshape_3,,unknown_f32,0.0
Status.EXECUTED,SliceAssign_4205/Reshape_3_f32_bf16___module.model.language_model.layers.3.input_layernorm/aten::mul/Multiply_1,,jit_uni_f32,12.0
Status.EXECUTED,__module.model.language_model.layers.3.input_layernorm/aten::mul/Multiply_1,,jit_avx512_bf16,12.0
Status.EXECUTED,__module.model.language_model.layers.3.self_attn.q_proj/aten::linear/MatMul,,brgemm_avx512_bf16,642.0
Status.NOT_RUN,__module.model.language_model.layers.3.self_attn/aten::view/Reshape,,unknown_bf16,0.0
Status.EXECUTED,__module.model.language_model.layers.3.self_attn.q_norm/aten::mul/Multiply_1,,jit_avx512_bf16,15.0
Status.EXECUTED,__module.model.language_model.layers.3.self_attn/aten::add/Add,,ref_any_bf16,18.0
Status.EXECUTED,__module.model.language_model.layers.3.self_attn.k_proj/aten::linear/MatMul,,brgemm_avx512_bf16,214.0
Status.NOT_RUN,__module.model.language_model.layers.3.self_attn/aten::view/Reshape_1,,unknown_bf16,0.0
Status.EXECUTED,__module.model.language_model.layers.3.self_attn.k_norm/aten::mul/Multiply_1,,jit_avx512_bf16,7.0
Status.EXECUTED,__module.model.language_model.layers.3.self_attn/aten::add/Add_1,,ref_any_bf16,9.0
Status.EXECUTED,__module.model.language_model.layers.3.self_attn.v_proj/aten::linear/MatMul,,brgemm_avx512_bf16,198.0
Status.NOT_RUN,__module.model.language_model.layers.3.self_attn/aten::view/Reshape_2,,unknown_bf16,0.0
Status.EXECUTED,__module.model.language_model.layers.3.self_attn/aten::transpose/Transpose_2,,unknown_bf16,10.0
Status.EXECUTED,__module.model.language_model.layers.3.self_attn/aten::scaled_dot_product_attention/ScaledDotProductAttention,,undef_bf16,105.0
Status.EXECUTED,__module.model.language_model.layers.3.self_attn/aten::transpose/Transpose_3,,unknown_bf16,22.0
Status.NOT_RUN,__module.model.language_model.layers.3.self_attn/aten::reshape/Reshape_2,,unknown_bf16,0.0
Status.EXECUTED,__module.model.language_model.layers.3.self_attn.o_proj/aten::linear/MatMul,,brgemm_avx512_bf16,608.0
Status.EXECUTED,__module.model.language_model.layers.3.self_attn.o_proj/aten::linear/MatMul_bf16_f32___module.model.language_model.layers.3/aten::add/Add,,jit_uni_bf16,23.0
Status.EXECUTED,__module.model.language_model.layers.3/aten::add/Add,,jit_avx512_f32,35.0
Status.EXECUTED,__module.model.language_model.layers.3/aten::add/Add_f32_bf16___module.model.language_model.layers.3.post_attention_layernorm/aten::mul/Multiply_1,,jit_uni_f32,17.0
Status.EXECUTED,__module.model.language_model.layers.3.post_attention_layernorm/aten::mul/Multiply_1,,jit_avx512_bf16,12.0
Status.EXECUTED,__module.model.language_model.layers.3.mlp.gate_proj/aten::linear/MatMul,,brgemm_avx512_bf16,1774.0
Status.NOT_RUN,__module.model.language_model.layers.3.mlp.act_fn/aten::silu/Swish,,undef,0.0
Status.EXECUTED,__module.model.language_model.layers.3.mlp.up_proj/aten::linear/MatMul,,brgemm_avx512_bf16,1729.0
Status.EXECUTED,__module.model.language_model.layers.3.mlp/aten::mul/Multiply,,jit_avx512_bf16,73.0
Status.EXECUTED,__module.model.language_model.layers.3.mlp.down_proj/aten::linear/MatMul,,brgemm_avx512_bf16,1829.0
Status.EXECUTED,__module.model.language_model.layers.3.mlp.down_proj/aten::linear/MatMul_bf16_f32___module.model.language_model.layers.3/aten::add/Add_1,,jit_uni_bf16,27.0
Status.EXECUTED,__module.model.language_model.layers.3/aten::add/Add_1,,jit_avx512_f32,47.0
Status.EXECUTED,__module.model.language_model.layers.3/aten::add/Add_1_f32_bf16___module.model.language_model.layers.4.input_layernorm/aten::mul/Multiply_1,,jit_uni_f32,24.0
Status.EXECUTED,__module.model.language_model.layers.4.input_layernorm/aten::mul/Multiply_1,,jit_avx512_bf16,18.0
Status.EXECUTED,__module.model.language_model.layers.4.self_attn.q_proj/aten::linear/MatMul,,brgemm_avx512_bf16,623.0
Status.NOT_RUN,__module.model.language_model.layers.4.self_attn/aten::view/Reshape,,unknown_bf16,0.0
Status.EXECUTED,__module.model.language_model.layers.4.self_attn.q_norm/aten::mul/Multiply_1,,jit_avx512_bf16,18.0
Status.EXECUTED,__module.model.language_model.layers.4.self_attn/aten::add/Add,,ref_any_bf16,18.0
Status.EXECUTED,__module.model.language_model.layers.4.self_attn.k_proj/aten::linear/MatMul,,brgemm_avx512_bf16,199.0
Status.NOT_RUN,__module.model.language_model.layers.4.self_attn/aten::view/Reshape_1,,unknown_bf16,0.0
Status.EXECUTED,__module.model.language_model.layers.4.self_attn.k_norm/aten::mul/Multiply_1,,jit_avx512_bf16,8.0
Status.EXECUTED,__module.model.language_model.layers.4.self_attn/aten::add/Add_1,,ref_any_bf16,9.0
Status.EXECUTED,__module.model.language_model.layers.4.self_attn.v_proj/aten::linear/MatMul,,brgemm_avx512_bf16,201.0
Status.NOT_RUN,__module.model.language_model.layers.4.self_attn/aten::view/Reshape_2,,unknown_bf16,0.0
Status.EXECUTED,__module.model.language_model.layers.4.self_attn/aten::transpose/Transpose_2,,unknown_bf16,13.0
Status.EXECUTED,__module.model.language_model.layers.4.self_attn/aten::scaled_dot_product_attention/ScaledDotProductAttention,,undef_bf16,110.0
Status.EXECUTED,__module.model.language_model.layers.4.self_attn/aten::transpose/Transpose_3,,unknown_bf16,26.0
Status.NOT_RUN,__module.model.language_model.layers.4.self_attn/aten::reshape/Reshape_2,,unknown_bf16,0.0
Status.EXECUTED,__module.model.language_model.layers.4.self_attn.o_proj/aten::linear/MatMul,,brgemm_avx512_bf16,606.0
Status.EXECUTED,__module.model.language_model.layers.4.self_attn.o_proj/aten::linear/MatMul_bf16_f32___module.model.language_model.layers.4/aten::add/Add,,jit_uni_bf16,30.0
Status.EXECUTED,__module.model.language_model.layers.4/aten::add/Add,,jit_avx512_f32,35.0
Status.EXECUTED,__module.model.language_model.layers.4/aten::add/Add_f32_bf16___module.model.language_model.layers.4.post_attention_layernorm/aten::mul/Multiply_1,,jit_uni_f32,17.0
Status.EXECUTED,__module.model.language_model.layers.4.post_attention_layernorm/aten::mul/Multiply_1,,jit_avx512_bf16,19.0
Status.EXECUTED,__module.model.language_model.layers.4.mlp.gate_proj/aten::linear/MatMul,,brgemm_avx512_bf16,1757.0
Status.NOT_RUN,__module.model.language_model.layers.4.mlp.act_fn/aten::silu/Swish,,undef,0.0
Status.EXECUTED,__module.model.language_model.layers.4.mlp.up_proj/aten::linear/MatMul,,brgemm_avx512_bf16,1731.0
Status.EXECUTED,__module.model.language_model.layers.4.mlp/aten::mul/Multiply,,jit_avx512_bf16,73.0
Status.EXECUTED,__module.model.language_model.layers.4.mlp.down_proj/aten::linear/MatMul,,brgemm_avx512_bf16,1773.0
Status.EXECUTED,__module.model.language_model.layers.4.mlp.down_proj/aten::linear/MatMul_bf16_f32___module.model.language_model.layers.4/aten::add/Add_1,,jit_uni_bf16,22.0
Status.EXECUTED,__module.model.language_model.layers.4/aten::add/Add_1,,jit_avx512_f32,36.0
Status.EXECUTED,__module.model.language_model.layers.4/aten::add/Add_1_f32_bf16___module.model.language_model.layers.5.input_layernorm/aten::mul/Multiply_1,,jit_uni_f32,24.0
Status.EXECUTED,__module.model.language_model.layers.5.input_layernorm/aten::mul/Multiply_1,,jit_avx512_bf16,18.0
Status.EXECUTED,__module.model.language_model.layers.5.self_attn.q_proj/aten::linear/MatMul,,brgemm_avx512_bf16,616.0
Status.NOT_RUN,__module.model.language_model.layers.5.self_attn/aten::view/Reshape,,unknown_bf16,0.0
Status.EXECUTED,__module.model.language_model.layers.5.self_attn.q_norm/aten::mul/Multiply_1,,jit_avx512_bf16,18.0
Status.EXECUTED,__module.model.language_model.layers.5.self_attn/aten::add/Add,,ref_any_bf16,19.0
Status.EXECUTED,__module.model.language_model.layers.5.self_attn.k_proj/aten::linear/MatMul,,brgemm_avx512_bf16,194.0
Status.NOT_RUN,__module.model.language_model.layers.5.self_attn/aten::view/Reshape_1,,unknown_bf16,0.0
Status.EXECUTED,__module.model.language_model.layers.5.self_attn.k_norm/aten::mul/Multiply_1,,jit_avx512_bf16,8.0
Status.EXECUTED,__module.model.language_model.layers.5.self_attn/aten::add/Add_1,,ref_any_bf16,9.0
Status.EXECUTED,__module.model.language_model.layers.5.self_attn.v_proj/aten::linear/MatMul,,brgemm_avx512_bf16,199.0
Status.NOT_RUN,__module.model.language_model.layers.5.self_attn/aten::view/Reshape_2,,unknown_bf16,0.0
Status.EXECUTED,__module.model.language_model.layers.5.self_attn/aten::transpose/Transpose_2,,unknown_bf16,9.0
Status.EXECUTED,__module.model.language_model.layers.5.self_attn/aten::scaled_dot_product_attention/ScaledDotProductAttention,,undef_bf16,107.0
Status.EXECUTED,__module.model.language_model.layers.5.self_attn/aten::transpose/Transpose_3,,unknown_bf16,21.0
Status.NOT_RUN,__module.model.language_model.layers.5.self_attn/aten::reshape/Reshape_2,,unknown_bf16,0.0
Status.EXECUTED,__module.model.language_model.layers.5.self_attn.o_proj/aten::linear/MatMul,,brgemm_avx512_bf16,608.0
Status.EXECUTED,__module.model.language_model.layers.5.self_attn.o_proj/aten::linear/MatMul_bf16_f32___module.model.language_model.layers.5/aten::add/Add,,jit_uni_bf16,24.0
Status.EXECUTED,__module.model.language_model.layers.5/aten::add/Add,,jit_avx512_f32,50.0
Status.EXECUTED,__module.model.language_model.layers.5/aten::add/Add_f32_bf16___module.model.language_model.layers.5.post_attention_layernorm/aten::mul/Multiply_1,,jit_uni_f32,18.0
Status.EXECUTED,__module.model.language_model.layers.5.post_attention_layernorm/aten::mul/Multiply_1,,jit_avx512_bf16,10.0
Status.EXECUTED,__module.model.language_model.layers.5.mlp.gate_proj/aten::linear/MatMul,,brgemm_avx512_bf16,1737.0
Status.NOT_RUN,__module.model.language_model.layers.5.mlp.act_fn/aten::silu/Swish,,undef,0.0
Status.EXECUTED,__module.model.language_model.layers.5.mlp.up_proj/aten::linear/MatMul,,brgemm_avx512_bf16,1784.0
Status.EXECUTED,__module.model.language_model.layers.5.mlp/aten::mul/Multiply,,jit_avx512_bf16,57.0
Status.EXECUTED,__module.model.language_model.layers.5.mlp.down_proj/aten::linear/MatMul,,brgemm_avx512_bf16,1779.0
Status.EXECUTED,__module.model.language_model.layers.5.mlp.down_proj/aten::linear/MatMul_bf16_f32___module.model.language_model.layers.5/aten::add/Add_1,,jit_uni_bf16,24.0
Status.EXECUTED,__module.model.language_model.layers.5/aten::add/Add_1,,jit_avx512_f32,51.0
Status.EXECUTED,__module.model.language_model.layers.5/aten::add/Add_1_f32_bf16___module.model.language_model.layers.6.input_layernorm/aten::mul/Multiply_1,,jit_uni_f32,23.0
Status.EXECUTED,__module.model.language_model.layers.6.input_layernorm/aten::mul/Multiply_1,,jit_avx512_bf16,19.0
Status.EXECUTED,__module.model.language_model.layers.6.self_attn.q_proj/aten::linear/MatMul,,brgemm_avx512_bf16,635.0
Status.NOT_RUN,__module.model.language_model.layers.6.self_attn/aten::view/Reshape,,unknown_bf16,0.0
Status.EXECUTED,__module.model.language_model.layers.6.self_attn.q_norm/aten::mul/Multiply_1,,jit_avx512_bf16,18.0
Status.EXECUTED,__module.model.language_model.layers.6.self_attn/aten::add/Add,,ref_any_bf16,19.0
Status.EXECUTED,__module.model.language_model.layers.6.self_attn.k_proj/aten::linear/MatMul,,brgemm_avx512_bf16,197.0
Status.NOT_RUN,__module.model.language_model.layers.6.self_attn/aten::view/Reshape_1,,unknown_bf16,0.0
Status.EXECUTED,__module.model.language_model.layers.6.self_attn.k_norm/aten::mul/Multiply_1,,jit_avx512_bf16,7.0
Status.EXECUTED,__module.model.language_model.layers.6.self_attn/aten::add/Add_1,,ref_any_bf16,10.0
Status.EXECUTED,__module.model.language_model.layers.6.self_attn.v_proj/aten::linear/MatMul,,brgemm_avx512_bf16,197.0
Status.NOT_RUN,__module.model.language_model.layers.6.self_attn/aten::view/Reshape_2,,unknown_bf16,0.0
Status.EXECUTED,__module.model.language_model.layers.6.self_attn/aten::transpose/Transpose_2,,unknown_bf16,10.0
Status.EXECUTED,__module.model.language_model.layers.6.self_attn/aten::scaled_dot_product_attention/ScaledDotProductAttention,,undef_bf16,109.0
Status.EXECUTED,__module.model.language_model.layers.6.self_attn/aten::transpose/Transpose_3,,unknown_bf16,21.0
Status.NOT_RUN,__module.model.language_model.layers.6.self_attn/aten::reshape/Reshape_2,,unknown_bf16,0.0
Status.EXECUTED,__module.model.language_model.layers.6.self_attn.o_proj/aten::linear/MatMul,,brgemm_avx512_bf16,622.0
Status.EXECUTED,__module.model.language_model.layers.6.self_attn.o_proj/aten::linear/MatMul_bf16_f32___module.model.language_model.layers.6/aten::add/Add,,jit_uni_bf16,29.0
Status.EXECUTED,__module.model.language_model.layers.6/aten::add/Add,,jit_avx512_f32,35.0
Status.EXECUTED,__module.model.language_model.layers.6/aten::add/Add_f32_bf16___module.model.language_model.layers.6.post_attention_layernorm/aten::mul/Multiply_1,,jit_uni_f32,17.0
Status.EXECUTED,__module.model.language_model.layers.6.post_attention_layernorm/aten::mul/Multiply_1,,jit_avx512_bf16,11.0
Status.EXECUTED,__module.model.language_model.layers.6.mlp.gate_proj/aten::linear/MatMul,,brgemm_avx512_bf16,1779.0
Status.NOT_RUN,__module.model.language_model.layers.6.mlp.act_fn/aten::silu/Swish,,undef,0.0
Status.EXECUTED,__module.model.language_model.layers.6.mlp.up_proj/aten::linear/MatMul,,brgemm_avx512_bf16,1728.0
Status.EXECUTED,__module.model.language_model.layers.6.mlp/aten::mul/Multiply,,jit_avx512_bf16,59.0
Status.EXECUTED,__module.model.language_model.layers.6.mlp.down_proj/aten::linear/MatMul,,brgemm_avx512_bf16,1812.0
Status.EXECUTED,__module.model.language_model.layers.6.mlp.down_proj/aten::linear/MatMul_bf16_f32___module.model.language_model.layers.6/aten::add/Add_1,,jit_uni_bf16,25.0
Status.EXECUTED,__module.model.language_model.layers.6/aten::add/Add_1,,jit_avx512_f32,36.0
Status.EXECUTED,__module.model.language_model.layers.6/aten::add/Add_1_f32_bf16___module.model.language_model.layers.7.input_layernorm/aten::mul/Multiply_1,,jit_uni_f32,23.0
Status.EXECUTED,__module.model.language_model.layers.7.input_layernorm/aten::mul/Multiply_1,,jit_avx512_bf16,18.0
Status.EXECUTED,__module.model.language_model.layers.7.self_attn.q_proj/aten::linear/MatMul,,brgemm_avx512_bf16,604.0
Status.NOT_RUN,__module.model.language_model.layers.7.self_attn/aten::view/Reshape,,unknown_bf16,0.0
Status.EXECUTED,__module.model.language_model.layers.7.self_attn.q_norm/aten::mul/Multiply_1,,jit_avx512_bf16,19.0
Status.EXECUTED,__module.model.language_model.layers.7.self_attn/aten::add/Add,,ref_any_bf16,18.0
Status.EXECUTED,__module.model.language_model.layers.7.self_attn.k_proj/aten::linear/MatMul,,brgemm_avx512_bf16,195.0
Status.NOT_RUN,__module.model.language_model.layers.7.self_attn/aten::view/Reshape_1,,unknown_bf16,0.0
Status.EXECUTED,__module.model.language_model.layers.7.self_attn.k_norm/aten::mul/Multiply_1,,jit_avx512_bf16,7.0
Status.EXECUTED,__module.model.language_model.layers.7.self_attn/aten::add/Add_1,,ref_any_bf16,9.0
Status.EXECUTED,__module.model.language_model.layers.7.self_attn.v_proj/aten::linear/MatMul,,brgemm_avx512_bf16,198.0
Status.NOT_RUN,__module.model.language_model.layers.7.self_attn/aten::view/Reshape_2,,unknown_bf16,0.0
Status.EXECUTED,__module.model.language_model.layers.7.self_attn/aten::transpose/Transpose_2,,unknown_bf16,9.0
Status.EXECUTED,__module.model.language_model.layers.7.self_attn/aten::scaled_dot_product_attention/ScaledDotProductAttention,,undef_bf16,107.0
Status.EXECUTED,__module.model.language_model.layers.7.self_attn/aten::transpose/Transpose_3,,unknown_bf16,21.0
Status.NOT_RUN,__module.model.language_model.layers.7.self_attn/aten::reshape/Reshape_2,,unknown_bf16,0.0
Status.EXECUTED,__module.model.language_model.layers.7.self_attn.o_proj/aten::linear/MatMul,,brgemm_avx512_bf16,606.0
Status.EXECUTED,__module.model.language_model.layers.7.self_attn.o_proj/aten::linear/MatMul_bf16_f32___module.model.language_model.layers.7/aten::add/Add,,jit_uni_bf16,26.0
Status.EXECUTED,__module.model.language_model.layers.7/aten::add/Add,,jit_avx512_f32,34.0
Status.EXECUTED,__module.model.language_model.layers.7/aten::add/Add_f32_bf16___module.model.language_model.layers.7.post_attention_layernorm/aten::mul/Multiply_1,,jit_uni_f32,17.0
Status.EXECUTED,__module.model.language_model.layers.7.post_attention_layernorm/aten::mul/Multiply_1,,jit_avx512_bf16,11.0
Status.EXECUTED,__module.model.language_model.layers.7.mlp.gate_proj/aten::linear/MatMul,,brgemm_avx512_bf16,1940.0
Status.NOT_RUN,__module.model.language_model.layers.7.mlp.act_fn/aten::silu/Swish,,undef,0.0
Status.EXECUTED,__module.model.language_model.layers.7.mlp.up_proj/aten::linear/MatMul,,brgemm_avx512_bf16,2147.0
Status.EXECUTED,__module.model.language_model.layers.7.mlp/aten::mul/Multiply,,jit_avx512_bf16,60.0
Status.EXECUTED,__module.model.language_model.layers.7.mlp.down_proj/aten::linear/MatMul,,brgemm_avx512_bf16,1803.0
Status.EXECUTED,__module.model.language_model.layers.7.mlp.down_proj/aten::linear/MatMul_bf16_f32___module.model.language_model.layers.7/aten::add/Add_1,,jit_uni_bf16,25.0
Status.EXECUTED,__module.model.language_model.layers.7/aten::add/Add_1,,jit_avx512_f32,49.0
Status.EXECUTED,__module.model.language_model.layers.7/aten::add/Add_1_f32_bf16___module.model.language_model.layers.8.input_layernorm/aten::mul/Multiply_1,,jit_uni_f32,24.0
Status.EXECUTED,__module.model.language_model.layers.8.input_layernorm/aten::mul/Multiply_1,,jit_avx512_bf16,18.0
Status.EXECUTED,__module.model.language_model.layers.8.self_attn.q_proj/aten::linear/MatMul,,brgemm_avx512_bf16,605.0
Status.NOT_RUN,__module.model.language_model.layers.8.self_attn/aten::view/Reshape,,unknown_bf16,0.0
Status.EXECUTED,__module.model.language_model.layers.8.self_attn.q_norm/aten::mul/Multiply_1,,jit_avx512_bf16,21.0
Status.EXECUTED,__module.model.language_model.layers.8.self_attn/aten::add/Add,,ref_any_bf16,19.0
Status.EXECUTED,__module.model.language_model.layers.8.self_attn.k_proj/aten::linear/MatMul,,brgemm_avx512_bf16,200.0
Status.NOT_RUN,__module.model.language_model.layers.8.self_attn/aten::view/Reshape_1,,unknown_bf16,0.0
Status.EXECUTED,__module.model.language_model.layers.8.self_attn.k_norm/aten::mul/Multiply_1,,jit_avx512_bf16,8.0
Status.EXECUTED,__module.model.language_model.layers.8.self_attn/aten::add/Add_1,,ref_any_bf16,9.0
Status.EXECUTED,__module.model.language_model.layers.8.self_attn.v_proj/aten::linear/MatMul,,brgemm_avx512_bf16,213.0
Status.NOT_RUN,__module.model.language_model.layers.8.self_attn/aten::view/Reshape_2,,unknown_bf16,0.0
Status.EXECUTED,__module.model.language_model.layers.8.self_attn/aten::transpose/Transpose_2,,unknown_bf16,9.0
Status.EXECUTED,__module.model.language_model.layers.8.self_attn/aten::scaled_dot_product_attention/ScaledDotProductAttention,,undef_bf16,104.0
Status.EXECUTED,__module.model.language_model.layers.8.self_attn/aten::transpose/Transpose_3,,unknown_bf16,23.0
Status.NOT_RUN,__module.model.language_model.layers.8.self_attn/aten::reshape/Reshape_2,,unknown_bf16,0.0
Status.EXECUTED,__module.model.language_model.layers.8.self_attn.o_proj/aten::linear/MatMul,,brgemm_avx512_bf16,626.0
Status.EXECUTED,__module.model.language_model.layers.8.self_attn.o_proj/aten::linear/MatMul_bf16_f32___module.model.language_model.layers.8/aten::add/Add,,jit_uni_bf16,27.0
Status.EXECUTED,__module.model.language_model.layers.8/aten::add/Add,,jit_avx512_f32,36.0
Status.EXECUTED,__module.model.language_model.layers.8/aten::add/Add_f32_bf16___module.model.language_model.layers.8.post_attention_layernorm/aten::mul/Multiply_1,,jit_uni_f32,17.0
Status.EXECUTED,__module.model.language_model.layers.8.post_attention_layernorm/aten::mul/Multiply_1,,jit_avx512_bf16,12.0
Status.EXECUTED,__module.model.language_model.layers.8.mlp.gate_proj/aten::linear/MatMul,,brgemm_avx512_bf16,1827.0
Status.NOT_RUN,__module.model.language_model.layers.8.mlp.act_fn/aten::silu/Swish,,undef,0.0
Status.EXECUTED,__module.model.language_model.layers.8.mlp.up_proj/aten::linear/MatMul,,brgemm_avx512_bf16,1793.0
Status.EXECUTED,__module.model.language_model.layers.8.mlp/aten::mul/Multiply,,jit_avx512_bf16,60.0
Status.EXECUTED,__module.model.language_model.layers.8.mlp.down_proj/aten::linear/MatMul,,brgemm_avx512_bf16,1853.0
Status.EXECUTED,__module.model.language_model.layers.8.mlp.down_proj/aten::linear/MatMul_bf16_f32___module.model.language_model.layers.8/aten::add/Add_1,,jit_uni_bf16,24.0
Status.EXECUTED,__module.model.language_model.layers.8/aten::add/Add_1,,jit_avx512_f32,39.0
Status.EXECUTED,__module.model.language_model.layers.8/aten::add/Add_1_f32_bf16___module.model.language_model.layers.9.input_layernorm/aten::mul/Multiply_1,,jit_uni_f32,24.0
Status.EXECUTED,__module.model.language_model.layers.9.input_layernorm/aten::mul/Multiply_1,,jit_avx512_bf16,19.0
Status.EXECUTED,__module.model.language_model.layers.9.self_attn.q_proj/aten::linear/MatMul,,brgemm_avx512_bf16,885.0
Status.NOT_RUN,__module.model.language_model.layers.9.self_attn/aten::view/Reshape,,unknown_bf16,0.0
Status.EXECUTED,__module.model.language_model.layers.9.self_attn.q_norm/aten::mul/Multiply_1,,jit_avx512_bf16,20.0
Status.EXECUTED,__module.model.language_model.layers.9.self_attn/aten::add/Add,,ref_any_bf16,19.0
Status.EXECUTED,__module.model.language_model.layers.9.self_attn.k_proj/aten::linear/MatMul,,brgemm_avx512_bf16,203.0
Status.NOT_RUN,__module.model.language_model.layers.9.self_attn/aten::view/Reshape_1,,unknown_bf16,0.0
Status.EXECUTED,__module.model.language_model.layers.9.self_attn.k_norm/aten::mul/Multiply_1,,jit_avx512_bf16,8.0
Status.EXECUTED,__module.model.language_model.layers.9.self_attn/aten::add/Add_1,,ref_any_bf16,10.0
Status.EXECUTED,__module.model.language_model.layers.9.self_attn.v_proj/aten::linear/MatMul,,brgemm_avx512_bf16,238.0
Status.NOT_RUN,__module.model.language_model.layers.9.self_attn/aten::view/Reshape_2,,unknown_bf16,0.0
Status.EXECUTED,__module.model.language_model.layers.9.self_attn/aten::transpose/Transpose_2,,unknown_bf16,11.0
Status.EXECUTED,__module.model.language_model.layers.9.self_attn/aten::scaled_dot_product_attention/ScaledDotProductAttention,,undef_bf16,128.0
Status.EXECUTED,__module.model.language_model.layers.9.self_attn/aten::transpose/Transpose_3,,unknown_bf16,25.0
Status.NOT_RUN,__module.model.language_model.layers.9.self_attn/aten::reshape/Reshape_2,,unknown_bf16,0.0
Status.EXECUTED,__module.model.language_model.layers.9.self_attn.o_proj/aten::linear/MatMul,,brgemm_avx512_bf16,894.0
Status.EXECUTED,__module.model.language_model.layers.9.self_attn.o_proj/aten::linear/MatMul_bf16_f32___module.model.language_model.layers.9/aten::add/Add,,jit_uni_bf16,28.0
Status.EXECUTED,__module.model.language_model.layers.9/aten::add/Add,,jit_avx512_f32,36.0
Status.EXECUTED,__module.model.language_model.layers.9/aten::add/Add_f32_bf16___module.model.language_model.layers.9.post_attention_layernorm/aten::mul/Multiply_1,,jit_uni_f32,17.0
Status.EXECUTED,__module.model.language_model.layers.9.post_attention_layernorm/aten::mul/Multiply_1,,jit_avx512_bf16,10.0
Status.EXECUTED,__module.model.language_model.layers.9.mlp.gate_proj/aten::linear/MatMul,,brgemm_avx512_bf16,1883.0
Status.NOT_RUN,__module.model.language_model.layers.9.mlp.act_fn/aten::silu/Swish,,undef,0.0
Status.EXECUTED,__module.model.language_model.layers.9.mlp.up_proj/aten::linear/MatMul,,brgemm_avx512_bf16,1837.0
Status.EXECUTED,__module.model.language_model.layers.9.mlp/aten::mul/Multiply,,jit_avx512_bf16,58.0
Status.EXECUTED,__module.model.language_model.layers.9.mlp.down_proj/aten::linear/MatMul,,brgemm_avx512_bf16,1837.0
Status.EXECUTED,__module.model.language_model.layers.9.mlp.down_proj/aten::linear/MatMul_bf16_f32___module.model.language_model.layers.9/aten::add/Add_1,,jit_uni_bf16,25.0
Status.EXECUTED,__module.model.language_model.layers.9/aten::add/Add_1,,jit_avx512_f32,48.0
Status.EXECUTED,__module.model.language_model.layers.9/aten::add/Add_1_f32_bf16___module.model.language_model.layers.10.input_layernorm/aten::mul/Multiply_1,,jit_uni_f32,24.0
Status.EXECUTED,__module.model.language_model.layers.10.input_layernorm/aten::mul/Multiply_1,,jit_avx512_bf16,19.0
Status.EXECUTED,__module.model.language_model.layers.10.self_attn.q_proj/aten::linear/MatMul,,brgemm_avx512_bf16,1079.0
Status.NOT_RUN,__module.model.language_model.layers.10.self_attn/aten::view/Reshape,,unknown_bf16,0.0
Status.EXECUTED,__module.model.language_model.layers.10.self_attn.q_norm/aten::mul/Multiply_1,,jit_avx512_bf16,21.0
Status.EXECUTED,__module.model.language_model.layers.10.self_attn/aten::add/Add,,ref_any_bf16,19.0
Status.EXECUTED,__module.model.language_model.layers.10.self_attn.k_proj/aten::linear/MatMul,,brgemm_avx512_bf16,207.0
Status.NOT_RUN,__module.model.language_model.layers.10.self_attn/aten::view/Reshape_1,,unknown_bf16,0.0
Status.EXECUTED,__module.model.language_model.layers.10.self_attn.k_norm/aten::mul/Multiply_1,,jit_avx512_bf16,7.0
Status.EXECUTED,__module.model.language_model.layers.10.self_attn/aten::add/Add_1,,ref_any_bf16,10.0
Status.EXECUTED,__module.model.language_model.layers.10.self_attn.v_proj/aten::linear/MatMul,,brgemm_avx512_bf16,204.0
Status.NOT_RUN,__module.model.language_model.layers.10.self_attn/aten::view/Reshape_2,,unknown_bf16,0.0
Status.EXECUTED,__module.model.language_model.layers.10.self_attn/aten::transpose/Transpose_2,,unknown_bf16,9.0
Status.EXECUTED,__module.model.language_model.layers.10.self_attn/aten::scaled_dot_product_attention/ScaledDotProductAttention,,undef_bf16,122.0
Status.EXECUTED,__module.model.language_model.layers.10.self_attn/aten::transpose/Transpose_3,,unknown_bf16,22.0
Status.NOT_RUN,__module.model.language_model.layers.10.self_attn/aten::reshape/Reshape_2,,unknown_bf16,0.0
Status.EXECUTED,__module.model.language_model.layers.10.self_attn.o_proj/aten::linear/MatMul,,brgemm_avx512_bf16,713.0
Status.EXECUTED,__module.model.language_model.layers.10.self_attn.o_proj/aten::linear/MatMul_bf16_f32___module.model.language_model.layers.10/aten::add/Add,,jit_uni_bf16,29.0
Status.EXECUTED,__module.model.language_model.layers.10/aten::add/Add,,jit_avx512_f32,36.0
Status.EXECUTED,__module.model.language_model.layers.10/aten::add/Add_f32_bf16___module.model.language_model.layers.10.post_attention_layernorm/aten::mul/Multiply_1,,jit_uni_f32,18.0
Status.EXECUTED,__module.model.language_model.layers.10.post_attention_layernorm/aten::mul/Multiply_1,,jit_avx512_bf16,11.0
Status.EXECUTED,__module.model.language_model.layers.10.mlp.gate_proj/aten::linear/MatMul,,brgemm_avx512_bf16,1836.0
Status.NOT_RUN,__module.model.language_model.layers.10.mlp.act_fn/aten::silu/Swish,,undef,0.0
Status.EXECUTED,__module.model.language_model.layers.10.mlp.up_proj/aten::linear/MatMul,,brgemm_avx512_bf16,1779.0
Status.EXECUTED,__module.model.language_model.layers.10.mlp/aten::mul/Multiply,,jit_avx512_bf16,64.0
Status.EXECUTED,__module.model.language_model.layers.10.mlp.down_proj/aten::linear/MatMul,,brgemm_avx512_bf16,2321.0
Status.EXECUTED,__module.model.language_model.layers.10.mlp.down_proj/aten::linear/MatMul_bf16_f32___module.model.language_model.layers.10/aten::add/Add_1,,jit_uni_bf16,26.0
Status.EXECUTED,__module.model.language_model.layers.10/aten::add/Add_1,,jit_avx512_f32,37.0
Status.EXECUTED,__module.model.language_model.layers.10/aten::add/Add_1_f32_bf16___module.model.language_model.layers.11.input_layernorm/aten::mul/Multiply_1,,jit_uni_f32,24.0
Status.EXECUTED,__module.model.language_model.layers.11.input_layernorm/aten::mul/Multiply_1,,jit_avx512_bf16,18.0
Status.EXECUTED,__module.model.language_model.layers.11.self_attn.q_proj/aten::linear/MatMul,,brgemm_avx512_bf16,621.0
Status.NOT_RUN,__module.model.language_model.layers.11.self_attn/aten::view/Reshape,,unknown_bf16,0.0
Status.EXECUTED,__module.model.language_model.layers.11.self_attn.q_norm/aten::mul/Multiply_1,,jit_avx512_bf16,20.0
Status.EXECUTED,__module.model.language_model.layers.11.self_attn/aten::add/Add,,ref_any_bf16,18.0
Status.EXECUTED,__module.model.language_model.layers.11.self_attn.k_proj/aten::linear/MatMul,,brgemm_avx512_bf16,198.0
Status.NOT_RUN,__module.model.language_model.layers.11.self_attn/aten::view/Reshape_1,,unknown_bf16,0.0
Status.EXECUTED,__module.model.language_model.layers.11.self_attn.k_norm/aten::mul/Multiply_1,,jit_avx512_bf16,7.0
Status.EXECUTED,__module.model.language_model.layers.11.self_attn/aten::add/Add_1,,ref_any_bf16,9.0
Status.EXECUTED,__module.model.language_model.layers.11.self_attn.v_proj/aten::linear/MatMul,,brgemm_avx512_bf16,202.0
Status.NOT_RUN,__module.model.language_model.layers.11.self_attn/aten::view/Reshape_2,,unknown_bf16,0.0
Status.EXECUTED,__module.model.language_model.layers.11.self_attn/aten::transpose/Transpose_2,,unknown_bf16,9.0
Status.EXECUTED,__module.model.language_model.layers.11.self_attn/aten::scaled_dot_product_attention/ScaledDotProductAttention,,undef_bf16,106.0
Status.EXECUTED,__module.model.language_model.layers.11.self_attn/aten::transpose/Transpose_3,,unknown_bf16,36.0
Status.NOT_RUN,__module.model.language_model.layers.11.self_attn/aten::reshape/Reshape_2,,unknown_bf16,0.0
Status.EXECUTED,__module.model.language_model.layers.11.self_attn.o_proj/aten::linear/MatMul,,brgemm_avx512_bf16,631.0
Status.EXECUTED,__module.model.language_model.layers.11.self_attn.o_proj/aten::linear/MatMul_bf16_f32___module.model.language_model.layers.11/aten::add/Add,,jit_uni_bf16,28.0
Status.EXECUTED,__module.model.language_model.layers.11/aten::add/Add,,jit_avx512_f32,35.0
Status.EXECUTED,__module.model.language_model.layers.11/aten::add/Add_f32_bf16___module.model.language_model.layers.11.post_attention_layernorm/aten::mul/Multiply_1,,jit_uni_f32,17.0
Status.EXECUTED,__module.model.language_model.layers.11.post_attention_layernorm/aten::mul/Multiply_1,,jit_avx512_bf16,11.0
Status.EXECUTED,__module.model.language_model.layers.11.mlp.gate_proj/aten::linear/MatMul,,brgemm_avx512_bf16,1798.0
Status.NOT_RUN,__module.model.language_model.layers.11.mlp.act_fn/aten::silu/Swish,,undef,0.0
Status.EXECUTED,__module.model.language_model.layers.11.mlp.up_proj/aten::linear/MatMul,,brgemm_avx512_bf16,1815.0
Status.EXECUTED,__module.model.language_model.layers.11.mlp/aten::mul/Multiply,,jit_avx512_bf16,56.0
Status.EXECUTED,__module.model.language_model.layers.11.mlp.down_proj/aten::linear/MatMul,,brgemm_avx512_bf16,1852.0
Status.EXECUTED,__module.model.language_model.layers.11.mlp.down_proj/aten::linear/MatMul_bf16_f32___module.model.language_model.layers.11/aten::add/Add_1,,jit_uni_bf16,24.0
Status.EXECUTED,__module.model.language_model.layers.11/aten::add/Add_1,,jit_avx512_f32,50.0
Status.EXECUTED,__module.model.language_model.layers.11/aten::add/Add_1_f32_bf16___module.model.language_model.layers.12.input_layernorm/aten::mul/Multiply_1,,jit_uni_f32,23.0
Status.EXECUTED,__module.model.language_model.layers.12.input_layernorm/aten::mul/Multiply_1,,jit_avx512_bf16,17.0
Status.EXECUTED,__module.model.language_model.layers.12.self_attn.q_proj/aten::linear/MatMul,,brgemm_avx512_bf16,631.0
Status.NOT_RUN,__module.model.language_model.layers.12.self_attn/aten::view/Reshape,,unknown_bf16,0.0
Status.EXECUTED,__module.model.language_model.layers.12.self_attn.q_norm/aten::mul/Multiply_1,,jit_avx512_bf16,20.0
Status.EXECUTED,__module.model.language_model.layers.12.self_attn/aten::add/Add,,ref_any_bf16,18.0
Status.EXECUTED,__module.model.language_model.layers.12.self_attn.k_proj/aten::linear/MatMul,,brgemm_avx512_bf16,208.0
Status.NOT_RUN,__module.model.language_model.layers.12.self_attn/aten::view/Reshape_1,,unknown_bf16,0.0
Status.EXECUTED,__module.model.language_model.layers.12.self_attn.k_norm/aten::mul/Multiply_1,,jit_avx512_bf16,8.0
Status.EXECUTED,__module.model.language_model.layers.12.self_attn/aten::add/Add_1,,ref_any_bf16,9.0
Status.EXECUTED,__module.model.language_model.layers.12.self_attn.v_proj/aten::linear/MatMul,,brgemm_avx512_bf16,216.0
Status.NOT_RUN,__module.model.language_model.layers.12.self_attn/aten::view/Reshape_2,,unknown_bf16,0.0
Status.EXECUTED,__module.model.language_model.layers.12.self_attn/aten::transpose/Transpose_2,,unknown_bf16,9.0
Status.EXECUTED,__module.model.language_model.layers.12.self_attn/aten::scaled_dot_product_attention/ScaledDotProductAttention,,undef_bf16,253.00000000000003
Status.EXECUTED,__module.model.language_model.layers.12.self_attn/aten::transpose/Transpose_3,,unknown_bf16,22.0
Status.NOT_RUN,__module.model.language_model.layers.12.self_attn/aten::reshape/Reshape_2,,unknown_bf16,0.0
Status.EXECUTED,__module.model.language_model.layers.12.self_attn.o_proj/aten::linear/MatMul,,brgemm_avx512_bf16,675.0
Status.EXECUTED,__module.model.language_model.layers.12.self_attn.o_proj/aten::linear/MatMul_bf16_f32___module.model.language_model.layers.12/aten::add/Add,,jit_uni_bf16,27.0
Status.EXECUTED,__module.model.language_model.layers.12/aten::add/Add,,jit_avx512_f32,40.0
Status.EXECUTED,__module.model.language_model.layers.12/aten::add/Add_f32_bf16___module.model.language_model.layers.12.post_attention_layernorm/aten::mul/Multiply_1,,jit_uni_f32,20.0
Status.EXECUTED,__module.model.language_model.layers.12.post_attention_layernorm/aten::mul/Multiply_1,,jit_avx512_bf16,15.0
Status.EXECUTED,__module.model.language_model.layers.12.mlp.gate_proj/aten::linear/MatMul,,brgemm_avx512_bf16,2153.0
Status.NOT_RUN,__module.model.language_model.layers.12.mlp.act_fn/aten::silu/Swish,,undef,0.0
Status.EXECUTED,__module.model.language_model.layers.12.mlp.up_proj/aten::linear/MatMul,,brgemm_avx512_bf16,1757.0
Status.EXECUTED,__module.model.language_model.layers.12.mlp/aten::mul/Multiply,,jit_avx512_bf16,58.0
Status.EXECUTED,__module.model.language_model.layers.12.mlp.down_proj/aten::linear/MatMul,,brgemm_avx512_bf16,1844.0
Status.EXECUTED,__module.model.language_model.layers.12.mlp.down_proj/aten::linear/MatMul_bf16_f32___module.model.language_model.layers.12/aten::add/Add_1,,jit_uni_bf16,23.0
Status.EXECUTED,__module.model.language_model.layers.12/aten::add/Add_1,,jit_avx512_f32,37.0
Status.EXECUTED,__module.model.language_model.layers.12/aten::add/Add_1_f32_bf16___module.model.language_model.layers.13.input_layernorm/aten::mul/Multiply_1,,jit_uni_f32,23.0
Status.EXECUTED,__module.model.language_model.layers.13.input_layernorm/aten::mul/Multiply_1,,jit_avx512_bf16,18.0
Status.EXECUTED,__module.model.language_model.layers.13.self_attn.q_proj/aten::linear/MatMul,,brgemm_avx512_bf16,684.0
Status.NOT_RUN,__module.model.language_model.layers.13.self_attn/aten::view/Reshape,,unknown_bf16,0.0
Status.EXECUTED,__module.model.language_model.layers.13.self_attn.q_norm/aten::mul/Multiply_1,,jit_avx512_bf16,19.0
Status.EXECUTED,__module.model.language_model.layers.13.self_attn/aten::add/Add,,ref_any_bf16,18.0
Status.EXECUTED,__module.model.language_model.layers.13.self_attn.k_proj/aten::linear/MatMul,,brgemm_avx512_bf16,201.0
Status.NOT_RUN,__module.model.language_model.layers.13.self_attn/aten::view/Reshape_1,,unknown_bf16,0.0
Status.EXECUTED,__module.model.language_model.layers.13.self_attn.k_norm/aten::mul/Multiply_1,,jit_avx512_bf16,8.0
Status.EXECUTED,__module.model.language_model.layers.13.self_attn/aten::add/Add_1,,ref_any_bf16,9.0
Status.EXECUTED,__module.model.language_model.layers.13.self_attn.v_proj/aten::linear/MatMul,,brgemm_avx512_bf16,203.0
Status.NOT_RUN,__module.model.language_model.layers.13.self_attn/aten::view/Reshape_2,,unknown_bf16,0.0
Status.EXECUTED,__module.model.language_model.layers.13.self_attn/aten::transpose/Transpose_2,,unknown_bf16,9.0
Status.EXECUTED,__module.model.language_model.layers.13.self_attn/aten::scaled_dot_product_attention/ScaledDotProductAttention,,undef_bf16,106.0
Status.EXECUTED,__module.model.language_model.layers.13.self_attn/aten::transpose/Transpose_3,,unknown_bf16,21.0
Status.NOT_RUN,__module.model.language_model.layers.13.self_attn/aten::reshape/Reshape_2,,unknown_bf16,0.0
Status.EXECUTED,__module.model.language_model.layers.13.self_attn.o_proj/aten::linear/MatMul,,brgemm_avx512_bf16,636.0
Status.EXECUTED,__module.model.language_model.layers.13.self_attn.o_proj/aten::linear/MatMul_bf16_f32___module.model.language_model.layers.13/aten::add/Add,,jit_uni_bf16,24.0
Status.EXECUTED,__module.model.language_model.layers.13/aten::add/Add,,jit_avx512_f32,35.0
Status.EXECUTED,__module.model.language_model.layers.13/aten::add/Add_f32_bf16___module.model.language_model.layers.13.post_attention_layernorm/aten::mul/Multiply_1,,jit_uni_f32,17.0
Status.EXECUTED,__module.model.language_model.layers.13.post_attention_layernorm/aten::mul/Multiply_1,,jit_avx512_bf16,11.0
Status.EXECUTED,__module.model.language_model.layers.13.mlp.gate_proj/aten::linear/MatMul,,brgemm_avx512_bf16,1798.0
Status.NOT_RUN,__module.model.language_model.layers.13.mlp.act_fn/aten::silu/Swish,,undef,0.0
Status.EXECUTED,__module.model.language_model.layers.13.mlp.up_proj/aten::linear/MatMul,,brgemm_avx512_bf16,2221.0
Status.EXECUTED,__module.model.language_model.layers.13.mlp/aten::mul/Multiply,,jit_avx512_bf16,59.0
Status.EXECUTED,__module.model.language_model.layers.13.mlp.down_proj/aten::linear/MatMul,,brgemm_avx512_bf16,1841.0
Status.EXECUTED,__module.model.language_model.layers.13.mlp.down_proj/aten::linear/MatMul_bf16_f32___module.model.language_model.layers.13/aten::add/Add_1,,jit_uni_bf16,24.0
Status.EXECUTED,__module.model.language_model.layers.13/aten::add/Add_1,,jit_avx512_f32,47.0
Status.EXECUTED,__module.model.language_model.layers.13/aten::add/Add_1_f32_bf16___module.model.language_model.layers.14.input_layernorm/aten::mul/Multiply_1,,jit_uni_f32,24.0
Status.EXECUTED,__module.model.language_model.layers.14.input_layernorm/aten::mul/Multiply_1,,jit_avx512_bf16,19.0
Status.EXECUTED,__module.model.language_model.layers.14.self_attn.q_proj/aten::linear/MatMul,,brgemm_avx512_bf16,622.0
Status.NOT_RUN,__module.model.language_model.layers.14.self_attn/aten::view/Reshape,,unknown_bf16,0.0
Status.EXECUTED,__module.model.language_model.layers.14.self_attn.q_norm/aten::mul/Multiply_1,,jit_avx512_bf16,19.0
Status.EXECUTED,__module.model.language_model.layers.14.self_attn/aten::add/Add,,ref_any_bf16,18.0
Status.EXECUTED,__module.model.language_model.layers.14.self_attn.k_proj/aten::linear/MatMul,,brgemm_avx512_bf16,200.0
Status.NOT_RUN,__module.model.language_model.layers.14.self_attn/aten::view/Reshape_1,,unknown_bf16,0.0
Status.EXECUTED,__module.model.language_model.layers.14.self_attn.k_norm/aten::mul/Multiply_1,,jit_avx512_bf16,8.0
Status.EXECUTED,__module.model.language_model.layers.14.self_attn/aten::add/Add_1,,ref_any_bf16,9.0
Status.EXECUTED,__module.model.language_model.layers.14.self_attn.v_proj/aten::linear/MatMul,,brgemm_avx512_bf16,196.0
Status.NOT_RUN,__module.model.language_model.layers.14.self_attn/aten::view/Reshape_2,,unknown_bf16,0.0
Status.EXECUTED,__module.model.language_model.layers.14.self_attn/aten::transpose/Transpose_2,,unknown_bf16,9.0
Status.EXECUTED,__module.model.language_model.layers.14.self_attn/aten::scaled_dot_product_attention/ScaledDotProductAttention,,undef_bf16,126.0
Status.EXECUTED,__module.model.language_model.layers.14.self_attn/aten::transpose/Transpose_3,,unknown_bf16,21.0
Status.NOT_RUN,__module.model.language_model.layers.14.self_attn/aten::reshape/Reshape_2,,unknown_bf16,0.0
Status.EXECUTED,__module.model.language_model.layers.14.self_attn.o_proj/aten::linear/MatMul,,brgemm_avx512_bf16,619.0
Status.EXECUTED,__module.model.language_model.layers.14.self_attn.o_proj/aten::linear/MatMul_bf16_f32___module.model.language_model.layers.14/aten::add/Add,,jit_uni_bf16,26.0
Status.EXECUTED,__module.model.language_model.layers.14/aten::add/Add,,jit_avx512_f32,36.0
Status.EXECUTED,__module.model.language_model.layers.14/aten::add/Add_f32_bf16___module.model.language_model.layers.14.post_attention_layernorm/aten::mul/Multiply_1,,jit_uni_f32,17.0
Status.EXECUTED,__module.model.language_model.layers.14.post_attention_layernorm/aten::mul/Multiply_1,,jit_avx512_bf16,11.0
Status.EXECUTED,__module.model.language_model.layers.14.mlp.gate_proj/aten::linear/MatMul,,brgemm_avx512_bf16,1790.0
Status.NOT_RUN,__module.model.language_model.layers.14.mlp.act_fn/aten::silu/Swish,,undef,0.0
Status.EXECUTED,__module.model.language_model.layers.14.mlp.up_proj/aten::linear/MatMul,,brgemm_avx512_bf16,1806.0
Status.EXECUTED,__module.model.language_model.layers.14.mlp/aten::mul/Multiply,,jit_avx512_bf16,56.0
Status.EXECUTED,__module.model.language_model.layers.14.mlp.down_proj/aten::linear/MatMul,,brgemm_avx512_bf16,1853.0
Status.EXECUTED,__module.model.language_model.layers.14.mlp.down_proj/aten::linear/MatMul_bf16_f32___module.model.language_model.layers.14/aten::add/Add_1,,jit_uni_bf16,24.0
Status.EXECUTED,__module.model.language_model.layers.14/aten::add/Add_1,,jit_avx512_f32,36.0
Status.EXECUTED,__module.model.language_model.layers.14/aten::add/Add_1_f32_bf16___module.model.language_model.layers.15.input_layernorm/aten::mul/Multiply_1,,jit_uni_f32,24.0
Status.EXECUTED,__module.model.language_model.layers.15.input_layernorm/aten::mul/Multiply_1,,jit_avx512_bf16,18.0
Status.EXECUTED,__module.model.language_model.layers.15.self_attn.q_proj/aten::linear/MatMul,,brgemm_avx512_bf16,718.0
Status.NOT_RUN,__module.model.language_model.layers.15.self_attn/aten::view/Reshape,,unknown_bf16,0.0
Status.EXECUTED,__module.model.language_model.layers.15.self_attn.q_norm/aten::mul/Multiply_1,,jit_avx512_bf16,20.0
Status.EXECUTED,__module.model.language_model.layers.15.self_attn/aten::add/Add,,ref_any_bf16,20.0
Status.EXECUTED,__module.model.language_model.layers.15.self_attn.k_proj/aten::linear/MatMul,,brgemm_avx512_bf16,216.0
Status.NOT_RUN,__module.model.language_model.layers.15.self_attn/aten::view/Reshape_1,,unknown_bf16,0.0
Status.EXECUTED,__module.model.language_model.layers.15.self_attn.k_norm/aten::mul/Multiply_1,,jit_avx512_bf16,8.0
Status.EXECUTED,__module.model.language_model.layers.15.self_attn/aten::add/Add_1,,ref_any_bf16,9.0
Status.EXECUTED,__module.model.language_model.layers.15.self_attn.v_proj/aten::linear/MatMul,,brgemm_avx512_bf16,206.0
Status.NOT_RUN,__module.model.language_model.layers.15.self_attn/aten::view/Reshape_2,,unknown_bf16,0.0
Status.EXECUTED,__module.model.language_model.layers.15.self_attn/aten::transpose/Transpose_2,,unknown_bf16,9.0
Status.EXECUTED,__module.model.language_model.layers.15.self_attn/aten::scaled_dot_product_attention/ScaledDotProductAttention,,undef_bf16,108.0
Status.EXECUTED,__module.model.language_model.layers.15.self_attn/aten::transpose/Transpose_3,,unknown_bf16,21.0
Status.NOT_RUN,__module.model.language_model.layers.15.self_attn/aten::reshape/Reshape_2,,unknown_bf16,0.0
Status.EXECUTED,__module.model.language_model.layers.15.self_attn.o_proj/aten::linear/MatMul,,brgemm_avx512_bf16,675.0
Status.EXECUTED,__module.model.language_model.layers.15.self_attn.o_proj/aten::linear/MatMul_bf16_f32___module.model.language_model.layers.15/aten::add/Add,,jit_uni_bf16,25.0
Status.EXECUTED,__module.model.language_model.layers.15/aten::add/Add,,jit_avx512_f32,36.0
Status.EXECUTED,__module.model.language_model.layers.15/aten::add/Add_f32_bf16___module.model.language_model.layers.15.post_attention_layernorm/aten::mul/Multiply_1,,jit_uni_f32,19.0
Status.EXECUTED,__module.model.language_model.layers.15.post_attention_layernorm/aten::mul/Multiply_1,,jit_avx512_bf16,11.0
Status.EXECUTED,__module.model.language_model.layers.15.mlp.gate_proj/aten::linear/MatMul,,brgemm_avx512_bf16,1916.0
Status.NOT_RUN,__module.model.language_model.layers.15.mlp.act_fn/aten::silu/Swish,,undef,0.0
Status.EXECUTED,__module.model.language_model.layers.15.mlp.up_proj/aten::linear/MatMul,,brgemm_avx512_bf16,1797.0
Status.EXECUTED,__module.model.language_model.layers.15.mlp/aten::mul/Multiply,,jit_avx512_bf16,59.0
Status.EXECUTED,__module.model.language_model.layers.15.mlp.down_proj/aten::linear/MatMul,,brgemm_avx512_bf16,1849.0
Status.EXECUTED,__module.model.language_model.layers.15.mlp.down_proj/aten::linear/MatMul_bf16_f32___module.model.language_model.layers.15/aten::add/Add_1,,jit_uni_bf16,24.0
Status.EXECUTED,__module.model.language_model.layers.15/aten::add/Add_1,,jit_avx512_f32,48.0
Status.EXECUTED,__module.model.language_model.layers.15/aten::add/Add_1_f32_bf16___module.model.language_model.layers.16.input_layernorm/aten::mul/Multiply_1,,jit_uni_f32,23.0
Status.EXECUTED,__module.model.language_model.layers.16.input_layernorm/aten::mul/Multiply_1,,jit_avx512_bf16,19.0
Status.EXECUTED,__module.model.language_model.layers.16.self_attn.q_proj/aten::linear/MatMul,,brgemm_avx512_bf16,968.0
Status.NOT_RUN,__module.model.language_model.layers.16.self_attn/aten::view/Reshape,,unknown_bf16,0.0
Status.EXECUTED,__module.model.language_model.layers.16.self_attn.q_norm/aten::mul/Multiply_1,,jit_avx512_bf16,21.0
Status.EXECUTED,__module.model.language_model.layers.16.self_attn/aten::add/Add,,ref_any_bf16,18.0
Status.EXECUTED,__module.model.language_model.layers.16.self_attn.k_proj/aten::linear/MatMul,,brgemm_avx512_bf16,200.0
Status.NOT_RUN,__module.model.language_model.layers.16.self_attn/aten::view/Reshape_1,,unknown_bf16,0.0
Status.EXECUTED,__module.model.language_model.layers.16.self_attn.k_norm/aten::mul/Multiply_1,,jit_avx512_bf16,8.0
Status.EXECUTED,__module.model.language_model.layers.16.self_attn/aten::add/Add_1,,ref_any_bf16,9.0
Status.EXECUTED,__module.model.language_model.layers.16.self_attn.v_proj/aten::linear/MatMul,,brgemm_avx512_bf16,203.0
Status.NOT_RUN,__module.model.language_model.layers.16.self_attn/aten::view/Reshape_2,,unknown_bf16,0.0
Status.EXECUTED,__module.model.language_model.layers.16.self_attn/aten::transpose/Transpose_2,,unknown_bf16,9.0
Status.EXECUTED,__module.model.language_model.layers.16.self_attn/aten::scaled_dot_product_attention/ScaledDotProductAttention,,undef_bf16,110.0
Status.EXECUTED,__module.model.language_model.layers.16.self_attn/aten::transpose/Transpose_3,,unknown_bf16,21.0
Status.NOT_RUN,__module.model.language_model.layers.16.self_attn/aten::reshape/Reshape_2,,unknown_bf16,0.0
Status.EXECUTED,__module.model.language_model.layers.16.self_attn.o_proj/aten::linear/MatMul,,brgemm_avx512_bf16,632.0
Status.EXECUTED,__module.model.language_model.layers.16.self_attn.o_proj/aten::linear/MatMul_bf16_f32___module.model.language_model.layers.16/aten::add/Add,,jit_uni_bf16,25.0
Status.EXECUTED,__module.model.language_model.layers.16/aten::add/Add,,jit_avx512_f32,35.0
Status.EXECUTED,__module.model.language_model.layers.16/aten::add/Add_f32_bf16___module.model.language_model.layers.16.post_attention_layernorm/aten::mul/Multiply_1,,jit_uni_f32,17.0
Status.EXECUTED,__module.model.language_model.layers.16.post_attention_layernorm/aten::mul/Multiply_1,,jit_avx512_bf16,11.0
Status.EXECUTED,__module.model.language_model.layers.16.mlp.gate_proj/aten::linear/MatMul,,brgemm_avx512_bf16,1876.0
Status.NOT_RUN,__module.model.language_model.layers.16.mlp.act_fn/aten::silu/Swish,,undef,0.0
Status.EXECUTED,__module.model.language_model.layers.16.mlp.up_proj/aten::linear/MatMul,,brgemm_avx512_bf16,1800.0
Status.EXECUTED,__module.model.language_model.layers.16.mlp/aten::mul/Multiply,,jit_avx512_bf16,62.0
Status.EXECUTED,__module.model.language_model.layers.16.mlp.down_proj/aten::linear/MatMul,,brgemm_avx512_bf16,1846.0
Status.EXECUTED,__module.model.language_model.layers.16.mlp.down_proj/aten::linear/MatMul_bf16_f32___module.model.language_model.layers.16/aten::add/Add_1,,jit_uni_bf16,23.0
Status.EXECUTED,__module.model.language_model.layers.16/aten::add/Add_1,,jit_avx512_f32,36.0
Status.EXECUTED,__module.model.language_model.layers.16/aten::add/Add_1_f32_bf16___module.model.language_model.layers.17.input_layernorm/aten::mul/Multiply_1,,jit_uni_f32,23.0
Status.EXECUTED,__module.model.language_model.layers.17.input_layernorm/aten::mul/Multiply_1,,jit_avx512_bf16,18.0
Status.EXECUTED,__module.model.language_model.layers.17.self_attn.q_proj/aten::linear/MatMul,,brgemm_avx512_bf16,611.0
Status.NOT_RUN,__module.model.language_model.layers.17.self_attn/aten::view/Reshape,,unknown_bf16,0.0
Status.EXECUTED,__module.model.language_model.layers.17.self_attn.q_norm/aten::mul/Multiply_1,,jit_avx512_bf16,19.0
Status.EXECUTED,__module.model.language_model.layers.17.self_attn/aten::add/Add,,ref_any_bf16,18.0
Status.EXECUTED,__module.model.language_model.layers.17.self_attn.k_proj/aten::linear/MatMul,,brgemm_avx512_bf16,197.0
Status.NOT_RUN,__module.model.language_model.layers.17.self_attn/aten::view/Reshape_1,,unknown_bf16,0.0
Status.EXECUTED,__module.model.language_model.layers.17.self_attn.k_norm/aten::mul/Multiply_1,,jit_avx512_bf16,8.0
Status.EXECUTED,__module.model.language_model.layers.17.self_attn/aten::add/Add_1,,ref_any_bf16,10.0
Status.EXECUTED,__module.model.language_model.layers.17.self_attn.v_proj/aten::linear/MatMul,,brgemm_avx512_bf16,206.0
Status.NOT_RUN,__module.model.language_model.layers.17.self_attn/aten::view/Reshape_2,,unknown_bf16,0.0
Status.EXECUTED,__module.model.language_model.layers.17.self_attn/aten::transpose/Transpose_2,,unknown_bf16,9.0
Status.EXECUTED,__module.model.language_model.layers.17.self_attn/aten::scaled_dot_product_attention/ScaledDotProductAttention,,undef_bf16,108.0
Status.EXECUTED,__module.model.language_model.layers.17.self_attn/aten::transpose/Transpose_3,,unknown_bf16,22.0
Status.NOT_RUN,__module.model.language_model.layers.17.self_attn/aten::reshape/Reshape_2,,unknown_bf16,0.0
Status.EXECUTED,__module.model.language_model.layers.17.self_attn.o_proj/aten::linear/MatMul,,brgemm_avx512_bf16,705.0
Status.EXECUTED,__module.model.language_model.layers.17.self_attn.o_proj/aten::linear/MatMul_bf16_f32___module.model.language_model.layers.17/aten::add/Add,,jit_uni_bf16,27.0
Status.EXECUTED,__module.model.language_model.layers.17/aten::add/Add,,jit_avx512_f32,35.0
Status.EXECUTED,__module.model.language_model.layers.17/aten::add/Add_f32_bf16___module.model.language_model.layers.17.post_attention_layernorm/aten::mul/Multiply_1,,jit_uni_f32,18.0
Status.EXECUTED,__module.model.language_model.layers.17.post_attention_layernorm/aten::mul/Multiply_1,,jit_avx512_bf16,11.0
Status.EXECUTED,__module.model.language_model.layers.17.mlp.gate_proj/aten::linear/MatMul,,brgemm_avx512_bf16,1796.0
Status.NOT_RUN,__module.model.language_model.layers.17.mlp.act_fn/aten::silu/Swish,,undef,0.0
Status.EXECUTED,__module.model.language_model.layers.17.mlp.up_proj/aten::linear/MatMul,,brgemm_avx512_bf16,1864.0
Status.EXECUTED,__module.model.language_model.layers.17.mlp/aten::mul/Multiply,,jit_avx512_bf16,60.0
Status.EXECUTED,__module.model.language_model.layers.17.mlp.down_proj/aten::linear/MatMul,,brgemm_avx512_bf16,2242.0
Status.EXECUTED,__module.model.language_model.layers.17.mlp.down_proj/aten::linear/MatMul_bf16_f32___module.model.language_model.layers.17/aten::add/Add_1,,jit_uni_bf16,26.0
Status.EXECUTED,__module.model.language_model.layers.17/aten::add/Add_1,,jit_avx512_f32,48.0
Status.EXECUTED,__module.model.language_model.layers.17/aten::add/Add_1_f32_bf16___module.model.language_model.layers.18.input_layernorm/aten::mul/Multiply_1,,jit_uni_f32,23.0
Status.EXECUTED,__module.model.language_model.layers.18.input_layernorm/aten::mul/Multiply_1,,jit_avx512_bf16,19.0
Status.EXECUTED,__module.model.language_model.layers.18.self_attn.q_proj/aten::linear/MatMul,,brgemm_avx512_bf16,614.0
Status.NOT_RUN,__module.model.language_model.layers.18.self_attn/aten::view/Reshape,,unknown_bf16,0.0
Status.EXECUTED,__module.model.language_model.layers.18.self_attn.q_norm/aten::mul/Multiply_1,,jit_avx512_bf16,22.0
Status.EXECUTED,__module.model.language_model.layers.18.self_attn/aten::add/Add,,ref_any_bf16,18.0
Status.EXECUTED,__module.model.language_model.layers.18.self_attn.k_proj/aten::linear/MatMul,,brgemm_avx512_bf16,199.0
Status.NOT_RUN,__module.model.language_model.layers.18.self_attn/aten::view/Reshape_1,,unknown_bf16,0.0
Status.EXECUTED,__module.model.language_model.layers.18.self_attn.k_norm/aten::mul/Multiply_1,,jit_avx512_bf16,8.0
Status.EXECUTED,__module.model.language_model.layers.18.self_attn/aten::add/Add_1,,ref_any_bf16,10.0
Status.EXECUTED,__module.model.language_model.layers.18.self_attn.v_proj/aten::linear/MatMul,,brgemm_avx512_bf16,205.0
Status.NOT_RUN,__module.model.language_model.layers.18.self_attn/aten::view/Reshape_2,,unknown_bf16,0.0
Status.EXECUTED,__module.model.language_model.layers.18.self_attn/aten::transpose/Transpose_2,,unknown_bf16,10.0
Status.EXECUTED,__module.model.language_model.layers.18.self_attn/aten::scaled_dot_product_attention/ScaledDotProductAttention,,undef_bf16,109.0
Status.EXECUTED,__module.model.language_model.layers.18.self_attn/aten::transpose/Transpose_3,,unknown_bf16,22.0
Status.NOT_RUN,__module.model.language_model.layers.18.self_attn/aten::reshape/Reshape_2,,unknown_bf16,0.0
Status.EXECUTED,__module.model.language_model.layers.18.self_attn.o_proj/aten::linear/MatMul,,brgemm_avx512_bf16,1096.0
Status.EXECUTED,__module.model.language_model.layers.18.self_attn.o_proj/aten::linear/MatMul_bf16_f32___module.model.language_model.layers.18/aten::add/Add,,jit_uni_bf16,28.0
Status.EXECUTED,__module.model.language_model.layers.18/aten::add/Add,,jit_avx512_f32,36.0
Status.EXECUTED,__module.model.language_model.layers.18/aten::add/Add_f32_bf16___module.model.language_model.layers.18.post_attention_layernorm/aten::mul/Multiply_1,,jit_uni_f32,18.0
Status.EXECUTED,__module.model.language_model.layers.18.post_attention_layernorm/aten::mul/Multiply_1,,jit_avx512_bf16,11.0
Status.EXECUTED,__module.model.language_model.layers.18.mlp.gate_proj/aten::linear/MatMul,,brgemm_avx512_bf16,1832.0
Status.NOT_RUN,__module.model.language_model.layers.18.mlp.act_fn/aten::silu/Swish,,undef,0.0
Status.EXECUTED,__module.model.language_model.layers.18.mlp.up_proj/aten::linear/MatMul,,brgemm_avx512_bf16,2217.0
Status.EXECUTED,__module.model.language_model.layers.18.mlp/aten::mul/Multiply,,jit_avx512_bf16,61.0
Status.EXECUTED,__module.model.language_model.layers.18.mlp.down_proj/aten::linear/MatMul,,brgemm_avx512_bf16,2328.0
Status.EXECUTED,__module.model.language_model.layers.18.mlp.down_proj/aten::linear/MatMul_bf16_f32___module.model.language_model.layers.18/aten::add/Add_1,,jit_uni_bf16,25.0
Status.EXECUTED,__module.model.language_model.layers.18/aten::add/Add_1,,jit_avx512_f32,40.0
Status.EXECUTED,__module.model.language_model.layers.18/aten::add/Add_1_f32_bf16___module.model.language_model.layers.19.input_layernorm/aten::mul/Multiply_1,,jit_uni_f32,31.0
Status.EXECUTED,__module.model.language_model.layers.19.input_layernorm/aten::mul/Multiply_1,,jit_avx512_bf16,19.0
Status.EXECUTED,__module.model.language_model.layers.19.self_attn.q_proj/aten::linear/MatMul,,brgemm_avx512_bf16,625.0
Status.NOT_RUN,__module.model.language_model.layers.19.self_attn/aten::view/Reshape,,unknown_bf16,0.0
Status.EXECUTED,__module.model.language_model.layers.19.self_attn.q_norm/aten::mul/Multiply_1,,jit_avx512_bf16,18.0
Status.EXECUTED,__module.model.language_model.layers.19.self_attn/aten::add/Add,,ref_any_bf16,18.0
Status.EXECUTED,__module.model.language_model.layers.19.self_attn.k_proj/aten::linear/MatMul,,brgemm_avx512_bf16,195.0
Status.NOT_RUN,__module.model.language_model.layers.19.self_attn/aten::view/Reshape_1,,unknown_bf16,0.0
Status.EXECUTED,__module.model.language_model.layers.19.self_attn.k_norm/aten::mul/Multiply_1,,jit_avx512_bf16,7.0
Status.EXECUTED,__module.model.language_model.layers.19.self_attn/aten::add/Add_1,,ref_any_bf16,10.0
Status.EXECUTED,__module.model.language_model.layers.19.self_attn.v_proj/aten::linear/MatMul,,brgemm_avx512_bf16,214.0
Status.NOT_RUN,__module.model.language_model.layers.19.self_attn/aten::view/Reshape_2,,unknown_bf16,0.0
Status.EXECUTED,__module.model.language_model.layers.19.self_attn/aten::transpose/Transpose_2,,unknown_bf16,10.0
Status.EXECUTED,__module.model.language_model.layers.19.self_attn/aten::scaled_dot_product_attention/ScaledDotProductAttention,,undef_bf16,127.0
Status.EXECUTED,__module.model.language_model.layers.19.self_attn/aten::transpose/Transpose_3,,unknown_bf16,24.0
Status.NOT_RUN,__module.model.language_model.layers.19.self_attn/aten::reshape/Reshape_2,,unknown_bf16,0.0
Status.EXECUTED,__module.model.language_model.layers.19.self_attn.o_proj/aten::linear/MatMul,,brgemm_avx512_bf16,858.0
Status.EXECUTED,__module.model.language_model.layers.19.self_attn.o_proj/aten::linear/MatMul_bf16_f32___module.model.language_model.layers.19/aten::add/Add,,jit_uni_bf16,25.0
Status.EXECUTED,__module.model.language_model.layers.19/aten::add/Add,,jit_avx512_f32,35.0
Status.EXECUTED,__module.model.language_model.layers.19/aten::add/Add_f32_bf16___module.model.language_model.layers.19.post_attention_layernorm/aten::mul/Multiply_1,,jit_uni_f32,17.0
Status.EXECUTED,__module.model.language_model.layers.19.post_attention_layernorm/aten::mul/Multiply_1,,jit_avx512_bf16,11.0
Status.EXECUTED,__module.model.language_model.layers.19.mlp.gate_proj/aten::linear/MatMul,,brgemm_avx512_bf16,1930.0
Status.NOT_RUN,__module.model.language_model.layers.19.mlp.act_fn/aten::silu/Swish,,undef,0.0
Status.EXECUTED,__module.model.language_model.layers.19.mlp.up_proj/aten::linear/MatMul,,brgemm_avx512_bf16,1940.0
Status.EXECUTED,__module.model.language_model.layers.19.mlp/aten::mul/Multiply,,jit_avx512_bf16,59.0
Status.EXECUTED,__module.model.language_model.layers.19.mlp.down_proj/aten::linear/MatMul,,brgemm_avx512_bf16,2435.0
Status.EXECUTED,__module.model.language_model.layers.19.mlp.down_proj/aten::linear/MatMul_bf16_f32___module.model.language_model.layers.19/aten::add/Add_1,,jit_uni_bf16,28.0
Status.EXECUTED,__module.model.language_model.layers.19/aten::add/Add_1,,jit_avx512_f32,49.0
Status.EXECUTED,__module.model.language_model.layers.19/aten::add/Add_1_f32_bf16___module.model.language_model.layers.20.input_layernorm/aten::mul/Multiply_1,,jit_uni_f32,24.0
Status.EXECUTED,__module.model.language_model.layers.20.input_layernorm/aten::mul/Multiply_1,,jit_avx512_bf16,19.0
Status.EXECUTED,__module.model.language_model.layers.20.self_attn.q_proj/aten::linear/MatMul,,brgemm_avx512_bf16,619.0
Status.NOT_RUN,__module.model.language_model.layers.20.self_attn/aten::view/Reshape,,unknown_bf16,0.0
Status.EXECUTED,__module.model.language_model.layers.20.self_attn.q_norm/aten::mul/Multiply_1,,jit_avx512_bf16,20.0
Status.EXECUTED,__module.model.language_model.layers.20.self_attn/aten::add/Add,,ref_any_bf16,20.0
Status.EXECUTED,__module.model.language_model.layers.20.self_attn.k_proj/aten::linear/MatMul,,brgemm_avx512_bf16,217.0
Status.NOT_RUN,__module.model.language_model.layers.20.self_attn/aten::view/Reshape_1,,unknown_bf16,0.0
Status.EXECUTED,__module.model.language_model.layers.20.self_attn.k_norm/aten::mul/Multiply_1,,jit_avx512_bf16,7.0
Status.EXECUTED,__module.model.language_model.layers.20.self_attn/aten::add/Add_1,,ref_any_bf16,10.0
Status.EXECUTED,__module.model.language_model.layers.20.self_attn.v_proj/aten::linear/MatMul,,brgemm_avx512_bf16,212.0
Status.NOT_RUN,__module.model.language_model.layers.20.self_attn/aten::view/Reshape_2,,unknown_bf16,0.0
Status.EXECUTED,__module.model.language_model.layers.20.self_attn/aten::transpose/Transpose_2,,unknown_bf16,10.0
Status.EXECUTED,__module.model.language_model.layers.20.self_attn/aten::scaled_dot_product_attention/ScaledDotProductAttention,,undef_bf16,116.0
Status.EXECUTED,__module.model.language_model.layers.20.self_attn/aten::transpose/Transpose_3,,unknown_bf16,22.0
Status.NOT_RUN,__module.model.language_model.layers.20.self_attn/aten::reshape/Reshape_2,,unknown_bf16,0.0
Status.EXECUTED,__module.model.language_model.layers.20.self_attn.o_proj/aten::linear/MatMul,,brgemm_avx512_bf16,645.0
Status.EXECUTED,__module.model.language_model.layers.20.self_attn.o_proj/aten::linear/MatMul_bf16_f32___module.model.language_model.layers.20/aten::add/Add,,jit_uni_bf16,27.0
Status.EXECUTED,__module.model.language_model.layers.20/aten::add/Add,,jit_avx512_f32,36.0
Status.EXECUTED,__module.model.language_model.layers.20/aten::add/Add_f32_bf16___module.model.language_model.layers.20.post_attention_layernorm/aten::mul/Multiply_1,,jit_uni_f32,17.0
Status.EXECUTED,__module.model.language_model.layers.20.post_attention_layernorm/aten::mul/Multiply_1,,jit_avx512_bf16,11.0
Status.EXECUTED,__module.model.language_model.layers.20.mlp.gate_proj/aten::linear/MatMul,,brgemm_avx512_bf16,2362.0
Status.NOT_RUN,__module.model.language_model.layers.20.mlp.act_fn/aten::silu/Swish,,undef,0.0
Status.EXECUTED,__module.model.language_model.layers.20.mlp.up_proj/aten::linear/MatMul,,brgemm_avx512_bf16,2353.0
Status.EXECUTED,__module.model.language_model.layers.20.mlp/aten::mul/Multiply,,jit_avx512_bf16,60.0
Status.EXECUTED,__module.model.language_model.layers.20.mlp.down_proj/aten::linear/MatMul,,brgemm_avx512_bf16,1902.0
Status.EXECUTED,__module.model.language_model.layers.20.mlp.down_proj/aten::linear/MatMul_bf16_f32___module.model.language_model.layers.20/aten::add/Add_1,,jit_uni_bf16,24.0
Status.EXECUTED,__module.model.language_model.layers.20/aten::add/Add_1,,jit_avx512_f32,37.0
Status.EXECUTED,__module.model.language_model.layers.20/aten::add/Add_1_f32_bf16___module.model.language_model.layers.21.input_layernorm/aten::mul/Multiply_1,,jit_uni_f32,24.0
Status.EXECUTED,__module.model.language_model.layers.21.input_layernorm/aten::mul/Multiply_1,,jit_avx512_bf16,19.0
Status.EXECUTED,__module.model.language_model.layers.21.self_attn.q_proj/aten::linear/MatMul,,brgemm_avx512_bf16,616.0
Status.NOT_RUN,__module.model.language_model.layers.21.self_attn/aten::view/Reshape,,unknown_bf16,0.0
Status.EXECUTED,__module.model.language_model.layers.21.self_attn.q_norm/aten::mul/Multiply_1,,jit_avx512_bf16,20.0
Status.EXECUTED,__module.model.language_model.layers.21.self_attn/aten::add/Add,,ref_any_bf16,19.0
Status.EXECUTED,__module.model.language_model.layers.21.self_attn.k_proj/aten::linear/MatMul,,brgemm_avx512_bf16,191.0
Status.NOT_RUN,__module.model.language_model.layers.21.self_attn/aten::view/Reshape_1,,unknown_bf16,0.0
Status.EXECUTED,__module.model.language_model.layers.21.self_attn.k_norm/aten::mul/Multiply_1,,jit_avx512_bf16,7.0
Status.EXECUTED,__module.model.language_model.layers.21.self_attn/aten::add/Add_1,,ref_any_bf16,9.0
Status.EXECUTED,__module.model.language_model.layers.21.self_attn.v_proj/aten::linear/MatMul,,brgemm_avx512_bf16,192.0
Status.NOT_RUN,__module.model.language_model.layers.21.self_attn/aten::view/Reshape_2,,unknown_bf16,0.0
Status.EXECUTED,__module.model.language_model.layers.21.self_attn/aten::transpose/Transpose_2,,unknown_bf16,9.0
Status.EXECUTED,__module.model.language_model.layers.21.self_attn/aten::scaled_dot_product_attention/ScaledDotProductAttention,,undef_bf16,117.0
Status.EXECUTED,__module.model.language_model.layers.21.self_attn/aten::transpose/Transpose_3,,unknown_bf16,23.0
Status.NOT_RUN,__module.model.language_model.layers.21.self_attn/aten::reshape/Reshape_2,,unknown_bf16,0.0
Status.EXECUTED,__module.model.language_model.layers.21.self_attn.o_proj/aten::linear/MatMul,,brgemm_avx512_bf16,640.0
Status.EXECUTED,__module.model.language_model.layers.21.self_attn.o_proj/aten::linear/MatMul_bf16_f32___module.model.language_model.layers.21/aten::add/Add,,jit_uni_bf16,28.0
Status.EXECUTED,__module.model.language_model.layers.21/aten::add/Add,,jit_avx512_f32,35.0
Status.EXECUTED,__module.model.language_model.layers.21/aten::add/Add_f32_bf16___module.model.language_model.layers.21.post_attention_layernorm/aten::mul/Multiply_1,,jit_uni_f32,17.0
Status.EXECUTED,__module.model.language_model.layers.21.post_attention_layernorm/aten::mul/Multiply_1,,jit_avx512_bf16,11.0
Status.EXECUTED,__module.model.language_model.layers.21.mlp.gate_proj/aten::linear/MatMul,,brgemm_avx512_bf16,1831.0
Status.NOT_RUN,__module.model.language_model.layers.21.mlp.act_fn/aten::silu/Swish,,undef,0.0
Status.EXECUTED,__module.model.language_model.layers.21.mlp.up_proj/aten::linear/MatMul,,brgemm_avx512_bf16,1797.0
Status.EXECUTED,__module.model.language_model.layers.21.mlp/aten::mul/Multiply,,jit_avx512_bf16,62.0
Status.EXECUTED,__module.model.language_model.layers.21.mlp.down_proj/aten::linear/MatMul,,brgemm_avx512_bf16,2127.0
Status.EXECUTED,__module.model.language_model.layers.21.mlp.down_proj/aten::linear/MatMul_bf16_f32___module.model.language_model.layers.21/aten::add/Add_1,,jit_uni_bf16,24.0
Status.EXECUTED,__module.model.language_model.layers.21/aten::add/Add_1,,jit_avx512_f32,49.0
Status.EXECUTED,__module.model.language_model.layers.21/aten::add/Add_1_f32_bf16___module.model.language_model.layers.22.input_layernorm/aten::mul/Multiply_1,,jit_uni_f32,24.0
Status.EXECUTED,__module.model.language_model.layers.22.input_layernorm/aten::mul/Multiply_1,,jit_avx512_bf16,20.0
Status.EXECUTED,__module.model.language_model.layers.22.self_attn.q_proj/aten::linear/MatMul,,brgemm_avx512_bf16,622.0
Status.NOT_RUN,__module.model.language_model.layers.22.self_attn/aten::view/Reshape,,unknown_bf16,0.0
Status.EXECUTED,__module.model.language_model.layers.22.self_attn.q_norm/aten::mul/Multiply_1,,jit_avx512_bf16,18.0
Status.EXECUTED,__module.model.language_model.layers.22.self_attn/aten::add/Add,,ref_any_bf16,19.0
Status.EXECUTED,__module.model.language_model.layers.22.self_attn.k_proj/aten::linear/MatMul,,brgemm_avx512_bf16,191.0
Status.NOT_RUN,__module.model.language_model.layers.22.self_attn/aten::view/Reshape_1,,unknown_bf16,0.0
Status.EXECUTED,__module.model.language_model.layers.22.self_attn.k_norm/aten::mul/Multiply_1,,jit_avx512_bf16,7.0
Status.EXECUTED,__module.model.language_model.layers.22.self_attn/aten::add/Add_1,,ref_any_bf16,10.0
Status.EXECUTED,__module.model.language_model.layers.22.self_attn.v_proj/aten::linear/MatMul,,brgemm_avx512_bf16,220.0
Status.NOT_RUN,__module.model.language_model.layers.22.self_attn/aten::view/Reshape_2,,unknown_bf16,0.0
Status.EXECUTED,__module.model.language_model.layers.22.self_attn/aten::transpose/Transpose_2,,unknown_bf16,10.0
Status.EXECUTED,__module.model.language_model.layers.22.self_attn/aten::scaled_dot_product_attention/ScaledDotProductAttention,,undef_bf16,110.0
Status.EXECUTED,__module.model.language_model.layers.22.self_attn/aten::transpose/Transpose_3,,unknown_bf16,22.0
Status.NOT_RUN,__module.model.language_model.layers.22.self_attn/aten::reshape/Reshape_2,,unknown_bf16,0.0
Status.EXECUTED,__module.model.language_model.layers.22.self_attn.o_proj/aten::linear/MatMul,,brgemm_avx512_bf16,637.0
Status.EXECUTED,__module.model.language_model.layers.22.self_attn.o_proj/aten::linear/MatMul_bf16_f32___module.model.language_model.layers.22/aten::add/Add,,jit_uni_bf16,24.0
Status.EXECUTED,__module.model.language_model.layers.22/aten::add/Add,,jit_avx512_f32,35.0
Status.EXECUTED,__module.model.language_model.layers.22/aten::add/Add_f32_bf16___module.model.language_model.layers.22.post_attention_layernorm/aten::mul/Multiply_1,,jit_uni_f32,17.0
Status.EXECUTED,__module.model.language_model.layers.22.post_attention_layernorm/aten::mul/Multiply_1,,jit_avx512_bf16,11.0
Status.EXECUTED,__module.model.language_model.layers.22.mlp.gate_proj/aten::linear/MatMul,,brgemm_avx512_bf16,1855.0
Status.NOT_RUN,__module.model.language_model.layers.22.mlp.act_fn/aten::silu/Swish,,undef,0.0
Status.EXECUTED,__module.model.language_model.layers.22.mlp.up_proj/aten::linear/MatMul,,brgemm_avx512_bf16,1831.0
Status.EXECUTED,__module.model.language_model.layers.22.mlp/aten::mul/Multiply,,jit_avx512_bf16,63.0
Status.EXECUTED,__module.model.language_model.layers.22.mlp.down_proj/aten::linear/MatMul,,brgemm_avx512_bf16,1845.0
Status.EXECUTED,__module.model.language_model.layers.22.mlp.down_proj/aten::linear/MatMul_bf16_f32___module.model.language_model.layers.22/aten::add/Add_1,,jit_uni_bf16,24.0
Status.EXECUTED,__module.model.language_model.layers.22/aten::add/Add_1,,jit_avx512_f32,36.0
Status.EXECUTED,__module.model.language_model.layers.22/aten::add/Add_1_f32_bf16___module.model.language_model.layers.23.input_layernorm/aten::mul/Multiply_1,,jit_uni_f32,24.0
Status.EXECUTED,__module.model.language_model.layers.23.input_layernorm/aten::mul/Multiply_1,,jit_avx512_bf16,19.0
Status.EXECUTED,__module.model.language_model.layers.23.self_attn.q_proj/aten::linear/MatMul,,brgemm_avx512_bf16,628.0
Status.NOT_RUN,__module.model.language_model.layers.23.self_attn/aten::view/Reshape,,unknown_bf16,0.0
Status.EXECUTED,__module.model.language_model.layers.23.self_attn.q_norm/aten::mul/Multiply_1,,jit_avx512_bf16,18.0
Status.EXECUTED,__module.model.language_model.layers.23.self_attn/aten::add/Add,,ref_any_bf16,18.0
Status.EXECUTED,__module.model.language_model.layers.23.self_attn.k_proj/aten::linear/MatMul,,brgemm_avx512_bf16,193.0
Status.NOT_RUN,__module.model.language_model.layers.23.self_attn/aten::view/Reshape_1,,unknown_bf16,0.0
Status.EXECUTED,__module.model.language_model.layers.23.self_attn.k_norm/aten::mul/Multiply_1,,jit_avx512_bf16,8.0
Status.EXECUTED,__module.model.language_model.layers.23.self_attn/aten::add/Add_1,,ref_any_bf16,10.0
Status.EXECUTED,__module.model.language_model.layers.23.self_attn.v_proj/aten::linear/MatMul,,brgemm_avx512_bf16,203.0
Status.NOT_RUN,__module.model.language_model.layers.23.self_attn/aten::view/Reshape_2,,unknown_bf16,0.0
Status.EXECUTED,__module.model.language_model.layers.23.self_attn/aten::transpose/Transpose_2,,unknown_bf16,9.0
Status.EXECUTED,__module.model.language_model.layers.23.self_attn/aten::scaled_dot_product_attention/ScaledDotProductAttention,,undef_bf16,126.0
Status.EXECUTED,__module.model.language_model.layers.23.self_attn/aten::transpose/Transpose_3,,unknown_bf16,21.0
Status.NOT_RUN,__module.model.language_model.layers.23.self_attn/aten::reshape/Reshape_2,,unknown_bf16,0.0
Status.EXECUTED,__module.model.language_model.layers.23.self_attn.o_proj/aten::linear/MatMul,,brgemm_avx512_bf16,624.0
Status.EXECUTED,__module.model.language_model.layers.23.self_attn.o_proj/aten::linear/MatMul_bf16_f32___module.model.language_model.layers.23/aten::add/Add,,jit_uni_bf16,28.0
Status.EXECUTED,__module.model.language_model.layers.23/aten::add/Add,,jit_avx512_f32,36.0
Status.EXECUTED,__module.model.language_model.layers.23/aten::add/Add_f32_bf16___module.model.language_model.layers.23.post_attention_layernorm/aten::mul/Multiply_1,,jit_uni_f32,18.0
Status.EXECUTED,__module.model.language_model.layers.23.post_attention_layernorm/aten::mul/Multiply_1,,jit_avx512_bf16,11.0
Status.EXECUTED,__module.model.language_model.layers.23.mlp.gate_proj/aten::linear/MatMul,,brgemm_avx512_bf16,1827.0
Status.NOT_RUN,__module.model.language_model.layers.23.mlp.act_fn/aten::silu/Swish,,undef,0.0
Status.EXECUTED,__module.model.language_model.layers.23.mlp.up_proj/aten::linear/MatMul,,brgemm_avx512_bf16,2258.0
Status.EXECUTED,__module.model.language_model.layers.23.mlp/aten::mul/Multiply,,jit_avx512_bf16,60.0
Status.EXECUTED,__module.model.language_model.layers.23.mlp.down_proj/aten::linear/MatMul,,brgemm_avx512_bf16,1867.0
Status.EXECUTED,__module.model.language_model.layers.23.mlp.down_proj/aten::linear/MatMul_bf16_f32___module.model.language_model.layers.23/aten::add/Add_1,,jit_uni_bf16,24.0
Status.EXECUTED,__module.model.language_model.layers.23/aten::add/Add_1,,jit_avx512_f32,48.0
Status.EXECUTED,__module.model.language_model.layers.23/aten::add/Add_1_f32_bf16___module.model.language_model.layers.24.input_layernorm/aten::mul/Multiply_1,,jit_uni_f32,24.0
Status.EXECUTED,__module.model.language_model.layers.24.input_layernorm/aten::mul/Multiply_1,,jit_avx512_bf16,20.0
Status.EXECUTED,__module.model.language_model.layers.24.self_attn.q_proj/aten::linear/MatMul,,brgemm_avx512_bf16,619.0
Status.NOT_RUN,__module.model.language_model.layers.24.self_attn/aten::view/Reshape,,unknown_bf16,0.0
Status.EXECUTED,__module.model.language_model.layers.24.self_attn.q_norm/aten::mul/Multiply_1,,jit_avx512_bf16,19.0
Status.EXECUTED,__module.model.language_model.layers.24.self_attn/aten::add/Add,,ref_any_bf16,18.0
Status.EXECUTED,__module.model.language_model.layers.24.self_attn.k_proj/aten::linear/MatMul,,brgemm_avx512_bf16,190.0
Status.NOT_RUN,__module.model.language_model.layers.24.self_attn/aten::view/Reshape_1,,unknown_bf16,0.0
Status.EXECUTED,__module.model.language_model.layers.24.self_attn.k_norm/aten::mul/Multiply_1,,jit_avx512_bf16,7.0
Status.EXECUTED,__module.model.language_model.layers.24.self_attn/aten::add/Add_1,,ref_any_bf16,10.0
Status.EXECUTED,__module.model.language_model.layers.24.self_attn.v_proj/aten::linear/MatMul,,brgemm_avx512_bf16,214.0
Status.NOT_RUN,__module.model.language_model.layers.24.self_attn/aten::view/Reshape_2,,unknown_bf16,0.0
Status.EXECUTED,__module.model.language_model.layers.24.self_attn/aten::transpose/Transpose_2,,unknown_bf16,9.0
Status.EXECUTED,__module.model.language_model.layers.24.self_attn/aten::scaled_dot_product_attention/ScaledDotProductAttention,,undef_bf16,114.0
Status.EXECUTED,__module.model.language_model.layers.24.self_attn/aten::transpose/Transpose_3,,unknown_bf16,22.0
Status.NOT_RUN,__module.model.language_model.layers.24.self_attn/aten::reshape/Reshape_2,,unknown_bf16,0.0
Status.EXECUTED,__module.model.language_model.layers.24.self_attn.o_proj/aten::linear/MatMul,,brgemm_avx512_bf16,624.0
Status.EXECUTED,__module.model.language_model.layers.24.self_attn.o_proj/aten::linear/MatMul_bf16_f32___module.model.language_model.layers.24/aten::add/Add,,jit_uni_bf16,27.0
Status.EXECUTED,__module.model.language_model.layers.24/aten::add/Add,,jit_avx512_f32,35.0
Status.EXECUTED,__module.model.language_model.layers.24/aten::add/Add_f32_bf16___module.model.language_model.layers.24.post_attention_layernorm/aten::mul/Multiply_1,,jit_uni_f32,17.0
Status.EXECUTED,__module.model.language_model.layers.24.post_attention_layernorm/aten::mul/Multiply_1,,jit_avx512_bf16,11.0
Status.EXECUTED,__module.model.language_model.layers.24.mlp.gate_proj/aten::linear/MatMul,,brgemm_avx512_bf16,1818.0
Status.NOT_RUN,__module.model.language_model.layers.24.mlp.act_fn/aten::silu/Swish,,undef,0.0
Status.EXECUTED,__module.model.language_model.layers.24.mlp.up_proj/aten::linear/MatMul,,brgemm_avx512_bf16,1831.0
Status.EXECUTED,__module.model.language_model.layers.24.mlp/aten::mul/Multiply,,jit_avx512_bf16,59.0
Status.EXECUTED,__module.model.language_model.layers.24.mlp.down_proj/aten::linear/MatMul,,brgemm_avx512_bf16,1845.0
Status.EXECUTED,__module.model.language_model.layers.24.mlp.down_proj/aten::linear/MatMul_bf16_f32___module.model.language_model.layers.24/aten::add/Add_1,,jit_uni_bf16,24.0
Status.EXECUTED,__module.model.language_model.layers.24/aten::add/Add_1,,jit_avx512_f32,37.0
Status.EXECUTED,__module.model.language_model.layers.24/aten::add/Add_1_f32_bf16___module.model.language_model.layers.25.input_layernorm/aten::mul/Multiply_1,,jit_uni_f32,23.0
Status.EXECUTED,__module.model.language_model.layers.25.input_layernorm/aten::mul/Multiply_1,,jit_avx512_bf16,18.0
Status.EXECUTED,__module.model.language_model.layers.25.self_attn.q_proj/aten::linear/MatMul,,brgemm_avx512_bf16,654.0
Status.NOT_RUN,__module.model.language_model.layers.25.self_attn/aten::view/Reshape,,unknown_bf16,0.0
Status.EXECUTED,__module.model.language_model.layers.25.self_attn.q_norm/aten::mul/Multiply_1,,jit_avx512_bf16,19.0
Status.EXECUTED,__module.model.language_model.layers.25.self_attn/aten::add/Add,,ref_any_bf16,18.0
Status.EXECUTED,__module.model.language_model.layers.25.self_attn.k_proj/aten::linear/MatMul,,brgemm_avx512_bf16,231.0
Status.NOT_RUN,__module.model.language_model.layers.25.self_attn/aten::view/Reshape_1,,unknown_bf16,0.0
Status.EXECUTED,__module.model.language_model.layers.25.self_attn.k_norm/aten::mul/Multiply_1,,jit_avx512_bf16,7.0
Status.EXECUTED,__module.model.language_model.layers.25.self_attn/aten::add/Add_1,,ref_any_bf16,9.0
Status.EXECUTED,__module.model.language_model.layers.25.self_attn.v_proj/aten::linear/MatMul,,brgemm_avx512_bf16,204.0
Status.NOT_RUN,__module.model.language_model.layers.25.self_attn/aten::view/Reshape_2,,unknown_bf16,0.0
Status.EXECUTED,__module.model.language_model.layers.25.self_attn/aten::transpose/Transpose_2,,unknown_bf16,9.0
Status.EXECUTED,__module.model.language_model.layers.25.self_attn/aten::scaled_dot_product_attention/ScaledDotProductAttention,,undef_bf16,114.0
Status.EXECUTED,__module.model.language_model.layers.25.self_attn/aten::transpose/Transpose_3,,unknown_bf16,21.0
Status.NOT_RUN,__module.model.language_model.layers.25.self_attn/aten::reshape/Reshape_2,,unknown_bf16,0.0
Status.EXECUTED,__module.model.language_model.layers.25.self_attn.o_proj/aten::linear/MatMul,,brgemm_avx512_bf16,647.0
Status.EXECUTED,__module.model.language_model.layers.25.self_attn.o_proj/aten::linear/MatMul_bf16_f32___module.model.language_model.layers.25/aten::add/Add,,jit_uni_bf16,25.0
Status.EXECUTED,__module.model.language_model.layers.25/aten::add/Add,,jit_avx512_f32,35.0
Status.EXECUTED,__module.model.language_model.layers.25/aten::add/Add_f32_bf16___module.model.language_model.layers.25.post_attention_layernorm/aten::mul/Multiply_1,,jit_uni_f32,19.0
Status.EXECUTED,__module.model.language_model.layers.25.post_attention_layernorm/aten::mul/Multiply_1,,jit_avx512_bf16,11.0
Status.EXECUTED,__module.model.language_model.layers.25.mlp.gate_proj/aten::linear/MatMul,,brgemm_avx512_bf16,1809.0
Status.NOT_RUN,__module.model.language_model.layers.25.mlp.act_fn/aten::silu/Swish,,undef,0.0
Status.EXECUTED,__module.model.language_model.layers.25.mlp.up_proj/aten::linear/MatMul,,brgemm_avx512_bf16,1759.0
Status.EXECUTED,__module.model.language_model.layers.25.mlp/aten::mul/Multiply,,jit_avx512_bf16,62.0
Status.EXECUTED,__module.model.language_model.layers.25.mlp.down_proj/aten::linear/MatMul,,brgemm_avx512_bf16,1813.0
Status.EXECUTED,__module.model.language_model.layers.25.mlp.down_proj/aten::linear/MatMul_bf16_f32___module.model.language_model.layers.25/aten::add/Add_1,,jit_uni_bf16,24.0
Status.EXECUTED,__module.model.language_model.layers.25/aten::add/Add_1,,jit_avx512_f32,48.0
Status.EXECUTED,__module.model.language_model.layers.25/aten::add/Add_1_f32_bf16___module.model.language_model.layers.26.input_layernorm/aten::mul/Multiply_1,,jit_uni_f32,25.0
Status.EXECUTED,__module.model.language_model.layers.26.input_layernorm/aten::mul/Multiply_1,,jit_avx512_bf16,19.0
Status.EXECUTED,__module.model.language_model.layers.26.self_attn.q_proj/aten::linear/MatMul,,brgemm_avx512_bf16,684.0
Status.NOT_RUN,__module.model.language_model.layers.26.self_attn/aten::view/Reshape,,unknown_bf16,0.0
Status.EXECUTED,__module.model.language_model.layers.26.self_attn.q_norm/aten::mul/Multiply_1,,jit_avx512_bf16,20.0
Status.EXECUTED,__module.model.language_model.layers.26.self_attn/aten::add/Add,,ref_any_bf16,20.0
Status.EXECUTED,__module.model.language_model.layers.26.self_attn.k_proj/aten::linear/MatMul,,brgemm_avx512_bf16,220.0
Status.NOT_RUN,__module.model.language_model.layers.26.self_attn/aten::view/Reshape_1,,unknown_bf16,0.0
Status.EXECUTED,__module.model.language_model.layers.26.self_attn.k_norm/aten::mul/Multiply_1,,jit_avx512_bf16,8.0
Status.EXECUTED,__module.model.language_model.layers.26.self_attn/aten::add/Add_1,,ref_any_bf16,10.0
Status.EXECUTED,__module.model.language_model.layers.26.self_attn.v_proj/aten::linear/MatMul,,brgemm_avx512_bf16,206.0
Status.NOT_RUN,__module.model.language_model.layers.26.self_attn/aten::view/Reshape_2,,unknown_bf16,0.0
Status.EXECUTED,__module.model.language_model.layers.26.self_attn/aten::transpose/Transpose_2,,unknown_bf16,9.0
Status.EXECUTED,__module.model.language_model.layers.26.self_attn/aten::scaled_dot_product_attention/ScaledDotProductAttention,,undef_bf16,115.0
Status.EXECUTED,__module.model.language_model.layers.26.self_attn/aten::transpose/Transpose_3,,unknown_bf16,23.0
Status.NOT_RUN,__module.model.language_model.layers.26.self_attn/aten::reshape/Reshape_2,,unknown_bf16,0.0
Status.EXECUTED,__module.model.language_model.layers.26.self_attn.o_proj/aten::linear/MatMul,,brgemm_avx512_bf16,658.0
Status.EXECUTED,__module.model.language_model.layers.26.self_attn.o_proj/aten::linear/MatMul_bf16_f32___module.model.language_model.layers.26/aten::add/Add,,jit_uni_bf16,26.0
Status.EXECUTED,__module.model.language_model.layers.26/aten::add/Add,,jit_avx512_f32,35.0
Status.EXECUTED,__module.model.language_model.layers.26/aten::add/Add_f32_bf16___module.model.language_model.layers.26.post_attention_layernorm/aten::mul/Multiply_1,,jit_uni_f32,18.0
Status.EXECUTED,__module.model.language_model.layers.26.post_attention_layernorm/aten::mul/Multiply_1,,jit_avx512_bf16,11.0
Status.EXECUTED,__module.model.language_model.layers.26.mlp.gate_proj/aten::linear/MatMul,,brgemm_avx512_bf16,2264.0
Status.NOT_RUN,__module.model.language_model.layers.26.mlp.act_fn/aten::silu/Swish,,undef,0.0
Status.EXECUTED,__module.model.language_model.layers.26.mlp.up_proj/aten::linear/MatMul,,brgemm_avx512_bf16,1820.0
Status.EXECUTED,__module.model.language_model.layers.26.mlp/aten::mul/Multiply,,jit_avx512_bf16,58.0
Status.EXECUTED,__module.model.language_model.layers.26.mlp.down_proj/aten::linear/MatMul,,brgemm_avx512_bf16,2480.0
Status.EXECUTED,__module.model.language_model.layers.26.mlp.down_proj/aten::linear/MatMul_bf16_f32___module.model.language_model.layers.26/aten::add/Add_1,,jit_uni_bf16,28.0
Status.EXECUTED,__module.model.language_model.layers.26/aten::add/Add_1,,jit_avx512_f32,37.0
Status.EXECUTED,__module.model.language_model.layers.26/aten::add/Add_1_f32_bf16___module.model.language_model.layers.27.input_layernorm/aten::mul/Multiply_1,,jit_uni_f32,26.0
Status.EXECUTED,__module.model.language_model.layers.27.input_layernorm/aten::mul/Multiply_1,,jit_avx512_bf16,19.0
Status.EXECUTED,__module.model.language_model.layers.27.self_attn.q_proj/aten::linear/MatMul,,brgemm_avx512_bf16,804.0
Status.NOT_RUN,__module.model.language_model.layers.27.self_attn/aten::view/Reshape,,unknown_bf16,0.0
Status.EXECUTED,__module.model.language_model.layers.27.self_attn.q_norm/aten::mul/Multiply_1,,jit_avx512_bf16,20.0
Status.EXECUTED,__module.model.language_model.layers.27.self_attn/aten::add/Add,,ref_any_bf16,18.0
Status.EXECUTED,__module.model.language_model.layers.27.self_attn.k_proj/aten::linear/MatMul,,brgemm_avx512_bf16,194.0
Status.NOT_RUN,__module.model.language_model.layers.27.self_attn/aten::view/Reshape_1,,unknown_bf16,0.0
Status.EXECUTED,__module.model.language_model.layers.27.self_attn.k_norm/aten::mul/Multiply_1,,jit_avx512_bf16,7.0
Status.EXECUTED,__module.model.language_model.layers.27.self_attn/aten::add/Add_1,,ref_any_bf16,9.0
Status.EXECUTED,__module.model.language_model.layers.27.self_attn.v_proj/aten::linear/MatMul,,brgemm_avx512_bf16,195.0
Status.NOT_RUN,__module.model.language_model.layers.27.self_attn/aten::view/Reshape_2,,unknown_bf16,0.0
Status.EXECUTED,__module.model.language_model.layers.27.self_attn/aten::transpose/Transpose_2,,unknown_bf16,10.0
Status.EXECUTED,__module.model.language_model.layers.27.self_attn/aten::scaled_dot_product_attention/ScaledDotProductAttention,,undef_bf16,136.0
Status.EXECUTED,__module.model.language_model.layers.27.self_attn/aten::transpose/Transpose_3,,unknown_bf16,22.0
Status.NOT_RUN,__module.model.language_model.layers.27.self_attn/aten::reshape/Reshape_2,,unknown_bf16,0.0
Status.EXECUTED,__module.model.language_model.layers.27.self_attn.o_proj/aten::linear/MatMul,,brgemm_avx512_bf16,632.0
Status.EXECUTED,__module.model.language_model.layers.27.self_attn.o_proj/aten::linear/MatMul_bf16_f32___module.model.language_model.layers.27/aten::add/Add,,jit_uni_bf16,24.0
Status.EXECUTED,__module.model.language_model.layers.27/aten::add/Add,,jit_avx512_f32,35.0
Status.EXECUTED,__module.model.language_model.layers.27/aten::add/Add_f32_bf16___module.model.language_model.layers.27.post_attention_layernorm/aten::mul/Multiply_1,,jit_uni_f32,17.0
Status.EXECUTED,__module.model.language_model.layers.27.post_attention_layernorm/aten::mul/Multiply_1,,jit_avx512_bf16,11.0
Status.EXECUTED,__module.model.language_model.layers.27.mlp.gate_proj/aten::linear/MatMul,,brgemm_avx512_bf16,1776.0
Status.NOT_RUN,__module.model.language_model.layers.27.mlp.act_fn/aten::silu/Swish,,undef,0.0
Status.EXECUTED,__module.model.language_model.layers.27.mlp.up_proj/aten::linear/MatMul,,brgemm_avx512_bf16,1731.0
Status.EXECUTED,__module.model.language_model.layers.27.mlp/aten::mul/Multiply,,jit_avx512_bf16,56.0
Status.EXECUTED,__module.model.language_model.layers.27.mlp.down_proj/aten::linear/MatMul,,brgemm_avx512_bf16,1817.0
Status.EXECUTED,__module.model.language_model.layers.27.mlp.down_proj/aten::linear/MatMul_bf16_f32___module.model.language_model.layers.27/aten::add/Add_1,,jit_uni_bf16,24.0
Status.EXECUTED,__module.model.language_model.layers.27/aten::add/Add_1,,jit_avx512_f32,47.0
Status.EXECUTED,__module.model.language_model.layers.27/aten::add/Add_1_f32_bf16___module.model.language_model.layers.28.input_layernorm/aten::mul/Multiply_1,,jit_uni_f32,24.0
Status.EXECUTED,__module.model.language_model.layers.28.input_layernorm/aten::mul/Multiply_1,,jit_avx512_bf16,19.0
Status.EXECUTED,__module.model.language_model.layers.28.self_attn.q_proj/aten::linear/MatMul,,brgemm_avx512_bf16,607.0
Status.NOT_RUN,__module.model.language_model.layers.28.self_attn/aten::view/Reshape,,unknown_bf16,0.0
Status.EXECUTED,__module.model.language_model.layers.28.self_attn.q_norm/aten::mul/Multiply_1,,jit_avx512_bf16,18.0
Status.EXECUTED,__module.model.language_model.layers.28.self_attn/aten::add/Add,,ref_any_bf16,19.0
Status.EXECUTED,__module.model.language_model.layers.28.self_attn.k_proj/aten::linear/MatMul,,brgemm_avx512_bf16,265.0
Status.NOT_RUN,__module.model.language_model.layers.28.self_attn/aten::view/Reshape_1,,unknown_bf16,0.0
Status.EXECUTED,__module.model.language_model.layers.28.self_attn.k_norm/aten::mul/Multiply_1,,jit_avx512_bf16,8.0
Status.EXECUTED,__module.model.language_model.layers.28.self_attn/aten::add/Add_1,,ref_any_bf16,11.0
Status.EXECUTED,__module.model.language_model.layers.28.self_attn.v_proj/aten::linear/MatMul,,brgemm_avx512_bf16,214.0
Status.NOT_RUN,__module.model.language_model.layers.28.self_attn/aten::view/Reshape_2,,unknown_bf16,0.0
Status.EXECUTED,__module.model.language_model.layers.28.self_attn/aten::transpose/Transpose_2,,unknown_bf16,10.0
Status.EXECUTED,__module.model.language_model.layers.28.self_attn/aten::scaled_dot_product_attention/ScaledDotProductAttention,,undef_bf16,114.0
Status.EXECUTED,__module.model.language_model.layers.28.self_attn/aten::transpose/Transpose_3,,unknown_bf16,21.0
Status.NOT_RUN,__module.model.language_model.layers.28.self_attn/aten::reshape/Reshape_2,,unknown_bf16,0.0
Status.EXECUTED,__module.model.language_model.layers.28.self_attn.o_proj/aten::linear/MatMul,,brgemm_avx512_bf16,1010.0
Status.EXECUTED,__module.model.language_model.layers.28.self_attn.o_proj/aten::linear/MatMul_bf16_f32___module.model.language_model.layers.28/aten::add/Add,,jit_uni_bf16,26.0
Status.EXECUTED,__module.model.language_model.layers.28/aten::add/Add,,jit_avx512_f32,35.0
Status.EXECUTED,__module.model.language_model.layers.28/aten::add/Add_f32_bf16___module.model.language_model.layers.28.post_attention_layernorm/aten::mul/Multiply_1,,jit_uni_f32,18.0
Status.EXECUTED,__module.model.language_model.layers.28.post_attention_layernorm/aten::mul/Multiply_1,,jit_avx512_bf16,11.0
Status.EXECUTED,__module.model.language_model.layers.28.mlp.gate_proj/aten::linear/MatMul,,brgemm_avx512_bf16,1831.0
Status.NOT_RUN,__module.model.language_model.layers.28.mlp.act_fn/aten::silu/Swish,,undef,0.0
Status.EXECUTED,__module.model.language_model.layers.28.mlp.up_proj/aten::linear/MatMul,,brgemm_avx512_bf16,1794.0
Status.EXECUTED,__module.model.language_model.layers.28.mlp/aten::mul/Multiply,,jit_avx512_bf16,59.0
Status.EXECUTED,__module.model.language_model.layers.28.mlp.down_proj/aten::linear/MatMul,,brgemm_avx512_bf16,1943.0
Status.EXECUTED,__module.model.language_model.layers.28.mlp.down_proj/aten::linear/MatMul_bf16_f32___module.model.language_model.layers.28/aten::add/Add_1,,jit_uni_bf16,24.0
Status.EXECUTED,__module.model.language_model.layers.28/aten::add/Add_1,,jit_avx512_f32,37.0
Status.EXECUTED,__module.model.language_model.layers.28/aten::add/Add_1_f32_bf16___module.model.language_model.layers.29.input_layernorm/aten::mul/Multiply_1,,jit_uni_f32,24.0
Status.EXECUTED,__module.model.language_model.layers.29.input_layernorm/aten::mul/Multiply_1,,jit_avx512_bf16,19.0
Status.EXECUTED,__module.model.language_model.layers.29.self_attn.q_proj/aten::linear/MatMul,,brgemm_avx512_bf16,612.0
Status.NOT_RUN,__module.model.language_model.layers.29.self_attn/aten::view/Reshape,,unknown_bf16,0.0
Status.EXECUTED,__module.model.language_model.layers.29.self_attn.q_norm/aten::mul/Multiply_1,,jit_avx512_bf16,18.0
Status.EXECUTED,__module.model.language_model.layers.29.self_attn/aten::add/Add,,ref_any_bf16,18.0
Status.EXECUTED,__module.model.language_model.layers.29.self_attn.k_proj/aten::linear/MatMul,,brgemm_avx512_bf16,186.0
Status.NOT_RUN,__module.model.language_model.layers.29.self_attn/aten::view/Reshape_1,,unknown_bf16,0.0
Status.EXECUTED,__module.model.language_model.layers.29.self_attn.k_norm/aten::mul/Multiply_1,,jit_avx512_bf16,7.0
Status.EXECUTED,__module.model.language_model.layers.29.self_attn/aten::add/Add_1,,ref_any_bf16,9.0
Status.EXECUTED,__module.model.language_model.layers.29.self_attn.v_proj/aten::linear/MatMul,,brgemm_avx512_bf16,190.0
Status.NOT_RUN,__module.model.language_model.layers.29.self_attn/aten::view/Reshape_2,,unknown_bf16,0.0
Status.EXECUTED,__module.model.language_model.layers.29.self_attn/aten::transpose/Transpose_2,,unknown_bf16,10.0
Status.EXECUTED,__module.model.language_model.layers.29.self_attn/aten::scaled_dot_product_attention/ScaledDotProductAttention,,undef_bf16,108.0
Status.EXECUTED,__module.model.language_model.layers.29.self_attn/aten::transpose/Transpose_3,,unknown_bf16,21.0
Status.NOT_RUN,__module.model.language_model.layers.29.self_attn/aten::reshape/Reshape_2,,unknown_bf16,0.0
Status.EXECUTED,__module.model.language_model.layers.29.self_attn.o_proj/aten::linear/MatMul,,brgemm_avx512_bf16,618.0
Status.EXECUTED,__module.model.language_model.layers.29.self_attn.o_proj/aten::linear/MatMul_bf16_f32___module.model.language_model.layers.29/aten::add/Add,,jit_uni_bf16,27.0
Status.EXECUTED,__module.model.language_model.layers.29/aten::add/Add,,jit_avx512_f32,88.0
Status.EXECUTED,__module.model.language_model.layers.29/aten::add/Add_f32_bf16___module.model.language_model.layers.29.post_attention_layernorm/aten::mul/Multiply_1,,jit_uni_f32,17.0
Status.EXECUTED,__module.model.language_model.layers.29.post_attention_layernorm/aten::mul/Multiply_1,,jit_avx512_bf16,11.0
Status.EXECUTED,__module.model.language_model.layers.29.mlp.gate_proj/aten::linear/MatMul,,brgemm_avx512_bf16,1777.0
Status.NOT_RUN,__module.model.language_model.layers.29.mlp.act_fn/aten::silu/Swish,,undef,0.0
Status.EXECUTED,__module.model.language_model.layers.29.mlp.up_proj/aten::linear/MatMul,,brgemm_avx512_bf16,1786.0
Status.EXECUTED,__module.model.language_model.layers.29.mlp/aten::mul/Multiply,,jit_avx512_bf16,60.0
Status.EXECUTED,__module.model.language_model.layers.29.mlp.down_proj/aten::linear/MatMul,,brgemm_avx512_bf16,2319.0
Status.EXECUTED,__module.model.language_model.layers.29.mlp.down_proj/aten::linear/MatMul_bf16_f32___module.model.language_model.layers.29/aten::add/Add_1,,jit_uni_bf16,26.0
Status.EXECUTED,__module.model.language_model.layers.29/aten::add/Add_1,,jit_avx512_f32,47.0
Status.EXECUTED,__module.model.language_model.layers.29/aten::add/Add_1_f32_bf16___module.model.language_model.layers.30.input_layernorm/aten::mul/Multiply_1,,jit_uni_f32,23.0
Status.EXECUTED,__module.model.language_model.layers.30.input_layernorm/aten::mul/Multiply_1,,jit_avx512_bf16,19.0
Status.EXECUTED,__module.model.language_model.layers.30.self_attn.q_proj/aten::linear/MatMul,,brgemm_avx512_bf16,606.0
Status.NOT_RUN,__module.model.language_model.layers.30.self_attn/aten::view/Reshape,,unknown_bf16,0.0
Status.EXECUTED,__module.model.language_model.layers.30.self_attn.q_norm/aten::mul/Multiply_1,,jit_avx512_bf16,18.0
Status.EXECUTED,__module.model.language_model.layers.30.self_attn/aten::add/Add,,ref_any_bf16,18.0
Status.EXECUTED,__module.model.language_model.layers.30.self_attn.k_proj/aten::linear/MatMul,,brgemm_avx512_bf16,185.0
Status.NOT_RUN,__module.model.language_model.layers.30.self_attn/aten::view/Reshape_1,,unknown_bf16,0.0
Status.EXECUTED,__module.model.language_model.layers.30.self_attn.k_norm/aten::mul/Multiply_1,,jit_avx512_bf16,7.0
Status.EXECUTED,__module.model.language_model.layers.30.self_attn/aten::add/Add_1,,ref_any_bf16,9.0
Status.EXECUTED,__module.model.language_model.layers.30.self_attn.v_proj/aten::linear/MatMul,,brgemm_avx512_bf16,189.0
Status.NOT_RUN,__module.model.language_model.layers.30.self_attn/aten::view/Reshape_2,,unknown_bf16,0.0
Status.EXECUTED,__module.model.language_model.layers.30.self_attn/aten::transpose/Transpose_2,,unknown_bf16,9.0
Status.EXECUTED,__module.model.language_model.layers.30.self_attn/aten::scaled_dot_product_attention/ScaledDotProductAttention,,undef_bf16,119.0
Status.EXECUTED,__module.model.language_model.layers.30.self_attn/aten::transpose/Transpose_3,,unknown_bf16,21.0
Status.NOT_RUN,__module.model.language_model.layers.30.self_attn/aten::reshape/Reshape_2,,unknown_bf16,0.0
Status.EXECUTED,__module.model.language_model.layers.30.self_attn.o_proj/aten::linear/MatMul,,brgemm_avx512_bf16,677.0
Status.EXECUTED,__module.model.language_model.layers.30.self_attn.o_proj/aten::linear/MatMul_bf16_f32___module.model.language_model.layers.30/aten::add/Add,,jit_uni_bf16,26.0
Status.EXECUTED,__module.model.language_model.layers.30/aten::add/Add,,jit_avx512_f32,35.0
Status.EXECUTED,__module.model.language_model.layers.30/aten::add/Add_f32_bf16___module.model.language_model.layers.30.post_attention_layernorm/aten::mul/Multiply_1,,jit_uni_f32,17.0
Status.EXECUTED,__module.model.language_model.layers.30.post_attention_layernorm/aten::mul/Multiply_1,,jit_avx512_bf16,11.0
Status.EXECUTED,__module.model.language_model.layers.30.mlp.gate_proj/aten::linear/MatMul,,brgemm_avx512_bf16,1766.0
Status.NOT_RUN,__module.model.language_model.layers.30.mlp.act_fn/aten::silu/Swish,,undef,0.0
Status.EXECUTED,__module.model.language_model.layers.30.mlp.up_proj/aten::linear/MatMul,,brgemm_avx512_bf16,1735.0
Status.EXECUTED,__module.model.language_model.layers.30.mlp/aten::mul/Multiply,,jit_avx512_bf16,60.0
Status.EXECUTED,__module.model.language_model.layers.30.mlp.down_proj/aten::linear/MatMul,,brgemm_avx512_bf16,2145.0
Status.EXECUTED,__module.model.language_model.layers.30.mlp.down_proj/aten::linear/MatMul_bf16_f32___module.model.language_model.layers.30/aten::add/Add_1,,jit_uni_bf16,26.0
Status.EXECUTED,__module.model.language_model.layers.30/aten::add/Add_1,,jit_avx512_f32,37.0
Status.EXECUTED,__module.model.language_model.layers.30/aten::add/Add_1_f32_bf16___module.model.language_model.layers.31.input_layernorm/aten::mul/Multiply_1,,jit_uni_f32,24.0
Status.EXECUTED,__module.model.language_model.layers.31.input_layernorm/aten::mul/Multiply_1,,jit_avx512_bf16,18.0
Status.EXECUTED,__module.model.language_model.layers.31.self_attn.q_proj/aten::linear/MatMul,,brgemm_avx512_bf16,604.0
Status.NOT_RUN,__module.model.language_model.layers.31.self_attn/aten::view/Reshape,,unknown_bf16,0.0
Status.EXECUTED,__module.model.language_model.layers.31.self_attn.q_norm/aten::mul/Multiply_1,,jit_avx512_bf16,17.0
Status.EXECUTED,__module.model.language_model.layers.31.self_attn/aten::add/Add,,ref_any_bf16,18.0
Status.EXECUTED,__module.model.language_model.layers.31.self_attn.k_proj/aten::linear/MatMul,,brgemm_avx512_bf16,182.0
Status.NOT_RUN,__module.model.language_model.layers.31.self_attn/aten::view/Reshape_1,,unknown_bf16,0.0
Status.EXECUTED,__module.model.language_model.layers.31.self_attn.k_norm/aten::mul/Multiply_1,,jit_avx512_bf16,7.0
Status.EXECUTED,__module.model.language_model.layers.31.self_attn/aten::add/Add_1,,ref_any_bf16,10.0
Status.EXECUTED,__module.model.language_model.layers.31.self_attn.v_proj/aten::linear/MatMul,,brgemm_avx512_bf16,215.0
Status.NOT_RUN,__module.model.language_model.layers.31.self_attn/aten::view/Reshape_2,,unknown_bf16,0.0
Status.EXECUTED,__module.model.language_model.layers.31.self_attn/aten::transpose/Transpose_2,,unknown_bf16,9.0
Status.EXECUTED,__module.model.language_model.layers.31.self_attn/aten::scaled_dot_product_attention/ScaledDotProductAttention,,undef_bf16,115.0
Status.EXECUTED,__module.model.language_model.layers.31.self_attn/aten::transpose/Transpose_3,,unknown_bf16,22.0
Status.NOT_RUN,__module.model.language_model.layers.31.self_attn/aten::reshape/Reshape_2,,unknown_bf16,0.0
Status.EXECUTED,__module.model.language_model.layers.31.self_attn.o_proj/aten::linear/MatMul,,brgemm_avx512_bf16,606.0
Status.EXECUTED,__module.model.language_model.layers.31.self_attn.o_proj/aten::linear/MatMul_bf16_f32___module.model.language_model.layers.31/aten::add/Add,,jit_uni_bf16,24.0
Status.EXECUTED,__module.model.language_model.layers.31/aten::add/Add,,jit_avx512_f32,34.0
Status.EXECUTED,__module.model.language_model.layers.31/aten::add/Add_f32_bf16___module.model.language_model.layers.31.post_attention_layernorm/aten::mul/Multiply_1,,jit_uni_f32,17.0
Status.EXECUTED,__module.model.language_model.layers.31.post_attention_layernorm/aten::mul/Multiply_1,,jit_avx512_bf16,11.0
Status.EXECUTED,__module.model.language_model.layers.31.mlp.gate_proj/aten::linear/MatMul,,brgemm_avx512_bf16,1732.0
Status.NOT_RUN,__module.model.language_model.layers.31.mlp.act_fn/aten::silu/Swish,,undef,0.0
Status.EXECUTED,__module.model.language_model.layers.31.mlp.up_proj/aten::linear/MatMul,,brgemm_avx512_bf16,1798.0
Status.EXECUTED,__module.model.language_model.layers.31.mlp/aten::mul/Multiply,,jit_avx512_bf16,60.0
Status.EXECUTED,__module.model.language_model.layers.31.mlp.down_proj/aten::linear/MatMul,,brgemm_avx512_bf16,1874.0
Status.EXECUTED,__module.model.language_model.layers.31.mlp.down_proj/aten::linear/MatMul_bf16_f32___module.model.language_model.layers.31/aten::add/Add_1,,jit_uni_bf16,26.0
Status.EXECUTED,__module.model.language_model.layers.31/aten::add/Add_1,,jit_avx512_f32,49.0
Status.EXECUTED,__module.model.language_model.layers.31/aten::add/Add_1_f32_bf16___module.model.language_model.layers.32.input_layernorm/aten::mul/Multiply_1,,jit_uni_f32,24.0
Status.EXECUTED,__module.model.language_model.layers.32.input_layernorm/aten::mul/Multiply_1,,jit_avx512_bf16,19.0
Status.EXECUTED,__module.model.language_model.layers.32.self_attn.q_proj/aten::linear/MatMul,,brgemm_avx512_bf16,608.0
Status.NOT_RUN,__module.model.language_model.layers.32.self_attn/aten::view/Reshape,,unknown_bf16,0.0
Status.EXECUTED,__module.model.language_model.layers.32.self_attn.q_norm/aten::mul/Multiply_1,,jit_avx512_bf16,17.0
Status.EXECUTED,__module.model.language_model.layers.32.self_attn/aten::add/Add,,ref_any_bf16,18.0
Status.EXECUTED,__module.model.language_model.layers.32.self_attn.k_proj/aten::linear/MatMul,,brgemm_avx512_bf16,183.0
Status.NOT_RUN,__module.model.language_model.layers.32.self_attn/aten::view/Reshape_1,,unknown_bf16,0.0
Status.EXECUTED,__module.model.language_model.layers.32.self_attn.k_norm/aten::mul/Multiply_1,,jit_avx512_bf16,7.0
Status.EXECUTED,__module.model.language_model.layers.32.self_attn/aten::add/Add_1,,ref_any_bf16,9.0
Status.EXECUTED,__module.model.language_model.layers.32.self_attn.v_proj/aten::linear/MatMul,,brgemm_avx512_bf16,188.0
Status.NOT_RUN,__module.model.language_model.layers.32.self_attn/aten::view/Reshape_2,,unknown_bf16,0.0
Status.EXECUTED,__module.model.language_model.layers.32.self_attn/aten::transpose/Transpose_2,,unknown_bf16,9.0
Status.EXECUTED,__module.model.language_model.layers.32.self_attn/aten::scaled_dot_product_attention/ScaledDotProductAttention,,undef_bf16,115.0
Status.EXECUTED,__module.model.language_model.layers.32.self_attn/aten::transpose/Transpose_3,,unknown_bf16,21.0
Status.NOT_RUN,__module.model.language_model.layers.32.self_attn/aten::reshape/Reshape_2,,unknown_bf16,0.0
Status.EXECUTED,__module.model.language_model.layers.32.self_attn.o_proj/aten::linear/MatMul,,brgemm_avx512_bf16,606.0
Status.EXECUTED,__module.model.language_model.layers.32.self_attn.o_proj/aten::linear/MatMul_bf16_f32___module.model.language_model.layers.32/aten::add/Add,,jit_uni_bf16,29.0
Status.EXECUTED,__module.model.language_model.layers.32/aten::add/Add,,jit_avx512_f32,35.0
Status.EXECUTED,__module.model.language_model.layers.32/aten::add/Add_f32_bf16___module.model.language_model.layers.32.post_attention_layernorm/aten::mul/Multiply_1,,jit_uni_f32,18.0
Status.EXECUTED,__module.model.language_model.layers.32.post_attention_layernorm/aten::mul/Multiply_1,,jit_avx512_bf16,11.0
Status.EXECUTED,__module.model.language_model.layers.32.mlp.gate_proj/aten::linear/MatMul,,brgemm_avx512_bf16,2473.0
Status.NOT_RUN,__module.model.language_model.layers.32.mlp.act_fn/aten::silu/Swish,,undef,0.0
Status.EXECUTED,__module.model.language_model.layers.32.mlp.up_proj/aten::linear/MatMul,,brgemm_avx512_bf16,1955.0000000000002
Status.EXECUTED,__module.model.language_model.layers.32.mlp/aten::mul/Multiply,,jit_avx512_bf16,59.0
Status.EXECUTED,__module.model.language_model.layers.32.mlp.down_proj/aten::linear/MatMul,,brgemm_avx512_bf16,1827.0
Status.EXECUTED,__module.model.language_model.layers.32.mlp.down_proj/aten::linear/MatMul_bf16_f32___module.model.language_model.layers.32/aten::add/Add_1,,jit_uni_bf16,24.0
Status.EXECUTED,__module.model.language_model.layers.32/aten::add/Add_1,,jit_avx512_f32,37.0
Status.EXECUTED,__module.model.language_model.layers.32/aten::add/Add_1_f32_bf16___module.model.language_model.layers.33.input_layernorm/aten::mul/Multiply_1,,jit_uni_f32,25.0
Status.EXECUTED,__module.model.language_model.layers.33.input_layernorm/aten::mul/Multiply_1,,jit_avx512_bf16,18.0
Status.EXECUTED,__module.model.language_model.layers.33.self_attn.q_proj/aten::linear/MatMul,,brgemm_avx512_bf16,626.0
Status.NOT_RUN,__module.model.language_model.layers.33.self_attn/aten::view/Reshape,,unknown_bf16,0.0
Status.EXECUTED,__module.model.language_model.layers.33.self_attn.q_norm/aten::mul/Multiply_1,,jit_avx512_bf16,17.0
Status.EXECUTED,__module.model.language_model.layers.33.self_attn/aten::add/Add,,ref_any_bf16,19.0
Status.EXECUTED,__module.model.language_model.layers.33.self_attn.k_proj/aten::linear/MatMul,,brgemm_avx512_bf16,192.0
Status.NOT_RUN,__module.model.language_model.layers.33.self_attn/aten::view/Reshape_1,,unknown_bf16,0.0
Status.EXECUTED,__module.model.language_model.layers.33.self_attn.k_norm/aten::mul/Multiply_1,,jit_avx512_bf16,7.0
Status.EXECUTED,__module.model.language_model.layers.33.self_attn/aten::add/Add_1,,ref_any_bf16,9.0
Status.EXECUTED,__module.model.language_model.layers.33.self_attn.v_proj/aten::linear/MatMul,,brgemm_avx512_bf16,192.0
Status.NOT_RUN,__module.model.language_model.layers.33.self_attn/aten::view/Reshape_2,,unknown_bf16,0.0
Status.EXECUTED,__module.model.language_model.layers.33.self_attn/aten::transpose/Transpose_2,,unknown_bf16,9.0
Status.EXECUTED,__module.model.language_model.layers.33.self_attn/aten::scaled_dot_product_attention/ScaledDotProductAttention,,undef_bf16,114.0
Status.EXECUTED,__module.model.language_model.layers.33.self_attn/aten::transpose/Transpose_3,,unknown_bf16,22.0
Status.NOT_RUN,__module.model.language_model.layers.33.self_attn/aten::reshape/Reshape_2,,unknown_bf16,0.0
Status.EXECUTED,__module.model.language_model.layers.33.self_attn.o_proj/aten::linear/MatMul,,brgemm_avx512_bf16,613.0
Status.EXECUTED,__module.model.language_model.layers.33.self_attn.o_proj/aten::linear/MatMul_bf16_f32___module.model.language_model.layers.33/aten::add/Add,,jit_uni_bf16,26.0
Status.EXECUTED,__module.model.language_model.layers.33/aten::add/Add,,jit_avx512_f32,34.0
Status.EXECUTED,__module.model.language_model.layers.33/aten::add/Add_f32_bf16___module.model.language_model.layers.33.post_attention_layernorm/aten::mul/Multiply_1,,jit_uni_f32,17.0
Status.EXECUTED,__module.model.language_model.layers.33.post_attention_layernorm/aten::mul/Multiply_1,,jit_avx512_bf16,11.0
Status.EXECUTED,__module.model.language_model.layers.33.mlp.gate_proj/aten::linear/MatMul,,brgemm_avx512_bf16,2083.0
Status.NOT_RUN,__module.model.language_model.layers.33.mlp.act_fn/aten::silu/Swish,,undef,0.0
Status.EXECUTED,__module.model.language_model.layers.33.mlp.up_proj/aten::linear/MatMul,,brgemm_avx512_bf16,2027.0000000000002
Status.EXECUTED,__module.model.language_model.layers.33.mlp/aten::mul/Multiply,,jit_avx512_bf16,64.0
Status.EXECUTED,__module.model.language_model.layers.33.mlp.down_proj/aten::linear/MatMul,,brgemm_avx512_bf16,1916.0
Status.EXECUTED,__module.model.language_model.layers.33.mlp.down_proj/aten::linear/MatMul_bf16_f32___module.model.language_model.layers.33/aten::add/Add_1,,jit_uni_bf16,24.0
Status.EXECUTED,__module.model.language_model.layers.33/aten::add/Add_1,,jit_avx512_f32,48.0
Status.EXECUTED,__module.model.language_model.layers.33/aten::add/Add_1_f32_bf16___module.model.language_model.layers.34.input_layernorm/aten::mul/Multiply_1,,jit_uni_f32,23.0
Status.EXECUTED,__module.model.language_model.layers.34.input_layernorm/aten::mul/Multiply_1,,jit_avx512_bf16,19.0
Status.EXECUTED,__module.model.language_model.layers.34.self_attn.q_proj/aten::linear/MatMul,,brgemm_avx512_bf16,606.0
Status.NOT_RUN,__module.model.language_model.layers.34.self_attn/aten::view/Reshape,,unknown_bf16,0.0
Status.EXECUTED,__module.model.language_model.layers.34.self_attn.q_norm/aten::mul/Multiply_1,,jit_avx512_bf16,18.0
Status.EXECUTED,__module.model.language_model.layers.34.self_attn/aten::add/Add,,ref_any_bf16,18.0
Status.EXECUTED,__module.model.language_model.layers.34.self_attn.k_proj/aten::linear/MatMul,,brgemm_avx512_bf16,189.0
Status.NOT_RUN,__module.model.language_model.layers.34.self_attn/aten::view/Reshape_1,,unknown_bf16,0.0
Status.EXECUTED,__module.model.language_model.layers.34.self_attn.k_norm/aten::mul/Multiply_1,,jit_avx512_bf16,7.0
Status.EXECUTED,__module.model.language_model.layers.34.self_attn/aten::add/Add_1,,ref_any_bf16,9.0
Status.EXECUTED,__module.model.language_model.layers.34.self_attn.v_proj/aten::linear/MatMul,,brgemm_avx512_bf16,192.0
Status.NOT_RUN,__module.model.language_model.layers.34.self_attn/aten::view/Reshape_2,,unknown_bf16,0.0
Status.EXECUTED,__module.model.language_model.layers.34.self_attn/aten::transpose/Transpose_2,,unknown_bf16,9.0
Status.EXECUTED,__module.model.language_model.layers.34.self_attn/aten::scaled_dot_product_attention/ScaledDotProductAttention,,undef_bf16,118.0
Status.EXECUTED,__module.model.language_model.layers.34.self_attn/aten::transpose/Transpose_3,,unknown_bf16,22.0
Status.NOT_RUN,__module.model.language_model.layers.34.self_attn/aten::reshape/Reshape_2,,unknown_bf16,0.0
Status.EXECUTED,__module.model.language_model.layers.34.self_attn.o_proj/aten::linear/MatMul,,brgemm_avx512_bf16,655.0
Status.EXECUTED,__module.model.language_model.layers.34.self_attn.o_proj/aten::linear/MatMul_bf16_f32___module.model.language_model.layers.34/aten::add/Add,,jit_uni_bf16,29.0
Status.EXECUTED,__module.model.language_model.layers.34/aten::add/Add,,jit_avx512_f32,35.0
Status.EXECUTED,__module.model.language_model.layers.34/aten::add/Add_f32_bf16___module.model.language_model.layers.34.post_attention_layernorm/aten::mul/Multiply_1,,jit_uni_f32,17.0
Status.EXECUTED,__module.model.language_model.layers.34.post_attention_layernorm/aten::mul/Multiply_1,,jit_avx512_bf16,11.0
Status.EXECUTED,__module.model.language_model.layers.34.mlp.gate_proj/aten::linear/MatMul,,brgemm_avx512_bf16,1779.0
Status.NOT_RUN,__module.model.language_model.layers.34.mlp.act_fn/aten::silu/Swish,,undef,0.0
Status.EXECUTED,__module.model.language_model.layers.34.mlp.up_proj/aten::linear/MatMul,,brgemm_avx512_bf16,2276.0
Status.EXECUTED,__module.model.language_model.layers.34.mlp/aten::mul/Multiply,,jit_avx512_bf16,63.0
Status.EXECUTED,__module.model.language_model.layers.34.mlp.down_proj/aten::linear/MatMul,,brgemm_avx512_bf16,1813.0
Status.EXECUTED,__module.model.language_model.layers.34.mlp.down_proj/aten::linear/MatMul_bf16_f32___module.model.language_model.layers.34/aten::add/Add_1,,jit_uni_bf16,23.0
Status.EXECUTED,__module.model.language_model.layers.34/aten::add/Add_1,,jit_avx512_f32,37.0
Status.EXECUTED,__module.model.language_model.layers.34/aten::add/Add_1_f32_bf16___module.model.language_model.layers.35.input_layernorm/aten::mul/Multiply_1,,jit_uni_f32,23.0
Status.EXECUTED,__module.model.language_model.layers.35.input_layernorm/aten::mul/Multiply_1,,jit_avx512_bf16,18.0
Status.EXECUTED,__module.model.language_model.layers.35.self_attn.q_proj/aten::linear/MatMul,,brgemm_avx512_bf16,619.0
Status.NOT_RUN,__module.model.language_model.layers.35.self_attn/aten::view/Reshape_2,,unknown_bf16,0.0
Status.EXECUTED,__module.model.language_model.layers.35.self_attn.q_norm/aten::mul/Multiply_1,,jit_avx512_bf16,17.0
Status.EXECUTED,__module.model.language_model.layers.35.self_attn/aten::add/Add_1,,ref_any_bf16,18.0
Status.EXECUTED,__module.model.language_model.layers.35.self_attn.k_proj/aten::linear/MatMul,,brgemm_avx512_bf16,197.0
Status.NOT_RUN,__module.model.language_model.layers.35.self_attn/aten::view/Reshape_1,,unknown_bf16,0.0
Status.EXECUTED,__module.model.language_model.layers.35.self_attn.k_norm/aten::mul/Multiply_1,,jit_avx512_bf16,7.0
Status.EXECUTED,__module.model.language_model.layers.35.self_attn/aten::add/Add,,ref_any_bf16,10.0
Status.EXECUTED,__module.model.language_model.layers.35.self_attn.v_proj/aten::linear/MatMul,,brgemm_avx512_bf16,219.0
Status.NOT_RUN,__module.model.language_model.layers.35.self_attn/aten::view/Reshape,,unknown_bf16,0.0
Status.EXECUTED,__module.model.language_model.layers.35.self_attn/aten::transpose/Transpose,,unknown_bf16,13.0
Status.EXECUTED,__module.model.language_model.layers.35.self_attn/aten::scaled_dot_product_attention/ScaledDotProductAttention,,undef_bf16,111.0
Status.EXECUTED,__module.model.language_model.layers.35.self_attn/aten::transpose/Transpose_3,,unknown_bf16,26.0
Status.NOT_RUN,__module.model.language_model.layers.35.self_attn/aten::reshape/Reshape_2,,unknown_bf16,0.0
Status.EXECUTED,__module.model.language_model.layers.35.self_attn.o_proj/aten::linear/MatMul,,brgemm_avx512_bf16,660.0
Status.EXECUTED,__module.model.language_model.layers.35.self_attn.o_proj/aten::linear/MatMul_bf16_f32___module.model.language_model.layers.35/aten::add/Add,,jit_uni_bf16,30.0
Status.EXECUTED,__module.model.language_model.layers.35/aten::add/Add,,jit_avx512_f32,41.0
Status.EXECUTED,__module.model.language_model.layers.35/aten::add/Add_f32_bf16___module.model.language_model.layers.35.post_attention_layernorm/aten::mul/Multiply_1,,jit_uni_f32,17.0
Status.EXECUTED,__module.model.language_model.layers.35.post_attention_layernorm/aten::mul/Multiply_1,,jit_avx512_bf16,18.0
Status.EXECUTED,__module.model.language_model.layers.35.mlp.gate_proj/aten::linear/MatMul,,brgemm_avx512_bf16,2045.0
Status.NOT_RUN,__module.model.language_model.layers.35.mlp.act_fn/aten::silu/Swish,,undef,0.0
Status.EXECUTED,__module.model.language_model.layers.35.mlp.up_proj/aten::linear/MatMul,,brgemm_avx512_bf16,1771.0
Status.EXECUTED,__module.model.language_model.layers.35.mlp/aten::mul/Multiply,,jit_avx512_bf16,59.0
Status.EXECUTED,__module.model.language_model.layers.35.mlp.down_proj/aten::linear/MatMul,,brgemm_avx512_bf16,1806.0
Status.EXECUTED,__module.model.language_model.layers.35.mlp.down_proj/aten::linear/MatMul_bf16_f32___module.model.language_model.layers.35/aten::add/Add_1,,jit_uni_bf16,24.0
Status.EXECUTED,__module.model.language_model.layers.35/aten::add/Add_1,,jit_avx512_f32,41.0
Status.EXECUTED,__module.model.language_model.layers.35/aten::add/Add_1_f32_bf16___module.model.language_model.norm/aten::mul/Multiply_1,,jit_uni_f32,23.0
Status.EXECUTED,__module.model.language_model.norm/aten::mul/Multiply_1,,jit_avx512_bf16,12.0
Status.EXECUTED,__module.lm_head/aten::linear/MatMul,,brgemm_avx512_bf16,29239.0
Status.EXECUTED,__module.lm_head/aten::linear/MatMul_bf16_f32_Result_44730,,jit_uni_bf16,1491.0
Status.NOT_RUN,Result_44730,,unknown_f32,0.0
Status.NOT_RUN,Result_15617,,unknown_f32,0.0
Status.EXECUTED,__module.model.language_model.norm/aten::pow/Power,,jit_avx512_f32,45.0
Status.NOT_RUN,Result_15618,,unknown_f32,0.0
Status.NOT_RUN,stub_0___module.model.language_model/aten::index/Split,,unknown_i32,0.0
Status.EXECUTED,Assign_123263,,unknown_f32,2.0
Status.EXECUTED,Assign_123121,,unknown_f32,1.0
Status.NOT_RUN,Assign_123123,,unknown_f32,0.0
Status.NOT_RUN,Assign_123125,,unknown_f32,0.0
Status.NOT_RUN,Assign_123127,,unknown_f32,0.0
Status.NOT_RUN,Assign_123169,,unknown_f32,0.0
Status.NOT_RUN,Assign_123171,,unknown_f32,0.0
Status.EXECUTED,Assign_123213,,unknown_f32,1.0
Status.NOT_RUN,Assign_123215,,unknown_f32,0.0
Status.NOT_RUN,Assign_123241,,unknown_f32,0.0
Status.NOT_RUN,Assign_123243,,unknown_f32,0.0
Status.NOT_RUN,Assign_123245,,unknown_f32,0.0
Status.NOT_RUN,Assign_123247,,unknown_f32,0.0
Status.NOT_RUN,Assign_123249,,unknown_f32,0.0
Status.NOT_RUN,Assign_123251,,unknown_f32,0.0
Status.NOT_RUN,Assign_123253,,unknown_f32,0.0
Status.NOT_RUN,Assign_123255,,unknown_f32,0.0
Status.NOT_RUN,Assign_123257,,unknown_f32,0.0
Status.NOT_RUN,Assign_123259,,unknown_f32,0.0
Status.NOT_RUN,Assign_123261,,unknown_f32,0.0
Status.NOT_RUN,Assign_123239,,unknown_f32,0.0
Status.NOT_RUN,Assign_123129,,unknown_f32,0.0
Status.NOT_RUN,Assign_123131,,unknown_f32,0.0
Status.NOT_RUN,Assign_123133,,unknown_f32,0.0
Status.NOT_RUN,Assign_123135,,unknown_f32,0.0
Status.EXECUTED,Assign_123137,,unknown_f32,1.0
Status.NOT_RUN,Assign_123139,,unknown_f32,0.0
Status.EXECUTED,Assign_123141,,unknown_f32,1.0
Status.NOT_RUN,Assign_123143,,unknown_f32,0.0
Status.NOT_RUN,Assign_123145,,unknown_f32,0.0
Status.NOT_RUN,Assign_123147,,unknown_f32,0.0
Status.EXECUTED,Assign_123149,,unknown_f32,1.0
Status.NOT_RUN,Assign_123151,,unknown_f32,0.0
Status.NOT_RUN,Assign_123153,,unknown_f32,0.0
Status.NOT_RUN,Assign_123155,,unknown_f32,0.0
Status.NOT_RUN,Assign_123157,,unknown_f32,0.0
Status.NOT_RUN,Assign_123159,,unknown_f32,0.0
Status.NOT_RUN,Assign_123161,,unknown_f32,0.0
Status.NOT_RUN,Assign_123163,,unknown_f32,0.0
Status.NOT_RUN,Assign_123165,,unknown_f32,0.0
Status.NOT_RUN,Assign_123167,,unknown_f32,0.0
Status.NOT_RUN,Assign_123173,,unknown_f32,0.0
Status.NOT_RUN,Assign_123175,,unknown_f32,0.0
Status.NOT_RUN,Assign_123177,,unknown_f32,0.0
Status.NOT_RUN,Assign_123179,,unknown_f32,0.0
Status.NOT_RUN,Assign_123181,,unknown_f32,0.0
Status.NOT_RUN,Assign_123183,,unknown_f32,0.0
Status.EXECUTED,Assign_123185,,unknown_f32,1.0
Status.NOT_RUN,Assign_123187,,unknown_f32,0.0
Status.NOT_RUN,Assign_123189,,unknown_f32,0.0
Status.NOT_RUN,Assign_123191,,unknown_f32,0.0
Status.NOT_RUN,Assign_123193,,unknown_f32,0.0
Status.NOT_RUN,Assign_123195,,unknown_f32,0.0
Status.EXECUTED,Assign_123197,,unknown_f32,1.0
Status.NOT_RUN,Assign_123199,,unknown_f32,0.0
Status.EXECUTED,Assign_123201,,unknown_f32,1.0
Status.NOT_RUN,Assign_123203,,unknown_f32,0.0
Status.NOT_RUN,Assign_123205,,unknown_f32,0.0
Status.NOT_RUN,Assign_123207,,unknown_f32,0.0
Status.NOT_RUN,Assign_123209,,unknown_f32,0.0
Status.NOT_RUN,Assign_123211,,unknown_f32,0.0
Status.NOT_RUN,Assign_123217,,unknown_f32,0.0
Status.NOT_RUN,Assign_123219,,unknown_f32,0.0
Status.EXECUTED,Assign_123221,,unknown_f32,1.0
Status.NOT_RUN,Assign_123223,,unknown_f32,0.0
Status.NOT_RUN,Assign_123225,,unknown_f32,0.0
Status.NOT_RUN,Assign_123227,,unknown_f32,0.0
Status.NOT_RUN,Assign_123229,,unknown_f32,0.0
Status.NOT_RUN,Assign_123231,,unknown_f32,0.0
Status.NOT_RUN,Assign_123233,,unknown_f32,0.0
Status.NOT_RUN,Assign_123235,,unknown_f32,0.0
Status.NOT_RUN,Assign_123237,,unknown_f32,0.0
