status,node_name,layer_type,exec_type,real_time
Status.NOT_RUN,inputs_embeds,,unknown_f32,0.0
Status.EXECUTED,ShapeOf_39958,,ref_f32,1.0
Status.NOT_RUN,Gather_39961,,unknown_i32,0.0
Status.EXECUTED,Concat_123800,,ref_i32,3.0
Status.EXECUTED,Broadcast_123803,,ref_f32,1.0
Status.EXECUTED,ReadValue_123262,,unknown_f32,2.0
Status.EXECUTED,ReadValue_123120,,unknown_f32,1.0
Status.EXECUTED,ReadValue_123122,,unknown_f32,1.0
Status.EXECUTED,ReadValue_123124,,unknown_f32,1.0
Status.EXECUTED,ReadValue_123126,,unknown_f32,1.0
Status.EXECUTED,ReadValue_123168,,unknown_f32,1.0
Status.EXECUTED,ReadValue_123170,,unknown_f32,1.0
Status.EXECUTED,ReadValue_123212,,unknown_f32,1.0
Status.EXECUTED,ReadValue_123214,,unknown_f32,1.0
Status.EXECUTED,ReadValue_123240,,unknown_f32,1.0
Status.EXECUTED,ReadValue_123242,,unknown_f32,1.0
Status.EXECUTED,ReadValue_123244,,unknown_f32,1.0
Status.EXECUTED,ReadValue_123246,,unknown_f32,1.0
Status.EXECUTED,ReadValue_123248,,unknown_f32,1.0
Status.EXECUTED,ReadValue_123250,,unknown_f32,1.0
Status.NOT_RUN,ReadValue_123252,,unknown_f32,0.0
Status.EXECUTED,ReadValue_123254,,unknown_f32,1.0
Status.NOT_RUN,ReadValue_123256,,unknown_f32,0.0
Status.NOT_RUN,ReadValue_123258,,unknown_f32,0.0
Status.NOT_RUN,ReadValue_123260,,unknown_f32,0.0
Status.EXECUTED,ReadValue_123238,,unknown_f32,1.0
Status.NOT_RUN,ReadValue_123128,,unknown_f32,0.0
Status.NOT_RUN,ReadValue_123130,,unknown_f32,0.0
Status.EXECUTED,ReadValue_123132,,unknown_f32,1.0
Status.NOT_RUN,ReadValue_123134,,unknown_f32,0.0
Status.NOT_RUN,ReadValue_123136,,unknown_f32,0.0
Status.EXECUTED,ReadValue_123138,,unknown_f32,1.0
Status.NOT_RUN,ReadValue_123140,,unknown_f32,0.0
Status.NOT_RUN,ReadValue_123142,,unknown_f32,0.0
Status.NOT_RUN,ReadValue_123144,,unknown_f32,0.0
Status.NOT_RUN,ReadValue_123146,,unknown_f32,0.0
Status.NOT_RUN,ReadValue_123148,,unknown_f32,0.0
Status.NOT_RUN,ReadValue_123150,,unknown_f32,0.0
Status.NOT_RUN,ReadValue_123152,,unknown_f32,0.0
Status.NOT_RUN,ReadValue_123154,,unknown_f32,0.0
Status.NOT_RUN,ReadValue_123156,,unknown_f32,0.0
Status.NOT_RUN,ReadValue_123158,,unknown_f32,0.0
Status.EXECUTED,ReadValue_123160,,unknown_f32,1.0
Status.NOT_RUN,ReadValue_123162,,unknown_f32,0.0
Status.NOT_RUN,ReadValue_123164,,unknown_f32,0.0
Status.EXECUTED,ReadValue_123166,,unknown_f32,1.0
Status.NOT_RUN,ReadValue_123172,,unknown_f32,0.0
Status.NOT_RUN,ReadValue_123174,,unknown_f32,0.0
Status.NOT_RUN,ReadValue_123176,,unknown_f32,0.0
Status.NOT_RUN,ReadValue_123178,,unknown_f32,0.0
Status.NOT_RUN,ReadValue_123180,,unknown_f32,0.0
Status.NOT_RUN,ReadValue_123182,,unknown_f32,0.0
Status.NOT_RUN,ReadValue_123184,,unknown_f32,0.0
Status.NOT_RUN,ReadValue_123186,,unknown_f32,0.0
Status.NOT_RUN,ReadValue_123188,,unknown_f32,0.0
Status.NOT_RUN,ReadValue_123190,,unknown_f32,0.0
Status.NOT_RUN,ReadValue_123192,,unknown_f32,0.0
Status.NOT_RUN,ReadValue_123194,,unknown_f32,0.0
Status.NOT_RUN,ReadValue_123196,,unknown_f32,0.0
Status.NOT_RUN,ReadValue_123198,,unknown_f32,0.0
Status.NOT_RUN,ReadValue_123200,,unknown_f32,0.0
Status.NOT_RUN,ReadValue_123202,,unknown_f32,0.0
Status.NOT_RUN,ReadValue_123204,,unknown_f32,0.0
Status.NOT_RUN,ReadValue_123206,,unknown_f32,0.0
Status.NOT_RUN,ReadValue_123208,,unknown_f32,0.0
Status.NOT_RUN,ReadValue_123210,,unknown_f32,0.0
Status.NOT_RUN,ReadValue_123216,,unknown_f32,0.0
Status.NOT_RUN,ReadValue_123218,,unknown_f32,0.0
Status.NOT_RUN,ReadValue_123220,,unknown_f32,0.0
Status.NOT_RUN,ReadValue_123222,,unknown_f32,0.0
Status.NOT_RUN,ReadValue_123224,,unknown_f32,0.0
Status.NOT_RUN,ReadValue_123226,,unknown_f32,0.0
Status.NOT_RUN,ReadValue_123228,,unknown_f32,0.0
Status.NOT_RUN,ReadValue_123230,,unknown_f32,0.0
Status.NOT_RUN,ReadValue_123232,,unknown_f32,0.0
Status.NOT_RUN,ReadValue_123234,,unknown_f32,0.0
Status.NOT_RUN,ReadValue_123236,,unknown_f32,0.0
Status.EXECUTED,inputs_embeds_f32_bf16___module.model.language_model.layers.0.input_layernorm/aten::mul/Multiply_1,,jit_uni_f32,50.0
Status.EXECUTED,__module.model.language_model.layers.0.input_layernorm/aten::mul/Multiply_1,,jit_avx512_bf16,20.0
Status.EXECUTED,__module.model.language_model.layers.0.self_attn.q_proj/aten::linear/MatMul,,brgemm_avx512_bf16,1408.0
Status.NOT_RUN,__module.model.language_model.layers.0.self_attn/aten::view/Reshape,,unknown_bf16,0.0
Status.EXECUTED,__module.model.language_model.layers.0.self_attn.q_norm/aten::mul/Multiply_1,,jit_avx512_bf16,20.0
Status.NOT_RUN,position_ids,,unknown_i64,0.0
Status.EXECUTED,Convert_47101,,ref_i64,12.0
Status.NOT_RUN,ShapeOf_39940,,ref_i32,0.0
Status.NOT_RUN,Gather_39943,,unknown_i32,0.0
Status.EXECUTED,__module.model.language_model.rotary_emb/prim::ListConstruct/SequenceMark,,ref_i32,1.0
Status.EXECUTED,Broadcast_49538,,ref_f32,1.0
Status.EXECUTED,__module.model.language_model.rotary_emb/aten::expand/Broadcast,,jit_avx512_f32,8.0
Status.NOT_RUN,__module.model.language_model.rotary_emb/aten::unsqueeze/Unsqueeze_3,,unknown_i32,0.0
Status.EXECUTED,__module.model.language_model.rotary_emb/aten::to/Convert_2,,ref_i32,7.0
Status.EXECUTED,__module.model.language_model.rotary_emb/aten::matmul/MatMul,,brgemm_avx512_f32,20.0
Status.EXECUTED,__module.model.language_model.rotary_emb/aten::transpose/Transpose,,unknown_f32,9.0
Status.EXECUTED,__module.model.language_model.rotary_emb/aten::transpose/Transpose_____module.model.language_model.rotary_emb/aten::select/Gather,,jit_uni_f32,8.0
Status.NOT_RUN,__module.model.language_model.rotary_emb/aten::select/Gather,,unknown_f32,0.0
Status.NOT_RUN,SliceAssign_405/Reshape_0,,unknown_f32,0.0
Status.NOT_RUN,Gather_27555,,ref_f32,0.0
Status.EXECUTED,ShapeOf_98349,,ref_any_i32,1.0
Status.NOT_RUN,SliceAssign_405/ShapeOf,,ref_any_i32,0.0
Status.EXECUTED,SliceAssign_405/ReduceProd,,jit_avx512_i32,4.0
Status.EXECUTED,SliceAssign_405/Range,,ref_any_i32,11.0
Status.NOT_RUN,SliceAssign_405/Reshape,,unknown_i32,0.0
Status.EXECUTED,SliceAssign_405/Slice,,ref_i32,9.0
Status.NOT_RUN,SliceAssign_405/Reshape_1,,unknown_i32,0.0
Status.NOT_RUN,__module.model.language_model.rotary_emb/aten::select/Gather_1,,unknown_f32,0.0
Status.EXECUTED,__module.model.language_model.rotary_emb/aten::slice/Slice_4,,ref_f32,7.0
Status.EXECUTED,__module.model.language_model.rotary_emb/aten::slice/Slice_5,,ref_f32,7.0
Status.NOT_RUN,__module.model.language_model.rotary_emb/aten::copy_/ShapeOf,,ref_f32,0.0
Status.EXECUTED,__module.model.language_model.rotary_emb/aten::copy_/Broadcast,,ref_f32,1.0
Status.NOT_RUN,SliceAssign_405/Reshape_2,,unknown_f32,0.0
Status.EXECUTED,SliceAssign_405/ScatterNDUpdate,,unknown_f32,12.0
Status.NOT_RUN,SliceAssign_405/Reshape_3,,unknown_f32,0.0
Status.NOT_RUN,SliceAssign_434/Reshape_0,,unknown_f32,0.0
Status.EXECUTED,SliceAssign_434/Slice,,ref_i32,8.0
Status.NOT_RUN,SliceAssign_434/Reshape_1,,unknown_i32,0.0
Status.NOT_RUN,GatherAssign_406/Reshape_0,,unknown_f32,0.0
Status.EXECUTED,GatherAssign_406/ReduceProd,,jit_avx512_i32,1.0
Status.EXECUTED,GatherAssign_406/Range,,ref_any_i32,9.0
Status.NOT_RUN,GatherAssign_406/Reshape,,unknown_i32,0.0
Status.NOT_RUN,GatherAssign_406/Gather,,unknown_i32,0.0
Status.NOT_RUN,GatherAssign_406/Reshape_1,,unknown_i32,0.0
Status.EXECUTED,GatherAssign_406/ScatterNDUpdate,,unknown_f32,10.0
Status.NOT_RUN,GatherAssign_406/Reshape_3,,unknown_f32,0.0
Status.NOT_RUN,__module.model.language_model.rotary_emb/aten::select/Gather_2,,unknown_f32,0.0
Status.EXECUTED,__module.model.language_model.rotary_emb/aten::slice/Slice_6,,ref_f32,7.0
Status.EXECUTED,__module.model.language_model.rotary_emb/aten::copy_/Broadcast_1,,ref_f32,1.0
Status.NOT_RUN,SliceAssign_434/Reshape_2,,unknown_f32,0.0
Status.EXECUTED,SliceAssign_434/ScatterNDUpdate,,unknown_f32,7.0
Status.NOT_RUN,SliceAssign_434/Reshape_3,,unknown_f32,0.0
Status.EXECUTED,__module.model.language_model.rotary_emb/aten::cat/Concat,,ref_f32,9.0
Status.EXECUTED,__module.model.language_model.rotary_emb/aten::cos/Cos,,ref_any_f32,12.0
Status.NOT_RUN,__module.model.language_model.layers.0.self_attn/aten::unsqueeze/Unsqueeze,,unknown_f32,0.0
Status.EXECUTED,__module.model.language_model.rotary_emb/aten::sin/Sin,,ref_any_f32,12.0
Status.NOT_RUN,__module.model.language_model.layers.0.self_attn/aten::unsqueeze/Unsqueeze_1,,unknown_f32,0.0
Status.EXECUTED,__module.model.language_model.layers.0.self_attn/aten::add/Add,,ref_any_bf16,24.0
Status.EXECUTED,__module.model.language_model.layers.0.self_attn.k_proj/aten::linear/MatMul,,brgemm_avx512_bf16,388.0
Status.NOT_RUN,__module.model.language_model.layers.0.self_attn/aten::view/Reshape_1,,unknown_bf16,0.0
Status.EXECUTED,__module.model.language_model.layers.0.self_attn.k_norm/aten::mul/Multiply_1,,jit_avx512_bf16,8.0
Status.EXECUTED,__module.model.language_model.layers.0.self_attn/aten::add/Add_1,,ref_any_bf16,10.0
Status.EXECUTED,__module.model.language_model.layers.0.self_attn.v_proj/aten::linear/MatMul,,brgemm_avx512_bf16,381.0
Status.NOT_RUN,__module.model.language_model.layers.0.self_attn/aten::view/Reshape_2,,unknown_bf16,0.0
Status.EXECUTED,__module.model.language_model.layers.0.self_attn/aten::transpose/Transpose_2,,unknown_bf16,12.0
Status.NOT_RUN,ShapeOf_39970,,ref_f32,0.0
Status.NOT_RUN,Gather_39973,,unknown_i32,0.0
Status.NOT_RUN,Gather_39977,,unknown_i32,0.0
Status.EXECUTED,__module.model.language_model/aten::add/Add_1,,jit_avx512_i32,5.0
Status.EXECUTED,__module.model.language_model/aten::arange/Range_1,,ref_any_i32,5.0
Status.NOT_RUN,__module.model.language_model/aten::unsqueeze/Unsqueeze_2,,unknown_i32,0.0
Status.EXECUTED,__module.model.language_model/aten::arange/Range,,ref_any_i32,5.0
Status.NOT_RUN,__module.model.language_model/aten::unsqueeze/Unsqueeze_5,,unknown_i32,0.0
Status.NOT_RUN,attention_mask,,unknown_i64,0.0
Status.EXECUTED,Convert_47366,,ref_i64,6.0
Status.EXECUTED,Abs_47367,,jit_avx512_i32,4.0
Status.NOT_RUN,Clamp_47368,,undef,0.0
Status.EXECUTED,__module.model.language_model/aten::to/Convert_1,,ref_i32,5.0
Status.NOT_RUN,ShapeOf_47370,,ref_I8,0.0
Status.EXECUTED,__module.model.language_model/aten::index/ReduceProd,,jit_avx512_i32,1.0
Status.NOT_RUN,__module.model.language_model/aten::index/Concat,,ref_i32,0.0
Status.NOT_RUN,__module.model.language_model/aten::index/Reshape,,unknown_I8,0.0
Status.NOT_RUN,Squeeze_39978,,unknown_i32,0.0
Status.EXECUTED,__module.model.language_model/aten::arange/Range_2,,ref_any_i32,4.0
Status.NOT_RUN,__module.model.language_model/aten::unsqueeze/Unsqueeze_8,,unknown_i32,0.0
Status.NOT_RUN,__module.model.language_model/aten::index/Split,,unknown_i32,0.0
Status.EXECUTED,__module.model.language_model/aten::index/Multiply,,jit_avx512_i32,5.0
Status.NOT_RUN,__module.model.language_model/aten::index/Add,,undef,0.0
Status.EXECUTED,__module.model.language_model/aten::index/Gather,,jit_avx512_I8,7.0
Status.NOT_RUN,__module.model.language_model/aten::index/Reshape_8,,unknown_I8,0.0
Status.NOT_RUN,ShapeOf_47423,,ref_i32,0.0
Status.NOT_RUN,__module.model.language_model/aten::index/Reshape_12,,unknown_I8,0.0
Status.NOT_RUN,Reshape_39982,,unknown_i32,0.0
Status.NOT_RUN,Unsqueeze_262,,unknown_i32,0.0
Status.EXECUTED,__module.model.language_model/prim::ListConstruct/SequenceMark,,ref_i32,1.0
Status.EXECUTED,Broadcast_49552,,ref_I8,2.0
Status.EXECUTED,__module.model.language_model/aten::le/LessEqual,,jit_avx512_i32,8.0
Status.NOT_RUN,__module.model.language_model/aten::__and__/BitwiseAnd,,undef,0.0
Status.NOT_RUN,__module.model.language_model/aten::__and__/BitwiseAnd_1,,undef,0.0
Status.NOT_RUN,__module.model.language_model/aten::expand/Broadcast,,undef,0.0
Status.NOT_RUN,__module.model.language_model/aten::where/Select,,undef,0.0
Status.NOT_RUN,Reshape_39986,,unknown_i32,0.0
Status.EXECUTED,Add_110774,,jit_avx512_i32,4.0
Status.EXECUTED,__module.model.language_model.layers.0.self_attn/aten::slice/Slice_15,,ref_bf16,4.0
Status.NOT_RUN,beam_idx,,unknown_i32,0.0
Status.EXECUTED,__module.model.language_model.layers.0.self_attn/aten::scaled_dot_product_attention/ScaledDotProductAttention,,avx512_bf16,272.0
Status.EXECUTED,__module.model.language_model.layers.0.self_attn/aten::transpose/Transpose_3,,unknown_bf16,32.0
Status.NOT_RUN,__module.model.language_model.layers.0.self_attn/aten::reshape/Reshape_2,,unknown_bf16,0.0
Status.EXECUTED,__module.model.language_model.layers.0.self_attn.o_proj/aten::linear/MatMul,,brgemm_avx512_bf16,1381.0
Status.EXECUTED,__module.model.language_model.layers.0.self_attn.o_proj/aten::linear/MatMul_bf16_f32___module.model.language_model.layers.0/aten::add/Add,,jit_uni_bf16,59.0
Status.EXECUTED,__module.model.language_model.layers.0/aten::add/Add,,jit_avx512_f32,57.0
Status.EXECUTED,__module.model.language_model.layers.0/aten::add/Add_f32_bf16___module.model.language_model.layers.0.post_attention_layernorm/aten::mul/Multiply_1,,jit_uni_f32,24.0
Status.EXECUTED,__module.model.language_model.layers.0.post_attention_layernorm/aten::mul/Multiply_1,,jit_avx512_bf16,21.0
Status.EXECUTED,__module.model.language_model.layers.0.mlp.gate_proj/aten::linear/MatMul,,brgemm_avx512_bf16,3930.9999999999995
Status.NOT_RUN,__module.model.language_model.layers.0.mlp.act_fn/aten::silu/Swish,,undef,0.0
Status.EXECUTED,__module.model.language_model.layers.0.mlp.up_proj/aten::linear/MatMul,,brgemm_avx512_bf16,3889.0
Status.EXECUTED,__module.model.language_model.layers.0.mlp/aten::mul/Multiply,,jit_avx512_bf16,113.0
Status.EXECUTED,__module.model.language_model.layers.0.mlp.down_proj/aten::linear/MatMul,,brgemm_avx512_bf16,3890.0
Status.EXECUTED,__module.model.language_model.layers.0.mlp.down_proj/aten::linear/MatMul_bf16_f32___module.model.language_model.layers.0/aten::add/Add_1,,jit_uni_bf16,60.0
Status.EXECUTED,__module.model.language_model.layers.0/aten::add/Add_1,,jit_avx512_f32,64.0
Status.EXECUTED,__module.model.language_model.layers.0/aten::add/Add_1___SliceAssign_1703/Reshape_0,,jit_uni_f32,25.0
Status.NOT_RUN,SliceAssign_1703/Reshape_0,,unknown_f32,0.0
Status.EXECUTED,SliceAssign_1703/ReduceProd,,jit_avx512_i32,3.0
Status.EXECUTED,SliceAssign_1703/Range,,ref_any_i32,43.0
Status.NOT_RUN,SliceAssign_1703/Reshape,,unknown_i32,0.0
Status.NOT_RUN,SliceAssign_1703/Reshape_1,,unknown_i32,0.0
Status.NOT_RUN,visual_pos_masks,,unknown_boolean,0.0
Status.EXECUTED,Convert_47102,,ref_boolean,13.0
Status.EXECUTED,__module.model.language_model/aten::index_put_/NonZero,,ref_I8,4.0
Status.NOT_RUN,__module.model.language_model/aten::index_put_/Transpose,,unknown_i32,0.0
Status.NOT_RUN,__module.model.language_model/aten::index/GatherND,,ref_any_f32,0.0
Status.NOT_RUN,deepstack_visual_embeds,,unknown_f32,0.0
Status.NOT_RUN,__module.model.language_model/aten::select/Gather,,ref_any_f32,0.0
Status.NOT_RUN,__module.model.language_model/aten::add/Add_3,,jit_avx512_f32,0.0
Status.NOT_RUN,__module.model.language_model/aten::index_put_/ScatterNDUpdate,,unknown_f32,0.0
Status.NOT_RUN,SliceAssign_1703/Reshape_2,,unknown_f32,0.0
Status.EXECUTED,SliceAssign_1703/ScatterNDUpdate,,unknown_f32,148.0
Status.NOT_RUN,SliceAssign_1703/Reshape_3,,unknown_f32,0.0
Status.EXECUTED,SliceAssign_1703/Reshape_3_f32_bf16___module.model.language_model.layers.1.input_layernorm/aten::mul/Multiply_1,,jit_uni_f32,18.0
Status.EXECUTED,__module.model.language_model.layers.1.input_layernorm/aten::mul/Multiply_1,,jit_avx512_bf16,22.0
Status.EXECUTED,__module.model.language_model.layers.1.self_attn.q_proj/aten::linear/MatMul,,brgemm_avx512_bf16,1413.0
Status.NOT_RUN,__module.model.language_model.layers.1.self_attn/aten::view/Reshape,,unknown_bf16,0.0
Status.EXECUTED,__module.model.language_model.layers.1.self_attn.q_norm/aten::mul/Multiply_1,,jit_avx512_bf16,23.0
Status.EXECUTED,__module.model.language_model.layers.1.self_attn/aten::add/Add,,ref_any_bf16,23.0
Status.EXECUTED,__module.model.language_model.layers.1.self_attn.k_proj/aten::linear/MatMul,,brgemm_avx512_bf16,386.0
Status.NOT_RUN,__module.model.language_model.layers.1.self_attn/aten::view/Reshape_1,,unknown_bf16,0.0
Status.EXECUTED,__module.model.language_model.layers.1.self_attn.k_norm/aten::mul/Multiply_1,,jit_avx512_bf16,12.0
Status.EXECUTED,__module.model.language_model.layers.1.self_attn/aten::add/Add_1,,ref_any_bf16,11.0
Status.EXECUTED,__module.model.language_model.layers.1.self_attn.v_proj/aten::linear/MatMul,,brgemm_avx512_bf16,383.0
Status.NOT_RUN,__module.model.language_model.layers.1.self_attn/aten::view/Reshape_2,,unknown_bf16,0.0
Status.EXECUTED,__module.model.language_model.layers.1.self_attn/aten::transpose/Transpose_2,,unknown_bf16,12.0
Status.EXECUTED,__module.model.language_model.layers.1.self_attn/aten::scaled_dot_product_attention/ScaledDotProductAttention,,undef_bf16,205.0
Status.EXECUTED,__module.model.language_model.layers.1.self_attn/aten::transpose/Transpose_3,,unknown_bf16,31.0
Status.NOT_RUN,__module.model.language_model.layers.1.self_attn/aten::reshape/Reshape_2,,unknown_bf16,0.0
Status.EXECUTED,__module.model.language_model.layers.1.self_attn.o_proj/aten::linear/MatMul,,brgemm_avx512_bf16,1378.0
Status.EXECUTED,__module.model.language_model.layers.1.self_attn.o_proj/aten::linear/MatMul_bf16_f32___module.model.language_model.layers.1/aten::add/Add,,jit_uni_bf16,60.0
Status.EXECUTED,__module.model.language_model.layers.1/aten::add/Add,,jit_avx512_f32,60.0
Status.EXECUTED,__module.model.language_model.layers.1/aten::add/Add_f32_bf16___module.model.language_model.layers.1.post_attention_layernorm/aten::mul/Multiply_1,,jit_uni_f32,23.0
Status.EXECUTED,__module.model.language_model.layers.1.post_attention_layernorm/aten::mul/Multiply_1,,jit_avx512_bf16,30.0
Status.EXECUTED,__module.model.language_model.layers.1.mlp.gate_proj/aten::linear/MatMul,,brgemm_avx512_bf16,3941.0
Status.NOT_RUN,__module.model.language_model.layers.1.mlp.act_fn/aten::silu/Swish,,undef,0.0
Status.EXECUTED,__module.model.language_model.layers.1.mlp.up_proj/aten::linear/MatMul,,brgemm_avx512_bf16,3904.0
Status.EXECUTED,__module.model.language_model.layers.1.mlp/aten::mul/Multiply,,jit_avx512_bf16,114.0
Status.EXECUTED,__module.model.language_model.layers.1.mlp.down_proj/aten::linear/MatMul,,brgemm_avx512_bf16,3874.0
Status.EXECUTED,__module.model.language_model.layers.1.mlp.down_proj/aten::linear/MatMul_bf16_f32___module.model.language_model.layers.1/aten::add/Add_1,,jit_uni_bf16,63.0
Status.EXECUTED,__module.model.language_model.layers.1/aten::add/Add_1,,jit_avx512_f32,60.0
Status.EXECUTED,__module.model.language_model.layers.1/aten::add/Add_1___SliceAssign_2954/Reshape_0,,jit_uni_f32,25.0
Status.NOT_RUN,SliceAssign_2954/Reshape_0,,unknown_f32,0.0
Status.NOT_RUN,__module.model.language_model/aten::index/GatherND_1,,ref_any_f32,0.0
Status.NOT_RUN,__module.model.language_model/aten::select/Gather_1,,ref_any_f32,0.0
Status.NOT_RUN,__module.model.language_model/aten::add/Add_4,,jit_avx512_f32,0.0
Status.EXECUTED,__module.model.language_model/aten::index_put_/ScatterNDUpdate_1,,unknown_f32,2.0
Status.NOT_RUN,SliceAssign_2954/Reshape_2,,unknown_f32,0.0
Status.EXECUTED,SliceAssign_2954/ScatterNDUpdate,,unknown_f32,155.0
Status.NOT_RUN,SliceAssign_2954/Reshape_3,,unknown_f32,0.0
Status.EXECUTED,SliceAssign_2954/Reshape_3_f32_bf16___module.model.language_model.layers.2.input_layernorm/aten::mul/Multiply_1,,jit_uni_f32,17.0
Status.EXECUTED,__module.model.language_model.layers.2.input_layernorm/aten::mul/Multiply_1,,jit_avx512_bf16,16.0
Status.EXECUTED,__module.model.language_model.layers.2.self_attn.q_proj/aten::linear/MatMul,,brgemm_avx512_bf16,1410.0
Status.NOT_RUN,__module.model.language_model.layers.2.self_attn/aten::view/Reshape,,unknown_bf16,0.0
Status.EXECUTED,__module.model.language_model.layers.2.self_attn.q_norm/aten::mul/Multiply_1,,jit_avx512_bf16,25.0
Status.EXECUTED,__module.model.language_model.layers.2.self_attn/aten::add/Add,,ref_any_bf16,24.0
Status.EXECUTED,__module.model.language_model.layers.2.self_attn.k_proj/aten::linear/MatMul,,brgemm_avx512_bf16,390.0
Status.NOT_RUN,__module.model.language_model.layers.2.self_attn/aten::view/Reshape_1,,unknown_bf16,0.0
Status.EXECUTED,__module.model.language_model.layers.2.self_attn.k_norm/aten::mul/Multiply_1,,jit_avx512_bf16,9.0
Status.EXECUTED,__module.model.language_model.layers.2.self_attn/aten::add/Add_1,,ref_any_bf16,12.0
Status.EXECUTED,__module.model.language_model.layers.2.self_attn.v_proj/aten::linear/MatMul,,brgemm_avx512_bf16,387.0
Status.NOT_RUN,__module.model.language_model.layers.2.self_attn/aten::view/Reshape_2,,unknown_bf16,0.0
Status.EXECUTED,__module.model.language_model.layers.2.self_attn/aten::transpose/Transpose_2,,unknown_bf16,11.0
Status.EXECUTED,__module.model.language_model.layers.2.self_attn/aten::scaled_dot_product_attention/ScaledDotProductAttention,,undef_bf16,205.0
Status.EXECUTED,__module.model.language_model.layers.2.self_attn/aten::transpose/Transpose_3,,unknown_bf16,26.0
Status.NOT_RUN,__module.model.language_model.layers.2.self_attn/aten::reshape/Reshape_2,,unknown_bf16,0.0
Status.EXECUTED,__module.model.language_model.layers.2.self_attn.o_proj/aten::linear/MatMul,,brgemm_avx512_bf16,1393.0
Status.EXECUTED,__module.model.language_model.layers.2.self_attn.o_proj/aten::linear/MatMul_bf16_f32___module.model.language_model.layers.2/aten::add/Add,,jit_uni_bf16,58.0
Status.EXECUTED,__module.model.language_model.layers.2/aten::add/Add,,jit_avx512_f32,59.0
Status.EXECUTED,__module.model.language_model.layers.2/aten::add/Add_f32_bf16___module.model.language_model.layers.2.post_attention_layernorm/aten::mul/Multiply_1,,jit_uni_f32,24.0
Status.EXECUTED,__module.model.language_model.layers.2.post_attention_layernorm/aten::mul/Multiply_1,,jit_avx512_bf16,18.0
Status.EXECUTED,__module.model.language_model.layers.2.mlp.gate_proj/aten::linear/MatMul,,brgemm_avx512_bf16,3930.0000000000005
Status.NOT_RUN,__module.model.language_model.layers.2.mlp.act_fn/aten::silu/Swish,,undef,0.0
Status.EXECUTED,__module.model.language_model.layers.2.mlp.up_proj/aten::linear/MatMul,,brgemm_avx512_bf16,3873.0
Status.EXECUTED,__module.model.language_model.layers.2.mlp/aten::mul/Multiply,,jit_avx512_bf16,110.0
Status.EXECUTED,__module.model.language_model.layers.2.mlp.down_proj/aten::linear/MatMul,,brgemm_avx512_bf16,4074.0000000000005
Status.EXECUTED,__module.model.language_model.layers.2.mlp.down_proj/aten::linear/MatMul_bf16_f32___module.model.language_model.layers.2/aten::add/Add_1,,jit_uni_bf16,60.0
Status.EXECUTED,__module.model.language_model.layers.2/aten::add/Add_1,,jit_avx512_f32,60.0
Status.EXECUTED,__module.model.language_model.layers.2/aten::add/Add_1___SliceAssign_4205/Reshape_0,,jit_uni_f32,25.0
Status.NOT_RUN,SliceAssign_4205/Reshape_0,,unknown_f32,0.0
Status.NOT_RUN,__module.model.language_model/aten::index/GatherND_2,,ref_any_f32,0.0
Status.NOT_RUN,__module.model.language_model/aten::select/Gather_2,,ref_any_f32,0.0
Status.NOT_RUN,__module.model.language_model/aten::add/Add_5,,jit_avx512_f32,0.0
Status.EXECUTED,__module.model.language_model/aten::index_put_/ScatterNDUpdate_2,,unknown_f32,2.0
Status.NOT_RUN,SliceAssign_4205/Reshape_2,,unknown_f32,0.0
Status.EXECUTED,SliceAssign_4205/ScatterNDUpdate,,unknown_f32,152.0
Status.NOT_RUN,SliceAssign_4205/Reshape_3,,unknown_f32,0.0
Status.EXECUTED,SliceAssign_4205/Reshape_3_f32_bf16___module.model.language_model.layers.3.input_layernorm/aten::mul/Multiply_1,,jit_uni_f32,15.0
Status.EXECUTED,__module.model.language_model.layers.3.input_layernorm/aten::mul/Multiply_1,,jit_avx512_bf16,16.0
Status.EXECUTED,__module.model.language_model.layers.3.self_attn.q_proj/aten::linear/MatMul,,brgemm_avx512_bf16,1390.0
Status.NOT_RUN,__module.model.language_model.layers.3.self_attn/aten::view/Reshape,,unknown_bf16,0.0
Status.EXECUTED,__module.model.language_model.layers.3.self_attn.q_norm/aten::mul/Multiply_1,,jit_avx512_bf16,26.0
Status.EXECUTED,__module.model.language_model.layers.3.self_attn/aten::add/Add,,ref_any_bf16,24.0
Status.EXECUTED,__module.model.language_model.layers.3.self_attn.k_proj/aten::linear/MatMul,,brgemm_avx512_bf16,386.0
Status.NOT_RUN,__module.model.language_model.layers.3.self_attn/aten::view/Reshape_1,,unknown_bf16,0.0
Status.EXECUTED,__module.model.language_model.layers.3.self_attn.k_norm/aten::mul/Multiply_1,,jit_avx512_bf16,9.0
Status.EXECUTED,__module.model.language_model.layers.3.self_attn/aten::add/Add_1,,ref_any_bf16,12.0
Status.EXECUTED,__module.model.language_model.layers.3.self_attn.v_proj/aten::linear/MatMul,,brgemm_avx512_bf16,377.0
Status.NOT_RUN,__module.model.language_model.layers.3.self_attn/aten::view/Reshape_2,,unknown_bf16,0.0
Status.EXECUTED,__module.model.language_model.layers.3.self_attn/aten::transpose/Transpose_2,,unknown_bf16,11.0
Status.EXECUTED,__module.model.language_model.layers.3.self_attn/aten::scaled_dot_product_attention/ScaledDotProductAttention,,undef_bf16,206.0
Status.EXECUTED,__module.model.language_model.layers.3.self_attn/aten::transpose/Transpose_3,,unknown_bf16,29.0
Status.NOT_RUN,__module.model.language_model.layers.3.self_attn/aten::reshape/Reshape_2,,unknown_bf16,0.0
Status.EXECUTED,__module.model.language_model.layers.3.self_attn.o_proj/aten::linear/MatMul,,brgemm_avx512_bf16,1338.0
Status.EXECUTED,__module.model.language_model.layers.3.self_attn.o_proj/aten::linear/MatMul_bf16_f32___module.model.language_model.layers.3/aten::add/Add,,jit_uni_bf16,59.0
Status.EXECUTED,__module.model.language_model.layers.3/aten::add/Add,,jit_avx512_f32,58.0
Status.EXECUTED,__module.model.language_model.layers.3/aten::add/Add_f32_bf16___module.model.language_model.layers.3.post_attention_layernorm/aten::mul/Multiply_1,,jit_uni_f32,24.0
Status.EXECUTED,__module.model.language_model.layers.3.post_attention_layernorm/aten::mul/Multiply_1,,jit_avx512_bf16,18.0
Status.EXECUTED,__module.model.language_model.layers.3.mlp.gate_proj/aten::linear/MatMul,,brgemm_avx512_bf16,4218.0
Status.NOT_RUN,__module.model.language_model.layers.3.mlp.act_fn/aten::silu/Swish,,undef,0.0
Status.EXECUTED,__module.model.language_model.layers.3.mlp.up_proj/aten::linear/MatMul,,brgemm_avx512_bf16,3996.9999999999995
Status.EXECUTED,__module.model.language_model.layers.3.mlp/aten::mul/Multiply,,jit_avx512_bf16,109.0
Status.EXECUTED,__module.model.language_model.layers.3.mlp.down_proj/aten::linear/MatMul,,brgemm_avx512_bf16,3953.0
Status.EXECUTED,__module.model.language_model.layers.3.mlp.down_proj/aten::linear/MatMul_bf16_f32___module.model.language_model.layers.3/aten::add/Add_1,,jit_uni_bf16,59.0
Status.EXECUTED,__module.model.language_model.layers.3/aten::add/Add_1,,jit_avx512_f32,112.0
Status.EXECUTED,__module.model.language_model.layers.3/aten::add/Add_1_f32_bf16___module.model.language_model.layers.4.input_layernorm/aten::mul/Multiply_1,,jit_uni_f32,35.0
Status.EXECUTED,__module.model.language_model.layers.4.input_layernorm/aten::mul/Multiply_1,,jit_avx512_bf16,24.0
Status.EXECUTED,__module.model.language_model.layers.4.self_attn.q_proj/aten::linear/MatMul,,brgemm_avx512_bf16,1514.0
Status.NOT_RUN,__module.model.language_model.layers.4.self_attn/aten::view/Reshape,,unknown_bf16,0.0
Status.EXECUTED,__module.model.language_model.layers.4.self_attn.q_norm/aten::mul/Multiply_1,,jit_avx512_bf16,26.0
Status.EXECUTED,__module.model.language_model.layers.4.self_attn/aten::add/Add,,ref_any_bf16,24.0
Status.EXECUTED,__module.model.language_model.layers.4.self_attn.k_proj/aten::linear/MatMul,,brgemm_avx512_bf16,386.0
Status.NOT_RUN,__module.model.language_model.layers.4.self_attn/aten::view/Reshape_1,,unknown_bf16,0.0
Status.EXECUTED,__module.model.language_model.layers.4.self_attn.k_norm/aten::mul/Multiply_1,,jit_avx512_bf16,9.0
Status.EXECUTED,__module.model.language_model.layers.4.self_attn/aten::add/Add_1,,ref_any_bf16,12.0
Status.EXECUTED,__module.model.language_model.layers.4.self_attn.v_proj/aten::linear/MatMul,,brgemm_avx512_bf16,384.0
Status.NOT_RUN,__module.model.language_model.layers.4.self_attn/aten::view/Reshape_2,,unknown_bf16,0.0
Status.EXECUTED,__module.model.language_model.layers.4.self_attn/aten::transpose/Transpose_2,,unknown_bf16,13.0
Status.EXECUTED,__module.model.language_model.layers.4.self_attn/aten::scaled_dot_product_attention/ScaledDotProductAttention,,undef_bf16,205.0
Status.EXECUTED,__module.model.language_model.layers.4.self_attn/aten::transpose/Transpose_3,,unknown_bf16,30.0
Status.NOT_RUN,__module.model.language_model.layers.4.self_attn/aten::reshape/Reshape_2,,unknown_bf16,0.0
Status.EXECUTED,__module.model.language_model.layers.4.self_attn.o_proj/aten::linear/MatMul,,brgemm_avx512_bf16,1348.0
Status.EXECUTED,__module.model.language_model.layers.4.self_attn.o_proj/aten::linear/MatMul_bf16_f32___module.model.language_model.layers.4/aten::add/Add,,jit_uni_bf16,60.0
Status.EXECUTED,__module.model.language_model.layers.4/aten::add/Add,,jit_avx512_f32,57.0
Status.EXECUTED,__module.model.language_model.layers.4/aten::add/Add_f32_bf16___module.model.language_model.layers.4.post_attention_layernorm/aten::mul/Multiply_1,,jit_uni_f32,24.0
Status.EXECUTED,__module.model.language_model.layers.4.post_attention_layernorm/aten::mul/Multiply_1,,jit_avx512_bf16,22.0
Status.EXECUTED,__module.model.language_model.layers.4.mlp.gate_proj/aten::linear/MatMul,,brgemm_avx512_bf16,4136.0
Status.NOT_RUN,__module.model.language_model.layers.4.mlp.act_fn/aten::silu/Swish,,undef,0.0
Status.EXECUTED,__module.model.language_model.layers.4.mlp.up_proj/aten::linear/MatMul,,brgemm_avx512_bf16,3989.0000000000005
Status.EXECUTED,__module.model.language_model.layers.4.mlp/aten::mul/Multiply,,jit_avx512_bf16,114.0
Status.EXECUTED,__module.model.language_model.layers.4.mlp.down_proj/aten::linear/MatMul,,brgemm_avx512_bf16,3858.0
Status.EXECUTED,__module.model.language_model.layers.4.mlp.down_proj/aten::linear/MatMul_bf16_f32___module.model.language_model.layers.4/aten::add/Add_1,,jit_uni_bf16,58.0
Status.EXECUTED,__module.model.language_model.layers.4/aten::add/Add_1,,jit_avx512_f32,58.0
Status.EXECUTED,__module.model.language_model.layers.4/aten::add/Add_1_f32_bf16___module.model.language_model.layers.5.input_layernorm/aten::mul/Multiply_1,,jit_uni_f32,34.0
Status.EXECUTED,__module.model.language_model.layers.5.input_layernorm/aten::mul/Multiply_1,,jit_avx512_bf16,23.0
Status.EXECUTED,__module.model.language_model.layers.5.self_attn.q_proj/aten::linear/MatMul,,brgemm_avx512_bf16,1356.0
Status.NOT_RUN,__module.model.language_model.layers.5.self_attn/aten::view/Reshape,,unknown_bf16,0.0
Status.EXECUTED,__module.model.language_model.layers.5.self_attn.q_norm/aten::mul/Multiply_1,,jit_avx512_bf16,24.0
Status.EXECUTED,__module.model.language_model.layers.5.self_attn/aten::add/Add,,ref_any_bf16,24.0
Status.EXECUTED,__module.model.language_model.layers.5.self_attn.k_proj/aten::linear/MatMul,,brgemm_avx512_bf16,519.0
Status.NOT_RUN,__module.model.language_model.layers.5.self_attn/aten::view/Reshape_1,,unknown_bf16,0.0
Status.EXECUTED,__module.model.language_model.layers.5.self_attn.k_norm/aten::mul/Multiply_1,,jit_avx512_bf16,11.0
Status.EXECUTED,__module.model.language_model.layers.5.self_attn/aten::add/Add_1,,ref_any_bf16,12.0
Status.EXECUTED,__module.model.language_model.layers.5.self_attn.v_proj/aten::linear/MatMul,,brgemm_avx512_bf16,376.0
Status.NOT_RUN,__module.model.language_model.layers.5.self_attn/aten::view/Reshape_2,,unknown_bf16,0.0
Status.EXECUTED,__module.model.language_model.layers.5.self_attn/aten::transpose/Transpose_2,,unknown_bf16,11.0
Status.EXECUTED,__module.model.language_model.layers.5.self_attn/aten::scaled_dot_product_attention/ScaledDotProductAttention,,undef_bf16,219.0
Status.EXECUTED,__module.model.language_model.layers.5.self_attn/aten::transpose/Transpose_3,,unknown_bf16,30.0
Status.NOT_RUN,__module.model.language_model.layers.5.self_attn/aten::reshape/Reshape_2,,unknown_bf16,0.0
Status.EXECUTED,__module.model.language_model.layers.5.self_attn.o_proj/aten::linear/MatMul,,brgemm_avx512_bf16,1359.0
Status.EXECUTED,__module.model.language_model.layers.5.self_attn.o_proj/aten::linear/MatMul_bf16_f32___module.model.language_model.layers.5/aten::add/Add,,jit_uni_bf16,59.0
Status.EXECUTED,__module.model.language_model.layers.5/aten::add/Add,,jit_avx512_f32,57.0
Status.EXECUTED,__module.model.language_model.layers.5/aten::add/Add_f32_bf16___module.model.language_model.layers.5.post_attention_layernorm/aten::mul/Multiply_1,,jit_uni_f32,25.0
Status.EXECUTED,__module.model.language_model.layers.5.post_attention_layernorm/aten::mul/Multiply_1,,jit_avx512_bf16,19.0
Status.EXECUTED,__module.model.language_model.layers.5.mlp.gate_proj/aten::linear/MatMul,,brgemm_avx512_bf16,4094.0000000000005
Status.NOT_RUN,__module.model.language_model.layers.5.mlp.act_fn/aten::silu/Swish,,undef,0.0
Status.EXECUTED,__module.model.language_model.layers.5.mlp.up_proj/aten::linear/MatMul,,brgemm_avx512_bf16,4048.9999999999995
Status.EXECUTED,__module.model.language_model.layers.5.mlp/aten::mul/Multiply,,jit_avx512_bf16,114.0
Status.EXECUTED,__module.model.language_model.layers.5.mlp.down_proj/aten::linear/MatMul,,brgemm_avx512_bf16,4018.0
Status.EXECUTED,__module.model.language_model.layers.5.mlp.down_proj/aten::linear/MatMul_bf16_f32___module.model.language_model.layers.5/aten::add/Add_1,,jit_uni_bf16,60.0
Status.EXECUTED,__module.model.language_model.layers.5/aten::add/Add_1,,jit_avx512_f32,110.0
Status.EXECUTED,__module.model.language_model.layers.5/aten::add/Add_1_f32_bf16___module.model.language_model.layers.6.input_layernorm/aten::mul/Multiply_1,,jit_uni_f32,36.0
Status.EXECUTED,__module.model.language_model.layers.6.input_layernorm/aten::mul/Multiply_1,,jit_avx512_bf16,24.0
Status.EXECUTED,__module.model.language_model.layers.6.self_attn.q_proj/aten::linear/MatMul,,brgemm_avx512_bf16,1355.0
Status.NOT_RUN,__module.model.language_model.layers.6.self_attn/aten::view/Reshape,,unknown_bf16,0.0
Status.EXECUTED,__module.model.language_model.layers.6.self_attn.q_norm/aten::mul/Multiply_1,,jit_avx512_bf16,24.0
Status.EXECUTED,__module.model.language_model.layers.6.self_attn/aten::add/Add,,ref_any_bf16,24.0
Status.EXECUTED,__module.model.language_model.layers.6.self_attn.k_proj/aten::linear/MatMul,,brgemm_avx512_bf16,384.0
Status.NOT_RUN,__module.model.language_model.layers.6.self_attn/aten::view/Reshape_1,,unknown_bf16,0.0
Status.EXECUTED,__module.model.language_model.layers.6.self_attn.k_norm/aten::mul/Multiply_1,,jit_avx512_bf16,9.0
Status.EXECUTED,__module.model.language_model.layers.6.self_attn/aten::add/Add_1,,ref_any_bf16,11.0
Status.EXECUTED,__module.model.language_model.layers.6.self_attn.v_proj/aten::linear/MatMul,,brgemm_avx512_bf16,381.0
Status.NOT_RUN,__module.model.language_model.layers.6.self_attn/aten::view/Reshape_2,,unknown_bf16,0.0
Status.EXECUTED,__module.model.language_model.layers.6.self_attn/aten::transpose/Transpose_2,,unknown_bf16,11.0
Status.EXECUTED,__module.model.language_model.layers.6.self_attn/aten::scaled_dot_product_attention/ScaledDotProductAttention,,undef_bf16,210.0
Status.EXECUTED,__module.model.language_model.layers.6.self_attn/aten::transpose/Transpose_3,,unknown_bf16,29.0
Status.NOT_RUN,__module.model.language_model.layers.6.self_attn/aten::reshape/Reshape_2,,unknown_bf16,0.0
Status.EXECUTED,__module.model.language_model.layers.6.self_attn.o_proj/aten::linear/MatMul,,brgemm_avx512_bf16,1337.0
Status.EXECUTED,__module.model.language_model.layers.6.self_attn.o_proj/aten::linear/MatMul_bf16_f32___module.model.language_model.layers.6/aten::add/Add,,jit_uni_bf16,58.0
Status.EXECUTED,__module.model.language_model.layers.6/aten::add/Add,,jit_avx512_f32,57.0
Status.EXECUTED,__module.model.language_model.layers.6/aten::add/Add_f32_bf16___module.model.language_model.layers.6.post_attention_layernorm/aten::mul/Multiply_1,,jit_uni_f32,24.0
Status.EXECUTED,__module.model.language_model.layers.6.post_attention_layernorm/aten::mul/Multiply_1,,jit_avx512_bf16,20.0
Status.EXECUTED,__module.model.language_model.layers.6.mlp.gate_proj/aten::linear/MatMul,,brgemm_avx512_bf16,3977.9999999999995
Status.NOT_RUN,__module.model.language_model.layers.6.mlp.act_fn/aten::silu/Swish,,undef,0.0
Status.EXECUTED,__module.model.language_model.layers.6.mlp.up_proj/aten::linear/MatMul,,brgemm_avx512_bf16,3889.0
Status.EXECUTED,__module.model.language_model.layers.6.mlp/aten::mul/Multiply,,jit_avx512_bf16,109.0
Status.EXECUTED,__module.model.language_model.layers.6.mlp.down_proj/aten::linear/MatMul,,brgemm_avx512_bf16,4376.0
Status.EXECUTED,__module.model.language_model.layers.6.mlp.down_proj/aten::linear/MatMul_bf16_f32___module.model.language_model.layers.6/aten::add/Add_1,,jit_uni_bf16,62.0
Status.EXECUTED,__module.model.language_model.layers.6/aten::add/Add_1,,jit_avx512_f32,223.0
Status.EXECUTED,__module.model.language_model.layers.6/aten::add/Add_1_f32_bf16___module.model.language_model.layers.7.input_layernorm/aten::mul/Multiply_1,,jit_uni_f32,35.0
Status.EXECUTED,__module.model.language_model.layers.7.input_layernorm/aten::mul/Multiply_1,,jit_avx512_bf16,23.0
Status.EXECUTED,__module.model.language_model.layers.7.self_attn.q_proj/aten::linear/MatMul,,brgemm_avx512_bf16,1354.0
Status.NOT_RUN,__module.model.language_model.layers.7.self_attn/aten::view/Reshape,,unknown_bf16,0.0
Status.EXECUTED,__module.model.language_model.layers.7.self_attn.q_norm/aten::mul/Multiply_1,,jit_avx512_bf16,24.0
Status.EXECUTED,__module.model.language_model.layers.7.self_attn/aten::add/Add,,ref_any_bf16,24.0
Status.EXECUTED,__module.model.language_model.layers.7.self_attn.k_proj/aten::linear/MatMul,,brgemm_avx512_bf16,436.0
Status.NOT_RUN,__module.model.language_model.layers.7.self_attn/aten::view/Reshape_1,,unknown_bf16,0.0
Status.EXECUTED,__module.model.language_model.layers.7.self_attn.k_norm/aten::mul/Multiply_1,,jit_avx512_bf16,9.0
Status.EXECUTED,__module.model.language_model.layers.7.self_attn/aten::add/Add_1,,ref_any_bf16,11.0
Status.EXECUTED,__module.model.language_model.layers.7.self_attn.v_proj/aten::linear/MatMul,,brgemm_avx512_bf16,380.0
Status.NOT_RUN,__module.model.language_model.layers.7.self_attn/aten::view/Reshape_2,,unknown_bf16,0.0
Status.EXECUTED,__module.model.language_model.layers.7.self_attn/aten::transpose/Transpose_2,,unknown_bf16,11.0
Status.EXECUTED,__module.model.language_model.layers.7.self_attn/aten::scaled_dot_product_attention/ScaledDotProductAttention,,undef_bf16,203.0
Status.EXECUTED,__module.model.language_model.layers.7.self_attn/aten::transpose/Transpose_3,,unknown_bf16,29.0
Status.NOT_RUN,__module.model.language_model.layers.7.self_attn/aten::reshape/Reshape_2,,unknown_bf16,0.0
Status.EXECUTED,__module.model.language_model.layers.7.self_attn.o_proj/aten::linear/MatMul,,brgemm_avx512_bf16,1344.0
Status.EXECUTED,__module.model.language_model.layers.7.self_attn.o_proj/aten::linear/MatMul_bf16_f32___module.model.language_model.layers.7/aten::add/Add,,jit_uni_bf16,59.0
Status.EXECUTED,__module.model.language_model.layers.7/aten::add/Add,,jit_avx512_f32,57.0
Status.EXECUTED,__module.model.language_model.layers.7/aten::add/Add_f32_bf16___module.model.language_model.layers.7.post_attention_layernorm/aten::mul/Multiply_1,,jit_uni_f32,24.0
Status.EXECUTED,__module.model.language_model.layers.7.post_attention_layernorm/aten::mul/Multiply_1,,jit_avx512_bf16,18.0
Status.EXECUTED,__module.model.language_model.layers.7.mlp.gate_proj/aten::linear/MatMul,,brgemm_avx512_bf16,4105.0
Status.NOT_RUN,__module.model.language_model.layers.7.mlp.act_fn/aten::silu/Swish,,undef,0.0
Status.EXECUTED,__module.model.language_model.layers.7.mlp.up_proj/aten::linear/MatMul,,brgemm_avx512_bf16,4006.0
Status.EXECUTED,__module.model.language_model.layers.7.mlp/aten::mul/Multiply,,jit_avx512_bf16,110.0
Status.EXECUTED,__module.model.language_model.layers.7.mlp.down_proj/aten::linear/MatMul,,brgemm_avx512_bf16,4120.0
Status.EXECUTED,__module.model.language_model.layers.7.mlp.down_proj/aten::linear/MatMul_bf16_f32___module.model.language_model.layers.7/aten::add/Add_1,,jit_uni_bf16,61.0
Status.EXECUTED,__module.model.language_model.layers.7/aten::add/Add_1,,jit_avx512_f32,108.0
Status.EXECUTED,__module.model.language_model.layers.7/aten::add/Add_1_f32_bf16___module.model.language_model.layers.8.input_layernorm/aten::mul/Multiply_1,,jit_uni_f32,35.0
Status.EXECUTED,__module.model.language_model.layers.8.input_layernorm/aten::mul/Multiply_1,,jit_avx512_bf16,24.0
Status.EXECUTED,__module.model.language_model.layers.8.self_attn.q_proj/aten::linear/MatMul,,brgemm_avx512_bf16,1585.0
Status.NOT_RUN,__module.model.language_model.layers.8.self_attn/aten::view/Reshape,,unknown_bf16,0.0
Status.EXECUTED,__module.model.language_model.layers.8.self_attn.q_norm/aten::mul/Multiply_1,,jit_avx512_bf16,27.0
Status.EXECUTED,__module.model.language_model.layers.8.self_attn/aten::add/Add,,ref_any_bf16,24.0
Status.EXECUTED,__module.model.language_model.layers.8.self_attn.k_proj/aten::linear/MatMul,,brgemm_avx512_bf16,388.0
Status.NOT_RUN,__module.model.language_model.layers.8.self_attn/aten::view/Reshape_1,,unknown_bf16,0.0
Status.EXECUTED,__module.model.language_model.layers.8.self_attn.k_norm/aten::mul/Multiply_1,,jit_avx512_bf16,10.0
Status.EXECUTED,__module.model.language_model.layers.8.self_attn/aten::add/Add_1,,ref_any_bf16,12.0
Status.EXECUTED,__module.model.language_model.layers.8.self_attn.v_proj/aten::linear/MatMul,,brgemm_avx512_bf16,380.0
Status.NOT_RUN,__module.model.language_model.layers.8.self_attn/aten::view/Reshape_2,,unknown_bf16,0.0
Status.EXECUTED,__module.model.language_model.layers.8.self_attn/aten::transpose/Transpose_2,,unknown_bf16,12.0
Status.EXECUTED,__module.model.language_model.layers.8.self_attn/aten::scaled_dot_product_attention/ScaledDotProductAttention,,undef_bf16,219.0
Status.EXECUTED,__module.model.language_model.layers.8.self_attn/aten::transpose/Transpose_3,,unknown_bf16,29.0
Status.NOT_RUN,__module.model.language_model.layers.8.self_attn/aten::reshape/Reshape_2,,unknown_bf16,0.0
Status.EXECUTED,__module.model.language_model.layers.8.self_attn.o_proj/aten::linear/MatMul,,brgemm_avx512_bf16,1332.0
Status.EXECUTED,__module.model.language_model.layers.8.self_attn.o_proj/aten::linear/MatMul_bf16_f32___module.model.language_model.layers.8/aten::add/Add,,jit_uni_bf16,58.0
Status.EXECUTED,__module.model.language_model.layers.8/aten::add/Add,,jit_avx512_f32,57.0
Status.EXECUTED,__module.model.language_model.layers.8/aten::add/Add_f32_bf16___module.model.language_model.layers.8.post_attention_layernorm/aten::mul/Multiply_1,,jit_uni_f32,24.0
Status.EXECUTED,__module.model.language_model.layers.8.post_attention_layernorm/aten::mul/Multiply_1,,jit_avx512_bf16,19.0
Status.EXECUTED,__module.model.language_model.layers.8.mlp.gate_proj/aten::linear/MatMul,,brgemm_avx512_bf16,4273.0
Status.NOT_RUN,__module.model.language_model.layers.8.mlp.act_fn/aten::silu/Swish,,undef,0.0
Status.EXECUTED,__module.model.language_model.layers.8.mlp.up_proj/aten::linear/MatMul,,brgemm_avx512_bf16,4143.0
Status.EXECUTED,__module.model.language_model.layers.8.mlp/aten::mul/Multiply,,jit_avx512_bf16,112.0
Status.EXECUTED,__module.model.language_model.layers.8.mlp.down_proj/aten::linear/MatMul,,brgemm_avx512_bf16,3989.9999999999995
Status.EXECUTED,__module.model.language_model.layers.8.mlp.down_proj/aten::linear/MatMul_bf16_f32___module.model.language_model.layers.8/aten::add/Add_1,,jit_uni_bf16,59.0
Status.EXECUTED,__module.model.language_model.layers.8/aten::add/Add_1,,jit_avx512_f32,58.0
Status.EXECUTED,__module.model.language_model.layers.8/aten::add/Add_1_f32_bf16___module.model.language_model.layers.9.input_layernorm/aten::mul/Multiply_1,,jit_uni_f32,35.0
Status.EXECUTED,__module.model.language_model.layers.9.input_layernorm/aten::mul/Multiply_1,,jit_avx512_bf16,23.0
Status.EXECUTED,__module.model.language_model.layers.9.self_attn.q_proj/aten::linear/MatMul,,brgemm_avx512_bf16,1506.0
Status.NOT_RUN,__module.model.language_model.layers.9.self_attn/aten::view/Reshape,,unknown_bf16,0.0
Status.EXECUTED,__module.model.language_model.layers.9.self_attn.q_norm/aten::mul/Multiply_1,,jit_avx512_bf16,25.0
Status.EXECUTED,__module.model.language_model.layers.9.self_attn/aten::add/Add,,ref_any_bf16,24.0
Status.EXECUTED,__module.model.language_model.layers.9.self_attn.k_proj/aten::linear/MatMul,,brgemm_avx512_bf16,387.0
Status.NOT_RUN,__module.model.language_model.layers.9.self_attn/aten::view/Reshape_1,,unknown_bf16,0.0
Status.EXECUTED,__module.model.language_model.layers.9.self_attn.k_norm/aten::mul/Multiply_1,,jit_avx512_bf16,10.0
Status.EXECUTED,__module.model.language_model.layers.9.self_attn/aten::add/Add_1,,ref_any_bf16,12.0
Status.EXECUTED,__module.model.language_model.layers.9.self_attn.v_proj/aten::linear/MatMul,,brgemm_avx512_bf16,381.0
Status.NOT_RUN,__module.model.language_model.layers.9.self_attn/aten::view/Reshape_2,,unknown_bf16,0.0
Status.EXECUTED,__module.model.language_model.layers.9.self_attn/aten::transpose/Transpose_2,,unknown_bf16,11.0
Status.EXECUTED,__module.model.language_model.layers.9.self_attn/aten::scaled_dot_product_attention/ScaledDotProductAttention,,undef_bf16,215.0
Status.EXECUTED,__module.model.language_model.layers.9.self_attn/aten::transpose/Transpose_3,,unknown_bf16,29.0
Status.NOT_RUN,__module.model.language_model.layers.9.self_attn/aten::reshape/Reshape_2,,unknown_bf16,0.0
Status.EXECUTED,__module.model.language_model.layers.9.self_attn.o_proj/aten::linear/MatMul,,brgemm_avx512_bf16,1486.0
Status.EXECUTED,__module.model.language_model.layers.9.self_attn.o_proj/aten::linear/MatMul_bf16_f32___module.model.language_model.layers.9/aten::add/Add,,jit_uni_bf16,60.0
Status.EXECUTED,__module.model.language_model.layers.9/aten::add/Add,,jit_avx512_f32,58.0
Status.EXECUTED,__module.model.language_model.layers.9/aten::add/Add_f32_bf16___module.model.language_model.layers.9.post_attention_layernorm/aten::mul/Multiply_1,,jit_uni_f32,25.0
Status.EXECUTED,__module.model.language_model.layers.9.post_attention_layernorm/aten::mul/Multiply_1,,jit_avx512_bf16,19.0
Status.EXECUTED,__module.model.language_model.layers.9.mlp.gate_proj/aten::linear/MatMul,,brgemm_avx512_bf16,4000.0
Status.NOT_RUN,__module.model.language_model.layers.9.mlp.act_fn/aten::silu/Swish,,undef,0.0
Status.EXECUTED,__module.model.language_model.layers.9.mlp.up_proj/aten::linear/MatMul,,brgemm_avx512_bf16,3870.0
Status.EXECUTED,__module.model.language_model.layers.9.mlp/aten::mul/Multiply,,jit_avx512_bf16,109.0
Status.EXECUTED,__module.model.language_model.layers.9.mlp.down_proj/aten::linear/MatMul,,brgemm_avx512_bf16,3905.0
Status.EXECUTED,__module.model.language_model.layers.9.mlp.down_proj/aten::linear/MatMul_bf16_f32___module.model.language_model.layers.9/aten::add/Add_1,,jit_uni_bf16,59.0
Status.EXECUTED,__module.model.language_model.layers.9/aten::add/Add_1,,jit_avx512_f32,108.0
Status.EXECUTED,__module.model.language_model.layers.9/aten::add/Add_1_f32_bf16___module.model.language_model.layers.10.input_layernorm/aten::mul/Multiply_1,,jit_uni_f32,35.0
Status.EXECUTED,__module.model.language_model.layers.10.input_layernorm/aten::mul/Multiply_1,,jit_avx512_bf16,23.0
Status.EXECUTED,__module.model.language_model.layers.10.self_attn.q_proj/aten::linear/MatMul,,brgemm_avx512_bf16,1352.0
Status.NOT_RUN,__module.model.language_model.layers.10.self_attn/aten::view/Reshape,,unknown_bf16,0.0
Status.EXECUTED,__module.model.language_model.layers.10.self_attn.q_norm/aten::mul/Multiply_1,,jit_avx512_bf16,24.0
Status.EXECUTED,__module.model.language_model.layers.10.self_attn/aten::add/Add,,ref_any_bf16,23.0
Status.EXECUTED,__module.model.language_model.layers.10.self_attn.k_proj/aten::linear/MatMul,,brgemm_avx512_bf16,402.0
Status.NOT_RUN,__module.model.language_model.layers.10.self_attn/aten::view/Reshape_1,,unknown_bf16,0.0
Status.EXECUTED,__module.model.language_model.layers.10.self_attn.k_norm/aten::mul/Multiply_1,,jit_avx512_bf16,10.0
Status.EXECUTED,__module.model.language_model.layers.10.self_attn/aten::add/Add_1,,ref_any_bf16,12.0
Status.EXECUTED,__module.model.language_model.layers.10.self_attn.v_proj/aten::linear/MatMul,,brgemm_avx512_bf16,379.0
Status.NOT_RUN,__module.model.language_model.layers.10.self_attn/aten::view/Reshape_2,,unknown_bf16,0.0
Status.EXECUTED,__module.model.language_model.layers.10.self_attn/aten::transpose/Transpose_2,,unknown_bf16,12.0
Status.EXECUTED,__module.model.language_model.layers.10.self_attn/aten::scaled_dot_product_attention/ScaledDotProductAttention,,undef_bf16,218.0
Status.EXECUTED,__module.model.language_model.layers.10.self_attn/aten::transpose/Transpose_3,,unknown_bf16,28.0
Status.NOT_RUN,__module.model.language_model.layers.10.self_attn/aten::reshape/Reshape_2,,unknown_bf16,0.0
Status.EXECUTED,__module.model.language_model.layers.10.self_attn.o_proj/aten::linear/MatMul,,brgemm_avx512_bf16,1404.0
Status.EXECUTED,__module.model.language_model.layers.10.self_attn.o_proj/aten::linear/MatMul_bf16_f32___module.model.language_model.layers.10/aten::add/Add,,jit_uni_bf16,60.0
Status.EXECUTED,__module.model.language_model.layers.10/aten::add/Add,,jit_avx512_f32,57.0
Status.EXECUTED,__module.model.language_model.layers.10/aten::add/Add_f32_bf16___module.model.language_model.layers.10.post_attention_layernorm/aten::mul/Multiply_1,,jit_uni_f32,24.0
Status.EXECUTED,__module.model.language_model.layers.10.post_attention_layernorm/aten::mul/Multiply_1,,jit_avx512_bf16,19.0
Status.EXECUTED,__module.model.language_model.layers.10.mlp.gate_proj/aten::linear/MatMul,,brgemm_avx512_bf16,4157.0
Status.NOT_RUN,__module.model.language_model.layers.10.mlp.act_fn/aten::silu/Swish,,undef,0.0
Status.EXECUTED,__module.model.language_model.layers.10.mlp.up_proj/aten::linear/MatMul,,brgemm_avx512_bf16,4237.0
Status.EXECUTED,__module.model.language_model.layers.10.mlp/aten::mul/Multiply,,jit_avx512_bf16,113.0
Status.EXECUTED,__module.model.language_model.layers.10.mlp.down_proj/aten::linear/MatMul,,brgemm_avx512_bf16,3959.0
Status.EXECUTED,__module.model.language_model.layers.10.mlp.down_proj/aten::linear/MatMul_bf16_f32___module.model.language_model.layers.10/aten::add/Add_1,,jit_uni_bf16,59.0
Status.EXECUTED,__module.model.language_model.layers.10/aten::add/Add_1,,jit_avx512_f32,61.0
Status.EXECUTED,__module.model.language_model.layers.10/aten::add/Add_1_f32_bf16___module.model.language_model.layers.11.input_layernorm/aten::mul/Multiply_1,,jit_uni_f32,35.0
Status.EXECUTED,__module.model.language_model.layers.11.input_layernorm/aten::mul/Multiply_1,,jit_avx512_bf16,24.0
Status.EXECUTED,__module.model.language_model.layers.11.self_attn.q_proj/aten::linear/MatMul,,brgemm_avx512_bf16,1649.0
Status.NOT_RUN,__module.model.language_model.layers.11.self_attn/aten::view/Reshape,,unknown_bf16,0.0
Status.EXECUTED,__module.model.language_model.layers.11.self_attn.q_norm/aten::mul/Multiply_1,,jit_avx512_bf16,27.0
Status.EXECUTED,__module.model.language_model.layers.11.self_attn/aten::add/Add,,ref_any_bf16,24.0
Status.EXECUTED,__module.model.language_model.layers.11.self_attn.k_proj/aten::linear/MatMul,,brgemm_avx512_bf16,381.0
Status.NOT_RUN,__module.model.language_model.layers.11.self_attn/aten::view/Reshape_1,,unknown_bf16,0.0
Status.EXECUTED,__module.model.language_model.layers.11.self_attn.k_norm/aten::mul/Multiply_1,,jit_avx512_bf16,10.0
Status.EXECUTED,__module.model.language_model.layers.11.self_attn/aten::add/Add_1,,ref_any_bf16,12.0
Status.EXECUTED,__module.model.language_model.layers.11.self_attn.v_proj/aten::linear/MatMul,,brgemm_avx512_bf16,379.0
Status.NOT_RUN,__module.model.language_model.layers.11.self_attn/aten::view/Reshape_2,,unknown_bf16,0.0
Status.EXECUTED,__module.model.language_model.layers.11.self_attn/aten::transpose/Transpose_2,,unknown_bf16,12.0
Status.EXECUTED,__module.model.language_model.layers.11.self_attn/aten::scaled_dot_product_attention/ScaledDotProductAttention,,undef_bf16,215.0
Status.EXECUTED,__module.model.language_model.layers.11.self_attn/aten::transpose/Transpose_3,,unknown_bf16,30.0
Status.NOT_RUN,__module.model.language_model.layers.11.self_attn/aten::reshape/Reshape_2,,unknown_bf16,0.0
Status.EXECUTED,__module.model.language_model.layers.11.self_attn.o_proj/aten::linear/MatMul,,brgemm_avx512_bf16,1522.0
Status.EXECUTED,__module.model.language_model.layers.11.self_attn.o_proj/aten::linear/MatMul_bf16_f32___module.model.language_model.layers.11/aten::add/Add,,jit_uni_bf16,62.0
Status.EXECUTED,__module.model.language_model.layers.11/aten::add/Add,,jit_avx512_f32,59.0
Status.EXECUTED,__module.model.language_model.layers.11/aten::add/Add_f32_bf16___module.model.language_model.layers.11.post_attention_layernorm/aten::mul/Multiply_1,,jit_uni_f32,25.0
Status.EXECUTED,__module.model.language_model.layers.11.post_attention_layernorm/aten::mul/Multiply_1,,jit_avx512_bf16,22.0
Status.EXECUTED,__module.model.language_model.layers.11.mlp.gate_proj/aten::linear/MatMul,,brgemm_avx512_bf16,4190.0
Status.NOT_RUN,__module.model.language_model.layers.11.mlp.act_fn/aten::silu/Swish,,undef,0.0
Status.EXECUTED,__module.model.language_model.layers.11.mlp.up_proj/aten::linear/MatMul,,brgemm_avx512_bf16,3921.0
Status.EXECUTED,__module.model.language_model.layers.11.mlp/aten::mul/Multiply,,jit_avx512_bf16,109.0
Status.EXECUTED,__module.model.language_model.layers.11.mlp.down_proj/aten::linear/MatMul,,brgemm_avx512_bf16,3880.0
Status.EXECUTED,__module.model.language_model.layers.11.mlp.down_proj/aten::linear/MatMul_bf16_f32___module.model.language_model.layers.11/aten::add/Add_1,,jit_uni_bf16,59.0
Status.EXECUTED,__module.model.language_model.layers.11/aten::add/Add_1,,jit_avx512_f32,109.0
Status.EXECUTED,__module.model.language_model.layers.11/aten::add/Add_1_f32_bf16___module.model.language_model.layers.12.input_layernorm/aten::mul/Multiply_1,,jit_uni_f32,35.0
Status.EXECUTED,__module.model.language_model.layers.12.input_layernorm/aten::mul/Multiply_1,,jit_avx512_bf16,24.0
Status.EXECUTED,__module.model.language_model.layers.12.self_attn.q_proj/aten::linear/MatMul,,brgemm_avx512_bf16,1421.0
Status.NOT_RUN,__module.model.language_model.layers.12.self_attn/aten::view/Reshape,,unknown_bf16,0.0
Status.EXECUTED,__module.model.language_model.layers.12.self_attn.q_norm/aten::mul/Multiply_1,,jit_avx512_bf16,24.0
Status.EXECUTED,__module.model.language_model.layers.12.self_attn/aten::add/Add,,ref_any_bf16,24.0
Status.EXECUTED,__module.model.language_model.layers.12.self_attn.k_proj/aten::linear/MatMul,,brgemm_avx512_bf16,381.0
Status.NOT_RUN,__module.model.language_model.layers.12.self_attn/aten::view/Reshape_1,,unknown_bf16,0.0
Status.EXECUTED,__module.model.language_model.layers.12.self_attn.k_norm/aten::mul/Multiply_1,,jit_avx512_bf16,11.0
Status.EXECUTED,__module.model.language_model.layers.12.self_attn/aten::add/Add_1,,ref_any_bf16,12.0
Status.EXECUTED,__module.model.language_model.layers.12.self_attn.v_proj/aten::linear/MatMul,,brgemm_avx512_bf16,376.0
Status.NOT_RUN,__module.model.language_model.layers.12.self_attn/aten::view/Reshape_2,,unknown_bf16,0.0
Status.EXECUTED,__module.model.language_model.layers.12.self_attn/aten::transpose/Transpose_2,,unknown_bf16,11.0
Status.EXECUTED,__module.model.language_model.layers.12.self_attn/aten::scaled_dot_product_attention/ScaledDotProductAttention,,undef_bf16,229.0
Status.EXECUTED,__module.model.language_model.layers.12.self_attn/aten::transpose/Transpose_3,,unknown_bf16,29.0
Status.NOT_RUN,__module.model.language_model.layers.12.self_attn/aten::reshape/Reshape_2,,unknown_bf16,0.0
Status.EXECUTED,__module.model.language_model.layers.12.self_attn.o_proj/aten::linear/MatMul,,brgemm_avx512_bf16,1345.0
Status.EXECUTED,__module.model.language_model.layers.12.self_attn.o_proj/aten::linear/MatMul_bf16_f32___module.model.language_model.layers.12/aten::add/Add,,jit_uni_bf16,59.0
Status.EXECUTED,__module.model.language_model.layers.12/aten::add/Add,,jit_avx512_f32,59.0
Status.EXECUTED,__module.model.language_model.layers.12/aten::add/Add_f32_bf16___module.model.language_model.layers.12.post_attention_layernorm/aten::mul/Multiply_1,,jit_uni_f32,24.0
Status.EXECUTED,__module.model.language_model.layers.12.post_attention_layernorm/aten::mul/Multiply_1,,jit_avx512_bf16,20.0
Status.EXECUTED,__module.model.language_model.layers.12.mlp.gate_proj/aten::linear/MatMul,,brgemm_avx512_bf16,3924.0000000000005
Status.NOT_RUN,__module.model.language_model.layers.12.mlp.act_fn/aten::silu/Swish,,undef,0.0
Status.EXECUTED,__module.model.language_model.layers.12.mlp.up_proj/aten::linear/MatMul,,brgemm_avx512_bf16,4119.0
Status.EXECUTED,__module.model.language_model.layers.12.mlp/aten::mul/Multiply,,jit_avx512_bf16,109.0
Status.EXECUTED,__module.model.language_model.layers.12.mlp.down_proj/aten::linear/MatMul,,brgemm_avx512_bf16,4044.0
Status.EXECUTED,__module.model.language_model.layers.12.mlp.down_proj/aten::linear/MatMul_bf16_f32___module.model.language_model.layers.12/aten::add/Add_1,,jit_uni_bf16,62.0
Status.EXECUTED,__module.model.language_model.layers.12/aten::add/Add_1,,jit_avx512_f32,59.0
Status.EXECUTED,__module.model.language_model.layers.12/aten::add/Add_1_f32_bf16___module.model.language_model.layers.13.input_layernorm/aten::mul/Multiply_1,,jit_uni_f32,35.0
Status.EXECUTED,__module.model.language_model.layers.13.input_layernorm/aten::mul/Multiply_1,,jit_avx512_bf16,24.0
Status.EXECUTED,__module.model.language_model.layers.13.self_attn.q_proj/aten::linear/MatMul,,brgemm_avx512_bf16,1369.0
Status.NOT_RUN,__module.model.language_model.layers.13.self_attn/aten::view/Reshape,,unknown_bf16,0.0
Status.EXECUTED,__module.model.language_model.layers.13.self_attn.q_norm/aten::mul/Multiply_1,,jit_avx512_bf16,24.0
Status.EXECUTED,__module.model.language_model.layers.13.self_attn/aten::add/Add,,ref_any_bf16,24.0
Status.EXECUTED,__module.model.language_model.layers.13.self_attn.k_proj/aten::linear/MatMul,,brgemm_avx512_bf16,380.0
Status.NOT_RUN,__module.model.language_model.layers.13.self_attn/aten::view/Reshape_1,,unknown_bf16,0.0
Status.EXECUTED,__module.model.language_model.layers.13.self_attn.k_norm/aten::mul/Multiply_1,,jit_avx512_bf16,11.0
Status.EXECUTED,__module.model.language_model.layers.13.self_attn/aten::add/Add_1,,ref_any_bf16,12.0
Status.EXECUTED,__module.model.language_model.layers.13.self_attn.v_proj/aten::linear/MatMul,,brgemm_avx512_bf16,375.0
Status.NOT_RUN,__module.model.language_model.layers.13.self_attn/aten::view/Reshape_2,,unknown_bf16,0.0
Status.EXECUTED,__module.model.language_model.layers.13.self_attn/aten::transpose/Transpose_2,,unknown_bf16,11.0
Status.EXECUTED,__module.model.language_model.layers.13.self_attn/aten::scaled_dot_product_attention/ScaledDotProductAttention,,undef_bf16,227.0
Status.EXECUTED,__module.model.language_model.layers.13.self_attn/aten::transpose/Transpose_3,,unknown_bf16,29.0
Status.NOT_RUN,__module.model.language_model.layers.13.self_attn/aten::reshape/Reshape_2,,unknown_bf16,0.0
Status.EXECUTED,__module.model.language_model.layers.13.self_attn.o_proj/aten::linear/MatMul,,brgemm_avx512_bf16,1343.0
Status.EXECUTED,__module.model.language_model.layers.13.self_attn.o_proj/aten::linear/MatMul_bf16_f32___module.model.language_model.layers.13/aten::add/Add,,jit_uni_bf16,58.0
Status.EXECUTED,__module.model.language_model.layers.13/aten::add/Add,,jit_avx512_f32,57.0
Status.EXECUTED,__module.model.language_model.layers.13/aten::add/Add_f32_bf16___module.model.language_model.layers.13.post_attention_layernorm/aten::mul/Multiply_1,,jit_uni_f32,25.0
Status.EXECUTED,__module.model.language_model.layers.13.post_attention_layernorm/aten::mul/Multiply_1,,jit_avx512_bf16,18.0
Status.EXECUTED,__module.model.language_model.layers.13.mlp.gate_proj/aten::linear/MatMul,,brgemm_avx512_bf16,4185.0
Status.NOT_RUN,__module.model.language_model.layers.13.mlp.act_fn/aten::silu/Swish,,undef,0.0
Status.EXECUTED,__module.model.language_model.layers.13.mlp.up_proj/aten::linear/MatMul,,brgemm_avx512_bf16,3920.0
Status.EXECUTED,__module.model.language_model.layers.13.mlp/aten::mul/Multiply,,jit_avx512_bf16,110.0
Status.EXECUTED,__module.model.language_model.layers.13.mlp.down_proj/aten::linear/MatMul,,brgemm_avx512_bf16,4244.0
Status.EXECUTED,__module.model.language_model.layers.13.mlp.down_proj/aten::linear/MatMul_bf16_f32___module.model.language_model.layers.13/aten::add/Add_1,,jit_uni_bf16,62.0
Status.EXECUTED,__module.model.language_model.layers.13/aten::add/Add_1,,jit_avx512_f32,216.0
Status.EXECUTED,__module.model.language_model.layers.13/aten::add/Add_1_f32_bf16___module.model.language_model.layers.14.input_layernorm/aten::mul/Multiply_1,,jit_uni_f32,35.0
Status.EXECUTED,__module.model.language_model.layers.14.input_layernorm/aten::mul/Multiply_1,,jit_avx512_bf16,25.0
Status.EXECUTED,__module.model.language_model.layers.14.self_attn.q_proj/aten::linear/MatMul,,brgemm_avx512_bf16,1424.0
Status.NOT_RUN,__module.model.language_model.layers.14.self_attn/aten::view/Reshape,,unknown_bf16,0.0
Status.EXECUTED,__module.model.language_model.layers.14.self_attn.q_norm/aten::mul/Multiply_1,,jit_avx512_bf16,24.0
Status.EXECUTED,__module.model.language_model.layers.14.self_attn/aten::add/Add,,ref_any_bf16,24.0
Status.EXECUTED,__module.model.language_model.layers.14.self_attn.k_proj/aten::linear/MatMul,,brgemm_avx512_bf16,384.0
Status.NOT_RUN,__module.model.language_model.layers.14.self_attn/aten::view/Reshape_1,,unknown_bf16,0.0
Status.EXECUTED,__module.model.language_model.layers.14.self_attn.k_norm/aten::mul/Multiply_1,,jit_avx512_bf16,10.0
Status.EXECUTED,__module.model.language_model.layers.14.self_attn/aten::add/Add_1,,ref_any_bf16,12.0
Status.EXECUTED,__module.model.language_model.layers.14.self_attn.v_proj/aten::linear/MatMul,,brgemm_avx512_bf16,384.0
Status.NOT_RUN,__module.model.language_model.layers.14.self_attn/aten::view/Reshape_2,,unknown_bf16,0.0
Status.EXECUTED,__module.model.language_model.layers.14.self_attn/aten::transpose/Transpose_2,,unknown_bf16,12.0
Status.EXECUTED,__module.model.language_model.layers.14.self_attn/aten::scaled_dot_product_attention/ScaledDotProductAttention,,undef_bf16,243.0
Status.EXECUTED,__module.model.language_model.layers.14.self_attn/aten::transpose/Transpose_3,,unknown_bf16,30.0
Status.NOT_RUN,__module.model.language_model.layers.14.self_attn/aten::reshape/Reshape_2,,unknown_bf16,0.0
Status.EXECUTED,__module.model.language_model.layers.14.self_attn.o_proj/aten::linear/MatMul,,brgemm_avx512_bf16,1417.0
Status.EXECUTED,__module.model.language_model.layers.14.self_attn.o_proj/aten::linear/MatMul_bf16_f32___module.model.language_model.layers.14/aten::add/Add,,jit_uni_bf16,59.0
Status.EXECUTED,__module.model.language_model.layers.14/aten::add/Add,,jit_avx512_f32,57.0
Status.EXECUTED,__module.model.language_model.layers.14/aten::add/Add_f32_bf16___module.model.language_model.layers.14.post_attention_layernorm/aten::mul/Multiply_1,,jit_uni_f32,24.0
Status.EXECUTED,__module.model.language_model.layers.14.post_attention_layernorm/aten::mul/Multiply_1,,jit_avx512_bf16,20.0
Status.EXECUTED,__module.model.language_model.layers.14.mlp.gate_proj/aten::linear/MatMul,,brgemm_avx512_bf16,4074.0000000000005
Status.NOT_RUN,__module.model.language_model.layers.14.mlp.act_fn/aten::silu/Swish,,undef,0.0
Status.EXECUTED,__module.model.language_model.layers.14.mlp.up_proj/aten::linear/MatMul,,brgemm_avx512_bf16,4053.0
Status.EXECUTED,__module.model.language_model.layers.14.mlp/aten::mul/Multiply,,jit_avx512_bf16,108.0
Status.EXECUTED,__module.model.language_model.layers.14.mlp.down_proj/aten::linear/MatMul,,brgemm_avx512_bf16,3911.0000000000005
Status.EXECUTED,__module.model.language_model.layers.14.mlp.down_proj/aten::linear/MatMul_bf16_f32___module.model.language_model.layers.14/aten::add/Add_1,,jit_uni_bf16,59.0
Status.EXECUTED,__module.model.language_model.layers.14/aten::add/Add_1,,jit_avx512_f32,57.0
Status.EXECUTED,__module.model.language_model.layers.14/aten::add/Add_1_f32_bf16___module.model.language_model.layers.15.input_layernorm/aten::mul/Multiply_1,,jit_uni_f32,33.0
Status.EXECUTED,__module.model.language_model.layers.15.input_layernorm/aten::mul/Multiply_1,,jit_avx512_bf16,24.0
Status.EXECUTED,__module.model.language_model.layers.15.self_attn.q_proj/aten::linear/MatMul,,brgemm_avx512_bf16,1470.0
Status.NOT_RUN,__module.model.language_model.layers.15.self_attn/aten::view/Reshape,,unknown_bf16,0.0
Status.EXECUTED,__module.model.language_model.layers.15.self_attn.q_norm/aten::mul/Multiply_1,,jit_avx512_bf16,25.0
Status.EXECUTED,__module.model.language_model.layers.15.self_attn/aten::add/Add,,ref_any_bf16,24.0
Status.EXECUTED,__module.model.language_model.layers.15.self_attn.k_proj/aten::linear/MatMul,,brgemm_avx512_bf16,524.0
Status.NOT_RUN,__module.model.language_model.layers.15.self_attn/aten::view/Reshape_1,,unknown_bf16,0.0
Status.EXECUTED,__module.model.language_model.layers.15.self_attn.k_norm/aten::mul/Multiply_1,,jit_avx512_bf16,11.0
Status.EXECUTED,__module.model.language_model.layers.15.self_attn/aten::add/Add_1,,ref_any_bf16,11.0
Status.EXECUTED,__module.model.language_model.layers.15.self_attn.v_proj/aten::linear/MatMul,,brgemm_avx512_bf16,371.0
Status.NOT_RUN,__module.model.language_model.layers.15.self_attn/aten::view/Reshape_2,,unknown_bf16,0.0
Status.EXECUTED,__module.model.language_model.layers.15.self_attn/aten::transpose/Transpose_2,,unknown_bf16,11.0
Status.EXECUTED,__module.model.language_model.layers.15.self_attn/aten::scaled_dot_product_attention/ScaledDotProductAttention,,undef_bf16,219.0
Status.EXECUTED,__module.model.language_model.layers.15.self_attn/aten::transpose/Transpose_3,,unknown_bf16,29.0
Status.NOT_RUN,__module.model.language_model.layers.15.self_attn/aten::reshape/Reshape_2,,unknown_bf16,0.0
Status.EXECUTED,__module.model.language_model.layers.15.self_attn.o_proj/aten::linear/MatMul,,brgemm_avx512_bf16,1323.0
Status.EXECUTED,__module.model.language_model.layers.15.self_attn.o_proj/aten::linear/MatMul_bf16_f32___module.model.language_model.layers.15/aten::add/Add,,jit_uni_bf16,59.0
Status.EXECUTED,__module.model.language_model.layers.15/aten::add/Add,,jit_avx512_f32,58.0
Status.EXECUTED,__module.model.language_model.layers.15/aten::add/Add_f32_bf16___module.model.language_model.layers.15.post_attention_layernorm/aten::mul/Multiply_1,,jit_uni_f32,25.0
Status.EXECUTED,__module.model.language_model.layers.15.post_attention_layernorm/aten::mul/Multiply_1,,jit_avx512_bf16,19.0
Status.EXECUTED,__module.model.language_model.layers.15.mlp.gate_proj/aten::linear/MatMul,,brgemm_avx512_bf16,4025.0
Status.NOT_RUN,__module.model.language_model.layers.15.mlp.act_fn/aten::silu/Swish,,undef,0.0
Status.EXECUTED,__module.model.language_model.layers.15.mlp.up_proj/aten::linear/MatMul,,brgemm_avx512_bf16,3915.0
Status.EXECUTED,__module.model.language_model.layers.15.mlp/aten::mul/Multiply,,jit_avx512_bf16,110.0
Status.EXECUTED,__module.model.language_model.layers.15.mlp.down_proj/aten::linear/MatMul,,brgemm_avx512_bf16,3956.9999999999995
Status.EXECUTED,__module.model.language_model.layers.15.mlp.down_proj/aten::linear/MatMul_bf16_f32___module.model.language_model.layers.15/aten::add/Add_1,,jit_uni_bf16,60.0
Status.EXECUTED,__module.model.language_model.layers.15/aten::add/Add_1,,jit_avx512_f32,108.0
Status.EXECUTED,__module.model.language_model.layers.15/aten::add/Add_1_f32_bf16___module.model.language_model.layers.16.input_layernorm/aten::mul/Multiply_1,,jit_uni_f32,35.0
Status.EXECUTED,__module.model.language_model.layers.16.input_layernorm/aten::mul/Multiply_1,,jit_avx512_bf16,24.0
Status.EXECUTED,__module.model.language_model.layers.16.self_attn.q_proj/aten::linear/MatMul,,brgemm_avx512_bf16,1537.0
Status.NOT_RUN,__module.model.language_model.layers.16.self_attn/aten::view/Reshape,,unknown_bf16,0.0
Status.EXECUTED,__module.model.language_model.layers.16.self_attn.q_norm/aten::mul/Multiply_1,,jit_avx512_bf16,26.0
Status.EXECUTED,__module.model.language_model.layers.16.self_attn/aten::add/Add,,ref_any_bf16,24.0
Status.EXECUTED,__module.model.language_model.layers.16.self_attn.k_proj/aten::linear/MatMul,,brgemm_avx512_bf16,487.0
Status.NOT_RUN,__module.model.language_model.layers.16.self_attn/aten::view/Reshape_1,,unknown_bf16,0.0
Status.EXECUTED,__module.model.language_model.layers.16.self_attn.k_norm/aten::mul/Multiply_1,,jit_avx512_bf16,10.0
Status.EXECUTED,__module.model.language_model.layers.16.self_attn/aten::add/Add_1,,ref_any_bf16,12.0
Status.EXECUTED,__module.model.language_model.layers.16.self_attn.v_proj/aten::linear/MatMul,,brgemm_avx512_bf16,376.0
Status.NOT_RUN,__module.model.language_model.layers.16.self_attn/aten::view/Reshape_2,,unknown_bf16,0.0
Status.EXECUTED,__module.model.language_model.layers.16.self_attn/aten::transpose/Transpose_2,,unknown_bf16,11.0
Status.EXECUTED,__module.model.language_model.layers.16.self_attn/aten::scaled_dot_product_attention/ScaledDotProductAttention,,undef_bf16,219.0
Status.EXECUTED,__module.model.language_model.layers.16.self_attn/aten::transpose/Transpose_3,,unknown_bf16,28.0
Status.NOT_RUN,__module.model.language_model.layers.16.self_attn/aten::reshape/Reshape_2,,unknown_bf16,0.0
Status.EXECUTED,__module.model.language_model.layers.16.self_attn.o_proj/aten::linear/MatMul,,brgemm_avx512_bf16,1483.0
Status.EXECUTED,__module.model.language_model.layers.16.self_attn.o_proj/aten::linear/MatMul_bf16_f32___module.model.language_model.layers.16/aten::add/Add,,jit_uni_bf16,59.0
Status.EXECUTED,__module.model.language_model.layers.16/aten::add/Add,,jit_avx512_f32,63.0
Status.EXECUTED,__module.model.language_model.layers.16/aten::add/Add_f32_bf16___module.model.language_model.layers.16.post_attention_layernorm/aten::mul/Multiply_1,,jit_uni_f32,25.0
Status.EXECUTED,__module.model.language_model.layers.16.post_attention_layernorm/aten::mul/Multiply_1,,jit_avx512_bf16,20.0
Status.EXECUTED,__module.model.language_model.layers.16.mlp.gate_proj/aten::linear/MatMul,,brgemm_avx512_bf16,4349.0
Status.NOT_RUN,__module.model.language_model.layers.16.mlp.act_fn/aten::silu/Swish,,undef,0.0
Status.EXECUTED,__module.model.language_model.layers.16.mlp.up_proj/aten::linear/MatMul,,brgemm_avx512_bf16,3933.0
Status.EXECUTED,__module.model.language_model.layers.16.mlp/aten::mul/Multiply,,jit_avx512_bf16,110.0
Status.EXECUTED,__module.model.language_model.layers.16.mlp.down_proj/aten::linear/MatMul,,brgemm_avx512_bf16,3863.0
Status.EXECUTED,__module.model.language_model.layers.16.mlp.down_proj/aten::linear/MatMul_bf16_f32___module.model.language_model.layers.16/aten::add/Add_1,,jit_uni_bf16,59.0
Status.EXECUTED,__module.model.language_model.layers.16/aten::add/Add_1,,jit_avx512_f32,103.0
Status.EXECUTED,__module.model.language_model.layers.16/aten::add/Add_1_f32_bf16___module.model.language_model.layers.17.input_layernorm/aten::mul/Multiply_1,,jit_uni_f32,40.0
Status.EXECUTED,__module.model.language_model.layers.17.input_layernorm/aten::mul/Multiply_1,,jit_avx512_bf16,24.0
Status.EXECUTED,__module.model.language_model.layers.17.self_attn.q_proj/aten::linear/MatMul,,brgemm_avx512_bf16,1350.0
Status.NOT_RUN,__module.model.language_model.layers.17.self_attn/aten::view/Reshape,,unknown_bf16,0.0
Status.EXECUTED,__module.model.language_model.layers.17.self_attn.q_norm/aten::mul/Multiply_1,,jit_avx512_bf16,24.0
Status.EXECUTED,__module.model.language_model.layers.17.self_attn/aten::add/Add,,ref_any_bf16,25.0
Status.EXECUTED,__module.model.language_model.layers.17.self_attn.k_proj/aten::linear/MatMul,,brgemm_avx512_bf16,486.0
Status.NOT_RUN,__module.model.language_model.layers.17.self_attn/aten::view/Reshape_1,,unknown_bf16,0.0
Status.EXECUTED,__module.model.language_model.layers.17.self_attn.k_norm/aten::mul/Multiply_1,,jit_avx512_bf16,11.0
Status.EXECUTED,__module.model.language_model.layers.17.self_attn/aten::add/Add_1,,ref_any_bf16,12.0
Status.EXECUTED,__module.model.language_model.layers.17.self_attn.v_proj/aten::linear/MatMul,,brgemm_avx512_bf16,373.0
Status.NOT_RUN,__module.model.language_model.layers.17.self_attn/aten::view/Reshape_2,,unknown_bf16,0.0
Status.EXECUTED,__module.model.language_model.layers.17.self_attn/aten::transpose/Transpose_2,,unknown_bf16,12.0
Status.EXECUTED,__module.model.language_model.layers.17.self_attn/aten::scaled_dot_product_attention/ScaledDotProductAttention,,undef_bf16,234.0
Status.EXECUTED,__module.model.language_model.layers.17.self_attn/aten::transpose/Transpose_3,,unknown_bf16,30.0
Status.NOT_RUN,__module.model.language_model.layers.17.self_attn/aten::reshape/Reshape_2,,unknown_bf16,0.0
Status.EXECUTED,__module.model.language_model.layers.17.self_attn.o_proj/aten::linear/MatMul,,brgemm_avx512_bf16,1330.0
Status.EXECUTED,__module.model.language_model.layers.17.self_attn.o_proj/aten::linear/MatMul_bf16_f32___module.model.language_model.layers.17/aten::add/Add,,jit_uni_bf16,58.0
Status.EXECUTED,__module.model.language_model.layers.17/aten::add/Add,,jit_avx512_f32,57.0
Status.EXECUTED,__module.model.language_model.layers.17/aten::add/Add_f32_bf16___module.model.language_model.layers.17.post_attention_layernorm/aten::mul/Multiply_1,,jit_uni_f32,25.0
Status.EXECUTED,__module.model.language_model.layers.17.post_attention_layernorm/aten::mul/Multiply_1,,jit_avx512_bf16,19.0
Status.EXECUTED,__module.model.language_model.layers.17.mlp.gate_proj/aten::linear/MatMul,,brgemm_avx512_bf16,4102.0
Status.NOT_RUN,__module.model.language_model.layers.17.mlp.act_fn/aten::silu/Swish,,undef,0.0
Status.EXECUTED,__module.model.language_model.layers.17.mlp.up_proj/aten::linear/MatMul,,brgemm_avx512_bf16,4006.0
Status.EXECUTED,__module.model.language_model.layers.17.mlp/aten::mul/Multiply,,jit_avx512_bf16,109.0
Status.EXECUTED,__module.model.language_model.layers.17.mlp.down_proj/aten::linear/MatMul,,brgemm_avx512_bf16,3976.9999999999995
Status.EXECUTED,__module.model.language_model.layers.17.mlp.down_proj/aten::linear/MatMul_bf16_f32___module.model.language_model.layers.17/aten::add/Add_1,,jit_uni_bf16,60.0
Status.EXECUTED,__module.model.language_model.layers.17/aten::add/Add_1,,jit_avx512_f32,108.0
Status.EXECUTED,__module.model.language_model.layers.17/aten::add/Add_1_f32_bf16___module.model.language_model.layers.18.input_layernorm/aten::mul/Multiply_1,,jit_uni_f32,34.0
Status.EXECUTED,__module.model.language_model.layers.18.input_layernorm/aten::mul/Multiply_1,,jit_avx512_bf16,24.0
Status.EXECUTED,__module.model.language_model.layers.18.self_attn.q_proj/aten::linear/MatMul,,brgemm_avx512_bf16,1340.0
Status.NOT_RUN,__module.model.language_model.layers.18.self_attn/aten::view/Reshape,,unknown_bf16,0.0
Status.EXECUTED,__module.model.language_model.layers.18.self_attn.q_norm/aten::mul/Multiply_1,,jit_avx512_bf16,24.0
Status.EXECUTED,__module.model.language_model.layers.18.self_attn/aten::add/Add,,ref_any_bf16,26.0
Status.EXECUTED,__module.model.language_model.layers.18.self_attn.k_proj/aten::linear/MatMul,,brgemm_avx512_bf16,391.0
Status.NOT_RUN,__module.model.language_model.layers.18.self_attn/aten::view/Reshape_1,,unknown_bf16,0.0
Status.EXECUTED,__module.model.language_model.layers.18.self_attn.k_norm/aten::mul/Multiply_1,,jit_avx512_bf16,10.0
Status.EXECUTED,__module.model.language_model.layers.18.self_attn/aten::add/Add_1,,ref_any_bf16,12.0
Status.EXECUTED,__module.model.language_model.layers.18.self_attn.v_proj/aten::linear/MatMul,,brgemm_avx512_bf16,386.0
Status.NOT_RUN,__module.model.language_model.layers.18.self_attn/aten::view/Reshape_2,,unknown_bf16,0.0
Status.EXECUTED,__module.model.language_model.layers.18.self_attn/aten::transpose/Transpose_2,,unknown_bf16,11.0
Status.EXECUTED,__module.model.language_model.layers.18.self_attn/aten::scaled_dot_product_attention/ScaledDotProductAttention,,undef_bf16,288.0
Status.EXECUTED,__module.model.language_model.layers.18.self_attn/aten::transpose/Transpose_3,,unknown_bf16,29.0
Status.NOT_RUN,__module.model.language_model.layers.18.self_attn/aten::reshape/Reshape_2,,unknown_bf16,0.0
Status.EXECUTED,__module.model.language_model.layers.18.self_attn.o_proj/aten::linear/MatMul,,brgemm_avx512_bf16,1362.0
Status.EXECUTED,__module.model.language_model.layers.18.self_attn.o_proj/aten::linear/MatMul_bf16_f32___module.model.language_model.layers.18/aten::add/Add,,jit_uni_bf16,59.0
Status.EXECUTED,__module.model.language_model.layers.18/aten::add/Add,,jit_avx512_f32,57.0
Status.EXECUTED,__module.model.language_model.layers.18/aten::add/Add_f32_bf16___module.model.language_model.layers.18.post_attention_layernorm/aten::mul/Multiply_1,,jit_uni_f32,24.0
Status.EXECUTED,__module.model.language_model.layers.18.post_attention_layernorm/aten::mul/Multiply_1,,jit_avx512_bf16,19.0
Status.EXECUTED,__module.model.language_model.layers.18.mlp.gate_proj/aten::linear/MatMul,,brgemm_avx512_bf16,4112.0
Status.NOT_RUN,__module.model.language_model.layers.18.mlp.act_fn/aten::silu/Swish,,undef,0.0
Status.EXECUTED,__module.model.language_model.layers.18.mlp.up_proj/aten::linear/MatMul,,brgemm_avx512_bf16,4134.0
Status.EXECUTED,__module.model.language_model.layers.18.mlp/aten::mul/Multiply,,jit_avx512_bf16,110.0
Status.EXECUTED,__module.model.language_model.layers.18.mlp.down_proj/aten::linear/MatMul,,brgemm_avx512_bf16,3882.0
Status.EXECUTED,__module.model.language_model.layers.18.mlp.down_proj/aten::linear/MatMul_bf16_f32___module.model.language_model.layers.18/aten::add/Add_1,,jit_uni_bf16,59.0
Status.EXECUTED,__module.model.language_model.layers.18/aten::add/Add_1,,jit_avx512_f32,57.0
Status.EXECUTED,__module.model.language_model.layers.18/aten::add/Add_1_f32_bf16___module.model.language_model.layers.19.input_layernorm/aten::mul/Multiply_1,,jit_uni_f32,34.0
Status.EXECUTED,__module.model.language_model.layers.19.input_layernorm/aten::mul/Multiply_1,,jit_avx512_bf16,23.0
Status.EXECUTED,__module.model.language_model.layers.19.self_attn.q_proj/aten::linear/MatMul,,brgemm_avx512_bf16,1437.0
Status.NOT_RUN,__module.model.language_model.layers.19.self_attn/aten::view/Reshape,,unknown_bf16,0.0
Status.EXECUTED,__module.model.language_model.layers.19.self_attn.q_norm/aten::mul/Multiply_1,,jit_avx512_bf16,25.0
Status.EXECUTED,__module.model.language_model.layers.19.self_attn/aten::add/Add,,ref_any_bf16,24.0
Status.EXECUTED,__module.model.language_model.layers.19.self_attn.k_proj/aten::linear/MatMul,,brgemm_avx512_bf16,381.0
Status.NOT_RUN,__module.model.language_model.layers.19.self_attn/aten::view/Reshape_1,,unknown_bf16,0.0
Status.EXECUTED,__module.model.language_model.layers.19.self_attn.k_norm/aten::mul/Multiply_1,,jit_avx512_bf16,9.0
Status.EXECUTED,__module.model.language_model.layers.19.self_attn/aten::add/Add_1,,ref_any_bf16,12.0
Status.EXECUTED,__module.model.language_model.layers.19.self_attn.v_proj/aten::linear/MatMul,,brgemm_avx512_bf16,376.0
Status.NOT_RUN,__module.model.language_model.layers.19.self_attn/aten::view/Reshape_2,,unknown_bf16,0.0
Status.EXECUTED,__module.model.language_model.layers.19.self_attn/aten::transpose/Transpose_2,,unknown_bf16,11.0
Status.EXECUTED,__module.model.language_model.layers.19.self_attn/aten::scaled_dot_product_attention/ScaledDotProductAttention,,undef_bf16,235.0
Status.EXECUTED,__module.model.language_model.layers.19.self_attn/aten::transpose/Transpose_3,,unknown_bf16,30.0
Status.NOT_RUN,__module.model.language_model.layers.19.self_attn/aten::reshape/Reshape_2,,unknown_bf16,0.0
Status.EXECUTED,__module.model.language_model.layers.19.self_attn.o_proj/aten::linear/MatMul,,brgemm_avx512_bf16,1341.0
Status.EXECUTED,__module.model.language_model.layers.19.self_attn.o_proj/aten::linear/MatMul_bf16_f32___module.model.language_model.layers.19/aten::add/Add,,jit_uni_bf16,58.0
Status.EXECUTED,__module.model.language_model.layers.19/aten::add/Add,,jit_avx512_f32,57.0
Status.EXECUTED,__module.model.language_model.layers.19/aten::add/Add_f32_bf16___module.model.language_model.layers.19.post_attention_layernorm/aten::mul/Multiply_1,,jit_uni_f32,25.0
Status.EXECUTED,__module.model.language_model.layers.19.post_attention_layernorm/aten::mul/Multiply_1,,jit_avx512_bf16,19.0
Status.EXECUTED,__module.model.language_model.layers.19.mlp.gate_proj/aten::linear/MatMul,,brgemm_avx512_bf16,4112.0
Status.NOT_RUN,__module.model.language_model.layers.19.mlp.act_fn/aten::silu/Swish,,undef,0.0
Status.EXECUTED,__module.model.language_model.layers.19.mlp.up_proj/aten::linear/MatMul,,brgemm_avx512_bf16,4148.0
Status.EXECUTED,__module.model.language_model.layers.19.mlp/aten::mul/Multiply,,jit_avx512_bf16,113.0
Status.EXECUTED,__module.model.language_model.layers.19.mlp.down_proj/aten::linear/MatMul,,brgemm_avx512_bf16,4237.0
Status.EXECUTED,__module.model.language_model.layers.19.mlp.down_proj/aten::linear/MatMul_bf16_f32___module.model.language_model.layers.19/aten::add/Add_1,,jit_uni_bf16,61.0
Status.EXECUTED,__module.model.language_model.layers.19/aten::add/Add_1,,jit_avx512_f32,108.0
Status.EXECUTED,__module.model.language_model.layers.19/aten::add/Add_1_f32_bf16___module.model.language_model.layers.20.input_layernorm/aten::mul/Multiply_1,,jit_uni_f32,35.0
Status.EXECUTED,__module.model.language_model.layers.20.input_layernorm/aten::mul/Multiply_1,,jit_avx512_bf16,24.0
Status.EXECUTED,__module.model.language_model.layers.20.self_attn.q_proj/aten::linear/MatMul,,brgemm_avx512_bf16,1345.0
Status.NOT_RUN,__module.model.language_model.layers.20.self_attn/aten::view/Reshape,,unknown_bf16,0.0
Status.EXECUTED,__module.model.language_model.layers.20.self_attn.q_norm/aten::mul/Multiply_1,,jit_avx512_bf16,25.0
Status.EXECUTED,__module.model.language_model.layers.20.self_attn/aten::add/Add,,ref_any_bf16,25.0
Status.EXECUTED,__module.model.language_model.layers.20.self_attn.k_proj/aten::linear/MatMul,,brgemm_avx512_bf16,430.0
Status.NOT_RUN,__module.model.language_model.layers.20.self_attn/aten::view/Reshape_1,,unknown_bf16,0.0
Status.EXECUTED,__module.model.language_model.layers.20.self_attn.k_norm/aten::mul/Multiply_1,,jit_avx512_bf16,10.0
Status.EXECUTED,__module.model.language_model.layers.20.self_attn/aten::add/Add_1,,ref_any_bf16,12.0
Status.EXECUTED,__module.model.language_model.layers.20.self_attn.v_proj/aten::linear/MatMul,,brgemm_avx512_bf16,373.0
Status.NOT_RUN,__module.model.language_model.layers.20.self_attn/aten::view/Reshape_2,,unknown_bf16,0.0
Status.EXECUTED,__module.model.language_model.layers.20.self_attn/aten::transpose/Transpose_2,,unknown_bf16,11.0
Status.EXECUTED,__module.model.language_model.layers.20.self_attn/aten::scaled_dot_product_attention/ScaledDotProductAttention,,undef_bf16,235.0
Status.EXECUTED,__module.model.language_model.layers.20.self_attn/aten::transpose/Transpose_3,,unknown_bf16,28.0
Status.NOT_RUN,__module.model.language_model.layers.20.self_attn/aten::reshape/Reshape_2,,unknown_bf16,0.0
Status.EXECUTED,__module.model.language_model.layers.20.self_attn.o_proj/aten::linear/MatMul,,brgemm_avx512_bf16,1481.0
Status.EXECUTED,__module.model.language_model.layers.20.self_attn.o_proj/aten::linear/MatMul_bf16_f32___module.model.language_model.layers.20/aten::add/Add,,jit_uni_bf16,60.0
Status.EXECUTED,__module.model.language_model.layers.20/aten::add/Add,,jit_avx512_f32,57.0
Status.EXECUTED,__module.model.language_model.layers.20/aten::add/Add_f32_bf16___module.model.language_model.layers.20.post_attention_layernorm/aten::mul/Multiply_1,,jit_uni_f32,24.0
Status.EXECUTED,__module.model.language_model.layers.20.post_attention_layernorm/aten::mul/Multiply_1,,jit_avx512_bf16,19.0
Status.EXECUTED,__module.model.language_model.layers.20.mlp.gate_proj/aten::linear/MatMul,,brgemm_avx512_bf16,4032.0
Status.NOT_RUN,__module.model.language_model.layers.20.mlp.act_fn/aten::silu/Swish,,undef,0.0
Status.EXECUTED,__module.model.language_model.layers.20.mlp.up_proj/aten::linear/MatMul,,brgemm_avx512_bf16,3843.0
Status.EXECUTED,__module.model.language_model.layers.20.mlp/aten::mul/Multiply,,jit_avx512_bf16,108.0
Status.EXECUTED,__module.model.language_model.layers.20.mlp.down_proj/aten::linear/MatMul,,brgemm_avx512_bf16,4019.0
Status.EXECUTED,__module.model.language_model.layers.20.mlp.down_proj/aten::linear/MatMul_bf16_f32___module.model.language_model.layers.20/aten::add/Add_1,,jit_uni_bf16,61.0
Status.EXECUTED,__module.model.language_model.layers.20/aten::add/Add_1,,jit_avx512_f32,59.0
Status.EXECUTED,__module.model.language_model.layers.20/aten::add/Add_1_f32_bf16___module.model.language_model.layers.21.input_layernorm/aten::mul/Multiply_1,,jit_uni_f32,34.0
Status.EXECUTED,__module.model.language_model.layers.21.input_layernorm/aten::mul/Multiply_1,,jit_avx512_bf16,24.0
Status.EXECUTED,__module.model.language_model.layers.21.self_attn.q_proj/aten::linear/MatMul,,brgemm_avx512_bf16,1354.0
Status.NOT_RUN,__module.model.language_model.layers.21.self_attn/aten::view/Reshape,,unknown_bf16,0.0
Status.EXECUTED,__module.model.language_model.layers.21.self_attn.q_norm/aten::mul/Multiply_1,,jit_avx512_bf16,24.0
Status.EXECUTED,__module.model.language_model.layers.21.self_attn/aten::add/Add,,ref_any_bf16,24.0
Status.EXECUTED,__module.model.language_model.layers.21.self_attn.k_proj/aten::linear/MatMul,,brgemm_avx512_bf16,551.0
Status.NOT_RUN,__module.model.language_model.layers.21.self_attn/aten::view/Reshape_1,,unknown_bf16,0.0
Status.EXECUTED,__module.model.language_model.layers.21.self_attn.k_norm/aten::mul/Multiply_1,,jit_avx512_bf16,12.0
Status.EXECUTED,__module.model.language_model.layers.21.self_attn/aten::add/Add_1,,ref_any_bf16,12.0
Status.EXECUTED,__module.model.language_model.layers.21.self_attn.v_proj/aten::linear/MatMul,,brgemm_avx512_bf16,372.0
Status.NOT_RUN,__module.model.language_model.layers.21.self_attn/aten::view/Reshape_2,,unknown_bf16,0.0
Status.EXECUTED,__module.model.language_model.layers.21.self_attn/aten::transpose/Transpose_2,,unknown_bf16,11.0
Status.EXECUTED,__module.model.language_model.layers.21.self_attn/aten::scaled_dot_product_attention/ScaledDotProductAttention,,undef_bf16,234.0
Status.EXECUTED,__module.model.language_model.layers.21.self_attn/aten::transpose/Transpose_3,,unknown_bf16,29.0
Status.NOT_RUN,__module.model.language_model.layers.21.self_attn/aten::reshape/Reshape_2,,unknown_bf16,0.0
Status.EXECUTED,__module.model.language_model.layers.21.self_attn.o_proj/aten::linear/MatMul,,brgemm_avx512_bf16,1372.0
Status.EXECUTED,__module.model.language_model.layers.21.self_attn.o_proj/aten::linear/MatMul_bf16_f32___module.model.language_model.layers.21/aten::add/Add,,jit_uni_bf16,60.0
Status.EXECUTED,__module.model.language_model.layers.21/aten::add/Add,,jit_avx512_f32,57.0
Status.EXECUTED,__module.model.language_model.layers.21/aten::add/Add_f32_bf16___module.model.language_model.layers.21.post_attention_layernorm/aten::mul/Multiply_1,,jit_uni_f32,25.0
Status.EXECUTED,__module.model.language_model.layers.21.post_attention_layernorm/aten::mul/Multiply_1,,jit_avx512_bf16,18.0
Status.EXECUTED,__module.model.language_model.layers.21.mlp.gate_proj/aten::linear/MatMul,,brgemm_avx512_bf16,4025.0
Status.NOT_RUN,__module.model.language_model.layers.21.mlp.act_fn/aten::silu/Swish,,undef,0.0
Status.EXECUTED,__module.model.language_model.layers.21.mlp.up_proj/aten::linear/MatMul,,brgemm_avx512_bf16,4057.0
Status.EXECUTED,__module.model.language_model.layers.21.mlp/aten::mul/Multiply,,jit_avx512_bf16,110.0
Status.EXECUTED,__module.model.language_model.layers.21.mlp.down_proj/aten::linear/MatMul,,brgemm_avx512_bf16,3974.0
Status.EXECUTED,__module.model.language_model.layers.21.mlp.down_proj/aten::linear/MatMul_bf16_f32___module.model.language_model.layers.21/aten::add/Add_1,,jit_uni_bf16,58.0
Status.EXECUTED,__module.model.language_model.layers.21/aten::add/Add_1,,jit_avx512_f32,108.0
Status.EXECUTED,__module.model.language_model.layers.21/aten::add/Add_1_f32_bf16___module.model.language_model.layers.22.input_layernorm/aten::mul/Multiply_1,,jit_uni_f32,35.0
Status.EXECUTED,__module.model.language_model.layers.22.input_layernorm/aten::mul/Multiply_1,,jit_avx512_bf16,24.0
Status.EXECUTED,__module.model.language_model.layers.22.self_attn.q_proj/aten::linear/MatMul,,brgemm_avx512_bf16,1471.0
Status.NOT_RUN,__module.model.language_model.layers.22.self_attn/aten::view/Reshape,,unknown_bf16,0.0
Status.EXECUTED,__module.model.language_model.layers.22.self_attn.q_norm/aten::mul/Multiply_1,,jit_avx512_bf16,24.0
Status.EXECUTED,__module.model.language_model.layers.22.self_attn/aten::add/Add,,ref_any_bf16,24.0
Status.EXECUTED,__module.model.language_model.layers.22.self_attn.k_proj/aten::linear/MatMul,,brgemm_avx512_bf16,384.0
Status.NOT_RUN,__module.model.language_model.layers.22.self_attn/aten::view/Reshape_1,,unknown_bf16,0.0
Status.EXECUTED,__module.model.language_model.layers.22.self_attn.k_norm/aten::mul/Multiply_1,,jit_avx512_bf16,10.0
Status.EXECUTED,__module.model.language_model.layers.22.self_attn/aten::add/Add_1,,ref_any_bf16,11.0
Status.EXECUTED,__module.model.language_model.layers.22.self_attn.v_proj/aten::linear/MatMul,,brgemm_avx512_bf16,380.0
Status.NOT_RUN,__module.model.language_model.layers.22.self_attn/aten::view/Reshape_2,,unknown_bf16,0.0
Status.EXECUTED,__module.model.language_model.layers.22.self_attn/aten::transpose/Transpose_2,,unknown_bf16,11.0
Status.EXECUTED,__module.model.language_model.layers.22.self_attn/aten::scaled_dot_product_attention/ScaledDotProductAttention,,undef_bf16,238.0
Status.EXECUTED,__module.model.language_model.layers.22.self_attn/aten::transpose/Transpose_3,,unknown_bf16,29.0
Status.NOT_RUN,__module.model.language_model.layers.22.self_attn/aten::reshape/Reshape_2,,unknown_bf16,0.0
Status.EXECUTED,__module.model.language_model.layers.22.self_attn.o_proj/aten::linear/MatMul,,brgemm_avx512_bf16,1482.0
Status.EXECUTED,__module.model.language_model.layers.22.self_attn.o_proj/aten::linear/MatMul_bf16_f32___module.model.language_model.layers.22/aten::add/Add,,jit_uni_bf16,60.0
Status.EXECUTED,__module.model.language_model.layers.22/aten::add/Add,,jit_avx512_f32,58.0
Status.EXECUTED,__module.model.language_model.layers.22/aten::add/Add_f32_bf16___module.model.language_model.layers.22.post_attention_layernorm/aten::mul/Multiply_1,,jit_uni_f32,24.0
Status.EXECUTED,__module.model.language_model.layers.22.post_attention_layernorm/aten::mul/Multiply_1,,jit_avx512_bf16,19.0
Status.EXECUTED,__module.model.language_model.layers.22.mlp.gate_proj/aten::linear/MatMul,,brgemm_avx512_bf16,4088.9999999999995
Status.NOT_RUN,__module.model.language_model.layers.22.mlp.act_fn/aten::silu/Swish,,undef,0.0
Status.EXECUTED,__module.model.language_model.layers.22.mlp.up_proj/aten::linear/MatMul,,brgemm_avx512_bf16,3981.0
Status.EXECUTED,__module.model.language_model.layers.22.mlp/aten::mul/Multiply,,jit_avx512_bf16,111.0
Status.EXECUTED,__module.model.language_model.layers.22.mlp.down_proj/aten::linear/MatMul,,brgemm_avx512_bf16,3853.0
Status.EXECUTED,__module.model.language_model.layers.22.mlp.down_proj/aten::linear/MatMul_bf16_f32___module.model.language_model.layers.22/aten::add/Add_1,,jit_uni_bf16,59.0
Status.EXECUTED,__module.model.language_model.layers.22/aten::add/Add_1,,jit_avx512_f32,58.0
Status.EXECUTED,__module.model.language_model.layers.22/aten::add/Add_1_f32_bf16___module.model.language_model.layers.23.input_layernorm/aten::mul/Multiply_1,,jit_uni_f32,34.0
Status.EXECUTED,__module.model.language_model.layers.23.input_layernorm/aten::mul/Multiply_1,,jit_avx512_bf16,23.0
Status.EXECUTED,__module.model.language_model.layers.23.self_attn.q_proj/aten::linear/MatMul,,brgemm_avx512_bf16,1568.0
Status.NOT_RUN,__module.model.language_model.layers.23.self_attn/aten::view/Reshape,,unknown_bf16,0.0
Status.EXECUTED,__module.model.language_model.layers.23.self_attn.q_norm/aten::mul/Multiply_1,,jit_avx512_bf16,26.0
Status.EXECUTED,__module.model.language_model.layers.23.self_attn/aten::add/Add,,ref_any_bf16,24.0
Status.EXECUTED,__module.model.language_model.layers.23.self_attn.k_proj/aten::linear/MatMul,,brgemm_avx512_bf16,379.0
Status.NOT_RUN,__module.model.language_model.layers.23.self_attn/aten::view/Reshape_1,,unknown_bf16,0.0
Status.EXECUTED,__module.model.language_model.layers.23.self_attn.k_norm/aten::mul/Multiply_1,,jit_avx512_bf16,10.0
Status.EXECUTED,__module.model.language_model.layers.23.self_attn/aten::add/Add_1,,ref_any_bf16,12.0
Status.EXECUTED,__module.model.language_model.layers.23.self_attn.v_proj/aten::linear/MatMul,,brgemm_avx512_bf16,375.0
Status.NOT_RUN,__module.model.language_model.layers.23.self_attn/aten::view/Reshape_2,,unknown_bf16,0.0
Status.EXECUTED,__module.model.language_model.layers.23.self_attn/aten::transpose/Transpose_2,,unknown_bf16,11.0
Status.EXECUTED,__module.model.language_model.layers.23.self_attn/aten::scaled_dot_product_attention/ScaledDotProductAttention,,undef_bf16,235.0
Status.EXECUTED,__module.model.language_model.layers.23.self_attn/aten::transpose/Transpose_3,,unknown_bf16,29.0
Status.NOT_RUN,__module.model.language_model.layers.23.self_attn/aten::reshape/Reshape_2,,unknown_bf16,0.0
Status.EXECUTED,__module.model.language_model.layers.23.self_attn.o_proj/aten::linear/MatMul,,brgemm_avx512_bf16,1380.0
Status.EXECUTED,__module.model.language_model.layers.23.self_attn.o_proj/aten::linear/MatMul_bf16_f32___module.model.language_model.layers.23/aten::add/Add,,jit_uni_bf16,58.0
Status.EXECUTED,__module.model.language_model.layers.23/aten::add/Add,,jit_avx512_f32,57.0
Status.EXECUTED,__module.model.language_model.layers.23/aten::add/Add_f32_bf16___module.model.language_model.layers.23.post_attention_layernorm/aten::mul/Multiply_1,,jit_uni_f32,25.0
Status.EXECUTED,__module.model.language_model.layers.23.post_attention_layernorm/aten::mul/Multiply_1,,jit_avx512_bf16,19.0
Status.EXECUTED,__module.model.language_model.layers.23.mlp.gate_proj/aten::linear/MatMul,,brgemm_avx512_bf16,4365.0
Status.NOT_RUN,__module.model.language_model.layers.23.mlp.act_fn/aten::silu/Swish,,undef,0.0
Status.EXECUTED,__module.model.language_model.layers.23.mlp.up_proj/aten::linear/MatMul,,brgemm_avx512_bf16,4151.0
Status.EXECUTED,__module.model.language_model.layers.23.mlp/aten::mul/Multiply,,jit_avx512_bf16,113.0
Status.EXECUTED,__module.model.language_model.layers.23.mlp.down_proj/aten::linear/MatMul,,brgemm_avx512_bf16,3837.0
Status.EXECUTED,__module.model.language_model.layers.23.mlp.down_proj/aten::linear/MatMul_bf16_f32___module.model.language_model.layers.23/aten::add/Add_1,,jit_uni_bf16,58.0
Status.EXECUTED,__module.model.language_model.layers.23/aten::add/Add_1,,jit_avx512_f32,111.0
Status.EXECUTED,__module.model.language_model.layers.23/aten::add/Add_1_f32_bf16___module.model.language_model.layers.24.input_layernorm/aten::mul/Multiply_1,,jit_uni_f32,35.0
Status.EXECUTED,__module.model.language_model.layers.24.input_layernorm/aten::mul/Multiply_1,,jit_avx512_bf16,24.0
Status.EXECUTED,__module.model.language_model.layers.24.self_attn.q_proj/aten::linear/MatMul,,brgemm_avx512_bf16,1363.0
Status.NOT_RUN,__module.model.language_model.layers.24.self_attn/aten::view/Reshape,,unknown_bf16,0.0
Status.EXECUTED,__module.model.language_model.layers.24.self_attn.q_norm/aten::mul/Multiply_1,,jit_avx512_bf16,24.0
Status.EXECUTED,__module.model.language_model.layers.24.self_attn/aten::add/Add,,ref_any_bf16,24.0
Status.EXECUTED,__module.model.language_model.layers.24.self_attn.k_proj/aten::linear/MatMul,,brgemm_avx512_bf16,386.0
Status.NOT_RUN,__module.model.language_model.layers.24.self_attn/aten::view/Reshape_1,,unknown_bf16,0.0
Status.EXECUTED,__module.model.language_model.layers.24.self_attn.k_norm/aten::mul/Multiply_1,,jit_avx512_bf16,10.0
Status.EXECUTED,__module.model.language_model.layers.24.self_attn/aten::add/Add_1,,ref_any_bf16,12.0
Status.EXECUTED,__module.model.language_model.layers.24.self_attn.v_proj/aten::linear/MatMul,,brgemm_avx512_bf16,381.0
Status.NOT_RUN,__module.model.language_model.layers.24.self_attn/aten::view/Reshape_2,,unknown_bf16,0.0
Status.EXECUTED,__module.model.language_model.layers.24.self_attn/aten::transpose/Transpose_2,,unknown_bf16,11.0
Status.EXECUTED,__module.model.language_model.layers.24.self_attn/aten::scaled_dot_product_attention/ScaledDotProductAttention,,undef_bf16,235.0
Status.EXECUTED,__module.model.language_model.layers.24.self_attn/aten::transpose/Transpose_3,,unknown_bf16,29.0
Status.NOT_RUN,__module.model.language_model.layers.24.self_attn/aten::reshape/Reshape_2,,unknown_bf16,0.0
Status.EXECUTED,__module.model.language_model.layers.24.self_attn.o_proj/aten::linear/MatMul,,brgemm_avx512_bf16,1327.0
Status.EXECUTED,__module.model.language_model.layers.24.self_attn.o_proj/aten::linear/MatMul_bf16_f32___module.model.language_model.layers.24/aten::add/Add,,jit_uni_bf16,58.0
Status.EXECUTED,__module.model.language_model.layers.24/aten::add/Add,,jit_avx512_f32,57.0
Status.EXECUTED,__module.model.language_model.layers.24/aten::add/Add_f32_bf16___module.model.language_model.layers.24.post_attention_layernorm/aten::mul/Multiply_1,,jit_uni_f32,24.0
Status.EXECUTED,__module.model.language_model.layers.24.post_attention_layernorm/aten::mul/Multiply_1,,jit_avx512_bf16,21.0
Status.EXECUTED,__module.model.language_model.layers.24.mlp.gate_proj/aten::linear/MatMul,,brgemm_avx512_bf16,4137.0
Status.NOT_RUN,__module.model.language_model.layers.24.mlp.act_fn/aten::silu/Swish,,undef,0.0
Status.EXECUTED,__module.model.language_model.layers.24.mlp.up_proj/aten::linear/MatMul,,brgemm_avx512_bf16,4025.0
Status.EXECUTED,__module.model.language_model.layers.24.mlp/aten::mul/Multiply,,jit_avx512_bf16,110.0
Status.EXECUTED,__module.model.language_model.layers.24.mlp.down_proj/aten::linear/MatMul,,brgemm_avx512_bf16,4000.0
Status.EXECUTED,__module.model.language_model.layers.24.mlp.down_proj/aten::linear/MatMul_bf16_f32___module.model.language_model.layers.24/aten::add/Add_1,,jit_uni_bf16,60.0
Status.EXECUTED,__module.model.language_model.layers.24/aten::add/Add_1,,jit_avx512_f32,59.0
Status.EXECUTED,__module.model.language_model.layers.24/aten::add/Add_1_f32_bf16___module.model.language_model.layers.25.input_layernorm/aten::mul/Multiply_1,,jit_uni_f32,34.0
Status.EXECUTED,__module.model.language_model.layers.25.input_layernorm/aten::mul/Multiply_1,,jit_avx512_bf16,24.0
Status.EXECUTED,__module.model.language_model.layers.25.self_attn.q_proj/aten::linear/MatMul,,brgemm_avx512_bf16,1368.0
Status.NOT_RUN,__module.model.language_model.layers.25.self_attn/aten::view/Reshape,,unknown_bf16,0.0
Status.EXECUTED,__module.model.language_model.layers.25.self_attn.q_norm/aten::mul/Multiply_1,,jit_avx512_bf16,24.0
Status.EXECUTED,__module.model.language_model.layers.25.self_attn/aten::add/Add,,ref_any_bf16,24.0
Status.EXECUTED,__module.model.language_model.layers.25.self_attn.k_proj/aten::linear/MatMul,,brgemm_avx512_bf16,385.0
Status.NOT_RUN,__module.model.language_model.layers.25.self_attn/aten::view/Reshape_1,,unknown_bf16,0.0
Status.EXECUTED,__module.model.language_model.layers.25.self_attn.k_norm/aten::mul/Multiply_1,,jit_avx512_bf16,10.0
Status.EXECUTED,__module.model.language_model.layers.25.self_attn/aten::add/Add_1,,ref_any_bf16,12.0
Status.EXECUTED,__module.model.language_model.layers.25.self_attn.v_proj/aten::linear/MatMul,,brgemm_avx512_bf16,384.0
Status.NOT_RUN,__module.model.language_model.layers.25.self_attn/aten::view/Reshape_2,,unknown_bf16,0.0
Status.EXECUTED,__module.model.language_model.layers.25.self_attn/aten::transpose/Transpose_2,,unknown_bf16,11.0
Status.EXECUTED,__module.model.language_model.layers.25.self_attn/aten::scaled_dot_product_attention/ScaledDotProductAttention,,undef_bf16,239.0
Status.EXECUTED,__module.model.language_model.layers.25.self_attn/aten::transpose/Transpose_3,,unknown_bf16,30.0
Status.NOT_RUN,__module.model.language_model.layers.25.self_attn/aten::reshape/Reshape_2,,unknown_bf16,0.0
Status.EXECUTED,__module.model.language_model.layers.25.self_attn.o_proj/aten::linear/MatMul,,brgemm_avx512_bf16,1474.0
Status.EXECUTED,__module.model.language_model.layers.25.self_attn.o_proj/aten::linear/MatMul_bf16_f32___module.model.language_model.layers.25/aten::add/Add,,jit_uni_bf16,60.0
Status.EXECUTED,__module.model.language_model.layers.25/aten::add/Add,,jit_avx512_f32,58.0
Status.EXECUTED,__module.model.language_model.layers.25/aten::add/Add_f32_bf16___module.model.language_model.layers.25.post_attention_layernorm/aten::mul/Multiply_1,,jit_uni_f32,25.0
Status.EXECUTED,__module.model.language_model.layers.25.post_attention_layernorm/aten::mul/Multiply_1,,jit_avx512_bf16,19.0
Status.EXECUTED,__module.model.language_model.layers.25.mlp.gate_proj/aten::linear/MatMul,,brgemm_avx512_bf16,4022.9999999999995
Status.NOT_RUN,__module.model.language_model.layers.25.mlp.act_fn/aten::silu/Swish,,undef,0.0
Status.EXECUTED,__module.model.language_model.layers.25.mlp.up_proj/aten::linear/MatMul,,brgemm_avx512_bf16,4326.0
Status.EXECUTED,__module.model.language_model.layers.25.mlp/aten::mul/Multiply,,jit_avx512_bf16,168.0
Status.EXECUTED,__module.model.language_model.layers.25.mlp.down_proj/aten::linear/MatMul,,brgemm_avx512_bf16,3929.0
Status.EXECUTED,__module.model.language_model.layers.25.mlp.down_proj/aten::linear/MatMul_bf16_f32___module.model.language_model.layers.25/aten::add/Add_1,,jit_uni_bf16,59.0
Status.EXECUTED,__module.model.language_model.layers.25/aten::add/Add_1,,jit_avx512_f32,108.0
Status.EXECUTED,__module.model.language_model.layers.25/aten::add/Add_1_f32_bf16___module.model.language_model.layers.26.input_layernorm/aten::mul/Multiply_1,,jit_uni_f32,35.0
Status.EXECUTED,__module.model.language_model.layers.26.input_layernorm/aten::mul/Multiply_1,,jit_avx512_bf16,24.0
Status.EXECUTED,__module.model.language_model.layers.26.self_attn.q_proj/aten::linear/MatMul,,brgemm_avx512_bf16,1479.0
Status.NOT_RUN,__module.model.language_model.layers.26.self_attn/aten::view/Reshape,,unknown_bf16,0.0
Status.EXECUTED,__module.model.language_model.layers.26.self_attn.q_norm/aten::mul/Multiply_1,,jit_avx512_bf16,25.0
Status.EXECUTED,__module.model.language_model.layers.26.self_attn/aten::add/Add,,ref_any_bf16,24.0
Status.EXECUTED,__module.model.language_model.layers.26.self_attn.k_proj/aten::linear/MatMul,,brgemm_avx512_bf16,404.0
Status.NOT_RUN,__module.model.language_model.layers.26.self_attn/aten::view/Reshape_1,,unknown_bf16,0.0
Status.EXECUTED,__module.model.language_model.layers.26.self_attn.k_norm/aten::mul/Multiply_1,,jit_avx512_bf16,10.0
Status.EXECUTED,__module.model.language_model.layers.26.self_attn/aten::add/Add_1,,ref_any_bf16,12.0
Status.EXECUTED,__module.model.language_model.layers.26.self_attn.v_proj/aten::linear/MatMul,,brgemm_avx512_bf16,424.0
Status.NOT_RUN,__module.model.language_model.layers.26.self_attn/aten::view/Reshape_2,,unknown_bf16,0.0
Status.EXECUTED,__module.model.language_model.layers.26.self_attn/aten::transpose/Transpose_2,,unknown_bf16,11.0
Status.EXECUTED,__module.model.language_model.layers.26.self_attn/aten::scaled_dot_product_attention/ScaledDotProductAttention,,undef_bf16,235.0
Status.EXECUTED,__module.model.language_model.layers.26.self_attn/aten::transpose/Transpose_3,,unknown_bf16,29.0
Status.NOT_RUN,__module.model.language_model.layers.26.self_attn/aten::reshape/Reshape_2,,unknown_bf16,0.0
Status.EXECUTED,__module.model.language_model.layers.26.self_attn.o_proj/aten::linear/MatMul,,brgemm_avx512_bf16,1348.0
Status.EXECUTED,__module.model.language_model.layers.26.self_attn.o_proj/aten::linear/MatMul_bf16_f32___module.model.language_model.layers.26/aten::add/Add,,jit_uni_bf16,58.0
Status.EXECUTED,__module.model.language_model.layers.26/aten::add/Add,,jit_avx512_f32,57.0
Status.EXECUTED,__module.model.language_model.layers.26/aten::add/Add_f32_bf16___module.model.language_model.layers.26.post_attention_layernorm/aten::mul/Multiply_1,,jit_uni_f32,24.0
Status.EXECUTED,__module.model.language_model.layers.26.post_attention_layernorm/aten::mul/Multiply_1,,jit_avx512_bf16,20.0
Status.EXECUTED,__module.model.language_model.layers.26.mlp.gate_proj/aten::linear/MatMul,,brgemm_avx512_bf16,4115.0
Status.NOT_RUN,__module.model.language_model.layers.26.mlp.act_fn/aten::silu/Swish,,undef,0.0
Status.EXECUTED,__module.model.language_model.layers.26.mlp.up_proj/aten::linear/MatMul,,brgemm_avx512_bf16,4091.0
Status.EXECUTED,__module.model.language_model.layers.26.mlp/aten::mul/Multiply,,jit_avx512_bf16,111.0
Status.EXECUTED,__module.model.language_model.layers.26.mlp.down_proj/aten::linear/MatMul,,brgemm_avx512_bf16,4326.0
Status.EXECUTED,__module.model.language_model.layers.26.mlp.down_proj/aten::linear/MatMul_bf16_f32___module.model.language_model.layers.26/aten::add/Add_1,,jit_uni_bf16,62.0
Status.EXECUTED,__module.model.language_model.layers.26/aten::add/Add_1,,jit_avx512_f32,58.0
Status.EXECUTED,__module.model.language_model.layers.26/aten::add/Add_1_f32_bf16___module.model.language_model.layers.27.input_layernorm/aten::mul/Multiply_1,,jit_uni_f32,34.0
Status.EXECUTED,__module.model.language_model.layers.27.input_layernorm/aten::mul/Multiply_1,,jit_avx512_bf16,24.0
Status.EXECUTED,__module.model.language_model.layers.27.self_attn.q_proj/aten::linear/MatMul,,brgemm_avx512_bf16,1363.0
Status.NOT_RUN,__module.model.language_model.layers.27.self_attn/aten::view/Reshape,,unknown_bf16,0.0
Status.EXECUTED,__module.model.language_model.layers.27.self_attn.q_norm/aten::mul/Multiply_1,,jit_avx512_bf16,24.0
Status.EXECUTED,__module.model.language_model.layers.27.self_attn/aten::add/Add,,ref_any_bf16,24.0
Status.EXECUTED,__module.model.language_model.layers.27.self_attn.k_proj/aten::linear/MatMul,,brgemm_avx512_bf16,381.0
Status.NOT_RUN,__module.model.language_model.layers.27.self_attn/aten::view/Reshape_1,,unknown_bf16,0.0
Status.EXECUTED,__module.model.language_model.layers.27.self_attn.k_norm/aten::mul/Multiply_1,,jit_avx512_bf16,10.0
Status.EXECUTED,__module.model.language_model.layers.27.self_attn/aten::add/Add_1,,ref_any_bf16,12.0
Status.EXECUTED,__module.model.language_model.layers.27.self_attn.v_proj/aten::linear/MatMul,,brgemm_avx512_bf16,375.0
Status.NOT_RUN,__module.model.language_model.layers.27.self_attn/aten::view/Reshape_2,,unknown_bf16,0.0
Status.EXECUTED,__module.model.language_model.layers.27.self_attn/aten::transpose/Transpose_2,,unknown_bf16,12.0
Status.EXECUTED,__module.model.language_model.layers.27.self_attn/aten::scaled_dot_product_attention/ScaledDotProductAttention,,undef_bf16,235.0
Status.EXECUTED,__module.model.language_model.layers.27.self_attn/aten::transpose/Transpose_3,,unknown_bf16,29.0
Status.NOT_RUN,__module.model.language_model.layers.27.self_attn/aten::reshape/Reshape_2,,unknown_bf16,0.0
Status.EXECUTED,__module.model.language_model.layers.27.self_attn.o_proj/aten::linear/MatMul,,brgemm_avx512_bf16,1403.0
Status.EXECUTED,__module.model.language_model.layers.27.self_attn.o_proj/aten::linear/MatMul_bf16_f32___module.model.language_model.layers.27/aten::add/Add,,jit_uni_bf16,59.0
Status.EXECUTED,__module.model.language_model.layers.27/aten::add/Add,,jit_avx512_f32,58.0
Status.EXECUTED,__module.model.language_model.layers.27/aten::add/Add_f32_bf16___module.model.language_model.layers.27.post_attention_layernorm/aten::mul/Multiply_1,,jit_uni_f32,24.0
Status.EXECUTED,__module.model.language_model.layers.27.post_attention_layernorm/aten::mul/Multiply_1,,jit_avx512_bf16,18.0
Status.EXECUTED,__module.model.language_model.layers.27.mlp.gate_proj/aten::linear/MatMul,,brgemm_avx512_bf16,4140.0
Status.NOT_RUN,__module.model.language_model.layers.27.mlp.act_fn/aten::silu/Swish,,undef,0.0
Status.EXECUTED,__module.model.language_model.layers.27.mlp.up_proj/aten::linear/MatMul,,brgemm_avx512_bf16,3996.9999999999995
Status.EXECUTED,__module.model.language_model.layers.27.mlp/aten::mul/Multiply,,jit_avx512_bf16,110.0
Status.EXECUTED,__module.model.language_model.layers.27.mlp.down_proj/aten::linear/MatMul,,brgemm_avx512_bf16,3859.0
Status.EXECUTED,__module.model.language_model.layers.27.mlp.down_proj/aten::linear/MatMul_bf16_f32___module.model.language_model.layers.27/aten::add/Add_1,,jit_uni_bf16,59.0
Status.EXECUTED,__module.model.language_model.layers.27/aten::add/Add_1,,jit_avx512_f32,108.0
Status.EXECUTED,__module.model.language_model.layers.27/aten::add/Add_1_f32_bf16___module.model.language_model.layers.28.input_layernorm/aten::mul/Multiply_1,,jit_uni_f32,35.0
Status.EXECUTED,__module.model.language_model.layers.28.input_layernorm/aten::mul/Multiply_1,,jit_avx512_bf16,23.0
Status.EXECUTED,__module.model.language_model.layers.28.self_attn.q_proj/aten::linear/MatMul,,brgemm_avx512_bf16,1623.0
Status.NOT_RUN,__module.model.language_model.layers.28.self_attn/aten::view/Reshape,,unknown_bf16,0.0
Status.EXECUTED,__module.model.language_model.layers.28.self_attn.q_norm/aten::mul/Multiply_1,,jit_avx512_bf16,27.0
Status.EXECUTED,__module.model.language_model.layers.28.self_attn/aten::add/Add,,ref_any_bf16,24.0
Status.EXECUTED,__module.model.language_model.layers.28.self_attn.k_proj/aten::linear/MatMul,,brgemm_avx512_bf16,420.0
Status.NOT_RUN,__module.model.language_model.layers.28.self_attn/aten::view/Reshape_1,,unknown_bf16,0.0
Status.EXECUTED,__module.model.language_model.layers.28.self_attn.k_norm/aten::mul/Multiply_1,,jit_avx512_bf16,10.0
Status.EXECUTED,__module.model.language_model.layers.28.self_attn/aten::add/Add_1,,ref_any_bf16,12.0
Status.EXECUTED,__module.model.language_model.layers.28.self_attn.v_proj/aten::linear/MatMul,,brgemm_avx512_bf16,416.0
Status.NOT_RUN,__module.model.language_model.layers.28.self_attn/aten::view/Reshape_2,,unknown_bf16,0.0
Status.EXECUTED,__module.model.language_model.layers.28.self_attn/aten::transpose/Transpose_2,,unknown_bf16,12.0
Status.EXECUTED,__module.model.language_model.layers.28.self_attn/aten::scaled_dot_product_attention/ScaledDotProductAttention,,undef_bf16,236.0
Status.EXECUTED,__module.model.language_model.layers.28.self_attn/aten::transpose/Transpose_3,,unknown_bf16,29.0
Status.NOT_RUN,__module.model.language_model.layers.28.self_attn/aten::reshape/Reshape_2,,unknown_bf16,0.0
Status.EXECUTED,__module.model.language_model.layers.28.self_attn.o_proj/aten::linear/MatMul,,brgemm_avx512_bf16,1349.0
Status.EXECUTED,__module.model.language_model.layers.28.self_attn.o_proj/aten::linear/MatMul_bf16_f32___module.model.language_model.layers.28/aten::add/Add,,jit_uni_bf16,59.0
Status.EXECUTED,__module.model.language_model.layers.28/aten::add/Add,,jit_avx512_f32,57.0
Status.EXECUTED,__module.model.language_model.layers.28/aten::add/Add_f32_bf16___module.model.language_model.layers.28.post_attention_layernorm/aten::mul/Multiply_1,,jit_uni_f32,24.0
Status.EXECUTED,__module.model.language_model.layers.28.post_attention_layernorm/aten::mul/Multiply_1,,jit_avx512_bf16,19.0
Status.EXECUTED,__module.model.language_model.layers.28.mlp.gate_proj/aten::linear/MatMul,,brgemm_avx512_bf16,3918.9999999999995
Status.NOT_RUN,__module.model.language_model.layers.28.mlp.act_fn/aten::silu/Swish,,undef,0.0
Status.EXECUTED,__module.model.language_model.layers.28.mlp.up_proj/aten::linear/MatMul,,brgemm_avx512_bf16,4145.0
Status.EXECUTED,__module.model.language_model.layers.28.mlp/aten::mul/Multiply,,jit_avx512_bf16,112.0
Status.EXECUTED,__module.model.language_model.layers.28.mlp.down_proj/aten::linear/MatMul,,brgemm_avx512_bf16,4070.0
Status.EXECUTED,__module.model.language_model.layers.28.mlp.down_proj/aten::linear/MatMul_bf16_f32___module.model.language_model.layers.28/aten::add/Add_1,,jit_uni_bf16,59.0
Status.EXECUTED,__module.model.language_model.layers.28/aten::add/Add_1,,jit_avx512_f32,59.0
Status.EXECUTED,__module.model.language_model.layers.28/aten::add/Add_1_f32_bf16___module.model.language_model.layers.29.input_layernorm/aten::mul/Multiply_1,,jit_uni_f32,34.0
Status.EXECUTED,__module.model.language_model.layers.29.input_layernorm/aten::mul/Multiply_1,,jit_avx512_bf16,24.0
Status.EXECUTED,__module.model.language_model.layers.29.self_attn.q_proj/aten::linear/MatMul,,brgemm_avx512_bf16,1370.0
Status.NOT_RUN,__module.model.language_model.layers.29.self_attn/aten::view/Reshape,,unknown_bf16,0.0
Status.EXECUTED,__module.model.language_model.layers.29.self_attn.q_norm/aten::mul/Multiply_1,,jit_avx512_bf16,25.0
Status.EXECUTED,__module.model.language_model.layers.29.self_attn/aten::add/Add,,ref_any_bf16,25.0
Status.EXECUTED,__module.model.language_model.layers.29.self_attn.k_proj/aten::linear/MatMul,,brgemm_avx512_bf16,382.0
Status.NOT_RUN,__module.model.language_model.layers.29.self_attn/aten::view/Reshape_1,,unknown_bf16,0.0
Status.EXECUTED,__module.model.language_model.layers.29.self_attn.k_norm/aten::mul/Multiply_1,,jit_avx512_bf16,10.0
Status.EXECUTED,__module.model.language_model.layers.29.self_attn/aten::add/Add_1,,ref_any_bf16,12.0
Status.EXECUTED,__module.model.language_model.layers.29.self_attn.v_proj/aten::linear/MatMul,,brgemm_avx512_bf16,395.0
Status.NOT_RUN,__module.model.language_model.layers.29.self_attn/aten::view/Reshape_2,,unknown_bf16,0.0
Status.EXECUTED,__module.model.language_model.layers.29.self_attn/aten::transpose/Transpose_2,,unknown_bf16,11.0
Status.EXECUTED,__module.model.language_model.layers.29.self_attn/aten::scaled_dot_product_attention/ScaledDotProductAttention,,undef_bf16,238.0
Status.EXECUTED,__module.model.language_model.layers.29.self_attn/aten::transpose/Transpose_3,,unknown_bf16,30.0
Status.NOT_RUN,__module.model.language_model.layers.29.self_attn/aten::reshape/Reshape_2,,unknown_bf16,0.0
Status.EXECUTED,__module.model.language_model.layers.29.self_attn.o_proj/aten::linear/MatMul,,brgemm_avx512_bf16,1344.0
Status.EXECUTED,__module.model.language_model.layers.29.self_attn.o_proj/aten::linear/MatMul_bf16_f32___module.model.language_model.layers.29/aten::add/Add,,jit_uni_bf16,59.0
Status.EXECUTED,__module.model.language_model.layers.29/aten::add/Add,,jit_avx512_f32,57.0
Status.EXECUTED,__module.model.language_model.layers.29/aten::add/Add_f32_bf16___module.model.language_model.layers.29.post_attention_layernorm/aten::mul/Multiply_1,,jit_uni_f32,24.0
Status.EXECUTED,__module.model.language_model.layers.29.post_attention_layernorm/aten::mul/Multiply_1,,jit_avx512_bf16,19.0
Status.EXECUTED,__module.model.language_model.layers.29.mlp.gate_proj/aten::linear/MatMul,,brgemm_avx512_bf16,4223.0
Status.NOT_RUN,__module.model.language_model.layers.29.mlp.act_fn/aten::silu/Swish,,undef,0.0
Status.EXECUTED,__module.model.language_model.layers.29.mlp.up_proj/aten::linear/MatMul,,brgemm_avx512_bf16,4211.0
Status.EXECUTED,__module.model.language_model.layers.29.mlp/aten::mul/Multiply,,jit_avx512_bf16,111.0
Status.EXECUTED,__module.model.language_model.layers.29.mlp.down_proj/aten::linear/MatMul,,brgemm_avx512_bf16,4194.0
Status.EXECUTED,__module.model.language_model.layers.29.mlp.down_proj/aten::linear/MatMul_bf16_f32___module.model.language_model.layers.29/aten::add/Add_1,,jit_uni_bf16,61.0
Status.EXECUTED,__module.model.language_model.layers.29/aten::add/Add_1,,jit_avx512_f32,203.0
Status.EXECUTED,__module.model.language_model.layers.29/aten::add/Add_1_f32_bf16___module.model.language_model.layers.30.input_layernorm/aten::mul/Multiply_1,,jit_uni_f32,36.0
Status.EXECUTED,__module.model.language_model.layers.30.input_layernorm/aten::mul/Multiply_1,,jit_avx512_bf16,24.0
Status.EXECUTED,__module.model.language_model.layers.30.self_attn.q_proj/aten::linear/MatMul,,brgemm_avx512_bf16,1351.0
Status.NOT_RUN,__module.model.language_model.layers.30.self_attn/aten::view/Reshape,,unknown_bf16,0.0
Status.EXECUTED,__module.model.language_model.layers.30.self_attn.q_norm/aten::mul/Multiply_1,,jit_avx512_bf16,25.0
Status.EXECUTED,__module.model.language_model.layers.30.self_attn/aten::add/Add,,ref_any_bf16,25.0
Status.EXECUTED,__module.model.language_model.layers.30.self_attn.k_proj/aten::linear/MatMul,,brgemm_avx512_bf16,462.0
Status.NOT_RUN,__module.model.language_model.layers.30.self_attn/aten::view/Reshape_1,,unknown_bf16,0.0
Status.EXECUTED,__module.model.language_model.layers.30.self_attn.k_norm/aten::mul/Multiply_1,,jit_avx512_bf16,12.0
Status.EXECUTED,__module.model.language_model.layers.30.self_attn/aten::add/Add_1,,ref_any_bf16,12.0
Status.EXECUTED,__module.model.language_model.layers.30.self_attn.v_proj/aten::linear/MatMul,,brgemm_avx512_bf16,379.0
Status.NOT_RUN,__module.model.language_model.layers.30.self_attn/aten::view/Reshape_2,,unknown_bf16,0.0
Status.EXECUTED,__module.model.language_model.layers.30.self_attn/aten::transpose/Transpose_2,,unknown_bf16,11.0
Status.EXECUTED,__module.model.language_model.layers.30.self_attn/aten::scaled_dot_product_attention/ScaledDotProductAttention,,undef_bf16,235.0
Status.EXECUTED,__module.model.language_model.layers.30.self_attn/aten::transpose/Transpose_3,,unknown_bf16,29.0
Status.NOT_RUN,__module.model.language_model.layers.30.self_attn/aten::reshape/Reshape_2,,unknown_bf16,0.0
Status.EXECUTED,__module.model.language_model.layers.30.self_attn.o_proj/aten::linear/MatMul,,brgemm_avx512_bf16,1328.0
Status.EXECUTED,__module.model.language_model.layers.30.self_attn.o_proj/aten::linear/MatMul_bf16_f32___module.model.language_model.layers.30/aten::add/Add,,jit_uni_bf16,59.0
Status.EXECUTED,__module.model.language_model.layers.30/aten::add/Add,,jit_avx512_f32,58.0
Status.EXECUTED,__module.model.language_model.layers.30/aten::add/Add_f32_bf16___module.model.language_model.layers.30.post_attention_layernorm/aten::mul/Multiply_1,,jit_uni_f32,24.0
Status.EXECUTED,__module.model.language_model.layers.30.post_attention_layernorm/aten::mul/Multiply_1,,jit_avx512_bf16,21.0
Status.EXECUTED,__module.model.language_model.layers.30.mlp.gate_proj/aten::linear/MatMul,,brgemm_avx512_bf16,4752.0
Status.NOT_RUN,__module.model.language_model.layers.30.mlp.act_fn/aten::silu/Swish,,undef,0.0
Status.EXECUTED,__module.model.language_model.layers.30.mlp.up_proj/aten::linear/MatMul,,brgemm_avx512_bf16,4242.0
Status.EXECUTED,__module.model.language_model.layers.30.mlp/aten::mul/Multiply,,jit_avx512_bf16,110.0
Status.EXECUTED,__module.model.language_model.layers.30.mlp.down_proj/aten::linear/MatMul,,brgemm_avx512_bf16,3994.0
Status.EXECUTED,__module.model.language_model.layers.30.mlp.down_proj/aten::linear/MatMul_bf16_f32___module.model.language_model.layers.30/aten::add/Add_1,,jit_uni_bf16,58.0
Status.EXECUTED,__module.model.language_model.layers.30/aten::add/Add_1,,jit_avx512_f32,58.0
Status.EXECUTED,__module.model.language_model.layers.30/aten::add/Add_1_f32_bf16___module.model.language_model.layers.31.input_layernorm/aten::mul/Multiply_1,,jit_uni_f32,33.0
Status.EXECUTED,__module.model.language_model.layers.31.input_layernorm/aten::mul/Multiply_1,,jit_avx512_bf16,23.0
Status.EXECUTED,__module.model.language_model.layers.31.self_attn.q_proj/aten::linear/MatMul,,brgemm_avx512_bf16,1397.0
Status.NOT_RUN,__module.model.language_model.layers.31.self_attn/aten::view/Reshape,,unknown_bf16,0.0
Status.EXECUTED,__module.model.language_model.layers.31.self_attn.q_norm/aten::mul/Multiply_1,,jit_avx512_bf16,25.0
Status.EXECUTED,__module.model.language_model.layers.31.self_attn/aten::add/Add,,ref_any_bf16,30.0
Status.EXECUTED,__module.model.language_model.layers.31.self_attn.k_proj/aten::linear/MatMul,,brgemm_avx512_bf16,382.0
Status.NOT_RUN,__module.model.language_model.layers.31.self_attn/aten::view/Reshape_1,,unknown_bf16,0.0
Status.EXECUTED,__module.model.language_model.layers.31.self_attn.k_norm/aten::mul/Multiply_1,,jit_avx512_bf16,10.0
Status.EXECUTED,__module.model.language_model.layers.31.self_attn/aten::add/Add_1,,ref_any_bf16,12.0
Status.EXECUTED,__module.model.language_model.layers.31.self_attn.v_proj/aten::linear/MatMul,,brgemm_avx512_bf16,432.0
Status.NOT_RUN,__module.model.language_model.layers.31.self_attn/aten::view/Reshape_2,,unknown_bf16,0.0
Status.EXECUTED,__module.model.language_model.layers.31.self_attn/aten::transpose/Transpose_2,,unknown_bf16,12.0
Status.EXECUTED,__module.model.language_model.layers.31.self_attn/aten::scaled_dot_product_attention/ScaledDotProductAttention,,undef_bf16,237.0
Status.EXECUTED,__module.model.language_model.layers.31.self_attn/aten::transpose/Transpose_3,,unknown_bf16,31.0
Status.NOT_RUN,__module.model.language_model.layers.31.self_attn/aten::reshape/Reshape_2,,unknown_bf16,0.0
Status.EXECUTED,__module.model.language_model.layers.31.self_attn.o_proj/aten::linear/MatMul,,brgemm_avx512_bf16,1375.0
Status.EXECUTED,__module.model.language_model.layers.31.self_attn.o_proj/aten::linear/MatMul_bf16_f32___module.model.language_model.layers.31/aten::add/Add,,jit_uni_bf16,60.0
Status.EXECUTED,__module.model.language_model.layers.31/aten::add/Add,,jit_avx512_f32,57.0
Status.EXECUTED,__module.model.language_model.layers.31/aten::add/Add_f32_bf16___module.model.language_model.layers.31.post_attention_layernorm/aten::mul/Multiply_1,,jit_uni_f32,25.0
Status.EXECUTED,__module.model.language_model.layers.31.post_attention_layernorm/aten::mul/Multiply_1,,jit_avx512_bf16,19.0
Status.EXECUTED,__module.model.language_model.layers.31.mlp.gate_proj/aten::linear/MatMul,,brgemm_avx512_bf16,4093.0000000000005
Status.NOT_RUN,__module.model.language_model.layers.31.mlp.act_fn/aten::silu/Swish,,undef,0.0
Status.EXECUTED,__module.model.language_model.layers.31.mlp.up_proj/aten::linear/MatMul,,brgemm_avx512_bf16,3961.0
Status.EXECUTED,__module.model.language_model.layers.31.mlp/aten::mul/Multiply,,jit_avx512_bf16,110.0
Status.EXECUTED,__module.model.language_model.layers.31.mlp.down_proj/aten::linear/MatMul,,brgemm_avx512_bf16,3889.0
Status.EXECUTED,__module.model.language_model.layers.31.mlp.down_proj/aten::linear/MatMul_bf16_f32___module.model.language_model.layers.31/aten::add/Add_1,,jit_uni_bf16,58.0
Status.EXECUTED,__module.model.language_model.layers.31/aten::add/Add_1,,jit_avx512_f32,108.0
Status.EXECUTED,__module.model.language_model.layers.31/aten::add/Add_1_f32_bf16___module.model.language_model.layers.32.input_layernorm/aten::mul/Multiply_1,,jit_uni_f32,36.0
Status.EXECUTED,__module.model.language_model.layers.32.input_layernorm/aten::mul/Multiply_1,,jit_avx512_bf16,23.0
Status.EXECUTED,__module.model.language_model.layers.32.self_attn.q_proj/aten::linear/MatMul,,brgemm_avx512_bf16,1372.0
Status.NOT_RUN,__module.model.language_model.layers.32.self_attn/aten::view/Reshape,,unknown_bf16,0.0
Status.EXECUTED,__module.model.language_model.layers.32.self_attn.q_norm/aten::mul/Multiply_1,,jit_avx512_bf16,25.0
Status.EXECUTED,__module.model.language_model.layers.32.self_attn/aten::add/Add,,ref_any_bf16,24.0
Status.EXECUTED,__module.model.language_model.layers.32.self_attn.k_proj/aten::linear/MatMul,,brgemm_avx512_bf16,386.0
Status.NOT_RUN,__module.model.language_model.layers.32.self_attn/aten::view/Reshape_1,,unknown_bf16,0.0
Status.EXECUTED,__module.model.language_model.layers.32.self_attn.k_norm/aten::mul/Multiply_1,,jit_avx512_bf16,10.0
Status.EXECUTED,__module.model.language_model.layers.32.self_attn/aten::add/Add_1,,ref_any_bf16,12.0
Status.EXECUTED,__module.model.language_model.layers.32.self_attn.v_proj/aten::linear/MatMul,,brgemm_avx512_bf16,381.0
Status.NOT_RUN,__module.model.language_model.layers.32.self_attn/aten::view/Reshape_2,,unknown_bf16,0.0
Status.EXECUTED,__module.model.language_model.layers.32.self_attn/aten::transpose/Transpose_2,,unknown_bf16,11.0
Status.EXECUTED,__module.model.language_model.layers.32.self_attn/aten::scaled_dot_product_attention/ScaledDotProductAttention,,undef_bf16,238.0
Status.EXECUTED,__module.model.language_model.layers.32.self_attn/aten::transpose/Transpose_3,,unknown_bf16,29.0
Status.NOT_RUN,__module.model.language_model.layers.32.self_attn/aten::reshape/Reshape_2,,unknown_bf16,0.0
Status.EXECUTED,__module.model.language_model.layers.32.self_attn.o_proj/aten::linear/MatMul,,brgemm_avx512_bf16,1415.0
Status.EXECUTED,__module.model.language_model.layers.32.self_attn.o_proj/aten::linear/MatMul_bf16_f32___module.model.language_model.layers.32/aten::add/Add,,jit_uni_bf16,61.0
Status.EXECUTED,__module.model.language_model.layers.32/aten::add/Add,,jit_avx512_f32,60.0
Status.EXECUTED,__module.model.language_model.layers.32/aten::add/Add_f32_bf16___module.model.language_model.layers.32.post_attention_layernorm/aten::mul/Multiply_1,,jit_uni_f32,24.0
Status.EXECUTED,__module.model.language_model.layers.32.post_attention_layernorm/aten::mul/Multiply_1,,jit_avx512_bf16,20.0
Status.EXECUTED,__module.model.language_model.layers.32.mlp.gate_proj/aten::linear/MatMul,,brgemm_avx512_bf16,4205.0
Status.NOT_RUN,__module.model.language_model.layers.32.mlp.act_fn/aten::silu/Swish,,undef,0.0
Status.EXECUTED,__module.model.language_model.layers.32.mlp.up_proj/aten::linear/MatMul,,brgemm_avx512_bf16,3908.0
Status.EXECUTED,__module.model.language_model.layers.32.mlp/aten::mul/Multiply,,jit_avx512_bf16,167.0
Status.EXECUTED,__module.model.language_model.layers.32.mlp.down_proj/aten::linear/MatMul,,brgemm_avx512_bf16,4021.0000000000005
Status.EXECUTED,__module.model.language_model.layers.32.mlp.down_proj/aten::linear/MatMul_bf16_f32___module.model.language_model.layers.32/aten::add/Add_1,,jit_uni_bf16,59.0
Status.EXECUTED,__module.model.language_model.layers.32/aten::add/Add_1,,jit_avx512_f32,58.0
Status.EXECUTED,__module.model.language_model.layers.32/aten::add/Add_1_f32_bf16___module.model.language_model.layers.33.input_layernorm/aten::mul/Multiply_1,,jit_uni_f32,34.0
Status.EXECUTED,__module.model.language_model.layers.33.input_layernorm/aten::mul/Multiply_1,,jit_avx512_bf16,23.0
Status.EXECUTED,__module.model.language_model.layers.33.self_attn.q_proj/aten::linear/MatMul,,brgemm_avx512_bf16,1369.0
Status.NOT_RUN,__module.model.language_model.layers.33.self_attn/aten::view/Reshape,,unknown_bf16,0.0
Status.EXECUTED,__module.model.language_model.layers.33.self_attn.q_norm/aten::mul/Multiply_1,,jit_avx512_bf16,24.0
Status.EXECUTED,__module.model.language_model.layers.33.self_attn/aten::add/Add,,ref_any_bf16,24.0
Status.EXECUTED,__module.model.language_model.layers.33.self_attn.k_proj/aten::linear/MatMul,,brgemm_avx512_bf16,398.0
Status.NOT_RUN,__module.model.language_model.layers.33.self_attn/aten::view/Reshape_1,,unknown_bf16,0.0
Status.EXECUTED,__module.model.language_model.layers.33.self_attn.k_norm/aten::mul/Multiply_1,,jit_avx512_bf16,10.0
Status.EXECUTED,__module.model.language_model.layers.33.self_attn/aten::add/Add_1,,ref_any_bf16,12.0
Status.EXECUTED,__module.model.language_model.layers.33.self_attn.v_proj/aten::linear/MatMul,,brgemm_avx512_bf16,423.0
Status.NOT_RUN,__module.model.language_model.layers.33.self_attn/aten::view/Reshape_2,,unknown_bf16,0.0
Status.EXECUTED,__module.model.language_model.layers.33.self_attn/aten::transpose/Transpose_2,,unknown_bf16,11.0
Status.EXECUTED,__module.model.language_model.layers.33.self_attn/aten::scaled_dot_product_attention/ScaledDotProductAttention,,undef_bf16,244.0
Status.EXECUTED,__module.model.language_model.layers.33.self_attn/aten::transpose/Transpose_3,,unknown_bf16,30.0
Status.NOT_RUN,__module.model.language_model.layers.33.self_attn/aten::reshape/Reshape_2,,unknown_bf16,0.0
Status.EXECUTED,__module.model.language_model.layers.33.self_attn.o_proj/aten::linear/MatMul,,brgemm_avx512_bf16,1519.0
Status.EXECUTED,__module.model.language_model.layers.33.self_attn.o_proj/aten::linear/MatMul_bf16_f32___module.model.language_model.layers.33/aten::add/Add,,jit_uni_bf16,60.0
Status.EXECUTED,__module.model.language_model.layers.33/aten::add/Add,,jit_avx512_f32,57.0
Status.EXECUTED,__module.model.language_model.layers.33/aten::add/Add_f32_bf16___module.model.language_model.layers.33.post_attention_layernorm/aten::mul/Multiply_1,,jit_uni_f32,25.0
Status.EXECUTED,__module.model.language_model.layers.33.post_attention_layernorm/aten::mul/Multiply_1,,jit_avx512_bf16,19.0
Status.EXECUTED,__module.model.language_model.layers.33.mlp.gate_proj/aten::linear/MatMul,,brgemm_avx512_bf16,4037.0
Status.NOT_RUN,__module.model.language_model.layers.33.mlp.act_fn/aten::silu/Swish,,undef,0.0
Status.EXECUTED,__module.model.language_model.layers.33.mlp.up_proj/aten::linear/MatMul,,brgemm_avx512_bf16,3990.9999999999995
Status.EXECUTED,__module.model.language_model.layers.33.mlp/aten::mul/Multiply,,jit_avx512_bf16,111.0
Status.EXECUTED,__module.model.language_model.layers.33.mlp.down_proj/aten::linear/MatMul,,brgemm_avx512_bf16,4191.0
Status.EXECUTED,__module.model.language_model.layers.33.mlp.down_proj/aten::linear/MatMul_bf16_f32___module.model.language_model.layers.33/aten::add/Add_1,,jit_uni_bf16,59.0
Status.EXECUTED,__module.model.language_model.layers.33/aten::add/Add_1,,jit_avx512_f32,109.0
Status.EXECUTED,__module.model.language_model.layers.33/aten::add/Add_1_f32_bf16___module.model.language_model.layers.34.input_layernorm/aten::mul/Multiply_1,,jit_uni_f32,37.0
Status.EXECUTED,__module.model.language_model.layers.34.input_layernorm/aten::mul/Multiply_1,,jit_avx512_bf16,24.0
Status.EXECUTED,__module.model.language_model.layers.34.self_attn.q_proj/aten::linear/MatMul,,brgemm_avx512_bf16,1376.0
Status.NOT_RUN,__module.model.language_model.layers.34.self_attn/aten::view/Reshape,,unknown_bf16,0.0
Status.EXECUTED,__module.model.language_model.layers.34.self_attn.q_norm/aten::mul/Multiply_1,,jit_avx512_bf16,24.0
Status.EXECUTED,__module.model.language_model.layers.34.self_attn/aten::add/Add,,ref_any_bf16,24.0
Status.EXECUTED,__module.model.language_model.layers.34.self_attn.k_proj/aten::linear/MatMul,,brgemm_avx512_bf16,382.0
Status.NOT_RUN,__module.model.language_model.layers.34.self_attn/aten::view/Reshape_1,,unknown_bf16,0.0
Status.EXECUTED,__module.model.language_model.layers.34.self_attn.k_norm/aten::mul/Multiply_1,,jit_avx512_bf16,10.0
Status.EXECUTED,__module.model.language_model.layers.34.self_attn/aten::add/Add_1,,ref_any_bf16,12.0
Status.EXECUTED,__module.model.language_model.layers.34.self_attn.v_proj/aten::linear/MatMul,,brgemm_avx512_bf16,378.0
Status.NOT_RUN,__module.model.language_model.layers.34.self_attn/aten::view/Reshape_2,,unknown_bf16,0.0
Status.EXECUTED,__module.model.language_model.layers.34.self_attn/aten::transpose/Transpose_2,,unknown_bf16,11.0
Status.EXECUTED,__module.model.language_model.layers.34.self_attn/aten::scaled_dot_product_attention/ScaledDotProductAttention,,undef_bf16,234.0
Status.EXECUTED,__module.model.language_model.layers.34.self_attn/aten::transpose/Transpose_3,,unknown_bf16,30.0
Status.NOT_RUN,__module.model.language_model.layers.34.self_attn/aten::reshape/Reshape_2,,unknown_bf16,0.0
Status.EXECUTED,__module.model.language_model.layers.34.self_attn.o_proj/aten::linear/MatMul,,brgemm_avx512_bf16,1403.0
Status.EXECUTED,__module.model.language_model.layers.34.self_attn.o_proj/aten::linear/MatMul_bf16_f32___module.model.language_model.layers.34/aten::add/Add,,jit_uni_bf16,59.0
Status.EXECUTED,__module.model.language_model.layers.34/aten::add/Add,,jit_avx512_f32,57.0
Status.EXECUTED,__module.model.language_model.layers.34/aten::add/Add_f32_bf16___module.model.language_model.layers.34.post_attention_layernorm/aten::mul/Multiply_1,,jit_uni_f32,24.0
Status.EXECUTED,__module.model.language_model.layers.34.post_attention_layernorm/aten::mul/Multiply_1,,jit_avx512_bf16,20.0
Status.EXECUTED,__module.model.language_model.layers.34.mlp.gate_proj/aten::linear/MatMul,,brgemm_avx512_bf16,4272.0
Status.NOT_RUN,__module.model.language_model.layers.34.mlp.act_fn/aten::silu/Swish,,undef,0.0
Status.EXECUTED,__module.model.language_model.layers.34.mlp.up_proj/aten::linear/MatMul,,brgemm_avx512_bf16,4005.0
Status.EXECUTED,__module.model.language_model.layers.34.mlp/aten::mul/Multiply,,jit_avx512_bf16,111.0
Status.EXECUTED,__module.model.language_model.layers.34.mlp.down_proj/aten::linear/MatMul,,brgemm_avx512_bf16,3967.0
Status.EXECUTED,__module.model.language_model.layers.34.mlp.down_proj/aten::linear/MatMul_bf16_f32___module.model.language_model.layers.34/aten::add/Add_1,,jit_uni_bf16,59.0
Status.EXECUTED,__module.model.language_model.layers.34/aten::add/Add_1,,jit_avx512_f32,58.0
Status.EXECUTED,__module.model.language_model.layers.34/aten::add/Add_1_f32_bf16___module.model.language_model.layers.35.input_layernorm/aten::mul/Multiply_1,,jit_uni_f32,35.0
Status.EXECUTED,__module.model.language_model.layers.35.input_layernorm/aten::mul/Multiply_1,,jit_avx512_bf16,24.0
Status.EXECUTED,__module.model.language_model.layers.35.self_attn.q_proj/aten::linear/MatMul,,brgemm_avx512_bf16,1409.0
Status.NOT_RUN,__module.model.language_model.layers.35.self_attn/aten::view/Reshape_2,,unknown_bf16,0.0
Status.EXECUTED,__module.model.language_model.layers.35.self_attn.q_norm/aten::mul/Multiply_1,,jit_avx512_bf16,25.0
Status.EXECUTED,__module.model.language_model.layers.35.self_attn/aten::add/Add_1,,ref_any_bf16,24.0
Status.EXECUTED,__module.model.language_model.layers.35.self_attn.k_proj/aten::linear/MatMul,,brgemm_avx512_bf16,379.0
Status.NOT_RUN,__module.model.language_model.layers.35.self_attn/aten::view/Reshape_1,,unknown_bf16,0.0
Status.EXECUTED,__module.model.language_model.layers.35.self_attn.k_norm/aten::mul/Multiply_1,,jit_avx512_bf16,10.0
Status.EXECUTED,__module.model.language_model.layers.35.self_attn/aten::add/Add,,ref_any_bf16,12.0
Status.EXECUTED,__module.model.language_model.layers.35.self_attn.v_proj/aten::linear/MatMul,,brgemm_avx512_bf16,430.0
Status.NOT_RUN,__module.model.language_model.layers.35.self_attn/aten::view/Reshape,,unknown_bf16,0.0
Status.EXECUTED,__module.model.language_model.layers.35.self_attn/aten::transpose/Transpose,,unknown_bf16,15.0
Status.EXECUTED,__module.model.language_model.layers.35.self_attn/aten::scaled_dot_product_attention/ScaledDotProductAttention,,undef_bf16,230.0
Status.EXECUTED,__module.model.language_model.layers.35.self_attn/aten::transpose/Transpose_3,,unknown_bf16,33.0
Status.NOT_RUN,__module.model.language_model.layers.35.self_attn/aten::reshape/Reshape_2,,unknown_bf16,0.0
Status.EXECUTED,__module.model.language_model.layers.35.self_attn.o_proj/aten::linear/MatMul,,brgemm_avx512_bf16,1542.0
Status.EXECUTED,__module.model.language_model.layers.35.self_attn.o_proj/aten::linear/MatMul_bf16_f32___module.model.language_model.layers.35/aten::add/Add,,jit_uni_bf16,62.0
Status.EXECUTED,__module.model.language_model.layers.35/aten::add/Add,,jit_avx512_f32,60.0
Status.EXECUTED,__module.model.language_model.layers.35/aten::add/Add_f32_bf16___module.model.language_model.layers.35.post_attention_layernorm/aten::mul/Multiply_1,,jit_uni_f32,24.0
Status.EXECUTED,__module.model.language_model.layers.35.post_attention_layernorm/aten::mul/Multiply_1,,jit_avx512_bf16,20.0
Status.EXECUTED,__module.model.language_model.layers.35.mlp.gate_proj/aten::linear/MatMul,,brgemm_avx512_bf16,4153.0
Status.NOT_RUN,__module.model.language_model.layers.35.mlp.act_fn/aten::silu/Swish,,undef,0.0
Status.EXECUTED,__module.model.language_model.layers.35.mlp.up_proj/aten::linear/MatMul,,brgemm_avx512_bf16,4136.0
Status.EXECUTED,__module.model.language_model.layers.35.mlp/aten::mul/Multiply,,jit_avx512_bf16,111.0
Status.EXECUTED,__module.model.language_model.layers.35.mlp.down_proj/aten::linear/MatMul,,brgemm_avx512_bf16,4140.0
Status.EXECUTED,__module.model.language_model.layers.35.mlp.down_proj/aten::linear/MatMul_bf16_f32___module.model.language_model.layers.35/aten::add/Add_1,,jit_uni_bf16,62.0
Status.EXECUTED,__module.model.language_model.layers.35/aten::add/Add_1,,jit_avx512_f32,53.0
Status.EXECUTED,__module.model.language_model.layers.35/aten::add/Add_1_f32_bf16___module.model.language_model.norm/aten::mul/Multiply_1,,jit_uni_f32,33.0
Status.EXECUTED,__module.model.language_model.norm/aten::mul/Multiply_1,,jit_avx512_bf16,18.0
Status.EXECUTED,__module.lm_head/aten::linear/MatMul,,brgemm_avx512_bf16,47684.0
Status.EXECUTED,__module.lm_head/aten::linear/MatMul_bf16_f32_Result_44730,,jit_uni_bf16,2129.0
Status.NOT_RUN,Result_44730,,unknown_f32,0.0
Status.NOT_RUN,Result_14269,,unknown_f32,0.0
Status.EXECUTED,__module.model.language_model.norm/aten::pow/Power,,jit_avx512_f32,73.0
Status.NOT_RUN,Result_14270,,unknown_f32,0.0
Status.NOT_RUN,stub_0___module.model.language_model/aten::index/Split,,unknown_i32,0.0
Status.EXECUTED,Assign_123263,,unknown_f32,2.0
Status.EXECUTED,Assign_123121,,unknown_f32,1.0
Status.EXECUTED,Assign_123123,,unknown_f32,1.0
Status.EXECUTED,Assign_123125,,unknown_f32,1.0
Status.EXECUTED,Assign_123127,,unknown_f32,1.0
Status.EXECUTED,Assign_123169,,unknown_f32,1.0
Status.NOT_RUN,Assign_123171,,unknown_f32,0.0
Status.EXECUTED,Assign_123213,,unknown_f32,1.0
Status.NOT_RUN,Assign_123215,,unknown_f32,0.0
Status.EXECUTED,Assign_123241,,unknown_f32,1.0
Status.NOT_RUN,Assign_123243,,unknown_f32,0.0
Status.EXECUTED,Assign_123245,,unknown_f32,1.0
Status.NOT_RUN,Assign_123247,,unknown_f32,0.0
Status.EXECUTED,Assign_123249,,unknown_f32,1.0
Status.NOT_RUN,Assign_123251,,unknown_f32,0.0
Status.EXECUTED,Assign_123253,,unknown_f32,1.0
Status.NOT_RUN,Assign_123255,,unknown_f32,0.0
Status.EXECUTED,Assign_123257,,unknown_f32,1.0
Status.NOT_RUN,Assign_123259,,unknown_f32,0.0
Status.NOT_RUN,Assign_123261,,unknown_f32,0.0
Status.NOT_RUN,Assign_123239,,unknown_f32,0.0
Status.EXECUTED,Assign_123129,,unknown_f32,1.0
Status.NOT_RUN,Assign_123131,,unknown_f32,0.0
Status.NOT_RUN,Assign_123133,,unknown_f32,0.0
Status.NOT_RUN,Assign_123135,,unknown_f32,0.0
Status.EXECUTED,Assign_123137,,unknown_f32,1.0
Status.NOT_RUN,Assign_123139,,unknown_f32,0.0
Status.NOT_RUN,Assign_123141,,unknown_f32,0.0
Status.NOT_RUN,Assign_123143,,unknown_f32,0.0
Status.EXECUTED,Assign_123145,,unknown_f32,1.0
Status.NOT_RUN,Assign_123147,,unknown_f32,0.0
Status.NOT_RUN,Assign_123149,,unknown_f32,0.0
Status.NOT_RUN,Assign_123151,,unknown_f32,0.0
Status.EXECUTED,Assign_123153,,unknown_f32,1.0
Status.NOT_RUN,Assign_123155,,unknown_f32,0.0
Status.NOT_RUN,Assign_123157,,unknown_f32,0.0
Status.NOT_RUN,Assign_123159,,unknown_f32,0.0
Status.EXECUTED,Assign_123161,,unknown_f32,1.0
Status.NOT_RUN,Assign_123163,,unknown_f32,0.0
Status.EXECUTED,Assign_123165,,unknown_f32,1.0
Status.NOT_RUN,Assign_123167,,unknown_f32,0.0
Status.NOT_RUN,Assign_123173,,unknown_f32,0.0
Status.NOT_RUN,Assign_123175,,unknown_f32,0.0
Status.NOT_RUN,Assign_123177,,unknown_f32,0.0
Status.NOT_RUN,Assign_123179,,unknown_f32,0.0
Status.EXECUTED,Assign_123181,,unknown_f32,1.0
Status.NOT_RUN,Assign_123183,,unknown_f32,0.0
Status.EXECUTED,Assign_123185,,unknown_f32,1.0
Status.NOT_RUN,Assign_123187,,unknown_f32,0.0
Status.NOT_RUN,Assign_123189,,unknown_f32,0.0
Status.NOT_RUN,Assign_123191,,unknown_f32,0.0
Status.NOT_RUN,Assign_123193,,unknown_f32,0.0
Status.NOT_RUN,Assign_123195,,unknown_f32,0.0
Status.NOT_RUN,Assign_123197,,unknown_f32,0.0
Status.NOT_RUN,Assign_123199,,unknown_f32,0.0
Status.NOT_RUN,Assign_123201,,unknown_f32,0.0
Status.NOT_RUN,Assign_123203,,unknown_f32,0.0
Status.NOT_RUN,Assign_123205,,unknown_f32,0.0
Status.NOT_RUN,Assign_123207,,unknown_f32,0.0
Status.EXECUTED,Assign_123209,,unknown_f32,1.0
Status.NOT_RUN,Assign_123211,,unknown_f32,0.0
Status.EXECUTED,Assign_123217,,unknown_f32,1.0
Status.NOT_RUN,Assign_123219,,unknown_f32,0.0
Status.NOT_RUN,Assign_123221,,unknown_f32,0.0
Status.NOT_RUN,Assign_123223,,unknown_f32,0.0
Status.NOT_RUN,Assign_123225,,unknown_f32,0.0
Status.NOT_RUN,Assign_123227,,unknown_f32,0.0
Status.NOT_RUN,Assign_123229,,unknown_f32,0.0
Status.NOT_RUN,Assign_123231,,unknown_f32,0.0
Status.NOT_RUN,Assign_123233,,unknown_f32,0.0
Status.NOT_RUN,Assign_123235,,unknown_f32,0.0
Status.NOT_RUN,Assign_123237,,unknown_f32,0.0
