timestamp_ns,rel_s,rss_bytes,vms_bytes,sys_used_bytes,sys_available_bytes,cpu_util_pct,proc_cpu_pct,num_threads,cpu_freq_mhz
10214057301315,0.002748396,437821440,13074051072,5350449152,95650807808,0.0,0.0,64,2691.9
10214209853464,0.155300545,520343552,14378250240,5407768576,95593488384,4.9,97.3,67,2691.9
10214212766238,0.158213319,520581120,14520872960,5407768576,95593488384,0.0,0.0,67,2691.9
10214265139450,0.210586531,550223872,16621735936,5432025088,95569231872,4.8,118.1,96,2691.9
10214304952262,0.250399343,570818560,16510644224,5435035648,95566221312,17.0,475.3,111,2691.9
10214354635458,0.300082539,757313536,16667955200,5645082624,95356174336,47.2,1393.9,111,2691.9
10214404637673,0.350084754,795725824,16671186944,5653327872,95347929088,52.8,1540.0,111,2691.9
10214454638155,0.400085236,1164828672,16989958144,6007623680,94993633280,49.4,1460.1,111,2691.9
10214504632936,0.450080017,939790336,16738291712,5760405504,95240851456,39.2,1200.5,111,2691.9
10214554640521,0.500087602,1241923584,16989958144,6036201472,94965055488,46.6,1414.3,111,2691.9
10214604630262,0.550077343,990257152,16738291712,5861818368,95139438592,41.1,1166.2,111,3727.1
10214654634441,0.600081522,1292189696,16989958144,6202515456,94798741504,45.0,1357.0,111,3727.1
10214704637828,0.650084909,925020160,16673120256,6110892032,94890364928,43.7,1279.4,111,3727.1
10214754633340,0.700080421,950628352,16673759232,6222344192,94778912768,51.9,1541.8,111,3727.1
10214804634342,0.750081423,1386778624,16992530432,6522195968,94479060992,51.3,1539.9,111,3727.1
10214854643350,0.800090431,1135112192,16740864000,6271459328,94729797632,40.9,1196.8,111,3727.1
10214904649252,0.850096333,1437044736,16992530432,6461120512,94540136448,45.6,1379.3,111,3727.1
10214954637190,0.900084271,1185378304,16740864000,6217953280,94783303680,40.0,1164.1,111,3727.1
10215004671004,0.950118085,1487310848,16992530432,6374588416,94626668544,45.6,1374.8,111,3727.1
10215055032423,1.000479504,1235644416,16740864000,6131908608,94869348352,37.1,1091.4,111,3727.1
10215105016984,1.050464065,1051025408,16606646272,5970608128,95030648832,47.2,1404.3,111,3335.2
10215154631422,1.100078503,1210220544,16673759232,6048538624,94952718336,49.4,1474.5,111,3335.2
10215208027894,1.153474975,1579257856,16992530432,6299840512,94701416448,46.5,1401.1,111,3335.2
10215254624370,1.200071451,1377927168,16791199744,6241873920,94759383040,34.5,1031.7,111,3335.2
10215305788414,1.251235495,1550241792,16992530432,6491406336,94509850624,48.2,1447.5,111,3335.2
10215354628770,1.300075851,1629523968,16992530432,6545080320,94456176640,40.6,1188.2,111,3335.2
10215406012145,1.351459226,1184268288,16589869056,6408572928,94592684032,42.3,1280.5,111,3335.2
10215454655551,1.400102632,1679790080,16992530432,6665588736,94335668224,47.7,1457.5,111,3335.2
10215504627289,1.45007437,1348841472,16740864000,6363938816,94637318144,37.0,1004.9,111,3335.2
10215556043757,1.501490838,1230348288,16522117120,6139953152,94861303808,47.2,1478.7,111,3335.2
10215604626439,1.55007352,1268473856,16539533312,6094266368,94906990592,50.0,1481.5,111,3335.2
10215654656756,1.600103837,1771737088,16992530432,6406246400,94595010560,47.2,1411.4,111,3290.4
10215704683487,1.650130568,1419345920,16791199744,5969899520,95031357440,41.5,1224.8,111,3290.4
10215754642471,1.700089552,1822003200,16992530432,6321987584,94679269376,46.6,1379.7,111,3290.4
10215805036972,1.750484053,1632329728,16791199744,6421594112,94579662848,40.4,1188.5,111,3290.4
10215854634928,1.800082009,1872269312,16992530432,6590357504,94410899456,44.9,1354.6,111,3290.4
10215904636892,1.850083973,1570209792,16673759232,6581481472,94419775488,43.1,1297.4,111,3290.4
10215954638065,1.900085146,1595179008,16673759232,6522646528,94478610432,50.6,1540.9,111,3290.4
10216004651641,1.950098722,1964216320,16992530432,6945378304,94055878656,49.4,1476.0,111,3290.4
10216054634059,2.00008114,1712549888,16740864000,6945894400,94055362560,41.5,1206.6,111,3290.4
10216104648527,2.050095608,2014482432,16992530432,7363137536,93638119424,47.5,1433.7,111,3290.4
10216154647135,2.100094216,2029789184,16992530432,7483076608,93518180352,46.9,1376.1,111,3290.4
10216204631827,2.150078908,2025107456,16992530432,7518167040,93483089920,42.4,1248.4,111,2926.3
10216254650292,2.200097373,1695576064,16606646272,7328079872,93673177088,46.5,1397.6,111,2926.3
10216304643310,2.250090391,1900576768,16791199744,7506997248,93494259712,52.5,1554.7,111,2926.3
10216354631158,2.300078239,2099011584,16992530432,7748788224,93252468736,47.5,1407.4,111,2926.3
10216404623835,2.350070916,2019422208,16992530432,7780274176,93220982784,45.9,1357.3,111,2926.3
10216454638994,2.400086075,2005630976,16791199744,7911870464,93089386496,37.7,1119.2,111,2926.3
10216504624016,2.450071097,2059022336,16992530432,7814586368,93186670592,45.6,1345.3,111,2926.3
10216554620581,2.500067662,2005561344,16740864000,7905038336,93096218624,42.5,1219.7,111,2926.3
10216604650978,2.550098059,1862180864,16576643072,7887970304,93113286656,50.6,1511.3,111,2926.3
10216654649937,2.600097018,2296188928,16992530432,8256720896,92744536064,53.1,1555.2,111,2926.3
10216707027107,2.652474188,2230251520,16992530432,8232722432,92768534528,42.2,1230.9,111,3943.8
10216754629099,2.70007618,2201235456,16992530432,8142733312,92858523648,45.3,1365.1,111,3943.8
10216804655489,2.75010257,2147774464,16740864000,8184807424,92816449536,47.5,1273.0,111,3943.8
10216854646343,2.800093424,2449707008,16992530432,8506208256,92495048704,56.2,1461.3,111,3943.8
10216904788921,2.850236002,2039476224,16740864000,8439640064,92561616896,46.5,1221.5,111,3943.8
10216954620055,2.900067136,2004398080,16522756096,8223395840,92777861120,53.1,1481.9,111,3943.8
10217004629844,2.950076925,2397990912,16992530432,8334163968,92667092992,56.1,1563.6,111,3943.8
10217054636016,3.000083097,2541654016,16992530432,8336912384,92664344576,42.1,1140.2,111,3943.8
10217104626419,3.0500735,2512637952,16992530432,8090681344,92910575616,48.1,1379.8,111,3943.8
10217154652899,3.10009998,2340253696,16740864000,7866200064,93135056896,41.9,1193.6,111,3943.8
10217204643082,3.150090163,2642186240,16992530432,7897681920,93103575040,52.8,1443.2,111,3943.8
10217254627253,3.200074334,2271596544,16740864000,7560151040,93441105920,45.2,1284.8,111,4174.6
10217304629988,3.250077069,2230595584,16539533312,7312166912,93689090048,52.5,1511.2,111,4174.6
10217354635419,3.3000825,2680123392,16992530432,7536152576,93465104384,52.2,1462.2,111,4174.6
10217404662040,3.350109121,2482466816,16740864000,7319392256,93681864704,45.6,1277.9,111,4174.6
10217454645559,3.40009264,2784399360,16992530432,7375634432,93625622528,47.8,1381.9,111,4174.6
10217504627817,3.450074898,2374168576,16740864000,6974009344,94027247616,44.7,1225.9,111,4174.6
10217554653696,3.500100777,2834665472,16992530432,7180705792,93820551168,48.8,1354.7,111,4174.6
10217604638328,3.550085409,2532605952,16673759232,6850355200,94150901760,46.5,1301.3,111,4174.6
10217654631596,3.600078677,2490462208,16673759232,6713810944,94287446016,55.3,1542.6,111,4174.6
10217704651654,3.650098735,2926612480,16992530432,7032745984,93968510976,50.0,1414.3,111,4174.6
10217754641065,3.700088146,2766671872,16791199744,6804115456,94197141504,45.3,1283.8,111,4312.7
10217804631728,3.750078809,2937237504,16992530432,6955843584,94045413376,47.2,1301.2,111,4312.7
10217854629294,3.800076375,2860412928,16992530432,6777741312,94223515648,46.0,1301.2,111,4312.7
10217904654712,3.850101793,2775478272,16740864000,6693617664,94307639296,43.4,1212.0,111,4312.7
10217954637260,3.900084341,2632097792,16576643072,6466277376,94534979584,50.6,1446.4,111,4312.7
10218004643703,3.950090784,2855014400,16791199744,6596075520,94405181440,55.0,1536.9,111,4312.7
10218054636961,4.000084042,3119091712,16992530432,6840446976,94160809984,47.2,1302.6,111,4312.7
10218104642743,4.050089824,3155582976,16992530432,6720970752,94280286208,48.1,1317.8,111,4312.7
10218154628046,4.100075127,3004719104,16992530432,6578626560,94422630400,45.2,1264.9,111,4312.7
10218204633466,4.150080547,3219623936,16992530432,6695264256,94305992704,46.5,1336.8,111,4312.7
10218254634339,4.20008142,2967957504,16740864000,6449664000,94551592960,46.3,1262.4,111,4312.7
10218304632256,4.250079337,2828705792,16576643072,6190325760,94810931200,52.4,1494.2,111,4076.6
10218354634771,4.300081852,3232288768,16992530432,6600364032,94400892928,55.7,1565.0,111,4076.6
10218404642206,4.350089287,3059904512,16740864000,6387728384,94613528576,41.9,1178.9,111,4076.6
10218454646164,4.400093245,3361837056,16992530432,6623584256,94377672704,51.6,1459.4,111,4076.6
10218504627950,4.450075031,3042004992,16740864000,6342803456,94658453504,46.6,1242.2,111,4076.6
10218554650323,4.500097404,3412103168,16992530432,6597107712,94404149248,47.8,1354.0,111,4076.6
10218604626068,4.550073149,3051986944,16673759232,6197428224,94803828736,45.6,1223.3,111,4076.6
10218654633092,4.600080173,3135012864,16673759232,6263746560,94737510400,54.1,1541.7,111,4076.6
10218704635266,4.650082347,3504050176,16992530432,6595080192,94406176768,50.9,1438.9,111,4076.6
10218754641809,4.70008889,3252383744,16740864000,6355496960,94645760000,44.7,1278.5,111,4076.6
10218804633705,4.750080786,3554316288,16992530432,6602694656,94398562304,47.8,1322.7,111,3597.7
10218854623917,4.800070998,3101319168,16539533312,6160523264,94840733696,43.5,1177.4,111,3597.7
10218904648644,4.850095725,3604582400,16992530432,6579740672,94421516288,47.5,1337.3,111,3597.7
10218954634688,4.900081769,3302522880,16673759232,6231891968,94769364992,47.5,1346.4,111,3597.7
10219004635350,4.950082431,3327492096,16673759232,6250471424,94750785536,53.5,1520.7,111,3597.7
10219054639128,5.000086209,3696529408,16992530432,6565548032,94435708928,48.7,1438.7,111,3597.7
10219104658545,5.050105626,3344134144,16589869056,6132285440,94868971520,45.0,1273.6,111,3597.7
10219154639740,5.100086821,3746795520,16992530432,6559870976,94441385984,47.8,1365.4,111,3597.7
10219204626646,5.150073727,3762450432,16992530432,6544445440,94456811520,45.0,1301.5,111,3597.7
10219254655822,5.200102903,3545395200,16740864000,6317105152,94684151808,42.7,1173.5,111,3597.7
10219304625025,5.250072106,3362373632,16576643072,6113247232,94888009728,50.9,1509.1,111,3597.7
10219354649291,5.300096372,3848073216,16992530432,6485352448,94515904512,53.4,1550.3,111,3990.6
10219404624876,5.350071957,3687677952,16791199744,6373875712,94627381248,42.7,1267.3,111,3990.6
10219454646397,5.400093478,3931099136,16992530432,6573088768,94428168192,47.2,1357.8,111,3990.6
10219504647840,5.450094921,3687608320,16740864000,6337945600,94663311360,40.3,1156.9,111,3990.6
10219554637692,5.500084773,3989540864,16992530432,6590058496,94411198464,48.7,1423.6,111,3990.6
10219604639065,5.550086146,3737874432,16740864000,6589919232,94411337728,39.9,1099.8,111,3990.6
10219654633475,5.600080556,3544227840,16522117120,6724870144,94276386816,50.9,1497.4,111,3990.6
10219704636221,5.650083302,4054061056,16992530432,7120973824,93880283136,52.8,1522.0,111,3990.6
10219754632294,5.700079375,3829821440,16740864000,6894665728,94106591232,45.6,1322.2,111,3990.6
10219804651571,5.750098652,4131753984,16992530432,7303897088,93697359872,48.7,1416.1,111,3990.6
10219854636423,5.800083504,3975892992,16791199744,7347494912,93653762048,46.9,1343.3,111,3990.6
10219904627366,5.850074447,4076101632,16992530432,7479787520,93521469440,48.4,1322.6,111,3693.0
10219954628098,5.900075179,3773206528,16606646272,7439790080,93561466880,48.4,1399.9,111,3693.0
10220004640232,5.950087313,3982225408,16791199744,7437979648,93563277312,52.8,1593.9,111,3693.0
10220054639832,6.000086913,4273967104,16992530432,7653830656,93347426304,47.5,1322.2,111,3693.0
10220104637598,6.050084679,4202893312,16992530432,7726800896,93274456064,48.1,1416.6,111,3693.0
10220154650914,6.100097995,4072566784,16740864000,7559069696,93442187264,45.3,1320.2,111,3693.0
10220204645905,6.150092986,4374499328,16992530432,7666925568,93334331392,49.4,1419.0,111,3693.0
10220254697803,6.200144884,3925237760,16539533312,7601123328,93400133632,41.2,1216.8,111,3693.0
10220304646217,6.250093298,4097409024,16673759232,7927554048,93073702912,53.8,1566.0,111,3693.0
10220354635477,6.300082558,4466446336,16992530432,8353591296,92647665664,52.2,1500.8,111,3693.0
10220404632552,6.350079633,4087894016,16740864000,8355139584,92646117376,46.3,1342.0,111,4194.2
10220454639085,6.400086166,4516712448,16992530432,8697569280,92303687680,49.1,1416.4,111,4194.2
10220504634457,6.450081538,4477841408,16992530432,8681828352,92319428608,48.4,1403.5,111,4194.2
10220554636482,6.500083563,4315312128,16740864000,8716120064,92285136896,45.0,1315.2,111,4194.2
10220604643455,6.550090536,4176060416,16576643072,8536514560,92464742400,52.8,1522.6,111,4194.2
10220654627456,6.600074537,4500361216,16992530432,8522309632,92478947328,54.1,1546.2,111,4194.2
10220704626324,6.650073405,4417953792,16791199744,8526168064,92475088896,40.7,1177.9,111,4194.2
10220755030784,6.700477865,4709191680,16992530432,8477638656,92523618304,50.3,1424.3,111,4194.2
10220804653036,6.750100117,4457525248,16740864000,8401862656,92599394304,38.6,1123.3,111,4194.2
10220854636776,6.800083857,4759457792,16992530432,8575279104,92425977856,50.0,1431.9,111,4194.2
10220904818237,6.850265318,4323172352,16606646272,8309366784,92691890176,43.7,1258.0,111,4207.0
10220954637067,6.900084148,4440338432,16673759232,8262402048,92738854912,52.5,1558.6,111,4207.0
10221004635705,6.950082786,4851404800,16992530432,8461344768,92539912192,51.9,1502.2,111,4207.0
10221054633402,7.000080483,4598681600,16740864000,8461152256,92540104704,46.3,1279.5,111,4207.0
10221104637510,7.050084591,4901670912,16992530432,8557662208,92443594752,47.8,1361.9,111,4207.0
10221154652910,7.100099991,4868157440,16992530432,8669138944,92332118016,49.1,1392.7,111,4207.0
10221204656427,7.150103508,4700270592,16740864000,8654684160,92346572800,48.4,1360.5,111,4207.0
10221254642040,7.200089121,4561018880,16576643072,8458825728,92542431232,54.4,1525.2,111,4207.0
10221304795809,7.25024289,4924960768,16992530432,8525144064,92476112896,55.3,1579.1,111,4207.0
10221354656879,7.30010396,4792217600,16740864000,8303222784,92698034176,45.0,1276.5,111,4207.0
10221404643765,7.350090846,5094150144,16992530432,8410583040,92590673920,50.3,1443.0,111,4207.0
10221454638917,7.400085998,4707766272,16589869056,7965388800,93035868160,45.0,1263.3,111,4429.0
10221504640571,7.450087652,5144416256,16992530432,8135684096,92865572864,48.1,1359.8,111,4429.0
10221554643517,7.500090598,4842356736,16673759232,7864217600,93137039360,44.0,1275.7,111,4429.0
10221604640021,7.550087102,4867325952,16673759232,7748096000,93253160960,54.1,1537.6,111,4429.0
10221654637567,7.600084648,5236363264,16992530432,7823446016,93177810944,51.9,1444.8,111,4429.0
10221704631346,7.650078427,4952825856,16791199744,7666085888,93335171072,45.3,1259.8,111,4429.0
10221754633631,7.700080712,5286629376,16992530432,8002330624,92998926336,48.7,1342.4,111,4429.0
10221804658247,7.750105328,5308538880,16992530432,8262184960,92739072000,45.6,1312.7,111,4429.0
10221854630165,7.800077246,5085229056,16740864000,8262197248,92739059712,47.2,1307.3,111,4429.0
10221904622842,7.850069923,4942766080,16576643072,8247607296,92753649664,53.4,1482.4,111,4429.0
10221954626880,7.900073961,5237432320,16992530432,8450064384,92551192576,54.0,1555.6,111,4429.0
10222004639585,7.950086666,5177176064,16740864000,8499609600,92501647360,47.2,1319.4,111,4030.9
10222054640387,8.000087468,5479108608,16992530432,8609742848,92391514112,49.4,1419.9,111,4030.9
10222104645036,8.050092117,5283622912,16791199744,8542896128,92458360832,48.4,1358.7,111,4030.9
10222154630289,8.10007737,5529374720,16992530432,8543150080,92458106880,47.8,1304.4,111,4030.9
10222204640328,8.150087409,5227315200,16673759232,8113799168,92887457792,43.1,1238.5,111,4030.9
10222254644427,8.200091508,5252284416,16673759232,8000757760,93000499200,53.2,1561.0,111,4030.9
10222304641702,8.250088783,5621321728,16992530432,8321077248,92680179712,52.5,1478.5,111,4030.9
10222354643877,8.300090958,5382578176,16791199744,8367009792,92634247168,45.6,1278.4,111,4030.9
10222404632867,8.350079948,5616001024,16992530432,8591511552,92409745408,49.7,1385.1,111,4030.9
10222454635492,8.400082573,5535653888,16992530432,8518455296,92482801664,48.4,1378.1,111,4030.9
10222504646984,8.450094065,5470187520,16740864000,8605495296,92395761664,43.0,1217.9,111,4153.4
10222554634802,8.500081883,5287165952,16576643072,8356589568,92644667392,51.3,1463.8,111,4153.4
10222604633520,8.550080601,5811650560,16992530432,8445358080,92555898880,55.6,1558.6,111,4153.4
10222654646165,8.600093246,5562134528,16740864000,8340574208,92660682752,45.3,1230.2,111,4153.4
10222704648950,8.650096031,5864067072,16992530432,8356315136,92644941824,50.6,1417.9,111,4153.4
10222754624084,8.700071165,5533118464,16740864000,8356540416,92644716544,46.5,1274.5,111,4153.4
10222804640826,8.750087907,5914333184,16992530432,8560140288,92441116672,49.4,1414.1,111,4153.4
10222854651006,8.800098087,5545160704,16606646272,8595087360,92406169600,50.0,1416.0,111,4153.4
10222904640146,8.850087227,5747744768,16791199744,8819695616,92181561344,54.7,1562.5,111,4153.4
10222954634015,8.900081096,5850030080,16992530432,8926007296,92075249664,50.9,1424.8,111,4153.4
10223004622194,8.950069275,5858402304,16992530432,8766263296,92234993664,46.0,1280.0,111,4153.4
10223054668741,9.000115822,5804879872,16740864000,8608116736,92393140224,43.7,1272.8,111,4141.2
10223104635890,9.050082971,6106812416,16992530432,8773390336,92227866624,50.0,1426.8,111,4141.2
10223154855363,9.100302444,5670531072,16606646272,8707510272,92293746688,44.0,1276.6,111,4141.2
10223204646702,9.150093783,5829722112,16673759232,8799633408,92201623552,52.5,1560.0,111,4141.2
10223254641142,9.200088223,6198759424,16992530432,8909561856,92091695104,50.6,1483.1,111,4141.2
10223304630372,9.250077453,5776306176,16589869056,8468258816,92532998144,43.4,1222.9,111,4141.2
10223354638799,9.30008588,6249025536,16992530432,8746344448,92254912512,47.8,1376.6,111,4141.2
10223404630043,9.350077124,6140727296,16992530432,8895754240,92105502720,48.7,1423.7,111,4141.2
10223454636315,9.400083396,6047625216,16740864000,8745054208,92256202752,41.2,1216.8,111,4141.2
10223504631046,9.450078127,5864603648,16576643072,8549105664,92452151296,50.3,1463.3,111,4141.2
10223554647878,9.500094959,6347841536,16992530432,8639164416,92362092544,53.4,1550.8,111,4141.2
10223604630576,9.550077657,6150266880,16791199744,8502370304,92498886656,43.7,1288.9,111,3992.6
10223654634474,9.600081555,6441504768,16992530432,8348819456,92652437504,50.3,1396.4,111,3992.6
10223704630447,9.650077528,6189838336,16740864000,8112447488,92888809472,43.5,1242.1,111,3992.6
10223754643211,9.700090292,6491770880,16992530432,8286236672,92715020288,46.5,1356.4,111,3992.6
10223804631851,9.750078932,6148812800,16673759232,8092954624,92908302336,44.7,1303.4,111,3992.6
10223854638283,9.800085364,6214680576,16673759232,8291438592,92709818368,52.2,1516.1,111,3992.6
10223904638604,9.850085685,6583717888,16992530432,8352583680,92648673280,50.9,1439.7,111,3992.6
10223954850833,9.900297914,6231326720,16791199744,8070340608,92930916352,45.3,1317.7,111,3992.6
10224004637323,9.950084404,6633984000,16992530432,8459390976,92541865984,47.8,1383.8,111,3992.6
10224054642283,10.000089364,6659747840,16992530432,8587120640,92414136320,53.8,1340.6,111,3992.6
10224104662802,10.050109883,6432583680,16740864000,8413831168,92587425792,42.9,1250.6,111,3656.8
10224154648035,10.100095116,6289203200,16576643072,8137527296,92863729664,49.7,1470.0,111,3656.8
10224204647074,10.150094155,6622068736,16992530432,8152236032,92849020928,52.8,1535.0,111,3656.8
10224254639750,10.200086831,6776197120,16992530432,8324743168,92676513792,46.3,1323.9,111,3656.8
10224304645382,10.250092463,6823444480,16992530432,8199278592,92801978368,44.7,1261.2,111,3656.8
10224354626206,10.300073287,6628257792,16992530432,8124792832,92876464128,42.8,1264.4,111,3656.8
10224404642497,10.350089578,6875803648,16992530432,8310824960,92690432000,47.2,1354.3,111,3656.8
10224454627259,10.40007434,6585421824,16740864000,8180252672,92821004288,45.0,1303.5,111,3656.8
10224504636237,10.450083318,6446170112,16576643072,7922540544,93078716416,50.3,1458.0,111,3656.8
10224554633632,10.500080713,6767345664,16791199744,8290516992,92710739968,52.2,1518.2,111,3656.8
10224604640456,10.550087537,6717009920,16740864000,8248832000,92752424960,46.0,1300.5,111,3656.8
10224654639404,10.600086485,7018942464,16992530432,8304726016,92696530944,48.1,1379.3,111,4022.8
10224704636770,10.650083851,6612451328,16589869056,8000643072,93000613888,42.9,1237.0,111,4022.8
10224754636540,10.700083621,7069208576,16992530432,8440614912,92560642048,47.8,1365.0,111,4022.8
10224804642051,10.750089132,6700036096,16606646272,8404230144,92597026816,49.4,1418.4,111,4022.8
10224854633094,10.800080175,6871334912,16791199744,8407060480,92594196480,53.1,1584.0,111,4022.8
10224904627424,10.850074505,7080402944,16992530432,8721174528,92280082432,48.4,1379.3,111,4022.8
10224954627134,10.900074215,7015329792,16992530432,8559378432,92441878528,46.8,1361.9,111,4022.8
10225004650449,10.95009753,6959755264,16740864000,8653520896,92347736064,41.0,1174.2,111,4022.8
10225054639990,11.000087071,7261687808,16992530432,8849866752,92151390208,53.4,1462.2,111,4022.8
10225104798557,11.050245638,6811705344,16539533312,8637997056,92363259904,44.8,1244.0,111,4022.8
10225154645701,11.100092782,6956032000,16673759232,8612450304,92388806656,54.8,1598.5,111,4263.6
10225204649329,11.15009641,7353634816,16992530432,9030926336,91970330624,54.0,1498.5,111,4263.6
10225254645442,11.200092523,7056076800,16791199744,8698814464,92302442496,46.3,1301.1,111,4263.6
10225304634602,11.250081683,7324618752,16992530432,8804872192,92196384768,48.4,1363.9,111,4263.6
10225354631817,11.300078898,7276507136,16992530432,8481280000,92519976960,46.8,1318.4,111,4263.6
10225404636607,11.350083688,7202500608,16740864000,8308117504,92693139456,45.0,1260.6,111,4263.6
10225454635004,11.400082085,7063248896,16576643072,7942979584,93058277376,50.6,1440.5,111,4263.6
10225504639674,11.450086755,7466831872,16992530432,8029929472,92971327488,55.0,1579.4,111,4263.6
10225554629716,11.500076797,7294447616,16740864000,7793815552,93207441408,40.6,1119.7,111,4263.6
10225604640817,11.550087898,7596380160,16992530432,7893417984,93107838976,49.4,1401.0,111,4263.6
10225654630698,11.600077779,7344713728,16740864000,7901896704,93099360256,45.9,1280.5,111,4263.6
10225704638975,11.650086056,7646646272,16992530432,8401735680,92599521280,50.3,1437.7,111,3699.3
10225754639947,11.700087028,7344586752,16673759232,8295399424,92705857536,49.7,1400.5,111,3699.3
10225804637673,11.750084754,7369555968,16673759232,8175661056,92825595904,52.8,1519.8,111,3699.3
10225854637744,11.800084825,7738593280,16992530432,8301846528,92699410432,51.6,1439.5,111,3699.3
10225904637594,11.850084675,7472431104,16791199744,8352051200,92649205760,46.8,1318.6,111,3699.3
10225954639258,11.900086339,7788859392,16992530432,8618074112,92383182848,47.2,1362.6,111,3699.3
10226004636633,11.950083714,7759843328,16992530432,8758403072,92242853888,49.4,1302.8,111,3699.3
10226054634229,12.00008131,7587459072,16740864000,8503709696,92497547264,43.7,1258.4,111,3699.3
10226104636644,12.050083725,7444078592,16576643072,8523825152,92477431808,50.0,1478.4,111,3699.3
10226154628620,12.100075701,7528411136,16589869056,8570245120,92431011840,52.8,1512.6,111,3699.3
10226204632988,12.150080069,7931072512,16992530432,8973443072,92027813888,50.0,1389.4,111,3699.3
10226254627419,12.2000745,7783133184,16992530432,8979120128,92022136832,48.4,1381.1,111,4483.0
10226304635454,12.250082535,7729672192,16740864000,8989892608,92011364352,45.6,1214.8,111,4483.0
10226354636166,12.300083247,8031604736,16992530432,9023254528,91978002432,50.0,1402.0,111,4483.0
10226404633421,12.350080502,7700656128,16740864000,8752304128,92248952832,44.4,1262.3,111,4483.0
10226454628433,12.400075514,7576539136,16576643072,8502771712,92498485248,50.0,1440.6,111,4483.0
10226504628363,12.450075444,7952785408,16992530432,8657592320,92343664640,55.3,1560.5,111,4483.0
10226554637901,12.500084982,7780401152,16740864000,8563027968,92438228992,44.0,1277.7,111,4483.0
10226604638333,12.550085414,8032067584,16992530432,8646905856,92354351104,49.1,1360.6,111,4483.0
10226654634346,12.600081427,7701118976,16740864000,8456466432,92544790528,46.9,1279.4,111,4483.0
10226704636751,12.650083832,8032067584,16992530432,8561688576,92439568384,46.5,1320.2,111,4483.0
10226754641520,12.700088601,7713296384,16673759232,8410615808,92590641152,47.2,1318.1,111,4050.5
10226804629979,12.75007706,7646183424,16673759232,8327266304,92673990656,54.1,1560.0,111,4050.5
10226854636702,12.800083783,8032067584,16992530432,8538218496,92463038464,49.7,1381.9,111,4050.5
10226904631743,12.850078824,7780401152,16740864000,8275767296,92725489664,38.4,1081.6,111,4050.5
10226954636623,12.900083704,8032067584,16992530432,8660246528,92341010432,48.1,1378.5,111,4050.5
10227004640601,12.950087682,7606501376,16589869056,8443990016,92557266944,40.0,1099.1,111,4050.5
10227054640702,13.000087783,8032067584,16992530432,8738078720,92263178240,46.9,1358.2,111,4050.5
10227104635021,13.050082102,7646183424,16606646272,8787623936,92213633024,47.8,1400.2,111,4050.5
10227154639941,13.100087022,7627071488,16589869056,8590200832,92411056128,53.8,1582.4,111,4050.5
10227204639771,13.150086852,8032067584,16992530432,8864763904,92136493056,47.8,1336.7,111,4050.5
10227254642768,13.200089849,7995359232,16992530432,8759005184,92242251776,46.9,1378.9,111,4322.1
10227304650432,13.250097513,8018423808,16992530432,8727937024,92273319936,39.4,1101.5,111,4322.1
10227354638511,13.300085592,7910719488,16992530432,8804835328,92196421632,46.9,1383.1,111,4322.1
10227404663648,13.350110729,7780401152,16740864000,8658345984,92342910976,42.1,1235.8,111,4322.1
10227454695208,13.400142289,7564812288,16526311424,8318730240,92682526720,50.0,1432.6,111,4322.1
10227504643852,13.450090933,7890300928,16992530432,8417533952,92583723008,52.8,1543.9,111,4322.1
10227554630117,13.500077198,7982772224,16992530432,8571072512,92430184448,45.6,1269.6,111,4322.1
10227604629867,13.550076948,7980679168,16992530432,8568987648,92432269312,46.9,1377.6,111,4322.1
10227654624227,13.600071308,7873503232,16992530432,8480948224,92520308736,41.8,1202.3,111,4322.1
10227704632052,13.650079133,8032067584,16992530432,8595025920,92406231040,47.2,1355.3,111,4322.1
10227754629227,13.700076308,7724818432,16740864000,8319946752,92681310208,44.0,1263.3,111,4322.1
10227804625841,13.750072922,7561785344,16522117120,8120635392,92880621568,49.7,1460.7,111,4099.6
10227854639137,13.800086218,7988330496,16992530432,8443961344,92557295616,53.1,1533.6,111,4099.6
10227904645639,13.85009272,7780401152,16740864000,8436219904,92565037056,45.6,1303.5,111,4099.6
10227954650800,13.900097881,8032067584,16992530432,8681627648,92319629312,48.8,1395.6,111,4099.6
10228004635521,13.950082602,8029523968,16992530432,8759816192,92241440768,47.5,1359.9,111,4099.6
10228054649508,14.000096589,7780401152,16740864000,8771153920,92230103040,45.6,1303.4,111,4099.6
10228104631084,14.050078165,7576539136,16576643072,8506912768,92494344192,49.4,1443.0,111,4099.6
10228154642436,14.100089517,7924625408,16992530432,8703676416,92297580544,52.2,1554.0,111,4099.6
10228204630945,14.150078026,8032067584,16992530432,8746500096,92254756864,44.4,1285.0,111,4099.6
10228254625675,14.200072756,7830736896,16791199744,8765337600,92235919360,47.2,1355.6,111,4099.6
10228304647677,14.250094758,7780401152,16740864000,8714240000,92287016960,45.6,1301.6,111,3821.3
10228354641616,14.300088697,8032067584,16992530432,8742174720,92259082240,45.6,1340.4,111,3821.3
10228404647758,14.350094839,7708049408,16673759232,8358830080,92642426880,42.1,1201.9,111,3821.3
10228454630126,14.400077207,7713263616,16673759232,8524484608,92476772352,52.5,1559.2,111,3821.3
10228504636398,14.450083479,8032067584,16992530432,8822530048,92178726912,51.0,1479.5,111,3821.3
10228554631068,14.500078149,7630446592,16740864000,8466423808,92534833152,43.7,1241.3,111,3821.3
10228604647810,14.550094891,8032067584,16992530432,8615751680,92385505280,46.0,1297.2,111,3821.3
10228654662328,14.600109409,7886802944,16992530432,8477437952,92523819008,43.4,1234.8,111,3821.3
10228704626682,14.650073763,7833862144,16992530432,8608366592,92392890368,44.9,1328.3,111,3821.3
10228754650286,14.700097367,7606542336,16606646272,8308940800,92692316160,46.6,1356.5,111,3821.3
10228804641210,14.750088291,7655858176,16791199744,8186691584,92814565376,53.8,1560.6,111,3821.3
10228854656699,14.80010378,8032067584,16992530432,8404013056,92597243904,46.0,1298.1,111,3484.8
10228904627775,14.850074856,7952785408,16992530432,8459014144,92542242816,48.1,1345.4,111,3484.8
10228954647503,14.900094584,7780401152,16740864000,8191811584,92809445376,41.0,1196.5,111,3484.8
10229004639819,14.9500869,8032067584,16992530432,8263479296,92737777664,47.2,1380.3,111,3484.8
10229054627506,15.000074587,7740760064,16740864000,7985303552,93015953408,41.6,1103.0,111,3484.8
10229104643016,15.050090097,7616180224,16576643072,7877750784,93123506176,50.0,1436.9,111,3484.8
10229154631705,15.100078786,7833862144,16992530432,8203706368,92797550592,54.1,1562.7,111,3484.8
10229204637236,15.150084317,7780401152,16740864000,8195190784,92806066176,45.9,1276.6,111,3484.8
10229254631195,15.200078276,8032067584,16992530432,8303312896,92697944064,48.7,1362.1,111,3484.8
10229304643599,15.25009068,7766372352,16791199744,7994105856,93007151104,46.0,1258.9,111,3484.8
10229354638851,15.300085932,8032067584,16992530432,8162185216,92839071744,46.2,1318.4,111,3484.8
10229404636717,15.350083798,7646183424,16606646272,8233148416,92768108544,49.1,1379.9,111,3984.2
10229454641186,15.400088267,7767932928,16791199744,8358301696,92642955264,55.0,1579.3,111,3984.2
10229504653209,15.45010029,8032067584,16992530432,8552374272,92448882688,47.5,1320.3,111,3984.2
10229554626589,15.50007367,8026374144,16992530432,8756789248,92244467712,50.9,1445.5,111,3984.2
10229604631960,15.550079041,7780401152,16740864000,8543641600,92457615360,45.3,1258.7,111,3984.2
10229654664542,15.600111623,8032067584,16992530432,8495128576,92506128384,45.3,1315.4,111,3984.2
10229704627793,15.650074874,7673655296,16673759232,8520814592,92480442368,46.9,1286.5,111,3984.2
10229754648643,15.700095724,7713296384,16673759232,8582475776,92418781184,54.4,1575.3,111,3984.2
10229804636490,15.750083571,8032067584,16992530432,8689819648,92311437312,50.3,1461.2,111,3984.2
10229854626722,15.800073803,7674486784,16740864000,8455475200,92545781760,45.6,1242.8,111,3984.2
10229904631251,15.850078332,8032067584,16992530432,8488513536,92512743424,45.6,1317.7,111,3984.2
10229954633907,15.900080988,7593824256,16589869056,8229298176,92771958784,42.4,1219.6,111,3835.6
10230004634969,15.95008205,8032067584,16992530432,8350072832,92651184128,47.2,1340.3,111,3835.6
10230054632184,16.000079265,7713296384,16673759232,8128409600,92872847360,44.7,1261.2,111,3835.6
10230104638958,16.050086039,7713296384,16673759232,8017297408,92983959552,52.5,1531.0,111,3835.6
10230154636744,16.100083825,8032067584,16992530432,8118353920,92882903040,50.9,1427.0,111,3835.6
10230204631074,16.150078155,7780401152,16740864000,7923363840,93077893120,43.4,1201.2,111,3835.6
10230254649198,16.200096279,8032067584,16992530432,8258052096,92743204864,47.2,1333.3,111,3835.6
10230304630544,16.250077625,7598989312,16740864000,8018182144,92983074816,41.1,1166.3,111,3835.6
10230354638689,16.30008577,8032067584,16992530432,8394121216,92607135744,47.8,1337.4,111,3835.6
10230404641625,16.350088706,7646183424,16606646272,8279805952,92721451008,48.4,1399.6,111,3835.6
10230454636506,16.400083587,7579070464,16606646272,8201617408,92799639552,53.8,1562.3,111,4104.7
10230504660402,16.450107483,8032067584,16992530432,8470949888,92530307072,50.0,1392.6,111,4104.7
10230554654541,16.500101622,7830736896,16791199744,8519352320,92481904640,49.4,1407.9,111,4104.7
10230604651576,16.550098657,7791095808,16791199744,8431616000,92569640960,40.4,1096.9,111,4104.7
10230654638041,16.600085122,8032067584,16992530432,8468013056,92533243904,48.4,1342.3,111,4104.7
10230704639003,16.650086084,7780401152,16740864000,8227401728,92773855232,43.7,1240.3,111,4104.7
10230754630037,16.700077118,7561785344,16576643072,7902519296,93098737664,63.1,1414.1,111,4104.7
10230804654633,16.750101714,7929044992,16992530432,8227606528,92773650432,57.9,1578.7,111,4104.7
10230854637472,16.800084553,8032067584,16992530432,8327774208,92673482752,44.7,1224.1,111,4104.7
10230904628265,16.850075346,7854850048,16992530432,8214548480,92786708480,43.9,1264.8,111,4104.7
10230954656999,16.90010408,7780401152,16740864000,8270458880,92730798080,46.9,1291.0,111,4129.8
10231004646730,16.950093811,8032071680,16992530432,8266330112,92734926848,49.7,1403.1,111,4129.8
10231054647542,17.000094623,7705243648,16673759232,7888257024,93112999936,42.8,1240.4,111,4129.8
10231104631142,17.050078223,7673659392,16673759232,7760510976,93240745984,52.5,1544.6,111,4129.8
10231154642534,17.100089615,8032071680,16992530432,7780122624,93221134336,49.7,1434.7,111,4129.8
10231204636323,17.150083404,7780405248,16740864000,7537557504,93463699456,43.0,1243.4,111,4129.8
10231254638908,17.200085989,8032071680,16992530432,7905234944,93096022016,46.3,1337.6,111,4129.8
10231304629541,17.250076622,7740764160,16740864000,7666528256,93334728704,40.9,1164.2,111,4129.8
10231354657894,17.300104975,8032071680,16992530432,7994204160,93007052800,47.2,1371.1,111,4129.8
10231404652414,17.350099495,7713300480,16673759232,7911682048,93089574912,44.7,1301.3,111,4129.8
10231454641074,17.400088155,7713300480,16673759232,7815417856,93185839104,52.5,1522.3,111,4129.8
10231504639221,17.450086302,8032071680,16992530432,8140427264,92860829696,50.3,1461.8,111,3747.1
10231554640153,17.500087234,7683137536,16791199744,7897604096,93103652864,42.5,1238.7,111,3747.1
10231604635394,17.550082475,8032071680,16992530432,8225538048,92775718912,47.5,1382.7,111,3747.1
10231654628402,17.600075483,7966003200,16992530432,8111476736,92889780224,46.3,1320.9,111,3747.1
10231704635295,17.650082376,7780405248,16740864000,7822979072,93178277888,39.2,1159.5,111,3747.1
10231754634724,17.700081805,7616184320,16576643072,7750074368,93251182592,50.3,1458.5,111,3747.1
10231804640766,17.750087847,7906656256,16992530432,7842521088,93158735872,53.5,1554.0,111,3747.1
10231854628544,17.800075625,7913148416,16992530432,7798136832,93203120128,45.3,1308.2,111,3747.1
10231904624126,17.850071207,7913148416,16992530432,7621005312,93380251648,42.8,1239.7,111,3747.1
10231954654964,17.900102045,7780405248,16740864000,7632359424,93368897536,40.3,1175.1,111,3747.1
10232004639856,17.950086937,8032071680,16992530432,7967404032,93033852928,49.7,1445.6,111,4048.8
10232054632042,18.000079123,7661481984,16740864000,7848960000,93152296960,40.9,1180.1,111,4048.8
10232104646289,18.05009337,7631409152,16606646272,7623376896,93377880064,50.6,1474.7,111,4048.8
10232154628376,18.100075457,7905185792,16992530432,7744389120,93256867840,50.6,1487.6,111,4048.8
10232204647061,18.150094142,7780405248,16740864000,7805599744,93195657216,43.8,1236.3,111,4048.8
10232254645980,18.200093061,8032071680,16992530432,8108601344,92892655616,48.1,1418.6,111,4048.8
10232304649637,18.250096718,7632310272,16791199744,8112984064,92888272896,44.4,1281.0,111,4048.8
10232354636693,18.300083774,8032071680,16992530432,8313217024,92688039936,46.6,1321.4,111,4048.8
10232404636193,18.350083274,7713300480,16673759232,7968206848,93033050112,44.7,1260.4,111,4048.8
10232454649748,18.400096829,7646187520,16606646272,7899287552,93101969408,53.1,1571.4,111,4048.8
10232504648667,18.450095748,8032071680,16992530432,8053084160,92948172800,48.1,1385.3,111,3703.6
10232554648938,18.500096019,7882854400,16992530432,8165003264,92836253696,45.6,1355.1,111,3703.6
10232604630333,18.550077414,7890501632,16992530432,8265633792,92735623168,46.5,1308.1,111,3703.6
10232654645813,18.600092894,7872016384,16992530432,8206266368,92794990592,46.3,1314.6,111,3703.6
10232704640243,18.650087324,7780405248,16740864000,8297086976,92704169984,45.7,1304.4,111,3703.6
10232754647096,18.700094177,7616184320,16576643072,8033878016,92967378944,49.4,1455.7,111,3703.6
10232804645163,18.750092244,8026378240,16992530432,8111034368,92890222592,53.1,1582.4,111,3703.6
10232854642739,18.80008982,7791099904,16791199744,7817998336,93183258624,40.5,1180.7,111,3703.6
10232904648179,18.85009526,8032071680,16992530432,8122200064,92879056896,51.9,1475.7,111,3703.6
10232954632560,18.900079641,7740764160,16740864000,7984914432,93016342528,44.0,1263.7,111,3703.6
10233004640466,18.950087547,8032071680,16992530432,8180666368,92820590592,46.3,1338.5,111,3703.6
10233054637681,19.000084762,7713300480,16673759232,8226856960,92774400000,47.5,1340.0,111,3806.5
10233104637661,19.050084742,7646191616,16606646272,7990743040,93010513920,54.7,1558.2,111,3806.5
10233154638423,19.100085504,8032075776,16992530432,7988690944,93012566016,48.1,1383.5,111,3806.5
10233204648412,19.150095493,7745568768,16791199744,8051138560,92950118400,46.0,1316.7,111,3806.5
10233254640087,19.200087168,7968100352,16992530432,8266461184,92734795776,48.4,1343.8,111,3806.5
10233304632132,19.250079213,7945109504,16992530432,8391004160,92610252800,48.4,1378.1,111,3806.5
10233354638635,19.300085716,7780409344,16740864000,8424783872,92576473088,45.9,1240.9,111,3806.5
10233404637413,19.350084494,7616188416,16576643072,8162349056,92838907904,49.7,1459.6,111,3806.5
10233454640159,19.40008724,7913914368,16992530432,8382980096,92618276864,55.0,1534.8,111,3806.5
10233504627335,19.450074416,7928254464,16992530432,8452194304,92549062656,47.5,1326.6,111,3806.5
10233554634168,19.500081249,8008278016,16992530432,8473493504,92527763456,48.7,1357.1,111,3806.5
10233604638447,19.550085528,7780409344,16740864000,8254513152,92746743808,45.3,1281.0,111,3781.1
10233654638918,19.600085999,8032075776,16992530432,8483000320,92518256640,49.7,1358.5,111,3781.1
10233704643407,19.650090488,7674310656,16673759232,8256176128,92745080832,45.0,1298.9,111,3781.1
10233754640912,19.700087993,7713304576,16673759232,8352944128,92648312832,53.8,1540.6,111,3781.1
10233804644560,19.750091641,8032075776,16992530432,8532959232,92468297728,50.9,1439.4,111,3781.1
10233854655270,19.800102351,7780409344,16740864000,8327077888,92674179072,39.4,1059.3,111,3781.1
10233904651784,19.850098865,8032075776,16992530432,8422580224,92578676736,48.4,1362.2,111,3781.1
10233954655381,19.900102462,7579078656,16539533312,8332779520,92668477440,42.8,1197.0,111,3781.1
10234004646355,19.950093436,8032075776,16992530432,8496742400,92504514560,49.1,1339.5,111,3781.1
10234054644812,20.000091893,7713304576,16673759232,8399388672,92601868288,46.2,1324.4,111,3781.1
10234104640174,20.050087255,7646191616,16606646272,8286687232,92714569728,55.0,1575.6,111,4068.3
10234154642539,20.10008962,8032075776,16992530432,8398938112,92602318848,49.1,1382.3,111,4068.3
10234204642068,20.150089149,7661490176,16740864000,8306577408,92694679552,41.4,1180.9,111,4068.3
10234254643822,20.200090903,8032079872,16992530432,8427601920,92573655040,45.9,1301.1,111,4068.3
10234304631228,20.250078309,7661490176,16740864000,8151490560,92849766400,42.1,1182.0,111,4068.3
10234354641408,20.300088489,8032079872,16992530432,8238981120,92762275840,46.6,1275.6,111,4068.3
10234404641919,20.350089,7713308672,16673759232,8294719488,92706537472,45.9,1320.2,111,4068.3
10234454642300,20.400089381,7713308672,16673759232,8229691392,92771565568,54.7,1540.6,111,4068.3
10234504639726,20.450086807,8032079872,16992530432,8421679104,92579577856,50.3,1420.0,111,4068.3
10234554631651,20.500078732,7705956352,16740864000,8218214400,92783042560,46.0,1242.9,111,4068.3
10234604639687,20.550086768,8032079872,16992530432,8462532608,92538724352,45.0,1317.2,111,4068.3
10234654643174,20.600090255,7743229952,16791199744,8242417664,92758839296,43.9,1240.2,111,4261.2
10234704646721,20.650093802,8032083968,16992530432,8568078336,92433178624,47.2,1321.1,111,4261.2
10234754645599,20.70009268,7713312768,16673759232,8613494784,92387762176,43.0,1219.0,111,4261.2
10234804637915,20.750084996,7646199808,16673759232,8475697152,92525559808,53.1,1540.9,111,4261.2
10234854639869,20.80008695,8032083968,16992530432,8642531328,92358725632,50.6,1399.1,111,4261.2
10234904646802,20.850093883,7856107520,16992530432,8658386944,92342870016,47.2,1315.4,111,4261.2
10234954632977,20.900080058,7913160704,16992530432,8634904576,92366352384,47.8,1327.7,111,4261.2
10235004630543,20.950077624,7833878528,16992530432,8648212480,92353044480,45.6,1320.7,111,4261.2
10235054647645,21.000094726,7780417536,16740864000,8521252864,92480004096,41.6,1173.2,111,4261.2
10235104639981,21.050087062,7616196608,16576643072,8255119360,92746137600,49.7,1461.5,111,4261.2
10235154629552,21.100076633,7809019904,16791199744,8224927744,92776329216,53.8,1565.4,111,4261.2
10235204646855,21.150093936,8032083968,16992530432,8331476992,92669779968,43.8,1277.1,111,3427.1
10235254633230,21.200080311,8016347136,16992530432,8248635392,92752621568,45.3,1302.7,111,3427.1
10235304627629,21.25007471,7842279424,16992530432,8101187584,92900069376,41.5,1221.3,111,3427.1
10235354629914,21.300076995,7872172032,16992530432,8213127168,92788129792,45.3,1299.7,111,3427.1
10235404624454,21.350071535,7852765184,16992530432,8252080128,92749176832,41.5,1258.9,111,3427.1
10235454635145,21.400082226,7649341440,16673759232,7920484352,93080772608,45.6,1318.7,111,3427.1
10235504633402,21.450080483,7646199808,16606646272,7836360704,93164896256,53.8,1560.5,111,3427.1
10235554650184,21.500097265,8032083968,16992530432,8116543488,92884713472,47.8,1378.4,111,3427.1
10235604626730,21.550073811,7634657280,16740864000,7839035392,93162221568,39.2,1163.9,111,3427.1
10235654655504,21.600102585,8032083968,16992530432,7985864704,93015392256,46.0,1277.2,111,3427.1
10235704643893,21.650090974,7717490688,16791199744,7595180032,93406076928,38.4,1098.0,111,3427.1
10235754644675,21.700091756,8032083968,16992530432,7881338880,93119918080,44.4,1283.1,111,3457.0
10235804627272,21.750074353,7668215808,16673759232,7516459008,93484797952,42.1,1220.4,111,3457.0
10235854643012,21.800090093,7600136192,16589869056,7771480064,93229776896,53.4,1572.0,111,3457.0
10235904641540,21.850088621,8032083968,16992530432,8226185216,92775071744,48.4,1364.3,111,3457.0
10235954656168,21.900103249,7989035008,16992530432,8051724288,92949532672,43.8,1275.8,111,3457.0
10236004643835,21.950090916,7926165504,16992530432,8047882240,92953374720,44.7,1286.1,111,3457.0
10236054629478,22.000076559,7833878528,16992530432,7821623296,93179633664,40.3,1201.9,111,3457.0
10236104642834,22.050089915,7780417536,16740864000,7931383808,93069873152,44.4,1276.8,111,3457.0
10236154626964,22.100074045,7565484032,16526311424,7696044032,93305212928,49.4,1430.8,111,3457.0
10236204630041,22.150077122,7833878528,16992530432,8130957312,92870299648,52.5,1552.8,111,3457.0
10236254637044,22.200084125,7780417536,16740864000,8274690048,92726566912,44.7,1278.6,111,3457.0
10236304641964,22.250089045,8032083968,16992530432,8412229632,92589027328,47.8,1398.9,111,3816.1
10236354634300,22.300081381,7884795904,16992530432,8569896960,92431360000,47.5,1380.9,111,3816.1
10236404628359,22.35007544,7945039872,16992530432,8633376768,92367880192,44.0,1262.2,111,3816.1
10236454635643,22.400082724,7579086848,16606646272,8584323072,92416933888,47.2,1451.8,111,3816.1
10236504649690,22.450096771,7759843328,16791199744,8525488128,92475768832,54.0,1560.2,111,3816.1
10236554643338,22.500090419,8032083968,16992530432,8591900672,92409356288,46.2,1322.6,111,3816.1
10236604629592,22.550076673,7873519616,16992530432,8334274560,92666982400,47.2,1344.2,111,3816.1
10236654643389,22.60009047,7780417536,16740864000,8157745152,92843511808,41.2,1178.1,111,3816.1
10236704641796,22.650088877,8032083968,16992530432,8468004864,92533252096,48.7,1420.9,111,3816.1
10236754681551,22.700128632,7579086848,16539533312,8077320192,92923936768,40.5,1147.6,111,3816.1
10236804637158,22.750084239,7713312768,16673759232,8169222144,92832034816,54.1,1595.0,111,3816.1
10236854636597,22.800083678,8032083968,16992530432,8401022976,92600233984,50.3,1442.1,111,3812.9
10236904629755,22.850076836,7621853184,16740864000,8219615232,92781641728,42.1,1241.7,111,3812.9
10236954647729,22.90009481,8032083968,16992530432,8482668544,92518588416,45.1,1276.2,111,3812.9
10237004640686,22.950087767,8026157056,16992530432,8319315968,92681940992,43.7,1240.0,111,3812.9
10237054629335,23.000076416,7821312000,16791199744,8041369600,92959887360,41.9,1183.2,111,3812.9
10237104634716,23.050081797,7622078464,16606646272,7938306048,93062950912,48.4,1399.0,111,3812.9
10237154649353,23.100096434,7646199808,16606646272,7740641280,93260615680,52.8,1512.9,111,3812.9
10237204639285,23.150086366,8032083968,16992530432,8100794368,92900462592,50.3,1443.0,111,3812.9
10237254641089,23.20008817,7864573952,16992530432,7913693184,93087563776,45.6,1281.5,111,3812.9
10237304632242,23.250079323,7873519616,16992530432,7855677440,93145579520,45.2,1302.5,111,3812.9
10237354627854,23.300074935,7833878528,16992530432,7804121088,93197135872,44.7,1239.7,111,3812.9
10237404637343,23.350084424,7780417536,16740864000,7951982592,93049274368,46.6,1299.1,111,3807.0
10237454628707,23.400075788,7561801728,16522117120,7820894208,93180362752,52.5,1530.6,111,3807.0
10237504639327,23.450086408,7876321280,16992530432,7992750080,93008506880,51.9,1446.2,111,3807.0
10237554674363,23.500121444,7780417536,16740864000,7992369152,93008887808,45.3,1289.4,111,3807.0
10237604645830,23.550092911,8032083968,16992530432,8146681856,92854575104,50.3,1409.6,111,3807.0
10237654634469,23.60008155,7587209216,16589869056,7708258304,93292998656,42.8,1163.7,111,3807.0
10237704635782,23.650082863,8032083968,16992530432,7936364544,93064892416,46.3,1338.6,111,3807.0
10237754639078,23.700086159,7713312768,16673759232,7561478144,93439778816,43.4,1249.2,111,3807.0
10237804639509,23.75008659,7673671680,16673759232,7811854336,93189402624,53.6,1537.5,111,3807.0
10237854633328,23.800080409,8032083968,16992530432,8134402048,92866854912,49.7,1426.7,111,3807.0
10237904634531,23.850081612,7673126912,16791199744,7731998720,93269258240,40.9,1138.1,111,3807.0
10237954631425,23.900078506,8032083968,16992530432,7992197120,93009059840,45.9,1302.7,111,3538.2
10238004635613,23.950082694,7952801792,16992530432,8077312000,92923944960,45.3,1277.9,111,3538.2
10238054649550,24.000096631,7780417536,16740864000,7961690112,93039566848,41.9,1157.4,111,3538.2
10238104651303,24.050098384,7616196608,16576643072,7695327232,93305929728,50.9,1457.4,111,3538.2
10238154641225,24.100088306,7818223616,16791199744,7747178496,93254078464,54.7,1587.2,111,3538.2
10238204651845,24.150098926,8032083968,16992530432,7888818176,93112438784,44.0,1237.6,111,3538.2
10238254630045,24.200077126,7952801792,16992530432,8189186048,92812070912,49.1,1384.4,111,3538.2
10238304636788,24.250083869,7780417536,16740864000,8282587136,92718669824,45.6,1258.5,111,3538.2
10238354637209,24.30008429,8032083968,16992530432,8395096064,92606160896,50.3,1417.6,111,3538.2
10238404634163,24.350081244,7689191424,16673759232,8217739264,92783517696,45.9,1304.2,111,3538.2
10238454639844,24.400086925,7713312768,16673759232,8182902784,92818354176,54.4,1534.3,111,4042.0
10238504644012,24.450091093,8032083968,16992530432,8261140480,92740116480,50.9,1459.9,111,4042.0
10238554629265,24.500076346,7655628800,16740864000,8152854528,92848402432,43.9,1225.3,111,4042.0
10238604634405,24.550081486,8032083968,16992530432,8300576768,92700680192,45.0,1276.3,111,4042.0
10238654634646,24.600081727,8003764224,16992530432,8459595776,92541661184,50.6,1341.2,111,4042.0
10238704629486,24.650076567,8032083968,16992530432,8428113920,92573143040,40.5,1121.9,111,4042.0
10238754629507,24.700076588,7666118656,16673759232,8266129408,92735127552,47.2,1317.6,111,4042.0
10238804654213,24.750101294,7646199808,16606646272,8081231872,92920025088,55.0,1571.3,111,4042.0
10238854634126,24.800081207,8032083968,16992530432,8258396160,92742860800,48.4,1368.1,111,4042.0
10238904636090,24.850083171,7830069248,16791199744,7988826112,93012430848,45.0,1260.3,111,4042.0
10238954636331,24.900083412,7952801792,16992530432,8027000832,92974256128,45.6,1259.1,111,4042.0
10239004633396,24.950080477,7855853568,16992530432,8236531712,92764725248,46.9,1336.8,111,4069.0
10239054633426,25.000080507,7780417536,16740864000,8310214656,92691042304,45.2,1324.0,111,4069.0
10239104629589,25.05007667,7616196608,16576643072,8056389632,92944867328,49.7,1460.6,111,4069.0
10239154631142,25.100078223,7959724032,16992530432,8206315520,92794941440,53.2,1560.1,111,4069.0
10239204645199,25.15009228,7780417536,16740864000,8241041408,92760215552,43.2,1237.7,111,4069.0
10239254640881,25.200087962,8032083968,16992530432,8235094016,92766162944,46.9,1360.0,111,4069.0
10239304629971,25.250077052,7724834816,16740864000,7954726912,93046530048,42.0,1222.4,111,4069.0
10239354640271,25.300087352,8032083968,16992530432,8181919744,92819337216,43.2,1236.5,111,4069.0
10239404646052,25.350093133,7713312768,16673759232,8051331072,92949925888,42.8,1239.4,111,4069.0
10239454642556,25.400089637,7713312768,16673759232,7937531904,93063725056,52.8,1539.3,111,4069.0
10239504634511,25.450081592,8032083968,16992530432,8069193728,92932063232,48.7,1425.5,111,3905.9
10239554630133,25.500077214,7762583552,16740864000,8036421632,92964835328,42.4,1219.4,111,3905.9
10239604646163,25.550093244,8032083968,16992530432,8207507456,92793749504,44.0,1275.7,111,3905.9
10239654649470,25.600096551,7745953792,16791199744,8222990336,92778266624,45.9,1320.6,111,3905.9
10239704666081,25.650113162,8032083968,16992530432,8357171200,92644085760,45.6,1298.0,111,3905.9
10239754643089,25.70009017,7713312768,16673759232,7984033792,93017223168,44.0,1283.6,111,3905.9
10239804632579,25.75007966,7676604416,16673759232,7905312768,93095944192,53.4,1542.1,111,3905.9
10239854647097,25.800094178,8032083968,16992530432,8048013312,92953243648,47.8,1394.4,111,3905.9
10239904628853,25.850075934,7627657216,16589869056,8026341376,92974915584,43.3,1226.7,111,3905.9
10239954640365,25.900087446,8032083968,16992530432,8353595392,92647661568,45.3,1356.3,111,3905.9
10240004634855,25.950081936,7858438144,16992530432,8364519424,92636737536,40.6,1180.8,111,4376.1
10240054630196,26.000077277,7913160704,16992530432,8511602688,92489654272,46.9,1302.4,111,4376.1
10240104631559,26.05007864,7646199808,16606646272,8476876800,92524380160,47.5,1419.7,111,4376.1
10240154629395,26.100076476,7606558720,16606646272,8273793024,92727463936,52.2,1520.3,111,4376.1
10240204633163,26.150080244,8032083968,16992530432,8423092224,92578164736,48.1,1417.8,111,4376.1
10240254638092,26.200085173,7766208512,16791199744,8161038336,92840218624,40.4,1179.6,111,4376.1
10240304629817,26.250076898,7980691456,16992530432,8352251904,92649005056,46.0,1302.1,111,4376.1
10240354635658,26.300082739,7952801792,16992530432,8159608832,92841648128,42.1,1238.1,111,4376.1
10240404637963,26.350085044,7780417536,16740864000,8008392704,92992864256,38.4,1098.3,111,4376.1
10240454643704,26.400090785,7603204096,16606646272,7781474304,93219782656,47.8,1403.6,111,4376.1
10240504630199,26.45007728,7659388928,16791199744,7950995456,93050261504,52.2,1517.2,111,4376.1
10240554636811,26.500083892,8032083968,16992530432,8305295360,92695961600,46.5,1380.8,111,3422.9
10240604648904,26.550095985,7623139328,16589869056,7943634944,93057622016,40.9,1178.7,111,3422.9
10240654649295,26.600096376,8032083968,16992530432,8209166336,92792090624,48.1,1339.2,111,3422.9
10240704629428,26.650076509,7623372800,16589869056,8041381888,92959875072,41.5,1204.3,111,3422.9
10240754643135,26.700090216,8032083968,16992530432,8276193280,92725063680,45.6,1316.6,111,3422.9
10240804634529,26.75008161,7713312768,16673759232,8298631168,92702625792,45.3,1341.1,111,3422.9
10240854638747,26.800085828,7597895680,16589869056,8259170304,92742086656,53.1,1554.1,111,3422.9
10240904648726,26.850095807,8032083968,16992530432,8597504000,92403752960,45.3,1318.5,111,3422.9
10240954635041,26.900082122,8021344256,16992530432,8364912640,92636344320,46.2,1349.0,111,3422.9
10241004701305,26.950148386,7821312000,16791199744,8198795264,92802461696,40.0,1155.8,111,3422.9
10241054634700,27.000081781,8024567808,16992530432,8165978112,92835278848,46.5,1285.0,111,3422.9
10241104635512,27.050082593,7780417536,16740864000,7932010496,93069246464,43.4,1259.2,111,3830.4
10241154673263,27.100120344,7565864960,16526311424,7825195008,93176061952,48.7,1392.4,111,3830.4
10241204647595,27.150094676,7929253888,16992530432,8011763712,92989493248,55.0,1559.1,111,3830.4
10241254640262,27.200087343,7968108544,16992530432,8149045248,92852211712,44.3,1306.6,111,3830.4
10241304636094,27.250083175,7892615168,16992530432,7987310592,93013946368,47.8,1319.4,111,3830.4
10241354644521,27.300091602,7780417536,16740864000,8015601664,92985655296,44.7,1178.1,111,3830.4
10241404667243,27.350114324,8032083968,16992530432,7984635904,93016621056,46.5,1315.9,111,3830.4
10241454635414,27.400082495,7780417536,16740864000,7757004800,93244252160,42.8,1186.7,111,3830.4
10241504636146,27.450083227,7607115776,16576643072,7659827200,93341429760,49.7,1458.4,111,3830.4
10241554636166,27.500083247,8007958528,16992530432,7823413248,93177843712,55.0,1540.1,111,3830.4
10241604741885,27.550188966,7823409152,16791199744,7609933824,93391323136,42.4,1198.4,111,3885.9
10241654629254,27.600076335,7842381824,16992530432,7426461696,93574795264,44.7,1224.0,111,3885.9
10241704654531,27.650101612,7780417536,16740864000,7462862848,93538394112,41.2,1174.2,111,3885.9
10241754651275,27.700098356,7908782080,16992530432,7530192896,93471064064,45.6,1260.8,111,3885.9
10241804633392,27.750080473,7913160704,16992530432,7624622080,93376634880,42.9,1203.6,111,3885.9
10241854629876,27.800076957,7649341440,16673759232,7509684224,93491572736,45.3,1280.0,111,3885.9
10241904640366,27.850087447,7646199808,16606646272,7562436608,93438820352,54.4,1559.2,111,3885.9
10241954636429,27.90008351,8032083968,16992530432,7767670784,93233586176,47.8,1341.0,111,3885.9
10242004630698,27.950077779,7651434496,16740864000,7730769920,93270487040,42.4,1200.5,111,3885.9
10242054641298,28.000088379,8032083968,16992530432,7886356480,93114900480,45.3,1297.6,111,3885.9
10242104636550,28.050083631,7764807680,16791199744,7664693248,93336563712,42.8,1181.2,111,3885.9
10242154644325,28.100091406,8032083968,16992530432,7771922432,93229334528,44.4,1258.6,111,3595.7
10242204637552,28.150084633,7646199808,16606646272,7885463552,93115793408,47.5,1361.3,111,3595.7
10242254630209,28.20007729,7655944192,16791199744,8057323520,92943933440,55.0,1562.8,111,3595.7
10242304654845,28.250101926,8032083968,16992530432,8355885056,92645371904,48.1,1354.2,111,3595.7
10242354668291,28.300115372,7810314240,16791199744,8234827776,92766429184,41.5,1183.5,111,3595.7
10242404629157,28.350076238,8032083968,16992530432,8393527296,92607729664,47.5,1341.2,111,3595.7
10242454630651,28.400077732,7992442880,16992530432,8323596288,92677660672,45.3,1260.5,111,3595.7
10242504632514,28.450079595,7873519616,16992530432,8250937344,92750319616,41.8,1219.3,111,3595.7
10242554628888,28.500075969,7646199808,16606646272,8105172992,92896083968,45.6,1320.1,111,3595.7
10242604627275,28.550074356,7594815488,16606646272,8280383488,92720873472,53.1,1500.7,111,3595.7
10242654637034,28.600084115,8032083968,16992530432,8394432512,92606824448,47.8,1357.4,111,3595.7
10242704625853,28.650072934,7627284480,16589869056,7952908288,93048348672,38.5,1081.9,111,4021.7
10242754648796,28.700095877,8032083968,16992530432,8361021440,92640235520,46.9,1312.0,111,4021.7
10242804645590,28.750092671,7912951808,16992530432,8345796608,92655460352,46.2,1321.4,111,4021.7
10242854631985,28.800079066,8032083968,16992530432,8403595264,92597661696,46.5,1246.7,111,4021.7
10242904653496,28.850100577,7646199808,16606646272,8057061376,92944195584,39.8,1116.4,111,4021.7
10242954632346,28.900079427,7713312768,16673759232,8248033280,92753223680,53.1,1541.0,111,4021.7
10243004630473,28.950077554,8032083968,16992530432,8514580480,92486676480,50.6,1442.8,111,4021.7
10243054630403,29.000077484,7780417536,16740864000,8514494464,92486762496,43.8,1260.5,111,4021.7
10243104632547,29.050079628,8032083968,16992530432,8556556288,92444700672,43.7,1319.2,111,4021.7
10243154636635,29.100083716,7780417536,16740864000,8416940032,92584316928,41.2,1159.1,111,4021.7
10243204648438,29.150095519,8032083968,16992530432,8664408064,92336848896,46.5,1399.7,111,3477.5
10243254638189,29.20008527,7713312768,16673759232,8467951616,92533305344,44.1,1260.1,111,3477.5
10243304632889,29.25007997,7713312768,16673759232,8423047168,92578209792,51.9,1540.8,111,3477.5
10243354634873,29.300081954,8032083968,16992530432,8726523904,92274733056,50.9,1459.5,111,3477.5
10243404881606,29.350328687,7629426688,16791199744,8396005376,92605251584,41.9,1210.3,111,3477.5
10243454652897,29.400099978,8032083968,16992530432,8698179584,92303077376,46.2,1389.3,111,3477.5
10243504631187,29.450078268,7967588352,16992530432,8702050304,92299206656,45.6,1323.3,111,3477.5
10243554630255,29.500077336,7986982912,16992530432,8682954752,92318302208,43.7,1260.0,111,3477.5
10243604631408,29.550078489,7713312768,16673759232,8345686016,92655570944,43.4,1260.0,111,3477.5
10243654642619,29.6000897,7713312768,16673759232,8285560832,92715696128,53.4,1556.7,111,3477.5
10243704646927,29.650094008,8032083968,16992530432,8653537280,92347719680,50.0,1457.1,111,3477.5
10243754635957,29.700083038,7811796992,16791199744,8458301440,92542955520,43.7,1243.1,111,4253.4
10243804635737,29.750082818,7913160704,16992530432,8564359168,92436897792,46.9,1361.4,111,4253.4
10243854665463,29.800112544,8032083968,16992530432,8707366912,92293890048,45.9,1292.6,111,4253.4
10243904630548,29.850077629,7661494272,16740864000,8677433344,92323823616,45.6,1308.4,111,4253.4
10243954641498,29.900088579,7616196608,16576643072,8597512192,92403744768,49.4,1457.0,111,4253.4
10244004629586,29.950076667,7952801792,16992530432,8825229312,92176027648,52.5,1542.2,111,4253.4
10244054629947,30.000077028,7903096832,16992530432,8741097472,92260159488,41.2,1201.0,111,4253.4
10244104627413,30.050074494,7840186368,16992530432,8597626880,92403630080,42.8,1200.5,111,4253.4
10244154660896,30.100107977,7780417536,16740864000,8638431232,92362825728,43.8,1272.8,111,4253.4
10244204639656,30.150086737,8032083968,16992530432,8796516352,92204740608,46.9,1361.1,111,4253.4
10244254637462,30.200084543,7636234240,16606646272,8561725440,92439531520,43.1,1224.7,111,4248.6
10244304637472,30.250084553,7712350208,16673759232,8676040704,92325216256,52.2,1538.4,111,4248.6
10244354641771,30.300088852,7896952832,16992530432,8721973248,92279283712,48.1,1416.4,111,4248.6
10244404636551,30.350083632,7780417536,16740864000,8804519936,92196737024,46.9,1365.4,111,4248.6
10244454640519,30.4000876,8032083968,16992530432,8816906240,92184350720,46.0,1317.4,111,4248.6
10244504634037,30.450081118,7780417536,16740864000,8597266432,92403990528,39.4,1102.5,111,4248.6
10244554652662,30.500099743,8032083968,16992530432,8685191168,92316065792,44.7,1312.4,111,4248.6
10244604640169,30.55008725,7632289792,16606646272,8538103808,92463153152,40.6,1142.6,111,4248.6
10244654659565,30.600106646,7652093952,16673759232,8413077504,92588179456,53.8,1561.3,111,4248.6
10244704637695,30.650084776,8032083968,16992530432,8545714176,92455542784,50.9,1476.7,111,4248.6
10244754637044,30.700084125,7780417536,16740864000,8308416512,92692840448,43.1,1224.5,111,4248.6
10244804627646,30.750074727,8032083968,16992530432,8545460224,92455796736,44.9,1282.0,111,3866.9
10244854647093,30.800094174,7780417536,16740864000,8406753280,92594503680,39.4,1157.8,111,3866.9
10244904643667,30.850090748,8032083968,16992530432,8505118720,92496138240,46.5,1358.2,111,3866.9
10244954654377,30.900101458,7666790400,16673759232,8354672640,92646584320,43.8,1237.6,111,3866.9
10245004636373,30.950083454,7596978176,16606646272,8166359040,92834897920,52.2,1502.9,111,3866.9
10245054628248,31.000075329,7844380672,16992530432,8435933184,92565323776,52.5,1524.8,111,3866.9
10245104640211,31.050087292,7780417536,16740864000,8483917824,92517339136,42.1,1216.4,111,3866.9
10245154635803,31.100082884,8032083968,16992530432,8844156928,92157100032,51.9,1461.7,111,3866.9
10245204631155,31.150078236,7701135360,16740864000,8784031744,92217225216,45.9,1242.0,111,3866.9
10245254634731,31.200081812,8032083968,16992530432,9102577664,91898679296,50.0,1457.5,111,3866.9
10245304637978,31.250085059,7713312768,16673759232,8687173632,92314083328,47.2,1337.6,111,3975.2
10245354635113,31.300082194,7606558720,16606646272,8769441792,92231815168,54.7,1543.5,111,3975.2
10245404632478,31.350079559,8032083968,16992530432,8958074880,92043182080,49.1,1360.6,111,3975.2
10245454631637,31.400078718,7830753280,16791199744,9037553664,91963703296,45.4,1259.0,111,3975.2
10245504631296,31.450078377,7913160704,16992530432,8984768512,92016488448,48.7,1360.4,111,3975.2
10245554639722,31.500086803,7902187520,16992530432,8999432192,92001824768,44.7,1256.2,111,3975.2
10245604641035,31.550088116,7780417536,16740864000,9056202752,91945054208,46.9,1282.8,111,3975.2
10245654634513,31.600081594,7616196608,16576643072,8888729600,92112527360,51.3,1481.0,111,3975.2
10245704632319,31.6500794,7952801792,16992530432,9065234432,91936022528,55.6,1579.3,111,3975.2
10245754629053,31.700076134,7873519616,16992530432,8883896320,92117360640,42.4,1182.3,111,3975.2
10245804639994,31.750087075,7934464000,16992530432,8814481408,92186775552,46.0,1275.7,111,4490.4
10245854629915,31.800076996,7791112192,16791199744,8789966848,92211290112,39.0,1143.4,111,4490.4
10245904650394,31.850097475,8032083968,16992530432,8997085184,92004171776,50.6,1391.0,111,4490.4
10245954635666,31.900082747,7653531648,16740864000,8993288192,92007968768,45.6,1307.1,111,4490.4
10246004632240,31.950079321,7673671680,16673759232,9104502784,91896754176,52.8,1520.9,111,4490.4
10246054639384,32.000086465,8032083968,16992530432,9221648384,91779608576,52.5,1475.8,111,4490.4
10246104626720,32.050073801,7740776448,16740864000,8878358528,92122898432,44.9,1264.1,111,4490.4
10246154652208,32.100099289,8032083968,16992530432,8860454912,92140802048,46.0,1276.1,111,4490.4
10246204632481,32.150079562,7621853184,16740864000,8585371648,92415885312,39.0,1123.3,111,4490.4
10246254645726,32.200092807,8032083968,16992530432,8809275392,92191981568,46.3,1275.7,111,4490.4
10246304653942,32.250101023,7713312768,16673759232,8706473984,92294782976,44.6,1300.9,111,4099.1
10246354626461,32.300073542,7626272768,16606646272,8656928768,92344328192,54.1,1564.8,111,4099.1
10246404636119,32.3500832,8032083968,16992530432,8960651264,92040605696,48.4,1356.5,111,4099.1
10246454649214,32.400096295,7995195392,16992530432,9013235712,91988021248,46.2,1314.8,111,4099.1
10246504650586,32.450097667,7780417536,16740864000,9065336832,91935920128,46.5,1322.4,111,4099.1
10246554647972,32.500095053,8032083968,16992530432,9066139648,91935117312,49.4,1399.0,111,4099.1
10246604631651,32.550078732,7651434496,16740864000,9066082304,91935174656,44.9,1267.7,111,4099.1
10246654633856,32.600080937,7605891072,16606646272,8844677120,92156579840,52.2,1494.6,111,4099.1
10246704640538,32.650087619,7839596544,16992530432,8935251968,92066004992,50.3,1417.5,111,4099.1
10246754639837,32.700086918,7780417536,16740864000,8897835008,92103421952,46.9,1281.2,111,4099.1
10246804639587,32.750086668,8032083968,16992530432,9243299840,91757957120,49.7,1416.3,111,4099.1
10246854659384,32.800106465,7829774336,16791199744,9164849152,91836407808,46.5,1300.3,111,4239.2
10246904648885,32.850095966,8032083968,16992530432,9315794944,91685462016,46.5,1304.0,111,4239.2
10246954626563,32.900073644,7606558720,16606646272,9352466432,91648790528,50.0,1384.7,111,4239.2
10247004634939,32.95008202,7766335488,16791199744,9288970240,91712286720,55.0,1596.6,111,4239.2
10247054631823,33.000078904,7952801792,16992530432,9408446464,91592810496,47.8,1341.8,111,4239.2
10247104628878,33.050075959,7833878528,16992530432,9357869056,91643387904,48.4,1400.9,111,4239.2
10247154648094,33.100095175,7780417536,16740864000,9282764800,91718492160,44.0,1276.5,111,4239.2
10247204634679,33.15008176,8032083968,16992530432,9294577664,91706679296,46.5,1362.2,111,4239.2
10247254630612,33.200077693,7775166464,16740864000,9203404800,91797852160,41.4,1160.8,111,4239.2
10247304644248,33.250091329,7561801728,16522117120,9095540736,91905716224,51.6,1516.1,111,4239.2
10247354628047,33.300075128,7913160704,16992530432,9117872128,91883384832,51.9,1544.0,111,4239.2
10247404639950,33.350087031,7780417536,16740864000,8987533312,92013723648,40.3,1156.0,111,3968.3
10247454637015,33.400084096,8032083968,16992530432,8947019776,92054237184,46.2,1322.8,111,3968.3
10247504657213,33.450104294,7780417536,16740864000,8722366464,92278890496,41.2,1198.1,111,3968.3
10247554651212,33.500098293,8032083968,16992530432,8745787392,92255469568,41.5,1219.1,111,3968.3
10247604633158,33.550080239,7712251904,16740864000,8721100800,92280156160,43.5,1243.7,111,3968.3
10247654640602,33.600087683,7616196608,16576643072,8456835072,92544421888,47.5,1378.5,111,3968.3
10247704635623,33.650082704,8022638592,16992530432,8600309760,92400947200,53.8,1580.4,111,3968.3
10247754627648,33.700074729,7882125312,16992530432,8584798208,92416458752,42.1,1202.6,111,3968.3
10247804624693,33.750071774,7865352192,16992530432,8607301632,92393955328,43.7,1320.4,111,3968.3
10247854638609,33.80008569,7780417536,16740864000,8722649088,92278607872,44.1,1254.8,111,3968.3
10247904635664,33.850082745,8032083968,16992530432,8772165632,92229091328,47.5,1404.0,111,3968.3
10247954626757,33.900073838,7651434496,16740864000,8681586688,92319670272,42.7,1240.2,111,4046.1
10248004628020,33.950075101,7680802816,16673759232,8721584128,92279672832,51.3,1520.2,111,4046.1
10248054640113,34.000087194,8032083968,16992530432,8795889664,92205367296,50.3,1475.6,111,4046.1
10248104632238,34.050079319,7780417536,16740864000,8696741888,92304515072,44.4,1283.0,111,4046.1
10248154644732,34.100091813,8032083968,16992530432,8660615168,92340641792,45.3,1274.9,111,4046.1
10248204631657,34.150078738,7582212096,16740864000,8404877312,92596379648,41.2,1166.0,111,4046.1
10248254641456,34.200088537,8032083968,16992530432,8709111808,92292145152,46.5,1357.6,111,4046.1
10248304634443,34.250081524,7713312768,16673759232,8426033152,92575223808,42.1,1261.3,111,4046.1
10248354637469,34.30008455,7713312768,16673759232,8335126528,92666130432,52.5,1536.6,111,4046.1
10248404646185,34.350093266,8032083968,16992530432,8688545792,92312711168,50.6,1459.6,111,4046.1
10248454626448,34.400073529,7582212096,16740864000,8515641344,92485615616,42.1,1244.1,111,4046.1
10248504633181,34.450080262,8032083968,16992530432,8734404608,92266852352,45.6,1318.9,111,3617.5
10248554632250,34.500079331,7873519616,16992530432,8765874176,92235382784,48.7,1361.3,111,3617.5
10248604632140,34.550079221,7875833856,16992530432,8713584640,92287672320,40.0,1180.0,111,3617.5
10248654635877,34.600082958,7616196608,16576643072,8774897664,92226359296,48.7,1358.6,111,3617.5
10248704627511,34.650074592,7825473536,16791199744,8864940032,92136316928,53.4,1560.3,111,3617.5
10248754627832,34.700074913,7968108544,16992530432,8900206592,92101050368,45.3,1320.7,111,3617.5
10248804629836,34.750076917,7992442880,16992530432,8820785152,92180471808,43.4,1278.9,111,3617.5
10248854628594,34.800075675,7873519616,16992530432,8813248512,92188008448,43.1,1241.1,111,3617.5
10248904624316,34.850071397,7846477824,16992530432,8714772480,92286484480,43.7,1261.5,111,3617.5
10248954647660,34.900094741,7780417536,16740864000,8746778624,92254478336,42.9,1233.1,111,3617.5
10249004627272,34.950074353,7561801728,16576643072,8746991616,92254265344,48.7,1422.5,111,3617.5
10249054646087,35.000093168,8020262912,16992530432,8908759040,92092497920,55.3,1557.1,111,4030.5
10249104635648,35.050082729,8032083968,16992530432,8946987008,92054269952,41.2,1162.1,111,4030.5
10249154628084,35.100075165,7873519616,16992530432,9060528128,91940728832,49.4,1362.4,111,4030.5
10249204646719,35.1500938,7780417536,16740864000,8903372800,92097884160,42.5,1197.5,111,4030.5
10249254653892,35.200100973,8032083968,16992530432,9114558464,91886698496,51.6,1400.2,111,4030.5
10249304625860,35.250072941,7582212096,16740864000,8797626368,92203630592,43.1,1184.2,111,4030.5
10249354636680,35.300083761,7561801728,16522117120,8893362176,92107894784,52.8,1494.9,111,4030.5
10249404627543,35.350074624,7842283520,16992530432,8935788544,92065468416,52.2,1484.4,111,4030.5
10249454636130,35.400083211,7780417536,16740864000,8918482944,92082774016,45.3,1258.1,111,4030.5
10249504637633,35.450084714,8032083968,16992530432,8962949120,92038307840,46.3,1317.0,111,4030.5
10249554630510,35.500077591,7740776448,16740864000,8727724032,92273532928,43.6,1184.5,111,4030.5
10249604631882,35.550078963,8032083968,16992530432,8683384832,92317872128,44.4,1278.6,111,3924.6
10249654731129,35.60017821,7579086848,16539533312,8286507008,92714749952,40.9,1151.0,111,3924.6
10249704720058,35.650167139,7562797056,16539533312,8211091456,92790165504,53.1,1545.9,111,3924.6
10249754633546,35.700080627,8032083968,16992530432,8677900288,92323356672,52.9,1505.5,111,3924.6
10249804634207,35.750081288,7780417536,16740864000,8469139456,92532117504,43.8,1199.3,111,3924.6
10249854637774,35.800084855,8032083968,16992530432,8720543744,92280713216,49.7,1359.1,111,3924.6
10249904632444,35.850079525,7579086848,16539533312,8366399488,92634857472,40.6,1136.6,111,3924.6
10249954643495,35.900090576,8032083968,16992530432,8620171264,92381085696,47.5,1343.0,111,3924.6
10250004627916,35.950074997,7713312768,16673759232,8208842752,92792414208,42.5,1202.6,111,3924.6
10250054645710,36.000092791,7673671680,16673759232,8076201984,92925054976,54.7,1537.0,111,3924.6
10250104653104,36.050100185,8032083968,16992530432,8136310784,92864946176,48.4,1396.9,111,4005.1
10250154639528,36.100086609,7740776448,16740864000,7872753664,93128503296,41.6,1124.8,111,4005.1
10250204652503,36.150099584,8032083968,16992530432,8041517056,92959739904,42.0,1197.1,111,4005.1
10250254650870,36.200097951,7582212096,16740864000,7684763648,93316493312,39.2,1099.6,111,4005.1
10250304653395,36.250100476,8032083968,16992530432,7967977472,93033279488,46.2,1318.3,111,4005.1
10250354652784,36.300099865,7713312768,16673759232,7818825728,93182431232,41.9,1162.3,111,4005.1
10250404646793,36.350093874,7713312768,16673759232,7696510976,93304745984,53.8,1559.7,111,4005.1
10250454649979,36.40009706,8032083968,16992530432,7788371968,93212884992,49.4,1401.2,111,4005.1
10250504636123,36.450083204,7780417536,16740864000,7749959680,93251297280,43.4,1221.6,111,4005.1
10250554637636,36.500084717,8032083968,16992530432,7853797376,93147459584,41.5,1200.1,111,4005.1
10250604632737,36.550079818,7780417536,16740864000,7754350592,93246906368,41.0,1099.8,111,4005.1
10250654649308,36.600096389,8032083968,16992530432,8078274560,92922982400,49.1,1374.8,111,3719.3
10250704844955,36.650292036,7579086848,16606646272,8046018560,92955238400,44.3,1238.7,111,3719.3
10250754631966,36.700079047,7648116736,16675676160,8079048704,92922208256,55.0,1585.4,111,3719.3
10250804632778,36.750079859,8034000896,16994447360,8249348096,92751908864,50.9,1441.5,111,3719.3
10250854666651,36.800113732,7782334464,16742780928,7999807488,93001449472,37.3,1076.9,111,3719.3
10250904655280,36.850102361,8034000896,16994447360,8361709568,92639547392,48.8,1359.4,111,3719.3
10250954644019,36.9000911,7782334464,16742780928,8361451520,92639805440,41.9,1163.8,111,3719.3
10251004637297,36.950084378,8034000896,16994447360,8465432576,92535824384,47.8,1358.1,111,3719.3
10251054636335,37.000083416,7672909824,16675676160,8338731008,92662525952,44.4,1260.3,111,3719.3
10251104640623,37.050087704,7715229696,16675676160,8241176576,92760080384,53.5,1560.6,111,3719.3
10251154644430,37.100091511,8034000896,16994447360,8496025600,92505231360,48.7,1419.8,111,3719.3
10251204634522,37.150081603,7655927808,16793116672,8429572096,92571684864,43.4,1259.7,111,4117.3
10251254625425,37.200072506,8016162816,16994447360,8757293056,92243963904,47.2,1363.6,111,4117.3
10251304622700,37.250069781,7875436544,16994447360,8778244096,92223012864,45.6,1342.3,111,4117.3
10251354641205,37.300088286,7782334464,16742780928,8740528128,92260728832,43.5,1233.0,111,4117.3
10251404641816,37.350088897,7616196608,16576643072,8676626432,92324630528,50.0,1459.3,111,4117.3
10251454628110,37.400075191,7915077632,16994447360,8938287104,92062969856,52.8,1548.0,111,4117.3
10251504650713,37.450097794,7782334464,16742780928,8880013312,92121243648,41.9,1214.6,111,4117.3
10251554636937,37.500084018,8034000896,16994447360,8944111616,92057145344,46.0,1303.5,111,4117.3
10251604635184,37.550082265,7782334464,16742780928,8861782016,92139474944,42.8,1221.1,111,4117.3
10251654661343,37.600108424,8034000896,16994447360,8912957440,92088299520,45.6,1314.5,111,4117.3
10251704642819,37.6500899,7657963520,16675676160,8675483648,92325773312,40.6,1161.0,111,4411.3
10251754630786,37.700077867,7602774016,16576643072,8565297152,92435959808,51.3,1524.7,111,4411.3
10251804630315,37.750077396,8034000896,16994447360,8746446848,92254810112,53.1,1558.8,111,4411.3
10251854663658,37.800110739,7782334464,16742780928,8781139968,92220116992,42.1,1212.8,111,4411.3
10251904636467,37.850083548,8020619264,16994447360,8645201920,92356055040,44.6,1308.2,111,4411.3
10251954649321,37.900096402,7782334464,16742780928,8424570880,92576686080,42.5,1196.3,111,4411.3
10252004638151,37.950085232,8034000896,16994447360,8734380032,92266876928,48.1,1382.3,111,4411.3
10252054628643,38.000075724,7678517248,16742780928,8499019776,92502237184,42.1,1223.3,111,4411.3
10252104761873,38.050208954,7563587584,16524034048,8315432960,92685824000,49.4,1432.2,111,4411.3
10252154630807,38.100077888,7881949184,16994447360,8400035840,92601221120,51.3,1527.9,111,4411.3
10252204639894,38.150086975,7782338560,16742780928,8387330048,92613926912,41.1,1175.2,111,4411.3
10252254640566,38.200087647,8034004992,16994447360,8797409280,92203847680,49.7,1422.1,111,3873.8
10252304628102,38.250075183,7584137216,16742780928,8582959104,92418297856,40.8,1204.0,111,3873.8
10252354635877,38.300082958,8034009088,16994447360,8843329536,92157927424,44.7,1294.1,111,3873.8
10252404641368,38.350088449,7715237888,16675676160,8715079680,92286177280,45.0,1281.0,111,3873.8
10252454639234,38.400086315,7648124928,16608563200,8724729856,92276527104,52.8,1537.4,111,3873.8
10252504647058,38.450094139,8034009088,16994447360,9002672128,91998584832,48.4,1402.3,111,3873.8
10252554830493,38.500277574,7631347712,16793116672,8596561920,92404695040,40.9,1159.5,111,3873.8
10252604641538,38.550088619,8034009088,16994447360,8845586432,92155670528,45.0,1303.6,111,3873.8
10252654658671,38.600105752,8015900672,16994447360,8781942784,92219314176,44.3,1233.7,111,3873.8
10252704629486,38.650076567,7850496000,16994447360,8717307904,92283949056,43.1,1268.2,111,3873.8
10252754697684,38.700144765,7582384128,16543088640,8660795392,92340461568,46.5,1375.4,111,3776.6
10252804644524,38.750091605,7806140416,16793116672,8831107072,92170149888,53.5,1580.4,111,3776.6
10252854638914,38.800085995,7954731008,16994447360,8931303424,92069953536,45.3,1302.0,111,3776.6
10252904633534,38.850080615,7875448832,16994447360,8934338560,92066918400,44.3,1261.7,111,3776.6
10252954631009,38.90007809,7915089920,16994447360,8841523200,92159733760,38.4,1139.4,111,3776.6
10253004626050,38.950073131,7875448832,16994447360,8659730432,92341526528,42.4,1200.1,111,3776.6
10253054638013,39.000085094,7782346752,16742780928,8477290496,92523966464,42.9,1196.8,111,3776.6
10253104621672,39.050068753,7565877248,16526311424,8158859264,92842397696,50.3,1435.9,111,3776.6
10253154638253,39.100085334,7891111936,16994447360,8274464768,92726792192,54.7,1582.0,111,3776.6
10253204632863,39.150079944,7954731008,16994447360,8284012544,92717244416,44.7,1264.6,111,3776.6
10253254631150,39.200078231,7954731008,16994447360,8097185792,92904071168,43.4,1220.0,111,3776.6
10253304642051,39.250089132,7782346752,16742780928,8094347264,92906909696,41.4,1132.8,111,4045.1
10253354638664,39.300085745,8034013184,16994447360,8363450368,92637806592,50.3,1425.8,111,4045.1
10253404626331,39.350073412,7659655168,16742780928,8091983872,92909273088,42.4,1184.9,111,4045.1
10253454624318,39.400071399,7603957760,16608563200,7866966016,93134290944,51.6,1458.0,111,4045.1
10253504635178,39.450082259,8000040960,16994447360,8132624384,92868632576,51.6,1496.0,111,4045.1
10253554637793,39.500084874,7782346752,16742780928,8147075072,92854181888,46.5,1261.5,111,4045.1
10253604634577,39.550081658,8034013184,16994447360,8162000896,92839256064,44.3,1299.5,111,4045.1
10253654624819,39.6000719,7742705664,16742780928,7958777856,93042479104,43.7,1162.5,111,4045.1
10253704638455,39.650085536,8034013184,16994447360,8013570048,92987686912,44.0,1295.8,111,4045.1
10253754629648,39.700076729,7648129024,16675676160,8052535296,92948721664,43.7,1222.7,111,4045.1
10253804633185,39.750080266,7672131584,16675676160,8028794880,92972462080,55.0,1577.3,111,4045.1
10253854651199,39.80009828,8034017280,16994447360,8170205184,92831051776,50.0,1439.2,111,4061.6
10253904665866,39.850112947,7782350848,16742780928,7901835264,93099421696,43.4,1197.0,111,4061.6
10253954632584,39.900079665,8034017280,16994447360,7868538880,93132718080,44.3,1266.9,111,4061.6
10254004636461,39.950083542,7663427584,16742780928,7523262464,93477994496,42.5,1179.8,111,4061.6
10254054646150,40.000093231,8034017280,16994447360,7719276544,93281980416,43.7,1214.5,111,4061.6
10254104639297,40.050086378,7715246080,16675676160,7617187840,93384069120,43.4,1242.7,111,4061.6
10254154627926,40.100075007,7675604992,16675676160,7457972224,93543284736,53.5,1543.8,111,4061.6
10254204638345,40.150085426,8034017280,16994447360,7778402304,93222854656,52.2,1495.5,111,4061.6
10254254650138,40.200097219,7782350848,16742780928,7709106176,93292150784,44.7,1241.0,111,4061.6
10254304635570,40.250082651,8034017280,16994447360,7724720128,93276536832,43.9,1222.5,111,4061.6
10254354621835,40.300068916,7663427584,16742780928,7472807936,93528449024,42.5,1201.8,111,4061.6
10254404633617,40.350080698,8034017280,16994447360,7686582272,93314674688,44.7,1258.2,111,3739.8
10254454633877,40.400080958,7667544064,16675676160,7372525568,93628731392,38.4,1077.3,111,3739.8
10254504630521,40.450077602,7675604992,16675676160,7611731968,93389524992,53.8,1564.3,111,3739.8
10254554641883,40.500088964,8034017280,16994447360,8015101952,92986155008,53.4,1517.1,111,3739.8
10254604634659,40.55008174,7782350848,16742780928,8015360000,92985896960,44.3,1221.5,111,3739.8
10254654643997,40.600091078,8034017280,16994447360,8410312704,92590944256,49.7,1354.7,111,3739.8
10254704630802,40.650077883,7747739648,16742780928,8156393472,92844863488,40.9,1165.3,111,3739.8
10254754649918,40.700096999,8034017280,16994447360,8344256512,92657000448,47.8,1333.2,111,3739.8
10254804635431,40.750082512,7715246080,16675676160,8088092672,92913164288,45.3,1284.0,111,3739.8
10254854635351,40.800082432,7715246080,16675676160,7910436864,93090820096,54.4,1560.8,111,3739.8
10254904635852,40.850082933,8034017280,16994447360,8145473536,92855783424,51.9,1481.8,111,4178.3
10254954630011,40.900077092,7742709760,16742780928,8129474560,92871782400,45.3,1280.3,111,4178.3
10255004640601,40.950087682,8034017280,16994447360,8195592192,92805664768,47.8,1316.7,111,4178.3
10255054643466,41.000090547,7984308224,16994447360,8233897984,92767358976,46.8,1337.1,111,4178.3
10255104639088,41.050086169,7782350848,16742780928,8220995584,92780261376,43.6,1240.1,111,4178.3
10255154635421,41.100082502,7616212992,16576643072,8096264192,92904992768,47.8,1398.9,111,4178.3
10255204648616,41.150095697,7969304576,16994447360,8338817024,92662439936,54.1,1557.0,111,4178.3
10255254631855,41.200078936,7888252928,16994447360,8257531904,92743725056,43.7,1290.4,111,4178.3
10255304625763,41.250072844,7835811840,16994447360,7979663360,93021593600,39.9,1140.9,111,4178.3
10255354650400,41.300097481,7782350848,16742780928,7835402240,93165854720,41.6,1173.1,111,4178.3
10255404639429,41.35008651,8034017280,16994447360,8158318592,92842938368,48.4,1403.5,111,3847.8
10255454627647,41.400074728,7782354944,16742780928,7911624704,93089632256,40.6,1143.2,111,3847.8
10255504628509,41.45007559,7616217088,16576643072,7591645184,93409611776,49.4,1456.3,111,3847.8
10255554646463,41.500093544,7978971136,16994447360,7665958912,93335298048,53.8,1572.8,111,3847.8
10255604640141,41.550087222,7954739200,16994447360,7607885824,93393371136,42.4,1226.0,111,3847.8
10255654631384,41.600078465,7954739200,16994447360,7559856128,93441400832,41.5,1181.5,111,3847.8
10255704634350,41.650081431,7896645632,16994447360,7533072384,93468184576,39.6,1159.8,111,3847.8
10255754631715,41.700078796,7890362368,16994447360,7556599808,93444657152,40.6,1177.9,111,3847.8
10255804627207,41.750074288,7793053696,16793116672,7597776896,93403480064,39.2,1123.3,111,3847.8
10255854644760,41.800091841,7616221184,16576643072,7622033408,93379223552,50.0,1435.9,111,3847.8
10255904642045,41.850089126,7781826560,16793116672,7799316480,93201940480,53.4,1535.0,111,3988.2
10255954636043,41.900083124,8034025472,16994447360,7909216256,93092040704,45.2,1343.7,111,3988.2
10256004633899,41.95008098,7934406656,16994447360,7963189248,93038067712,45.6,1301.4,111,3988.2
10256054648026,42.000095107,7782363136,16742780928,8015167488,92986089472,39.9,1175.4,111,3988.2
10256104641925,42.050089006,8034029568,16994447360,8531005440,92470251520,50.3,1461.8,111,3988.2
10256154642896,42.100089977,7660609536,16675676160,8479395840,92521861120,43.8,1277.9,111,3988.2
10256204629321,42.150076402,7715258368,16675676160,8469848064,92531408896,53.2,1583.4,111,3988.2
10256254634060,42.200081141,8034029568,16994447360,8592678912,92408578048,50.0,1458.9,111,3988.2
10256304621406,42.250068487,7742722048,16742780928,8338243584,92663013376,43.1,1204.5,111,3988.2
10256354646834,42.300093915,8034029568,16994447360,8629202944,92372054016,44.4,1313.7,111,3988.2
10256404636635,42.350083716,7631368192,16591785984,8524111872,92477145088,42.4,1218.9,111,3988.2
10256454645582,42.400092663,8034029568,16994447360,8823017472,92178239488,44.7,1318.7,111,3479.4
10256504631526,42.450078607,7715258368,16675676160,8673992704,92327264256,45.3,1327.1,111,3479.4
10256554637467,42.500084548,7715258368,16675676160,8573612032,92427644928,53.1,1518.6,111,3479.4
10256604640422,42.550087503,8034029568,16994447360,8854310912,92146946048,49.7,1459.4,111,3479.4
10256654634581,42.600081662,7730974720,16742780928,8780251136,92221005824,40.4,1141.7,111,3479.4
10256704642767,42.650089848,8034029568,16994447360,8854568960,92146688000,43.5,1237.6,111,3479.4
10256754640973,42.700088054,7895728128,16994447360,8576942080,92424314880,43.4,1218.3,111,3479.4
10256804629231,42.750076312,8034033664,16994447360,8672157696,92329099264,43.1,1244.2,111,3479.4
10256854626436,42.800073517,7689039872,16675676160,8410804224,92590452736,43.8,1240.3,111,3479.4
10256904623601,42.850070682,7648149504,16608563200,8463339520,92537917440,52.5,1554.7,111,3479.4
10256954646274,42.900093355,8034033664,16994447360,8668733440,92332523520,47.2,1378.1,111,3757.2
10257004638890,42.950085971,7774781440,16793116672,8784564224,92216692736,43.4,1262.9,111,3757.2
10257054628901,43.000075982,7875469312,16994447360,9064288256,91936968704,49.4,1343.7,111,3757.2
10257104637537,43.050084618,7874224128,16994447360,8969261056,92031995904,44.4,1274.9,111,3757.2
10257154639691,43.100086772,7782367232,16742780928,8802820096,92198436864,45.6,1261.6,111,3757.2
10257204628470,43.150075551,7616229376,16576643072,8551182336,92450074624,50.3,1462.5,111,3757.2
10257254638269,43.20008535,7954755584,16994447360,8681590784,92319666176,54.7,1559.9,111,3757.2
10257304625024,43.250072105,7974256640,16994447360,8661737472,92339519488,40.1,1061.4,111,3757.2
10257354627749,43.30007483,7875473408,16994447360,8600842240,92400414720,44.0,1260.4,111,3757.2
10257404643268,43.350090349,7782371328,16742780928,8709050368,92292206592,43.8,1235.6,111,3757.2
10257454641695,43.400088776,8034037760,16994447360,8720646144,92280610816,46.2,1317.6,111,3757.2
10257504628120,43.450075201,7623806976,16742780928,8695767040,92305489920,46.5,1306.8,111,4150.7
10257554633650,43.500080731,7672193024,16675676160,8582742016,92418514944,54.3,1493.6,111,4150.7
10257604638008,43.550085089,7967404032,16994447360,8667123712,92334133248,51.9,1479.9,111,4150.7
10257654651023,43.600098104,7782375424,16742780928,8407527424,92593729536,44.7,1262.0,111,4150.7
10257704638980,43.650086061,8034041856,16994447360,8463781888,92537475072,44.7,1237.9,111,4150.7
10257754632518,43.700079599,7584169984,16742780928,8056066048,92945190912,42.1,1182.9,111,4150.7
10257804646394,43.750093475,8034041856,16994447360,8333361152,92667895808,47.5,1318.7,111,4150.7
10257854637728,43.800084809,7715270656,16675676160,8146268160,92854988800,46.0,1274.4,111,4150.7
10257904643018,43.850090099,7715270656,16675676160,8072466432,92928790528,53.1,1522.1,111,4150.7
10257954643539,43.90009062,8034041856,16994447360,8183042048,92818214912,49.7,1403.5,111,4150.7
10258004636967,43.950084048,7605477376,16591785984,7755329536,93245927424,40.9,1138.6,111,4117.0
10258054637808,44.000084889,8034041856,16994447360,8037416960,92963840000,46.3,1319.8,111,4117.0
10258104634612,44.050081693,7621935104,16742780928,7628926976,93372329984,37.1,1024.4,111,4117.0
10258154646144,44.100093225,8034041856,16994447360,7880974336,93120282624,46.3,1311.3,111,4117.0
10258204644261,44.150091342,7708704768,16675676160,7495192576,93506064384,38.9,1063.0,111,4117.0
10258254628361,44.200075442,7564267520,16524673024,7369633792,93631623168,53.1,1558.7,111,4117.0
10258304628601,44.250075682,7890378752,16994447360,7593398272,93407858688,55.1,1528.0,111,4117.0
10258354625616,44.300072697,7942803456,16994447360,7621509120,93379747840,42.1,1200.3,111,4117.0
10258404627970,44.350075051,7915118592,16994447360,7508500480,93492756480,41.5,1159.6,111,4117.0
10258454659289,44.40010637,7832711168,16793116672,7335854080,93665402880,38.5,1079.1,111,4117.0
10258504636917,44.450083998,7995015168,16994447360,7654051840,93347205120,47.8,1336.6,111,4117.0
10258554635224,44.500082305,7782375424,16742780928,7592120320,93409136640,45.0,1222.2,111,3916.9
10258604636426,44.550083507,7616241664,16576643072,7538028544,93463228416,47.5,1376.0,111,3916.9
10258654639251,44.600086332,7735599104,16793116672,7705243648,93296013312,54.7,1579.9,111,3916.9
10258704633050,44.650080131,8034045952,16994447360,7988826112,93012430848,46.8,1304.2,111,3916.9
10258754625666,44.700072747,8022503424,16994447360,8117706752,92883550208,42.7,1239.3,111,3916.9
10258804650743,44.750097824,7782379520,16742780928,8004165632,92997091328,42.1,1176.7,111,3916.9
10258854640293,44.800087374,8034045952,16994447360,8220147712,92781109248,50.0,1399.6,111,3916.9
10258904639712,44.850086793,7782379520,16742780928,7999033344,93002223616,41.8,1180.8,111,3916.9
10258954652406,44.900099487,7616241664,16576643072,7814012928,93187244032,48.4,1397.7,111,3916.9
10259004639682,44.950086763,7698538496,16793116672,7720579072,93280677888,54.7,1563.4,111,3916.9
10259054638219,45.0000853,8034045952,16994447360,7922405376,93078851584,44.0,1261.6,111,3482.4
10259104636937,45.050084018,7824924672,16793116672,7846797312,93154459648,39.9,1181.4,111,3482.4
10259154632659,45.10007974,7915130880,16994447360,8042881024,92958375936,47.2,1360.2,111,3482.4
10259204623672,45.150070753,7841611776,16994447360,7905898496,93095358464,39.6,1140.7,111,3482.4
10259254674788,45.200121869,7782387712,16742780928,7779971072,93221285888,39.6,1174.2,111,3482.4
10259304649371,45.250096452,7616249856,16576643072,7673409536,93327847424,46.2,1324.1,111,3482.4
10259354641396,45.300088477,7827165184,16793116672,7820238848,93181018112,53.8,1579.7,111,3482.4
10259404631357,45.350078438,8028798976,16994447360,7896346624,93104910336,43.4,1262.4,111,3482.4
10259454660031,45.400107112,8013033472,16994447360,7807385600,93193871360,42.1,1214.4,111,3482.4
10259504644512,45.450091593,7954771968,16994447360,7718187008,93283069952,41.1,1205.3,111,3482.4
10259554636737,45.500083818,7915130880,16994447360,7774097408,93227159552,40.8,1199.7,111,3482.4
10259604649230,45.550096311,7782387712,16742780928,7736680448,93264576512,40.3,1138.5,111,3918.9
10259654638510,45.600085591,7576608768,16576643072,7694102528,93307154432,48.4,1422.4,111,3918.9
10259704656324,45.650103405,7869493248,16994447360,7792947200,93208309760,52.8,1553.2,111,3918.9
10259754639372,45.700086453,7947010048,16994447360,7919054848,93082202112,45.9,1326.4,111,3918.9
10259804636587,45.750083668,7916752896,16994447360,8215035904,92786221056,45.6,1316.5,111,3918.9
10259854651144,45.800098225,7782391808,16742780928,8101494784,92899762176,39.0,1136.4,111,3918.9
10259904654250,45.850101331,8034058240,16994447360,8184143872,92817113088,45.3,1281.8,111,3918.9
10259954627439,45.90007452,7749877760,16742780928,7943643136,93057613824,43.1,1245.6,111,3918.9
10260004626588,45.950073669,7616253952,16576643072,7623921664,93377335296,48.7,1418.7,111,3918.9
10260054640995,46.000088076,7894663168,16994447360,7770234880,93231022080,52.5,1574.0,111,3918.9
10260104654891,46.050101972,8026705920,16994447360,7965347840,93035909120,43.0,1257.8,111,3401.7
10260154627890,46.100074971,7954776064,16994447360,8052867072,92948389888,45.9,1328.5,111,3401.7
10260204625065,46.150072146,7954776064,16994447360,7990419456,93010837504,40.6,1160.3,111,3401.7
10260254627169,46.20007425,7832727552,16994447360,7877292032,93123964928,44.0,1279.7,111,3401.7
10260304633871,46.250080952,7782391808,16742780928,7735623680,93265633280,42.5,1240.1,111,3401.7
10260354625035,46.300072116,7576612864,16576643072,7442739200,93558517760,48.4,1401.2,111,3401.7
10260404629443,46.350076524,7867179008,16994447360,7470866432,93530390528,53.1,1577.6,111,3401.7
10260454626828,46.400073909,8034062336,16994447360,7518347264,93482909696,42.8,1201.7,111,3401.7
10260504625756,46.450072837,7994421248,16994447360,7417192448,93584064512,44.1,1279.3,111,3401.7
10260554641005,46.500088086,7782395904,16742780928,7465984000,93535272960,41.1,1217.4,111,3401.7
10260604632238,46.550079319,8029974528,16994447360,7401574400,93599682560,44.7,1262.7,111,3401.7
10260654635815,46.600082896,7782395904,16742780928,7161847808,93839409152,42.1,1198.9,111,3816.8
10260704624043,46.650071124,7616258048,16576643072,6874624000,94126632960,46.9,1356.9,111,3816.8
10260754630255,46.700077336,7617212416,16591785984,6748434432,94252822528,52.2,1543.9,111,3816.8
10260804640053,46.750087134,8034066432,16994447360,7049576448,93951680512,46.3,1318.2,111,3816.8
10260854637438,46.800084519,7609499648,16591785984,6607265792,94393991168,35.6,1038.8,111,3816.8
10260904637548,46.850084629,8034066432,16994447360,6843408384,94157848576,45.6,1280.7,111,3816.8
10260954683014,46.900130095,7631405056,16591785984,6403694592,94597562368,36.1,1063.0,111,3816.8
10261004659750,46.950106831,8034066432,16994447360,6718513152,94282743808,42.8,1233.8,111,3816.8
10261054638340,47.000085421,7675654144,16675676160,6324408320,94676848640,39.9,1125.2,111,3816.8
10261104625015,47.050072096,7715295232,16675676160,6387367936,94613889024,53.8,1521.0,111,3816.8
10261154625956,47.100073037,7856848896,16994447360,6556647424,94444609536,49.7,1441.0,111,3816.8
10261204654480,47.150101561,7782400000,16742780928,6447349760,94553907200,40.6,1132.0,111,4091.7
10261254631527,47.200078608,7835860992,16994447360,6523473920,94477783040,44.0,1228.8,111,4091.7
10261304631407,47.250078488,7782400000,16742780928,6444101632,94557155328,40.7,1134.0,111,4091.7
10261354632469,47.30007955,7895568384,16994447360,6564610048,94436646912,42.8,1222.8,111,4091.7
10261404642317,47.350089398,7782400000,16742780928,6448033792,94553223168,41.9,1139.0,111,4091.7
10261454627669,47.40007475,7597871104,16559865856,6282366976,94718889984,48.1,1343.9,111,4091.7
10261504630735,47.450077816,7679533056,16793116672,6281076736,94720180224,53.8,1599.3,111,4091.7
10261554645202,47.500092283,8034066432,16994447360,6690856960,94310400000,45.0,1256.3,111,4091.7
10261604639442,47.550086523,7781613568,16793116672,6432292864,94568964096,39.5,1142.0,111,4091.7
10261654638760,47.600085841,8034066432,16994447360,6698856448,94302400512,45.7,1260.0,111,4091.7
10261704648478,47.650095559,7971213312,16994447360,6621843456,94379413504,41.0,1177.1,111,4091.7
10261754632438,47.700079519,8030908416,16994447360,6707015680,94294241280,40.5,1181.0,111,3532.2
10261804642697,47.750089778,7715299328,16675676160,6376972288,94624284672,42.9,1200.1,111,3532.2
10261854642186,47.800089267,7715299328,16675676160,6366134272,94635122688,53.8,1564.2,111,3532.2
10261904644030,47.850091111,8034074624,16994447360,6639742976,94361513984,47.5,1337.2,111,3532.2
10261954625094,47.900072175,7742767104,16742780928,6363373568,94637883392,43.0,1183.4,111,3532.2
10262004642367,47.950089448,8034074624,16994447360,6634065920,94367191040,42.1,1236.1,111,3532.2
10262054632108,48.000079189,7663484928,16742780928,6297313280,94703943680,42.5,1183.8,111,3532.2
10262104653037,48.050100118,8034074624,16994447360,6593552384,94407704576,44.1,1214.9,111,3532.2
10262154629172,48.100076253,7699152896,16675676160,6230220800,94771036160,39.0,1101.9,111,3532.2
10262204634442,48.150081523,7676321792,16675676160,6210609152,94790647808,54.1,1558.4,111,3532.2
10262254627729,48.20007481,7915151360,16994447360,6517944320,94483312640,52.5,1502.7,111,3532.2
10262304644781,48.250091862,7793106944,16793116672,6369824768,94631432192,37.7,1059.9,111,3327.7
10262354634892,48.300081973,7943548928,16994447360,6522073088,94479183872,44.7,1259.2,111,3327.7
10262404670018,48.350117099,7782412288,16742780928,6361825280,94639431680,41.1,1177.9,111,3327.7
10262454644691,48.400091772,8034078720,16994447360,6610067456,94391189504,44.0,1262.6,111,3327.7
10262504664047,48.450111128,7782412288,16742780928,6367760384,94633496576,41.5,1158.9,111,3327.7
10262554635453,48.500082534,7590518784,16608563200,6216544256,94784712704,47.8,1382.6,111,3327.7
10262604633910,48.550080991,7605198848,16608563200,6179385344,94821871616,54.1,1559.6,111,3327.7
10262654645181,48.600092262,8034078720,16994447360,6606196736,94395060224,46.3,1278.9,111,3327.7
10262704639190,48.650086271,7679528960,16793116672,6200029184,94801227776,39.9,1120.2,111,3327.7
10262754653347,48.700100428,8034078720,16994447360,6609018880,94392238080,45.0,1277.1,111,3327.7
10262804646634,48.750093715,7742349312,16793116672,6274330624,94726926336,42.8,1140.7,111,4040.7
10262854660370,48.800107451,8034078720,16994447360,6577049600,94424207360,44.3,1278.8,111,4040.7
10262904652455,48.850099536,7675666432,16675676160,6197719040,94803537920,37.1,1041.8,111,4040.7
10262954653707,48.900100788,7616274432,16576643072,6100942848,94900314112,51.6,1499.0,111,4040.7
10263004659518,48.950106599,7718998016,16793116672,6183776256,94817480704,53.1,1538.1,111,4040.7
10263054651262,49.000098343,8034082816,16994447360,6543495168,94457761792,44.0,1260.6,111,4040.7
10263104655510,49.050102591,7742775296,16742780928,6299123712,94702133248,38.4,1100.5,111,4040.7
10263154639320,49.100086401,8034082816,16994447360,6531883008,94469373952,41.8,1221.3,111,4040.7
10263204641925,49.150089006,7782416384,16742780928,6532165632,94469091328,39.6,1137.4,111,4040.7
10263254639480,49.200086561,8034082816,16994447360,7087484928,93913772032,47.8,1404.5,111,4040.7
10263304636134,49.250083215,7651409920,16675676160,7088775168,93912481792,46.9,1336.4,111,4040.7
10263354630203,49.300077284,7683284992,16679755776,7265710080,93735546880,51.6,1546.4,111,4033.1
10263404633649,49.35008073,8041701376,16998526976,7750840320,93250416640,51.9,1534.5,111,4033.1
10263454636013,49.400083094,7816835072,16746860544,7750840320,93250416640,44.0,1245.2,111,4033.1
10263504639820,49.450086901,8068501504,16998526976,8190812160,92810444800,47.5,1417.8,111,4033.1
10263554631064,49.500078145,7658270720,16746860544,8174555136,92826701824,43.4,1300.9,111,4033.1
10263604645231,49.550092312,8068501504,16998526976,8353640448,92647616512,46.9,1315.2,111,4033.1
10263654665659,49.60011274,7751684096,16681709568,8337125376,92664131584,47.8,1397.8,111,4033.1
10263704633779,49.65008086,7753011200,16683036672,8491008000,92510248960,51.3,1527.1,111,4033.1
10263754637927,49.700085008,8071782400,17001807872,8686608384,92314648576,48.4,1416.0,111,4033.1
10263804636945,49.750084026,7820120064,16750141440,8645578752,92355678208,42.1,1203.3,111,4033.1
10263854635011,49.800082092,8071786496,17001807872,8755249152,92246007808,45.3,1339.4,111,3809.4
10263904632286,49.850079367,7680651264,16750141440,8680259584,92320997376,45.3,1281.1,111,3809.4
10263954649198,49.900096279,8071786496,17001807872,8815476736,92185780224,46.3,1338.5,111,3809.4
10264004634500,49.950081581,7753015296,16683036672,8662712320,92338544640,45.9,1361.9,111,3809.4
10264054630653,50.000077734,7753015296,16683036672,8557170688,92444086272,52.5,1539.5,111,3809.4
10264104634019,50.0500811,8071786496,17001807872,8877838336,92123418624,51.3,1519.6,111,3809.4
10264154631184,50.100078265,7820120064,16750141440,8830357504,92170899456,43.0,1241.1,111,3809.4
10264204637085,50.150084166,8071786496,17001807872,9014427648,91986829312,46.2,1378.3,111,3809.4
10264254624260,50.200071341,7684845568,16750141440,9014341632,91986915328,45.0,1301.6,111,3809.4
10264304642114,50.250089195,8071786496,17001807872,9348771840,91652485120,48.4,1414.4,111,3809.4
10264354643977,50.300091058,7753015296,16683036672,9088917504,91912339456,46.5,1340.9,111,4160.4
10264404644658,50.350091739,7753015296,16683036672,9098207232,91903049728,51.9,1539.4,111,4160.4
10264454645019,50.4000921,8071786496,17001807872,9296117760,91705139200,50.6,1460.8,111,4160.4
10264504633638,50.450080719,7663583232,16599146496,9255088128,91746168832,44.9,1304.0,111,4160.4
10264554635611,50.500082692,8071786496,17001807872,9590243328,91411013632,48.4,1397.9,111,4160.4
10264604631824,50.550078905,8066600960,17001807872,9421062144,91580194816,48.1,1361.9,111,4160.4
10264654632435,50.600079516,7873581056,17001807872,9380507648,91620749312,44.0,1279.9,111,4160.4
10264704630491,50.650077572,7685902336,16615923712,9233100800,91768156160,46.5,1359.4,111,4160.4
10264754627115,50.700074196,7714209792,16683036672,9167814656,91833442304,51.2,1481.6,111,4160.4
10264804640981,50.750088062,8071786496,17001807872,9322172416,91679084544,49.0,1477.3,111,4160.4
10264854629018,50.800076099,7820120064,16750141440,9314328576,91686928384,45.0,1301.9,111,4160.4
10264904644978,50.850092059,8071786496,17001807872,9485410304,91515846656,48.1,1396.7,111,3432.1
10264954645319,50.9000924,7664918528,16599146496,9369804800,91631452160,44.7,1243.1,111,3432.1
10265004649827,50.950096908,8071790592,17001807872,9393803264,91607453696,45.3,1355.6,111,3432.1
10265054636652,51.000083733,7753019392,16683036672,9217814528,91783442432,48.4,1382.0,111,3432.1
10265104644327,51.050091408,7685906432,16615923712,8989442048,92011814912,54.1,1559.1,111,3432.1
10265154637163,51.100084244,8071790592,17001807872,9081438208,91919818752,49.7,1421.5,111,3432.1
10265204626333,51.150073414,7691141120,16750141440,8974581760,92026675200,45.2,1262.2,111,3432.1
10265254631452,51.200078533,8071790592,17001807872,9220243456,91781013504,48.4,1397.4,111,3432.1
10265304631001,51.250078082,7660969984,16599146496,9162698752,91838558208,41.8,1200.1,111,3432.1
10265354637373,51.300084454,8071790592,17001807872,9416359936,91584897024,47.8,1379.0,111,3432.1
10265404631823,51.350078904,7753023488,16683036672,9263853568,91737403392,43.9,1280.0,111,3432.1
10265454627164,51.400074245,7753023488,16683036672,9133539328,91867717632,52.8,1542.3,111,3936.8
10265504632825,51.450079906,8071798784,17001807872,9208115200,91793141760,51.9,1459.4,111,3936.8
10265554643284,51.500090365,7820132352,16750141440,9100980224,91900276736,41.5,1178.2,111,3936.8
10265604635900,51.550082981,8071798784,17001807872,9255809024,91745447936,48.7,1381.8,111,3936.8
10265654628035,51.600075116,7780491264,16750141440,9136058368,91865198592,46.5,1261.8,111,3936.8
10265704651169,51.65009825,8071798784,17001807872,9250918400,91750338560,45.9,1352.2,111,3936.8
10265754642202,51.700089283,7738093568,16683036672,9008095232,91993161728,47.2,1302.1,111,3936.8
10265804644907,51.750091988,7737434112,16683036672,8953290752,92047966208,53.1,1536.7,111,3936.8
10265854632173,51.800079254,7992516608,17001807872,8938835968,92062420992,54.1,1489.2,111,3936.8
10265904632553,51.850079634,7952875520,17001807872,8872677376,92128579584,40.3,1159.8,111,3936.8
10265954639626,51.900086707,7988690944,17001807872,9007894528,91993362432,46.5,1334.6,111,4412.9
10266004632663,51.950079744,7959588864,17001807872,8985444352,92015812608,48.1,1325.4,111,4412.9
10266054633795,52.000080876,7894192128,17001807872,8978423808,92022833152,47.2,1315.6,111,4412.9
10266104637733,52.050084814,7820136448,16750141440,8883720192,92117536768,44.7,1262.9,111,4412.9
10266154633084,52.100080165,7651033088,16581038080,8776392704,92224864256,50.3,1440.1,111,4412.9
10266204635448,52.150082529,7832801280,16800477184,9035214848,91966042112,54.3,1557.8,111,4412.9
10266254643653,52.200090734,7997341696,17001807872,9194717184,91806539776,48.1,1343.4,111,4412.9
10266304634977,52.250082058,7992520704,17001807872,9117302784,91883954176,48.7,1379.5,111,4412.9
10266354627403,52.300074484,7873597440,17001807872,8987189248,92014067712,41.4,1201.5,111,4412.9
10266404633153,52.350080234,7991054336,17001807872,8997535744,92003721216,49.4,1376.7,111,4412.9
10266454682466,52.400129547,7820136448,16750141440,9030631424,91970625536,39.7,1130.5,111,3669.5
10266504640888,52.450087969,7618805760,16615923712,8975138816,92026118144,51.6,1493.0,111,3669.5
10266554638363,52.500085444,7727493120,16800477184,8928432128,92072824832,54.7,1576.5,111,3669.5
10266604642411,52.550089492,8051867648,17001807872,9202966528,91798290432,47.5,1341.5,111,3669.5
10266654626791,52.600073872,7930236928,17001807872,9379471360,91621785600,52.2,1424.0,111,3669.5
10266704640817,52.650087898,7820136448,16750141440,9340248064,91661008896,45.9,1314.1,111,3669.5
10266754641599,52.70008868,8071802880,17001807872,9490280448,91510976512,49.7,1380.5,111,3669.5
10266804638493,52.750085574,7740858368,16750141440,9193254912,91808002048,44.4,1243.7,111,3669.5
10266854638974,52.800086055,7651037184,16581038080,9141125120,91860131840,50.9,1478.5,111,3669.5
10266904627993,52.850075074,8032165888,17001807872,9254047744,91747209216,56.0,1582.1,111,3669.5
10266954646918,52.900093999,7820140544,16750141440,9103179776,91898077184,42.1,1192.0,111,3669.5
10267004649142,52.950096223,8071811072,17001807872,9503670272,91497586688,51.3,1442.9,111,4128.5
10267054642800,53.000089881,7820144640,16750141440,9323548672,91677708288,44.7,1282.5,111,4128.5
10267104643251,53.050090332,8071811072,17001807872,9536688128,91464568832,49.0,1419.7,111,4128.5
10267154647268,53.100094349,7740370944,16683036672,9211318272,91789938688,45.0,1297.3,111,4128.5
10267204638081,53.150085162,7749664768,16683036672,9170620416,91830636544,53.1,1544.3,111,4128.5
10267254632300,53.200079381,8071811072,17001807872,9199366144,91801890816,50.0,1458.1,111,4128.5
10267304637379,53.25008446,7820144640,16750141440,9042202624,91959054336,44.3,1282.5,111,4128.5
10267354684678,53.300131759,8071811072,17001807872,9287229440,91714027520,46.2,1339.8,111,4128.5
10267404628002,53.350075083,7678578688,16750141440,9221427200,91779829760,45.6,1322.8,111,4128.5
10267454636999,53.40008408,8071811072,17001807872,9411608576,91589648384,45.7,1296.5,111,4128.5
10267504637078,53.450084159,7685926912,16683036672,9279746048,91721510912,44.3,1301.8,111,4128.5
10267554632299,53.50007938,7752097792,16683036672,9340600320,91660656640,52.5,1534.6,111,4154.2
10267604645234,53.550092315,8071811072,17001807872,9686544384,91314712576,52.2,1499.8,111,4154.2
10267654644542,53.600091623,7740862464,16750141440,9686544384,91314712576,48.1,1364.6,111,4154.2
10267704645794,53.650092875,8071811072,17001807872,9722155008,91279101952,47.5,1357.4,111,4154.2
10267754643199,53.70009028,7861784576,16800477184,9442304000,91558952960,44.7,1322.4,111,4154.2
10267804630676,53.750077757,8071811072,17001807872,9546747904,91454509056,45.0,1300.9,111,4154.2
10267854634884,53.800081965,7753039872,16683036672,9398321152,91602935808,44.9,1339.0,111,4154.2
10267904629924,53.850077005,7753039872,16683036672,9352273920,91648983040,52.8,1541.2,111,4154.2
10267954645834,53.900092915,8071811072,17001807872,9639997440,91361259520,50.0,1475.8,111,4154.2
10268004624654,53.950071735,7740862464,16750141440,9355493376,91645763584,43.3,1225.7,111,4154.2
10268054637167,54.000084248,8071811072,17001807872,9460576256,91540680704,45.3,1336.7,111,3586.6
10268104630144,54.050077225,7863377920,16800477184,9489477632,91511779328,45.9,1302.1,111,3586.6
10268154625555,54.100072636,7905079296,17001807872,9654280192,91346976768,48.4,1380.2,111,3586.6
10268204624664,54.150071745,7638740992,16615923712,9643700224,91357556736,50.0,1440.2,111,3586.6
10268254642276,54.200089357,7851229184,16800477184,9566801920,91434455040,53.1,1591.4,111,3586.6
10268304635474,54.250082555,8071815168,17001807872,9644941312,91356315648,44.9,1303.6,111,3586.6
10268354630765,54.300077846,7913250816,17001807872,9632669696,91368587264,46.5,1382.2,111,3586.6
10268404639982,54.350087063,7820152832,16750141440,9617186816,91384070144,43.8,1238.6,111,3586.6
10268454628600,54.400075681,8071819264,17001807872,9721831424,91279425536,48.4,1403.3,111,3586.6
10268504636325,54.450083406,7820152832,16750141440,9505067008,91496189952,40.5,1179.0,111,3586.6
10268554637176,54.500084257,7600852992,16581038080,9354141696,91647115264,49.7,1477.7,111,3919.3
10268604634902,54.550081983,8005754880,17001807872,9581432832,91419824128,53.8,1540.4,111,3919.3
10268654639049,54.60008613,7820156928,16750141440,9470582784,91530674176,43.5,1239.2,111,3919.3
10268704649138,54.650096219,8071823360,17001807872,9534742528,91466514432,48.7,1414.0,111,3919.3
10268754645070,54.700092151,7820156928,16750141440,9244938240,91756318720,38.6,1145.1,111,3919.3
10268804641013,54.750088094,7950880768,17001807872,9086226432,91915030528,44.3,1258.9,111,3919.3
10268854633929,54.80008101,7820156928,16750141440,8993652736,92007604224,39.6,1142.5,111,3919.3
10268904633989,54.85008107,7618826240,16615923712,8915464192,92085792768,49.1,1460.1,111,3919.3
10268954656040,54.900103121,7716864000,16800477184,8946638848,92054618112,53.5,1552.8,111,3919.3
10269004648156,54.950095237,8071823360,17001807872,9090674688,91910582272,45.2,1323.5,111,3919.3
10269054627276,55.000074357,7930257408,17001807872,9242923008,91758333952,51.3,1443.7,111,3919.3
10269104650700,55.050097781,7820156928,16750141440,9286262784,91714994176,45.3,1273.8,111,4078.5
10269154647955,55.100095036,8071823360,17001807872,9329598464,91671658496,48.4,1341.8,111,4078.5
10269204643085,55.150090166,7820161024,16750141440,9169141760,91832115200,44.3,1243.5,111,4078.5
10269254671088,55.200118169,7600857088,16530706432,8851996672,92149260288,50.0,1407.3,111,4078.5
10269304640009,55.25008709,7927672832,17001807872,8925278208,92075978752,55.6,1567.1,111,4078.5
10269354634409,55.30008149,7970103296,17001807872,8927084544,92074172416,44.9,1266.7,111,4078.5
10269404625281,55.350072362,7970107392,17001807872,8712118272,92289138688,45.9,1260.5,111,4078.5
10269454646491,55.400093572,7820161024,16750141440,8524259328,92476997632,39.8,1136.1,111,4078.5
10269504641131,55.450088212,8022253568,17001807872,8627073024,92374183936,47.2,1320.5,111,4078.5
10269554637434,55.500084515,7820161024,16750141440,8657051648,92344205312,45.9,1322.1,111,4078.5
10269604624039,55.55007112,7617605632,16564260864,8575508480,92425748480,52.2,1499.6,111,4078.5
10269654655107,55.600102188,8012218368,17001807872,8714170368,92287086592,54.7,1556.0,111,4007.5
10269704659284,55.650106365,7820161024,16750141440,8847093760,92154163200,46.8,1299.7,111,4007.5
10269754642443,55.700089524,8044761088,17001807872,8960827392,92040429568,49.4,1400.4,111,4007.5
10269804648354,55.750095435,7820161024,16750141440,8773599232,92227657728,44.9,1239.9,111,4007.5
10269854636000,55.800083081,8071827456,17001807872,8945274880,92055982080,49.0,1402.0,111,4007.5
10269904638775,55.850085856,7820161024,16750141440,8925401088,92075855872,45.3,1241.7,111,4007.5
10269954630910,55.900077991,7651057664,16581038080,8652496896,92348760064,49.7,1442.1,111,4007.5
10270004630710,55.950077791,7669170176,16599146496,8529661952,92471595008,52.8,1524.0,111,4007.5
10270054641981,56.000089062,8071831552,17001807872,8704315392,92296941568,48.1,1349.8,111,4007.5
10270104639697,56.050086778,7654723584,16599146496,8377372672,92623884288,40.3,1142.1,111,4007.5
10270154634787,56.100081868,8071835648,17001807872,8577232896,92424024064,46.2,1319.9,111,4007.5
10270204637071,56.150084152,7664099328,16599146496,8301940736,92699316224,43.0,1179.2,111,4039.5
10270254640257,56.200087338,8071835648,17001807872,8485412864,92515844096,46.9,1341.0,111,4039.5
10270304628134,56.250075215,7618838528,16548810752,8065159168,92936097792,35.8,998.6,111,4039.5
10270354628585,56.300075666,7604289536,16581038080,8071929856,92929327104,53.1,1522.0,111,4039.5
10270404634656,56.350081737,7952912384,17001807872,8299024384,92702232576,53.2,1560.4,111,4039.5
10270454649384,56.400096465,7820169216,16750141440,8301424640,92699832320,43.2,1178.9,111,4039.5
10270504637712,56.450084793,8071835648,17001807872,8426061824,92575195136,50.3,1399.6,111,4039.5
10270554630127,56.500077208,7820169216,16750141440,8406634496,92594622464,45.2,1282.8,111,4039.5
10270604636028,56.550083109,8071835648,17001807872,8551657472,92449599488,46.3,1318.8,111,4039.5
10270654621982,56.600069063,7618838528,16548810752,8321994752,92679262208,44.1,1221.4,111,4039.5
10270704642279,56.65008936,7600865280,16530706432,8203034624,92798222336,53.2,1537.2,111,3931.3
10270754631539,56.70007862,7940755456,17001807872,8456695808,92544561152,54.4,1562.6,111,3931.3
10270804640746,56.750087827,7820169216,16750141440,8373088256,92628168704,42.8,1178.6,111,3931.3
10270854636638,56.800083719,8071835648,17001807872,8586506240,92414750720,47.2,1338.1,111,3931.3
10270904638862,56.850085943,7820169216,16750141440,8418533376,92582723584,43.7,1242.0,111,3931.3
10270954635897,56.900082978,8071835648,17001807872,8502366208,92498890752,45.2,1279.3,111,3931.3
10271004634594,56.950081675,7701245952,16750141440,8411533312,92589723648,45.9,1280.7,111,3931.3
10271054651275,57.000098356,7618838528,16548810752,8570748928,92430508032,50.9,1502.1,111,3931.3
10271104640264,57.050087345,7883902976,17001807872,8715833344,92285423616,50.9,1488.2,111,3931.3
10271154642498,57.100089579,7820169216,16750141440,8593002496,92408254464,43.5,1246.0,111,3931.3
10271204638080,57.150085161,8071835648,17001807872,8755003392,92246253568,46.5,1339.0,111,3931.3
10271254659790,57.200106871,7820169216,16750141440,8705564672,92295692288,41.9,1177.4,111,3984.9
10271304654701,57.250101782,8071839744,17001807872,8718725120,92282531840,42.9,1241.1,111,3984.9
10271354637118,57.300084199,7820173312,16750141440,8718725120,92282531840,44.4,1282.4,111,3984.9
10271404631998,57.350079079,7621070848,16581038080,8720015360,92281241600,49.4,1442.8,111,3984.9
10271454644131,57.400091212,8016486400,17001807872,8802848768,92198408192,53.4,1571.9,111,3984.9
10271504628521,57.450075602,7873634304,17001807872,8763293696,92237963264,43.9,1268.1,111,3984.9
10271554630515,57.500077596,7870509056,16800477184,8884424704,92116832256,46.6,1336.0,111,3984.9
10271604640012,57.550087093,7820173312,16750141440,8773718016,92227538944,45.3,1301.5,111,3984.9
10271654634702,57.600081783,8071839744,17001807872,9151205376,91850051584,50.3,1460.4,111,3984.9
10271704632798,57.650079879,7820177408,16750141440,9151205376,91850051584,42.1,1199.5,111,3984.9
10271754649099,57.70009618,7651074048,16581038080,8911994880,92089262080,49.7,1476.2,111,3984.9
10271804654529,57.75010161,7880318976,17001807872,8921272320,92079984640,51.9,1514.9,111,3917.4
10271854640352,57.800087433,8032206848,17001807872,8938557440,92062699520,45.0,1307.7,111,3917.4
10271904641895,57.850088976,8045084672,17001807872,8711593984,92289662976,43.5,1218.4,111,3917.4
10271954630263,57.900077344,7873642496,17001807872,8652644352,92348612608,42.4,1263.7,111,3917.4
10272004630363,57.950077444,7992565760,17001807872,8700125184,92301131776,47.5,1359.0,111,3917.4
10272054629170,58.000076251,7854784512,16800477184,8760164352,92241092608,39.9,1180.9,111,3917.4
10272104636213,58.050083294,7685963776,16615923712,8700575744,92300681216,46.3,1375.9,111,3917.4
10272154640912,58.100087993,7638773760,16615923712,8703672320,92297584640,53.1,1562.5,111,3917.4
10272204673904,58.150120985,8071847936,17001807872,8953196544,92048060416,45.9,1334.6,111,3917.4
10272254640611,58.200087692,7817158656,16800477184,8962486272,92038770688,44.0,1281.2,111,3917.4
10272304632105,58.250079186,8071847936,17001807872,9041305600,91959951360,45.6,1285.4,111,3917.4
10272354632145,58.300079226,7870517248,16800477184,8938946560,92062310400,43.4,1196.8,111,4415.3
10272404640400,58.350087481,8071847936,17001807872,9015115776,91986141184,43.7,1281.2,111,4415.3
10272454632515,58.400079596,7714275328,16683036672,8846094336,92155162624,46.5,1361.1,111,4415.3
10272504646150,58.450093231,7685967872,16615923712,8620560384,92380696576,53.4,1559.0,111,4415.3
10272554644988,58.500092069,8071852032,17001807872,8802394112,92198862848,47.8,1400.5,111,4415.3
10272604626543,58.550073624,7701262336,16750141440,8637243392,92364013568,42.1,1181.6,111,4415.3
10272654643435,58.600090516,8071852032,17001807872,8920838144,92080418816,46.5,1375.8,111,4415.3
10272704633446,58.650080527,8032210944,17001807872,9099030528,91902226432,49.7,1402.7,111,4415.3
10272754625811,58.700072892,7873646592,17001807872,8935800832,92065456128,41.1,1242.4,111,4415.3
10272804648403,58.750095484,7685967872,16615923712,8788332544,92212924416,47.2,1355.7,111,4415.3
10272854638154,58.800085235,7646326784,16615923712,8587902976,92413353984,52.8,1582.2,111,3638.2
10272904636070,58.850083151,8071852032,17001807872,8634134528,92367122432,45.9,1339.8,111,3638.2
10272954691904,58.900138985,7814934528,16750141440,8601751552,92399505408,42.1,1214.8,111,3638.2
10273004635659,58.95008274,8071852032,17001807872,8547774464,92453482496,46.5,1305.4,111,3638.2
10273054631381,59.000078462,7701262336,16750141440,8303165440,92698091520,44.1,1221.5,111,3638.2
10273104641720,59.050088801,8071852032,17001807872,8437170176,92564086784,45.6,1295.6,111,3638.2
10273154640908,59.100087989,7753084928,16683036672,8457379840,92543877120,47.5,1359.1,111,3638.2
10273204646709,59.15009379,7685971968,16615923712,8635932672,92365324288,53.8,1502.0,111,3638.2
10273254653411,59.200100492,8071856128,17001807872,8898002944,92103254016,51.2,1440.1,111,3638.2
10273304625268,59.250072349,7820193792,16750141440,8898002944,92103254016,44.4,1203.9,111,3638.2
10273354661406,59.300108487,8071860224,17001807872,8918900736,92082356224,47.5,1352.8,111,3656.9
10273404646488,59.350093569,7820193792,16750141440,8819802112,92181454848,42.8,1144.4,111,3656.9
10273454632732,59.400079813,8071860224,17001807872,8741097472,92260159488,46.8,1359.9,111,3656.9
10273504647158,59.450094239,7820193792,16750141440,8584167424,92417089536,42.5,1177.0,111,3656.9
10273554641247,59.500088328,7651090432,16581038080,8337985536,92663271424,50.0,1421.8,111,3656.9
10273604643411,59.550090492,7903920128,17001807872,8511393792,92489863168,53.8,1555.6,111,3656.9
10273654635807,59.600082888,8071860224,17001807872,8573042688,92428214272,45.9,1286.0,111,3656.9
10273704639914,59.650086995,7947030528,17001807872,8277549056,92723707904,43.1,1238.0,111,3656.9
10273754646596,59.700093677,8071860224,17001807872,8384102400,92617154560,44.7,1259.2,111,3656.9
10273804641106,59.750088187,7746445312,16800477184,8093843456,92907413504,39.3,1080.3,111,3656.9
10273854656264,59.800103345,8071860224,17001807872,8185565184,92815691776,45.9,1280.1,111,3656.9
10273904636026,59.850083107,7685632000,16615923712,7740014592,93261242368,36.5,1021.2,111,3969.9
10273954629534,59.900076615,7600889856,16581038080,7535898624,93465358336,52.8,1522.0,111,3969.9
10274004630235,59.950077316,8032219136,17001807872,7836975104,93164281856,54.4,1579.4,111,3969.9
10274054630264,60.000077345,7820193792,16750141440,7813713920,93187543040,40.6,1152.8,111,3969.9
10274104630354,60.050077435,7952936960,17001807872,7750115328,93251141632,48.4,1389.0,111,3969.9
10274154642317,60.100089398,7820193792,16750141440,7534903296,93466353664,39.1,1057.9,111,3969.9
10274204626367,60.150073448,7984820224,17001807872,7517872128,93483384832,47.8,1382.4,111,3969.9
10274254639862,60.200086943,8032219136,17001807872,7518490624,93482766336,40.0,1138.1,111,3969.9
10274304638459,60.25008554,7753089024,16683036672,7439777792,93561479168,43.9,1258.3,111,3969.9
10274354643258,60.300090339,7753089024,16683036672,7414231040,93587025920,54.1,1580.5,111,3969.9
10274404644410,60.350091491,8071860224,17001807872,7686406144,93314850816,50.9,1438.9,111,4118.6
10274454640282,60.400087363,7820197888,16750141440,7476719616,93524537344,44.9,1202.5,111,4118.6
10274504643678,60.450090759,8071864320,17001807872,7602130944,93399126016,44.1,1277.1,111,4118.6
10274554664757,60.500111838,7820197888,16750141440,7577235456,93424021504,43.1,1200.1,111,4118.6
10274604654598,60.550101679,8071864320,17001807872,7978242048,93023014912,48.4,1360.4,111,4118.6
10274654626886,60.600073967,7718477824,16750141440,7738613760,93262643200,43.8,1223.6,111,4118.6
10274704630021,60.650077102,7660347392,16615923712,7886733312,93114523648,52.5,1537.6,111,4118.6
10274754625693,60.700072774,7873662976,17001807872,8001048576,93000208384,51.6,1464.1,111,4118.6
10274804651221,60.750098302,7820201984,16750141440,7852691456,93148565504,43.1,1194.1,111,4118.6
10274854628588,60.800075669,7874064384,17001807872,7726125056,93275131904,43.7,1242.6,111,4118.6
10274904648335,60.850095416,7820206080,16750141440,7568510976,93432745984,43.7,1196.4,111,3914.8
10274954646902,60.900093983,8020729856,17001807872,7846809600,93154447360,47.2,1320.7,111,3914.8
10275004662641,60.950109722,7820206080,16750141440,7863582720,93137674240,44.0,1241.1,111,3914.8
10275054659214,61.000106295,7651102720,16581038080,7829004288,93172252672,50.6,1479.7,111,3914.8
10275104647923,61.050095004,7861551104,16800477184,7877775360,93123481600,53.1,1562.6,111,3914.8
10275154628777,61.100075858,8062423040,17001807872,7994732544,93006524416,43.4,1262.3,111,3914.8
10275204643274,61.150090355,8032231424,17001807872,8182849536,92818407424,44.7,1318.4,111,3914.8
10275254640018,61.200087099,7820206080,16750141440,7935369216,93065887744,40.0,1132.5,111,3914.8
10275304631692,61.250078773,7888363520,17001807872,7973740544,93027516416,45.6,1329.3,111,3914.8
10275354649104,61.300096185,7820206080,16750141440,7912325120,93088931840,41.6,1177.0,111,3914.8
10275404823120,61.350270201,7618875392,16548810752,7657615360,93343641600,48.1,1414.4,111,3928.1
10275454646960,61.400094041,7705640960,16800477184,7631904768,93369352192,53.2,1567.1,111,3928.1
10275504642190,61.450089271,8071872512,17001807872,8060203008,92941053952,46.2,1342.4,111,3928.1
10275554642371,61.500089452,7765725184,16800477184,8089100288,92912156672,39.4,1139.3,111,3928.1
10275604630087,61.550077168,8071876608,17001807872,8431271936,92569985024,47.5,1342.4,111,3928.1
10275654653751,61.600100832,8003788800,17001807872,8304345088,92696911872,45.1,1271.8,111,3928.1
10275704639665,61.650086746,8071876608,17001807872,8330866688,92670390272,41.1,1226.2,111,3928.1
10275754639344,61.700086425,7753105408,16683036672,8262225920,92739031040,43.8,1258.5,111,3928.1
10275804642490,61.750089571,7685992448,16615923712,8317554688,92683702272,53.1,1537.9,111,3928.1
10275854637630,61.800084711,8071876608,17001807872,8740741120,92260515840,49.7,1461.6,111,3928.1
10275904637289,61.85008437,7862976512,16800477184,8680357888,92320899072,45.6,1341.7,111,3928.1
10275954635856,61.900082937,8032235520,17001807872,8738418688,92262838272,44.4,1301.0,111,3679.5
10276004635759,61.95008284,8062164992,17001807872,8829181952,92172075008,46.0,1299.1,111,3679.5
10276054622763,62.000069844,7913312256,17001807872,8740671488,92260585472,43.7,1263.0,111,3679.5
10276104627391,62.050074472,7685992448,16615923712,8431529984,92569726976,46.3,1350.5,111,3679.5
10276154646897,62.100093978,7687319552,16617250816,8466202624,92535054336,53.5,1563.6,111,3679.5
10276204641386,62.150088467,8073207808,17003134976,8747900928,92253356032,47.8,1421.1,111,3679.5
10276254638329,62.20008541,7787741184,16801804288,8587395072,92413861888,43.0,1241.2,111,3679.5
10276304633650,62.250080731,8063758336,17003134976,8736804864,92264452096,43.7,1282.6,111,3679.5
10276354634741,62.300081822,7914643456,17003134976,8818745344,92182511616,46.3,1358.2,111,3679.5
10276404648676,62.350095757,7821549568,16751468544,8672944128,92328312832,41.6,1178.0,111,3679.5
10276454641041,62.400088122,7620218880,16617250816,8751874048,92249382912,48.7,1444.3,111,4149.4
10276504638188,62.450085269,7620218880,16550137856,8744136704,92257120256,52.8,1531.4,111,4149.4
10276554666469,62.50011355,8073216000,17003134976,8960634880,92040622080,46.9,1343.1,111,4149.4
10276604640205,62.550087286,8003633152,17003134976,9076514816,91924742144,48.1,1362.3,111,4149.4
10276654630783,62.600077864,7858249728,16801804288,9088643072,91912613888,45.6,1302.6,111,4149.4
10276704637262,62.650084343,8070586368,17003134976,9283047424,91718209536,49.4,1398.4,111,4149.4
10276754631678,62.700078759,7821549568,16751468544,9200717824,91800539136,45.9,1321.5,111,4149.4
10276804657064,62.750104145,7655313408,16585232384,8950398976,92050857984,49.1,1436.6,111,4149.4
10276854644937,62.800092018,8071331840,17003134976,8962908160,92038348800,54.0,1581.1,111,4149.4
10276904628662,62.850075743,7887605760,17003134976,8716959744,92284297216,40.8,1202.4,111,4149.4
10276954629882,62.900076963,7993933824,17003134976,8642121728,92359135232,45.0,1239.8,111,4149.4
10277004645238,62.950092319,7821549568,16751468544,8409104384,92592152576,38.0,1137.0,111,4159.6
10277054638441,63.000085522,7938342912,17003134976,8385056768,92616200192,46.6,1301.1,111,4159.6
10277104635893,63.050082974,7821549568,16751468544,8253280256,92747976704,44.7,1240.2,111,4159.6
10277154653394,63.100100475,7621935104,16568455168,7953190912,93048066048,47.8,1397.9,111,4159.6
10277204640565,63.150087646,7700004864,16801804288,8009814016,92991442944,54.7,1558.8,111,4159.6
10277254640682,63.200087763,8061669376,17003134976,8256507904,92744749056,50.0,1361.7,111,4159.6
10277304652221,63.250099302,7970172928,17003134976,8318521344,92682735616,43.9,1256.7,111,4159.6
10277354644463,63.300091544,7910674432,17003134976,8431546368,92569710592,45.6,1304.7,111,4159.6
10277404633248,63.350080329,7937941504,17003134976,8476446720,92524810240,45.6,1298.8,111,4159.6
10277454643594,63.400090675,7821549568,16751468544,8289001472,92712255488,41.1,1141.4,111,4159.6
10277504632596,63.450079677,7637700608,16568455168,8030851072,92970405888,48.8,1398.8,111,4159.6
10277554634753,63.500081834,7629656064,16617250816,7964790784,93036466176,54.7,1580.6,111,3978.3
10277604645276,63.550092357,8073220096,17003134976,8251764736,92749492224,48.7,1355.9,111,3978.3
10277654626062,63.600073143,7670562816,16801804288,7822471168,93178785792,43.4,1165.7,111,3978.3
10277704636164,63.650083245,8073220096,17003134976,8124960768,92876296192,45.9,1298.1,111,3978.3
10277754634363,63.700081444,7947382784,17003134976,8142880768,92858376192,46.0,1239.6,111,3978.3
10277804634927,63.750082008,7993937920,17003134976,8276291584,92724965376,45.9,1320.7,111,3978.3
10277854635471,63.800082552,7754448896,16684363776,8055275520,92945981440,44.0,1258.9,111,3978.3
10277904635423,63.850082504,7754448896,16684363776,7930331136,93070925824,54.7,1558.6,111,3978.3
10277954640936,63.900088017,8073224192,17003134976,7986966528,93014290432,49.4,1377.9,111,3978.3
10278004643354,63.950090435,7821557760,16751468544,7945687040,93055569920,45.0,1281.2,111,3978.3
10278054642485,64.000089566,8073224192,17003134976,7861305344,93139951616,43.1,1237.5,111,4344.4
10278104647397,64.050094478,7821561856,16751468544,7633596416,93367660544,41.4,1162.9,111,4344.4
10278154649614,64.100096695,8073228288,17003134976,7796252672,93205004288,45.6,1300.4,111,4344.4
10278204624639,64.15007172,7781920768,16751468544,7554707456,93446549504,44.1,1182.5,111,4344.4
10278254636394,64.200083475,7655325696,16585232384,7488905216,93512351744,52.2,1498.6,111,4344.4
10278304651596,64.250098677,8003100672,17003134976,7618703360,93382553600,54.4,1570.7,111,4344.4
10278354636410,64.300083491,7914663936,17003134976,7602847744,93398409216,45.2,1287.8,111,4344.4
10278404630090,64.350077171,7958925312,17003134976,7576268800,93424988160,44.9,1240.5,111,4344.4
10278454641505,64.400088586,7821561856,16751468544,7615373312,93385883648,41.2,1133.9,111,4344.4
10278504652264,64.450099345,8073228288,17003134976,8000303104,93000953856,51.3,1480.3,111,4344.4
10278554635321,64.500082402,7715647488,16751468544,7787147264,93214109696,45.9,1246.2,111,4344.4
10278604637433,64.550084514,7622369280,16568455168,7637164032,93364092928,49.4,1436.3,111,4011.3
10278654643404,64.600090485,7820972032,16801804288,7797669888,93203587072,54.4,1539.1,111,4011.3
10278704636349,64.65008343,8011354112,17003134976,8013979648,92987277312,47.2,1324.5,111,4011.3
10278754635246,64.700082327,8069791744,17003134976,8048656384,92952600576,46.6,1278.4,111,4011.3
10278804633451,64.750080532,7889719296,17003134976,8034205696,92967051264,49.0,1260.6,111,4011.3
10278854636455,64.800083536,8000872448,17003134976,8202293248,92798963712,69.8,1296.1,111,4011.3
10278904631505,64.850078586,7875026944,17003134976,8212615168,92788641792,50.3,1205.4,111,4011.3
10278954642134,64.900089215,7687348224,16617250816,8096935936,92904321024,52.5,1394.7,111,4011.3
10279004629879,64.95007696,7687348224,16617250816,8057438208,92943818752,54.4,1579.3,111,4011.3
10279054649376,65.000096457,8073232384,17003134976,8247717888,92753539072,48.7,1376.9,111,4011.3
10279104629797,65.050076878,7623360512,16751468544,8162394112,92838862848,42.3,1228.8,111,4011.3
10279154645957,65.100093038,8073232384,17003134976,8523403264,92477853696,47.2,1390.9,111,3415.1
10279204641537,65.150088618,7956688896,17003134976,8475664384,92525592576,47.2,1342.0,111,3415.1
10279254636717,65.200083798,7929565184,17003134976,8592044032,92409212928,46.5,1363.8,111,3415.1
10279304638609,65.25008569,7687348224,16617250816,8356433920,92644823040,45.6,1296.1,111,3415.1
10279354632466,65.300079547,7687348224,16617250816,8297353216,92703903744,53.2,1547.4,111,3415.1
10279404633878,65.350080959,8073236480,17003134976,8690872320,92310384640,48.8,1417.7,111,3415.1
10279454632183,65.400079264,7706705920,16801804288,8609570816,92391686144,44.0,1278.9,111,3415.1
10279504664891,65.450111972,8073236480,17003134976,8939368448,92061888512,45.9,1316.2,111,3415.1
10279554636592,65.500083673,8013463552,17003134976,8995364864,92005892096,48.1,1404.9,111,3415.1
10279604645243,65.550092324,7821574144,16751468544,8893485056,92107771904,41.9,1176.5,111,3415.1
10279654640078,65.600087159,7686303744,16617250816,8881000448,92120256512,49.1,1422.9,111,3415.1
10279704655292,65.650102373,7666778112,16600473600,8893386752,92107870208,53.1,1558.4,111,4098.0
10279754652672,65.700099753,8073240576,17003134976,9201795072,91799461888,46.2,1336.8,111,4098.0
10279804640364,65.750087445,7835357184,16801804288,9084555264,91916701696,43.0,1234.0,111,4098.0
10279854636491,65.800083572,8073240576,17003134976,9194225664,91807031296,46.8,1313.0,111,4098.0
10279904634873,65.850081954,7684878336,16801804288,9159630848,91841626112,42.8,1260.1,111,4098.0
10279954653784,65.900100865,8073240576,17003134976,9407098880,91594158080,46.2,1337.1,111,4098.0
10280004645323,65.950092404,7754469376,16684363776,9144238080,91857018880,43.5,1240.4,111,4098.0
10280054642492,66.000089573,7754469376,16684363776,9312878592,91688378368,53.2,1561.6,111,4098.0
10280104642918,66.050089999,8073240576,17003134976,9537699840,91463557120,49.7,1439.1,111,4098.0
10280154652021,66.100099102,7821574144,16751468544,9374081024,91627175936,40.6,1179.8,111,4098.0
10280204652056,66.150099137,8073240576,17003134976,9390338048,91610918912,44.1,1257.8,111,4098.0
10280254662621,66.200109702,7821574144,16751468544,9373724672,91627532288,43.0,1240.9,111,3710.0
10280304645022,66.250092103,8073240576,17003134976,9619386368,91381870592,48.8,1401.1,111,3710.0
10280354629517,66.300076598,7714828288,16684363776,9263378432,91737878528,43.4,1243.3,111,3710.0
10280404635634,66.350082715,7752392704,16684363776,9173319680,91827937280,52.2,1559.6,111,3710.0
10280454632232,66.400079313,8073240576,17003134976,9415172096,91586084864,51.6,1517.1,111,3710.0
10280504652212,66.450099293,7821574144,16751468544,9208717312,91792539648,42.8,1237.5,111,3710.0
10280554642494,66.500089575,8073240576,17003134976,9318367232,91682889728,49.1,1403.2,111,3710.0
10280604634560,66.550081641,7821574144,16751468544,9109331968,91891924992,44.3,1260.2,111,3710.0
10280654635894,66.600082975,8073240576,17003134976,9154813952,91846443008,44.7,1261.0,111,3710.0
10280704624994,66.650072075,7772282880,16751468544,8990162944,92011094016,40.3,1121.8,111,3710.0
10280754630315,66.700077396,7610658816,16585232384,9052454912,91948802048,49.7,1497.3,111,3710.0
10280804634614,66.750081695,7914676224,17003134976,9106386944,91894870016,51.3,1500.9,111,4230.0
10280854656768,66.800103849,7821578240,16751468544,8923787264,92077469696,41.9,1172.7,111,4230.0
10280904630689,66.85007777,7914680320,17003134976,8865869824,92135387136,46.5,1329.5,111,4230.0
10280954649927,66.900097008,7821578240,16751468544,8948187136,92053069824,42.1,1214.3,111,4230.0
10281006132154,66.951579235,8034316288,17003134976,8977338368,92023918592,40.4,1184.9,111,4230.0
10281054626264,67.000073345,7937966080,17003134976,8897150976,92104105984,42.2,1160.0,111,4230.0
10281104633609,67.05008069,7687368704,16684363776,8557301760,92443955200,47.8,1377.6,111,4230.0
10281154666253,67.100113334,7687368704,16617250816,8479084544,92522172416,53.8,1535.0,111,4230.0
10281204641145,67.150088226,8073252864,17003134976,8820633600,92180623360,49.4,1422.7,111,4230.0
10281254636798,67.200083879,7821586432,16751468544,8562503680,92438753280,41.2,1100.5,111,4230.0
10281304646207,67.250093288,8073252864,17003134976,8774995968,92226260992,46.9,1337.6,111,3703.0
10281354644425,67.300091506,7821586432,16751468544,8774877184,92226379776,44.1,1202.3,111,3703.0
10281404644125,67.350091206,8073252864,17003134976,9022345216,91978911744,48.4,1358.3,111,3703.0
10281454629829,67.40007691,7688097792,16684363776,8890241024,92111015936,45.6,1280.6,111,3703.0
10281504630909,67.45007799,7754481664,16684363776,8998879232,92002377728,54.4,1544.1,111,3703.0
10281554632419,67.5000795,8061829120,17003134976,9059766272,91941490688,51.9,1477.6,111,3703.0
10281604641954,67.550089035,7821586432,16751468544,8869433344,92131823616,43.4,1198.1,111,3703.0
10281654647502,67.600094583,8073252864,17003134976,9207463936,91793793024,48.7,1398.4,111,3703.0
10281704632691,67.650079772,7821586432,16751468544,9116360704,91884896256,45.0,1244.7,111,3703.0
10281754633119,67.7000802,8073252864,17003134976,9062936576,91938320384,47.5,1319.1,111,3703.0
10281804637675,67.750084756,7656255488,16617250816,8859287552,92141969408,44.0,1239.9,111,3703.0
10281854630829,67.80007791,7714840576,16684363776,8956215296,92045041664,54.7,1562.0,111,4017.4
10281904637809,67.85008489,8073252864,17003134976,9048322048,91952934912,53.1,1475.0,111,4017.4
10281954639770,67.900086851,7821590528,16751468544,8841568256,92159688704,42.5,1158.5,111,4017.4
10282004639888,67.950086969,8073256960,17003134976,8863399936,92137857024,46.5,1342.4,111,4017.4
10282054658030,68.000105111,7821590528,16751468544,8621867008,92379389952,43.5,1198.7,111,4017.4
10282104642808,68.050089889,8073256960,17003134976,9023873024,91977383936,49.4,1360.2,111,4017.4
10282154634148,68.100081229,7820533760,16751468544,9023873024,91977383936,44.3,1244.0,111,4017.4
10282204654885,68.150101966,7655354368,16585232384,8799113216,92202143744,51.6,1475.1,111,4017.4
10282254649663,68.200096744,8039682048,17003134976,8942329856,92058927104,55.0,1558.4,111,4017.4
10282304630262,68.250077343,8073256960,17003134976,8935190528,92066066432,42.4,1186.3,111,4017.4
10282354645108,68.300092189,8015630336,17003134976,8947318784,92053938176,44.1,1231.7,111,4055.7
10282404642911,68.350089992,7908618240,17003134976,9032859648,91968397312,46.2,1305.7,111,4055.7
10282454635043,68.400082124,7954333696,17003134976,9103949824,91897307136,48.1,1303.1,111,4055.7
10282504652430,68.450099511,7821590528,16751468544,8980602880,92020654080,42.2,1176.1,111,4055.7
10282554787052,68.500234133,7620259840,16550137856,8898543616,92102713344,50.6,1460.3,111,4055.7
10282604646235,68.550093316,7657349120,16600473600,8901963776,92099293184,55.3,1579.0,111,4055.7
10282654642521,68.600089602,8073261056,17003134976,9294450688,91706806272,50.6,1403.8,111,4055.7
10282704632355,68.650079436,7863025664,16801804288,9117687808,91883569152,43.7,1240.9,111,4055.7
10282754626236,68.700073317,8057524224,17003134976,9144008704,91857248256,46.6,1280.3,111,4055.7
10282804653312,68.750100393,8000839680,17003134976,8994598912,92006658048,45.7,1272.0,111,4055.7
10282854634669,68.80008175,8073265152,17003134976,9021014016,91980242944,44.6,1249.4,111,4055.7
10282904647678,68.850094759,7754493952,16684363776,8910749696,92090507264,47.2,1331.9,111,3875.3
10282954642391,68.900089472,7754493952,16684363776,8940232704,92061024256,52.8,1524.5,111,3875.3
10283004649728,68.950096809,8073265152,17003134976,9046347776,91954909184,52.2,1440.2,111,3875.3
10283054629833,69.000076914,7821598720,16751468544,8963772416,92037484544,44.3,1283.6,111,3875.3
10283104643353,69.050090434,8073265152,17003134976,9088331776,91912925184,44.4,1276.6,111,3875.3
10283154630201,69.100077282,7692615680,16751468544,9022517248,91978739712,43.0,1243.0,111,3875.3
10283204661574,69.150108655,8073265152,17003134976,9154064384,91847192576,44.7,1295.2,111,3875.3
10283254648322,69.200095403,7740792832,16684363776,8881049600,92120207360,41.8,1220.3,111,3875.3
10283304638547,69.250085628,7695396864,16684363776,8827359232,92173897728,51.6,1541.3,111,3875.3
10283354642488,69.300089569,8048263168,17003134976,8876666880,92124590080,49.1,1418.0,111,3875.3
10283404652791,69.350099872,7821598720,16751468544,8744497152,92256759808,42.1,1219.1,111,3904.6
10283454639929,69.40008701,8073265152,17003134976,9077043200,91924213760,47.2,1385.1,111,3904.6
10283504627455,69.450074536,7755530240,16751468544,9010466816,91990790144,46.2,1321.8,111,3904.6
10283554637123,69.500084204,8073265152,17003134976,9182232576,91819024384,46.5,1339.5,111,3904.6
10283604642854,69.550089935,7751786496,16684363776,9098289152,91902967808,44.4,1296.9,111,3904.6
10283654643544,69.600090625,7754493952,16684363776,9081257984,91919998976,54.1,1580.7,111,3904.6
10283704647311,69.650094392,8073265152,17003134976,9226747904,91774509056,49.4,1439.0,111,3904.6
10283754652701,69.700099782,7821598720,16751468544,9097981952,91903275008,40.5,1181.3,111,3904.6
10283804658492,69.750105573,8073265152,17003134976,9376632832,91624624128,48.4,1376.6,111,3904.6
10283854653822,69.800100903,7702675456,16751468544,9198809088,91802447872,45.3,1302.7,111,3904.6
10283904644203,69.850091284,8073265152,17003134976,9125085184,91876171776,45.2,1321.4,111,3904.6
10283954676324,69.900123405,7620268032,16751468544,8593547264,92407709696,37.3,1060.8,111,3672.7
10284004635556,69.950082637,7642431488,16617250816,8459767808,92541489152,53.5,1559.0,111,3672.7
10284054631868,70.000078949,7906537472,17003134976,8608079872,92393177088,53.5,1478.3,111,3672.7
10284104642859,70.05008994,7821602816,16751468544,8500383744,92500873216,40.0,1135.2,111,3672.7
10284154623972,70.100071053,7887663104,17003134976,8411660288,92589596672,44.6,1330.3,111,3672.7
10284204647647,70.150094728,7821602816,16751468544,8524849152,92476407808,42.0,1174.0,111,3672.7
10284254648257,70.200095338,8073273344,17003134976,8853602304,92147654656,50.6,1462.3,111,3672.7
10284304622057,70.250069138,7623401472,16751468544,8669470720,92331786240,43.9,1285.4,111,3672.7
10284354637486,70.300084567,7687389184,16684363776,8701726720,92299530240,53.4,1556.0,111,3672.7
10284404638367,70.350085448,8073273344,17003134976,8700694528,92300562432,50.3,1458.4,111,3672.7
10284454649127,70.400096208,7821606912,16751468544,8457355264,92543901696,42.5,1218.0,111,3672.7
10284504652690,70.450099771,8073273344,17003134976,8394649600,92606607360,43.4,1297.2,111,3841.3
10284554639079,70.50008616,7821611008,16751468544,8155934720,92845322240,42.1,1204.2,111,3841.3
10284604637261,70.550084342,8073277440,17003134976,8154202112,92847054848,42.1,1200.3,111,3841.3
10284654640283,70.600087364,7805874176,16751468544,7913897984,93087358976,42.5,1199.7,111,3841.3
10284704633115,70.650080196,7614889984,16585232384,7621529600,93379727360,47.5,1401.8,111,3841.3
10284754639072,70.700086153,7871250432,16801804288,7746424832,93254832128,52.5,1556.6,111,3841.3
10284804647193,70.750094274,8073277440,17003134976,7890296832,93110960128,44.7,1258.7,111,3841.3
10284854671205,70.800118286,7847276544,16801804288,7600062464,93401194496,39.6,1136.7,111,3841.3
10284904629831,70.850076912,8073277440,17003134976,7677046784,93324210176,42.7,1268.4,111,3841.3
10284955207966,70.900655047,7791046656,16801804288,7352221696,93649035264,39.8,1124.3,111,3841.3
10285004648398,70.950095479,8073277440,17003134976,7627030528,93374226432,43.4,1271.7,111,3841.3
10285054638003,71.000085084,7754510336,16684363776,7330516992,93670739968,41.1,1183.3,111,4237.0
10285104632809,71.05007989,7687397376,16684363776,7289962496,93711294464,54.4,1561.1,111,4237.0
10285154626202,71.100073283,7914717184,17003134976,7535624192,93465632768,51.9,1442.9,111,4237.0
10285204636848,71.150083929,7833149440,16801804288,7440904192,93560352768,40.4,1118.6,111,4237.0
10285254638096,71.200085177,8047058944,17003134976,7629209600,93372047360,44.4,1218.3,111,4237.0
10285304638984,71.250086065,7993999360,17003134976,7593705472,93407551488,47.2,1199.4,111,4237.0
10285354644530,71.300091611,8033742848,17003134976,7507517440,93493739520,42.1,1155.8,111,4237.0
10285404639596,71.350086677,8033640448,17003134976,7517032448,93484224512,42.8,1204.7,111,4237.0
10285454645032,71.400092113,7754510336,16684363776,7220277248,93780979712,42.5,1178.6,111,4237.0
10285504635666,71.450082747,7715352576,16684363776,7197310976,93803945984,54.7,1560.0,111,4237.0
10285554633233,71.500080314,7877324800,17003134976,7332786176,93668470784,48.4,1383.6,111,4237.0
10285604642092,71.550089173,7821619200,16751468544,7284015104,93717241856,43.5,1178.0,111,3923.1
10285654634299,71.60008138,7984148480,17003134976,7384653824,93616603136,46.2,1303.3,111,3923.1
10285704630073,71.650077154,7871954944,17003134976,7246856192,93754400768,37.5,1058.4,111,3923.1
10285754627059,71.70007414,8055451648,17003134976,7392534528,93608722432,46.9,1263.2,111,3923.1
10285804628664,71.750075745,7984148480,17003134976,7337312256,93663944704,42.5,1179.5,111,3923.1
10285854635458,71.800082539,7754518528,16684363776,7074402304,93926854656,40.3,1156.5,111,3923.1
10285904638546,71.850085627,7704842240,16684363776,6993350656,94007906304,53.8,1538.8,111,3923.1
10285954629150,71.900076231,7871959040,16801804288,7141470208,93859786752,49.1,1383.8,111,3923.1
10286004629663,71.950076744,7821623296,16801804288,7074758656,93926498304,41.2,1140.2,111,3923.1
10286054632029,72.00007911,7954366464,17003134976,7180271616,93820985344,46.5,1301.1,111,3923.1
10286104631600,72.050078681,7858323456,16801804288,7042732032,93958524928,38.6,1099.2,111,3923.1
10286154637483,72.100084564,8051261440,17003134976,7107448832,93893808128,43.4,1198.2,111,4094.2
10286204632866,72.150079947,7954366464,17003134976,7027453952,93973803008,42.9,1180.8,111,4094.2
10286254637918,72.200084999,7754518528,16684363776,6819876864,94181380096,41.9,1139.6,111,4094.2
10286304638060,72.250085141,7754518528,16684363776,6798974976,94202281984,53.8,1558.9,111,4094.2
10286354637621,72.300084702,7994351616,17003134976,7037153280,93964103680,47.8,1359.3,111,4094.2
10286404631291,72.350078372,7821623296,16751468544,6872518656,94128738304,42.1,1182.9,111,4094.2
10286454628637,72.400075718,7875084288,17003134976,6896422912,94104834048,41.9,1180.7,111,4094.2
10286504629317,72.450076398,7831060480,16801804288,6826749952,94174507008,39.6,1120.2,111,4094.2
10286554635056,72.500082137,7994007552,17003134976,6991814656,94009442304,47.5,1378.1,111,4094.2
10286604628080,72.550075161,7914725376,17003134976,6898118656,94103138304,39.0,1081.5,111,4094.2
10286654631575,72.600078656,7754518528,16684363776,6704582656,94296674304,44.1,1239.3,111,4094.2
10286704630922,72.650078003,7719419904,16684363776,6637748224,94363508736,53.1,1517.6,111,4251.2
10286754625299,72.70007238,7946407936,17003134976,6800048128,94201208832,49.4,1424.0,111,4251.2
10286804630326,72.750077407,7914729472,17003134976,6752763904,94248493056,39.9,1158.8,111,4251.2
10286854632168,72.800079249,8009322496,17003134976,7077900288,93923356672,44.0,1238.1,111,4251.2
10286904623499,72.85007058,7821627392,16751468544,7156862976,93844393984,42.9,1159.6,111,4251.2
10286954635250,72.900082331,8061075456,17003134976,7620558848,93380698112,49.4,1442.1,111,4251.2
10287004637272,72.950084353,7821627392,16751468544,7622897664,93378359296,45.6,1258.8,111,4251.2
10287054636508,73.000083589,7655391232,16585232384,7752179712,93249077248,50.6,1498.9,111,4251.2
10287104632899,73.05007998,7954370560,17003134976,8026468352,92974788608,53.5,1562.3,111,4251.2
10287154633569,73.10008065,7821627392,16751468544,8135684096,92865572864,42.5,1198.9,111,4251.2
10287204637825,73.150084906,8073293824,17003134976,8290496512,92710760448,49.1,1438.9,111,4178.5
10287254639576,73.200086657,7821627392,16751468544,8049479680,92951777280,43.4,1240.1,111,4178.5
10287304638873,73.250085954,8073293824,17003134976,8384425984,92616830976,47.8,1361.2,111,4178.5
10287354628371,73.300075452,7701651456,16684363776,8407093248,92594163712,48.7,1338.2,111,4178.5
10287404638498,73.350085579,7754530816,16684363776,8620756992,92380499968,52.8,1519.9,111,4178.5
10287454638045,73.400085126,8073302016,17003134976,8847802368,92153454592,49.1,1458.5,111,4178.5
10287504628511,73.450075592,7650709504,16751468544,8651169792,92350087168,44.7,1285.5,111,4178.5
10287554661709,73.50010879,8073302016,17003134976,8832835584,92168421376,47.2,1316.7,111,4178.5
10287604634340,73.550081421,7856803840,16801804288,8533757952,92467499008,43.4,1261.2,111,4178.5
10287654657218,73.600104299,8073302016,17003134976,8647299072,92353957888,46.6,1296.2,111,4178.5
10287704641262,73.650088343,7754530816,16684363776,8573104128,92428152832,46.3,1341.0,111,4026.6
10287754633121,73.700080202,7687417856,16617250816,8640454656,92360802304,54.4,1544.1,111,4026.6
10287804638715,73.750085796,8073302016,17003134976,8805253120,92196003840,46.8,1377.3,111,4026.6
10287854631125,73.800078206,7651250176,16600473600,8538021888,92463235072,43.8,1242.3,111,4026.6
10287904630258,73.850077339,8073302016,17003134976,8908062720,92093194240,47.8,1380.9,111,4026.6
10287954630011,73.900077092,8049176576,17003134976,9018765312,91982491648,46.5,1358.0,111,4026.6
10288004630546,73.950077627,7821635584,16751468544,8863834112,92137422848,41.9,1198.8,111,4026.6
10288054632434,74.000079515,7620304896,16550137856,8706166784,92295090176,50.0,1476.0,111,4026.6
10288104632068,74.050079149,7788826624,16801804288,8809234432,92192022528,53.5,1565.5,111,4026.6
10288154636390,74.100083471,7994019840,17003134976,9140563968,91860692992,50.3,1399.5,111,4026.6
10288204641314,74.150088395,7952568320,17003134976,9205784576,91795472384,48.4,1417.3,111,4322.9
10288254645727,74.200092808,7821639680,16751468544,9037475840,91963781120,45.3,1299.1,111,4322.9
10288304647684,74.250094765,8073306112,17003134976,9382187008,91619069952,49.4,1420.8,111,4322.9
10288354727913,74.300174994,7620308992,16550137856,9024532480,91976724480,41.9,1221.8,111,4322.9
10288404638535,74.350085616,7686758400,16617250816,9176870912,91824386048,52.5,1561.1,111,4322.9
10288454640493,74.400087574,7992569856,17003134976,9197514752,91803742208,50.6,1476.7,111,4322.9
10288504641145,74.450088226,7821639680,16751468544,9027362816,91973894144,43.1,1223.0,111,4322.9
10288554633280,74.500080361,8073306112,17003134976,9363050496,91638206464,48.1,1400.6,111,4322.9
10288604633491,74.550080572,7821639680,16751468544,9174708224,91826548736,44.4,1239.0,111,4322.9
10288654648099,74.60009518,8073306112,17003134976,9429413888,91571843072,50.6,1419.8,111,4322.9
10288704623643,74.650070724,7753379840,16684363776,9283649536,91717607424,45.6,1303.0,111,4322.9
10288754637039,74.70008412,7754534912,16684363776,9237200896,91764056064,53.4,1614.8,111,3984.9
10288804639343,74.750086424,8073310208,17003134976,9379094528,91622162432,49.7,1442.0,111,3984.9
10288854647870,74.800094951,7821643776,16751468544,9121730560,91879526400,41.5,1198.3,111,3984.9
10288904631579,74.85007866,8073310208,17003134976,8962891776,92038365184,43.4,1262.5,111,3984.9
10288954641038,74.900088119,7742365696,16751468544,8919138304,92082118656,44.9,1279.2,111,3984.9
10289004632963,74.950080044,8073314304,17003134976,8914477056,92086779904,43.7,1280.7,111,3984.9
10289054646208,75.000093289,7737040896,16684363776,8808308736,92192948224,45.0,1273.2,111,3984.9
10289104632663,75.050079744,7754543104,16684363776,8921395200,92079861760,55.3,1569.3,111,3984.9
10289154643794,75.100090875,8073314304,17003134976,9076486144,91924770816,52.2,1496.7,111,3984.9
10289204641701,75.150088782,7821647872,16751468544,8845012992,92156243968,43.1,1159.5,111,3984.9
10289254647933,75.200095014,8073314304,17003134976,9066049536,91935207424,48.4,1356.7,111,3811.4
10289304644497,75.250091578,7821647872,16751468544,8979603456,92021653504,42.4,1183.2,111,3811.4
10289354646261,75.300093342,8073314304,17003134976,9022148608,91979108352,45.9,1299.6,111,3811.4
10289404632024,75.350079105,7742365696,16751468544,8763760640,92237496320,44.4,1262.2,111,3811.4
10289454628828,75.400075909,7648481280,16585232384,8713699328,92287557632,50.6,1420.8,111,3811.4
10289504629175,75.450076256,7998857216,17003134976,8859422720,92141834240,54.1,1560.8,111,3811.4
10289554632839,75.50007992,7992561664,17003134976,8867790848,92133466112,42.6,1200.2,111,3811.4
10289604640279,75.55008736,8051847168,17003134976,9077841920,91923415040,46.8,1299.1,111,3811.4
10289654629786,75.600076867,7875108864,17003134976,9178578944,91822678016,47.5,1341.7,111,3811.4
10289704643909,75.65009099,7927259136,17003134976,9255477248,91745779712,47.8,1333.9,111,3811.4
10289754652793,75.700099874,7821647872,16751468544,9183997952,91817259008,44.0,1223.1,111,3952.8
10289804629495,75.750076576,7655411712,16585232384,8964042752,92037214208,50.6,1436.5,111,3952.8
10289854637467,75.800084548,7820931072,16801804288,8940044288,92061212672,54.7,1584.9,111,3952.8
10289904646451,75.850093532,8073314304,17003134976,9158778880,91842478080,45.3,1297.9,111,3952.8
10289954639914,75.900086995,7825391616,16801804288,9090338816,91910918144,40.9,1159.2,111,3952.8
10290004662945,75.950110026,8073314304,17003134976,9199235072,91802021888,45.9,1299.3,111,3952.8
10290054634086,76.000081167,7994032128,17003134976,9217585152,91783671808,48.1,1323.6,111,3952.8
10290104643160,76.050090241,7821647872,16751468544,9203171328,91798085632,41.1,1198.4,111,3952.8
10290154632116,76.100079197,7687430144,16617250816,9106661376,91894595584,49.4,1402.5,111,3952.8
10290204634487,76.150081568,7647789056,16617250816,8934027264,92067229696,54.4,1559.0,111,3952.8
10290254649452,76.200096533,8073314304,17003134976,9036988416,91964268544,47.5,1337.1,111,3952.8
10290304632616,76.250079697,7635927040,16600473600,8601178112,92400078848,40.4,1123.1,111,3827.4
10290354644255,76.300091336,8073318400,17003134976,8948801536,92052455424,47.8,1336.7,111,3827.4
10290404647809,76.35009489,7907979264,17003134976,8870354944,92130902016,44.7,1258.0,111,3827.4
10290454629119,76.4000762,7994036224,17003134976,9058238464,91943018496,46.8,1286.6,111,3827.4
10290504632008,76.450079089,7754551296,16684363776,8961212416,92040044544,46.6,1338.5,111,3827.4
10290554625348,76.500072429,7687438336,16684363776,8841736192,92159520768,54.7,1521.7,111,3827.4
10290604636652,76.550083733,8073322496,17003134976,9031593984,91969662976,50.9,1476.8,111,3827.4
10290654634080,76.600081161,7702732800,16751468544,8839753728,92161503232,44.3,1241.9,111,3827.4
10290704645034,76.650092115,8073322496,17003134976,9086705664,91914551296,49.1,1377.1,111,3827.4
10290754634165,76.700081246,7729139712,16801804288,8889958400,92111298560,44.7,1221.6,111,3827.4
10290804643797,76.750090878,8073322496,17003134976,8999882752,92001374208,46.9,1314.1,111,3393.7
10290854635784,76.800082865,7754555392,16684363776,8539504640,92461752320,42.9,1242.9,111,3393.7
10290904639554,76.850086635,7754555392,16684363776,8380145664,92621111296,54.1,1560.2,111,3393.7
10290954634277,76.900081358,8073326592,17003134976,8400822272,92600434688,50.3,1423.7,111,3393.7
10291004635492,76.950082573,7821660160,16751468544,8158744576,92842512384,43.7,1178.1,111,3393.7
10291054653950,77.000101031,8073326592,17003134976,8437682176,92563574784,45.0,1298.2,111,3393.7
10291104644635,77.050091716,7821660160,16751468544,8352428032,92648828928,42.4,1224.9,111,3393.7
10291154642343,77.100089424,8073326592,17003134976,8704405504,92296851456,45.9,1352.3,111,3393.7
10291204630012,77.150077093,7687442432,16684363776,8514367488,92486889472,44.4,1287.0,111,3393.7
10291254639293,77.200086374,7754555392,16684363776,8765014016,92236242944,52.8,1534.3,111,3393.7
10291304634116,77.250081197,8073326592,17003134976,8859459584,92141797376,49.7,1424.8,111,3393.7
10291354637465,77.300084546,7821664256,16751468544,8617734144,92383522816,43.8,1236.4,111,3983.7
10291404637598,77.350084679,8073330688,17003134976,8904167424,92097089536,46.9,1361.4,111,3983.7
10291454631208,77.400078289,7782858752,16751468544,8829591552,92171665408,42.5,1222.0,111,3983.7
10291504641517,77.450088598,8073330688,17003134976,9051770880,91949486080,48.1,1377.0,111,3983.7
10291554646846,77.500093927,7754559488,16684363776,9029091328,91972165632,46.2,1376.0,111,3983.7
10291604647657,77.550094738,7754559488,16684363776,8857747456,92143509504,52.8,1544.4,111,3983.7
10291654643748,77.600090829,8073330688,17003134976,8821608448,92179648512,49.7,1460.1,111,3983.7
10291704638948,77.650086029,7821664256,16751468544,8821755904,92179501056,45.0,1263.0,111,3983.7
10291754637414,77.700084495,8073330688,17003134976,8757317632,92243939328,46.2,1355.5,111,3983.7
10291804657822,77.750104903,7821664256,16751468544,8575909888,92425347072,42.1,1198.6,111,3983.7
10291854645327,77.800092408,8073330688,17003134976,8623374336,92377882624,44.7,1320.5,111,4098.5
10291904644725,77.850091806,7821664256,16751468544,8618459136,92382797824,40.5,1162.7,111,4098.5
10291954629434,77.900076515,7601033216,16585232384,8565297152,92435959808,50.3,1458.0,111,4098.5
10292004649331,77.950096412,7955648512,17003134976,8799346688,92201910272,53.4,1555.7,111,4098.5
10292054638790,78.000085871,7959027712,17003134976,8869703680,92131553280,45.6,1326.8,111,4098.5
10292104645081,78.050092162,7887978496,17003134976,8822255616,92179001344,45.0,1276.6,111,4098.5
10292154630472,78.100077553,7821672448,16801804288,8671023104,92330233856,38.5,1144.8,111,4098.5
10292204644228,78.150091309,7939244032,17003134976,8850419712,92150837248,46.9,1334.8,111,4098.5
10292254640349,78.20008743,7821672448,16751468544,8718041088,92283215872,40.8,1200.5,111,4098.5
10292304639917,78.250086998,7647813632,16617250816,8461950976,92539305984,46.8,1401.6,111,4098.5
10292354637952,78.300085033,7687454720,16617250816,8398290944,92602966016,53.7,1558.3,111,4098.5
10292404649644,78.350096725,8073338880,17003134976,8590016512,92411240448,46.2,1320.8,111,3503.6
10292454642780,78.400089861,7782031360,16751468544,8552513536,92448743424,42.1,1221.0,111,3503.6
10292504639108,78.450086189,8073338880,17003134976,8788742144,92212514816,44.0,1278.1,111,3503.6
10292554629985,78.500077066,7627677696,16751468544,8648622080,92352634880,43.0,1244.5,111,3503.6
10292604638447,78.550085528,8073338880,17003134976,8719888384,92281368576,46.9,1337.6,111,3503.6
10292654633543,78.600080624,7687454720,16684363776,8630005760,92371251200,46.0,1320.4,111,3503.6
10292704671350,78.650118431,7754342400,16684363776,8536846336,92464410624,52.2,1534.4,111,3503.6
10292754639615,78.700086696,8064393216,17003134976,8808128512,92193128448,50.6,1485.4,111,3503.6
10292804646313,78.750093394,7821672448,16751468544,8808128512,92193128448,42.1,1235.0,111,3503.6
10292854644464,78.800091545,8073338880,17003134976,8978698240,92022558720,48.4,1424.7,111,3503.6
10292904650521,78.850097602,7821672448,16751468544,8771629056,92229627904,42.5,1197.0,111,3803.8
10292954638824,78.900085905,8073338880,17003134976,8918745088,92082511872,46.5,1363.9,111,3803.8
10293004645422,78.950092503,7726243840,16751468544,8609603584,92391653376,43.7,1256.5,111,3803.8
10293054633985,79.000081066,7654797312,16585232384,8697286656,92303970304,50.6,1463.9,111,3803.8
10293104636465,79.050083546,7954415616,17003134976,8894685184,92106571776,55.1,1540.4,111,3803.8
10293154649224,79.100096305,7821672448,16751468544,8929435648,92071821312,42.8,1213.4,111,3803.8
10293204639812,79.150086893,8073338880,17003134976,8969949184,92031307776,50.0,1406.6,111,3803.8
10293254636130,79.200083211,7821672448,16751468544,8813015040,92188241920,45.3,1262.0,111,3803.8
10293304632618,79.250079699,8073338880,17003134976,8903577600,92097679360,47.5,1360.2,111,3803.8
10293354629547,79.300076628,7711563776,16751468544,8829403136,92171853824,43.3,1239.9,111,3803.8
10293404651926,79.350099007,7602237440,16532033536,8828907520,92172349440,52.8,1471.6,111,3873.6
10293454639547,79.400086628,7954423808,17003134976,8938835968,92062420992,54.8,1586.5,111,3873.6
10293504643656,79.450090737,7821680640,16751468544,8800337920,92200919040,41.0,1117.3,111,3873.6
10293554632757,79.500079838,8073347072,17003134976,9062014976,91939241984,49.7,1426.1,111,3873.6
10293604640744,79.550087825,7821680640,16751468544,8904847360,92096409600,45.3,1216.8,111,3873.6
10293654638491,79.600085572,8073347072,17003134976,8862523392,92138733568,45.9,1280.7,111,3873.6
10293704638692,79.650085773,7742402560,16751468544,8754053120,92247203840,45.1,1260.9,111,3873.6
10293754626270,79.700073351,7601053696,16530706432,8755286016,92245970944,50.3,1440.7,111,3873.6
10293804627524,79.750074605,7914786816,17003134976,9049976832,91951280128,52.8,1522.4,111,3873.6
10293854640400,79.800087481,7821684736,16751468544,9095147520,91906109440,46.3,1276.2,111,3873.6
10293904638758,79.850085839,8073351168,17003134976,9086447616,91914809344,45.9,1320.7,111,3873.6
10293954632107,79.900079188,7821684736,16751468544,9086726144,91914530816,45.9,1301.4,111,3860.9
10294004631908,79.950078989,8073351168,17003134976,9281519616,91719737344,44.0,1257.2,111,3860.9
10294054634384,80.000081465,7702761472,16751468544,9023471616,91977785344,44.3,1263.3,111,3860.9
10294104634375,80.050081456,7655448576,16585232384,8816336896,92184920064,50.0,1420.8,111,3860.9
10294154640599,80.10008768,7996235776,17003134976,8948457472,92052799488,53.2,1537.0,111,3860.9
10294204627224,80.150074305,8017764352,17003134976,8927330304,92073926656,45.0,1242.4,111,3860.9
10294254638788,80.200085869,8063905792,17003134976,8944046080,92057210880,47.8,1298.7,111,3860.9
10294304636715,80.250083796,7914786816,17003134976,8920305664,92080951296,43.0,1240.7,111,3860.9
10294354633420,80.300080501,7994068992,17003134976,8821989376,92179267584,45.6,1258.8,111,3860.9
10294404635756,80.350082837,7821684736,16751468544,8921452544,92079804416,42.2,1160.5,111,3860.9
10294454638613,80.400085694,7687467008,16617250816,8734093312,92267163648,49.1,1399.5,111,4000.6
10294504630285,80.450077366,7687471104,16684363776,8636547072,92364709888,54.1,1535.0,111,4000.6
10294554628269,80.50007535,8073355264,17003134976,8742346752,92258910208,48.7,1366.4,111,4000.6
10294604657582,80.550104663,7821688832,16751468544,8506388480,92494868480,39.8,1076.5,111,4000.6
10294654639215,80.600086296,7947091968,17003134976,8376074240,92625182720,44.0,1220.9,111,4000.6
10294704650654,80.650097735,7821688832,16751468544,8204034048,92797222912,41.2,1137.5,111,4000.6
10294754636695,80.700083776,7910817792,17003134976,8165068800,92836188160,44.6,1265.2,111,4000.6
10294804653375,80.750100456,7821688832,16751468544,7998103552,93003153408,39.4,1116.1,111,4000.6
10294854635719,80.8000828,7687471104,16617250816,7801401344,93199855616,48.7,1383.7,111,4000.6
10294904637891,80.850084972,7687471104,16617250816,7690436608,93310820352,54.4,1556.4,111,4000.6
10294954641635,80.900088716,8073355264,17003134976,7860232192,93141024768,47.8,1321.0,111,3832.2
10295004634630,80.950081711,7821688832,16751468544,7618134016,93383122944,41.5,1162.1,111,3832.2
10295054632513,81.000079594,8073355264,17003134976,7691935744,93309321216,41.9,1220.1,111,3832.2
10295104645616,81.050092697,7821688832,16751468544,7445667840,93555589120,36.9,1036.6,111,3832.2
10295154637598,81.100084679,7925272576,17003134976,7494840320,93506416640,39.2,1141.0,111,3832.2
10295204646603,81.150093684,7821688832,16751468544,7359623168,93641633792,40.6,1139.4,111,3832.2
10295254637173,81.200084254,7687471104,16617250816,7201181696,93800075264,46.9,1401.7,111,3832.2
10295304641328,81.250088409,7754592256,16684363776,7211503616,93789753344,53.5,1561.8,111,3832.2
10295354639512,81.300086593,8073363456,17003134976,7445295104,93555961856,46.9,1357.7,111,3832.2
10295404644730,81.350091811,7821697024,16751468544,7202471936,93798785024,40.6,1162.5,111,3832.2
10295454632534,81.400079615,8009338880,17003134976,7224664064,93776592896,40.5,1200.8,111,3832.2
10295504641566,81.450088647,7821697024,16751468544,7037050880,93964206080,40.6,1137.2,111,3842.2
10295554635007,81.500082088,7954632704,17003134976,7095476224,93905780736,42.5,1220.4,111,3842.2
10295604638908,81.550085989,7821697024,16751468544,6954455040,94046801920,39.4,1139.0,111,3842.2
10295654632029,81.60007911,7714951168,16684363776,6848397312,94152859648,47.5,1344.6,111,3842.2
10295704635880,81.650082961,7754592256,16684363776,6871621632,94129635328,51.9,1536.6,111,3842.2
10295754633209,81.70008029,8073363456,17003134976,7173279744,93827977216,47.5,1401.7,111,3842.2
10295804637341,81.750084422,7821697024,16751468544,6933282816,94067974144,39.2,1139.1,111,3842.2
10295854638978,81.800086059,8073363456,17003134976,7109775360,93891481600,40.9,1180.0,111,3842.2
10295904641316,81.850088397,7821697024,16751468544,6847561728,94153695232,39.6,1140.0,111,3842.2
10295954639987,81.900087068,8009699328,17003134976,6934536192,94066720768,40.8,1180.8,111,3842.2
10296004644149,81.95009123,7832391680,16801804288,6792019968,94209236992,38.1,1059.9,111,3602.1
10296054641909,82.00008899,7754592256,16684363776,6630481920,94370775040,44.0,1336.8,111,3602.1
10296104639027,82.050086108,7754592256,16684363776,6596616192,94404640768,54.4,1564.0,111,3602.1
10296154639832,82.100086913,8072077312,17003134976,6911172608,94090084352,46.2,1380.2,111,3602.1
10296204649595,82.150096676,7821697024,16751468544,6671446016,94329810944,41.0,1154.2,111,3602.1
10296254636093,82.200083174,8073363456,17003134976,6855434240,94145822720,41.4,1204.9,111,3602.1
10296304638311,82.250085392,7821697024,16751468544,6620352512,94380904448,40.7,1141.0,111,3602.1
10296354630600,82.300077681,7904534528,17003134976,6692679680,94308577280,41.8,1221.4,111,3602.1
10296404627528,82.350074609,7832391680,16801804288,6624296960,94376960000,38.8,1100.4,111,3602.1
10296454661507,82.400108588,7728369664,16684363776,6499143680,94502113280,45.1,1293.5,111,3602.1
10296504634986,82.450082067,7754592256,16684363776,6476435456,94524821504,53.5,1564.9,111,3602.1
10296554636710,82.500083791,8073363456,17003134976,6766997504,94234259456,47.2,1359.5,111,3788.9
10296604635117,82.550082198,7821701120,16751468544,6759133184,94242123776,41.0,1179.3,111,3788.9
10296654632803,82.600079884,8073367552,17003134976,7313944576,93687312384,50.3,1400.9,111,3788.9
10296704642521,82.650089602,7821701120,16751468544,7222337536,93778919424,44.0,1261.8,111,3788.9
10296754621661,82.700068742,8073367552,17003134976,7340093440,93661163520,45.9,1319.9,111,3788.9
10296804626350,82.750073431,7663140864,16751468544,6981664768,94019592192,42.5,1221.4,111,3788.9
10296854635067,82.800082148,7717507072,16684363776,7200358400,93800898560,52.2,1492.5,111,3788.9
10296904633705,82.850080786,8073371648,17003134976,7722127360,93279129600,51.9,1506.1,111,3788.9
10296954631982,82.900079063,7821705216,16751468544,7673221120,93328035840,45.0,1280.2,111,3788.9
10297004634757,82.950081838,8073371648,17003134976,7797342208,93203914752,45.0,1298.9,111,3788.9
10297054659745,83.000106826,7820648448,16751468544,7568605184,93432651776,44.0,1238.9,111,4002.0
10297104653373,83.050100454,8073375744,17003134976,7870521344,93130735616,44.9,1276.1,111,4002.0
10297154636992,83.100084073,7714963456,16684363776,7753482240,93247774720,45.3,1284.6,111,4002.0
10297204668642,83.150115723,7701168128,16684363776,7733981184,93267275776,54.1,1531.9,111,4002.0
10297254650878,83.200097959,8033734656,17003134976,7956172800,93045084160,53.7,1504.2,111,4002.0
10297304628926,83.250076007,7986331648,17003134976,8001572864,92999684096,44.4,1244.5,111,4002.0
10297354632333,83.300079414,8037568512,17003134976,7993102336,93008154624,44.9,1260.5,111,4002.0
10297404628696,83.350075777,7854215168,16801804288,8118513664,92882743296,44.7,1239.9,111,4002.0
10297454651741,83.400098822,7872045056,16801804288,8124448768,92876808192,47.5,1318.4,111,4002.0
10297504648862,83.450095943,7821709312,16751468544,8185733120,92815523840,45.6,1278.0,111,4002.0
10297554637997,83.500085078,7655473152,16585232384,8180056064,92821200896,51.9,1461.6,111,4002.0
10297604638895,83.550085976,7861952512,16801804288,8244826112,92756430848,55.0,1559.0,111,4014.8
10297654648991,83.600096072,8073379840,17003134976,8407289856,92593967104,44.0,1218.0,111,4014.8
10297704641503,83.650088584,7994916864,17003134976,8600772608,92400484352,46.8,1361.4,111,4014.8
10297754651027,83.700098108,7961169920,17003134976,8710701056,92290555904,47.2,1300.6,111,4014.8
10297804636586,83.750083667,8033738752,17003134976,8838176768,92163080192,47.5,1342.1,111,4014.8
10297854642093,83.800089174,8036667392,17003134976,8903708672,92097548288,43.8,1198.0,111,4014.8
10297904634124,83.850081205,7754608640,16684363776,8614039552,92387217408,46.5,1343.1,111,4014.8
10297954636756,83.900083837,7714967552,16684363776,8661413888,92339843072,54.0,1535.5,111,4014.8
10298004638205,83.950085286,8073379840,17003134976,8817971200,92183285760,51.6,1441.7,111,4014.8
10298054640325,84.000087406,7821713408,16751468544,8793714688,92207542272,43.5,1200.0,111,4014.8
10298104640732,84.050087813,8073379840,17003134976,8989822976,92011433984,49.4,1399.6,111,3631.6
10298154650297,84.100097378,7883014144,17003134976,8892010496,92109246464,47.5,1314.8,111,3631.6
10298204641136,84.150088217,8073379840,17003134976,9039663104,91961593856,46.5,1322.9,111,3631.6
10298254637595,84.200084676,7754608640,16684363776,8943136768,92058120192,47.8,1343.8,111,3631.6
10298304625579,84.25007266,7754612736,16684363776,8824176640,92177080320,53.8,1523.4,111,3631.6
10298354636085,84.300083166,8073383936,17003134976,9134579712,91866677248,50.9,1476.7,111,3631.6
10298404629699,84.35007678,7742439424,16751468544,9097183232,91904073728,44.4,1241.1,111,3631.6
10298454636749,84.40008383,8073388032,17003134976,9449537536,91551719424,50.6,1414.9,111,3631.6
10298504643344,84.450090425,7851499520,16801804288,9126637568,91874619392,45.2,1302.4,111,3631.6
10298554651182,84.500098263,8073388032,17003134976,9186246656,91815010304,46.6,1297.2,111,3631.6
10298604634342,84.550081423,7754616832,16684363776,8791896064,92209360896,45.2,1304.7,111,3631.6
10298654638052,84.600085133,7754616832,16684363776,8680419328,92320837632,53.7,1518.2,111,4119.5
10298704631482,84.650078563,8073388032,17003134976,8815120384,92186136576,50.3,1462.0,111,4119.5
10298754648487,84.700095568,7821721600,16751468544,8576413696,92424843264,44.7,1220.2,111,4119.5
10298804634894,84.750081975,8073388032,17003134976,8516800512,92484456448,46.0,1319.2,111,4119.5
10298854634576,84.800081657,7782080512,16751468544,8237084672,92764172288,43.0,1201.2,111,4119.5
10298904646752,84.850093833,8073388032,17003134976,8275288064,92725968896,44.4,1236.4,111,4119.5
10298954631175,84.900078256,7742439424,16751468544,7963041792,93038215168,41.4,1163.7,111,4119.5
10299004635957,84.950083038,7655485440,16585232384,7773118464,93228138496,50.6,1432.3,111,4119.5
10299054662961,85.000110042,8023830528,17003134976,7986524160,93014732800,53.8,1581.2,111,4119.5
10299104630591,85.050077672,7971663872,17003134976,7960190976,93041065984,43.4,1225.0,111,4119.5
10299154630744,85.100077825,8057462784,17003134976,8145469440,92855787520,45.9,1319.8,111,4119.5
10299204628543,85.150075624,7954464768,17003134976,8163373056,92837883904,43.4,1240.9,111,3856.7
10299254630088,85.200077169,8053456896,17003134976,8416501760,92584755200,44.7,1339.6,111,3856.7
10299304622867,85.250069948,7963275264,17003134976,8393650176,92607606784,42.8,1200.2,111,3856.7
10299354623160,85.300070241,7682256896,16617250816,8513126400,92488130560,48.4,1400.2,111,3856.7
10299404629856,85.350076937,7723094016,16801804288,8447565824,92553691136,53.8,1595.9,111,3856.7
10299454630951,85.400078032,8073388032,17003134976,8690774016,92310482944,45.3,1302.9,111,3856.7
10299504630258,85.450077339,7620390912,16550137856,8419307520,92581949440,38.5,1078.0,111,3856.7
10299554633173,85.500080254,8073388032,17003134976,8581873664,92419383296,46.3,1381.1,111,3856.7
10299604629465,85.550076546,7821721600,16751468544,8540647424,92460609536,40.4,1181.2,111,3856.7
10299654635555,85.600082636,8073388032,17003134976,8489037824,92512219136,43.5,1277.7,111,3856.7
10299704635564,85.650082645,7821721600,16751468544,8248537088,92752719872,39.1,1118.9,111,3495.1
10299754621807,85.700068888,7620395008,16551677952,8037453824,92963803136,47.8,1378.3,111,3495.1
10299804668545,85.750115626,7802884096,16801804288,8347959296,92653297664,52.8,1581.8,111,3495.1
10299854629850,85.800076931,7994109952,17003134976,8634650624,92366606336,49.1,1383.4,111,3495.1
10299904645559,85.85009264,8030515200,17003134976,8478945280,92522311680,42.8,1233.9,111,3495.1
10299954633485,85.900080566,7877300224,17003134976,8457003008,92544253952,42.5,1225.6,111,3495.1
10300004632181,85.950079262,7908765696,17003134976,8581656576,92419600384,46.2,1341.7,111,3495.1
10300054637761,86.000084842,7821733888,16751468544,8567189504,92434067456,43.1,1238.4,111,3495.1
10300104632840,86.050079921,7655497728,16585232384,8493748224,92507508736,50.0,1439.6,111,3495.1
10300154645653,86.100092734,8030576640,17003134976,8881594368,92119662592,53.7,1568.4,111,3495.1
10300204634360,86.150081441,7845851136,16801804288,8965447680,92035809280,44.6,1290.0,111,3495.1
10300254620984,86.200068065,7880298496,17003134976,8937836544,92063420416,44.7,1302.0,111,3741.9
10300304658665,86.250105746,7821733888,16751468544,8920571904,92080685056,43.8,1273.1,111,3741.9
10300354659616,86.300106697,8073400320,17003134976,8941731840,92059525120,46.8,1359.6,111,3741.9
10300404635929,86.35008301,7782092800,16751468544,8855654400,92145602560,45.6,1304.9,111,3741.9
10300454635928,86.400083009,7606624256,16585232384,8682172416,92319084544,49.4,1460.3,111,3741.9
10300504623950,86.450071031,7914835968,17003134976,8757006336,92244250624,52.2,1543.2,111,3741.9
10300554630137,86.500077218,7821733888,16751468544,8735162368,92266094592,43.4,1218.8,111,3741.9
10300604640562,86.550087643,8073400320,17003134976,9078550528,91922706432,46.5,1373.4,111,3741.9
10300654633384,86.600080465,7821733888,16751468544,9078390784,91922866176,46.5,1284.7,111,3741.9
10300704634932,86.650082013,8073400320,17003134976,9242124288,91759132672,47.2,1340.4,111,3741.9
10300754629507,86.700076588,7663169536,16751468544,9045491712,91955765248,42.9,1260.9,111,3767.8
10300804625624,86.750072705,7634395136,16617250816,9073278976,91927977984,50.9,1498.0,111,3767.8
10300854636751,86.800083832,8073404416,17003134976,9630289920,91370967040,52.5,1518.9,111,3767.8
10300904645252,86.850092333,7821737984,16751468544,9614528512,91386728448,44.3,1297.4,111,3767.8
10300954655858,86.900102939,8073404416,17003134976,9626202112,91375054848,46.8,1342.1,111,3767.8
10301004633049,86.95008013,7820681216,16751468544,9587941376,91413315584,44.4,1261.0,111,3767.8
10301054638174,87.000085255,8073404416,17003134976,9709740032,91291516928,46.9,1300.2,111,3767.8
10301104633531,87.050080612,7754338304,16684363776,9623363584,91377893376,47.5,1321.0,111,3767.8
10301154629618,87.100076699,7687520256,16684363776,9480146944,91521110016,54.1,1560.9,111,3767.8
10301204629934,87.150077015,8073404416,17003134976,9658200064,91343056896,52.5,1478.0,111,3767.8
10301254646511,87.200093592,7821737984,16751468544,9419026432,91582230528,42.8,1197.5,111,4139.6
10301304660443,87.250107524,8073404416,17003134976,9383112704,91618144256,45.3,1277.6,111,4139.6
10301354641432,87.300088513,7821737984,16751468544,9263054848,91738202112,43.9,1245.1,111,4139.6
10301404640746,87.350087827,8073404416,17003134976,9500090368,91501166592,49.4,1400.7,111,4139.6
10301454635831,87.400082912,7821737984,16751468544,9313779712,91687477248,44.4,1199.5,111,4139.6
10301504635162,87.450082243,7655501824,16585232384,9130303488,91870953472,50.9,1480.1,111,4139.6
10301554631005,87.500078086,8053481472,17003134976,9179332608,91821924352,54.7,1560.2,111,4139.6
10301604703015,87.550150096,7864737792,16801804288,8924258304,92076998656,43.7,1180.1,111,4139.6
10301654629725,87.600076806,7900389376,17003134976,8972709888,92028547072,46.9,1322.9,111,4139.6
10301704640688,87.650087769,7821746176,16751468544,8795193344,92206063616,45.0,1216.4,111,4139.6
10301754639437,87.700086518,8073412608,17003134976,8826961920,92174295040,48.4,1338.3,111,4139.6
10301804633908,87.750080989,7821746176,16751468544,8587468800,92413788160,44.7,1243.1,111,3914.5
10301854633518,87.800080599,7655510016,16585232384,8611147776,92390109184,52.2,1479.1,111,3914.5
10301904645914,87.850092995,7981314048,17003134976,8665112576,92336144384,55.0,1573.0,111,3914.5
10301954634543,87.900081624,8033771520,17003134976,8627179520,92374077440,44.9,1227.1,111,3914.5
10302004637340,87.950084421,7960154112,17003134976,8359841792,92641415168,43.5,1215.5,111,3914.5
10302054631340,88.000078421,7994130432,17003134976,8307974144,92693282816,45.9,1303.7,111,3914.5
10302104634487,88.050081568,7982178304,17003134976,8134823936,92866433024,45.3,1260.1,111,3914.5
10302154634599,88.10008168,7832440832,16801804288,7977918464,93023338496,39.2,1118.9,111,3914.5
10302204639320,88.150086401,7690670080,16684363776,7769157632,93232099328,47.5,1338.7,111,3914.5
10302254637608,88.200084689,7734710272,16684363776,7779479552,93221777408,54.1,1560.4,111,3914.5
10302304631828,88.250078909,8073412608,17003134976,8010948608,92990308352,48.4,1382.4,111,3914.5
10302354634865,88.300081946,7821746176,16751468544,7798829056,93202427904,46.5,1217.8,111,3817.5
10302404649795,88.350096876,8073412608,17003134976,7917273088,93083983872,44.0,1239.5,111,3817.5
10302454631662,88.400078743,7821746176,16751468544,7676256256,93325000704,42.0,1143.9,111,3817.5
10302504648242,88.450095323,8073412608,17003134976,7785140224,93216116736,41.2,1217.0,111,3817.5
10302554635335,88.500082416,7821746176,16751468544,7542702080,93458554880,41.8,1180.6,111,3817.5
10302604640352,88.550087433,7655510016,16585232384,7297040384,93704216576,49.0,1379.2,111,3817.5
10302654639488,88.600086569,7726411776,16801804288,7246462976,93754793984,54.1,1558.5,111,3817.5
10302704638745,88.650085826,8073412608,17003134976,7604633600,93396623360,45.3,1280.7,111,3817.5
10302754641979,88.70008906,7806361600,16801804288,7606697984,93394558976,45.0,1218.6,111,3817.5
10302804644070,88.750091151,7954489344,17003134976,7972868096,93028388864,47.8,1360.5,111,3817.5
10302854639028,88.800086109,7976103936,17003134976,8274956288,92726300672,49.7,1399.5,111,4313.8
10302904638315,88.850085396,7821750272,16751468544,8150835200,92850421760,45.9,1282.1,111,4313.8
10302954629446,88.900076527,7648583680,16585232384,8232931328,92768325632,50.9,1462.1,111,4313.8
10303004630555,88.950077636,7872086016,16801804288,8408141824,92593115136,53.4,1535.7,111,4313.8
10303054635673,89.000082754,8073416704,17003134976,8461545472,92539711488,44.9,1302.3,111,4313.8
10303104640039,89.05008712,8009170944,17003134976,8254672896,92746584064,43.4,1293.6,111,4313.8
10303154631460,89.100078541,8033779712,17003134976,8247545856,92753711104,42.8,1205.5,111,4313.8
10303204640485,89.150087566,8024129536,17003134976,8499400704,92501856256,46.5,1360.5,111,4313.8
10303254628170,89.200075251,7914856448,17003134976,8534237184,92467019776,42.4,1242.6,111,4313.8
10303304630672,89.250077753,7687536640,16617250816,8264577024,92736679936,46.3,1336.0,111,4313.8
10303354633074,89.300080155,7680192512,16617250816,8163483648,92837773312,53.8,1564.0,111,4313.8
10303404637691,89.350084772,8073420800,17003134976,8393781248,92607475712,46.9,1337.4,111,3810.0
10303454641105,89.400088186,7834279936,16801804288,8296878080,92704378880,43.7,1256.8,111,3810.0
10303504641811,89.450088892,8073424896,17003134976,8439934976,92561321984,45.3,1324.7,111,3810.0
10303554637707,89.500084788,7736037376,16801804288,8151465984,92849790976,37.7,1098.5,111,3810.0
10303604635366,89.550082447,8073424896,17003134976,8287813632,92713443328,46.3,1319.9,111,3810.0
10303654638847,89.600085928,7754653696,16684363776,8299405312,92701851648,44.4,1278.5,111,3810.0
10303704638811,89.650085892,7754653696,16684363776,8232054784,92769202176,52.8,1541.1,111,3810.0
10303754637152,89.700084233,8073424896,17003134976,8338886656,92662370304,46.5,1380.0,111,3810.0
10303804630613,89.750077694,7821758464,16751468544,8114368512,92886888448,43.4,1203.7,111,3810.0
10303854633403,89.800080484,8073424896,17003134976,8508555264,92492701696,44.4,1297.3,111,3810.0
10303904627255,89.850074336,7821758464,16751468544,8498528256,92502728704,40.5,1161.9,111,3810.0
10303954637509,89.90008459,8073428992,17003134976,8710901760,92290355200,46.0,1316.8,111,3707.8
10304004629457,89.950076538,7799734272,16751468544,8485883904,92515373056,39.4,1123.5,111,3707.8
10304054644691,90.000091772,7637934080,16568455168,8225255424,92776001536,50.3,1496.9,111,3707.8
10304104632812,90.050079893,8033787904,17003134976,8426405888,92574851072,53.5,1562.8,111,3707.8
10304154631824,90.100078905,7994146816,17003134976,8374161408,92627095552,40.5,1159.0,111,3707.8
10304204632239,90.15007932,7954505728,17003134976,8499314688,92501942272,47.5,1421.5,111,3707.8
10304254623246,90.200070327,7875223552,17003134976,8394690560,92606566400,39.2,1121.9,111,3707.8
10304304624071,90.250071152,7883628544,17003134976,8544858112,92456398848,47.8,1339.7,111,3707.8
10304354647811,90.300094892,7821762560,16751468544,8660705280,92340551680,43.5,1251.6,111,3707.8
10304404627977,90.350075058,7620431872,16550137856,8616321024,92384935936,48.4,1409.8,111,3707.8
10304454624394,90.400071475,7647903744,16617250816,8506650624,92494606336,52.2,1519.7,111,3707.8
10304504683297,90.450130378,8073428992,17003134976,8781062144,92220194816,46.5,1393.2,111,3418.0
10304554657398,90.500104479,7936737280,17003134976,8903131136,92098125824,48.1,1356.5,111,3418.0
10304604629425,90.550076506,7832457216,16801804288,9044799488,91956457472,46.5,1330.4,111,3418.0
10304654631780,90.600078861,8073433088,17003134976,8989134848,92012122112,48.1,1396.1,111,3418.0
10304704630047,90.650077128,7821766656,16751468544,8797974528,92203282432,44.4,1262.1,111,3418.0
10304754628324,90.700075405,7655534592,16585232384,8653697024,92347559936,51.2,1478.1,111,3418.0
10304804643473,90.750090554,8005427200,17003134976,8749359104,92251897856,52.2,1553.3,111,3418.0
10304854627082,90.800074163,8073437184,17003134976,8758435840,92242821120,43.0,1188.1,111,3418.0
10304904650056,90.850097137,8065622016,17003134976,8995262464,92005994496,43.8,1297.1,111,3418.0
10304954628145,90.900075226,7906701312,17003134976,8967651328,92033605632,44.3,1282.6,111,3418.0
10305004634257,90.950081338,7873150976,17003134976,9011187712,91990069248,46.0,1316.5,111,3418.0
10305054622785,91.000069866,7821770752,16751468544,9063464960,91937792000,42.5,1161.0,111,4054.8
10305104637955,91.050085036,7687553024,16617250816,9007566848,91993690112,51.3,1459.8,111,4054.8
10305154638817,91.100085898,7620440064,16617250816,8868990976,92132265984,53.8,1559.1,111,4054.8
10305204640470,91.150087551,8073437184,17003134976,9088180224,91913076736,48.4,1357.8,111,4054.8
10305254648696,91.200095777,7934816256,17003134976,9035771904,91965485056,47.8,1295.6,111,4054.8
10305304632826,91.250079907,7917187072,17003134976,8990859264,92010397696,46.2,1307.9,111,4054.8
10305354633818,91.300080899,8059797504,17003134976,8931250176,92070006784,46.2,1300.7,111,4054.8
10305404630923,91.350078004,7832465408,16801804288,8688885760,92312371200,40.8,1160.2,111,4054.8
10305454636685,91.400083766,7717957632,16684363776,8514846720,92486410240,46.9,1336.9,111,4054.8
10305504636301,91.450083382,7754665984,16684363776,8381177856,92620079104,54.4,1579.0,111,4054.8
10305554643631,91.500090712,8073437184,17003134976,8488804352,92512452608,49.7,1397.2,111,4245.7
10305604645602,91.550092683,7821774848,16751468544,8488775680,92512481280,46.9,1322.2,111,4245.7
10305654635980,91.600083061,8073441280,17003134976,8700608512,92300648448,48.1,1342.5,111,4245.7
10305704633292,91.650080373,7663210496,16751468544,8448086016,92553170944,42.8,1179.7,111,4245.7
10305754664288,91.700111369,8073441280,17003134976,8593367040,92407889920,44.4,1277.9,111,4245.7
10305804653684,91.750100765,7687561216,16684363776,8254529536,92746727424,43.7,1221.2,111,4245.7
10305854627540,91.800074621,7694897152,16684363776,8356438016,92644818944,53.2,1542.9,111,4245.7
10305904634500,91.850081581,7976460288,17003134976,8493649920,92507607040,50.6,1415.3,111,4245.7
10305954639116,91.900086197,7821774848,16751468544,8566403072,92434853888,45.9,1282.1,111,4245.7
10306004638181,91.950085262,8073441280,17003134976,8687226880,92314030080,45.9,1340.2,111,4245.7
10306054641193,92.000088274,7821774848,16751468544,8621166592,92380090368,38.4,1097.2,111,4245.7
10306104644346,92.050091427,8060334080,17003134976,8759480320,92241776640,47.8,1362.1,111,4448.7
10306154698026,92.100145107,7821774848,16751468544,8589168640,92412088320,43.1,1197.5,111,4448.7
10306204631905,92.150078986,7655542784,16585232384,8303251456,92698005504,49.7,1424.6,111,4448.7
10306254696787,92.200143868,7667056640,16600473600,8182226944,92819030016,53.8,1559.2,111,4448.7
10306304635105,92.250082186,8073449472,17003134976,8405102592,92596154368,46.5,1301.2,111,4448.7
10306354646223,92.300093304,7746019328,16801804288,8369561600,92631695360,41.1,1195.9,111,4448.7
10306404629387,92.350076468,8073449472,17003134976,8536055808,92465201152,46.9,1285.9,111,4448.7
10306454654111,92.400101192,7670788096,16600473600,8091598848,92909658112,35.2,1027.7,111,4448.7
10306504643824,92.450090905,8073449472,17003134976,8275054592,92726202368,46.2,1292.6,111,4448.7
10306554644298,92.500091379,7700344832,16684363776,7849963520,93151293440,38.8,1078.5,111,4448.7
10306604634723,92.550081804,7601152000,16530706432,7722745856,93278511104,54.1,1559.5,111,4448.7
10306654646869,92.60009395,7967133696,17003134976,7957569536,93043687424,53.8,1518.7,111,4176.9
10306704644939,92.65009202,8073449472,17003134976,8091152384,92910104576,43.7,1224.0,111,4176.9
10306754638940,92.700086021,8014594048,17003134976,8178114560,92823142400,45.6,1299.4,111,4176.9
10306804627611,92.750074692,7875244032,17003134976,8280559616,92720697344,46.5,1302.9,111,4176.9
10306854641240,92.800088321,7875244032,17003134976,8456392704,92544864256,46.9,1335.8,111,4176.9
10306904630453,92.850077534,7821783040,16751468544,8571740160,92429516800,43.7,1220.9,111,4176.9
10306954631107,92.900078188,7620452352,16617250816,8456908800,92544348160,49.4,1419.4,111,4176.9
10307004631210,92.950078291,7719288832,16801804288,8397299712,92603957248,54.1,1543.2,111,4176.9
10307054635842,93.000082923,8073449472,17003134976,8539348992,92461907968,46.9,1339.1,111,4176.9
10307104662085,93.050109166,8029913088,17003134976,8607784960,92393472000,45.0,1309.3,111,4176.9
10307154625959,93.10007304,7843807232,16801804288,8562110464,92439146496,44.0,1272.7,111,4176.9
10307204631212,93.150078293,7978024960,17003134976,8476942336,92524314624,46.5,1376.8,111,3917.6
10307254631676,93.200078757,7821787136,16751468544,8564113408,92437143552,41.6,1179.5,111,3917.6
10307304632160,93.250079241,7647928320,16617250816,8416849920,92584407040,48.4,1420.9,111,3917.6
10307354643344,93.300090425,7682322432,16617250816,8369369088,92631887872,52.2,1521.3,111,3917.6
10307404642095,93.350089176,8073453568,17003134976,8705392640,92295864320,48.1,1394.7,111,3917.6
10307454631287,93.400078368,7623581696,16751468544,8598274048,92402982912,36.5,1085.0,111,3917.6
10307504643991,93.450091072,8073453568,17003134976,8925736960,92075520000,46.6,1353.6,111,3917.6
10307554641255,93.500088336,8033812480,17003134976,9011134464,91990122496,50.3,1446.2,111,3917.6
10307604622107,93.550069188,7875248128,17003134976,8842887168,92158369792,43.5,1222.3,111,3917.6
10307654639420,93.600086501,7705391104,16684363776,8594644992,92406611968,47.2,1336.3,111,3917.6
10307704635642,93.650082723,7754682368,16684363776,8570904576,92430352384,52.8,1580.6,111,3842.8
10307754639398,93.700086479,8073457664,17003134976,8686350336,92314906624,49.1,1415.3,111,3842.8
10307804634819,93.7500819,7821795328,16751468544,8648364032,92352892928,42.1,1223.7,111,3842.8
10307854636411,93.800083492,8073461760,17003134976,8724819968,92276436992,44.7,1280.4,111,3842.8
10307904641360,93.850088441,7782154240,16751468544,8409354240,92591902720,43.5,1237.3,111,3842.8
10307954636129,93.90008321,8073461760,17003134976,8575385600,92425871360,44.4,1281.9,111,3842.8
10308004641389,93.95008847,7821795328,16751468544,8326057984,92675198976,36.7,1059.7,111,3842.8
10308054637190,94.000084271,7687577600,16617250816,8114327552,92886929408,46.3,1338.7,111,3842.8
10308104633051,94.050080132,7754690560,16684363776,8082329600,92918927360,51.9,1503.2,111,3842.8
10308154639643,94.100086724,8073461760,17003134976,8196395008,92804861952,48.1,1415.0,111,3842.8
10308204628982,94.150076063,7821795328,16751468544,7948472320,93052784640,41.4,1185.3,111,3842.8
10308254639442,94.200086523,8073461760,17003134976,8292945920,92708311040,45.3,1317.8,111,3825.5
10308304624492,94.250071573,7736852480,16751468544,8191799296,92809457664,44.1,1222.6,111,3825.5
10308354639801,94.300086882,8073461760,17003134976,8608776192,92392480768,47.5,1397.1,111,3825.5
10308404635271,94.350082352,7754690560,16684363776,8677933056,92323323904,46.5,1341.2,111,3825.5
10308454642134,94.400089215,7754690560,16684363776,8621420544,92379836416,52.8,1575.0,111,3825.5
10308504639825,94.450086906,8073461760,17003134976,8750960640,92250296320,48.7,1385.7,111,3825.5
10308554638478,94.500085559,7821795328,16751468544,8597569536,92403687424,42.5,1237.9,111,3825.5
10308604636189,94.55008327,8073461760,17003134976,8853299200,92147957760,44.7,1279.9,111,3825.5
10308654631336,94.600078417,7821795328,16751468544,8853045248,92148211712,39.6,1120.9,111,3825.5
10308704652342,94.650099423,8073461760,17003134976,9106190336,91895066624,48.7,1415.7,111,3825.5
10308754640004,94.700087085,7821795328,16751468544,8939220992,92062035968,41.1,1182.8,111,3802.6
10308804626123,94.750073204,7655563264,16585232384,8851841024,92149415936,48.4,1401.5,111,3802.6
10308854637761,94.800084842,7813873664,16801804288,8898805760,92102451200,52.8,1554.6,111,3802.6
10308904651963,94.850099044,8073465856,17003134976,8986136576,92015120384,45.0,1300.0,111,3802.6
10308954641820,94.900088901,7901704192,17003134976,8674275328,92326981632,42.1,1242.4,111,3802.6
10309004633870,94.950080951,8073465856,17003134976,8798822400,92202434560,44.0,1261.2,111,3802.6
10309054647542,95.000094623,7872004096,16801804288,8934617088,92066639872,42.1,1178.6,111,3802.6
10309104637438,95.050084519,8073465856,17003134976,9010323456,91990933504,46.5,1281.4,111,3802.6
10309154641672,95.100088753,7754694656,16684363776,8973422592,92027834368,48.4,1396.7,111,3802.6
10309204642980,95.150090061,7754694656,16684363776,8845946880,92155310080,55.6,1559.5,111,3802.6
10309254642485,95.200089566,8073465856,17003134976,9029652480,91971604480,51.6,1420.5,111,3725.6
10309304627381,95.250074462,7663235072,16751468544,9013653504,91987603456,45.6,1244.4,111,3725.6
10309354643378,95.300090459,8073469952,17003134976,9184468992,91816787968,48.7,1395.5,111,3725.6
10309404642512,95.350089593,7867826176,16801804288,9180082176,91821174784,46.8,1322.1,111,3725.6
10309454632558,95.400079639,8073469952,17003134976,9231687680,91769569280,45.3,1260.9,111,3725.6
10309504638592,95.450085673,7754698752,16684363776,8998412288,92002844672,47.2,1359.9,111,3725.6
10309554641018,95.500088099,7754698752,16684363776,8877387776,92123869184,54.7,1539.6,111,3725.6
10309604637323,95.550084404,8073469952,17003134976,9015517184,91985739776,51.3,1420.0,111,3725.6
10309654625332,95.600072413,7791386624,16751468544,8965836800,92035420160,45.3,1261.1,111,3725.6
10309704657817,95.650104898,8073469952,17003134976,8971112448,92030144512,43.5,1233.7,111,3725.6
10309754630596,95.700077677,7772512256,16751468544,8971370496,92029886464,46.9,1266.5,111,3725.6
10309804660245,95.750107326,8073469952,17003134976,9179615232,91821641728,47.5,1372.7,111,3685.6
10309854631322,95.800078403,7701712896,16684363776,8792793088,92208463872,43.0,1185.0,111,3685.6
10309904625472,95.850072553,7688212480,16684363776,8644820992,92356435968,55.0,1579.5,111,3685.6
10309954671553,95.900118634,7885770752,17003134976,8870477824,92130779136,51.6,1481.5,111,3685.6
10310004630246,95.950077327,7831244800,16801804288,8814997504,92186259456,41.2,1161.2,111,3685.6
10310054632642,96.000079723,7971753984,17003134976,8834371584,92166885376,49.1,1378.9,111,3685.6
10310104645479,96.05009256,7821807616,16751468544,8934207488,92067049472,41.5,1135.3,111,3685.6
10310154630772,96.100077853,7875268608,17003134976,8816783360,92184473600,44.6,1305.6,111,3685.6
10310204641635,96.150088716,7821807616,16751468544,8692920320,92308336640,45.0,1254.1,111,3685.6
10310254634393,96.200081474,7655575552,16585232384,8425066496,92576190464,50.3,1405.6,111,3685.6
10310304643623,96.250090704,7665979392,16600473600,8304013312,92697243648,54.4,1556.3,111,3685.6
10310354634848,96.300081929,8073478144,17003134976,8578060288,92423196672,46.5,1342.4,111,3331.7
10310404636313,96.350083394,7726157824,16801804288,8161570816,92839686144,41.1,1139.3,111,3331.7
10310454647406,96.400094487,8073478144,17003134976,8449552384,92551704576,45.3,1279.1,111,3331.7
10310504649859,96.45009694,7620481024,16550137856,8176009216,92825247744,40.7,1137.1,111,3331.7
10310554634779,96.50008186,8073478144,17003134976,8569208832,92432048128,49.1,1365.6,111,3331.7
10310604639476,96.550086557,7754706944,16684363776,8339804160,92661452800,46.9,1297.4,111,3331.7
10310654631860,96.600078941,7687593984,16684363776,8235036672,92766220288,54.7,1584.6,111,3331.7
10310704635305,96.650082386,8017649664,17003134976,8537829376,92463427584,51.6,1454.9,111,3331.7
10310754638289,96.70008537,7821811712,16751468544,8397434880,92603822080,43.7,1242.7,111,3331.7
10310804640852,96.750087933,8049549312,17003134976,8552722432,92448534528,45.3,1276.9,111,3331.7
10310854656440,96.800103521,7821811712,16751468544,8426758144,92574498816,40.6,1098.7,111,4421.5
10310904641880,96.850088961,7948529664,17003134976,8685457408,92315799552,50.6,1422.5,111,4421.5
10310954635977,96.900083058,7821815808,16751468544,8549879808,92451377152,43.5,1182.6,111,4421.5
10311004647788,96.950094869,7687598080,16617250816,8326393856,92674863104,48.4,1359.6,111,4421.5
10311054635463,97.000082544,7738978304,16684363776,8282763264,92718493696,52.5,1558.6,111,4421.5
10311104631063,97.050078144,8073486336,17003134976,8412819456,92588437504,49.4,1423.7,111,4421.5
10311154634378,97.100081459,7821819904,16751468544,8396435456,92604821504,41.9,1198.6,111,4421.5
10311204633394,97.150080475,8073486336,17003134976,8667385856,92333871104,46.2,1338.8,111,4421.5
10311254623974,97.200071055,7742537728,16751468544,8524525568,92476731392,43.7,1260.8,111,4421.5
10311304650664,97.250097745,8073486336,17003134976,8789544960,92211712000,47.5,1359.2,111,4421.5
10311354627187,97.300074268,7718318080,16684363776,8683458560,92317798400,47.2,1361.2,111,4421.5
10311404623539,97.35007062,7687602176,16684363776,8564617216,92436639744,52.2,1540.0,111,4128.8
10311454632253,97.400079334,8073486336,17003134976,8811479040,92189777920,50.9,1478.9,111,4128.8
10311504628852,97.450075933,7821819904,16751468544,8687734784,92313522176,43.1,1203.1,111,4128.8
10311554643204,97.500090285,8073486336,17003134976,8570839040,92430417920,41.2,1235.1,111,4128.8
10311604644762,97.550091843,7821819904,16751468544,8321630208,92679626752,38.7,1098.5,111,4128.8
10311654636651,97.600083732,8073486336,17003134976,8583401472,92417855488,47.8,1362.8,111,4128.8
10311704664669,97.65011175,7821819904,16751468544,8524554240,92476702720,41.2,1176.7,111,4128.8
10311754630358,97.700077439,7655583744,16585232384,8523763712,92477493248,49.4,1427.8,111,4128.8
10311804643097,97.750090178,7829307392,16801804288,8572915712,92428341248,53.5,1573.3,111,4128.8
10311854628804,97.800075885,8072425472,17003134976,8644001792,92357255168,45.3,1266.2,111,4128.8
10311904637446,97.850084527,8061267968,17003134976,8721100800,92280156160,46.9,1378.4,111,4060.1
10311954645836,97.900092917,8073490432,17003134976,8714129408,92287127552,40.9,1158.2,111,4060.1
10312004650019,97.9500971,7889031168,17003134976,8552173568,92449083392,41.6,1157.0,111,4060.1
10312054631939,98.00007902,7936114688,17003134976,8631394304,92369862656,44.9,1285.7,111,4060.1
10312104639078,98.050086159,7754719232,16684363776,8425172992,92576083968,44.0,1298.9,111,4060.1
10312154630456,98.100077537,7687606272,16617250816,8568033280,92433223680,53.7,1534.2,111,4060.1
10312204641982,98.150089063,8073490432,17003134976,8766459904,92234797056,49.7,1424.5,111,4060.1
10312254652267,98.200099348,7692070912,16801804288,8648749056,92352507904,45.9,1317.3,111,4060.1
10312304668463,98.250115544,8073490432,17003134976,8755838976,92245417984,45.0,1279.7,111,4060.1
10312354635133,98.300082214,7699132416,16751468544,8443842560,92557414400,39.9,1182.8,111,4060.1
10312404658423,98.350105504,8073490432,17003134976,8608739328,92392517632,44.3,1257.5,111,3503.6
10312454649160,98.400096241,7702900736,16751468544,8307535872,92693721088,40.6,1161.0,111,3503.6
10312504628441,98.450075522,7655591936,16585232384,8247373824,92753883136,49.1,1384.2,111,3503.6
10312554646527,98.500093608,8002207744,17003134976,8539226112,92462030848,51.9,1549.5,111,3503.6
10312604628844,98.550075925,7994216448,17003134976,8574320640,92426936320,44.7,1267.0,111,3503.6
10312654639585,98.600086666,8040984576,17003134976,8605351936,92395905024,47.5,1333.2,111,3503.6
10312704646350,98.650093431,7821832192,16751468544,8702119936,92299137024,43.0,1261.1,111,3503.6
10312754637083,98.700084164,8009539584,17003134976,8654426112,92346830848,46.5,1342.7,111,3503.6
10312804640470,98.750087551,7821832192,16751468544,8464855040,92536401920,43.8,1239.0,111,3503.6
10312854634730,98.800081811,7655596032,16585232384,8226021376,92775235584,47.2,1383.5,111,3503.6
10312904630934,98.850078015,7871639552,16801804288,8402964480,92598292480,53.2,1579.0,111,3503.6
10312954648639,98.90009572,8073498624,17003134976,8423063552,92578193408,44.0,1261.1,111,3436.0
10313004642629,98.95008971,7739920384,16801804288,8083038208,92918218752,39.1,1118.3,111,3436.0
10313054635195,99.000082276,8073498624,17003134976,8405176320,92596080640,46.2,1300.7,111,3436.0
10313104626109,99.05007319,7695691776,16801804288,8263806976,92737449984,43.1,1162.9,111,3436.0
10313154631320,99.100078401,8073498624,17003134976,8625332224,92375924736,48.4,1377.0,111,3436.0
10313204638745,99.150085826,7687614464,16617250816,8581980160,92419276800,49.7,1417.8,111,3436.0
10313254636051,99.200083132,7678173184,16617250816,8448569344,92552687616,55.3,1561.9,111,3436.0
10313304639519,99.2500866,8073498624,17003134976,8600502272,92400754688,48.7,1398.2,111,3436.0
10313354649679,99.30009676,7951396864,17003134976,8753782784,92247474176,47.8,1332.4,111,3436.0
10313404636585,99.350083666,7990652928,17003134976,8706043904,92295213056,48.1,1349.8,111,3436.0
10313454627960,99.400075041,7994220544,17003134976,8882229248,92119027712,47.5,1322.1,111,3436.0
10313504637014,99.450084095,7821836288,16751468544,8941305856,92059951104,45.0,1238.7,111,3959.6
10313554672390,99.500119471,7620505600,16550137856,8690528256,92310728704,49.4,1406.5,111,3959.6
10313604632491,99.550079572,7620505600,16617250816,8481767424,92519489536,54.4,1596.5,111,3959.6
10313654634612,99.600081693,8073502720,17003134976,8824999936,92176257024,50.9,1379.2,111,3959.6
10313704670268,99.650117349,7670841344,16600473600,8517963776,92483293184,42.2,1187.2,111,3959.6
10313754642712,99.700089793,8073502720,17003134976,8799236096,92202020864,49.4,1372.1,111,3959.6
10313804638362,99.750085443,8072790016,17003134976,8932401152,92068855808,49.4,1402.1,111,3959.6
10313854649110,99.800096191,7821836288,16751468544,8818597888,92182659072,41.9,1155.9,111,3959.6
10313904632836,99.850079917,7667691520,16617250816,8630341632,92370915328,50.3,1445.4,111,3959.6
10313954638764,99.900085845,7638331392,16617250816,8454094848,92547162112,54.1,1554.0,111,3959.6
10314004680592,99.950127673,8073502720,17003134976,8590118912,92411138048,46.2,1340.7,111,3812.1
10314054637226,100.000084307,7625539584,16600473600,8590376960,92410880000,42.0,1179.1,111,3812.1
10314104695135,100.050142216,8073506816,17003134976,8803266560,92197990400,48.7,1359.9,111,3812.1
10314154647802,100.100094883,7792263168,16801804288,8642760704,92358496256,45.0,1281.3,111,3812.1
10314204640445,100.150087526,8073506816,17003134976,8722505728,92278751232,46.5,1324.6,111,3812.1
10314254641394,100.200088475,7754735616,16684363776,8558354432,92442902528,45.0,1278.5,111,3812.1
10314304633206,100.250080287,7754739712,16684363776,8365850624,92635406336,54.0,1541.8,111,3812.1
10314354636970,100.300084051,8073510912,17003134976,8578850816,92422406144,50.9,1437.7,111,3812.1
10314404628662,100.350075743,7742562304,16751468544,8453410816,92547846144,44.9,1263.0,111,3812.1
10314454639390,100.400086471,8073510912,17003134976,8539598848,92461658112,43.0,1275.0,111,3812.1
10314504634614,100.450081695,7674699776,16801804288,8343465984,92657790976,43.4,1245.2,111,3812.1
10314554637083,100.500084164,8073510912,17003134976,8617758720,92383498240,47.2,1314.4,111,3512.6
10314604637888,100.550084969,7754739712,16684363776,8545714176,92455542784,44.9,1282.9,111,3512.6
10314654645547,100.600092628,7754739712,16684363776,8448802816,92552454144,54.4,1555.0,111,3512.6
10314704671931,100.650119012,8073510912,17003134976,8551247872,92450009088,50.0,1421.4,111,3512.6
10314754647678,100.700094759,7821844480,16751468544,8551415808,92449841152,44.7,1283.0,111,3512.6
10314804637663,100.750084744,8073510912,17003134976,8680955904,92320301056,46.0,1278.8,111,3512.6
10314854626445,100.800073526,7742562304,16751468544,8352473088,92648783872,43.3,1183.0,111,3512.6
10314904669662,100.850116743,8073510912,17003134976,8634720256,92366536704,43.1,1231.9,111,3512.6
10314954635620,100.900082701,7754739712,16684363776,8501555200,92499701760,47.2,1348.0,111,3512.6
10315004634512,100.950081593,7715106816,16684363776,8633696256,92367560704,53.1,1533.7,111,3512.6
10315054665094,101.000112175,8073519104,17003134976,8919883776,92081373184,49.4,1419.7,111,3599.0
10315104648376,101.050095457,7821541376,16801804288,8980008960,92021248000,44.4,1278.9,111,3599.0
10315154629664,101.100076745,7944536064,17003134976,9132773376,91868483584,48.1,1387.1,111,3599.0
10315204665396,101.150112477,7875022848,17003134976,9153400832,91847856128,44.3,1319.2,111,3599.0
10315254639030,101.200086111,7821856768,16751468544,9102798848,91898458112,45.3,1298.5,111,3599.0
10315304674652,101.250121733,7650066432,16577548288,9194332160,91806924800,52.5,1535.9,111,3599.0
10315354649608,101.300096689,7814615040,16791465984,9140916224,91860340736,53.5,1541.3,111,3599.0
10315404632719,101.3500798,7990992896,16992796672,9175769088,91825487872,47.5,1363.8,111,3599.0
10315454656298,101.400103379,7851102208,16809652224,8953581568,92047675392,43.4,1277.3,111,3599.0
10315504668081,101.450115162,8066310144,17010982912,8921583616,92079673344,44.7,1301.9,111,3599.0
10315554648864,101.500095945,7679254528,16576172032,8605630464,92395626496,39.4,1159.8,111,3599.0
10315604642402,101.550089483,8133791744,17029169152,8801976320,92199280640,47.8,1338.1,111,3432.5
10315654632884,101.600079965,7641387008,16536768512,8360165376,92641091584,40.9,1200.4,111,3432.5
10315704626912,101.650073993,7698952192,16594325504,8397275136,92603981824,51.6,1545.3,111,3432.5
10315754627824,101.700074905,7747112960,16791465984,8354181120,92647075840,52.8,1557.4,111,3432.5
10315804636611,101.750083692,8097423360,16992796672,8466944000,92534312960,45.3,1278.4,111,3432.5
10315854632263,101.800079344,7696285696,16750223360,8292126720,92709130240,45.3,1304.4,111,3432.5
10315904656269,101.85010335,8115609600,17010982912,8416358400,92584898560,43.4,1292.9,111,3432.5
10315954633876,101.900080957,7754113024,16768409600,8328605696,92672651264,46.5,1346.2,111,3432.5
10316004636291,101.950083372,8133795840,17029169152,8401375232,92599881728,44.7,1239.5,111,3432.5
10316054622014,102.000069095,7723565056,16777502720,8401375232,92599881728,43.7,1282.1,111,3432.5
10316104629739,102.05007682,7698952192,16594325504,8420691968,92580564992,51.9,1516.5,111,3432.5
10316154652082,102.100099163,7930130432,16992796672,8481275904,92519981056,52.2,1572.0,111,3741.4
10316204635090,102.150082171,7938863104,16992796672,8629391360,92371865600,45.9,1328.3,111,3741.4
10316254633958,102.200081039,7908364288,16809652224,8483123200,92518133760,44.9,1240.2,111,3741.4
10316304632144,102.250079225,8009695232,17010982912,8624709632,92376547328,46.2,1336.8,111,3741.4
10316354647243,102.300094324,7785594880,16827838464,8530264064,92470992896,43.1,1234.8,111,3741.4
10316404640260,102.350087341,8133799936,17029169152,8646230016,92355026944,46.3,1304.2,111,3741.4
10316454625011,102.400072092,7822360576,16777502720,8387190784,92614066176,42.4,1244.0,111,3741.4
10316504632001,102.450079082,7698960384,16594325504,8260091904,92741165056,46.5,1358.7,111,3741.4
10316554701040,102.500148121,7700807680,16635813888,8187064320,92814192640,51.9,1516.5,111,3741.4
10316604645089,102.55009217,8097431552,16992796672,8298024960,92703232000,46.2,1343.8,111,3741.4
10316654632131,102.600079212,7775576064,16750223360,7998996480,93002260480,45.9,1299.7,111,3741.4
10316704637448,102.650084529,8115617792,17010982912,8070098944,92931158016,41.2,1177.4,111,3737.4
10316754645079,102.70009216,7873044480,16768409600,8070098944,92931158016,40.9,1161.3,111,3737.4
10316804635327,102.750082408,8133804032,17029169152,8323231744,92678025216,43.7,1300.6,111,3737.4
10316854635975,102.800083056,7882137600,16777502720,8219496448,92781760512,39.2,1121.8,111,3737.4
10316904638015,102.850085096,7792406528,16687771648,8285286400,92715970560,47.5,1398.3,111,3737.4
10316954648081,102.900095162,7807561728,16702926848,8287088640,92714168320,53.1,1555.3,111,3737.4
10317004633830,102.950080911,8097431552,16992796672,8410345472,92590911488,52.2,1483.1,111,3737.4
10317054655949,103.00010303,7854858240,16750223360,8149643264,92851613696,43.4,1197.0,111,3737.4
10317104636468,103.050083549,8115032064,17010982912,8147357696,92853899264,46.5,1321.2,111,3737.4
10317154653608,103.100100689,7873044480,16768409600,8074317824,92926939136,43.1,1199.3,111,3737.4
10317204648675,103.150095756,8096505856,17029169152,8267141120,92734115840,46.3,1299.1,111,4274.7
10317254631348,103.200078429,8133804032,17029169152,8244948992,92756307968,41.1,1166.2,111,4274.7
10317304686400,103.250133481,7641468928,16553545728,7767257088,93233999872,41.2,1115.2,111,4274.7
10317354635840,103.300082921,7698964480,16594325504,7845883904,93155373056,65.0,1558.3,111,4274.7
10317404643201,103.350090282,7752908800,16791465984,7787278336,93213978624,61.0,1543.6,111,4274.7
10317454644870,103.400091951,8097439744,16992796672,8118558720,92882698240,46.5,1281.4,111,4274.7
10317504633782,103.450080863,7740563456,16750223360,7999352832,93001904128,47.5,1361.1,111,4274.7
10317554652381,103.500099462,8115625984,17010982912,8351072256,92650184704,45.9,1278.5,111,4274.7
10317604636654,103.550083735,7873052672,16768409600,8310042624,92691214336,47.8,1340.0,111,4274.7
10317654643971,103.600091052,8133812224,17029169152,8663052288,92338204672,49.1,1374.7,111,4274.7
10317704639184,103.650086265,7763222528,16777502720,8492470272,92508786688,46.2,1305.6,111,4274.7
10317754626924,103.700074005,7654424576,16560771072,8260530176,92740726784,50.9,1458.9,111,4089.9
10317804633930,103.750081011,7691677696,16590135296,8151633920,92849623040,54.7,1562.4,111,4089.9
10317854636117,103.800083198,8097439744,16992796672,8367091712,92634165248,45.6,1295.0,111,4089.9
10317904637002,103.850084083,7854866432,16750223360,8068014080,92933242880,42.1,1162.2,111,4089.9
10317954639530,103.900086611,8115625984,17010982912,8196521984,92804734976,45.3,1300.3,111,4089.9
10318004638130,103.950085211,7873052672,16768409600,7951892480,93049364480,43.4,1198.0,111,4089.9
10318054642211,104.000089292,8133812224,17029169152,8311652352,92689604608,46.9,1321.1,111,4089.9
10318104633868,104.050080949,7882145792,16777502720,8065474560,92935782400,36.5,984.0,111,4089.9
10318154653248,104.100100329,7792414720,16687771648,8055717888,92945539072,48.4,1393.2,111,4089.9
10318204673169,104.15012025,7740456960,16702926848,8080474112,92920782848,54.3,1560.7,111,4089.9
10318254634889,104.20008197,8031371264,16992796672,8163049472,92838207488,53.8,1544.5,111,3682.0
10318304643698,104.250090779,7847137280,16751271936,8106500096,92894756864,40.9,1116.4,111,3682.0
10318354659311,104.300106392,8027033600,17012031488,8107532288,92893724672,49.1,1378.1,111,3682.0
10318404632473,104.350079554,8036347904,17012031488,8095260672,92905996288,44.0,1246.1,111,3682.0
10318454638337,104.400085418,7770386432,16828887040,7927795712,93073461248,42.9,1195.7,111,3682.0
10318504657914,104.450104995,8133816320,17030217728,8072044544,92929212416,47.5,1279.7,111,3682.0
10318554639508,104.500086589,7646904320,16554594304,8047788032,92953468928,44.7,1261.6,111,3682.0
10318604630861,104.550077942,7698972672,16595374080,8053440512,92947816448,53.2,1517.5,111,3682.0
10318654628956,104.600076037,7817302016,16792514560,8200847360,92800409600,55.3,1584.8,111,3682.0
10318704637923,104.650085004,8097443840,16993845248,8409329664,92591927296,46.9,1300.8,111,3682.0
10318754626120,104.700073201,7775170560,16751271936,8268206080,92733050880,43.4,1221.4,111,3682.0
10318804636268,104.750083349,8115630080,17012031488,8630722560,92370534400,48.1,1336.8,111,3912.6
10318854648832,104.800095913,7873060864,16769458176,8531873792,92469383168,41.9,1160.6,111,3912.6
10318904641367,104.850088448,8133820416,17030217728,8559484928,92441772032,45.6,1259.3,111,3912.6
10318954652107,104.900099188,7882153984,16778551296,8300441600,92700815360,39.6,1100.6,111,3912.6
10319004635204,104.950082285,7773536256,16688820224,8186388480,92814868480,46.3,1321.3,111,3912.6
10319054639501,105.000086582,7807582208,16703975424,8139165696,92862091264,53.8,1596.6,111,3912.6
10319104680339,105.05012742,7987019776,16993845248,8205692928,92795564032,50.0,1438.6,111,3912.6
10319154637777,105.100084858,7854878720,16751271936,8264380416,92736876544,43.4,1263.3,111,3912.6
10319204630502,105.150077583,7996715008,17012031488,8551071744,92450185216,49.1,1381.1,111,3912.6
10319254655379,105.20010246,7873064960,16769458176,8661774336,92339482624,43.4,1275.8,111,3912.6
10319304625471,105.250072552,8094183424,17030217728,8880599040,92120657920,46.3,1342.9,111,3912.6
10319354630641,105.300077722,7968137216,17030217728,8914919424,92086337536,43.0,1242.9,111,3819.9
10319404630690,105.350077771,7792427008,16688820224,8938401792,92062855168,46.9,1355.5,111,3819.9
10319454631691,105.400078772,7806902272,16703975424,8933240832,92068016128,53.1,1517.5,111,3819.9
10319504628892,105.450075973,8097452032,16993845248,9071521792,91929735168,50.6,1476.3,111,3819.9
10319554645109,105.50009219,7854878720,16751271936,8867164160,92134092800,42.8,1227.2,111,3819.9
10319604647419,105.5500945,8098258944,17012031488,9096392704,91904864256,49.7,1396.4,111,3819.9
10319654648647,105.600095728,7873069056,16769458176,8951369728,92049887232,43.8,1219.6,111,3819.9
10319704628905,105.650075986,7935623168,17030217728,9072164864,91929092096,47.2,1386.3,111,3819.9
10319754635944,105.700083025,7882162176,16778551296,8999075840,92002181120,43.8,1236.5,111,3819.9
10319804641531,105.750088612,7792431104,16688820224,8995749888,92005507072,46.6,1360.3,111,3819.9
10319854645284,105.800092365,7807586304,16703975424,8784957440,92216299520,54.4,1579.1,111,3955.3
10319904631503,105.850078584,8097456128,16993845248,8717860864,92283396096,50.3,1463.3,111,3955.3
10319954656807,105.900103888,7854882816,16751271936,8551211008,92450045952,37.9,1074.4,111,3955.3
10320004644710,105.950091791,8047181824,17012031488,8530141184,92471115776,45.0,1279.9,111,3955.3
10320054630689,106.00007777,7949955072,17012031488,8598241280,92403015680,43.0,1268.0,111,3955.3
10320104636155,106.050083236,7815442432,16828887040,8399028224,92602228736,42.5,1213.9,111,3955.3
10320154631141,106.100078222,8133828608,17030217728,8489603072,92511653888,44.3,1285.7,111,3955.3
10320204638651,106.150085732,7715393536,16621707264,8173346816,92827910144,43.2,1239.5,111,3955.3
10320254636733,106.200083814,7698984960,16595374080,8157478912,92843778048,51.9,1537.9,111,3955.3
10320304647881,106.250094962,7927287808,16993845248,8197992448,92803264512,53.1,1553.7,111,3955.3
10320354627557,106.300074638,8057815040,16993845248,8314073088,92687183872,45.6,1287.1,111,3955.3
10320404640017,106.350087098,7870758912,16810700800,8198680576,92802576384,43.7,1256.3,111,4033.6
10320454650363,106.400097444,8115646464,17012031488,8395948032,92605308928,44.7,1301.5,111,4033.6
10320504628112,106.450075193,7845801984,16769458176,8396206080,92605050880,42.9,1201.7,111,4033.6
10320554646519,106.5000936,8133832704,17030217728,8723152896,92278104064,47.5,1358.2,111,4033.6
10320604637915,106.550084996,7882166272,16778551296,8482652160,92518604800,39.6,1120.8,111,4033.6
10320654632778,106.600079859,7725322240,16621707264,8377077760,92624179200,48.7,1400.2,111,4033.6
10320704635024,106.650082105,7740481536,16636862464,8535646208,92465610752,53.5,1559.3,111,4033.6
10320754632742,106.700079823,8097464320,16993845248,8706043904,92295213056,48.8,1399.5,111,4033.6
10320804641661,106.750088742,7854891008,16751271936,8624500736,92376756224,41.8,1219.4,111,4033.6
10320854638277,106.800085358,8115650560,17012031488,8821682176,92179574784,47.5,1382.3,111,4033.6
10320904647296,106.850094377,7873077248,16769458176,8680341504,92320915456,43.4,1235.2,111,3901.0
10320954633121,106.900080202,8133836800,17030217728,8816332800,92184924160,46.0,1286.7,111,3901.0
10321004654484,106.950101565,7882170368,16778551296,8566104064,92435152896,34.4,994.2,111,3901.0
10321054630972,107.000078053,7792427008,16688820224,8661581824,92339675136,50.9,1447.2,111,3901.0
10321104665680,107.050112761,7807594496,16703975424,8630337536,92370919424,54.7,1572.6,111,3901.0
10321154640825,107.100087906,8097464320,16993845248,8675475456,92325781504,49.0,1421.5,111,3901.0
10321204645185,107.150092266,7854891008,16751271936,8512901120,92488355840,44.4,1220.9,111,3901.0
10321254629377,107.200076458,7925735424,17012031488,8453259264,92547997696,44.6,1263.1,111,3901.0
10321304623719,107.2500708,7873077248,16769458176,8317526016,92683730944,41.5,1141.3,111,3901.0
10321354645182,107.300092263,8114114560,17030217728,8380297216,92620959744,48.4,1389.2,111,3901.0
10321404632209,107.35007929,8014913536,17030217728,8227532800,92773724160,44.0,1249.4,111,3901.0
10321454631510,107.400078591,7779848192,16688820224,7996653568,93004603392,41.9,1139.9,111,4215.6
10321504628603,107.450075684,7657119744,16595374080,7948247040,93053009920,53.1,1520.1,111,4215.6
10321554638020,107.500085101,7955066880,16993845248,8056885248,92944371712,54.1,1557.1,111,4215.6
10321604630163,107.550077244,8097468416,16993845248,8185671680,92815585280,45.3,1262.6,111,4215.6
10321654627397,107.600074478,7739543552,16751271936,7967272960,93033984000,43.1,1160.4,111,4215.6
10321704635872,107.650082953,8115654656,17012031488,8314466304,92686790656,47.8,1337.5,111,4215.6
10321754629187,107.700076268,7873081344,16769458176,8081162240,92920094720,45.0,1240.5,111,4215.6
10321804644505,107.750091586,8133840896,17030217728,8229769216,92771487744,45.0,1239.5,111,4215.6
10321854633293,107.800080374,7817154560,16778551296,8205545472,92795711488,45.6,1319.1,111,4215.6
10321904632550,107.850079631,7682285568,16595374080,7931772928,93069484032,50.9,1441.4,111,4215.6
10321954639242,107.900086323,7715311616,16636862464,7795007488,93206249472,53.8,1539.0,111,3838.6
10322004641485,107.950088566,8097468416,16993845248,7781588992,93219667968,47.5,1336.6,111,3838.6
10322054636503,108.000083584,7854899200,16751271936,7547781120,93453475840,44.4,1222.1,111,3838.6
10322104636211,108.050083292,8115658752,17012031488,7528153088,93473103872,43.0,1219.6,111,3838.6
10322154642943,108.100090024,7873085440,16769458176,7293329408,93707927552,41.2,1157.8,111,3838.6
10322204645066,108.150092147,7952400384,17030217728,7233474560,93767782400,42.5,1161.5,111,3838.6
10322254632861,108.200079942,7892873216,16828887040,7127195648,93874061312,39.5,1123.1,111,3838.6
10322304631176,108.250078257,7752806400,16688820224,6966312960,94034944000,43.5,1179.9,111,3838.6
10322354630804,108.300077885,7699001344,16595374080,6814568448,94186688512,51.9,1520.1,111,3838.6
10322404630061,108.350077142,7673376768,16569749504,6779715584,94221541376,53.2,1519.9,111,3838.6
10322454635650,108.400082731,8097472512,16993845248,7107178496,93894078464,46.5,1319.7,111,3838.6
10322504644413,108.450091494,7854899200,16751271936,6868209664,94133047296,43.5,1179.4,111,3552.0
10322554632956,108.500080037,7941398528,17012031488,6862495744,94138761216,36.1,1041.1,111,3552.0
10322604651326,108.550098407,7873089536,16769458176,6755393536,94245863424,40.0,1097.5,111,3552.0
10322654646672,108.600093753,8082497536,17030217728,6988152832,94013104128,48.4,1376.8,111,3552.0
10322704626629,108.65007371,7957676032,17030217728,7176192000,93825064960,44.9,1266.9,111,3552.0
10322754646492,108.700093573,7751749632,16688820224,7174901760,93826355200,46.9,1313.1,111,3552.0
10322804631538,108.750078619,7767969792,16703975424,7312187392,93689069568,55.3,1563.9,111,3552.0
10322854628036,108.800075117,7938916352,16993845248,7405600768,93595656192,52.8,1483.0,111,3552.0
10322904647449,108.85009453,7854907392,16751271936,7503110144,93498146816,44.4,1215.8,111,3552.0
10322954665599,108.90011268,8055197696,17012031488,7566323712,93434933248,47.8,1377.0,111,3552.0
10323004649543,108.950096624,8115666944,17012031488,7568609280,93432647680,44.4,1305.5,111,3968.2
10323054625732,109.000072813,7743098880,16828887040,7525773312,93475483648,45.4,1218.0,111,3968.2
10323104662648,109.050109729,8133853184,17030217728,7864320000,93136936960,46.8,1338.3,111,3968.2
10323154629550,109.100076631,7733202944,16688820224,7716741120,93284515840,45.0,1302.5,111,3968.2
10323204643652,109.150090733,7673384960,16569749504,7499722752,93501534208,52.5,1563.4,111,3968.2
10323254654558,109.200101639,7997751296,16993845248,7893102592,93108154368,50.3,1466.6,111,3968.2
10323304658450,109.250105531,7856508928,16792514560,8026816512,92974440448,44.7,1285.7,111,3968.2
10323354637144,109.300084225,7914196992,16810700800,8048750592,92952506368,45.6,1342.2,111,3968.2
10323404639454,109.350086535,8115666944,17012031488,8313249792,92688007168,43.9,1300.5,111,3968.2
10323454650169,109.40009725,7793811456,16769458176,8062971904,92938285056,41.5,1181.5,111,3968.2
10323504637447,109.450084528,8133853184,17030217728,8366182400,92635074560,46.3,1309.6,111,3968.2
10323554626226,109.500073307,7723622400,16778551296,8358940672,92642316288,45.6,1333.8,111,3639.2
10323604629144,109.550076225,7699013632,16595374080,8490287104,92510969856,51.9,1497.1,111,3639.2
10323654637020,109.600084101,7857692672,16792514560,8580329472,92420927488,52.8,1574.6,111,3639.2
10323704641510,109.650088591,8097484800,16993845248,8788316160,92212940800,46.2,1302.8,111,3639.2
10323754661039,109.70010812,7705018368,16609370112,8404893696,92596363264,43.7,1276.1,111,3639.2
10323804642265,109.750089346,8115671040,17012031488,8682000384,92319256576,45.3,1320.8,111,3639.2
10323854641986,109.800089067,7873101824,16769458176,8432488448,92568768512,43.3,1244.4,111,3639.2
10323904636156,109.850083237,8133861376,17030217728,8781680640,92219576320,46.9,1338.9,111,3639.2
10323954631218,109.900078299,7882194944,16778551296,8541687808,92459569152,42.1,1222.6,111,3639.2
10324004633123,109.950080204,7725350912,16621707264,8353267712,92647989248,46.6,1338.9,111,3639.2
10324054630379,110.00007746,7740506112,16636862464,8264237056,92737019904,53.5,1580.2,111,3990.7
10324104639308,110.050086389,8097488896,16993845248,8422412288,92578844672,47.5,1419.7,111,3990.7
10324154635372,110.100082453,7854915584,16751271936,8136478720,92864778240,42.8,1197.3,111,3990.7
10324204636025,110.150083106,8115675136,17012031488,8388755456,92612501504,42.1,1242.4,111,3990.7
10324254641196,110.200088277,7873101824,16769458176,8388755456,92612501504,41.5,1197.8,111,3990.7
10324304635978,110.250083059,8008024064,17030217728,8672608256,92328648704,49.4,1422.9,111,3990.7
10324354644856,110.300091937,7882194944,16778551296,8727056384,92274200576,43.8,1255.5,111,3990.7
10324404638145,110.350085226,7792463872,16688820224,8640720896,92360536064,48.4,1424.0,111,3990.7
10324454626704,110.400073785,7767977984,16703975424,8564596736,92436660224,51.9,1523.0,111,3990.7
10324504636551,110.450083632,8059731968,16993845248,8612077568,92389179392,53.1,1555.0,111,3990.7
10324554622973,110.500070054,7851278336,16751271936,8543064064,92458192896,40.5,1144.6,111,3990.7
10324604640194,110.550087275,7967506432,17012031488,8679956480,92321300480,50.0,1435.8,111,4008.3
10324654641154,110.600088235,8115679232,17012031488,8821882880,92179374080,43.9,1260.6,111,4008.3
10324704624129,110.65007121,7714541568,16769458176,8704077824,92297179136,40.9,1182.9,111,4008.3
10324754641190,110.700088271,8133865472,17030217728,8987156480,92014100480,46.9,1357.3,111,4008.3
10324804624365,110.750071446,7842557952,16778551296,8807792640,92193464320,42.1,1221.2,111,4008.3
10324854627199,110.80007428,7699021824,16595374080,8542777344,92458479616,49.4,1438.1,111,4008.3
10324904635302,110.850082383,7740510208,16636862464,8487723008,92513533952,53.5,1561.6,111,4008.3
10324954635911,110.900082992,8097492992,16993845248,8840921088,92160335872,49.1,1415.4,111,4008.3
10325004647421,110.950094502,7854919680,16751271936,8707723264,92293533696,45.3,1302.7,111,4008.3
10325054636398,111.000083479,8115679232,17012031488,8651411456,92349845504,44.1,1221.0,111,4008.3
10325104654921,111.050102002,7873105920,16769458176,8405352448,92595904512,39.4,1097.2,111,4066.2
10325154631054,111.100078135,7997542400,17030217728,8623648768,92377608192,49.0,1404.8,111,4066.2
10325204638746,111.150085827,7882203136,16778551296,8748023808,92253233152,43.4,1232.9,111,4066.2
10325254635999,111.20008308,7737933824,16688820224,8557031424,92444225536,48.4,1386.2,111,4066.2
10325304640405,111.250087486,7807631360,16703975424,8517292032,92483964928,54.4,1575.0,111,4066.2
10325354631817,111.300078898,8091537408,16993845248,8634703872,92366553088,49.4,1406.1,111,4066.2
10325404644148,111.350091229,7854927872,16751271936,8398426112,92602830848,43.4,1195.1,111,4066.2
10325454626522,111.400073603,7996764160,17012031488,8667521024,92333735936,50.0,1406.2,111,4066.2
10325504649671,111.450096752,7873114112,16769458176,8746999808,92254257152,44.7,1290.6,111,4066.2
10325554642612,111.500089693,8070225920,17030217728,8764542976,92236713984,47.5,1362.5,111,4066.2
10325604630724,111.550077805,8094232576,17030217728,8891244544,92110012416,45.6,1246.8,111,4066.2
10325654634245,111.600081326,7725363200,16688820224,8643518464,92357738496,46.5,1336.6,111,4259.2
10325704640120,111.650087201,7644639232,16543879168,8562749440,92438507520,52.8,1520.6,111,4259.2
10325754636117,111.700083198,8066035712,16993845248,8890195968,92111060992,55.0,1579.3,111,4259.2
10325804629689,111.75007677,7917133824,16993845248,8866353152,92134903808,44.7,1242.7,111,4259.2
10325854632739,111.80007982,7815426048,16810700800,8798515200,92202741760,45.9,1276.9,111,4259.2
10325904653033,111.850100114,8115691520,17012031488,8764936192,92236320768,46.9,1319.0,111,4259.2
10325954633029,111.90008011,7873118208,16769458176,8509714432,92491542528,41.8,1143.5,111,4259.2
10326004644806,111.950091887,8133877760,17030217728,8472576000,92528680960,42.3,1193.6,111,4259.2
10326054650511,112.000097592,7882211328,16778551296,8231559168,92769697792,42.4,1163.6,111,4259.2
10326104645756,112.050092837,7725367296,16621707264,7999897600,93001359360,48.4,1380.1,111,4259.2
10326154640721,112.100087802,7807635456,16703975424,7935127552,93066129408,54.7,1600.0,111,3980.8
10326204635816,112.150082897,7899299840,16993845248,7947513856,93053743104,48.4,1383.6,111,3980.8
10326254661910,112.200108991,7854931968,16751271936,7769202688,93232054272,40.3,1131.9,111,3980.8
10326304646595,112.250093676,8006586368,17012031488,7782334464,93218922496,47.5,1339.9,111,3980.8
10326354635308,112.300082389,8076050432,17012031488,7786139648,93215117312,44.0,1227.3,111,3980.8
10326404669438,112.350116519,7731216384,16828887040,7405518848,93595738112,40.6,1158.5,111,3980.8
10326454691144,112.400138225,8133877760,17030217728,7711047680,93290209280,45.9,1277.0,111,3980.8
10326504636741,112.450083822,7703945216,16778551296,7312793600,93688463360,41.1,1163.5,111,3980.8
10326554630269,112.50007735,7678128128,16595374080,7210864640,93790392320,52.2,1482.0,111,3980.8
10326604629228,112.550076309,7700881408,16636862464,7201574912,93799682048,54.7,1559.4,111,3980.8
10326654637354,112.600084435,8097505280,16993845248,7476137984,93525118976,47.5,1337.8,111,3980.8
10326704637546,112.650084627,7854931968,16751271936,7240278016,93760978944,42.5,1179.0,111,3622.4
10326754640161,112.700087242,7989493760,17012031488,7265419264,93735837696,40.5,1142.9,111,3622.4
10326804634752,112.750081833,7873122304,16769458176,7125041152,93876215808,40.3,1157.8,111,3622.4
10326854646936,112.800094017,7980335104,17030217728,7127592960,93873664000,46.9,1335.6,111,3622.4
10326904635836,112.850082917,8133881856,17030217728,7227973632,93773283328,43.7,1204.2,111,3622.4
10326954631829,112.90007891,7840264192,16778551296,6949609472,94051647488,40.1,1122.2,111,3622.4
10327004629305,112.950076386,7725371392,16621707264,6809202688,94192054272,46.5,1299.4,111,3622.4
10327054629997,113.000077078,7768002560,16703975424,7014019072,93987237888,52.2,1540.9,111,3622.4
10327104756741,113.050203822,8097513472,16993845248,7540420608,93460836352,50.9,1472.9,111,3622.4
10327154634708,113.100081789,7854940160,16751271936,7439495168,93561761792,44.3,1302.7,111,3622.4
10327204636682,113.150083763,8115699712,17012031488,7566667776,93434589184,42.4,1221.9,111,3622.4
10327254636693,113.200083774,7873126400,16769458176,7575650304,93425606656,39.8,1132.3,111,3807.3
10327304629400,113.250076481,7945134080,17030217728,7933820928,93067436032,48.4,1390.5,111,3807.3
10327354641424,113.300088505,7882219520,16778551296,7801167872,93200089088,42.1,1236.7,111,3807.3
10327404636565,113.350083646,7792488448,16688820224,7616434176,93384822784,47.5,1382.7,111,3807.3
10327454659660,113.400106741,7807643648,16703975424,7586758656,93414498304,54.0,1575.9,111,3807.3
10327504637185,113.450084266,7972585472,16993845248,7654883328,93346373632,49.1,1421.8,111,3807.3
10327554636180,113.500083261,7854940160,16751271936,7505977344,93495279616,42.9,1222.3,111,3807.3
10327604630286,113.550077367,7957135360,17012031488,7907344384,93093912576,48.4,1382.3,111,3807.3
10327654644992,113.600092073,7873126400,16769458176,7895732224,93105524736,43.5,1236.2,111,3807.3
10327704634689,113.65008177,8127905792,17030217728,8115662848,92885594112,48.4,1361.2,111,3807.3
10327754619878,113.700066959,7908433920,16828887040,8207654912,92793602048,43.3,1284.0,111,3807.3
10327804651286,113.750098367,7792488448,16688820224,8208142336,92793114624,47.5,1410.4,111,4026.0
10327854667634,113.800114715,7789813760,16703975424,8196530176,92804726784,53.1,1518.2,111,4026.0
10327904640089,113.85008717,7927574528,16993845248,8224624640,92776632320,50.3,1464.7,111,4026.0
10327954653422,113.900100503,7850266624,16751271936,8041934848,92959322112,39.6,1139.8,111,4026.0
10328004630595,113.950077676,7830904832,16810700800,7955804160,93045452800,45.0,1320.9,111,4026.0
10328054661892,114.000108973,8115703808,17012031488,8041992192,92959264768,44.4,1280.2,111,4026.0
10328104634197,114.050081278,7873130496,16769458176,7803023360,93198233600,39.9,1161.6,111,4026.0
10328154637150,114.100084231,8133890048,17030217728,7961673728,93039583232,44.7,1259.8,111,4026.0
10328204636676,114.150083757,7882223616,16778551296,7961448448,93039808512,41.8,1220.6,111,4026.0
10328254633106,114.200080187,7699046400,16595374080,8071622656,92929634304,50.0,1460.7,111,4026.0
10328304623766,114.250070847,7638589440,16569749504,7965306880,93035950080,53.7,1560.9,111,4026.0
10328354640155,114.300087236,8097521664,16993845248,8283115520,92718141440,47.5,1357.1,111,3627.1
10328404626516,114.350073597,7696384000,16751271936,8283115520,92718141440,46.5,1343.8,111,3627.1
10328454642063,114.400089144,8115707904,17012031488,8589160448,92412096512,47.5,1377.1,111,3627.1
10328504628451,114.450075532,7690674176,16769458176,8486457344,92514799616,43.0,1263.2,111,3627.1
10328554643152,114.500090233,8133894144,17030217728,8677154816,92324102144,47.2,1333.8,111,3627.1
10328604631314,114.550078395,7882227712,16778551296,8470663168,92530593792,39.4,1123.8,111,3627.1
10328654632229,114.60007931,7699050496,16595374080,8187572224,92813684736,48.7,1415.6,111,3627.1
10328704628516,114.650075597,7700897792,16636862464,8130801664,92870455296,53.1,1525.5,111,3627.1
10328754636866,114.700083947,8097521664,16993845248,8249245696,92752011264,45.9,1357.7,111,3627.1
10328804636298,114.750083379,7854948352,16751271936,8249475072,92751781888,45.3,1339.6,111,3627.1
10328854636753,114.800083834,8115707904,17012031488,8454971392,92546285568,46.3,1320.2,111,3627.1
10328904635274,114.850082355,7873134592,16769458176,8319311872,92681945088,41.5,1178.4,111,3727.0
10328954650487,114.900097568,8133898240,17030217728,8654778368,92346478592,45.6,1336.9,111,3727.0
10329004640030,114.950087111,7882235904,16778551296,8450404352,92550852608,41.5,1161.6,111,3727.0
10329054638652,115.000085733,7756840960,16688820224,8311062528,92690194432,46.9,1342.1,111,3727.0
10329104649226,115.050096307,7807660032,16703975424,8355811328,92645445632,56.3,1596.6,111,3727.0
10329154634111,115.100081192,8090443776,16993845248,8578764800,92422492160,50.3,1444.1,111,3727.0
10329204652560,115.150099641,7854956544,16751271936,8479326208,92521930752,46.5,1297.7,111,3727.0
10329254638977,115.200086058,7948005376,17012031488,8436490240,92564766720,43.7,1239.3,111,3727.0
10329304667466,115.250114547,7873142784,16769458176,8533266432,92467990528,45.6,1294.8,111,3727.0
10329354637272,115.300084353,7991898112,17030217728,8836202496,92165054464,52.8,1465.5,111,3727.0
10329404639680,115.350086761,7882235904,16778551296,8887037952,92114219008,47.5,1321.1,111,3604.1
10329454642259,115.40008934,7725391872,16621707264,8884187136,92117069824,47.2,1360.9,111,3604.1
10329504635336,115.450082417,7740547072,16636862464,8990244864,92011012096,54.7,1560.5,111,3604.1
10329554652168,115.500099249,8097529856,16993845248,9075609600,91925647360,50.6,1477.7,111,3604.1
10329604644404,115.550091485,7854956544,16751271936,8985034752,92016222208,46.0,1282.0,111,3604.1
10329654633894,115.600080975,8115716096,17012031488,8953810944,92047446016,47.2,1298.4,111,3604.1
10329704644805,115.650091886,7873142784,16769458176,8719491072,92281765888,44.4,1240.6,111,3604.1
10329754629686,115.700076767,8133902336,17030217728,8719642624,92281614336,46.0,1319.0,111,3604.1
10329804642311,115.750089392,7882235904,16778551296,8708616192,92292640768,44.9,1261.9,111,3604.1
10329854640598,115.800087679,7725391872,16621707264,8781127680,92220129280,48.8,1379.3,111,3604.1
10329904635548,115.850082629,7768023040,16703975424,8828596224,92172660736,53.8,1523.0,111,3604.1
10329954637773,115.900084854,8097538048,16993845248,8892637184,92108619776,51.0,1479.1,111,3959.0
10330004641610,115.950088691,7854964736,16751271936,8682119168,92319137792,44.4,1218.3,111,3959.0
10330054642673,116.000089754,8115724288,17012031488,8850669568,92150587392,47.8,1362.5,111,3959.0
10330104643976,116.050091057,7873150976,16769458176,8615424000,92385832960,40.0,1098.7,111,3959.0
10330154629488,116.100076569,8094269440,17030217728,8842506240,92158750720,49.1,1362.2,111,3959.0
10330204637053,116.150084134,7882244096,16778551296,8809074688,92192182272,44.4,1219.7,111,3959.0
10330254632054,116.200079135,7795314688,16691621888,8769593344,92231663616,49.7,1419.6,111,3959.0
10330304660689,116.25010777,7774990336,16703746048,8663961600,92337295360,53.1,1514.5,111,3959.0
10330354634749,116.30008183,7962624000,17022517248,8709636096,92291620864,52.5,1507.1,111,3959.0
10330404626794,116.350073875,7885238272,16821186560,8649318400,92351938560,39.6,1151.4,111,3959.0
10330454664246,116.400111327,8063356928,17022517248,8889630720,92111626240,50.0,1381.2,111,4143.3
10330504630889,116.45007797,8036020224,17022517248,9061171200,91940085760,45.9,1326.8,111,4143.3
10330554641055,116.500088136,7927693312,16831688704,9079566336,91921690624,47.1,1338.7,111,4143.3
10330604629209,116.55007629,7998287872,17033019392,9291165696,91710091264,48.7,1342.1,111,4143.3
10330654633284,116.600080365,7755673600,16691621888,9162309632,91838947328,47.2,1339.5,111,4143.3
10330704634313,116.650081394,7653404672,16549711872,9043841024,91957415936,53.5,1533.9,111,4143.3
10330754649538,116.700096619,8114495488,17022517248,9226985472,91774271488,54.7,1542.7,111,4143.3
10330804633505,116.750080586,7924879360,17022517248,9033191424,91968065536,43.7,1239.1,111,4143.3
10330854632109,116.80007919,7921598464,16821186560,8902320128,92098936832,45.3,1243.6,111,4143.3
10330904625573,116.850072654,8115712000,17022517248,9121161216,91880095744,48.1,1337.6,111,4143.3
10330954629547,116.900076628,7677747200,16772259840,8717205504,92284051456,43.1,1184.3,111,4143.3
10331004636758,116.950083839,8136712192,17033019392,8921063424,92080193536,46.5,1313.2,111,3380.7
10331054633398,117.000080479,7644078080,16580022272,8553984000,92447272960,42.1,1223.8,111,3380.7
10331104631822,117.050078903,7656734720,16595144704,8605818880,92395438080,53.1,1558.9,111,3380.7
10331154630306,117.100077387,8086573056,17022517248,9002446848,91998810112,54.1,1560.9,111,3380.7
10331204623650,117.150070731,7971012608,17022517248,9013112832,91988144128,42.4,1240.8,111,3380.7
10331254648755,117.200095836,8060805120,17022517248,9231421440,91769835520,47.8,1373.1,111,3380.7
10331304641197,117.250088278,7875956736,16772259840,9151680512,91849576448,44.7,1306.5,111,3380.7
10331354652635,117.300099716,8047362048,17033019392,9248350208,91752906752,46.9,1334.5,111,3380.7
10331404647703,117.350094784,7932235776,16831688704,9265471488,91735785472,44.0,1284.1,111,3380.7
10331454640125,117.400087206,7795322880,16691621888,9254117376,91747139584,48.1,1394.4,111,3380.7
10331504639056,117.450086137,7767805952,16703746048,9261965312,91739291648,51.2,1523.2,111,4138.4
10331554637456,117.500084537,8007299072,17022517248,9328799744,91672457216,52.9,1525.3,111,4138.4
10331604634424,117.550081505,7874555904,16770850816,9334534144,91666722816,43.8,1238.6,111,4138.4
10331654637753,117.600084834,8124502016,17022517248,9462784000,91538472960,48.1,1339.1,111,4138.4
10331704626165,117.650073246,8126222336,17022517248,9447817216,91553439744,41.5,1182.2,111,4138.4
10331754632981,117.700080062,7816220672,16831688704,9319321600,91681935360,44.3,1295.5,111,4138.4
10331804636110,117.750083191,8136724480,17033019392,9475674112,91525582848,46.5,1343.4,111,4138.4
10331854621726,117.800068807,7672143872,16580022272,9173872640,91827384320,39.6,1141.9,111,4138.4
10331904632089,117.85007917,7698849792,16595144704,8977661952,92023595008,53.1,1577.0,111,4138.4
10331954663001,117.900110082,8008056832,17022517248,9008320512,91992936448,53.1,1531.6,111,4138.4
10332004630723,117.950077804,8029741056,17022517248,8910778368,92090478592,43.7,1288.7,111,4138.4
10332054632650,118.000079731,7721885696,16619855872,8530571264,92470685696,40.0,1156.2,111,4315.6
10332104656499,118.05010358,8126222336,17022517248,8760451072,92240805888,44.4,1277.1,111,4315.6
10332154645601,118.100092682,7748034560,16772259840,8661102592,92340154368,44.6,1304.8,111,4315.6
10332204644903,118.150091984,8136728576,17033019392,8886194176,92115062784,45.1,1271.2,111,4315.6
10332254658302,118.200105383,7683731456,16580022272,8730882048,92270374912,44.7,1268.7,111,4315.6
10332304631504,118.250078585,7647170560,16543649792,8818360320,92182896640,53.5,1539.7,111,4315.6
10332354643961,118.300091042,8009965568,17022517248,8925671424,92075585536,54.1,1556.7,111,4315.6
10332404630017,118.350077098,8007303168,17022517248,8793006080,92208250880,45.9,1285.9,111,4315.6
10332454633627,118.400080708,7722942464,16619855872,8452354048,92548902912,39.1,1158.3,111,4315.6
10332504632886,118.450079967,8126226432,17022517248,8670400512,92330856448,45.3,1300.0,111,4315.6
10332554631222,118.500078303,7757045760,16772259840,8327127040,92674129920,42.7,1259.8,111,4315.6
10332604636282,118.550083363,8136728576,17033019392,8546725888,92454531072,44.1,1199.5,111,3583.7
10332654642564,118.600089645,7885062144,16781352960,8310292480,92690964480,43.1,1218.3,111,3583.7
10332704639718,118.650086799,7728218112,16624508928,8045793280,92955463680,46.3,1343.2,111,3583.7
10332754626903,118.700073984,7778082816,16703746048,8033665024,92967591936,52.5,1557.8,111,3583.7
10332804640248,118.750087329,8126226432,17022517248,8172998656,92828258304,48.7,1421.3,111,3583.7
10332854650668,118.800097749,7874560000,16770850816,7930429440,93070827520,40.6,1158.1,111,3583.7
10332904635288,118.850082369,8046944256,17022517248,8006160384,92995096576,45.6,1281.7,111,3583.7
10332954627603,118.900074684,8036036608,17022517248,7900270592,93100986368,38.6,1122.7,111,3583.7
10333004634146,118.950081227,7796269056,16772259840,7654346752,93346910208,40.3,1178.7,111,3583.7
10333054639255,119.000086336,8136732672,17033019392,7799885824,93201371136,41.9,1178.3,111,3583.7
10333104644154,119.050091235,7885066240,16781352960,7565275136,93435981824,41.2,1158.1,111,3439.8
10333154643363,119.100090444,7795335168,16691621888,7427223552,93574033408,43.9,1282.6,111,3439.8
10333204628955,119.150076036,7755022336,16703746048,7380008960,93621248000,53.8,1562.3,111,3439.8
10333254626921,119.200074002,8007311360,17022517248,7556513792,93444743168,53.8,1541.3,111,3439.8
10333304624155,119.250071236,7943770112,17022517248,7404249088,93597007872,40.9,1100.0,111,3439.8
10333354633473,119.300080554,7913263104,16821186560,7304896512,93696360448,43.7,1217.8,111,3439.8
10333404657879,119.35010496,8126234624,17022517248,7423082496,93578174464,44.4,1255.7,111,3439.8
10333454629785,119.400076866,7850803200,16772259840,7184523264,93816733696,39.9,1103.8,111,3439.8
10333504653757,119.450100838,8136736768,17033019392,7361028096,93640228864,42.9,1195.2,111,3439.8
10333554652892,119.500099973,7885070336,16781352960,7117172736,93884084224,40.5,1163.3,111,3439.8
10333604629273,119.550076354,7755698176,16691621888,6995693568,94005563392,45.9,1302.3,111,3439.8
10333654635802,119.600082883,7793606656,16703746048,6991564800,94009692160,55.3,1576.1,111,4127.0
10333704625749,119.65007283,8000397312,17022517248,7186132992,93815123968,51.9,1486.0,111,4127.0
10333754648298,119.700095379,7885262848,16821186560,7040335872,93960921088,37.5,1035.1,111,4127.0
10333804639838,119.750086919,7919808512,16821186560,7050694656,93950562304,46.2,1302.6,111,4127.0
10333854634705,119.800081786,8126234624,17022517248,7272087552,93729169408,44.7,1200.0,111,4127.0
10333904634410,119.850081491,7796695040,16772259840,7017402368,93983854592,44.0,1240.2,111,4127.0
10333954640829,119.90008791,8136736768,17033019392,7574003712,93427253248,47.2,1297.1,111,4127.0
10334004632960,119.950080041,7649087488,16580022272,7508459520,93492797440,46.5,1283.4,111,4127.0
10334054638226,120.000085307,7698862080,16595144704,7713091584,93288165376,51.9,1518.2,111,4127.0
10334104639755,120.050086836,7986675712,17022517248,8118484992,92882771968,54.1,1558.5,111,4127.0
10334154642337,120.100089418,8007311360,17022517248,8206209024,92795047936,47.8,1343.2,111,3856.9
10334204644166,120.150091247,7995924480,17022517248,8343642112,92657614848,48.4,1330.8,111,3856.9
10334254631168,120.200078249,7967674368,17022517248,8365305856,92635951104,46.8,1311.8,111,3856.9
10334304648287,120.250095368,7945551872,17033019392,8248426496,92752830464,45.3,1292.0,111,3856.9
10334354646790,120.300093871,8136740864,17033019392,8391831552,92609425408,46.3,1282.9,111,3856.9
10334404644803,120.350091884,7795343360,16691621888,8478441472,92522815488,49.7,1380.3,111,3856.9
10334454634058,120.400081139,7806152704,16703746048,8464506880,92536750080,54.7,1563.6,111,3856.9
10334504640684,120.450087765,8126238720,17022517248,8745893888,92255363072,51.9,1496.0,111,3856.9
10334554653181,120.500100262,7874572288,16770850816,8509526016,92491730944,39.4,1079.1,111,3856.9
10334604645118,120.550092199,8110133248,17022517248,8612777984,92388478976,47.8,1377.6,111,3856.9
10334654623549,120.60007063,7945875456,17022517248,8563728384,92437528576,45.6,1247.6,111,3856.9
10334704648750,120.650095831,8086749184,17033019392,8829001728,92172255232,50.6,1410.5,111,4291.0
10334754627913,120.700074994,7890321408,16831688704,8767328256,92233928704,44.7,1248.3,111,4291.0
10334804636462,120.750083543,7795347456,16691621888,8769896448,92231360512,50.3,1438.7,111,4291.0
10334854636064,120.800083145,7807471616,16703746048,8799490048,92201766912,54.7,1539.5,111,4291.0
10334904640836,120.850087917,8126242816,17022517248,8928669696,92072587264,50.0,1418.3,111,4291.0
10334954647802,120.900094883,7874576384,16770850816,8676814848,92324442112,43.9,1218.7,111,4291.0
10335004650641,120.950097722,8126242816,17022517248,9069858816,91931398144,49.4,1418.3,111,4291.0
10335054642117,121.000089198,7875985408,16772259840,9016442880,91984814080,45.0,1279.5,111,4291.0
10335104646348,121.050093429,8136744960,17033019392,9298386944,91702870016,50.0,1459.1,111,4291.0
10335154649026,121.100096107,7885078528,16781352960,9047363584,91953893376,41.1,1202.0,111,4291.0
10335204636455,121.150083536,7728234496,16624508928,8858480640,92142776320,47.8,1362.7,111,4291.0
10335254635906,121.200082987,7765516288,16703746048,8759390208,92241866752,52.8,1580.3,111,3852.9
10335304632112,121.250079193,8126246912,17022517248,8862609408,92138647552,49.4,1416.2,111,3852.9
10335354645410,121.300092491,7874584576,16770850816,8610709504,92390547456,44.0,1261.8,111,3852.9
10335404674789,121.35012187,8126251008,17022517248,8798466048,92202790912,44.0,1292.5,111,3852.9
10335454640176,121.400087257,7875993600,16772259840,8790208512,92211048448,46.8,1306.5,111,3852.9
10335504641237,121.450088318,8136753152,17033019392,9153658880,91847598080,48.1,1401.6,111,3852.9
10335554631638,121.500078719,7885086720,16781352960,9029726208,91971530752,45.6,1283.2,111,3852.9
10335604629974,121.550077055,7698878464,16595144704,8980180992,92021075968,48.4,1439.7,111,3852.9
10335654634642,121.600081723,7673253888,16569520128,8814759936,92186497024,53.7,1549.7,111,3852.9
10335704653978,121.650101059,8126251008,17022517248,9044586496,91956670464,46.8,1368.2,111,3852.9
10335754632627,121.700079708,7678754816,16619855872,8942428160,92058828800,46.0,1314.3,111,3852.9
10335804634209,121.75008129,8126251008,17022517248,9286664192,91714592768,47.8,1386.3,111,3555.4
10335854626914,121.800073995,7796711424,16772259840,8991047680,92010209280,42.5,1239.2,111,3555.4
10335904658023,121.850105104,8136753152,17033019392,9059463168,91941793792,44.4,1254.8,111,3555.4
10335954631812,121.900078893,7885086720,16781352960,8938954752,92062302208,43.8,1244.4,111,3555.4
10336004729298,121.950176379,7661129728,16557395968,8622829568,92378427392,45.0,1300.1,111,3555.4
10336054646599,122.00009368,7740366848,16636633088,8542830592,92458426368,53.8,1563.8,111,3555.4
10336104640467,122.050087548,8126251008,17022517248,8664350720,92336906240,46.9,1354.9,111,3555.4
10336154631619,122.1000787,7853608960,16770850816,8422305792,92578951168,44.4,1283.6,111,3555.4
10336204638602,122.150085683,8126255104,17022517248,8665780224,92335476736,45.0,1279.7,111,3555.4
10336254634974,122.200082055,7875997696,16772259840,8454012928,92547244032,44.7,1302.3,111,3555.4
10336304637679,122.25008476,8136757248,17033019392,8497180672,92504076288,41.8,1240.4,111,4180.5
10336354640152,122.300087233,7885090816,16781352960,8456966144,92544290816,44.7,1298.4,111,4180.5
10336404700407,122.350147488,7661133824,16557395968,8261517312,92739739648,47.8,1385.7,111,4180.5
10336454626856,122.400073937,7740375040,16636633088,8338444288,92662812672,53.2,1559.1,111,4180.5
10336504641379,122.45008846,8126259200,17022517248,8814800896,92186456064,49.7,1435.5,111,4180.5
10336554636175,122.500083256,7773396992,16821186560,8598040576,92403216384,46.8,1341.7,111,4180.5
10336604634658,122.550081739,8126259200,17022517248,8794931200,92206325760,46.9,1321.7,111,4180.5
10336654642168,122.600089249,7823683584,16831688704,8661827584,92339429376,45.3,1295.0,111,4180.5
10336704632816,122.650079897,8057479168,17033019392,8920649728,92080607232,46.3,1323.4,111,4180.5
10336754632922,122.700080003,7795363840,16691621888,8817659904,92183597056,47.5,1401.0,111,4180.5
10336804629502,122.750076583,7807488000,16703746048,8776888320,92224368640,52.5,1556.6,111,4180.5
10336854655968,122.800103049,8126259200,17022517248,9106247680,91895009280,51.3,1522.4,111,4064.2
10336904641636,122.850088717,7874592768,16770850816,8928276480,92072980480,45.3,1299.3,111,4064.2
10336954643716,122.900090797,8126259200,17022517248,8904925184,92096331776,45.9,1339.1,111,4064.2
10337004637150,122.950084231,7876001792,16772259840,8667484160,92333772800,43.4,1222.0,111,4064.2
10337054639019,123.0000861,8136761344,17033019392,8804392960,92196864000,44.4,1240.4,111,4064.2
10337104640708,123.050087789,7885094912,16781352960,8554602496,92446654464,41.8,1178.7,111,4064.2
10337154649280,123.100096361,7728250880,16624508928,8418492416,92582764544,49.1,1397.9,111,4064.2
10337204631121,123.150078202,7740375040,16636633088,8308752384,92692504576,53.8,1563.4,111,4064.2
10337254657437,123.200104518,8126259200,17022517248,8500482048,92500774912,48.8,1396.4,111,4064.2
10337304633117,123.250080198,7874592768,16770850816,8270561280,92730695680,44.7,1244.1,111,4064.2
10337354639385,123.300086466,8126259200,17022517248,8505835520,92495421440,46.6,1280.3,111,4064.2
10337404630754,123.350077835,7876001792,16772259840,8505704448,92495552512,43.5,1199.5,111,4011.9
10337454626461,123.400073542,7938560000,17033019392,8667758592,92333498368,43.9,1242.5,111,4011.9
10337504635441,123.450082522,7885099008,16781352960,8674709504,92326547456,43.1,1216.2,111,4011.9
10337554636115,123.500083196,7795367936,16691621888,8685490176,92315766784,48.1,1402.9,111,4011.9
10337604637860,123.550084941,7807492096,16703746048,8568221696,92433035264,54.4,1556.0,111,4011.9
10337654632913,123.600079994,8125313024,17022517248,8737738752,92263518208,52.2,1462.9,111,4011.9
10337704626443,123.650073524,7874600960,16770850816,8585748480,92415508480,37.9,1035.1,111,4011.9
10337754627718,123.700074799,8086626304,17022517248,8680194048,92321062912,50.3,1427.3,111,4011.9
10337804629684,123.750076765,8029786112,17022517248,8707731456,92293525504,40.9,1159.0,111,4011.9
10337854645306,123.800092387,7924846592,16831688704,8469430272,92531826688,46.3,1297.3,111,4011.9
10337904642864,123.850089945,8136769536,17033019392,8517533696,92483723264,46.2,1281.1,111,3487.5
10337954632857,123.900079938,7644131328,16580022272,8156745728,92844511232,41.8,1201.4,111,3487.5
10338004637017,123.950084098,7698894848,16595144704,8151334912,92849922048,53.1,1517.7,111,3487.5
10338054639174,124.000086255,7902785536,16821186560,8205266944,92795990016,54.1,1560.8,111,3487.5
10338104636632,124.050083713,8126271488,17022517248,8241573888,92759683072,45.0,1280.4,111,3487.5
10338154627256,124.100074337,7834963968,16770850816,7985512448,93015744512,40.1,1102.6,111,3487.5
10338204639231,124.150086312,8126271488,17022517248,8296718336,92704538624,46.3,1355.9,111,3487.5
10338254643842,124.200090923,7876014080,16772259840,8272703488,92728553472,44.4,1241.7,111,3487.5
10338304637793,124.250084874,8136773632,17033019392,8492298240,92508958720,47.2,1318.3,111,3487.5
10338354635782,124.300082863,7885107200,16781352960,8467783680,92533473280,43.7,1222.4,111,3487.5
10338404627548,124.350074629,7728263168,16624508928,8463138816,92538118144,49.1,1399.9,111,3487.5
10338454627170,124.400074251,7778127872,16703746048,8341336064,92659920896,54.1,1560.7,111,4022.0
10338504633892,124.450080973,8126271488,17022517248,8407457792,92593799168,51.3,1438.3,111,4022.0
10338554636385,124.500083466,7874609152,16770850816,8336105472,92665151488,43.1,1201.1,111,4022.0
10338604646203,124.550093284,8126275584,17022517248,8498298880,92502958080,48.8,1355.9,111,4022.0
10338654656962,124.600104043,7876018176,16772259840,8498556928,92502700032,43.7,1160.3,111,4022.0
10338704636282,124.650083363,7993589760,17033019392,8563310592,92437946368,46.8,1319.9,111,4022.0
10338754638615,124.700085696,7885111296,16781352960,8427180032,92574076928,41.9,1181.4,111,4022.0
10338804638263,124.750085344,7795380224,16691621888,8327757824,92673499136,48.4,1398.2,111,4022.0
10338854629065,124.800076146,7807504384,16703746048,8389689344,92611567616,53.5,1560.6,111,4022.0
10338904637610,124.850084691,8107556864,17022517248,8646225920,92355031040,51.9,1443.2,111,4022.0
10338954635925,124.900083006,7874609152,16770850816,8468267008,92532989952,44.4,1217.4,111,3996.2
10339004630755,124.950077836,8007352320,17022517248,8663449600,92337807360,48.1,1424.0,111,3996.2
10339054667814,125.000114895,7875776512,16772259840,8570675200,92430581760,38.4,1084.6,111,3996.2
10339104651322,125.050098403,8043573248,17033019392,8584327168,92416929792,47.5,1375.1,111,3996.2
10339154627275,125.100074356,8010936320,17033019392,8700964864,92300292096,43.9,1245.4,111,3996.2
10339204633275,125.150080356,7795380224,16691621888,8643678208,92357578752,46.9,1376.7,111,3996.2
10339254631961,125.200079042,7807504384,16703746048,8466870272,92534386688,53.5,1559.7,111,3996.2
10339304630067,125.250077148,8126279680,17022517248,8643375104,92357881856,50.6,1481.3,111,3996.2
10339354634524,125.300081605,7874613248,16770850816,8642498560,92358758400,44.4,1298.6,111,3996.2
10339404640925,125.350088006,8014516224,17022517248,8692027392,92309229568,45.6,1317.8,111,3996.2
10339454636385,125.400083466,7876022272,16772259840,8757514240,92243742720,41.9,1201.8,111,4093.7
10339504643244,125.450090325,8121470976,17033019392,8854269952,92146987008,47.8,1401.1,111,4093.7
10339554635094,125.500082175,7981580288,17033019392,8689364992,92311891968,44.0,1258.1,111,4093.7
10339604631923,125.550079004,7795384320,16691621888,8405700608,92595556352,44.7,1283.0,111,4093.7
10339654638992,125.600086073,7778222080,16703746048,8458690560,92542566400,52.8,1536.2,111,4093.7
10339704647083,125.650094164,8101126144,17022517248,8530407424,92470849536,50.3,1478.6,111,4093.7
10339754647890,125.700094971,7874617344,16770850816,8371855360,92629401600,44.0,1241.4,111,4093.7
10339804655069,125.75010215,8075493376,17022517248,8514854912,92486402048,46.9,1320.7,111,4093.7
10339854661968,125.800109049,7876026368,16772259840,8289771520,92711485440,41.5,1199.5,111,4093.7
10339904649550,125.850096631,7978221568,17033019392,8237535232,92763721728,44.0,1260.5,111,4093.7
10339954635568,125.900082649,7938580480,17033019392,8275922944,92725334016,40.3,1143.9,111,4093.7
10340004633991,125.950081072,7795388416,16691621888,8190316544,92810940416,46.3,1316.3,111,4157.0
10340054634136,126.000081217,7736782848,16636633088,8234278912,92766978048,51.9,1539.8,111,4157.0
10340104632549,126.05007963,7987863552,17022517248,8460640256,92540616704,53.5,1541.1,111,4157.0
10340154639938,126.100087019,7874617344,16770850816,8280002560,92721254400,41.2,1160.0,111,4157.0
10340204649322,126.150096403,8115441664,17022517248,8414433280,92586823680,45.3,1318.7,111,4157.0
10340254636473,126.200083554,8126283776,17022517248,8364494848,92636762112,40.3,1138.2,111,4157.0
10340304634985,126.250082066,7699857408,16772259840,8078753792,92922503168,37.3,1102.9,111,4157.0
10340354639860,126.300086941,8136785920,17033019392,8209293312,92791963648,44.4,1278.6,111,4157.0
10340404620939,126.35006802,7766196224,16781352960,7852732416,93148524544,41.5,1204.2,111,4157.0
10340454625534,126.400072615,7673438208,16578367488,7857315840,93143941120,49.1,1417.7,111,4157.0
10340504646225,126.450093306,8008617984,17022517248,8181166080,92820090880,53.5,1553.2,111,3854.9
10340554631038,126.500078119,8002543616,17022517248,8182435840,92818821120,45.3,1304.5,111,3854.9
10340604639156,126.550086237,7906996224,16821186560,8236093440,92765163520,42.5,1218.3,111,3854.9
10340654631513,126.600078594,8057069568,17022517248,8395169792,92606087168,46.8,1322.9,111,3854.9
10340704639320,126.650086401,7924924416,16831688704,8322383872,92678873088,45.1,1278.5,111,3854.9
10340754628932,126.700076013,8082251776,17033019392,8372961280,92628295680,42.8,1261.6,111,3854.9
10340804625928,126.750073009,7728279552,16691621888,8166789120,92834467840,44.0,1280.5,111,3854.9
10340854631902,126.800078983,7741808640,16703746048,8166957056,92834299904,53.8,1535.5,111,3854.9
10340904629960,126.850077041,8025620480,17022517248,8399523840,92601733120,53.5,1562.5,111,3854.9
10340954629461,126.900076542,8047009792,17022517248,8360636416,92640620544,36.9,1081.1,111,3854.9
10341004642007,126.950089088,7785414656,16821186560,8193777664,92807479296,41.2,1215.6,111,3854.9
10341054647139,127.00009422,8126291968,17022517248,8489807872,92511449088,46.9,1320.8,111,3231.0
10341104626672,127.050073753,7836393472,16772259840,8248942592,92752314368,42.4,1182.9,111,3231.0
10341154638096,127.100085177,8136794112,17033019392,8431108096,92570148864,44.3,1277.7,111,3231.0
10341204635062,127.150082143,7803330560,16781352960,8281145344,92720111616,44.0,1223.2,111,3231.0
10341254638330,127.200085411,7698919424,16595144704,8074182656,92927074304,49.4,1439.4,111,3231.0
10341304691885,127.250138966,7740407808,16636633088,8011980800,92989276160,54.0,1554.5,111,3231.0
10341354636731,127.300083812,8126291968,17022517248,8177905664,92823351296,48.1,1343.5,111,3231.0
10341404629840,127.350076921,7874625536,16770850816,7950204928,93051052032,45.3,1261.3,111,3231.0
10341454651884,127.400098965,8126291968,17022517248,8311197696,92690059264,45.3,1254.5,111,3231.0
10341504638457,127.450085538,7876034560,16772259840,8047255552,92954001408,44.3,1242.1,111,3231.0
10341554639006,127.500086087,8136794112,17033019392,8183230464,92818026496,46.9,1319.2,111,3231.0
10341604634777,127.550081858,7885127680,16781352960,8183562240,92817694720,46.8,1323.3,111,3422.3
10341654635066,127.600082147,7728287744,16624508928,8147013632,92854243328,49.1,1397.9,111,3422.3
10341704636547,127.650083628,7767887872,16703746048,8063664128,92937592832,53.8,1543.2,111,3422.3
10341754638279,127.70008536,8126300160,17022517248,8218492928,92782764032,50.6,1438.8,111,3422.3
10341804646323,127.750093404,7874633728,16770850816,8000643072,93000613888,41.5,1158.0,111,3422.3
10341854628698,127.800075779,7996268544,17022517248,8085741568,92915515392,44.9,1283.6,111,3422.3
10341904627073,127.850074154,7967735808,17022517248,8016171008,92985085952,41.8,1161.5,111,3422.3
10341954640498,127.900087579,7919095808,16831688704,8000376832,93000880128,45.1,1255.2,111,3422.3
10342004630056,127.950077137,8057520128,17033019392,8102305792,92898951168,46.9,1303.2,111,3422.3
10342054628632,128.000075713,7780716544,16691621888,8054624256,92946632704,44.0,1239.9,111,3422.3
10342104629452,128.050076533,7673303040,16569520128,7933857792,93067399168,53.8,1549.1,111,3422.3
10342154633188,128.100080269,8086659072,17022517248,8113459200,92887797760,55.3,1570.4,111,4164.9
10342204642324,128.150089405,7928094720,17022517248,7842766848,93158490112,40.9,1136.7,111,4164.9
10342254630790,128.200077871,7745036288,16821186560,7587299328,93413957632,42.5,1143.1,111,4164.9
10342304654625,128.250101706,8126300160,17022517248,7767674880,93233582080,45.3,1294.1,111,4164.9
10342354626730,128.300073811,7859257344,16772259840,7526408192,93474848768,43.0,1186.1,111,4164.9
10342404656085,128.350103166,8136802304,17033019392,7530536960,93470720000,43.5,1235.2,111,4164.9
10342454636716,128.400083797,7885139968,16781352960,7288954880,93712302080,42.4,1183.8,111,4164.9
10342504630990,128.450078071,7728295936,16624508928,7082819584,93918437376,46.9,1318.4,111,4164.9
10342554641275,128.500088356,7807533056,16703746048,7025274880,93975982080,54.7,1577.5,111,4164.9
10342604641831,128.550088912,8044732416,17022517248,7107076096,93894180864,48.4,1357.7,111,4164.9
10342654639813,128.600086894,7874641920,16770850816,6937280512,94063976448,43.1,1183.6,111,3817.6
10342704646270,128.650093351,8120856576,17022517248,7116988416,93884268544,45.3,1301.1,111,3817.6
10342754624453,128.700071534,8036118528,17022517248,7001772032,93999484928,43.4,1241.2,111,3817.6
10342804622906,128.750069987,7717486592,16772259840,6700240896,94301016064,37.8,1061.6,111,3817.6
10342854634142,128.800081223,8136810496,17033019392,6992338944,94008918016,45.4,1233.4,111,3817.6
10342904669265,128.850116346,7885135872,16781352960,6738432000,94262824960,42.1,1184.3,111,3817.6
10342954629564,128.900076645,7688658944,16624508928,6548754432,94452502528,48.8,1358.3,111,3817.6
10343004621534,128.950068615,7740424192,16636633088,6579458048,94421798912,53.5,1556.1,111,3817.6
10343054645445,129.000092526,8126308352,17022517248,6954143744,94047113216,47.5,1382.8,111,3817.6
10343104641552,129.050088633,7874641920,16770850816,6712868864,94288388096,40.9,1180.4,111,3817.6
10343154627090,129.100074171,8010956800,17022517248,6912847872,94088409088,42.1,1242.3,111,3817.6
10343204641833,129.150088914,7888273408,16821186560,6755438592,94245818368,36.3,1057.0,111,3684.2
10343254659271,129.200106352,7865458688,16831688704,6691893248,94309363712,43.7,1238.1,111,3684.2
10343304637665,129.250084746,8136810496,17033019392,6949150720,94052106240,42.5,1244.2,111,3684.2
10343354624074,129.300071155,7805861888,16781352960,6640492544,94360764416,41.0,1162.4,111,3684.2
10343404629370,129.350076451,7698935808,16595144704,6495985664,94505271296,46.5,1398.9,111,3684.2
10343454655715,129.400102796,7740424192,16636633088,6532112384,94469144576,53.1,1577.9,111,3684.2
10343504642822,129.450089903,8126308352,17022517248,6918926336,94082330624,46.6,1338.6,111,3684.2
10343554632414,129.500079495,7874641920,16770850816,6675058688,94326198272,41.8,1223.0,111,3684.2
10343604641533,129.550088614,8126308352,17022517248,6914527232,94086729728,42.8,1216.9,111,3684.2
10343654641946,129.600089027,7876050944,16772259840,6675394560,94325862400,39.8,1080.9,111,3684.2
10343704648941,129.650096022,8095064064,17033019392,6876725248,94124531712,42.8,1238.5,111,4265.5
10343754633893,129.700080974,8136814592,17033019392,6946693120,94054563840,39.9,1161.5,111,4265.5
10343804625559,129.75007264,7726583808,16781352960,6549078016,94452178944,37.1,1042.9,111,4265.5
10343854632604,129.800079685,7698939904,16595144704,6485856256,94515400704,49.4,1476.5,111,4265.5
10343904630703,129.850077784,7740428288,16636633088,6494195712,94507061248,52.2,1539.0,111,4265.5
10343954641665,129.900088746,8126312448,17022517248,6866817024,94134439936,47.8,1376.7,111,4265.5
10344004640424,129.950087505,7874650112,16770850816,6627864576,94373392384,41.9,1203.5,111,4265.5
10344054632691,130.000079772,8126316544,17022517248,6874169344,94127087616,42.9,1198.6,111,4265.5
10344104641410,130.050088491,7876059136,16772259840,6634057728,94367199232,39.9,1159.7,111,4265.5
10344154638957,130.100086038,8097177600,17033019392,6891900928,94109356032,46.6,1324.1,111,4265.5
10344204628969,130.15007605,8057536512,17033019392,6845452288,94155804672,39.9,1199.3,111,4265.5
10344254621637,130.200068718,7643688960,16540618752,6405029888,94596227072,37.5,1057.8,111,4190.3
10344304631808,130.250078889,7675514880,16578367488,6381805568,94619451392,52.5,1561.7,111,4190.3
10344354641088,130.300088169,7699283968,16619855872,6395482112,94605774848,52.8,1533.4,111,4190.3
10344404646870,130.350093951,8126320640,17022517248,6818668544,94182588416,44.7,1303.1,111,4190.3
10344454631523,130.400078604,7874654208,16770850816,6581510144,94419746816,44.0,1263.1,111,4190.3
10344504635439,130.45008252,8126320640,17022517248,6815404032,94185852928,40.1,1098.2,111,4190.3
10344554636018,130.500083099,7876063232,16772259840,6576611328,94424645632,37.7,1099.6,111,4190.3
10344604739074,130.550186155,7954509824,17033019392,6638411776,94362845184,45.3,1251.6,111,4190.3
10344654672174,130.600119255,8136822784,17033019392,6831456256,94169800704,44.0,1226.6,111,4190.3
10344704637666,130.650084747,7766233088,16781352960,6475653120,94525603840,40.3,1182.9,111,4190.3
10344754638656,130.700085737,7698948096,16595144704,6394109952,94607147008,48.1,1411.0,111,3989.8
10344804635208,130.750082289,7740436480,16636633088,6431784960,94569472000,54.4,1571.4,111,3989.8
10344854634345,130.800081426,8126324736,17022517248,6819889152,94181367808,45.6,1337.8,111,3989.8
10344904639232,130.850086313,7874658304,16770850816,6561325056,94439931904,42.1,1200.2,111,3989.8
10344954630113,130.900077194,7924994048,16821186560,6644146176,94357110784,38.8,1120.9,111,3989.8
10345004626164,130.950073245,7885352960,16821186560,6585143296,94416113664,39.2,1122.6,111,3989.8
10345054640900,131.000087981,7948390400,17033019392,6597435392,94403821568,47.5,1289.7,111,3989.8
10345104641991,131.050089072,8136826880,17033019392,6800519168,94200737792,44.7,1245.9,111,3989.8
10345154637571,131.100084652,7813849088,16781352960,6517628928,94483628032,42.1,1181.9,111,3989.8
10345204639763,131.150086844,7734378496,16630571008,6418153472,94583103488,46.9,1336.8,111,3989.8
10345254642446,131.200089527,7816646656,16712839168,6487310336,94513946624,53.5,1578.5,111,4005.9
10345304641723,131.250088804,7978614784,17002708992,6821961728,94179295232,52.2,1461.6,111,4005.9
10345354645960,131.300093041,7863943168,16760135680,6707904512,94293352448,41.9,1137.7,111,4005.9
10345404650026,131.350097107,8018341888,17020895232,6843265024,94157991936,47.8,1338.0,111,4005.9
10345454644744,131.400091825,8124702720,17020895232,6942539776,94058717184,45.0,1246.1,111,4005.9
10345504630011,131.450077092,7882121216,16778321920,6942797824,94058459136,44.9,1240.9,111,4005.9
10345554644343,131.500091424,8142888960,17039081472,7467151360,93534105600,49.1,1394.5,111,4005.9
10345604651312,131.550098393,7891226624,16787415040,7459405824,93541851136,45.0,1243.5,111,4005.9
10345654627651,131.600074732,7694741504,16630571008,7316271104,93684985856,47.1,1361.3,111,4005.9
10345704631003,131.650078084,7749537792,16645726208,7306981376,93694275584,53.5,1534.8,111,4005.9
10345754637189,131.70008427,8106520576,17002708992,7805603840,93195653120,52.8,1485.2,111,4005.9
10345804642504,131.750089585,7863947264,16760135680,7797411840,93203845120,45.3,1277.6,111,3686.8
10345854630957,131.800078038,8124706816,17020895232,8126107648,92875149312,48.1,1343.1,111,3686.8
10345904653836,131.850100917,7882133504,16778321920,8127397888,92873859072,46.0,1274.5,111,3686.8
10345954634103,131.900081184,8142893056,17039081472,8208543744,92792713216,46.9,1325.6,111,3686.8
10346004645249,131.95009233,7891230720,16787415040,8157868032,92843388928,45.9,1256.5,111,3686.8
10346054645114,132.000092195,7734386688,16630571008,8053428224,92947828736,46.8,1359.2,111,3686.8
10346104634298,132.050081379,7816654848,16712839168,7989415936,93011841024,53.5,1544.7,111,3686.8
10346154636357,132.100083438,8106524672,17002708992,8262172672,92739084288,54.4,1537.1,111,3686.8
10346204645659,132.15009274,7863951360,16760135680,8021499904,92979757056,42.5,1174.7,111,3686.8
10346254638420,132.200085501,8107589632,17020895232,8290762752,92710494208,46.8,1325.9,111,3686.8
10346304629308,132.250076389,7882137600,16778321920,8267280384,92733976576,40.5,1162.2,111,3686.8
10346354639442,132.300086523,8140529664,17039081472,8596910080,92404346880,49.4,1399.9,111,4404.6
10346404626673,132.350073754,8067387392,17039081472,8665563136,92335693824,44.1,1220.9,111,4404.6
10346454639402,132.400086483,7801499648,16697683968,8573243392,92428013568,47.5,1375.3,111,4404.6
10346504639524,132.450086605,7699435520,16645726208,8493887488,92507369472,53.1,1540.5,111,4404.6
10346554645336,132.500092417,8056184832,17002708992,8832000000,92169256960,53.8,1538.2,111,4404.6
10346604630820,132.550077901,8027242496,17002708992,8781918208,92219338752,42.4,1204.0,111,4404.6
10346654705294,132.600152375,7863042048,16819564544,8716619776,92284637184,46.6,1292.9,111,4404.6
10346704634861,132.650081942,8124710912,17020895232,8749023232,92252233728,46.8,1306.6,111,4404.6
10346754653568,132.700100649,7763214336,16778321920,8633675776,92367581184,45.9,1315.6,111,4404.6
10346804668237,132.750115318,8142897152,17039081472,8912867328,92088389632,47.2,1320.5,111,4404.6
10346854635246,132.800082327,7794753536,16787415040,8812797952,92188459008,45.3,1283.9,111,4404.6
10346904669773,132.850116854,7657721856,16553906176,8809336832,92191920128,50.3,1447.4,111,4123.3
10346954647502,132.900094583,7810666496,16801378304,8980680704,92020576256,54.1,1547.9,111,4123.3
10347004651471,132.950098552,8033116160,17002708992,9018613760,91982643200,47.2,1341.9,111,4123.3
10347054650430,133.000097511,7818657792,16819564544,8864129024,92137127936,44.0,1293.7,111,4123.3
10347104639120,133.050086201,8124719104,17020895232,9037520896,91963736064,45.6,1329.7,111,4123.3
10347154638801,133.100085882,7882145792,16778321920,8785805312,92215451648,39.4,1142.3,111,4123.3
10347204643482,133.150090563,8142905344,17039081472,8972632064,92028624896,47.5,1364.3,111,4123.3
10347254630458,133.200077539,7891238912,16787415040,8878682112,92122574848,41.7,1209.8,111,4123.3
10347304624087,133.250071168,7669665792,16570683392,8591216640,92410040320,46.2,1358.8,111,4123.3
10347354637715,133.300084796,7749550080,16645726208,8659066880,92342190080,62.9,1539.9,111,4123.3
10347404656372,133.350103453,8106532864,17002708992,9053106176,91948150784,62.3,1476.7,111,4123.3
10347454653288,133.400100369,7863959552,16760135680,8843489280,92157767680,40.9,1164.1,111,3666.0
10347504642736,133.450089817,8124719104,17020895232,9162952704,91838304256,47.8,1400.4,111,3666.0
10347554654146,133.500101227,7882145792,16778321920,9170968576,91830288384,40.6,1178.8,111,3666.0
10347604629707,133.550076788,7984340992,17039081472,9325506560,91675750400,46.9,1345.4,111,3666.0
10347654632130,133.600079211,7984340992,17039081472,9391566848,91609690112,42.4,1238.6,111,3666.0
10347704639722,133.650086803,7801507840,16697683968,9382793216,91618463744,47.5,1376.0,111,3666.0
10347754653316,133.700100397,7816663040,16712839168,9518186496,91483070464,52.8,1559.2,111,3666.0
10347804647493,133.750094574,8106532864,17002708992,9580113920,91421143040,50.9,1499.7,111,3666.0
10347854642722,133.800089803,7863959552,16760135680,9389080576,91612176384,42.5,1220.7,111,3666.0
10347904645375,133.850092456,7984480256,17020895232,9544593408,91456663552,47.2,1360.6,111,3666.0
10347954644632,133.900091713,7882149888,16778321920,9415294976,91585961984,43.7,1281.3,111,3666.0
10348004644400,133.950091481,7979220992,17039081472,9609969664,91391287296,47.1,1398.2,111,4244.0
10348054638567,134.000085648,7891247104,16787415040,9437851648,91563405312,43.7,1240.4,111,4244.0
10348104632884,134.050079965,7774240768,16697683968,9297575936,91703681024,48.1,1402.9,111,4244.0
10348154646478,134.100093559,7816671232,16712839168,9346134016,91655122944,53.1,1577.1,111,4244.0
10348204644412,134.150091493,8106541056,17002708992,9528569856,91472687104,50.9,1500.0,111,4244.0
10348255032283,134.200479364,7863967744,16760135680,9276456960,91724800000,39.8,1107.1,111,4244.0
10348304627596,134.250074677,8028250112,17020895232,9487659008,91513597952,47.8,1440.5,111,4244.0
10348354665497,134.300112578,7882153984,16778321920,9498480640,91502776320,41.8,1209.6,111,4244.0
10348404652610,134.350099691,8090873856,17039081472,9687883776,91313373184,48.1,1381.7,111,4244.0
10348454633602,134.400080683,8142913536,17039081472,9729228800,91272028160,42.4,1209.8,111,4244.0
10348504929453,134.450376534,7740956672,16697683968,9552879616,91448377344,43.2,1242.6,111,4118.1
10348554654190,134.500101271,7708069888,16604237824,9458434048,91542822912,51.0,1556.4,111,4118.1
10348604646400,134.550093481,7788216320,16801378304,9484464128,91516792832,52.2,1518.3,111,4118.1
10348654639572,134.600086653,8106541056,17002708992,9627525120,91373731840,45.9,1340.1,111,4118.1
10348704669313,134.650116394,7863971840,16760135680,9434632192,91566624768,41.4,1181.6,111,4118.1
10348754654009,134.70010109,8124731392,17020895232,9437212672,91564044288,44.9,1318.8,111,4118.1
10348804655116,134.750102197,7882158080,16778321920,9198055424,91803201536,37.1,1059.0,111,4118.1
10348854632547,134.800079628,8079994880,17039081472,9268228096,91733028864,48.1,1385.6,111,4118.1
10348904630608,134.850077689,7984353280,17039081472,9034551296,91966705664,40.5,1200.1,111,4118.1
10348954641103,134.900088184,7801520128,16697683968,8795738112,92205518848,46.3,1336.3,111,4118.1
10349004634845,134.950081926,7749566464,16712839168,8959598592,92041658368,51.3,1522.9,111,4118.1
10349054631093,135.000078174,7915700224,17002708992,9045012480,91956244480,51.9,1482.0,111,4060.6
10349104629525,135.050076606,7961833472,17002708992,9073872896,91927384064,41.5,1159.6,111,4060.6
10349154633437,135.100080518,7919800320,16819564544,8995164160,92006092800,46.0,1278.6,111,4060.6
10349204644092,135.150091173,8124735488,17020895232,9049530368,91951726592,45.3,1278.3,111,4060.6
10349254632114,135.200079195,7723597824,16778321920,9026048000,91975208960,46.5,1343.5,111,4060.6
10349304634062,135.250081143,8142921728,17039081472,9208164352,91793092608,48.4,1338.3,111,4060.6
10349354629759,135.30007684,7772332032,16787415040,8926478336,92074778624,45.9,1301.1,111,4060.6
10349404639632,135.350086713,7708078080,16604237824,9011302400,91989954560,51.9,1476.9,111,4060.6
10349454646821,135.400093902,7978397696,17002708992,9147772928,91853484032,55.3,1553.3,111,4060.6
10349504635300,135.450082381,7987625984,17002708992,9004089344,91997167616,46.5,1308.1,111,4060.6
10349554642285,135.500089366,7824101376,16819564544,8782327808,92218929152,43.7,1215.9,111,4138.8
10349604635924,135.550083005,8124735488,17020895232,8908795904,92092461056,46.8,1323.2,111,4138.8
10349654652427,135.600099508,7763238912,16778321920,8631480320,92369776640,44.7,1256.9,111,4138.8
10349704647128,135.650094209,8142921728,17039081472,8821403648,92179853312,46.2,1278.9,111,4138.8
10349754653511,135.700100592,7826235392,16787415040,8739753984,92261502976,45.6,1283.4,111,4138.8
10349804635368,135.750082449,7708078080,16604237824,8589676544,92411580416,47.8,1418.8,111,4138.8
10349854643976,135.800091057,7653556224,16600047616,8736980992,92264275968,54.1,1580.5,111,4138.8
10349904635681,135.850082762,8106549248,17002708992,9080958976,91920297984,49.1,1381.7,111,4138.8
10349954636404,135.900083485,7733944320,16760135680,8827199488,92174057472,45.2,1258.9,111,4138.8
10350004656764,135.950103845,8124735488,17020895232,9088278528,91912978432,45.9,1296.2,111,4138.8
10350054649311,136.000096392,7882162176,16778321920,8931385344,92069871616,44.7,1264.2,111,3883.5
10350104647168,136.050094249,8142925824,17039081472,9269616640,91731640320,47.8,1337.1,111,3883.5
10350154641729,136.10008881,7891259392,16787415040,9062146048,91939110912,39.0,1079.3,111,3883.5
10350204635268,136.150082349,7708082176,16604237824,8898732032,92102524928,52.5,1504.6,111,3883.5
10350254644327,136.200091408,7709933568,16645726208,8867532800,92133724160,54.7,1558.3,111,3883.5
10350304642374,136.250089455,8106557440,17002708992,9084809216,91916447744,48.4,1359.0,111,3883.5
10350354643377,136.300090458,7863984128,16760135680,8845856768,92155400192,46.3,1240.8,111,3883.5
10350404668677,136.350115758,8124743680,17020895232,8902021120,92099235840,42.1,1196.0,111,3883.5
10350454639653,136.400086734,7882170368,16778321920,8653262848,92347994112,43.4,1224.4,111,3883.5
10350504633489,136.45008057,7980789760,17039081472,8616050688,92385206272,44.3,1241.4,111,3883.5
10350554633197,136.500080278,7891263488,16787415040,8475791360,92525465600,41.1,1160.1,111,3883.5
10350604636611,136.550083692,7801532416,16697683968,8312131584,92689125376,46.6,1318.8,111,4276.6
10350654635086,136.600082167,7696969728,16645726208,8134336512,92866920448,53.7,1559.9,111,4276.6
10350704654451,136.650101532,8043954176,17002708992,8247103488,92754153472,54.1,1536.5,111,4276.6
10350754632547,136.700079628,8062509056,17002708992,8199364608,92801892352,43.3,1225.8,111,4276.6
10350804663945,136.750111026,7722086400,16618233856,7821582336,93179674624,42.0,1146.2,111,4276.6
10350854646439,136.80009352,8124747776,17020895232,8162992128,92838264832,47.8,1330.6,111,4276.6
10350904640626,136.850087707,7882174464,16778321920,8017846272,92983410688,43.3,1241.9,111,4276.6
10350954633571,136.900080652,8142934016,17039081472,8312528896,92688728064,48.1,1342.1,111,4276.6
10351004642866,136.950089947,7891267584,16787415040,8238727168,92762529792,45.6,1279.7,111,4276.6
10351054640359,137.00008744,7708090368,16604237824,8331337728,92669919232,49.7,1458.2,111,4276.6
10351104641880,137.050088961,7689854976,16600047616,8443514880,92557742080,52.8,1561.4,111,3693.5
10351154650515,137.100097596,8106565632,17002708992,8851955712,92149301248,49.1,1398.0,111,3693.5
10351204642718,137.150089799,7780098048,16760135680,8738004992,92263251968,44.0,1242.3,111,3693.5
10351254634320,137.200081401,8124751872,17020895232,8900059136,92101197824,45.9,1300.0,111,3693.5
10351304633336,137.250080417,7882178560,16778321920,8671600640,92329656320,43.5,1260.2,111,3693.5
10351354637652,137.300084733,8142938112,17039081472,9032605696,91968651264,47.8,1378.9,111,3693.5
10351404633602,137.350080683,7650299904,16586084352,8725528576,92275728384,44.4,1301.2,111,3693.5
10351454635363,137.400082444,7682093056,16587460608,8618438656,92382818304,51.9,1535.7,111,3693.5
10351504632222,137.450079303,7647637504,16578613248,8512122880,92489134080,52.8,1542.5,111,3693.5
10351554674177,137.500121258,8106565632,17002708992,8721915904,92279341056,45.6,1296.5,111,3693.5
10351604635216,137.550082297,7757029376,16760135680,8409161728,92592095232,46.3,1304.6,111,3693.5
10351654635652,137.600082733,8124751872,17020895232,8546959360,92454297600,43.0,1238.3,111,3646.8
10351704635967,137.650083048,7882178560,16778321920,8305168384,92696088576,44.0,1262.0,111,3646.8
10351754661270,137.700108351,8142938112,17039081472,8343789568,92657467392,42.8,1275.6,111,3646.8
10351804638792,137.750085873,7891275776,16787415040,8107675648,92893581312,42.5,1202.5,111,3646.8
10351854635921,137.800083002,7734431744,16630571008,7877857280,93123399680,44.3,1299.0,111,3646.8
10351904635494,137.850082575,7816699904,16712839168,7820181504,93181075456,53.1,1562.1,111,3646.8
10351954637182,137.900084263,8106569728,17002708992,7905841152,93095415808,49.1,1438.7,111,3646.8
10352004634141,137.950081222,7863996416,16760135680,7841419264,93159837696,41.8,1201.0,111,3646.8
10352054631691,138.000078772,8034570240,17020895232,7972061184,93029195776,44.3,1281.9,111,3646.8
10352104630713,138.050077794,7966191616,17020895232,7915667456,93085589504,40.5,1200.8,111,3646.8
10352154630227,138.100077308,7755485184,16837750784,7689158656,93312098304,42.8,1219.0,111,3646.8
10352204652895,138.150099976,8142942208,17039081472,7995854848,93005402112,44.7,1294.5,111,3431.5
10352254633703,138.200080784,7650304000,16586084352,7812685824,93188571136,43.0,1280.6,111,3431.5
10352304629098,138.250076179,7702347776,16604237824,7874088960,93127168000,53.1,1547.0,111,3431.5
10352354645144,138.300092225,7986941952,17002708992,7995887616,93005369344,53.1,1549.9,111,3431.5
10352404633576,138.350080657,8106573824,17002708992,8081416192,92919840768,42.8,1228.1,111,3431.5
10352454642207,138.400089288,7662669824,16760135680,7668850688,93332406272,41.1,1215.8,111,3431.5
10352504643992,138.450091073,8124760064,17020895232,7923802112,93077454848,46.5,1320.0,111,3431.5
10352554626269,138.50007335,7831846912,16778321920,7925129216,93076127744,47.2,1325.2,111,3431.5
10352604630308,138.550077389,8142946304,17039081472,8249753600,92751503360,45.0,1315.4,111,3431.5
10352654631211,138.600078292,7891279872,16787415040,8198701056,92802555904,42.0,1221.9,111,3431.5
10352704634879,138.65008196,7653707776,16549711872,8313274368,92687982592,49.7,1435.4,111,3431.5
10352754656963,138.700104044,7735042048,16801378304,8396623872,92604633088,53.5,1561.2,111,3927.1
10352804643588,138.750090669,8106577920,17002708992,8844169216,92157087744,48.1,1404.5,111,3927.1
10352854622339,138.80006942,7671058432,16760135680,8412196864,92589060096,43.7,1242.6,111,3927.1
10352904646336,138.850093417,8124764160,17020895232,8664571904,92336685056,47.2,1332.6,111,3927.1
10352954635356,138.900082437,7863308288,16778321920,8402149376,92599107584,42.1,1240.2,111,3927.1
10353004640206,138.950087287,8142950400,17039081472,8596406272,92404850688,45.3,1320.9,111,3927.1
10353054657150,139.000104231,7891283968,16787415040,8340422656,92660834304,38.6,1099.9,111,3927.1
10353104647282,139.050094363,7734439936,16630571008,8153247744,92848009216,47.2,1360.6,111,3927.1
10353154628908,139.100075989,7816708096,16712839168,8168509440,92832747520,54.1,1544.0,111,3927.1
10353204637095,139.150084176,8106577920,17002708992,8422871040,92578385920,51.9,1476.1,111,3927.1
10353254648969,139.20009605,7864004608,16760135680,8177725440,92823531520,45.0,1259.5,111,3927.1
10353304641466,139.250088547,8124764160,17020895232,8318402560,92682854400,49.1,1360.0,111,4050.5
10353354642840,139.300089921,7882190848,16778321920,8074805248,92926451712,43.4,1201.7,111,4050.5
10353404631579,139.35007866,8142954496,17039081472,8467632128,92533624832,48.1,1339.5,111,4050.5
10353454640868,139.400087949,7891288064,16787415040,8348413952,92652843008,40.6,1160.2,111,4050.5
10353504637009,139.45008409,7801556992,16697683968,8336068608,92665188352,49.1,1402.0,111,4050.5
10353554643008,139.500090089,7816712192,16712839168,8299048960,92702208000,55.0,1596.4,111,4050.5
10353604626224,139.550073305,7987658752,17002708992,8420843520,92580413440,52.2,1485.7,111,4050.5
10353654641421,139.600088502,7864008704,16760135680,8197369856,92803887104,42.6,1157.1,111,4050.5
10353704650065,139.650097146,7995637760,17020895232,8262631424,92738625536,44.7,1296.2,111,4050.5
10353754627129,139.70007421,8005844992,17020895232,8441368576,92559888384,46.8,1286.3,111,4050.5
10353804639471,139.750086552,7739449344,16636420096,8308215808,92693041152,42.5,1244.6,111,4050.5
10353854639248,139.800086329,8142954496,17039081472,8572362752,92428894208,46.8,1331.1,111,3716.1
10353904655527,139.850102608,7891288064,16787415040,8323784704,92677472256,40.0,1138.8,111,3716.1
10353954638522,139.900085603,7691337728,16604237824,8014127104,92987129856,47.1,1361.7,111,3716.1
10354004632899,139.95007998,7749599232,16645726208,8007417856,92993839104,55.0,1604.6,111,3716.1
10354054634169,140.00008125,8106582016,17002708992,8320962560,92680294400,48.7,1356.5,111,3716.1
10354104639357,140.050086438,7864008704,16760135680,8224964608,92776292352,44.0,1241.4,111,3716.1
10354154640037,140.100087118,8124768256,17020895232,8667541504,92333715456,49.1,1378.1,111,3716.1
10354204645234,140.150092315,7882194944,16778321920,8668315648,92332941312,41.1,1179.7,111,3716.1
10354254632227,140.200079308,8024031232,17039081472,8675024896,92326232064,49.7,1344.1,111,3716.1
10354304629239,140.25007632,8024035328,17039081472,8618958848,92382298112,40.6,1140.3,111,3716.1
10354354649646,140.300096727,7799201792,16697683968,8464130048,92537126912,43.7,1257.6,111,4076.0
10354404643472,140.350090553,7777079296,16712839168,8420519936,92580737024,53.7,1561.1,111,4076.0
10354454629644,140.400076725,7919935488,17002708992,8381804544,92619452416,51.9,1502.2,111,4076.0
10354504634657,140.450081738,7857549312,16760135680,8262774784,92738482176,40.9,1135.7,111,4076.0
10354554648609,140.50009569,7960694784,17020895232,8286224384,92715032576,46.3,1297.0,111,4076.0
10354604644575,140.550091656,8124776448,17020895232,8328237056,92673019904,46.5,1326.2,111,4076.0
10354654631274,140.600078355,7882203136,16778321920,8328495104,92672761856,43.7,1221.0,111,4076.0
10354704634174,140.650081255,8142962688,17039081472,8472489984,92528766976,48.7,1359.6,111,4076.0
10354754629340,140.700076421,7891296256,16787415040,8279171072,92722085888,43.4,1240.7,111,4076.0
10354804634123,140.750081204,7708119040,16604237824,8358907904,92642349056,51.3,1478.1,111,4076.0
10354854636322,140.800083403,7749607424,16645726208,8364322816,92636934144,53.8,1519.2,111,4076.0
10354904636216,140.850083297,8106590208,17002708992,8509444096,92491812864,49.1,1379.0,111,3845.7
10354954634287,140.900081368,7864016896,16760135680,8507764736,92493492224,46.5,1321.8,111,3845.7
10355004640133,140.950087214,8124780544,17020895232,8711573504,92289683456,46.2,1317.1,111,3845.7
10355054642462,141.000089543,7882207232,16778321920,8473260032,92527996928,39.0,1140.4,111,3845.7
10355104633569,141.05008065,7944761344,17039081472,8368087040,92633169920,43.4,1243.8,111,3845.7
10355154646629,141.10009371,7891300352,16787415040,8416014336,92585242624,41.6,1177.4,111,3845.7
10355204659107,141.150106188,7801569280,16697683968,8287248384,92714008576,47.8,1396.7,111,3845.7
10355254691694,141.200138775,7816724480,16712839168,8380805120,92620451840,53.1,1560.8,111,3845.7
10355304651491,141.250098572,8106598400,17002708992,8709300224,92291956736,50.9,1496.2,111,3845.7
10355354636066,141.300083147,7864025088,16760135680,8539815936,92461441024,39.2,1147.6,111,3845.7
10355404640740,141.350087821,8005861376,17020895232,8698978304,92302278656,48.1,1377.1,111,4339.6
10355454644461,141.400091542,7882211328,16778321920,8455380992,92545875968,41.8,1220.2,111,4339.6
10355504661906,141.450108987,8017133568,17039081472,8441446400,92559810560,49.4,1455.3,111,4339.6
10355554653200,141.500100281,8046489600,17039081472,8394194944,92607062016,40.1,1121.4,111,4339.6
10355605030103,141.550477184,7800745984,16697683968,8090214400,92911042560,42.2,1192.9,111,4339.6
10355654633946,141.600081027,7693987840,16604237824,8109043712,92892213248,52.8,1533.0,111,4339.6
10355704635299,141.65008238,7894323200,16801378304,8227004416,92774252544,51.9,1540.2,111,4339.6
10355754633958,141.700081039,8106598400,17002708992,8392658944,92608598016,45.3,1300.5,111,4339.6
10355804628439,141.75007552,7864025088,16760135680,8214884352,92786372608,39.2,1121.6,111,4339.6
10355854638028,141.800085109,8124784640,17020895232,8203206656,92798050304,42.6,1256.0,111,4339.6
10355904663929,141.85011101,7882211328,16778321920,8193806336,92807450624,40.8,1198.2,111,3841.6
10355954652318,141.900099399,8142974976,17039081472,8523935744,92477321216,46.9,1362.1,111,3841.6
10356004623283,141.950070364,7891308544,16787415040,8418349056,92582907904,41.2,1083.7,111,3841.6
10356054628745,142.000075826,7734464512,16697683968,8404160512,92597096448,48.7,1499.2,111,3841.6
10356104625369,142.05007245,7653736448,16549711872,8241074176,92760182784,51.6,1515.0,111,3841.6
10356154652623,142.100099704,7962906624,17002708992,8536289280,92464967680,52.5,1510.3,111,3841.6
10356204634649,142.15008173,8066961408,17002708992,8635375616,92365881344,45.6,1332.0,111,3841.6
10356254633378,142.200080459,7665823744,16760135680,8351121408,92650135552,39.9,1156.3,111,3841.6
10356304640493,142.250087574,8124788736,17020895232,8528109568,92473147392,45.3,1340.8,111,3841.6
10356354649181,142.300096262,7882215424,16778321920,8400891904,92600365056,40.3,1140.2,111,3841.6
10356404653139,142.35010022,8139079680,17039081472,8572649472,92428607488,43.4,1259.6,111,3841.6
10356454631419,142.4000785,7891308544,16787415040,8358080512,92643176448,37.5,1080.6,111,4078.3
10356504637889,142.45008497,7801577472,16697683968,8387694592,92613562368,48.4,1443.2,111,4078.3
10356554628258,142.500075339,7711748096,16645726208,8204222464,92797034496,51.6,1517.9,111,4078.3
10356604650178,142.550097259,7982071808,17002708992,8296087552,92705169408,52.5,1528.2,111,4078.3
10356654649525,142.600096606,8106606592,17002708992,8288346112,92712910848,43.1,1228.6,111,4078.3
10356704631949,142.65007903,7864033280,16760135680,8235859968,92765396992,43.5,1222.4,111,4078.3
10356754644440,142.700091521,8124792832,17020895232,8389480448,92611776512,41.1,1218.1,111,4078.3
10356804666491,142.750113572,7882219520,16778321920,8270778368,92730478592,42.9,1239.2,111,4078.3
10356854633796,142.800080877,7980380160,17039081472,8376389632,92624867328,45.6,1323.6,111,4078.3
10356904646007,142.850093088,7891312640,16787415040,8474791936,92526465024,43.7,1276.9,111,4078.3
10356954643179,142.90009026,7801581568,16697683968,8338800640,92662456320,44.4,1298.4,111,4010.7
10357004631575,142.950078656,7816286208,16712839168,8266031104,92735225856,54.1,1603.8,111,4010.7
10357054690796,143.000137877,7907180544,17002708992,8298029056,92703227904,49.7,1394.5,111,4010.7
10357104661017,143.050108098,7864037376,16760135680,8190054400,92811202560,44.4,1241.0,111,4010.7
10357154628582,143.100075663,7966232576,17020895232,8501628928,92499628032,48.4,1406.2,111,4010.7
10357204626316,143.150073397,7973789696,17020895232,8444342272,92556914688,39.9,1119.7,111,4010.7
10357254637365,143.200084446,7879667712,16837750784,8532398080,92468858880,45.6,1275.9,111,4010.7
10357304633415,143.250080496,8142983168,17039081472,8782188544,92219068416,48.4,1342.1,111,4010.7
10357354644624,143.300091705,7732752384,16787415040,8471023616,92530233344,40.6,1162.2,111,4010.7
10357404744083,143.350191164,7658450944,16570683392,8380891136,92620365824,53.1,1474.9,111,4010.7
10357454629932,143.400077013,7647686656,16578613248,8283332608,92717924352,52.8,1524.1,111,4010.7
10357504645186,143.450092267,8106614784,17002708992,8652324864,92348932096,48.1,1376.3,111,3674.6
10357554634760,143.500081841,7813701632,16760135680,8376565760,92624691200,45.9,1283.7,111,3674.6
10357604641698,143.550088779,8124801024,17020895232,8714960896,92286296064,47.2,1315.9,111,3674.6
10357654640229,143.60008731,7882227712,16778321920,8582782976,92418473984,43.4,1181.1,111,3674.6
10357704650864,143.650097945,8142987264,17039081472,8959262720,92041994240,45.6,1299.3,111,3674.6
10357754636191,143.700083272,7891320832,16787415040,8929329152,92071927808,47.1,1322.6,111,3674.6
10357804630013,143.750077094,7707660288,16604237824,8982257664,92018999296,50.3,1420.1,111,3674.6
10357854627773,143.800074854,7682519040,16645726208,8843317248,92157939712,54.7,1562.5,111,3674.6
10357904646704,143.850093785,8106614784,17002708992,8970874880,92030382080,48.4,1375.7,111,3674.6
10357954639104,143.900086185,7864041472,16760135680,8881766400,92119490560,45.6,1262.0,111,3674.6
10358004641754,143.950088835,8124801024,17020895232,9069625344,91931631616,48.1,1357.4,111,3674.6
10358054643972,144.000091053,7882227712,16778321920,8898895872,92102361088,45.3,1241.4,111,3507.1
10358104636593,144.050083674,8142987264,17039081472,8838209536,92163047424,42.8,1199.9,111,3507.1
10358154653489,144.10010057,7891324928,16787415040,8795164672,92206092288,41.5,1199.0,111,3507.1
10358204648174,144.150095255,7801593856,16697683968,8609869824,92391387136,47.8,1341.1,111,3507.1
10358254652627,144.200099708,7788204032,16712839168,8501747712,92499509248,53.4,1556.8,111,3507.1
10358304629647,144.250076728,8027336704,17002708992,8773066752,92228190208,55.1,1567.5,111,3507.1
10358354629972,144.300077053,8020623360,17002708992,8776626176,92224630784,40.4,1119.3,111,3507.1
10358404634315,144.350081396,7784206336,16819564544,8742305792,92258951168,45.0,1300.2,111,3507.1
10358454637556,144.400084637,8124805120,17020895232,8819720192,92181536768,46.5,1316.7,111,3507.1
10358504632688,144.450079769,7882231808,16778321920,8609271808,92391985152,44.4,1243.8,111,3507.1
10358554639151,144.500086232,8142991360,17039081472,8717099008,92284157952,43.5,1195.7,111,3507.1
10358604637529,144.55008461,7891324928,16787415040,8717099008,92284157952,45.2,1282.3,111,3624.0
10358654638222,144.600085303,7687266304,16587460608,8518144000,92483112960,50.0,1439.3,111,3624.0
10358704635017,144.650082098,7749640192,16645726208,8454148096,92547108864,54.1,1559.7,111,3624.0
10358754636080,144.700083161,8106622976,17002708992,8660787200,92340469760,51.9,1442.0,111,3624.0
10358804643345,144.750090426,7864049664,16760135680,8503377920,92497879040,44.9,1257.2,111,3624.0
10358854643877,144.800090958,8124809216,17020895232,8452005888,92549251072,44.0,1259.7,111,3624.0
10358904635402,144.850082483,7882235904,16778321920,8222797824,92778459136,44.0,1222.5,111,3624.0
10358954629191,144.900076272,8012963840,17039081472,8298340352,92702916608,46.9,1302.1,111,3624.0
10359004636376,144.950083457,7891329024,16787415040,8414064640,92587192320,40.9,1159.0,111,3624.0
10359054653099,145.00010018,7801597952,16697683968,8513671168,92487585792,48.4,1415.9,111,3624.0
10359104640226,145.050087307,7816753152,16712839168,8547966976,92453289984,52.2,1543.6,111,4031.4
10359154633834,145.100080915,8101711872,17002708992,8662425600,92338831360,50.3,1475.6,111,4031.4
10359204649546,145.150096627,7864053760,16760135680,8422752256,92578504704,42.1,1243.1,111,4031.4
10359254631903,145.200078984,8059793408,17020895232,8422596608,92578660352,47.1,1362.1,111,4031.4
10359304636433,145.250083514,7882240000,16778321920,8273956864,92727300096,41.2,1199.2,111,4031.4
10359354636384,145.300083465,8097259520,17039081472,8419807232,92581449728,46.5,1359.5,111,4031.4
10359404629682,145.350076763,7984435200,17039081472,8286396416,92714860544,43.1,1241.9,111,4031.4
10359454633400,145.400080481,7800758272,16697683968,8074846208,92926410752,43.5,1219.0,111,4031.4
10359504642516,145.450089597,7708155904,16604237824,7882084352,93119172608,51.6,1537.3,111,4031.4
10359554635470,145.500082551,7698391040,16600047616,7877271552,93123985408,52.2,1542.8,111,4031.4
10359604659714,145.550106795,8106627072,17002708992,8217890816,92783366144,46.5,1355.4,111,3218.5
10359654630887,145.600077968,7864053760,16760135680,8129253376,92872003584,42.8,1224.3,111,3218.5
10359704628520,145.650075601,8124817408,17020895232,8140271616,92860985344,41.9,1180.3,111,3218.5
10359754640651,145.700087732,7882244096,16778321920,7879606272,93121650688,39.6,1138.3,111,3218.5
10359804625710,145.750072791,8063721472,17039081472,7994761216,93006495744,46.9,1323.3,111,3218.5
10359854633723,145.800080804,7952117760,17039081472,7933526016,93067730944,41.1,1199.0,111,3218.5
10359904657978,145.850105059,7771570176,16697683968,7812014080,93189242880,44.4,1274.3,111,3218.5
10359954639470,145.900086551,7700611072,16645726208,7816749056,93184507904,52.5,1521.2,111,3218.5
10360004636272,145.950083353,8073068544,17002708992,8150900736,92850356224,52.8,1564.7,111,3218.5
10360054632883,146.000079964,7856320512,16760135680,8095965184,92905291776,39.9,1141.1,111,3218.5
10360104663840,146.050110921,7960498176,17020895232,8206397440,92794859520,45.0,1331.0,111,3985.3
10360154638970,146.100086051,8124817408,17020895232,8210141184,92791115776,43.7,1244.6,111,3985.3
10360204649769,146.15009685,7740342272,16636420096,8182788096,92818468864,43.8,1267.1,111,3985.3
10360254651991,146.200099072,8143003648,17039081472,8335536128,92665720832,45.9,1332.7,111,3985.3
10360304631710,146.250078791,7891337216,16787415040,8096866304,92904390656,38.1,1063.9,111,3985.3
10360354632679,146.30007976,7734263808,16630341632,8136605696,92864651264,47.2,1435.0,111,3985.3
10360404633739,146.35008082,7746387968,16642465792,8219955200,92781301760,52.8,1541.6,111,3985.3
10360454638266,146.400085347,8132272128,17028349952,8259178496,92742078464,47.5,1358.8,111,3985.3
10360504629965,146.450077046,7880605696,16776683520,8016764928,92984492032,42.8,1223.8,111,3985.3
10360554634979,146.50008206,8132272128,17028349952,8310939648,92690317312,44.1,1276.5,111,3985.3
10360604632699,146.55007978,7882018816,16778092544,8278577152,92722679808,45.0,1282.6,111,3985.3
10360654634597,146.600081678,8142778368,17038852096,8552624128,92448632832,44.4,1277.2,111,4375.5
10360704656874,146.650103955,7891116032,16787185664,8464232448,92537024512,43.2,1198.6,111,4375.5
10360754636840,146.700083921,7734272000,16630341632,8223154176,92778102784,47.2,1383.9,111,4375.5
10360804638578,146.750085659,7813509120,16709578752,8170512384,92830744576,53.5,1558.9,111,4375.5
10360854634635,146.800081716,8132280320,17028349952,8363589632,92637667328,50.9,1501.0,111,4375.5
10360904641002,146.850088083,7880613888,16776683520,8099078144,92902178816,42.5,1218.7,111,4375.5
10360954649092,146.900096173,8132280320,17028349952,8415703040,92585553920,47.5,1398.7,111,4375.5
10361004637263,146.950084344,7882022912,16778092544,8217833472,92783423488,42.9,1222.3,111,4375.5
10361054633481,147.000080562,8142782464,17038852096,8505040896,92496216064,46.2,1319.7,111,4375.5
10361104628906,147.050075987,7891116032,16787185664,8279412736,92721844224,38.4,1081.9,111,4375.5
10361154632368,147.100079449,7801384960,16697454592,8285532160,92715724800,48.7,1398.1,111,4375.5
10361204640638,147.150087719,7813509120,16709578752,8345657344,92655599616,54.4,1580.0,111,4155.2
10361254633258,147.200080339,8030838784,17028349952,8333529088,92667727872,49.4,1399.4,111,4155.2
10361304638763,147.250085844,7880617984,16776683520,8250482688,92750774272,39.6,1098.3,111,4155.2
10361354637866,147.300084947,8123715584,17028349952,8501202944,92500054016,50.9,1422.1,111,4155.2
10361404635236,147.350082317,7934078976,17028349952,8543006720,92458250240,44.7,1280.1,111,4155.2
10361454636663,147.400083744,8093458432,17038852096,8770088960,92231168000,49.4,1399.2,111,4155.2
10361504631785,147.450078866,7911043072,16837521408,8885813248,92115443712,45.9,1301.0,111,4155.2
10361554640613,147.500087694,7801389056,16697454592,8969646080,92031610880,49.7,1398.2,111,4155.2
10361604637097,147.550084178,7813513216,16709578752,8999579648,92001677312,55.3,1561.0,111,4155.2
10361654633522,147.600080603,8132288512,17028349952,9357611008,91643645952,52.8,1501.7,111,4155.2
10361704649133,147.650096214,7880622080,16776683520,9357869056,91643387904,42.2,1158.6,111,3736.8
10361754633023,147.700080104,8092647424,17028349952,9456959488,91544297472,46.5,1282.7,111,3736.8
10361804635419,147.7500825,8132288512,17028349952,9373347840,91627909120,41.0,1138.6,111,3736.8
10361854633306,147.800080387,7800987648,16837521408,9337294848,91663962112,46.2,1318.1,111,3736.8
10361904632386,147.850079467,8142790656,17038852096,9593356288,91407900672,48.4,1343.2,111,3736.8
10361954625724,147.900072805,7743639552,16697454592,9483595776,91517661184,46.8,1357.8,111,3736.8
10362004625134,147.950072215,7773876224,16709578752,9467854848,91533402112,54.7,1562.7,111,3736.8
10362054637769,148.00008485,7965777920,17028349952,9389875200,91611381760,50.6,1455.4,111,3736.8
10362104636488,148.050083569,7880622080,16776683520,9418764288,91582492672,45.6,1301.3,111,3736.8
10362154630308,148.100077389,8132288512,17028349952,9713590272,91287666688,51.9,1440.1,111,3736.8
10362204631912,148.150078993,7882031104,16778092544,9512280064,91488976896,44.0,1221.4,111,3736.8
10362254629589,148.20007667,8010661888,17038852096,9501884416,91499372544,47.8,1362.3,111,4446.2
10362304620933,148.250068014,7984230400,17038852096,9445257216,91555999744,39.9,1140.7,111,4446.2
10362354637917,148.300084998,7778496512,16697454592,9165438976,91835817984,56.2,1174.9,111,4446.2
10362404619723,148.350066804,7660838912,16556896256,9116893184,91884363776,57.6,1547.2,111,4446.2
10362454628491,148.400075572,8084049920,17028349952,9277952000,91723304960,55.3,1576.9,111,4446.2
10362504650261,148.450097342,7880626176,16776683520,8986337280,92014919680,39.5,1135.2,111,4446.2
10362554630511,148.500077592,8090341376,17028349952,9101221888,91900035072,52.5,1465.4,111,4446.2
10362604623124,148.550070205,7891320832,16827019264,8800841728,92200415232,39.2,1082.2,111,4446.2
10362654637219,148.6000843,7937486848,16837521408,8741679104,92259577856,45.9,1296.9,111,4446.2
10362704629743,148.650076824,8103153664,17038852096,8754364416,92246892544,45.6,1281.5,111,4446.2
10362754628428,148.700075509,7748960256,16697454592,8712044544,92289212416,45.6,1278.9,111,4446.2
10362804632544,148.750079625,7669575680,16565657600,8557588480,92443668480,52.8,1518.3,111,4172.5
10362854635428,148.800082509,8128401408,17028349952,8775122944,92226134016,55.3,1561.3,111,4172.5
10362904630316,148.850077397,7923621888,16827019264,8614580224,92386676736,43.4,1221.9,111,4172.5
10362954632698,148.900079779,7929569280,16827019264,8521449472,92479807488,44.0,1239.4,111,4172.5
10363004626394,148.950073475,8063078400,17028349952,8572637184,92428619776,45.6,1280.4,111,4172.5
10363054641511,149.000088592,7839428608,16837521408,8536219648,92465037312,44.7,1275.7,111,4172.5
10363104629526,149.050076607,8142798848,17038852096,8656068608,92345188352,45.3,1284.4,111,4172.5
10363154625786,149.100072867,7650160640,16585854976,8225337344,92775919616,41.0,1160.6,111,4172.5
10363204621226,149.150068307,7688146944,16584200192,8185069568,92816187392,52.5,1577.5,111,4172.5
10363254634509,149.20008159,7882297344,16827019264,8327499776,92673757184,53.4,1556.2,111,4172.5
10363304634256,149.250081337,8132296704,17028349952,8455233536,92546023424,44.7,1262.9,111,3544.0
10363354629686,149.300076767,7808225280,16827019264,8265342976,92735913984,44.0,1257.1,111,3544.0
10363404630665,149.350077746,8092655616,17028349952,8487583744,92513673216,45.6,1343.8,111,3544.0
10363454643678,149.400090759,7928578048,16837521408,8482877440,92518379520,47.2,1338.2,111,3544.0
10363504640657,149.450087738,8142802944,17038852096,8541454336,92459802624,41.8,1259.2,111,3544.0
10363554632356,149.500079437,7776231424,16697454592,8627900416,92373356544,46.3,1341.9,111,3544.0
10363604642750,149.550089831,7762059264,16709578752,8537583616,92463673344,53.5,1532.0,111,3544.0
10363654632756,149.600079837,7943548928,17028349952,8730583040,92270673920,52.8,1509.6,111,3544.0
10363704673438,149.650120519,7880638464,16776683520,8544272384,92456984576,41.9,1212.5,111,3544.0
10363754644367,149.700091448,8132304896,17028349952,8682983424,92318273536,47.5,1386.8,111,3544.0
10363804626948,149.750074029,8088252416,17028349952,8633765888,92367491072,41.1,1160.6,111,3544.0
10363854653684,149.800100765,7977730048,17038852096,8677117952,92324139008,48.4,1370.9,111,4087.5
10363904635905,149.850082986,8142807040,17038852096,8705769472,92295487488,44.0,1248.8,111,4087.5
10363954626451,149.900073532,7650406400,16546451456,8418684928,92582572032,41.2,1175.5,111,4087.5
10364004627247,149.950074328,7650537472,16600977408,8312885248,92688371712,52.2,1567.0,111,4087.5
10364054635818,150.000082899,8122867712,17028349952,8683958272,92317298688,52.8,1557.7,111,4087.5
10364104667584,150.050114665,7880638464,16776683520,8561790976,92439465984,41.5,1230.0,111,4087.5
10364154646177,150.100093258,8061136896,17028349952,8771506176,92229750784,48.1,1404.7,111,4087.5
10364204632626,150.150079707,8050503680,17028349952,8938708992,92062547968,44.7,1281.3,111,4087.5
10364254658570,150.200105651,7813828608,16837521408,8666615808,92334641152,42.0,1241.1,111,4087.5
10364304634499,150.25008158,8142794752,17038852096,8721063936,92280193024,44.3,1282.9,111,4087.5
10364354631928,150.300079009,7753863168,16697454592,8390692864,92610564096,42.1,1236.7,111,4087.5
10364404629348,150.350076429,7665291264,16600977408,8224796672,92776460288,51.9,1546.9,111,3614.7
10364454646906,150.400093987,8037101568,17028349952,8217313280,92783943680,52.8,1548.9,111,3614.7
10364504634163,150.450081244,8132308992,17028349952,8237731840,92763525120,42.8,1227.9,111,3614.7
10364554631630,150.500078711,7680671744,16625688576,8151285760,92849971200,41.2,1201.4,111,3614.7
10364604635679,150.55008276,8132308992,17028349952,8441245696,92560011264,46.5,1318.5,111,3614.7
10364654752704,150.600199785,7689814016,16585854976,8253902848,92747354112,44.7,1255.3,111,3614.7
10364704641713,150.650088794,8142811136,17038852096,8428736512,92572520448,45.9,1321.7,111,3614.7
10364754735223,150.700182304,7791685632,16697454592,8337645568,92663611392,46.0,1300.2,111,3614.7
10364804700979,150.75014806,7659503616,16555544576,8185655296,92815601664,53.4,1559.5,111,3614.7
10364854629914,150.800076995,8102944768,17028349952,8425656320,92575600640,53.5,1544.2,111,3614.7
10364904667788,150.850114869,7891341312,16827019264,8262492160,92738764800,40.5,1140.5,111,3548.9
10364954661347,150.900108428,8096727040,17028349952,8453197824,92548059136,48.4,1411.8,111,3548.9
10365004628616,150.950075697,8013389824,17028349952,8443654144,92557602816,44.0,1246.3,111,3548.9
10365054657773,151.000104854,7963492352,17038852096,8306372608,92694884352,44.4,1254.3,111,3548.9
10365104632446,151.050079527,8142815232,17038852096,8518074368,92483182592,46.9,1307.2,111,3548.9
10365154625794,151.100072875,7761776640,16697454592,8622841856,92378415104,46.3,1279.9,111,3548.9
10365204630264,151.150077345,7704940544,16600977408,8417435648,92583821312,53.7,1539.8,111,3548.9
10365254654482,151.200101563,8000319488,17028349952,8463110144,92538146816,54.4,1548.5,111,3548.9
10365304653261,151.250100342,8040026112,17028349952,8513835008,92487421952,46.5,1304.8,111,3548.9
10365354648473,151.300095554,7729651712,16625688576,8387907584,92613349376,43.5,1179.0,111,3548.9
10365404632383,151.350079464,8132313088,17028349952,8663760896,92337496064,47.1,1385.9,111,3548.9
10365454626794,151.400073875,7796064256,16778092544,8522260480,92478996480,45.3,1221.6,111,3835.9
10365504632794,151.450079875,8142819328,17038852096,8775921664,92225335296,48.1,1417.5,111,3835.9
10365554635727,151.500082808,7811870720,16787185664,8636149760,92365107200,45.3,1256.3,111,3835.9
10365604635325,151.550082406,7665303552,16600977408,8368812032,92632444928,49.7,1443.8,111,3835.9
10365654640753,151.600087834,7679320064,16575352832,8238239744,92763017216,54.1,1555.6,111,3835.9
10365704644588,151.650091669,8132317184,17028349952,8403906560,92597350400,45.9,1281.0,111,3835.9
10365754626542,151.700073623,7841009664,16776683520,8113176576,92888080384,45.9,1264.0,111,3835.9
10365804633153,151.750080234,8132317184,17028349952,8296378368,92704878592,43.4,1239.5,111,3835.9
10365854680181,151.800127262,7882059776,16778092544,8270741504,92730515456,47.5,1337.9,111,3835.9
10365904634451,151.850081532,8142819328,17038852096,8518242304,92483014656,47.2,1320.5,111,3835.9
10365954627997,151.900075078,7891152896,16787185664,8277827584,92723429376,44.4,1222.5,111,3709.5
10366004630800,151.950077881,7694667776,16630341632,8064421888,92936835072,48.1,1378.1,111,3709.5
10366054631720,152.000078801,7746437120,16642465792,8018747392,92982509568,53.5,1559.4,111,3709.5
10366104638461,152.050085542,8132321280,17028349952,8468783104,92532473856,50.0,1439.1,111,3709.5
10366154629171,152.100076252,7880654848,16776683520,8317698048,92683558912,47.5,1281.7,111,3709.5
10366204636994,152.150084075,8132321280,17028349952,8654192640,92347064320,48.1,1357.4,111,3709.5
10366254633856,152.200080937,7882063872,16778092544,8399958016,92601298944,45.6,1282.6,111,3709.5
10366304642972,152.250090053,8142823424,17038852096,8567738368,92433518592,44.4,1257.8,111,3709.5
10366354639132,152.300086213,7891156992,16787185664,8326721536,92674535424,43.1,1179.9,111,3709.5
10366404638419,152.3500855,7734312960,16630341632,8169156608,92832100352,46.5,1340.2,111,3709.5
10366454639960,152.400087041,7813550080,16709578752,8130449408,92870807552,55.0,1579.4,111,4206.7
10366504650325,152.450097406,7930994688,17028349952,8154189824,92847067136,48.1,1361.9,111,4206.7
10366554641152,152.500088233,7880658944,16776683520,8028262400,92972994560,41.1,1179.8,111,4206.7
10366604650905,152.550097986,8077983744,17028349952,8089673728,92911583232,45.6,1273.7,111,4206.7
10366654631253,152.600078334,8021164032,17028349952,8198901760,92802355200,45.9,1247.4,111,4206.7
10366704642329,152.65008941,7819612160,16837521408,8220061696,92781195264,44.7,1257.1,111,4206.7
10366754637895,152.700084976,8142827520,17038852096,8341344256,92659912704,45.9,1303.0,111,4206.7
10366804677926,152.750125007,7656468480,16563228672,8128700416,92872556544,43.5,1215.8,111,4206.7
10366854636622,152.800083703,7655800832,16552513536,8064163840,92937093120,54.7,1565.8,111,4206.7
10366904626487,152.850073568,8013406208,17028349952,8432902144,92568354816,55.3,1561.9,111,4206.7
10366954640038,152.900087119,7880663040,16776683520,8168431616,92832825344,41.2,1136.4,111,3912.7
10367004664289,152.95011137,8070492160,17028349952,8189804544,92811452416,47.5,1349.5,111,3912.7
10367054630279,153.00007736,8053047296,17028349952,8111616000,92889640960,44.9,1253.6,111,3912.7
10367104626066,153.050073147,7688409088,16585854976,7733116928,93268140032,40.5,1178.9,111,3912.7
10367154641760,153.100088841,8142831616,17038852096,8035033088,92966223872,45.3,1317.8,111,3912.7
10367204632127,153.150079208,7732600832,16787185664,7644876800,93356380160,39.7,1181.4,111,3912.7
10367254642050,153.200089131,7652229120,16550645760,7497789440,93503467520,50.6,1481.6,111,3912.7
10367304643608,153.250090689,7706955776,16625688576,7468630016,93532626944,53.1,1551.5,111,3912.7
10367354636810,153.300083891,8132329472,17028349952,7781900288,93219356672,44.9,1304.0,111,3912.7
10367404623429,153.35007051,7851294720,16776683520,7538819072,93462437888,43.8,1223.0,111,3912.7
10367454635317,153.400082398,8132329472,17028349952,7699324928,93301932032,42.1,1237.1,111,3912.7
10367504641821,153.450088902,7882072064,16778092544,7458308096,93542948864,41.6,1194.1,111,3589.8
10367554634568,153.500081649,8142831616,17038852096,7636779008,93364477952,38.6,1123.6,111,3589.8
10367604632436,153.550079517,7891169280,16787185664,7395762176,93605494784,40.4,1143.4,111,3589.8
10367654644089,153.60009117,7801438208,16697454592,7287668736,93713588224,46.6,1338.2,111,3589.8
10367704629984,153.650077065,7813554176,16709578752,7323795456,93677461504,53.8,1563.6,111,3589.8
10367754627561,153.700074642,8092692480,17028349952,7548297216,93452959744,52.2,1538.1,111,3589.8
10367804630578,153.750077659,7970840576,17028349952,7378759680,93622497280,40.0,1141.0,111,3589.8
10367854784604,153.800231685,7729676288,16827019264,7088631808,93912625152,39.8,1115.7,111,3589.8
10367904632805,153.850079886,8132333568,17028349952,7489699840,93511557120,43.4,1281.6,111,3589.8
10367954633057,153.900080138,7882076160,16778092544,7258320896,93742936064,40.3,1142.8,111,3589.8
10368004639160,153.950086241,8142835712,17038852096,7758159872,93243097088,45.6,1298.6,111,3589.8
10368054628211,154.000075292,7891169280,16787185664,7692226560,93309030400,44.0,1281.6,111,3597.6
10368104632751,154.050079832,7672881152,16600977408,7773249536,93228007424,51.6,1480.1,111,3597.6
10368154635197,154.100082278,7691280384,16625688576,7694802944,93306454016,52.2,1536.3,111,3597.6
10368204636632,154.150083713,8132337664,17028349952,8064151552,92937105408,46.3,1321.6,111,3597.6
10368254631293,154.200078374,7880671232,16776683520,8005963776,92995293184,41.5,1200.5,111,3597.6
10368304638137,154.250085218,8132337664,17028349952,8407744512,92593512448,48.4,1399.6,111,3597.6
10368354625965,154.300073046,7882080256,16778092544,8337313792,92663943168,45.3,1262.4,111,3597.6
10368404626258,154.350073339,8142839808,17038852096,8590446592,92410810368,45.0,1299.2,111,3597.6
10368454641508,154.400088589,7891173376,16787185664,8496517120,92504739840,45.3,1276.9,111,3597.6
10368504630886,154.450077967,7734329344,16630341632,8271482880,92729774080,44.6,1323.1,111,3597.6
10368554634852,154.500081933,7746453504,16642465792,8154312704,92846944256,53.1,1578.3,111,3843.2
10368604636043,154.550083124,8132341760,17028349952,8379072512,92622184448,49.1,1419.9,111,3843.2
10368654640700,154.600087781,7880675328,16776683520,8247468032,92753788928,42.5,1178.2,111,3843.2
10368704634125,154.650081206,8132341760,17028349952,8542396416,92458860544,46.2,1382.4,111,3843.2
10368754649593,154.700096674,7882084352,16778092544,8469368832,92531888128,43.1,1237.0,111,3843.2
10368804637689,154.75008477,8104939520,17038852096,8829603840,92171653120,46.9,1379.8,111,3843.2
10368854637076,154.800084157,7891177472,16787185664,8772575232,92228681728,45.3,1283.1,111,3843.2
10368904634529,154.85008161,7734333440,16630341632,8717078528,92284178432,50.0,1440.5,111,3843.2
10368954628967,154.900076048,7773929472,16709578752,8731316224,92269940736,52.8,1540.5,111,3843.2
10369004636269,154.95008335,8132341760,17028349952,8848961536,92152295424,50.0,1458.6,111,3843.2
10369054633051,155.000080132,7880675328,16776683520,8764178432,92237078528,45.6,1260.0,111,3843.2
10369104634262,155.050081343,8132341760,17028349952,8778620928,92222636032,43.4,1239.4,111,4296.7
10369154638658,155.100085739,7882084352,16778092544,8586555392,92414701568,42.8,1195.3,111,4296.7
10369204629950,155.150077031,8006524928,17038852096,8767627264,92233629696,47.5,1328.0,111,4296.7
10369254639115,155.200086196,7891181568,16787185664,8742785024,92258471936,41.5,1196.7,111,4296.7
10369304638052,155.250085133,7801450496,16697454592,8567312384,92433944576,46.5,1340.4,111,4296.7
10369354631257,155.300078338,7790497792,16709578752,8471060480,92530196480,54.4,1562.5,111,4296.7
10369404629001,155.350076082,8053063680,17028349952,8489885696,92511371264,54.1,1541.3,111,4296.7
10369454633127,155.400080208,7891374080,16827019264,8259964928,92741292032,38.8,1055.5,111,4296.7
10369504650104,155.450097185,7961124864,17028349952,8401649664,92599607296,46.9,1335.9,111,4296.7
10369554660960,155.500108041,8132345856,17028349952,8604475392,92396781568,47.5,1302.9,111,4296.7
10369604633322,155.550080403,7882088448,16778092544,8377618432,92623638528,38.0,1105.3,111,4296.7
10369654639700,155.600086781,8142848000,17038852096,8302211072,92699045888,44.3,1236.8,111,3693.8
10369704640155,155.650087236,7891181568,16787185664,8064548864,92936708096,39.1,1059.6,111,3693.8
10369754643316,155.700090397,7801450496,16697454592,7906623488,93094633472,47.2,1359.5,111,3693.8
10369804629565,155.750076646,7747387392,16709578752,7753342976,93247913984,53.8,1558.1,111,3693.8
10369854660489,155.80010757,8122662912,17028349952,8081989632,92919267328,53.1,1499.6,111,3693.8
10369904635106,155.850082187,8132349952,17028349952,8086241280,92915015680,41.1,1183.9,111,3693.8
10369954627065,155.900074146,7853416448,16776683520,7774261248,93226995712,40.6,1121.7,111,3693.8
10370004634895,155.950081976,8132354048,17028349952,7866900480,93134356480,42.5,1199.3,111,3693.8
10370054648817,156.000095898,7882096640,16778092544,7613247488,93388009472,40.0,1117.2,111,3693.8
10370104627240,156.050074321,7966687232,17038852096,7841030144,93160226816,46.2,1305.9,111,3693.8
10370154625442,156.100072523,8048472064,17038852096,7861411840,93139845120,42.6,1158.2,111,3693.8
10370204869915,156.150316996,7776346112,16697454592,7502209024,93499047936,39.6,1131.0,111,3953.0
10370254636203,156.200083284,7704981504,16600977408,7542444032,93458812928,54.4,1531.6,111,3953.0
10370304658440,156.250105521,8029659136,17028349952,7884873728,93116383232,54.3,1530.5,111,3953.0
10370354635922,156.300083003,8132354048,17028349952,7928713216,93072543744,44.0,1248.5,111,3953.0
10370404623313,156.350070394,7710810112,16776683520,7616151552,93385105408,41.5,1161.1,111,3953.0
10370454640751,156.400087832,8132354048,17028349952,7844524032,93156732928,44.4,1254.7,111,3953.0
10370504650572,156.450097653,7882096640,16778092544,7758077952,93243179008,40.6,1140.5,111,3953.0
10370554639352,156.500086433,7988727808,17038852096,7947476992,93053779968,42.5,1218.7,111,3953.0
10370604627341,156.550074422,7984291840,17038852096,7922962432,93078294528,40.8,1165.9,111,3953.0
10370654636340,156.600083421,7801458688,16697454592,7971086336,93030170624,46.6,1334.3,111,3953.0
10370704633686,156.650080767,7813492736,16709578752,7971086336,93030170624,53.8,1544.4,111,3953.0
10370754631163,156.700078244,7973789696,17028349952,8080756736,92920500224,52.2,1498.8,111,4216.6
10370804641975,156.750089056,7880691712,16776683520,8192487424,92808769536,44.4,1257.6,111,4216.6
10370854621909,156.80006899,7973793792,17028349952,8348090368,92653166592,50.6,1426.5,111,4216.6
10370904622732,156.850069813,7881674752,16778092544,8131960832,92869296128,41.7,1114.3,111,4216.6
10370954643804,156.900090885,7964274688,17038852096,8099606528,92901650432,45.6,1297.7,111,4216.6
10371004625040,156.950072121,8090419200,17038852096,8277876736,92723380224,45.3,1246.9,111,4216.6
10371054859260,157.000306341,7667240960,16630341632,7834550272,93166706688,39.6,1154.3,111,4216.6
10371104624833,157.050071914,7650590720,16600977408,7765635072,93235621888,52.2,1508.2,111,4216.6
10371154630525,157.100077606,7729696768,16625688576,7867645952,93133611008,52.5,1568.8,111,4216.6
10371204636278,157.150083359,8132358144,17028349952,8101801984,92899454976,44.7,1306.6,111,4216.6
10371254632382,157.200079463,7880691712,16776683520,7867822080,93133434880,41.8,1202.1,111,3682.1
10371304649026,157.250096107,8132358144,17028349952,8219283456,92781973504,45.6,1316.1,111,3682.1
10371354647645,157.300094726,7882100736,16778092544,8177995776,92823261184,42.8,1200.6,111,3682.1
10371404650612,157.350097693,8142860288,17038852096,8220057600,92781199360,44.4,1299.3,111,3682.1
10371454651245,157.400098326,7891197952,16787185664,8063823872,92937433088,41.0,1161.4,111,3682.1
10371504636656,157.450083737,7734353920,16630341632,8054505472,92946751488,46.8,1378.7,111,3682.1
10371554630954,157.500078035,7773949952,16709578752,8151789568,92849467392,53.1,1543.4,111,3682.1
10371604644969,157.55009205,8132362240,17028349952,8401895424,92599361536,50.6,1435.6,111,3682.1
10371654650408,157.600097489,7880695808,16776683520,8213262336,92787994624,42.1,1179.2,111,3682.1
10371704636590,157.650083671,8037785600,17028349952,8304848896,92696408064,42.1,1221.8,111,3682.1
10371754628423,157.700075504,7882104832,16778092544,8257110016,92744146944,38.0,1083.2,111,3682.1
10371804647137,157.750094218,7922728960,16837521408,8285216768,92716040192,48.4,1432.8,111,3929.5
10371854650733,157.800097814,8142868480,17038852096,8383016960,92618240000,45.9,1303.5,111,3929.5
10371904625884,157.850072965,7685906432,16630341632,7997874176,93003382784,42.9,1201.0,111,3929.5
10371954622616,157.900069697,7665352704,16600977408,7857754112,93143502848,52.8,1522.7,111,3929.5
10372004646320,157.950093401,8034082816,17028349952,8163598336,92837658624,52.5,1588.6,111,3929.5
10372054635127,158.000082208,8132366336,17028349952,8307499008,92693757952,43.7,1266.9,111,3929.5
10372104638221,158.050085302,7721963520,16625688576,8174403584,92826853376,43.7,1257.6,111,3929.5
10372154636296,158.100083377,8132366336,17028349952,8612052992,92389203968,46.8,1361.7,111,3929.5
10372204635222,158.150082303,7704481792,16636190720,8362659840,92638597120,45.3,1275.4,111,3929.5
10372254636804,158.200083885,8142868480,17038852096,8764522496,92236734464,46.8,1383.3,111,3929.5
10372304630440,158.250077521,7786782720,16697454592,8586993664,92414263296,45.3,1303.0,111,3929.5
10372354626962,158.300074043,7693684736,16642465792,8574705664,92426551296,53.8,1558.9,111,3978.5
10372404643462,158.350090543,8053088256,17028349952,8742694912,92258562048,52.2,1518.9,111,3978.5
10372454639443,158.400086524,7880704000,16776683520,8484036608,92517220352,39.2,1139.3,111,3978.5
10372504629670,158.450076751,8094613504,17028349952,8598351872,92402905088,50.0,1420.5,111,3978.5
10372554633563,158.500080644,7973806080,17028349952,8501432320,92499824640,41.4,1222.6,111,3978.5
10372604651632,158.550098713,7912005632,16837521408,8499884032,92501372928,44.9,1296.0,111,3978.5
10372654634164,158.600081245,8142872576,17038852096,8593313792,92407943168,45.3,1282.8,111,3978.5
10372704627727,158.650074808,7776301056,16697454592,8414978048,92586278912,44.9,1321.4,111,3978.5
10372754638964,158.700086045,7679373312,16575352832,8354582528,92646674432,52.2,1530.8,111,3978.5
10372804630944,158.750078025,8053088256,17028349952,8538697728,92462559232,53.8,1565.0,111,3978.5
10372854638634,158.800085715,7891398656,16827019264,8268578816,92732678144,37.7,1061.0,111,3655.2
10372904653187,158.850100268,8022372352,17028349952,8308658176,92692598784,45.0,1275.0,111,3655.2
10372954635608,158.900082689,8013447168,17028349952,8433553408,92567703552,46.2,1326.1,111,3655.2
10373004661012,158.950108093,7962087424,17038852096,8561848320,92439408640,44.0,1271.9,111,3655.2
10373054634527,159.000081608,7984308224,17038852096,8811122688,92190134272,47.8,1367.8,111,3655.2
10373104632118,159.050079199,7801479168,16697454592,8800272384,92200984576,49.7,1401.1,111,3655.2
10373154635179,159.10008226,7813603328,16709578752,8712695808,92288561152,54.7,1574.0,111,3655.2
10373204652006,159.150099087,8132374528,17028349952,8778240000,92223016960,51.3,1463.1,111,3655.2
10373254652502,159.200099583,7880708096,16776683520,8537223168,92464033792,43.0,1218.7,111,3655.2
10373304633361,159.250080442,8132374528,17028349952,8529997824,92471259136,47.8,1343.7,111,3655.2
10373354640861,159.300087942,7882117120,16778092544,8385249280,92616007680,43.4,1216.1,111,3629.5
10373404643541,159.350090622,8017043456,17038852096,8615407616,92385849344,49.4,1381.5,111,3629.5
10373454636523,159.400083604,7891214336,16787185664,8663146496,92338110464,42.7,1221.1,111,3629.5
10373504640753,159.450087834,7801483264,16697454592,8541605888,92459651072,46.5,1339.0,111,3629.5
10373554628191,159.500075272,7767461888,16709578752,8395640832,92605616128,54.4,1543.9,111,3629.5
10373604630277,159.550077358,7973814272,17028349952,8364417024,92636839936,51.3,1441.4,111,3629.5
10373654680054,159.600127135,7880712192,16776683520,8321323008,92679933952,42.2,1173.3,111,3629.5
10373704656621,159.650103702,8095404032,17028349952,8388161536,92613095424,49.4,1343.9,111,3629.5
10373754633299,159.70008038,8013455360,17028349952,8378400768,92622856192,45.0,1281.0,111,3629.5
10373804630125,159.750077206,7750459392,16837521408,8296300544,92704956416,42.0,1182.1,111,3629.5
10373854643051,159.800090132,8142880768,17038852096,8616796160,92384460800,47.5,1395.0,111,3655.8
10373904631211,159.850078292,7761842176,16697454592,8614473728,92386783232,49.1,1363.8,111,3655.8
10373954630261,159.900077342,7744339968,16642465792,8498864128,92502392832,53.8,1539.9,111,3655.8
10374004676902,159.950123983,8030089216,17028349952,8854917120,92146339840,52.8,1534.1,111,3655.8
10374054637669,160.00008475,7880716288,16776683520,8840208384,92161048576,47.2,1282.6,111,3655.8
10374104633934,160.050081015,7950725120,17028349952,9069588480,91931668480,51.2,1438.7,111,3655.8
10374154643234,160.100090315,7882125312,16778092544,9111908352,91889348608,43.9,1279.3,111,3655.8
10374204638366,160.150085447,7984320512,17038852096,9106501632,91894755328,49.4,1403.5,111,3655.8
10374254635333,160.200082414,7891218432,16787185664,8983670784,92017586176,41.9,1138.6,111,3655.8
10374304639152,160.250086233,7734374400,16630341632,8967348224,92033908736,52.2,1500.7,111,3655.8
10374354636108,160.300083189,7813611520,16709578752,8862322688,92138934272,55.0,1581.6,111,3655.8
10374404642032,160.350089113,8132386816,17028349952,9151471616,91849785344,52.2,1477.5,111,4125.4
10374454649287,160.400096368,7880720384,16776683520,9151471616,91849785344,45.9,1278.2,111,4125.4
10374504652473,160.450099554,8132386816,17028349952,9309335552,91691921408,50.6,1418.3,111,4125.4
10374554644957,160.500092038,7882129408,16778092544,9102897152,91898359808,43.7,1221.8,111,4125.4
10374604637652,160.550084733,8142888960,17038852096,9495015424,91506241536,50.9,1422.8,111,4125.4
10374654642901,160.600089982,7891222528,16787185664,9497206784,91504050176,46.3,1278.2,111,4125.4
10374704637429,160.65008451,7734378496,16630341632,9285091328,91716165632,49.7,1401.0,111,4125.4
10374754632749,160.70007983,7746502656,16642465792,9147035648,91854221312,54.4,1560.6,111,4125.4
10374804641925,160.750089006,8132386816,17028349952,9293406208,91707850752,50.3,1441.0,111,4125.4
10374854629711,160.800076792,7880720384,16776683520,9042702336,91958554624,46.9,1281.6,111,4125.4
10374904632024,160.850079105,8132386816,17028349952,9094189056,91907067904,45.3,1280.0,111,4125.4
10374954638445,160.900085526,7882129408,16778092544,8996323328,92004933632,44.7,1256.2,111,3634.1
10375004638033,160.950085114,8142893056,17038852096,9017774080,91983482880,44.3,1281.2,111,3634.1
10375054635988,161.000083069,7891226624,16787185664,8835317760,92165939200,43.7,1259.6,111,3634.1
