timestamp_ns,rel_s,rss_bytes,vms_bytes,sys_used_bytes,sys_available_bytes,cpu_util_pct,proc_cpu_pct,num_threads,cpu_freq_mhz
12122685814039,0.002411097,434651136,13074071552,6689849344,94311407616,0.0,0.0,64,2833.9
12122847795853,0.164392911,520462336,14388772864,6670622720,94330634240,5.7,105.9,69,2833.9
12122848259615,0.164856673,520585216,15003258880,6671138816,94330118144,0.0,0.0,74,2833.9
12122901629903,0.218226961,550105088,16621756416,6663143424,94338113536,7.2,99.4,96,2833.9
12122933514180,0.250111238,570519552,16510664704,6662881280,94338375680,27.2,775.2,111,2833.9
12122983684927,0.300281985,621522944,16601845760,6664404992,94336851968,24.7,668.4,111,2833.9
12123033480348,0.350077406,641110016,16573796352,6662283264,94338973696,52.5,1542.5,111,2833.9
12123083493538,0.400090596,1100959744,16992239616,6829240320,94172016640,52.5,1518.4,111,2833.9
12123133489446,0.450086504,1166991360,16992239616,6838788096,94162468864,42.5,1197.6,111,2833.9
12123183498700,0.500095758,790290432,16589578240,6575669248,94425587712,37.0,1019.2,111,2833.9
12123233482735,0.550079793,1244086272,16992239616,6943346688,94057910272,44.2,1243.2,111,3811.7
12123283518388,0.600115446,953946112,16790908928,6858448896,94142808064,41.1,1155.1,111,3811.7
12123333498146,0.650095204,1294352384,16992239616,7061446656,93939810304,45.3,1281.8,111,3811.7
12123383474948,0.700072006,841424896,16539242496,6724907008,94276349952,36.1,1044.5,111,3811.7
12123433478340,0.750075398,846913536,16578285568,6743228416,94258028544,52.5,1514.5,111,3811.7
12123483505938,0.800102996,1223626752,16994811904,7018987520,93982269440,53.8,1532.1,111,3811.7
12123533481527,0.850078585,1388941312,16994811904,7276003328,93725253632,46.2,1311.2,111,3811.7
12123583493045,0.900090103,1378979840,16994811904,7363739648,93637517312,42.2,1211.5,111,3811.7
12123633480206,0.950077264,1359925248,16994811904,7473692672,93527564288,48.7,1288.6,111,3811.7
12123683478489,1.000075547,1449832448,16994811904,7569121280,93432135680,48.1,1219.5,111,3811.7
12123733470990,1.050068048,1270312960,16793481216,7642390528,93358866432,44.7,1262.2,111,3811.7
12123783485694,1.100082752,1120301056,16608927744,7736885248,93264371712,46.8,1356.2,111,3683.8
12123833476442,1.1500735,1123246080,16608927744,7678287872,93322969088,52.8,1562.5,111,3683.8
12123883488170,1.200085228,1581420544,16994811904,7916085248,93085171712,46.6,1336.8,111,3683.8
12123933506179,1.250103237,1244553216,16793481216,7656595456,93344661504,39.8,1177.2,111,3683.8
12123983504802,1.30010186,1631686656,16994811904,7977865216,93023391744,44.7,1320.1,111,3683.8
12124033493887,1.350090945,1490292736,16994811904,7698657280,93302599680,40.9,1182.1,111,3683.8
12124083482702,1.40007976,1681952768,16994811904,7783813120,93217443840,41.8,1202.4,111,3683.8
12124133496684,1.450093742,1379893248,16676040704,7443103744,93558153216,40.1,1195.9,111,3683.8
12124183487603,1.500084661,1404862464,16676040704,7402074112,93599182848,52.2,1581.4,111,3683.8
12124233483400,1.550080458,1773899776,16994811904,7633801216,93367455744,47.2,1322.3,111,3683.8
12124283501781,1.600098839,1522233344,16743145472,7394250752,93607006208,38.6,1178.5,111,3688.1
12124333484103,1.650081161,1824165888,16994811904,7549558784,93451698176,40.9,1162.2,111,3688.1
12124383499177,1.700096235,1572499456,16743145472,7306969088,93694287872,40.1,1194.7,111,3688.1
12124433485296,1.750082354,1874432000,16994811904,7503085568,93498171392,44.1,1224.8,111,3688.1
12124483480102,1.80007716,1622765568,16743145472,7264604160,93736652800,38.0,1141.2,111,3688.1
12124533481400,1.850078458,1478746112,16578285568,7019200512,93982056448,46.6,1339.5,111,3688.1
12124583525799,1.900122857,1558851584,16592150528,6966288384,94034968576,53.1,1586.5,111,3688.1
12124633494546,1.950091604,1966379008,16994811904,7316459520,93684797440,45.6,1265.6,111,3688.1
12124683480626,2.000077684,1635430400,16743145472,7030788096,93970468864,41.4,1105.8,111,3688.1
12124733489999,2.050087057,2016645120,16994811904,7228186624,93773070336,41.1,1117.6,111,3688.1
12124783481999,2.100079057,1764978688,16743145472,6984335360,94016921600,40.4,1099.6,111,3688.1
12124833491433,2.150088491,2066911232,16994811904,7344443392,93656813568,44.7,1299.7,111,3662.1
12124883483313,2.200080371,1656680448,16743145472,7240052736,93761204224,40.9,1202.5,111,3662.1
12124933484250,2.250081308,1718988800,16608927744,7364173824,93637083136,52.5,1497.9,111,3662.1
12124983478535,2.300075593,2039934976,16994811904,7568547840,93432709120,52.5,1543.1,111,3662.1
12125033487377,2.350084435,1907191808,16743145472,7429410816,93571846144,38.8,1093.8,111,3662.1
12125083487573,2.400084631,2209124352,16994811904,7904591872,93096665088,50.0,1425.3,111,3662.1
12125133601323,2.450198381,1931235328,16743145472,7794388992,93206867968,43.7,1258.7,111,3662.1
12125183500158,2.500097216,2259390464,16994811904,7846772736,93154484224,43.1,1256.4,111,3662.1
12125233476218,2.550073276,1941598208,16676040704,7831404544,93169852416,42.0,1185.4,111,3662.1
12125283478629,2.600075687,1971130368,16676040704,7832035328,93169221632,51.9,1541.2,111,3662.1
12125333491859,2.650088917,2195595264,16994811904,7939383296,93061873664,49.7,1455.3,111,4016.6
12125383490572,2.70008763,2099671040,16743145472,7972020224,93029236736,43.6,1243.0,111,4016.6
12125433484887,2.750081945,2401603584,16994811904,8039993344,92961263616,42.0,1200.8,111,4016.6
12125483496354,2.800093412,2149937152,16743145472,7874596864,93126660096,41.9,1215.3,111,4016.6
12125533486361,2.850083419,2451869696,16994811904,8238055424,92763201536,48.1,1343.3,111,4016.6
12125583500503,2.900097561,2041638912,16743145472,7840403456,93160853504,40.5,1158.8,111,4016.6
12125633479399,2.950076457,2006425600,16524398592,7667277824,93333979136,54.0,1480.2,111,4016.6
12125683479133,3.000076191,2343530496,16994811904,8168501248,92832755712,53.5,1543.1,111,4016.6
12125733495309,3.050092367,2292150272,16743145472,8300326912,92700930048,44.1,1229.5,111,4016.6
12125783492940,3.100089998,2594082816,16994811904,8503926784,92497330176,48.1,1390.8,111,4016.6
12125833475784,3.150072842,2276347904,16743145472,8439013376,92562243584,45.9,1282.8,111,4016.6
12125883488202,3.20008526,2644348928,16994811904,8750526464,92250730496,49.7,1377.8,111,3854.0
12125933489460,3.250086518,2339139584,16676040704,8580722688,92420534272,42.9,1217.2,111,3854.0
12125983477874,3.300074932,2300145664,16676040704,8398282752,92602974208,54.1,1525.7,111,3854.0
12126033491665,3.350088723,2730934272,16994811904,8489099264,92512157696,49.7,1417.5,111,3854.0
12126083504244,3.400101302,2484629504,16743145472,8246779904,92754477056,44.2,1196.3,111,3854.0
12126133489191,3.450086249,2784858112,16994811904,8239296512,92761960448,44.4,1182.9,111,3854.0
12126183513723,3.500110781,2534895616,16743145472,7998971904,93002285056,40.9,1153.9,111,3854.0
12126233484373,3.550081431,2836828160,16994811904,8033021952,92968235008,43.4,1186.0,111,3854.0
12126283486723,3.600083781,2585161728,16743145472,7944552448,93056704512,42.2,1121.2,111,3854.0
12126333487941,3.650084999,2441142272,16578285568,7944294400,93056962560,51.9,1497.4,111,3854.0
12126383478659,3.700075717,2724757504,16793481216,8018354176,92982902784,54.4,1540.6,111,3854.0
12126433487701,3.750084759,2889134080,16994811904,8089575424,92911681536,45.6,1240.7,111,3692.9
12126483491003,3.800088061,2938138624,16994811904,8096337920,92904919040,45.3,1280.7,111,3692.9
12126533480759,3.850077817,2822791168,16994811904,7963045888,93038211072,43.0,1221.0,111,3692.9
12126583488749,3.900085807,2991583232,16994811904,8086392832,92914864128,43.5,1178.1,111,3692.9
12126633497341,3.950094399,2777640960,16743145472,8078135296,92923121664,47.5,1299.0,111,3692.9
12126683481587,4.000078645,2593980416,16578285568,7851302912,93149954048,51.3,1404.1,111,3692.9
12126733490268,4.050087326,2806890496,16793481216,7755563008,93245693952,54.7,1573.6,111,3692.9
12126783491125,4.100088183,3121254400,16994811904,7941615616,93059641344,46.3,1280.6,111,3692.9
12126833485420,4.150082478,2965495808,16793481216,7694921728,93306335232,41.0,1122.9,111,3692.9
12126883486207,4.200083265,3171520512,16994811904,7779815424,93221441536,45.6,1259.1,111,3692.9
12126933502092,4.25009915,2936336384,16793481216,7409405952,93591851008,38.5,1075.4,111,3911.1
12126983489193,4.300086251,3221786624,16994811904,7539978240,93461278720,45.6,1264.4,111,3911.1
12127033488737,4.350085795,2903994368,16676040704,7151714304,93849542656,37.3,1040.5,111,3911.1
12127083478644,4.400075702,2775982080,16524398592,6965661696,94035595264,53.8,1541.3,111,3911.1
12127133506201,4.450103259,3296546816,16994811904,7243837440,93757419520,54.4,1552.8,111,3911.1
12127183482111,4.500079169,3234451456,16994811904,7140360192,93860896768,43.3,1206.8,111,3911.1
12127233499519,4.550096577,3308048384,16994811904,7095234560,93906022400,40.1,1092.9,111,3911.1
12127283485057,4.600082115,3324358656,16994811904,7147012096,93854244864,41.9,1187.2,111,3911.1
12127333487237,4.650084295,3256381440,16994811904,6978584576,94022672384,39.4,1098.9,111,3911.1
12127383489116,4.700086174,3414265856,16994811904,7117914112,93883342848,43.7,1238.7,111,3911.1
12127433491495,4.750088553,3112206336,16676040704,6793650176,94207606784,40.3,1100.8,111,3911.1
12127483484297,4.800081355,3097534464,16676040704,6708752384,94292504576,53.7,1519.7,111,3922.2
12127533478882,4.85007594,3387289600,16994811904,6879838208,94121418752,51.6,1525.1,111,3922.2
12127583480470,4.900077528,3425460224,16994811904,6912307200,94088949760,43.5,1175.9,111,3922.2
12127633509911,4.950106969,3385057280,16994811904,6774767616,94226489344,40.7,1073.0,111,3922.2
12127683492333,5.000089391,3556478976,16994811904,6894493696,94106763264,44.4,1206.8,111,3922.2
12127733483171,5.050080229,3180023808,16743145472,6532227072,94469029888,37.6,1023.0,111,3922.2
12127783489899,5.100086957,3606745088,16994811904,6830526464,94170730496,41.8,1179.4,111,3922.2
12127833485947,5.150083005,3196514304,16743145472,6441906176,94559350784,38.3,1080.5,111,3922.2
12127883491653,5.200088711,3215187968,16578285568,6331645952,94669611008,50.9,1437.1,111,3922.2
12127933500845,5.250097903,3515609088,16994811904,6512279552,94488977408,53.1,1574.1,111,3922.2
12127983484610,5.300081668,3698692096,16994811904,6671495168,94329761792,41.8,1207.5,111,3571.7
12128033513299,5.350110357,3566710784,16994811904,6445445120,94555811840,39.5,1111.4,111,3571.7
12128083486935,5.400083993,3748958208,16994811904,6600531968,94400724992,42.8,1186.8,111,3571.7
12128133598901,5.450195959,3433365504,16793481216,6191267840,94809989120,37.3,1058.5,111,3571.7
12128183490663,5.500087721,3799224320,16994811904,6592274432,94408982528,43.1,1259.4,111,3571.7
12128233477393,5.550074451,3397603328,16743145472,6229999616,94771257344,35.8,984.4,111,3571.7
12128283479422,5.60007648,3391782912,16578285568,6160969728,94840287232,46.8,1378.7,111,3571.7
12128333514704,5.650111762,3488509952,16592150528,6143422464,94857834496,54.3,1566.5,111,3571.7
12128383487427,5.700084485,3891171328,16994811904,6576168960,94425088000,44.6,1269.9,111,3571.7
12128433479939,5.750076997,3449704448,16743145472,6178451456,94822805504,36.2,1060.1,111,3571.7
12128483484052,5.80008111,3941437440,16994811904,6568103936,94433153024,43.8,1220.4,111,3571.7
12128533479528,5.850076586,3610488832,16743145472,6268162048,94733094912,39.2,1120.7,111,4028.0
12128583485725,5.900082783,3991703552,16994811904,6564917248,94436339712,40.4,1138.6,111,4028.0
12128633478507,5.950075565,3660754944,16743145472,6260961280,94740295680,40.5,1162.4,111,4028.0
12128683479564,6.000076622,3556376576,16578285568,6130483200,94870773760,48.4,1338.5,111,4028.0
12128733486372,6.05008343,3751342080,16793481216,6190350336,94810906624,53.8,1558.1,111,4028.0
12128783481698,6.100078756,4083650560,16994811904,6587486208,94413770752,40.5,1240.8,111,4028.0
12128833481733,6.150078791,3630653440,16541814784,6145728512,94855528448,37.0,1037.8,111,4028.0
12128883495554,6.200092612,4133916672,16994811904,6544928768,94456328192,43.8,1318.6,111,4028.0
12128933501801,6.250098859,3690352640,16743145472,6115966976,94885289984,35.0,1044.5,111,4028.0
12128983483672,6.30008073,4184182784,16994811904,6475427840,94525829120,42.2,1217.3,111,4028.0
12129033483607,6.350080665,3839184896,16743145472,6158966784,94842290176,37.5,1099.3,111,3638.4
12129083482059,6.400079117,3772547072,16578285568,6048006144,94953250816,44.9,1323.1,111,3638.4
12129133483778,6.450080836,3800338432,16608927744,6061940736,94939316224,50.9,1519.2,111,3638.4
12129183484885,6.500081943,4276129792,16994811904,6455963648,94545293312,44.1,1298.4,111,3638.4
12129233483968,6.550081026,3945181184,16743145472,6147596288,94853660672,37.2,1121.4,111,3638.4
12129283488101,6.600085159,4326395904,16994811904,6442287104,94558969856,40.2,1177.1,111,3638.4
12129333477587,6.650074645,4074729472,16743145472,6202068992,94799187968,37.7,1096.1,111,3638.4
12129383486759,6.700083817,4376662016,16994811904,6437748736,94563508224,40.0,1146.3,111,3638.4
12129433479871,6.750076929,4134432768,16793481216,6206435328,94794821632,32.7,960.7,111,3638.4
12129483476259,6.800073317,4074602496,16676040704,6115733504,94885523456,44.7,1280.8,111,3638.4
12129533482937,6.850079995,4099571712,16676040704,6110056448,94891200512,53.1,1598.2,111,3638.4
12129583488442,6.9000855,4468609024,16994811904,6419714048,94581542912,46.3,1338.7,111,4103.9
12129633512553,6.950109611,4216942592,16743145472,6183342080,94817914880,42.1,1196.7,111,4103.9
12129683486940,7.000083998,4418359296,16994811904,6338686976,94662569984,43.5,1141.6,111,4103.9
12129733471586,7.050068644,4267208704,16743145472,6196842496,94804414464,37.6,1084.3,111,4103.9
12129783476410,7.100073468,4450217984,16994811904,6325424128,94675832832,43.5,1260.9,111,4103.9
12129833474091,7.150071149,4450217984,16994811904,6324391936,94676865024,39.9,1140.4,111,4103.9
12129883512869,7.200109927,4267081728,16676040704,6118522880,94882734080,40.5,1132.8,111,4103.9
12129933495721,7.250092779,4292050944,16676040704,6112845824,94888411136,52.9,1567.0,111,4103.9
12129983492570,7.300089628,4502204416,16994811904,6266122240,94735134720,46.0,1316.2,111,4103.9
12130033498096,7.350095154,4409421824,16743145472,6187409408,94813847552,40.3,1139.9,111,4103.9
12130083482201,7.400079259,4552790016,16994811904,6308175872,94693081088,42.7,1224.1,111,4103.9
12130133472868,7.450069926,4552790016,16994811904,6300491776,94700765184,41.0,1121.3,111,3876.5
12130183477883,7.500074941,4758466560,16994811904,6407847936,94593409024,40.9,1158.9,111,3876.5
12130233477076,7.550074134,4721979392,16994811904,6415626240,94585630720,40.3,1140.3,111,3876.5
12130283544158,7.600141216,4459560960,16676040704,6125064192,94876192768,37.7,1096.4,111,3876.5
12130333475644,7.650072702,4483944448,16676040704,6142345216,94858911744,52.2,1503.7,111,3876.5
12130383473264,7.700070322,4753944576,16994811904,6383362048,94617894912,53.5,1562.1,111,3876.5
12130433474391,7.750071449,4714094592,16994811904,6331854848,94669402112,40.0,1120.6,111,3876.5
12130483485918,7.800082976,4824551424,16994811904,6369259520,94631997440,41.0,1137.4,111,3876.5
12130533472778,7.850069836,4745269248,16994811904,6323568640,94677688320,40.4,1142.6,111,3876.5
12130583484766,7.900081824,4915294208,16994811904,6406918144,94594338816,42.1,1197.6,111,3876.5
12130633476054,7.950073112,4835176448,16994811904,6363811840,94637445120,41.8,1161.1,111,3641.5
12130683503160,8.000100218,4652040192,16676040704,6115209216,94886047744,41.7,1134.3,111,3641.5
12130733497204,8.050094262,4677009408,16676040704,6116753408,94884503552,53.5,1561.2,111,3641.5
12130783488763,8.100085821,4880502784,16994811904,6261248000,94740008960,45.6,1263.2,111,3641.5
12130833585260,8.150182318,4794380288,16743145472,6425178112,94576078848,45.3,1295.6,111,3641.5
12130883493702,8.20009076,5096312832,16994811904,6974046208,94027210752,48.4,1362.2,111,3641.5
12130933501071,8.250098129,4643315712,16541814784,6925017088,94076239872,44.4,1230.9,111,3641.5
12130983500284,8.300097342,5146578944,16994811904,7448854528,93552402432,48.7,1391.2,111,3641.5
12131033492164,8.350089222,4844519424,16676040704,7318843392,93682413568,44.9,1281.5,111,3641.5
12131083478664,8.400075722,4774060032,16608927744,7574052864,93427204096,53.8,1562.0,111,3641.5
12131133498386,8.450095444,5238525952,16994811904,8067182592,92934074368,50.0,1453.9,111,3373.8
12131183477521,8.500074579,5209509888,16994811904,8292716544,92708540416,50.3,1406.2,111,3373.8
12131233503716,8.550100774,5037125632,16743145472,8353304576,92647952384,47.0,1314.3,111,3373.8
12131283497399,8.600094457,5339058176,16994811904,8425816064,92575440896,50.0,1419.5,111,3373.8
12131333494318,8.650091376,4989718528,16676040704,8361562112,92639694848,44.0,1280.4,111,3373.8
12131383497398,8.700094456,5061967872,16676040704,8413081600,92588175360,54.1,1523.4,111,3373.8
12131433494748,8.750091806,5431005184,16994811904,8557846528,92443410432,49.1,1438.9,111,3373.8
12131483482260,8.800079318,5058744320,16743145472,8508276736,92492980224,44.7,1222.7,111,3373.8
12131533494988,8.850092046,5481271296,16994811904,8575885312,92425371648,45.0,1316.7,111,3373.8
12131583488291,8.900085349,5330030592,16793481216,8606318592,92394938368,44.7,1260.1,111,3373.8
12131633490329,8.950087387,5491896320,16994811904,8782299136,92218957824,47.1,1282.6,111,3373.8
12131683516513,9.000113571,5162364928,16608927744,8561389568,92439867392,45.7,1268.3,111,3737.6
12131733491241,9.050088299,5187334144,16608927744,8502296576,92498960384,56.6,1553.2,111,3737.6
12131783488290,9.100085348,5623484416,16994811904,8722624512,92278632448,47.8,1377.8,111,3737.6
12131833510707,9.150107765,5509578752,16994811904,8845955072,92155301888,46.6,1316.2,111,3737.6
12131883492998,9.200090056,5554827264,16994811904,8775053312,92226203648,43.9,1307.1,111,3737.6
12131933491851,9.250088909,5641752576,16994811904,9038266368,91962990592,45.4,1317.5,111,3737.6
12131983532993,9.300130051,5432709120,16743145472,9049616384,91951640576,44.6,1321.8,111,3737.6
12132033488324,9.350085382,5292818432,16578285568,8806793216,92194463744,49.7,1459.6,111,3737.6
12132083474764,9.400071822,5653426176,16994811904,9139245056,91862011904,52.5,1564.3,111,3737.6
12132133501098,9.450098156,5564297216,16743145472,9048662016,91952594944,41.6,1215.1,111,3737.6
12132183506292,9.50010335,5866229760,16994811904,9268371456,91732885504,47.2,1398.1,111,3737.6
12132233493563,9.550090621,5460807680,16592150528,9054707712,91946549248,43.4,1260.0,111,3921.2
12132283489671,9.600086729,5916495872,16994811904,9431629824,91569627136,46.3,1383.9,111,3921.2
12132333511407,9.650108465,5614436352,16676040704,9050238976,91951017984,43.1,1275.7,111,3921.2
12132383496273,9.700093331,5572292608,16608927744,9092313088,91908943872,53.4,1560.1,111,3921.2
12132433501307,9.750098365,6008442880,16994811904,9503383552,91497873408,48.4,1442.1,111,3921.2
12132483512092,9.80010915,6050447360,16994811904,9672146944,91329110016,46.9,1379.2,111,3921.2
12132533500525,9.850097583,5900144640,16994811904,9544556544,91456700416,41.9,1263.8,111,3921.2
12132583491924,9.900088982,6108975104,16994811904,9753300992,91247955968,48.2,1379.0,111,3921.2
12132633481699,9.950078757,5698744320,16743145472,9732640768,91268616192,46.8,1361.2,111,3921.2
12132683482696,10.000079754,5677776896,16578285568,9833013248,91168243712,52.8,1498.7,111,3921.2
12132733476509,10.050073567,6002716672,16994811904,10024316928,90976940032,51.3,1524.0,111,3921.2
12132783494057,10.100091115,5949255680,16743145472,9877872640,91123384320,39.8,1187.6,111,3286.3
12132833491276,10.150088334,6251188224,16994811904,10074218496,90927038464,47.8,1390.9,111,3286.3
12132883473698,10.200070756,5999521792,16743145472,9947561984,91053694976,42.8,1243.4,111,3286.3
12132933516633,10.250113691,6301454336,16994811904,9963991040,91037265920,45.1,1349.8,111,3286.3
12132983536034,10.300133092,5865168896,16541814784,9517309952,91483947008,39.8,1152.5,111,3286.3
12133033486155,10.350083213,5939744768,16608927744,9331515392,91669741568,51.3,1556.7,111,3286.3
12133083495418,10.400092476,6378565632,16994811904,9466216448,91535040512,50.9,1518.6,111,3286.3
12133133484321,10.450081379,6141734912,16743145472,9274257408,91726999552,42.0,1242.6,111,3286.3
12133183482793,10.500079851,6443667456,16994811904,9191567360,91809689600,44.2,1317.8,111,3286.3
12133233497135,10.550094193,6058823680,16743145472,8848879616,92152377344,40.5,1197.2,111,3286.3
12133283499003,10.600096061,6493933568,16994811904,8981245952,92020011008,42.5,1243.4,111,3676.7
12133333488298,10.650085356,6191874048,16676040704,9034674176,91966582784,42.8,1240.9,111,3676.7
12133383478434,10.700075492,6216843264,16676040704,9087832064,91913424896,51.6,1542.4,111,3676.7
12133433500280,10.750097338,6585880576,16994811904,9128706048,91872550912,47.8,1435.6,111,3676.7
12133483808094,10.800405152,6233485312,16592150528,8737042432,92264214528,41.0,1213.4,111,3676.7
12133533498355,10.850095413,6636146688,16994811904,8908619776,92092637184,45.6,1326.6,111,3676.7
12133583517065,10.900114123,6654365696,16994811904,9035497472,91965759488,45.6,1334.3,111,3676.7
12133633498335,10.950095393,6484029440,16793481216,8876306432,92124950528,43.3,1223.2,111,3676.7
12133683481047,11.000078105,6274244608,16608927744,8547684352,92453572608,49.4,1407.1,111,3676.7
12133733483346,11.050080404,6342209536,16608927744,8610885632,92390371328,52.1,1498.6,111,3676.7
12133783485324,11.100082382,6778359808,16994811904,8847773696,92153483264,47.1,1419.8,111,3676.7
12133833476823,11.150073881,6447411200,16743145472,8666468352,92334788608,52.8,1101.2,111,4030.1
12133883494791,11.200091849,6828625920,16994811904,9026187264,91975069696,67.1,1318.0,111,4030.1
12133933498102,11.25009516,6418395136,16743145472,8640487424,92360769536,50.9,1239.9,111,4030.1
12133983493838,11.300090896,6878892032,16994811904,8837378048,92163878912,46.3,1274.7,111,4030.1
12134033486670,11.350083728,6576832512,16676040704,8923832320,92077424640,46.3,1284.9,111,4030.1
12134083486474,11.400083532,6601801728,16676040704,8946782208,92054474752,52.5,1561.7,111,4030.1
12134133492941,11.450089999,6970839040,16994811904,9316184064,91685072896,51.2,1439.6,111,4030.1
12134183491543,11.500088601,6797369344,16793481216,9327538176,91673718784,46.6,1355.8,111,4030.1
12134233481699,11.550078757,6902181888,16994811904,9470238720,91531018240,49.7,1401.8,111,4030.1
12134283476684,11.600073742,6873165824,16994811904,9532182528,91469074432,46.5,1304.6,111,4030.1
12134333485655,11.650082713,6819704832,16743145472,9427673088,91573583872,41.4,1154.5,111,4001.5
12134383502051,11.700099109,6658908160,16561508352,9192181760,91809075200,49.4,1439.0,111,4001.5
12134433493159,11.750090217,6974926848,16994811904,9333551104,91667705856,53.4,1572.7,111,4001.5
12134483488244,11.800085302,7163318272,16994811904,9426210816,91575046144,46.2,1311.2,111,4001.5
12134533484441,11.850081499,7094661120,16994811904,9271885824,91729371136,45.6,1319.9,111,4001.5
12134583506227,11.900103285,6961917952,16743145472,9082736640,91918520320,39.5,1074.3,111,4001.5
12134633483318,11.950080376,7084535808,16994811904,9091178496,91910078464,46.5,1268.1,111,4001.5
12134683500004,12.000097062,7012184064,16743145472,9034993664,91966263296,45.5,1213.3,111,4001.5
12134733493497,12.050090555,6868164608,16578285568,8960966656,92040290304,50.6,1406.1,111,4001.5
12134783506455,12.100103513,7186333696,16994811904,9227169792,91774087168,53.4,1568.7,111,4001.5
12134833482956,12.150080014,7251976192,16994811904,9401610240,91599646720,48.7,1370.2,111,4001.5
12134883486016,12.200083074,7277080576,16994811904,9297645568,91703611392,46.2,1339.6,111,3791.8
12134933499486,12.250096544,7154397184,16743145472,9370038272,91631218688,41.0,1150.7,111,3791.8
12134983487838,12.300084896,7456329728,16994811904,9607700480,91393556480,51.9,1488.5,111,3791.8
12135033488955,12.350086013,7006457856,16743145472,9250299904,91750957056,42.8,1198.0,111,3791.8
12135083492376,12.400089434,7088304128,16608927744,9291841536,91709415424,53.5,1521.7,111,3791.8
12135133486319,12.450083377,7350071296,16994811904,9345257472,91655999488,49.1,1438.4,111,3791.8
12135183494830,12.500091888,7296610304,16743145472,9268899840,91732357120,42.2,1159.0,111,3791.8
12135233497369,12.550094427,7598542848,16994811904,9438048256,91563208704,47.2,1364.5,111,3791.8
12135283514586,12.600111644,7343722496,16743145472,9215086592,91786170368,45.3,1179.3,111,3791.8
12135333499833,12.650096891,7648808960,16994811904,9236172800,91765084160,46.5,1300.5,111,3791.8
12135383482975,12.700080033,7279636480,16608927744,9021603840,91979653120,44.1,1240.2,111,3791.8
12135433479594,12.750076652,7332077568,16676040704,9162600448,91838656512,53.5,1524.2,111,4168.2
12135483486762,12.80008382,7740755968,16994811904,9577500672,91423756288,52.8,1517.0,111,4168.2
12135533486335,12.850083393,7489089536,16743145472,9458143232,91543113728,44.3,1262.0,111,4168.2
12135583513120,12.900110178,7791022080,16994811904,9621630976,91379625984,48.4,1374.0,111,4168.2
12135633493527,12.950090585,7370690560,16592150528,9336946688,91664310272,45.6,1238.3,111,4168.2
12135683506296,13.000103354,7841288192,16994811904,9569689600,91431567360,49.7,1343.5,111,4168.2
12135733487705,13.050084763,7539228672,16676040704,9551110144,91450146816,45.5,1322.8,111,4168.2
12135783490204,13.100087262,7564197888,16676040704,9406210048,91595046912,53.7,1559.1,111,4168.2
12135833495258,13.150092316,7933235200,16994811904,9509314560,91491942400,48.8,1434.0,111,4168.2
12135883490073,13.200087131,7681568768,16743145472,9324183552,91677073408,41.4,1185.5,111,4168.2
12135933482874,13.250079932,7983501312,16994811904,9471107072,91530149888,46.0,1378.0,111,3938.2
12135983487938,13.300084996,7826087936,16793481216,9458794496,91542462464,44.7,1278.6,111,3938.2
12136033492180,13.350089238,8033767424,16994811904,9617735680,91383521280,44.0,1322.3,111,3938.2
12136083511952,13.40010901,7715459072,16676040704,9527676928,91473580032,45.0,1313.6,111,3938.2
12136133479145,13.450076203,7715459072,16676040704,9470836736,91530420224,51.6,1510.4,111,3938.2
12136183487815,13.500084873,8034230272,16994811904,9502576640,91498680320,47.8,1398.9,111,3938.2
12136233478743,13.550075801,7676649472,16743145472,9260859392,91740397568,40.9,1202.1,111,3938.2
12136283491461,13.600088519,8034230272,16994811904,9278148608,91723108352,43.4,1257.9,111,3938.2
12136333510381,13.650107439,7631568896,16592150528,8970027008,92031229952,39.9,1181.0,111,3938.2
12136383492462,13.70008952,8034230272,16994811904,9047957504,91953299456,45.9,1358.4,111,3938.2
12136433497085,13.750094143,7648346112,16676040704,8823734272,92177522688,41.2,1201.5,111,3773.2
12136483494925,13.800091983,7706767360,16676040704,8843239424,92158017536,51.9,1500.0,111,3773.2
12136533486524,13.850083582,8034230272,16994811904,9119866880,91881390080,50.3,1480.7,111,3773.2
12136583496777,13.900093835,7782563840,16743145472,8919339008,92081917952,41.8,1201.0,111,3773.2
12136633491742,13.9500888,8034230272,16994811904,8957399040,92043857920,46.6,1317.0,111,3773.2
12136683486006,14.000083064,7782563840,16743145472,8957657088,92043599872,46.3,1200.8,111,3773.2
12136733492021,14.050089079,8034230272,16994811904,9253879808,91747377152,46.2,1378.9,111,3773.2
12136783482327,14.100079385,7712727040,16676040704,9141886976,91859369984,42.9,1264.2,111,3773.2
12136833480167,14.150077225,7701823488,16676040704,9145466880,91855790080,51.2,1520.0,111,3773.2
12136883485752,14.20008281,8031944704,16994811904,9268817920,91732439040,49.4,1458.9,111,3773.2
12136933494253,14.250091311,7782563840,16743145472,9002123264,91999133696,38.8,1156.6,111,3773.2
12136983489738,14.300086796,7996157952,16994811904,9097994240,91903262720,45.3,1280.5,111,4269.7
12137033482329,14.350079387,7782563840,16743145472,8874782720,92126474240,41.8,1182.8,111,4269.7
12137083508352,14.40010541,8034230272,16994811904,8844455936,92156801024,43.5,1278.8,111,4269.7
12137133489140,14.450086198,7672455168,16743145472,8704266240,92296990720,42.5,1257.5,111,4269.7
12137183477693,14.500074751,7605948416,16578285568,8517582848,92483674112,45.9,1345.9,111,4269.7
12137233493016,14.550090074,7843012608,16994811904,8639754240,92361502720,53.1,1590.1,111,4269.7
12137283495305,14.600092363,7994589184,16994811904,8780865536,92220391424,44.1,1280.3,111,4269.7
12137333495039,14.650092097,7832899584,16994811904,8852574208,92148682752,46.3,1343.8,111,4269.7
12137383501174,14.700098232,7782563840,16743145472,8819544064,92181712896,43.8,1258.7,111,4269.7
12137433519854,14.750116912,8034230272,16994811904,9180770304,91820486656,48.7,1439.5,111,4269.7
12137483483109,14.800080167,7603875840,16608927744,8974848000,92026408960,42.9,1241.5,111,4269.7
12137533479476,14.850076534,7651491840,16676040704,8856145920,92145111040,52.8,1544.6,111,3954.9
12137583499578,14.900096636,8034230272,16994811904,8932012032,92069244928,49.4,1495.6,111,3954.9
12137633494423,14.950091481,7782563840,16743145472,8692039680,92309217280,42.2,1141.4,111,3954.9
12137683485841,15.000082899,8034230272,16994811904,8693616640,92307640320,42.6,1201.6,111,3954.9
12137733481146,15.050078204,7782563840,16743145472,8676777984,92324478976,41.9,1200.4,111,3954.9
12137783489336,15.100086394,8034230272,16994811904,8891215872,92110041088,42.5,1296.0,111,3954.9
12137833489090,15.150086148,7647289344,16743145472,8675430400,92325826560,41.8,1162.3,111,3954.9
12137883480528,15.200077586,7576588288,16578285568,8506380288,92494876672,49.4,1441.4,111,3954.9
12137933483177,15.250080235,7875665920,16994811904,8647274496,92353982464,53.4,1538.9,111,3954.9
12137983505613,15.300102671,7782563840,16743145472,8576827392,92424429568,43.2,1173.7,111,3954.9
12138033495308,15.350092366,8034230272,16994811904,8705880064,92295376896,48.7,1385.9,111,4214.0
12138083499039,15.400096097,7782563840,16743145472,8451211264,92550045696,40.0,1136.9,111,4214.0
12138133490838,15.450087896,8034230272,16994811904,8430034944,92571222016,42.4,1202.0,111,4214.0
12138183493798,15.500090856,7703281664,16743145472,8365203456,92636053504,45.9,1280.4,111,4214.0
12138233494834,15.550091892,7617703936,16578285568,8270757888,92730499072,47.8,1361.1,111,4214.0
12138283484469,15.600081527,7957676032,16994811904,8507387904,92493869056,53.8,1581.6,111,4214.0
12138333479634,15.650076692,7954948096,16994811904,8464957440,92536299520,41.1,1181.3,111,4214.0
12138383485018,15.700082076,8003813376,16994811904,8437968896,92563288064,42.8,1199.8,111,4214.0
12138433505491,15.750102549,7844425728,16994811904,8356986880,92644270080,41.0,1178.5,111,4214.0
12138483487421,15.800084479,8009166848,16994811904,8281378816,92719878144,40.8,1140.5,111,4214.0
12138533491152,15.85008821,7994589184,16994811904,8208646144,92792610816,42.6,1179.2,111,4214.0
12138583490415,15.900087473,7715459072,16676040704,7934582784,93066674176,41.6,1215.5,111,3737.2
12138633490840,15.950087898,7715459072,16676040704,8079400960,92921856000,56.5,1561.8,111,3737.2
12138683492287,16.000089345,8034230272,16994811904,8438636544,92562620416,52.9,1422.0,111,3737.2
12138733481310,16.050078368,7623999488,16743145472,8381091840,92620165120,46.3,1303.0,111,3737.2
12138783494519,16.100091577,8034230272,16994811904,8571195392,92430061568,46.3,1294.7,111,3737.2
12138833501186,16.150098244,7857147904,16994811904,8706412544,92294844416,46.2,1338.4,111,3737.2
12138883488205,16.200085263,7875665920,16994811904,8915288064,92085968896,49.1,1324.2,111,3737.2
12138933629255,16.250226313,7581233152,16544731136,8871096320,92130160640,48.8,1416.7,111,3737.2
12138983494255,16.300091313,7631568896,16592150528,8856387584,92144869376,53.8,1538.8,111,3737.2
12139033491975,16.350089033,8034230272,16994811904,9108037632,91893219328,46.5,1323.2,111,3737.2
12139083480788,16.400077846,7954948096,16994811904,9164517376,91836739584,46.2,1303.6,111,3737.2
12139133491512,16.45008857,7782563840,16743145472,9089683456,91911573504,44.8,1296.3,111,3785.1
12139183523476,16.500120534,8031105024,16994811904,9054072832,91947184128,43.7,1260.9,111,3785.1
12139233493544,16.550090602,7782563840,16743145472,8814346240,92186910720,41.1,1159.9,111,3785.1
12139283491194,16.600088252,7617703936,16578285568,8568426496,92432830464,49.1,1419.5,111,3785.1
12139333502049,16.650099107,7888011264,16994811904,8603262976,92397993984,53.8,1549.7,111,3785.1
12139383504127,16.700101185,7954948096,16994811904,8577970176,92423286784,44.9,1268.8,111,3785.1
12139433488141,16.750085199,7933853696,16994811904,8379019264,92622237696,41.0,1120.8,111,3785.1
12139483483646,16.800080704,8020586496,16994811904,8400781312,92600475648,42.7,1241.5,111,3785.1
12139533487307,16.850084365,7867854848,16994811904,8129310720,92871946240,39.8,1118.9,111,3785.1
12139583499734,16.900096792,8034230272,16994811904,8198209536,92803047424,42.1,1238.4,111,3785.1
12139633494488,16.950091546,7715459072,16676040704,7807127552,93194129408,41.3,1140.2,111,3827.0
12139683486908,17.000083966,7670366208,16676040704,7724032000,93277224960,56.0,1502.4,111,3827.0
12139733490880,17.050087938,7836024832,16994811904,7757836288,93243420672,49.1,1395.7,111,3827.0
12139783496314,17.100093372,7782563840,16743145472,7646461952,93354795008,41.9,1180.5,111,3827.0
12139833523970,17.150121028,7906000896,16994811904,7632666624,93368590336,41.9,1238.3,111,3827.0
12139883500850,17.200097908,7782563840,16743145472,7456575488,93544681472,39.2,1140.1,111,3827.0
12139933488681,17.250085739,8032821248,16994811904,7609856000,93391400960,42.8,1263.7,111,3827.0
12139983491601,17.300088659,7782563840,16743145472,7367970816,93633286144,39.2,1120.6,111,3827.0
12140033494100,17.350091158,7608705024,16608927744,7153532928,93847724032,44.3,1378.5,111,3827.0
12140083483955,17.400081013,7608705024,16608927744,7150952448,93850304512,52.2,1543.4,111,3827.0
12140133491323,17.450088381,8034230272,16994811904,7511187456,93490069504,44.1,1317.4,111,3827.0
12140183483953,17.500081011,7659872256,16743145472,7149404160,93851852800,36.7,1101.6,111,3784.3
12140233484818,17.550081876,8034234368,16994811904,7430934528,93570322432,41.9,1199.1,111,3784.3
12140283478881,17.600075939,7782567936,16743145472,7188041728,93813215232,36.7,1062.1,111,3784.3
12140333484155,17.650081213,8034234368,16994811904,7349309440,93651947520,40.0,1197.4,111,3784.3
12140383478839,17.700075897,7754248192,16743145472,7110291456,93890965504,35.9,1062.0,111,3784.3
12140433482239,17.750079297,7616110592,16578285568,6945656832,94055600128,45.3,1319.0,111,3784.3
12140483479117,17.800076175,7608709120,16608927744,6938689536,94062567424,51.9,1572.5,111,3784.3
12140533506603,17.850103661,8034234368,16994811904,7240347648,93760909312,43.0,1281.8,111,3784.3
12140583491929,17.900088987,7703285760,16743145472,6943989760,94057267200,40.3,1162.6,111,3784.3
12140633487545,17.950084603,8034234368,16994811904,7246422016,93754834944,40.1,1141.2,111,3784.3
12140683487479,18.000084537,7782567936,16743145472,7007424512,93993832448,40.7,1117.3,111,3477.8
12140733484958,18.050082016,8034234368,16994811904,7240699904,93760557056,40.0,1162.8,111,3477.8
12140783481786,18.100078844,7782567936,16743145472,6999515136,94001741824,40.6,1178.0,111,3477.8
12140833494183,18.150091241,7617708032,16578285568,6781718528,94219538432,44.7,1321.9,111,3477.8
12140883527209,18.200124267,7631577088,16793481216,6748708864,94252548096,52.5,1597.8,111,3477.8
12140933503809,18.250100867,8034234368,16994811904,7184809984,93816446976,44.7,1260.5,111,3477.8
12140983499224,18.300096282,7584362496,16743145472,6759358464,94241898496,36.3,1060.4,111,3477.8
12141033508946,18.350106004,8034234368,16994811904,7184101376,93817155584,44.1,1297.4,111,3477.8
12141083507928,18.400104986,7584362496,16743145472,6777622528,94223634432,36.1,1060.8,111,3477.8
12141133510157,18.450107215,8034234368,16994811904,7146360832,93854896128,42.4,1259.9,111,3477.8
12141183504981,18.500102039,7655682048,16743145472,6787747840,94213509120,36.9,1080.2,111,3700.6
12141233485809,18.550082867,7577456640,16544731136,6675755008,94325501952,48.7,1439.5,111,3700.6
12141283498647,18.600095705,7790673920,16793481216,6909001728,94092255232,53.1,1557.2,111,3700.6
12141333488552,18.65008561,8034234368,16994811904,7111053312,93890203648,42.5,1184.4,111,3700.6
12141383487223,18.700084281,7742349312,16793481216,6774026240,94227230720,36.0,1077.0,111,3700.6
12141433490273,18.750087331,8034234368,16994811904,7061417984,93939838976,42.8,1223.1,111,3700.6
12141483490647,18.800087705,7605829632,16592150528,6627360768,94373896192,35.0,1038.4,111,3700.6
12141533486002,18.85008306,8034234368,16994811904,7059591168,93941665792,42.7,1261.0,111,3700.6
12141583479714,18.900076772,7716499456,16743145472,6780669952,94220587008,36.2,1041.5,111,3700.6
12141633485960,18.950083018,7617708032,16578285568,6616809472,94384447488,46.3,1299.0,111,3700.6
12141683497866,19.000094924,7620796416,16592150528,6583005184,94418251776,54.7,1594.5,111,3700.6
12141733494323,19.050091381,8034234368,16994811904,6930333696,94070923264,44.4,1263.1,111,3557.7
12141783481032,19.10007809,7703285760,16743145472,6610268160,94390988800,38.0,1082.8,111,3557.7
12141833487147,19.150084205,8034234368,16994811904,6908313600,94092943360,40.6,1176.8,111,3557.7
12141883481120,19.200078178,7782567936,16743145472,6658371584,94342885376,37.3,1041.5,111,3557.7
12141933490962,19.25008802,8034234368,16994811904,6906859520,94094397440,41.6,1197.0,111,3557.7
12141983483211,19.300080269,7782567936,16743145472,6665502720,94335754240,35.2,961.9,111,3557.7
12142033480921,19.350077979,7651491840,16676040704,6571315200,94429941760,44.9,1322.2,111,3557.7
12142083479372,19.40007643,7715463168,16676040704,6553493504,94447763456,52.5,1539.9,111,3557.7
12142133484465,19.450081523,8034234368,16994811904,6854893568,94146363392,47.5,1357.4,111,3557.7
12142183508564,19.500105622,7782567936,16743145472,6613876736,94387380224,40.4,1118.4,111,3557.7
12142233491877,19.550088935,7929561088,16994811904,6768734208,94232522752,40.4,1139.6,111,3557.7
12142283481801,19.600078859,7836028928,16994811904,6714281984,94286974976,39.5,1124.0,111,3594.3
12142333481314,19.650078372,7994593280,16994811904,6839099392,94162157568,43.7,1220.1,111,3594.3
12142383484123,19.700081181,8003813376,16994811904,6982574080,94018682880,40.7,1157.9,111,3594.3
12142433482564,19.750079622,7715463168,16676040704,6635732992,94365523968,41.1,1159.7,111,3594.3
12142483481075,19.800078133,7648350208,16676040704,6598701056,94402555904,53.5,1541.7,111,3594.3
12142533477041,19.850074099,7880085504,16994811904,6840004608,94161252352,50.0,1422.6,111,3594.3
12142583482255,19.900079313,7783616512,16793481216,6731108352,94270148608,38.4,1080.0,111,3594.3
12142633478722,19.95007578,7875670016,16994811904,6798221312,94203035648,45.6,1260.7,111,3594.3
12142683501589,20.000098647,7782567936,16743145472,6720679936,94280577024,41.4,1093.7,111,3594.3
12142733485572,20.05008263,7873794048,16994811904,6800158720,94201098240,44.3,1284.0,111,3594.3
12142783494463,20.100091521,7915311104,16994811904,6845669376,94155587584,40.9,1180.7,111,3730.2
12142833478156,20.150075214,7715471360,16676040704,6619103232,94382153728,39.9,1121.1,111,3730.2
12142883500371,20.200097429,7715471360,16676040704,6586937344,94414319616,53.8,1613.0,111,3730.2
12142933493873,20.250090931,7928147968,16994811904,6801891328,94199365632,47.5,1284.0,111,3730.2
12142983516329,20.300113387,7782576128,16743145472,6699417600,94301839360,41.0,1196.5,111,3730.2
12143033494802,20.35009186,8034242560,16994811904,7199297536,93801959424,47.5,1358.4,111,3730.2
12143083507940,20.400104998,7782576128,16743145472,6989762560,94011494400,37.1,1060.3,111,3730.2
12143133484129,20.450081187,8034242560,16994811904,7489695744,93511561216,49.0,1386.8,111,3730.2
12143183485585,20.500082643,7782576128,16743145472,7236292608,93764964352,38.0,1059.4,111,3730.2
12143233480960,20.550078018,7608717312,16608927744,7047401472,93953855488,47.8,1381.4,111,3730.2
12143283479642,20.6000767,7615848448,16608927744,7201640448,93799616512,52.8,1540.0,111,3730.2
12143333491307,20.650088365,8034242560,16994811904,7726510080,93274746880,48.4,1435.4,111,3359.1
12143383502813,20.700099871,7854862336,16994811904,7760072704,93241184256,44.1,1234.0,111,3359.1
12143433483410,20.750080468,8034242560,16994811904,8019136512,92982120448,44.6,1289.3,111,3359.1
12143483480738,20.800077796,8016408576,16994811904,8270217216,92731039744,44.3,1241.4,111,3359.1
12143533488386,20.850085444,7836037120,16994811904,8213446656,92787810304,43.1,1256.3,111,3359.1
12143583485324,20.900082382,7675830272,16676040704,7980429312,93020827648,65.2,1262.1,111,3359.1
12143633491459,20.950088517,7715471360,16676040704,7899901952,93101355008,66.9,1560.4,111,3359.1
12143683485231,21.000082289,8034242560,16994811904,8029175808,92972081152,58.8,1438.7,111,3359.1
12143733493841,21.050090899,7782576128,16743145472,7784464384,93216792576,41.1,1138.4,111,3359.1
12143783499996,21.100097054,8034242560,16994811904,8138698752,92862558208,49.4,1420.4,111,3359.1
12143833474662,21.15007172,7674564608,16743145472,8004886528,92996370432,42.7,1223.7,111,3359.1
12143883487470,21.200084528,8034242560,16994811904,8376254464,92625002496,48.1,1376.1,111,3779.1
12143933503914,21.250100972,7648358400,16608927744,8289034240,92712222720,42.1,1255.1,111,3779.1
12143983482608,21.300079666,7675830272,16676040704,8223723520,92777533440,50.6,1529.3,111,3779.1
12144033486629,21.350083687,8034242560,16994811904,8528900096,92472356864,51.6,1478.9,111,3779.1
12144083490460,21.400087518,7782576128,16743145472,8533282816,92467974144,41.4,1139.3,111,3779.1
12144133484472,21.45008153,8034242560,16994811904,8571990016,92429266944,44.9,1341.2,111,3779.1
12144183487401,21.500084459,7782576128,16743145472,8346701824,92654555136,41.2,1221.0,111,3779.1
12144233484059,21.550081117,8034242560,16994811904,8368549888,92632707072,42.8,1279.3,111,3779.1
12144283487509,21.600084567,7703293952,16743145472,8051920896,92949336064,38.9,1115.7,111,3779.1
12144333478776,21.650075834,7614349312,16578285568,8128614400,92872642560,47.5,1385.4,111,3779.1
12144383481845,21.700078903,7856861184,16994811904,8365760512,92635496448,50.3,1459.4,111,3779.1
12144433495284,21.750092342,7782576128,16743145472,8225968128,92775288832,41.9,1238.8,111,3686.0
12144483484507,21.800081565,8034242560,16994811904,8472281088,92528975872,46.5,1381.5,111,3686.0
12144533478469,21.850075527,7703293952,16743145472,8414736384,92586520576,42.4,1221.4,111,3686.0
12144583491357,21.900088415,8034242560,16994811904,8455503872,92545753088,43.6,1272.5,111,3686.0
12144633485440,21.950082498,7699738624,16676040704,8064303104,92936953856,41.5,1124.0,111,3686.0
12144683490983,22.000088041,7649509376,16676040704,7913316352,93087940608,54.4,1540.7,111,3686.0
12144733496848,22.050093906,7915319296,16994811904,8026857472,92974399488,50.0,1533.7,111,3686.0
12144783483476,22.100080534,7875678208,16994811904,7963082752,93038174208,39.2,1146.6,111,3686.0
12144833483871,22.150080929,7957688320,16994811904,7848947712,93152309248,40.9,1178.9,111,3686.0
12144883479827,22.200076885,7875678208,16994811904,7634944000,93366312960,38.4,1140.6,111,3686.0
12144933485440,22.250082498,7936716800,16994811904,7561916416,93439340544,42.9,1257.6,111,3686.0
12144983487578,22.300084636,7782576128,16743145472,7456944128,93544312832,37.1,1098.0,111,3844.3
12145033480879,22.350077937,7648362496,16608927744,7272693760,93728563200,44.2,1326.1,111,3844.3
12145083494688,22.400091746,7648362496,16676040704,7197601792,93803655168,51.2,1557.3,111,3844.3
12145133491706,22.450088764,8034246656,16994811904,7413587968,93587668992,45.3,1339.6,111,3844.3
12145183498372,22.50009543,7737483264,16743145472,7129735168,93871521792,40.7,1159.3,111,3844.3
12145233490651,22.550087709,8034246656,16994811904,7262371840,93738885120,40.3,1179.7,111,3844.3
12145283491246,22.600088304,7777329152,16743145472,7020249088,93981007872,38.6,1141.7,111,3844.3
12145333484437,22.650081495,8034246656,16994811904,7152885760,93848371200,43.9,1258.8,111,3844.3
12145383481434,22.700078492,7615848448,16743145472,6940323840,94060933120,39.6,1181.9,111,3844.3
12145433482450,22.750079508,7591284736,16578285568,6789623808,94211633152,50.3,1479.1,111,3844.3
12145483487863,22.800084921,7864930304,16994811904,6924828672,94076428288,52.5,1537.8,111,4188.6
12145533497766,22.850094824,8034246656,16994811904,7050838016,93950418944,41.1,1239.0,111,4188.6
12145583500614,22.900097672,7831867392,16793481216,7226568704,93774688256,40.3,1178.4,111,4188.6
12145633479408,22.950076466,8034246656,16994811904,7520739328,93480517632,48.4,1325.8,111,4188.6
12145683486404,23.000083462,7825960960,16793481216,7275851776,93725405184,43.1,1137.9,111,4188.6
12145733480497,23.050077555,7994605568,16994811904,7558787072,93442469888,45.2,1303.1,111,4188.6
12145783483796,23.100080854,7715475456,16676040704,7394926592,93606330368,43.1,1298.6,111,4188.6
12145833504388,23.150101446,7715475456,16676040704,7291707392,93709549568,54.3,1577.9,111,4188.6
12145883495846,23.200092904,8034246656,16994811904,7683371008,93317885952,50.6,1474.7,111,4188.6
12145933558777,23.250155835,7782580224,16743145472,7614472192,93386784768,38.4,1078.5,111,4188.6
12145983489010,23.300086068,8034246656,16994811904,7926816768,93074440192,48.7,1366.4,111,3732.3
12146033492750,23.350089808,7782580224,16743145472,7686561792,93314695168,41.1,1182.0,111,3732.3
12146083483566,23.400080624,8034246656,16994811904,7900807168,93100449792,44.4,1259.4,111,3732.3
12146133481035,23.450078093,7782580224,16743145472,7734263808,93266993152,40.9,1160.9,111,3732.3
12146183476059,23.500073117,7578079232,16578285568,7873703936,93127553024,50.6,1458.8,111,3732.3
12146233478176,23.550075234,7915323392,16994811904,8129429504,92871827456,54.1,1562.2,111,3732.3
12146283520148,23.600117206,7782580224,16743145472,8134406144,92866850816,44.1,1214.0,111,3732.3
12146333488983,23.650086041,8034246656,16994811904,8374714368,92626542592,46.3,1324.3,111,3732.3
12146383491752,23.70008881,7782580224,16743145472,8238981120,92762275840,42.4,1199.4,111,3732.3
12146433488679,23.750085737,8034246656,16994811904,8527290368,92473966592,47.5,1399.2,111,3732.3
12146483478153,23.800075211,7624015872,16743145472,8510750720,92490506240,43.7,1223.7,111,3732.3
12146533473317,23.850070375,7648366592,16676040704,8638214144,92363042816,50.6,1459.6,111,3873.1
12146583499169,23.900096227,7909359616,16994811904,8853291008,92147965952,50.9,1495.0,111,3873.1
12146633496117,23.950093175,7782584320,16743145472,8780070912,92221186048,42.4,1139.7,111,3873.1
12146683485740,24.000082798,7938822144,16994811904,8806125568,92195131392,47.8,1304.7,111,3873.1
12146733484071,24.050081129,7836045312,16994811904,8713433088,92287823872,39.4,1118.8,111,3873.1
12146783490225,24.100087283,8016711680,16994811904,9114902528,91886354432,48.1,1338.7,111,3873.1
12146833477244,24.150074302,7703302144,16743145472,9065873408,91935383552,46.9,1322.5,111,3873.1
12146883558941,24.200155999,7669612544,16676040704,9043165184,91958091776,53.4,1569.8,111,3873.1
12146933484615,24.250081673,7992279040,16994811904,9090957312,91910299648,52.2,1464.8,111,3873.1
12146983506159,24.300103217,7782584320,16743145472,9036238848,91965018112,44.7,1278.5,111,3873.1
12147033496153,24.350093211,8034250752,16994811904,9246920704,91754336256,46.8,1361.4,111,3806.2
12147083505053,24.400102111,7651504128,16743145472,9124446208,91876810752,44.3,1238.8,111,3806.2
12147133534502,24.45013156,8034250752,16994811904,9468067840,91533189120,46.9,1319.4,111,3806.2
12147183479602,24.50007666,7675838464,16676040704,9374130176,91627126784,49.0,1385.4,111,3806.2
12147233493481,24.550090539,7648366592,16608927744,9502896128,91498360832,54.6,1557.4,111,3806.2
12147283490729,24.600087787,8034250752,16994811904,9695481856,91305775104,48.1,1394.6,111,3806.2
12147333488879,24.650085937,7851880448,16994811904,9544007680,91457249280,45.3,1282.4,111,3806.2
12147383515933,24.700112991,8034250752,16994811904,9589010432,91412246528,46.3,1263.1,111,3806.2
12147433483556,24.750080614,7954968576,16994811904,9383604224,91617652736,46.2,1340.6,111,3806.2
12147483484721,24.800081779,7782584320,16793481216,9134329856,91866927104,38.7,1119.0,111,3806.2
12147533484594,24.850081652,7608725504,16608927744,9069490176,91931766784,50.6,1400.8,111,3806.2
12147583597730,24.900194788,7632097280,16793481216,9228447744,91772809216,52.5,1574.3,111,3905.5
12147633483488,24.950080546,8034250752,16994811904,9516429312,91484827648,50.0,1384.1,111,3905.5
12147683486848,25.000083906,7951405056,16994811904,9364434944,91636822016,48.1,1281.2,111,3905.5
12147733498283,25.050095341,7782584320,16743145472,9357578240,91643678720,43.5,1196.5,111,3905.5
12147783504768,25.100101826,7980425216,16994811904,9202180096,91799076864,45.6,1262.5,111,3905.5
12147833483802,25.15008086,7782584320,16743145472,9218613248,91782643712,40.5,1182.5,111,3905.5
12147883491780,25.200088838,7617724416,16578285568,9190887424,91810369536,50.0,1457.8,111,3905.5
12147933494338,25.250091396,7844401152,16994811904,9175916544,91825340416,51.9,1553.5,111,3905.5
12147983480866,25.300077924,7915327488,16994811904,9060655104,91940601856,43.9,1308.3,111,3905.5
12148033486810,25.350083868,7924142080,16994811904,8829444096,92171812864,44.4,1298.1,111,3905.5
12148083492544,25.400089602,7793278976,16793481216,8775168000,92226088960,37.3,1100.3,111,3905.5
12148133504329,25.450101387,7794491392,16793481216,8746971136,92254285824,46.3,1333.8,111,3567.1
12148183492290,25.500089348,8034250752,16994811904,8897658880,92103598080,44.9,1305.3,111,3567.1
12148233493736,25.550090794,7715479552,16676040704,8688381952,92312875008,41.1,1278.1,111,3567.1
12148283482969,25.600080027,7715479552,16676040704,8529940480,92471316480,51.9,1523.5,111,3567.1
12148333483333,25.650080391,8034250752,16994811904,8550572032,92450684928,47.5,1380.0,111,3567.1
12148383484799,25.700081857,7737487360,16743145472,8345620480,92655636480,42.2,1219.9,111,3567.1
12148433506663,25.750103721,8034250752,16994811904,8435511296,92565745664,42.8,1297.1,111,3567.1
12148483502288,25.800099346,7752527872,16793481216,8493559808,92507697152,44.4,1296.1,111,3567.1
12148533499967,25.850097025,8034250752,16994811904,8672624640,92328632320,46.2,1364.6,111,3567.1
12148583483198,25.900080256,7715479552,16676040704,8558825472,92442431488,40.5,1162.6,111,3567.1
12148633504742,25.9501018,7648366592,16608927744,8486076416,92515180544,54.9,1575.7,111,3974.3
12148683495808,26.000092866,8034250752,16994811904,8633184256,92368072704,50.9,1400.4,111,3974.3
12148733503576,26.050100634,7703302144,16743145472,8312672256,92688584704,40.1,1122.9,111,3974.3
12148783495133,26.100092191,8034250752,16994811904,8351895552,92649361408,42.9,1275.3,111,3974.3
12148833475589,26.150072647,7589462016,16592150528,8076173312,92925083648,38.2,1103.9,111,3974.3
12148883525506,26.200122564,8034250752,16994811904,8332423168,92668833792,46.6,1372.5,111,3974.3
12148933493710,26.250090768,7699386368,16676040704,7960834048,93040422912,36.7,1064.1,111,3974.3
12148983492340,26.300089398,7581249536,16541814784,7736074240,93265182720,51.6,1566.3,111,3974.3
12149033481242,26.3500783,7954968576,16994811904,7892451328,93108805632,52.5,1557.1,111,3974.3
12149083516572,26.40011363,7869612032,16994811904,7726526464,93274730496,38.7,1118.9,111,3974.3
12149133478022,26.45007508,7903170560,16994811904,7874072576,93127184384,43.8,1241.9,111,3974.3
12149183520636,26.500117694,7793278976,16793481216,7741693952,93259563008,37.1,1118.3,111,3498.6
12149233510800,26.550107858,7953494016,16994811904,7880052736,93121204224,45.6,1352.5,111,3498.6
12149283485907,26.600082965,7782584320,16743145472,7700967424,93300289536,41.5,1224.2,111,3498.6
12149333700373,26.650297431,7581253632,16544731136,7676215296,93325041664,44.9,1336.3,111,3498.6
12149383479571,26.700076629,7579975680,16540536832,7649632256,93351624704,51.6,1527.9,111,3498.6
12149433504521,26.750101579,8032972800,16993533952,7986368512,93014888448,46.0,1372.4,111,3498.6
12149483492070,26.800089128,7956578304,16993533952,8120004608,92881252352,45.3,1265.4,111,3498.6
12149533477807,26.850074865,7922860032,16993533952,8129523712,92871733248,43.9,1303.3,111,3498.6
12149583480344,26.900077402,7900991488,16993533952,8304910336,92696346624,44.4,1297.9,111,3498.6
12149633487631,26.950084689,7781306368,16741867520,8122986496,92878270464,41.6,1159.2,111,3498.6
12149683486592,27.00008365,7607447552,16607649792,7888420864,93112836096,49.4,1362.1,111,3498.6
12149733480474,27.050077532,7674560512,16674762752,7850745856,93150511104,52.5,1560.1,111,3700.1
12149783487129,27.100084187,8032972800,16993533952,8042975232,92958281728,47.5,1417.3,111,3700.1
12149833482834,27.150079892,7757180928,16741867520,7795249152,93206007808,41.8,1141.4,111,3700.1
12149883487045,27.200084103,8032972800,16993533952,7860420608,93140836352,44.2,1218.1,111,3700.1
12149933485816,27.250082874,7781306368,16741867520,7616565248,93384691712,41.1,1182.3,111,3700.1
12149983485658,27.300082716,8032972800,16993533952,7869194240,93132062720,41.4,1199.0,111,3700.1
12150033515347,27.350112405,7612477440,16741867520,7761727488,93239529472,41.9,1200.9,111,3700.1
12150083483220,27.400080278,7563329536,16578285568,7608446976,93392809984,52.2,1478.8,111,3700.1
12150133485046,27.450082104,7935447040,16993533952,7825723392,93175533568,54.7,1580.4,111,3700.1
12150183489548,27.500086606,7781306368,16741867520,7950839808,93050417152,42.2,1217.9,111,3700.1
12150233492125,27.550089183,7975763968,16993533952,8041930752,92959326208,46.9,1318.4,111,4321.0
12150283501175,27.600098233,7781306368,16741867520,7857168384,93144088576,43.4,1219.0,111,4321.0
12150333485559,27.650082617,8032972800,16993533952,8175992832,92825264128,46.8,1345.0,111,4321.0
12150383479581,27.700076639,7595700224,16741867520,7761567744,93239689216,40.6,1161.8,111,4321.0
12150433480425,27.750077483,7611039744,16607649792,7779672064,93221584896,54.0,1518.0,111,4321.0
12150483480889,27.800077947,7914049536,16993533952,7947661312,93053595648,51.6,1521.7,111,4321.0
12150533501821,27.850098879,7781306368,16741867520,7874486272,93126770688,41.4,1155.7,111,4321.0
12150583491054,27.900088112,8032972800,16993533952,8184659968,92816596992,46.6,1300.1,111,4321.0
12150633494183,27.950091241,7781306368,16741867520,7930462208,93070794752,38.4,998.3,111,4321.0
12150683492873,28.000089931,8032972800,16993533952,8121475072,92879781888,48.1,1342.2,111,4321.0
12150733487536,28.050084594,7781306368,16741867520,7907553280,93093703680,38.0,1002.2,111,4321.0
12150783479764,28.100076822,7582347264,16544731136,7974539264,93026717696,49.1,1442.6,111,3912.4
12150833491479,28.150088537,7741595648,16792203264,8079564800,92921692160,54.9,1555.7,111,3912.4
12150883485812,28.20008287,7993331712,16993533952,8392093696,92609163264,46.8,1361.0,111,3912.4
12150933488319,28.250085377,7883018240,16993533952,8473366528,92527890432,47.8,1359.1,111,3912.4
12150983489134,28.300086192,7781306368,16741867520,8589230080,92412026880,42.5,1218.8,111,3912.4
12151033490279,28.350087337,8032972800,16993533952,8907964416,92093292544,50.6,1463.7,111,3912.4
12151083488298,28.400085356,7781306368,16741867520,8766812160,92234444800,40.3,1120.6,111,3912.4
12151133494041,28.450091099,7617724416,16578285568,8834707456,92166549504,50.0,1437.4,111,3912.4
12151183485278,28.500082336,7969001472,16993533952,9032114176,91969142784,54.1,1560.2,111,3912.4
12151233500049,28.550097107,7781306368,16741867520,8823779328,92177477632,40.7,1175.6,111,3912.4
12151283485374,28.600082432,8032972800,16993533952,9061769216,91939487744,48.1,1364.7,111,3994.9
12151333485146,28.650082204,7781306368,16741867520,8946421760,92054835200,43.7,1241.8,111,3994.9
12151383485329,28.700082387,8032972800,16993533952,8988041216,92013215744,46.6,1299.4,111,3994.9
12151433484571,28.750081629,7647088640,16674762752,8648876032,92352380928,43.2,1218.4,111,3994.9
12151483481508,28.800078566,7674560512,16674762752,8548237312,92453019648,53.8,1563.5,111,3994.9
12151533481180,28.850078238,7850233856,16993533952,8532238336,92469018624,50.0,1458.5,111,3994.9
12151583506080,28.900103138,7781306368,16741867520,8607510528,92393746432,44.4,1294.7,111,3994.9
12151633504780,28.950101838,8032972800,16993533952,8614969344,92386287616,47.8,1304.2,111,3994.9
12151683588851,29.000185909,7781306368,16741867520,8375001088,92626255872,42.1,1157.5,111,3994.9
12151733490709,29.050087767,8032972800,16993533952,8258363392,92742893568,44.7,1221.2,111,3994.9
12151783524165,29.100121223,7781306368,16741867520,8017580032,92983676928,38.4,1056.0,111,3664.9
12151833492408,29.150089466,7647088640,16607649792,7780950016,93220306944,45.0,1325.7,111,3664.9
12151883484656,29.200081714,7647088640,16607649792,7688511488,93312745472,51.9,1559.4,111,3664.9
12151933499878,29.250096936,8032972800,16993533952,8098549760,92902707200,48.7,1440.3,111,3664.9
12151983489892,29.30008695,7912079360,16993533952,8151449600,92849807360,44.7,1241.4,111,3664.9
12152033479174,29.350076232,7993331712,16993533952,8235970560,92765286400,41.4,1241.5,111,3664.9
12152083542576,29.400139634,7993331712,16993533952,8262303744,92738953216,43.5,1293.2,111,3664.9
12152133478639,29.450075697,7781306368,16741867520,8326963200,92674293760,41.0,1165.1,111,3664.9
12152183484493,29.500081551,7589191680,16578285568,8282578944,92718678016,50.6,1541.8,111,3664.9
12152233507419,29.550104477,7989366784,16993533952,8330727424,92670529536,52.8,1567.5,111,3664.9
12152283494046,29.600091104,7792001024,16792203264,8294408192,92706848768,42.8,1249.4,111,3664.9
12152333483489,29.650080547,7864168448,16993533952,8203575296,92797681664,45.7,1298.6,111,4068.7
12152383494463,29.700091521,7781306368,16792203264,8047173632,92954083328,38.1,1116.7,111,4068.7
12152433491219,29.750088277,8024711168,16993533952,8051302400,92949954560,45.0,1283.8,111,4068.7
12152483483387,29.800080445,7781306368,16741867520,7853895680,93147361280,40.4,1221.7,111,4068.7
12152533478781,29.850075839,7563329536,16527953920,7740141568,93261115392,47.5,1454.1,111,4068.7
12152583481058,29.900078116,7964807168,16993533952,8157405184,92843851776,53.8,1524.8,111,4068.7
12152633490970,29.950088028,7781306368,16741867520,8209014784,92792242176,45.1,1295.6,111,4068.7
12152683497785,30.000094843,8032972800,16993533952,8437641216,92563615744,51.9,1419.3,111,4068.7
12152733474043,30.050071101,7752986624,16741867520,8195575808,92805681152,41.0,1165.7,111,4068.7
12152783484606,30.100081664,8032972800,16993533952,8091852800,92909404160,43.8,1276.4,111,4068.7
12152833495469,30.150092527,7719432192,16741867520,8058650624,92942606336,39.2,1123.2,111,3776.4
12152883508346,30.200105404,7617724416,16578285568,8036974592,92964282368,50.3,1495.1,111,3776.4
12152933497368,30.250094426,7803936768,16792203264,8150020096,92851236864,51.6,1482.8,111,3776.4
12152983508902,30.30010596,8032972800,16993533952,8347942912,92653314048,44.4,1358.3,111,3776.4
12153033503194,30.350100252,7975034880,16993533952,8434823168,92566433792,42.5,1238.2,111,3776.4
12153083478971,30.400076029,8032972800,16993533952,8519462912,92481794048,41.1,1183.6,111,3776.4
12153133485025,30.450082083,8026423296,16993533952,8491331584,92509925376,41.1,1220.4,111,3776.4
12153183473797,30.500070855,7897694208,16993533952,8326541312,92674715648,41.6,1222.5,111,3776.4
12153233484319,30.550081377,7647088640,16607649792,7997530112,93003726848,42.2,1250.2,111,3776.4
12153283485064,30.600082122,7674560512,16674762752,7911858176,93089398784,53.4,1527.6,111,3776.4
12153333489585,30.650086643,8032972800,16993533952,8250441728,92750815232,49.1,1439.6,111,3776.4
12153383491401,30.700088459,7662383104,16741867520,8173285376,92827971584,41.2,1220.5,111,3829.6
12153433511591,30.750108649,8032972800,16993533952,8224636928,92776620032,44.4,1295.4,111,3829.6
12153483496876,30.800093934,7622742016,16741867520,8199864320,92801392640,41.8,1222.2,111,3829.6
12153533510084,30.850107142,8032972800,16993533952,8266936320,92734320640,43.1,1259.3,111,3829.6
12153583507051,30.900104109,7714201600,16674762752,8177491968,92823764992,41.9,1241.6,111,3829.6
12153633482858,30.950079916,7620710400,16607649792,7950176256,93051080704,53.8,1483.0,111,3829.6
12153683493060,31.000090118,8029323264,16993533952,8082554880,92918702080,68.9,1577.4,111,3829.6
12153733524792,31.05012185,7895597056,16993533952,8062808064,92938448896,48.1,1200.4,111,3829.6
12153783505137,31.100102195,7914049536,16993533952,8106385408,92894871552,43.7,1276.2,111,3829.6
12153833498057,31.150095115,7862042624,16993533952,8007933952,92993323008,40.5,1161.6,111,3829.6
12153883504291,31.200101349,7897698304,16993533952,7852064768,93149192192,44.4,1240.1,111,4206.7
12153933506999,31.250104057,7914049536,16993533952,7905275904,93095981056,39.4,1118.8,111,4206.7
12153983478528,31.300075586,7652327424,16674762752,7830540288,93170716672,44.9,1265.6,111,4206.7
12154033487808,31.350084866,7714201600,16674762752,7789228032,93212028928,53.4,1536.6,111,4206.7
12154083486087,31.400083145,8032972800,16993533952,7904317440,93096939520,47.8,1402.2,111,4206.7
12154133502531,31.450099589,7781306368,16741867520,7655641088,93345615872,37.9,1035.9,111,4206.7
12154183520317,31.500117375,8032972800,16993533952,7770976256,93230280704,41.3,1158.1,111,4206.7
12154233501344,31.550098402,7781306368,16741867520,7771463680,93229793280,44.0,1241.1,111,4206.7
12154283491097,31.600088155,8032972800,16993533952,7929389056,93071867904,47.5,1324.3,111,4206.7
12154333480940,31.650077998,7736209408,16741867520,7647342592,93353914368,40.4,1161.9,111,4206.7
12154383483899,31.700080957,7591256064,16561508352,7417163776,93584093184,48.8,1418.6,111,4206.7
12154433498479,31.750095537,7908601856,16993533952,7577411584,93423845376,53.5,1572.3,111,3979.2
12154483490396,31.800087454,7993331712,16993533952,7646035968,93355220992,43.7,1206.1,111,3979.2
12154533487353,31.850084411,8031371264,16993533952,7534559232,93466697728,41.9,1180.6,111,3979.2
12154583478208,31.900075266,7874408448,16993533952,7408373760,93592883200,41.5,1201.7,111,3979.2
12154633485174,31.950082232,7914049536,16993533952,7346696192,93654560768,45.0,1239.1,111,3979.2
12154683479505,32.000076563,7962705920,16993533952,7387643904,93613613056,42.2,1098.2,111,3979.2
12154733490288,32.050087346,7714201600,16674762752,7236108288,93765148672,42.4,1236.3,111,3979.2
12154783528853,32.100125911,7647088640,16607649792,7486373888,93514883072,52.8,1541.0,111,3979.2
12154833490694,32.150087752,8032972800,16993533952,7880155136,93121101824,48.1,1343.4,111,3979.2
12154883483142,32.2000802,7618768896,16741867520,7579963392,93421293568,41.4,1181.9,111,3979.2
12154933492562,32.25008962,8032972800,16993533952,7851896832,93149360128,43.4,1258.3,111,3979.2
12154983498406,32.300095464,7762886656,16792203264,7834607616,93166649344,45.3,1276.2,111,4111.1
12155033490413,32.350087471,8032972800,16993533952,8006725632,92994531328,45.0,1281.9,111,4111.1
12155083482481,32.400079539,7714201600,16674762752,7901184000,93100072960,44.9,1283.1,111,4111.1
12155133481401,32.450078459,7647088640,16674762752,7903248384,93098008576,53.4,1576.0,111,4111.1
12155183497484,32.500094542,8032972800,16993533952,8072536064,92928720896,67.5,1319.4,111,4111.1
12155233507465,32.550104523,7781306368,16741867520,8031322112,92969934848,54.4,1079.6,111,4111.1
12155283488492,32.60008555,8032972800,16993533952,8065126400,92936130560,53.1,1282.6,111,4111.1
12155333484547,32.650081605,7781306368,16741867520,8064815104,92936441856,44.7,1278.6,111,4111.1
12155383488207,32.700085265,8032972800,16993533952,8236933120,92764323840,45.9,1320.1,111,4111.1
12155433490423,32.750087481,7657353216,16674762752,7888052224,93113204736,39.6,1137.7,111,4111.1
12155483485567,32.800082625,7714201600,16674762752,8055783424,92945473536,55.0,1562.9,111,4111.1
12155533489847,32.850086905,8032972800,16993533952,8199516160,92801740800,49.1,1418.5,111,3805.5
12155583480352,32.90007741,7781306368,16741867520,8199254016,92802002944,43.2,1242.8,111,3805.5
12155633489802,32.95008686,8032972800,16993533952,8559226880,92442030080,50.6,1377.1,111,3805.5
12155683491177,33.000088235,7741562880,16792203264,8544923648,92456333312,45.9,1236.2,111,3805.5
12155733506167,33.050103225,8032972800,16993533952,8781549568,92219707392,49.4,1341.6,111,3805.5
12155783479670,33.100076728,7714201600,16674762752,8644321280,92356935680,41.9,1227.0,111,3805.5
12155833482488,33.150079546,7690076160,16674762752,8504201216,92497055744,51.9,1518.6,111,3805.5
12155883493350,33.200090408,8032972800,16993533952,8695808000,92305448960,49.1,1436.3,111,3805.5
12155933501178,33.250098236,7818735616,16792203264,8649101312,92352155648,43.8,1261.2,111,3805.5
12155983503665,33.300100723,8032972800,16993533952,8826638336,92174618624,43.4,1317.9,111,3805.5
12156033508496,33.350105554,8002293760,16993533952,8898891776,92102365184,43.0,1276.2,111,3884.2
12156083498560,33.400095618,7834767360,16993533952,8892010496,92109246464,41.8,1225.4,111,3884.2
12156133511897,33.450108955,7650230272,16674762752,8632414208,92368842752,45.6,1336.3,111,3884.2
12156183482074,33.500079132,7714201600,16674762752,8541925376,92459331584,52.2,1526.2,111,3884.2
12156233482517,33.550079575,8032972800,16993533952,8878874624,92122382336,49.1,1461.6,111,3884.2
12156283494592,33.60009165,7629647872,16590872576,8478834688,92522422272,39.6,1136.1,111,3884.2
12156333480989,33.650078047,8032972800,16993533952,8846499840,92154757120,45.5,1323.7,111,3884.2
12156383486502,33.70008356,7993331712,16993533952,8853991424,92147265536,46.2,1359.0,111,3884.2
12156433492686,33.750089744,7781306368,16741867520,8825638912,92175618048,43.2,1218.7,111,3884.2
12156483483170,33.800080228,7617724416,16578285568,8613265408,92387991552,47.5,1422.1,111,3884.2
12156533485817,33.850082875,7823818752,16792203264,8588492800,92412764160,53.1,1616.7,111,3884.2
12156583490448,33.900087506,8032972800,16993533952,8614346752,92386910208,41.7,1222.1,111,3577.7
12156633486072,33.95008313,7934369792,16993533952,8419876864,92581380096,43.8,1198.8,111,3577.7
12156683487838,34.000084896,8015134720,16993533952,8449552384,92551704576,46.2,1279.1,111,3577.7
12156733508639,34.050105697,8000356352,16993533952,8356958208,92644298752,45.6,1297.3,111,3577.7
12156783485458,34.100082516,8032972800,16993533952,8435851264,92565405696,40.4,1184.4,111,3577.7
12156833481122,34.15007818,7647088640,16674762752,8302440448,92698816512,44.1,1314.9,111,3577.7
12156883489380,34.200086438,7646035968,16607649792,8148140032,92853116928,52.6,1546.5,111,3577.7
12156933491637,34.250088695,8032972800,16993533952,8253165568,92748091392,46.0,1376.3,111,3577.7
12156983494665,34.300091723,7785517056,16792203264,8113803264,92887453696,42.0,1179.8,111,3577.7
12157033484357,34.350081415,8032972800,16993533952,8334397440,92666859520,42.4,1243.9,111,3577.7
12157083487626,34.400084684,8029704192,16993533952,8599928832,92401328128,45.6,1357.9,111,3577.7
12157133488881,34.450085939,7993331712,16993533952,8557465600,92443791360,42.2,1199.8,111,3750.3
12157183499573,34.500096631,7714201600,16674762752,8365621248,92635635712,43.7,1337.8,111,3750.3
12157233484517,34.550081575,7714201600,16674762752,8340443136,92660813824,53.2,1544.1,111,3750.3
12157283505358,34.600102416,8032972800,16993533952,8573706240,92427550720,47.8,1398.9,111,3750.3
12157333494330,34.650091388,7662383104,16741867520,8288112640,92713144320,40.5,1221.8,111,3750.3
12157383497949,34.700095007,8032972800,16993533952,8724484096,92276772864,43.8,1257.5,111,3750.3
12157433483685,34.750080743,8017379328,16993533952,8849895424,92151361536,45.2,1302.6,111,3750.3
12157483496691,34.800093749,8032972800,16993533952,8945082368,92056174592,41.6,1217.8,111,3750.3
12157533486595,34.850083653,7714201600,16674762752,8952348672,92048908288,45.1,1337.4,111,3750.3
12157583491035,34.900088093,7647088640,16607649792,8897368064,92103888896,53.1,1561.6,111,3750.3
12157633491388,34.950088446,8032972800,16993533952,9121595392,91879661568,48.1,1380.1,111,3691.7
12157683482413,35.000079471,7585214464,16741867520,8852791296,92148465664,41.4,1141.7,111,3691.7
12157733495290,35.050092348,8032972800,16993533952,8976138240,92025118720,45.3,1278.9,111,3691.7
12157783491745,35.100088803,7619870720,16590872576,8769695744,92231561216,39.5,1182.4,111,3691.7
12157833483742,35.1500808,8032972800,16993533952,9063763968,91937492992,48.7,1378.9,111,3691.7
12157883476040,35.200073098,7647088640,16674762752,8893202432,92108054528,40.3,1161.1,111,3691.7
12157933480731,35.250077789,7714201600,16674762752,8855785472,92145471488,53.5,1579.6,111,3691.7
12157983490101,35.300087159,8032972800,16993533952,8982736896,92018520064,50.0,1417.3,111,3691.7
12158033488540,35.350085598,7781306368,16741867520,8783765504,92217491456,44.0,1241.0,111,3691.7
12158083493982,35.40009104,8032972800,16993533952,8827117568,92174139392,43.7,1279.0,111,3691.7
12158133479267,35.450076325,7622742016,16741867520,8768176128,92233080832,44.4,1222.7,111,3691.7
12158183490300,35.500087358,8032972800,16993533952,9117831168,91883425792,47.8,1357.1,111,3580.7
12158233486705,35.550083763,7714201600,16674762752,8736952320,92264304640,45.6,1299.8,111,3580.7
12158283480816,35.600077874,7652327424,16674762752,8581853184,92419403776,53.5,1523.0,111,3580.7
12158333491769,35.650088827,8032972800,16993533952,8796090368,92205166592,50.3,1398.9,111,3580.7
12158383632025,35.700229083,7579975680,16590872576,8610553856,92390703104,41.9,1209.4,111,3580.7
12158433502895,35.750099953,8032972800,16993533952,8821895168,92179361792,46.2,1349.6,111,3580.7
12158483497767,35.800094825,7799463936,16792203264,8526172160,92475084800,41.5,1159.0,111,3580.7
12158533486298,35.850083356,8032972800,16993533952,8620101632,92381155328,45.0,1262.8,111,3580.7
12158583488073,35.900085131,7714201600,16674762752,8251351040,92749905920,41.9,1198.7,111,3580.7
12158633488115,35.950085173,7714201600,16674762752,8152260608,92848996352,56.3,1561.0,111,3580.7
12158683488117,36.000085175,8032972800,16993533952,8312508416,92688748544,50.9,1400.0,111,3580.7
12158733487027,36.050084085,7781306368,16741867520,8070713344,92930543616,59.1,1120.7,111,3890.8
12158783508400,36.100105458,8032972800,16993533952,8102969344,92898287616,59.1,1198.7,111,3890.8
12158833494856,36.150091914,7781306368,16741867520,7860146176,93141110784,46.3,1078.8,111,3890.8
12158883482325,36.200079383,7874408448,16993533952,7785635840,93215621120,41.8,1205.4,111,3890.8
12158933485122,36.25008218,7874408448,16993533952,7762952192,93238304768,40.3,1158.3,111,3890.8
12158983489583,36.300086641,7714201600,16674762752,7503613952,93497643008,41.0,1139.0,111,3890.8
12159033495065,36.350092123,7714201600,16674762752,7377944576,93623312384,53.5,1597.5,111,3890.8
12159083486110,36.400083168,8032972800,16993533952,7450198016,93551058944,46.9,1302.3,111,3890.8
12159133487395,36.450084453,7781306368,16741867520,7208148992,93793107968,36.6,1059.8,111,3890.8
12159183485183,36.500082241,7874408448,16993533952,7233363968,93767892992,42.0,1241.1,111,3890.8
12159233479374,36.550076432,7874408448,16993533952,7213367296,93787889664,40.4,1120.8,111,3890.8
12159283487251,36.600084309,7954325504,16993533952,7276736512,93724520448,40.6,1155.7,111,3896.8
12159333484147,36.650081205,8032972800,16993533952,7518011392,93483245568,42.7,1204.5,111,3896.8
12159383479440,36.700076498,7714201600,16674762752,7638003712,93363253248,44.7,1280.0,111,3896.8
12159433482148,36.750079206,7674560512,16674762752,7688581120,93312675840,52.2,1538.9,111,3896.8
12159483486027,36.800083085,8032972800,16993533952,7932837888,93068419072,50.3,1419.4,111,3896.8
12159533483394,36.850080452,7781306368,16741867520,7767986176,93233270784,40.3,1160.4,111,3896.8
12159583478346,36.900075404,8032972800,16993533952,7996239872,93005017088,43.0,1241.3,111,3896.8
12159633490351,36.950087409,7781306368,16741867520,7883091968,93118164992,44.4,1177.5,111,3896.8
12159683486005,37.000083063,8032972800,16993533952,8168751104,92832505856,47.8,1340.8,111,3896.8
12159733483252,37.05008031,7781306368,16741867520,7930572800,93070684160,37.1,1000.9,111,3896.8
12159783479226,37.100076284,7578083328,16578285568,7745060864,93256196096,49.1,1400.7,111,3896.8
12159833488556,37.150085614,7865589760,16993533952,8081027072,92920229888,52.8,1556.8,111,3765.7
12159883480943,37.200078001,7953690624,16993533952,8127856640,92873400320,44.9,1322.2,111,3765.7
12159933482258,37.250079316,7937544192,16993533952,8078389248,92922867712,44.0,1279.3,111,3765.7
12159983492689,37.300089747,7781306368,16741867520,8015339520,92985917440,40.5,1177.9,111,3765.7
12160033496829,37.350093887,8032972800,16993533952,8119185408,92882071552,44.7,1280.3,111,3765.7
12160083475782,37.40007284,7702024192,16741867520,7960842240,93040414720,40.8,1243.5,111,3765.7
12160133476725,37.450073783,7617724416,16578285568,7745368064,93255888896,46.8,1398.9,111,3765.7
12160183483129,37.500080187,8022478848,16993533952,8132956160,92868300800,53.4,1560.3,111,3765.7
12160233482180,37.550079238,7853654016,16993533952,8051556352,92949700608,41.3,1239.4,111,3765.7
12160283502360,37.600099418,7953690624,16993533952,8131334144,92869922816,41.5,1180.1,111,3765.7
12160333481963,37.650079021,7878819840,16993533952,8167702528,92833554432,38.9,1200.2,111,3765.7
12160383487205,37.700084263,7953690624,16993533952,8031453184,92969803776,43.8,1237.8,111,4072.1
12160433490573,37.750087631,7993331712,16993533952,8034361344,92966895616,37.3,1118.1,111,4072.1
12160483506656,37.800103714,7714201600,16674762752,7661981696,93339275264,40.6,1198.0,111,4072.1
12160533492210,37.850089268,7714201600,16674762752,7588438016,93412818944,53.1,1562.5,111,4072.1
12160583491902,37.90008896,8032972800,16993533952,8065622016,92935634944,48.1,1404.1,111,4072.1
12160633477576,37.950074634,7622742016,16741867520,8066396160,92934860800,44.4,1221.8,111,4072.1
12160683485664,38.000082722,8032972800,16993533952,8445976576,92555280384,49.1,1374.8,111,4072.1
12160733480716,38.050077774,7702024192,16741867520,8134557696,92866699264,38.2,1083.7,111,4072.1
12160783483363,38.100080421,8032972800,16993533952,8386670592,92614586368,42.1,1239.2,111,4072.1
12160833480920,38.150077978,7658618880,16741867520,8023339008,92977917952,37.7,1120.7,111,4072.1
12160883491743,38.200088801,7572418560,16578285568,8049848320,92951408640,48.1,1400.1,111,3903.2
12160933480173,38.250077231,7933362176,16993533952,8344711168,92656545792,53.1,1559.1,111,3903.2
12160983473973,38.300071031,7834779648,16993533952,8444063744,92557193216,39.0,1181.4,111,3903.2
12161033485697,38.350082755,7986237440,16993533952,8524574720,92476682240,44.4,1216.9,111,3903.2
12161083492712,38.40008977,7781318656,16741867520,8359055360,92642201600,40.9,1238.8,111,3903.2
12161133482365,38.450079423,8032985088,16993533952,8493744128,92507512832,46.5,1323.3,111,3903.2
12161183481856,38.500078914,7622754304,16741867520,8212697088,92788559872,40.4,1219.3,111,3903.2
12161233480154,38.550077212,7578095616,16578285568,8036966400,92964290560,49.7,1442.1,111,3903.2
12161283477281,38.600074339,7872544768,16993533952,8415232000,92586024960,52.2,1579.8,111,3903.2
12161333511146,38.650108204,7781318656,16741867520,8531095552,92470161408,43.4,1272.4,111,3903.2
12161383490469,38.700087527,8032985088,16993533952,8671989760,92329267200,49.1,1421.3,111,3903.2
12161433479611,38.750076669,7583113216,16741867520,8233050112,92768206848,40.5,1206.3,111,3475.9
12161483492557,38.800089615,8032985088,16993533952,8453165056,92548091904,46.6,1355.3,111,3475.9
12161533486838,38.850083896,7714213888,16674762752,8067887104,92933369856,42.8,1221.1,111,3475.9
12161583486930,38.900083988,7647100928,16674762752,7856545792,93144711168,52.5,1595.3,111,3475.9
12161633484607,38.950081665,8032985088,16993533952,7976538112,93024718848,50.3,1345.7,111,3475.9
12161683475192,39.00007225,7635558400,16741867520,7614238720,93387018240,43.4,1221.8,111,3475.9
12161733512483,39.050109541,8032985088,16993533952,7926263808,93074993152,44.8,1236.5,111,3475.9
12161783497597,39.100094655,7878529024,16993533952,7841226752,93160030208,41.9,1255.1,111,3475.9
12161833481469,39.150078527,7933358080,16993533952,8021549056,92979707904,45.9,1328.1,111,3475.9
12161883498072,39.20009513,7647100928,16607649792,7764123648,93237133312,43.1,1215.7,111,3475.9
12161933485229,39.250082287,7674572800,16674762752,7622455296,93378801664,51.9,1522.9,111,4037.2
12161983481444,39.300078502,8032985088,16993533952,7720501248,93280755712,48.1,1400.9,111,4037.2
12162033495623,39.350092681,7781318656,16741867520,7475355648,93525901312,40.0,1118.2,111,4037.2
12162083496396,39.400093454,8032985088,16993533952,7868018688,93133238272,46.9,1357.3,111,4037.2
12162133479376,39.450076434,7630102528,16590872576,7813054464,93188202496,43.7,1233.8,111,4037.2
12162183495818,39.500092876,8032985088,16993533952,8061124608,92940132352,46.0,1308.8,111,4037.2
12162233495980,39.550093038,7714213888,16674762752,7857127424,93144129536,44.7,1241.5,111,4037.2
12162283481705,39.600078763,7675211776,16675401728,7942541312,93058715648,52.5,1520.8,111,4037.2
12162333487518,39.650084576,8033624064,16994172928,8069734400,92931522560,49.1,1414.7,111,4037.2
12162383481879,39.700078937,7623393280,16742506496,7694516224,93306740736,41.1,1165.4,111,4037.2
12162433492491,39.750089549,8033624064,16994172928,7881601024,93119655936,45.1,1274.4,111,3787.2
12162483481041,39.800078099,7623393280,16742506496,7481171968,93520084992,39.9,1145.1,111,3787.2
12162533482486,39.850079544,8033624064,16994172928,7696125952,93305131008,45.0,1217.0,111,3787.2
12162583483249,39.900080307,7647739904,16608288768,7351504896,93649752064,38.6,1100.2,111,3787.2
12162633477309,39.950074367,7675211776,16675401728,7596908544,93404348416,55.1,1563.6,111,3787.2
12162683498040,40.000095098,8016330752,16994172928,8000925696,93000331264,53.1,1494.2,111,3787.2
12162733502630,40.050099688,7781957632,16742506496,8001183744,93000073216,45.9,1262.4,111,3787.2
12162783500097,40.100097155,8033624064,16994172928,8303345664,92697911296,47.8,1377.8,111,3787.2
12162833478779,40.150075837,7580626944,16541175808,7900798976,93100457984,41.5,1178.6,111,3787.2
12162883506723,40.200103781,8033624064,16994172928,8054210560,92947046400,46.5,1339.6,111,3787.2
12162933502116,40.250099174,7714852864,16675401728,8093175808,92908081152,44.7,1300.9,111,3968.1
12162983498000,40.300095058,7714852864,16675401728,8110284800,92890972160,53.5,1503.2,111,3968.1
12163033490698,40.350087756,8033624064,16994172928,8210370560,92790886400,49.4,1421.0,111,3968.1
12163083477545,40.400074603,7702675456,16742506496,7919808512,93081448448,43.0,1220.7,111,3968.1
12163133487946,40.450085004,8033624064,16994172928,8100073472,92901183488,42.5,1218.9,111,3968.1
12163183509198,40.500106256,7859462144,16994172928,8175656960,92825600000,46.0,1331.8,111,3968.1
12163233477310,40.550074368,8005300224,16994172928,8376160256,92625096704,46.5,1270.2,111,3968.1
12163283494905,40.600091963,7671853056,16675401728,8126111744,92875145216,45.9,1298.5,111,3968.1
12163333491310,40.650088368,7647739904,16608288768,8005345280,92995911680,54.0,1593.2,111,3968.1
12163383487935,40.700084993,8033624064,16994172928,8309583872,92691673088,49.1,1364.2,111,3968.1
12163433479200,40.750076258,7781957632,16742506496,8236646400,92764610560,39.0,1122.9,111,3968.1
12163483486966,40.800084024,8033624064,16994172928,8425783296,92575473664,45.1,1276.4,111,3807.2
12163533479374,40.850076432,7593717760,16591511552,8143929344,92857327616,42.2,1180.0,111,3807.2
12163583497910,40.900094968,8033624064,16994172928,8354496512,92646760448,46.2,1317.7,111,3807.2
12163633496910,40.950093968,7714852864,16675401728,8191774720,92809482240,44.7,1203.6,111,3807.2
12163683493355,41.000090413,7714852864,16675401728,8246722560,92754534400,56.6,1573.7,111,3807.2
12163733497184,41.050094242,8033624064,16994172928,8731070464,92270186496,52.2,1481.8,111,3807.2
12163783476546,41.100073604,7596351488,16742506496,8623513600,92377743360,45.0,1245.2,111,3807.2
12163833496085,41.150093143,8033624064,16994172928,8951234560,92050022400,46.6,1352.8,111,3807.2
12163883496608,41.200093666,7987847168,16994172928,8740225024,92261031936,43.7,1257.3,111,3807.2
12163933484226,41.250081284,7879471104,16994172928,8566550528,92434706432,42.1,1229.4,111,3807.2
12163983495789,41.300092847,7647739904,16608288768,8259215360,92742041600,43.2,1252.3,111,4121.6
12164033483898,41.350080956,7647744000,16675401728,8163979264,92837277696,52.2,1548.8,111,4121.6
12164083495502,41.40009256,8033628160,16994172928,8318808064,92682448896,46.3,1413.5,111,4121.6
12164133492668,41.450089726,7659270144,16742506496,8095031296,92906225664,41.1,1162.6,111,4121.6
12164183489854,41.500086912,8033628160,16994172928,8307228672,92694028288,43.7,1319.8,111,4121.6
12164233484105,41.550081163,7663038464,16742506496,8071974912,92929282048,39.6,1102.5,111,4121.6
12164283502592,41.60009965,8033628160,16994172928,8392728576,92608528384,46.3,1358.0,111,4121.6
12164333483056,41.650080114,7714856960,16675401728,8473337856,92527919104,43.3,1301.5,111,4121.6
12164383489480,41.700086538,7714856960,16675401728,8343281664,92657975296,51.3,1519.5,111,4121.6
12164433492337,41.750089395,8033628160,16994172928,8483659776,92517597184,48.1,1437.8,111,4121.6
12164483486468,41.800083526,7781961728,16742506496,8143294464,92857962496,41.9,1197.8,111,4121.6
12164533494144,41.850091202,8033628160,16994172928,8124518400,92876738560,42.1,1263.0,111,3568.7
12164583481281,41.900078339,7742324736,16742506496,7853805568,93147451392,40.8,1201.0,111,3568.7
12164633482865,41.950079923,8033632256,16994172928,7997796352,93003460608,44.7,1221.1,111,3568.7
12164683485682,42.00008274,7580635136,16742506496,7556534272,93444722688,39.6,1077.7,111,3568.7
12164733489220,42.050086278,7563350016,16523759616,7420026880,93581230080,54.0,1580.7,111,3568.7
12164783480626,42.100077684,7954350080,16994172928,7729672192,93271584768,51.6,1543.4,111,3568.7
12164833481589,42.150078647,7875067904,16994172928,7624384512,93376872448,38.4,1119.8,111,3568.7
12164883478986,42.200076044,7873191936,16994172928,7763320832,93237936128,43.7,1280.1,111,3568.7
12164933486171,42.250083229,7781965824,16742506496,7694938112,93306318848,39.1,1131.9,111,3568.7
12164983484890,42.300081948,7835426816,16994172928,7559999488,93441257472,42.4,1247.4,111,3568.7
12165033500030,42.350097088,7781965824,16742506496,7422599168,93578657792,38.5,1137.8,111,3851.4
12165083482208,42.400079266,7647748096,16608288768,7203774464,93797482496,44.9,1323.7,111,3851.4
12165133493290,42.450090348,7647748096,16608288768,7100555264,93900701696,52.5,1553.7,111,3851.4
12165183498371,42.500095429,8033632256,16994172928,7344914432,93656342528,45.0,1303.3,111,3851.4
12165233478846,42.550075904,7684440064,16742506496,7026610176,93974646784,38.6,1162.3,111,3851.4
12165283483516,42.600080574,8033632256,16994172928,7150731264,93850525696,40.3,1179.1,111,3851.4
12165333493937,42.650090995,7781965824,16742506496,6907297792,94093959168,37.3,1115.3,111,3851.4
12165383493738,42.700090796,8033636352,16994172928,7005351936,93995905024,40.6,1201.3,111,3851.4
12165433483811,42.750080869,7781969920,16742506496,6769537024,94231719936,36.7,1023.1,111,3851.4
12165483479505,42.800076563,7600971776,16561508352,6544519168,94456737792,43.9,1339.0,111,3851.4
12165533485206,42.850082264,7580639232,16608288768,6501941248,94499315712,51.9,1562.1,111,3851.4
12165583483585,42.900080643,8033636352,16994172928,6856744960,94144512000,43.2,1295.9,111,3481.9
12165633482534,42.950079592,7702687744,16742506496,6552776704,94448480256,39.7,1124.1,111,3481.9
12165683483548,43.000080606,8033636352,16994172928,6848536576,94152720384,41.9,1118.7,111,3481.9
12165733490763,43.050087821,7781969920,16742506496,6611505152,94389751808,36.9,1076.2,111,3481.9
12165783502426,43.100099484,8033636352,16994172928,6726078464,94275178496,39.2,1158.9,111,3481.9
12165833490144,43.150087202,7781969920,16742506496,6486331392,94514925568,37.6,1078.8,111,3481.9
12165883490186,43.200087244,7617339392,16608288768,6329200640,94672056320,46.2,1326.4,111,3481.9
12165933489446,43.250086504,7647752192,16608288768,6322208768,94679048192,52.8,1552.8,111,3481.9
12165983494357,43.300091415,8033636352,16994172928,6690185216,94311071744,46.8,1343.9,111,3481.9
12166033481494,43.350078552,7781969920,16742506496,6447104000,94554152960,40.6,1101.3,111,3481.9
12166083489140,43.400086198,8033636352,16994172928,6686363648,94314893312,39.6,1158.0,111,4059.8
12166133497366,43.450094424,7781969920,16742506496,6446637056,94554619904,38.0,1097.5,111,4059.8
12166183483482,43.50008054,7875076096,16994172928,6552166400,94449090560,42.4,1207.9,111,4059.8
12166233495185,43.550092243,7781974016,16742506496,6702718976,94298537984,42.1,1192.8,111,4059.8
12166283490187,43.600087245,7580643328,16608288768,6734458880,94266798080,49.7,1407.6,111,4059.8
12166333488806,43.650085864,7608115200,16608288768,6821871616,94179385344,53.4,1537.4,111,4059.8
12166383482285,43.700079343,8033640448,16994172928,7305711616,93695545344,49.1,1400.6,111,4059.8
12166433488568,43.750085626,7832309760,16792842240,7310872576,93690384384,42.8,1238.3,111,4059.8
12166483484061,43.800081119,8033640448,16994172928,7610855424,93390401536,45.6,1321.7,111,4059.8
12166533499271,43.850096329,7914835968,16994172928,7603113984,93398142976,43.5,1216.5,111,4059.8
12166583491348,43.900088406,8033640448,16994172928,7629774848,93371482112,42.8,1222.3,111,3590.6
12166633484817,43.950081875,7625732096,16608288768,7678169088,93323087872,48.7,1342.3,111,3590.6
12166683496800,44.000093858,7780786176,16792842240,8039170048,92962086912,56.4,1593.2,111,3590.6
12166733656643,44.050253701,8033640448,16994172928,8299282432,92701974528,63.7,1337.3,111,3590.6
12166783481755,44.100078813,7630979072,16591511552,8066162688,92935094272,59.7,1078.5,111,3590.6
12166833484301,44.150081359,8033640448,16994172928,8288739328,92712517632,55.8,1330.3,111,3590.6
12166883758298,44.200355356,7630983168,16792842240,8249405440,92751851520,40.0,1173.4,111,3590.6
12166933478633,44.250075691,8033640448,16994172928,8543580160,92457676800,49.1,1348.6,111,3590.6
12166983501938,44.300098996,7714869248,16675401728,8135864320,92865392640,43.5,1254.3,111,3590.6
12167033489175,44.350086233,7714869248,16675401728,8019480576,92981776384,53.2,1525.3,111,3590.6
12167083485359,44.400082417,8033640448,16994172928,8088895488,92912361472,49.1,1397.9,111,3590.6
12167133494678,44.450091736,7781974016,16742506496,7850459136,93150797824,40.3,1141.5,111,3830.1
12167183486855,44.500083913,8033644544,16994172928,7835488256,93165768704,41.8,1198.8,111,3830.1
12167233513126,44.550110184,7781978112,16742506496,7595216896,93406040064,35.8,1037.4,111,3830.1
12167283479393,44.600076451,7864815616,16994172928,7539994624,93461262336,42.9,1207.1,111,3830.1
12167333475177,44.650072235,7885783040,16994172928,7531139072,93470117888,41.9,1179.5,111,3830.1
12167383522377,44.700119435,7714873344,16675401728,7282343936,93718913024,41.4,1136.8,111,3830.1
12167433491009,44.750088067,7714873344,16675401728,7176802304,93824454656,54.7,1620.3,111,3830.1
12167483490129,44.800087187,8033644544,16994172928,7226863616,93774393344,46.8,1376.5,111,3830.1
12167533511590,44.850108648,7781978112,16742506496,7135834112,93865422848,41.8,1179.6,111,3830.1
12167583487446,44.900084504,8033644544,16994172928,7396741120,93604515840,44.6,1264.4,111,3830.1
12167633477869,44.950074927,7781978112,16742506496,7298166784,93703090176,46.2,1241.6,111,3830.1
12167683494492,45.00009155,8033644544,16994172928,7616622592,93384634368,48.1,1311.4,111,3991.3
12167733509892,45.05010695,7781986304,16742506496,7450181632,93551075328,39.0,1081.9,111,3991.3
12167783492300,45.100089358,7578124288,16578285568,7180779520,93820477440,47.2,1325.6,111,3991.3
12167833495117,45.150092175,7793381376,16792842240,7215345664,93785911296,54.0,1577.3,111,3991.3
12167883491631,45.200088689,8033652736,16994172928,7348645888,93652611072,42.2,1258.1,111,3991.3
12167933484830,45.250081888,7722217472,16792842240,6949703680,94051553280,35.7,1023.1,111,3991.3
12167983496914,45.300093972,8033652736,16994172928,7206449152,93794807808,43.2,1293.4,111,3991.3
12168033494661,45.350091719,7797858304,16792842240,7260573696,93740683264,40.6,1181.6,111,3991.3
12168083482800,45.400079858,8013717504,16994172928,7585198080,93416058880,46.0,1283.8,111,3991.3
12168133482560,45.450079618,7613161472,16608288768,7696416768,93304840192,45.9,1360.9,111,3991.3
12168183490507,45.500087565,7813844992,16792842240,7882211328,93119045632,53.4,1577.8,111,3991.3
12168233490137,45.550087195,8033652736,16994172928,7973818368,93027438592,43.6,1281.9,111,3250.2
12168283483917,45.600080975,8024207360,16994172928,7922200576,93079056384,44.0,1280.3,111,3250.2
12168333479940,45.650076998,7792680960,16792842240,7996358656,93004898304,41.9,1259.6,111,3250.2
12168383479481,45.700076539,7914729472,16994172928,7927545856,93073711104,45.9,1342.4,111,3250.2
12168433478741,45.750075799,7824977920,16792842240,7828635648,93172621312,39.1,1100.1,111,3250.2
12168483486296,45.800083354,7617765376,16578285568,7831126016,93170130944,47.8,1427.2,111,3250.2
12168533491016,45.850088074,7765676032,16792842240,7876595712,93124661248,52.5,1582.3,111,3250.2
12168583482731,45.900079789,8033656832,16994172928,8054534144,92946722816,43.3,1247.7,111,3250.2
12168633497891,45.950094949,7940550656,16994172928,8282931200,92718325760,44.7,1251.5,111,3250.2
12168683488675,46.000085733,7914733568,16994172928,8285900800,92715356160,48.4,1287.8,111,3250.2
12168733473217,46.050070275,7889993728,16994172928,8161468416,92839788544,42.5,1242.8,111,3250.2
12168783478728,46.100075786,7781990400,16742506496,8161042432,92840214528,39.6,1138.8,111,4032.8
12168833488769,46.150085827,7617769472,16578285568,8021008384,92980248576,47.2,1415.8,111,4032.8
12168883497506,46.200094564,7977033728,16994172928,8364470272,92636786688,53.5,1553.2,111,4032.8
12168933481778,46.250078836,8033660928,16994172928,8338640896,92662616064,40.5,1188.2,111,4032.8
12168983504171,46.300101229,8005476352,16994172928,8316633088,92684623872,42.6,1250.9,111,4032.8
12169033472593,46.350069651,7835455488,16994172928,8345702400,92655554560,42.4,1251.4,111,4032.8
12169083476000,46.400073058,8033660928,16994172928,8614846464,92386410496,47.5,1335.3,111,4032.8
12169133478325,46.450075383,7781994496,16742506496,8373559296,92627697664,41.4,1263.3,111,4032.8
12169183475151,46.500072209,7563378688,16578285568,8035516416,92965740544,48.7,1419.3,111,4032.8
12169233483978,46.550081036,7841861632,16994172928,8129961984,92871294976,52.5,1593.4,111,4032.8
12169283481425,46.600078483,8033660928,16994172928,8223117312,92778139648,42.4,1224.7,111,3468.7
12169333491625,46.650088683,7847735296,16994172928,8063569920,92937687040,40.1,1193.0,111,3468.7
12169383487669,46.700084727,8033665024,16994172928,8243449856,92757807104,42.4,1224.8,111,3468.7
12169433485145,46.750082203,7829217280,16792842240,8323440640,92677816320,39.5,1162.2,111,3468.7
12169483480768,46.800077826,8022118400,16994172928,8540962816,92460294144,45.6,1339.7,111,3468.7
12169533483264,46.850080322,7714893824,16675401728,8358264832,92642992128,43.4,1299.1,111,3468.7
12169583478486,46.900075544,7665602560,16675401728,8205242368,92796014592,52.5,1541.8,111,3468.7
12169633485931,46.950082989,8033665024,16994172928,8382861312,92618395648,48.1,1376.4,111,3468.7
12169683483036,47.000080094,7781998592,16742506496,8341831680,92659425280,40.6,1103.5,111,3468.7
12169733517282,47.05011434,8033665024,16994172928,8711356416,92289900544,46.6,1332.5,111,3468.7
12169783479973,47.100077031,7702716416,16742506496,8586461184,92414795776,39.2,1124.6,111,3468.7
12169833489171,47.150086229,8033665024,16994172928,8587173888,92414083072,44.4,1297.0,111,3729.8
12169883569804,47.200166862,7580667904,16541175808,8583946240,92417310720,39.2,1115.5,111,3729.8
12169933481619,47.250078677,7585050624,16578285568,8498790400,92502466560,52.9,1529.7,111,3729.8
12169983480227,47.300077285,7954382848,16994172928,8686649344,92314607616,54.4,1561.1,111,3729.8
12170033560409,47.350157467,7820795904,16792842240,8642224128,92359032832,41.9,1199.1,111,3729.8
12170083489326,47.400086384,8000483328,16994172928,8717832192,92283424768,46.9,1336.6,111,3729.8
12170133508113,47.450105171,7781998592,16742506496,8710320128,92290936832,45.3,1279.9,111,3729.8
12170183485471,47.500082529,8033665024,16994172928,8784121856,92217135104,44.3,1262.1,111,3729.8
12170233476365,47.550073423,7702716416,16742506496,8529858560,92471398400,41.8,1162.7,111,3729.8
12170283483930,47.600080988,7578136576,16578285568,8265875456,92735381504,49.7,1438.2,111,3729.8
12170333520440,47.650117498,7954382848,16994172928,8420962304,92580294656,55.6,1578.0,111,3946.7
12170383480857,47.700077915,7793537024,16792842240,8206761984,92794494976,38.2,1102.5,111,3946.7
12170433477120,47.750074178,7835463680,16994172928,8338046976,92663209984,45.3,1281.4,111,3946.7
12170483499734,47.800096792,7782002688,16742506496,8278163456,92723093504,41.9,1189.7,111,3946.7
12170533480910,47.850077968,8033669120,16994172928,8248991744,92752265216,44.9,1264.5,111,3946.7
12170583487242,47.9000843,7782006784,16742506496,8011907072,92989349888,40.3,1102.6,111,3946.7
12170633530695,47.950127753,7580676096,16541175808,7750504448,93250752512,48.4,1410.5,111,3946.7
12170683477145,48.000074203,7580676096,16608288768,7672573952,93328683008,55.1,1552.7,111,3946.7
12170733484660,48.050081718,8033673216,16994172928,7965974528,93035282432,46.6,1297.7,111,3946.7
12170783476656,48.100073714,7636246528,16742506496,7603159040,93398097920,40.5,1163.2,111,3946.7
12170833489892,48.15008695,8033673216,16994172928,7809843200,93191413760,44.1,1228.3,111,3946.7
12170883521222,48.20011828,7782010880,16742506496,7551619072,93449637888,38.4,1087.5,111,3789.8
12170933482620,48.250079678,8033677312,16994172928,7577423872,93423833088,43.1,1199.6,111,3789.8
12170983472272,48.30006933,7742369792,16742506496,7317827584,93683429376,41.4,1163.1,111,3789.8
12171033497039,48.350094097,7610228736,16578285568,7095119872,93906137088,47.8,1356.1,111,3789.8
12171083497902,48.40009496,7750705152,16792842240,7134343168,93866913792,54.7,1596.8,111,3789.8
12171133497392,48.45009445,8033677312,16994172928,7356522496,93644734464,43.4,1220.1,111,3789.8
12171183502653,48.500099711,7732572160,16792842240,7193169920,93808087040,41.6,1178.9,111,3789.8
12171233509216,48.550106274,8033677312,16994172928,7395737600,93605519360,44.0,1242.0,111,3789.8
12171283500560,48.600097618,7789793280,16792842240,7533785088,93467471872,41.5,1178.5,111,3789.8
12171333488038,48.650085096,8033677312,16994172928,7871553536,93129703424,46.5,1303.4,111,3789.8
12171383487227,48.700084285,7714906112,16675401728,7858753536,93142503424,45.9,1340.0,111,3789.8
12171433485505,48.750082563,7714906112,16675401728,7733600256,93267656704,54.4,1578.9,111,3900.0
12171483495815,48.800092873,8033677312,16994172928,7777210368,93224046592,47.8,1396.4,111,3900.0
12171533503220,48.850100278,7782010880,16742506496,7686938624,93314318336,41.5,1140.2,111,3900.0
12171583491849,48.900088907,8033677312,16994172928,7788077056,93213179904,41.3,1140.8,111,3900.0
12171633494545,48.950091603,7782014976,16742506496,7752146944,93249110016,44.0,1202.9,111,3900.0
12171683489687,49.000086745,8033681408,16994172928,8104812544,92896444416,51.9,1360.3,111,3900.0
12171733491992,49.05008905,7782014976,16742506496,8104812544,92896444416,41.0,1216.9,111,3900.0
12171783481103,49.100078161,7578152960,16578285568,8004947968,92996308992,51.9,1446.4,111,3900.0
12171833493467,49.150090525,8026275840,16994172928,8349306880,92651950080,53.1,1575.9,111,3900.0
12171883484000,49.200081058,7818715136,16792842240,8360128512,92641128448,42.7,1259.2,111,3900.0
12171933478761,49.250075819,7914758144,16994172928,8195235840,92806021120,44.4,1320.7,111,3900.0
12171983475606,49.300072664,7954399232,16994172928,8177238016,92824018944,40.3,1119.4,111,3613.0
12172033485856,49.350082914,7809110016,16792842240,8086433792,92914823168,40.6,1177.3,111,3613.0
12172083487219,49.400084277,8033681408,16994172928,8074174464,92927082496,44.3,1299.6,111,3613.0
12172133498251,49.450095309,7647801344,16608288768,7773032448,93228224512,38.4,1138.4,111,3613.0
12172183488062,49.50008512,7714381824,16675401728,7875883008,93125373952,51.6,1541.1,111,3613.0
12172233490598,49.550087656,7953977344,16994172928,8043356160,92957900800,47.5,1419.2,111,3613.0
12172283487804,49.600084862,7782019072,16742506496,8002760704,92998496256,41.1,1181.8,111,3613.0
12172333485951,49.650083009,7894769664,16994172928,8030601216,92970655744,43.3,1302.3,111,3613.0
12172383489378,49.700086436,7835480064,16994172928,7917576192,93083680768,38.4,1159.1,111,3613.0
12172433504107,49.750101165,7835480064,16994172928,8047218688,92954038272,43.4,1281.3,111,3613.0
12172483503226,49.800100284,7782023168,16742506496,8032641024,92968615936,40.6,1174.9,111,3577.1
12172533484371,49.850081429,7580692480,16541175808,8075718656,92925538304,47.8,1435.2,111,3577.1
12172583487968,49.900085026,7850045440,16994172928,8278016000,92723240960,52.8,1563.2,111,3577.1
12172633485525,49.950082583,8033689600,16994172928,8378273792,92622983168,45.2,1246.5,111,3577.1
12172683478793,50.000075851,7994048512,16994172928,8450650112,92550606848,47.2,1321.3,111,3577.1
12172733487590,50.050084648,7875125248,16994172928,8468455424,92532801536,43.7,1279.2,111,3577.1
12172783487310,50.100084368,7862181888,16994172928,8505356288,92495900672,44.8,1256.2,111,3577.1
12172833483604,50.150080662,7780966400,16742506496,8536563712,92464693248,44.6,1323.8,111,3577.1
12172883477573,50.200074631,7617802240,16578285568,8188456960,92812800000,48.7,1440.4,111,3577.1
12172933489717,50.250086775,8007467008,16994172928,8338624512,92662632448,53.1,1596.5,111,3577.1
12172983506670,50.300103728,8033689600,16994172928,8339980288,92661276672,37.3,1098.6,111,3503.9
12173033502112,50.35009917,8001282048,16994172928,8133881856,92867375104,42.1,1198.6,111,3503.9
12173083482896,50.400079954,7914766336,16994172928,8031936512,92969320448,43.4,1265.5,111,3503.9
12173133480382,50.45007744,7910998016,16994172928,7832399872,93168857088,42.1,1221.4,111,3503.9
12173183476586,50.500073644,7835484160,16994172928,7781502976,93219753984,40.0,1160.5,111,3503.9
12173233484722,50.55008178,7647805440,16608288768,7731245056,93270011904,44.7,1276.5,111,3503.9
12173283482088,50.600079146,7631028224,16591511552,7774838784,93226418176,52.5,1587.1,111,3503.9
12173333489172,50.65008623,8033689600,16994172928,8071544832,92929712128,45.3,1310.0,111,3503.9
12173383492248,50.700089306,7786098688,16792842240,7716712448,93284544512,38.8,1158.0,111,3503.9
12173433491868,50.750088926,8033689600,16994172928,8044974080,92956282880,43.7,1301.6,111,3503.9
12173483491629,50.800088687,7652487168,16792842240,7603712000,93397544960,38.5,1058.6,111,3503.9
12173533485708,50.850082766,8033689600,16994172928,7828471808,93172785152,44.7,1283.2,111,3515.5
12173583482863,50.900079921,7583821824,16742506496,7420833792,93580423168,33.3,1020.7,111,3515.5
12173633483605,50.950080663,7578689536,16544731136,7262650368,93738606592,51.3,1460.6,111,3515.5
12173683525595,51.000122653,7580696576,16608288768,7207669760,93793587200,53.1,1537.3,111,3515.5
12173733486702,51.05008376,8033693696,16994172928,7429324800,93571932160,42.8,1280.0,111,3515.5
12173783527049,51.100124107,7762096128,16742506496,7193456640,93807800320,36.5,1058.2,111,3515.5
12173833484039,51.150081097,8033693696,16994172928,7594205184,93407051776,46.0,1303.0,111,3515.5
12173883490792,51.20008785,7782027264,16742506496,7452712960,93548544000,39.5,1140.6,111,3515.5
12173933519126,51.250116184,8033693696,16994172928,7526682624,93474574336,42.8,1233.5,111,3515.5
12173983486054,51.300083112,7782027264,16742506496,7284924416,93716332544,41.2,1124.4,111,3515.5
12174033481617,51.350078675,7580696576,16541175808,7045197824,93956059136,46.6,1360.8,111,3515.5
12174083480265,51.400077323,7647813632,16675401728,7001329664,93999927296,51.3,1524.5,111,3845.9
12174133528897,51.450125955,8033701888,16994172928,7185833984,93815422976,48.1,1409.8,111,3845.9
12174183484514,51.500081572,7782035456,16742506496,6944043008,94057213952,41.4,1148.1,111,3845.9
12174233482852,51.55007991,8033701888,16994172928,7098097664,93903159296,41.9,1158.1,111,3845.9
12174283529921,51.600126979,7782035456,16742506496,7098368000,93902888960,43.1,1251.4,111,3845.9
12174333491399,51.650088457,8033701888,16994172928,7540920320,93460336640,46.2,1290.0,111,3845.9
12174383506348,51.700103406,7782035456,16742506496,7485284352,93515972608,40.5,1138.2,111,3845.9
12174433490629,51.750087687,7617814528,16578285568,7544225792,93457031168,51.2,1460.9,111,3845.9
12174483492844,51.800089902,8033316864,16994172928,7971811328,93029445632,54.4,1560.1,111,3845.9
12174533484659,51.850081717,7875137536,16994172928,7787552768,93213704192,42.0,1201.7,111,3845.9
12174583480181,51.900077239,8033701888,16994172928,8114790400,92886466560,47.5,1339.3,111,3845.9
12174633491312,51.95008837,7782035456,16742506496,8115044352,92886212608,45.6,1237.8,111,4090.3
12174683487826,52.000084884,8033701888,16994172928,8378769408,92622487552,51.6,1423.7,111,4090.3
12174733480643,52.050077701,7782039552,16742506496,8324427776,92676829184,41.9,1140.6,111,4090.3
12174783635265,52.100232323,7568764928,16544731136,8151064576,92850192384,50.6,1469.4,111,4090.3
12174833491054,52.150088112,7760683008,16792842240,8176869376,92824387584,53.2,1542.1,111,4090.3
12174883490093,52.200087151,8026353664,16994172928,8339222528,92662034432,46.5,1266.2,111,4090.3
12174933479223,52.250076281,7990706176,16994172928,8373915648,92627341312,45.9,1321.1,111,4090.3
12174983480706,52.300077764,7994064896,16994172928,8516268032,92484988928,40.9,1119.9,111,4090.3
12175033512376,52.350109434,7742300160,16792842240,8494837760,92506419200,46.0,1372.1,111,4090.3
12175083485336,52.400082394,8033705984,16994172928,8587964416,92413292544,46.8,1266.1,111,4090.3
12175133491568,52.450088626,7714934784,16675401728,8171216896,92830040064,45.4,1317.8,111,3883.5
12175183492631,52.500089689,7699894272,16675401728,8080384000,92920872960,52.8,1500.7,111,3883.5
12175233491459,52.550088517,7897837568,16994172928,8135606272,92865650688,47.8,1419.3,111,3883.5
12175283493293,52.600090351,7835504640,16994172928,8048394240,92952862720,38.0,1081.6,111,3883.5
12175333483625,52.650080683,8001196032,16994172928,8073166848,92928090112,45.6,1260.0,111,3883.5
12175383499716,52.700096774,8033710080,16994172928,8042201088,92959055872,39.8,1138.4,111,3883.5
12175433503965,52.750101023,7950589952,16994172928,7831891968,93169364992,41.9,1175.0,111,3883.5
12175483489228,52.800086286,8011677696,16994172928,7840366592,93160890368,43.7,1207.7,111,3883.5
12175533503795,52.850100853,7714938880,16675401728,7920103424,93081153536,46.0,1317.1,111,3883.5
12175583491292,52.90008835,7647186944,16607649792,7995711488,93005545472,53.8,1556.1,111,3883.5
12175633517011,52.950114069,8033075200,16993533952,8207568896,92793688064,50.9,1403.3,111,3860.9
12175683489530,53.000086588,7589511168,16741867520,7960662016,93040594944,43.1,1159.5,111,3860.9
12175733501423,53.050098481,8033075200,16993533952,8227082240,92774174720,46.5,1300.3,111,3860.9
12175783492897,53.100089955,7815897088,16792203264,8313786368,92687470592,43.9,1222.8,111,3860.9
12175833480635,53.150077693,7914151936,16993533952,8513515520,92487741440,46.9,1361.4,111,3860.9
12175883529206,53.200126264,7647191040,16607649792,8329478144,92671778816,46.3,1375.4,111,3860.9
12175933477470,53.250074528,7672320000,16792203264,8403447808,92597809152,52.8,1542.4,111,3860.9
12175983488411,53.300085469,8033075200,16993533952,8607346688,92393910272,45.3,1320.1,111,3860.9
12176033492158,53.350089216,7856316416,16993533952,8540037120,92461219840,42.5,1296.4,111,3860.9
12176083481198,53.400078256,8033075200,16993533952,8691003392,92310253568,43.7,1265.2,111,3860.9
12176133482431,53.450079489,8027136000,16993533952,8603250688,92398006272,44.4,1299.3,111,3860.9
12176183485106,53.500082164,7914151936,16993533952,8484171776,92517085184,42.9,1239.1,111,3665.8
12176233499584,53.550096642,7647191040,16607649792,8489590784,92511666176,44.7,1355.4,111,3665.8
12176283477853,53.600074911,7635652608,16607649792,8453722112,92547534848,51.3,1526.9,111,3665.8
12176333486350,53.650083408,8033075200,16993533952,8831819776,92169437184,46.5,1399.3,111,3665.8
12176383484156,53.700081214,7993434112,16993533952,8967798784,92033458176,45.6,1338.6,111,3665.8
12176433514554,53.750111612,7781408768,16741867520,9084952576,91916304384,42.6,1269.5,111,3665.8
12176483483937,53.800080995,8033075200,16993533952,9248059392,91753197568,48.7,1454.1,111,3665.8
12176533494407,53.850091465,7701798912,16674762752,9090134016,91911122944,43.2,1237.9,111,3665.8
12176583482955,53.900080013,7714304000,16674762752,9146847232,91854409728,52.2,1562.6,111,3665.8
12176633478798,53.950075856,8033079296,16993533952,9158823936,91842433024,49.0,1439.9,111,3665.8
12176683475713,54.000072771,7781412864,16741867520,8972754944,92028502016,45.9,1240.6,111,3665.8
12176733485040,54.050082098,8033079296,16993533952,8975486976,92025769984,46.3,1335.5,111,3757.7
12176783494619,54.100091677,7607021568,16590872576,8725868544,92275388416,42.4,1220.4,111,3757.7
12176833545445,54.150142503,8033083392,16993533952,9021726720,91979530240,45.6,1356.9,111,3757.7
12176883513325,54.200110383,7714312192,16674762752,8853995520,92147261440,39.6,1161.9,111,3757.7
12176933484170,54.250081228,7714312192,16674762752,8835874816,92165382144,52.8,1523.7,111,3757.7
12176983503687,54.300100745,8033083392,16993533952,8899612672,92101644288,48.4,1419.0,111,3757.7
12177033477308,54.350074366,7771971584,16741867520,8649539584,92351717376,40.9,1200.9,111,3757.7
12177083494831,54.400091889,8033083392,16993533952,8555823104,92445433856,44.1,1279.5,111,3757.7
12177133488109,54.450085167,7781416960,16741867520,8308355072,92692901888,38.4,1120.5,111,3757.7
12177183489672,54.50008673,8033083392,16993533952,8382312448,92618944512,41.9,1236.6,111,3757.7
12177233479844,54.550076902,7646146560,16741867520,8220258304,92780998656,42.1,1224.9,111,3757.7
12177283473833,54.600070891,7611092992,16607649792,8333365248,92667891712,49.1,1439.9,111,4054.2
12177333484804,54.650081862,8032346112,16993533952,8774098944,92227158016,50.6,1494.9,111,4054.2
12177383490185,54.700087243,7781421056,16741867520,8710356992,92290899968,43.7,1262.6,111,4054.2
12177433515092,54.75011215,8033087488,16993533952,8843485184,92157771776,43.4,1314.6,111,4054.2
12177483484204,54.800081262,7683895296,16741867520,8760635392,92240621568,41.7,1205.9,111,4054.2
12177533492340,54.850089398,8033087488,16993533952,8964997120,92036259840,46.0,1394.4,111,4054.2
12177583492951,54.900090009,7714316288,16674762752,8579731456,92421525504,43.7,1222.9,111,4054.2
12177633483063,54.950080121,7714316288,16674762752,8441958400,92559298560,54.1,1562.7,111,4054.2
12177683485237,55.000082295,8033087488,16993533952,8619597824,92381659136,51.0,1419.5,111,4054.2
12177733490036,55.050087094,7741779968,16741867520,8406646784,92594610176,43.2,1217.9,111,4054.2
12177783486089,55.100083147,8033087488,16993533952,8749678592,92251578368,44.0,1339.4,111,3827.0
12177833505055,55.150102113,7656923136,16792203264,8600506368,92400750592,43.7,1238.2,111,3827.0
12177883496009,55.200093067,8033091584,16993533952,8720662528,92280594432,45.6,1283.6,111,3827.0
12177933496089,55.250093147,7714320384,16674762752,8526307328,92474949632,44.7,1258.5,111,3827.0
12177983491911,55.300088969,7714320384,16674762752,8627462144,92373794816,53.1,1560.2,111,3827.0
12178033484778,55.350081836,8033091584,16993533952,8762421248,92238835712,49.4,1402.6,111,3827.0
12178083489888,55.400086946,7781425152,16741867520,8723148800,92278108160,41.2,1177.9,111,3827.0
12178133512721,55.450109779,8033091584,16993533952,8834244608,92167012352,46.6,1336.3,111,3827.0
12178183488235,55.500085293,7774076928,16741867520,8592764928,92408492032,40.1,1123.1,111,3827.0
12178233492925,55.550089983,8033091584,16993533952,8659357696,92341899264,43.0,1260.1,111,3827.0
12178283485751,55.600082809,7610834944,16607649792,8626327552,92374929408,43.5,1219.8,111,3827.0
12178333493667,55.650090725,7679483904,16674762752,8563879936,92437377024,63.5,1575.3,111,4056.4
12178383512692,55.70010975,7953813504,16993533952,8587620352,92413636608,76.2,1504.8,111,4056.4
12178433481244,55.750078302,8033095680,16993533952,8559226880,92442030080,49.1,1100.4,111,4056.4
12178483480072,55.80007713,7881261056,16993533952,8504283136,92496973824,41.2,1137.9,111,4056.4
12178533487426,55.850084484,8033095680,16993533952,8609513472,92391743488,43.3,1244.2,111,4056.4
12178583494719,55.900091777,7966482432,16993533952,8558899200,92442357760,43.5,1217.4,111,4056.4
12178633480773,55.950077831,8033095680,16993533952,8675729408,92325527552,45.3,1242.4,111,4056.4
12178683480663,56.000077721,7714324480,16674762752,8462839808,92538417152,45.9,1240.3,111,4056.4
12178733482838,56.050079896,7714324480,16674762752,8598761472,92402495488,53.5,1540.0,111,4056.4
12178783515269,56.100112327,8033099776,16993533952,8722694144,92278562816,49.7,1437.8,111,4056.4
12178833493718,56.150090776,7781433344,16741867520,8623861760,92377395200,43.1,1199.8,111,3820.4
12178883491474,56.200088532,8033099776,16993533952,8886554624,92114702336,48.4,1399.3,111,3820.4
12178933477528,56.250074586,7580102656,16540536832,8529657856,92471599104,42.1,1162.0,111,3820.4
12178983491244,56.300088302,8033099776,16993533952,8708931584,92292325376,46.9,1317.8,111,3820.4
12179033485604,56.350082662,7714328576,16674762752,8564670464,92436586496,42.9,1242.5,111,3820.4
12179083483129,56.400080187,7713636352,16674762752,8671379456,92329877504,51.9,1478.7,111,3820.4
12179133491455,56.450088513,8033099776,16993533952,8856563712,92144693248,50.3,1477.1,111,3820.4
12179183477369,56.500074427,7741792256,16741867520,8792809472,92208447488,43.6,1224.8,111,3820.4
12179233489532,56.55008659,8033099776,16993533952,9144737792,91856519168,50.0,1415.5,111,3820.4
12179283479062,56.60007612,7826243584,16792203264,8942804992,92058451968,45.2,1223.0,111,3820.4
12179333512766,56.650109824,8033099776,16993533952,9138663424,91862593536,47.2,1338.3,111,3347.8
12179383482399,56.700079457,7714328576,16674762752,9050611712,91950645248,46.2,1320.9,111,3347.8
12179433493440,56.750090498,7692300288,16674762752,8847527936,92153729024,54.0,1539.2,111,3347.8
12179483495273,56.800092331,8033099776,16993533952,8949960704,92051296256,50.3,1477.3,111,3347.8
12179533498990,56.850096048,7622868992,16741867520,8630079488,92371177472,42.9,1224.2,111,3347.8
12179583500944,56.900098002,8033099776,16993533952,8776134656,92225122304,45.0,1296.1,111,3347.8
12179633497247,56.950094305,7724789760,16792203264,8592556032,92408700928,44.1,1198.4,111,3347.8
12179683495073,57.000092131,8033099776,16993533952,8699379712,92301877248,46.5,1262.1,111,3347.8
12179733493430,57.050090488,7714328576,16674762752,8285986816,92715270144,43.4,1217.9,111,3347.8
12179783481237,57.100078295,7714328576,16674762752,8123416576,92877840384,53.8,1546.1,111,3347.8
12179833506966,57.150104024,8033099776,16993533952,8262377472,92738879488,47.2,1436.4,111,3347.8
12179883473423,57.200070481,7769890816,16741867520,8240340992,92760915968,39.1,1121.9,111,3907.0
12179933481198,57.250078256,8033103872,16993533952,8355844096,92645412864,42.9,1241.8,111,3907.0
12179983475978,57.300073036,7662514176,16741867520,8105660416,92895596544,39.9,1180.8,111,3907.0
12180033482410,57.350079468,8033103872,16993533952,8245952512,92755304448,41.0,1196.0,111,3907.0
12180083494212,57.40009127,7709548544,16674762752,8087511040,92913745920,41.4,1197.0,111,3907.0
12180133487800,57.450084858,7574966272,16540536832,7967133696,93034123264,50.0,1499.8,111,3907.0
12180183482300,57.500079358,7893635072,16993533952,8154734592,92846522368,51.0,1527.7,111,3907.0
12180233492950,57.550090008,7781437440,16741867520,8278216704,92723040256,43.2,1253.1,111,3907.0
12180283498481,57.600095539,8033103872,16993533952,8361308160,92639948800,44.3,1320.8,111,3907.0
12180333478062,57.65007512,7686012928,16741867520,8041058304,92960198656,44.1,1203.8,111,3907.0
12180383486919,57.700083977,8033107968,16993533952,8144379904,92856877056,42.1,1259.1,111,3619.3
12180433480988,57.750078046,7674699776,16674762752,7768391680,93232865280,38.7,1162.3,111,3619.3
12180483495766,57.800092824,7710691328,16674762752,7729938432,93271318528,52.8,1577.9,111,3619.3
12180533485506,57.850082564,8033112064,16993533952,8005533696,92995723264,46.5,1398.7,111,3619.3
12180583505434,57.900102492,7781445632,16741867520,7765794816,93235462144,39.6,1178.6,111,3619.3
12180633485196,57.950082254,8033112064,16993533952,8000393216,93000863744,45.2,1263.6,111,3619.3
12180683494443,58.000091501,7781445632,16741867520,7761522688,93239734272,42.6,1117.7,111,3619.3
12180733528257,58.050125315,7907127296,16993533952,7804157952,93197099008,42.0,1201.0,111,3619.3
12180783529299,58.100126357,7781445632,16741867520,7660167168,93341089792,40.7,1177.2,111,3619.3
12180833485667,58.150082725,7607586816,16607649792,7447851008,93553405952,45.6,1322.8,111,3619.3
12180883490025,58.200087083,7607586816,16607649792,7387287552,93613969408,52.2,1561.8,111,3733.6
12180933494563,58.250091621,8033112064,16993533952,7745200128,93256056832,45.3,1358.3,111,3733.6
12180983481298,58.300078356,7589548032,16741867520,7346257920,93654999040,36.3,1082.4,111,3733.6
12181033486748,58.350083806,8033112064,16993533952,7685332992,93315923968,45.4,1276.3,111,3733.6
12181083487640,58.400084698,7659438080,16792203264,7268319232,93732937728,35.8,1061.2,111,3733.6
12181133483112,58.45008017,8033116160,16993533952,7647391744,93353865216,44.1,1279.6,111,3733.6
12181183481288,58.500078346,7681835008,16674762752,7292616704,93708640256,36.7,1102.8,111,3733.6
12181233492018,58.550089076,7710138368,16674762752,7269134336,93732122624,52.2,1537.6,111,3733.6
12181283483713,58.600080771,7874551808,16993533952,7399964672,93601292288,49.1,1501.5,111,3733.6
12181333494533,58.650091591,7781449728,16741867520,7248490496,93752766464,37.9,1069.7,111,3733.6
12181383478884,58.700075942,7834910720,16993533952,7303364608,93697892352,42.9,1274.6,111,3733.6
12181433471269,58.750068327,7797178368,16792203264,7249154048,93752102912,39.6,1120.4,111,3747.3
12181483480477,58.800077535,7874551808,16993533952,7260692480,93740564480,42.5,1258.0,111,3747.3
12181533477461,58.850074519,7874551808,16993533952,7243554816,93757702144,39.0,1158.7,111,3747.3
12181583480606,58.900077664,7647232000,16607649792,6996602880,94004654080,43.1,1274.7,111,3747.3
12181633480466,58.950077524,7662960640,16674762752,6967185408,94034071552,53.2,1529.1,111,3747.3
12181683481999,59.000079057,8033120256,16993533952,7301615616,93699641344,49.7,1358.4,111,3747.3
12181733513728,59.050110786,7741812736,16741867520,7037116416,93964140544,41.9,1158.3,111,3747.3
12181783496446,59.100093504,8033120256,16993533952,7305220096,93696036864,40.4,1216.9,111,3747.3
12181833476819,59.150073877,7741812736,16741867520,7043579904,93957677056,42.4,1145.8,111,3747.3
12181883486567,59.200083625,8033120256,16993533952,7289143296,93712113664,42.0,1193.6,111,3747.3
12181933479153,59.250076211,7702175744,16741867520,6947733504,94053523456,40.1,1125.7,111,3916.0
12181983559364,59.300156422,7563481088,16523759616,6758318080,94242938880,49.7,1397.4,111,3916.0
12182033503739,59.350100797,7792746496,16792203264,7003463680,93997793280,53.8,1614.0,111,3916.0
12182083488110,59.400085168,8033124352,16993533952,7247306752,93753950208,43.7,1204.6,111,3916.0
12182133528505,59.450125563,7625867264,16590872576,6810992640,94190264320,36.5,1057.9,111,3916.0
12182183504460,59.500101518,8033124352,16993533952,7256899584,93744357376,44.7,1258.2,111,3916.0
12182233480184,59.550077242,7622893568,16741867520,6867763200,94133493760,39.1,1126.1,111,3916.0
12182283491185,59.600088243,8033124352,16993533952,7217934336,93783322624,44.1,1273.9,111,3916.0
12182333477820,59.650074878,7622893568,16741867520,6842474496,94158782464,36.9,1045.6,111,3916.0
12182383477048,59.700074106,7617875968,16578285568,6755241984,94246014976,50.0,1458.9,111,3916.0
12182433503818,59.750100876,7843262464,16993533952,6954196992,94047059968,54.9,1563.7,111,4144.1
12182483502516,59.800099574,8033124352,16993533952,7107993600,93893263360,42.4,1208.0,111,4144.1
12182533479242,59.8500763,7702175744,16741867520,6805499904,94195757056,37.6,1063.6,111,4144.1
12182583529987,59.900127045,8033124352,16993533952,7033098240,93968158720,41.5,1171.0,111,4144.1
12182633501413,59.950098471,7781457920,16741867520,6794137600,94207119360,39.6,1063.3,111,4144.1
12182683501423,60.000098481,7832838144,16993533952,6756564992,94244691968,40.9,1079.4,111,4144.1
12182733496683,60.050093741,7830740992,16792203264,6755323904,94245933056,40.5,1141.0,111,4144.1
12182783476315,60.100073373,7665061888,16674762752,6597644288,94403612672,44.7,1245.7,111,4144.1
12182833484981,60.150082039,7714353152,16674762752,6617772032,94383484928,52.5,1577.7,111,4144.1
12182883484229,60.200081287,8033124352,16993533952,6877069312,94124187648,46.2,1280.4,111,4144.1
12182933508916,60.250105974,7781457920,16741867520,6635278336,94365978624,40.1,1156.3,111,3730.0
12182983487365,60.300084423,7918194688,16993533952,6755012608,94246244352,41.5,1142.6,111,3730.0
12183033526468,60.350123526,7781462016,16741867520,6624727040,94376529920,38.5,1091.9,111,3730.0
12183083478859,60.400075917,7839133696,16993533952,6705238016,94296018944,42.0,1211.8,111,3730.0
12183133486783,60.450083841,7834923008,16993533952,6705025024,94296231936,39.4,1115.9,111,3730.0
12183183480050,60.500077108,7674716160,16674762752,6516391936,94484865024,43.9,1244.0,111,3730.0
12183233493676,60.550090734,7714361344,16674762752,6535225344,94466031616,53.7,1593.7,111,3730.0
12183283492143,60.600089201,8011141120,16993533952,6834044928,94167212032,45.6,1282.0,111,3730.0
12183333494607,60.650091665,7781466112,16741867520,6602035200,94399221760,39.0,1080.5,111,3730.0
12183383480019,60.700077077,7834927104,16993533952,6661644288,94339612672,40.4,1182.3,111,3730.0
12183433478015,60.750075073,7834927104,16993533952,6654717952,94346539008,39.6,1140.1,111,3730.0
12183483491340,60.800088398,8013451264,16993533952,6799867904,94201389056,44.4,1177.5,111,3969.6
12183533482253,60.850079311,8033136640,16993533952,6832001024,94169255936,39.5,1181.3,111,3969.6
12183583479047,60.900076105,7714365440,16674762752,6542987264,94458269696,40.4,1118.8,111,3969.6
12183633477213,60.950074271,7674724352,16674762752,6553309184,94447947776,54.8,1543.8,111,3969.6
12183683479166,61.000076224,7943999488,16993533952,6837387264,94163869696,67.7,1558.2,111,3969.6
12183733493433,61.050090491,8033136640,16993533952,6879064064,94122192896,49.1,1079.4,111,3969.6
12183783487752,61.10008481,7752413184,16792203264,6557782016,94443474944,39.8,998.7,111,3969.6
12183833490086,61.150087144,8033136640,16993533952,6879817728,94121439232,43.7,1279.3,111,3969.6
12183883499052,61.20009611,7597182976,16590872576,6605361152,94395895808,37.3,1059.8,111,3969.6
12183933492941,61.250089999,8033136640,16993533952,7025188864,93976068096,44.4,1300.6,111,3969.6
12183983487620,61.300084678,7671427072,16674762752,6757470208,94243786752,35.8,1020.1,111,3969.6
12184033484935,61.350081993,7674724352,16674762752,7068151808,93933105152,51.6,1563.0,111,3997.4
12184083491747,61.400088805,8033136640,16993533952,7584518144,93416738816,50.9,1535.9,111,3997.4
12184133490034,61.450087092,7781470208,16741867520,7430201344,93571055616,41.2,1201.5,111,3997.4
12184183486066,61.500083124,8033136640,16993533952,7805816832,93195440128,45.3,1319.4,111,3997.4
12184233480575,61.550077633,7870603264,16993533952,7981805568,93019451392,43.9,1342.2,111,3997.4
12184283475085,61.600072143,7874576384,16993533952,8182554624,92818702336,46.9,1381.4,111,3997.4
12184333479743,61.650076801,7591690240,16561508352,8249229312,92752027648,48.4,1397.3,111,3997.4
12184383494070,61.700091128,7984578560,16993533952,8589852672,92411404288,52.8,1594.3,111,3997.4
12184433482027,61.750079085,7847530496,16993533952,8490762240,92510494720,42.0,1246.8,111,3997.4
12184483519217,61.800116275,8033140736,16993533952,8834498560,92166758400,50.0,1434.3,111,3997.4
12184533559071,61.850156129,7781474304,16741867520,8610512896,92390744064,41.9,1219.4,111,3771.0
12184583485232,61.90008229,8033140736,16993533952,9002389504,91998867456,47.8,1384.8,111,3771.0
12184633480452,61.95007751,7781474304,16741867520,9002905600,91998351360,40.5,1140.3,111,3771.0
12184683497604,62.000094662,7617892352,16578285568,8889106432,92112150528,53.5,1498.7,111,3771.0
12184733474019,62.050071077,7914221568,16993533952,9007538176,91993718784,55.6,1562.7,111,3771.0
12184783467797,62.100064855,7781478400,16741867520,9090920448,91910336512,42.6,1214.1,111,3771.0
12184833483316,62.150080374,8033144832,16993533952,9055043584,91946213376,49.4,1383.3,111,3771.0
12184883500428,62.200097486,7781478400,16741867520,8801628160,92199628800,41.7,1221.5,111,3771.0
12184933493013,62.250090071,8033144832,16993533952,8785182720,92216074240,45.7,1298.6,111,3771.0
12184983495588,62.300092646,7622914048,16741867520,8405336064,92595920896,40.5,1199.2,111,3771.0
12185033476371,62.350073429,7563505664,16523759616,8179286016,92821970944,51.2,1495.3,111,3771.0
12185083481841,62.400078899,7914229760,16993533952,8318373888,92682883072,51.6,1507.4,111,4177.8
12185133500936,62.450097994,7792181248,16792203264,8155545600,92845711360,37.1,1056.9,111,4177.8
12185183488653,62.500085711,7855239168,16993533952,8098000896,92903256064,44.0,1238.9,111,4177.8
12185233496787,62.550093845,7781486592,16741867520,7980331008,93020925952,41.3,1182.4,111,4177.8
12185283487860,62.600084918,7966449664,16993533952,8020832256,92980424704,43.0,1201.0,111,4177.8
12185333484503,62.650081561,7781486592,16741867520,7821795328,93179461632,39.4,1158.4,111,4177.8
12185383522744,62.700119802,7617904640,16578285568,7969038336,93032218624,51.6,1480.1,111,4177.8
12185433496744,62.750093802,7836897280,16993533952,8159477760,92841779200,52.8,1557.9,111,4177.8
12185483481566,62.800078624,8033153024,16993533952,8396623872,92604633088,44.6,1285.8,111,4177.8
12185533471105,62.850068163,7662563328,16741867520,8192774144,92808482816,40.4,1141.9,111,4177.8
12185583502264,62.900099322,8033153024,16993533952,8387604480,92613652480,45.7,1271.8,111,3584.4
12185633483719,62.950080777,7781486592,16741867520,8354832384,92646424576,42.7,1205.7,111,3584.4
12185684033192,63.00063025,8033153024,16993533952,8616742912,92384514048,50.3,1380.5,111,3584.4
12185733887778,63.050484836,7741845504,16741867520,8369016832,92632240128,40.3,1102.4,111,3584.4
12185783499577,63.100096635,7578263552,16578285568,8052908032,92948348928,48.4,1414.4,111,3584.4
12185833494186,63.150091244,7826350080,16792203264,8344563712,92656693248,52.5,1521.0,111,3584.4
12185883479097,63.200076155,7925137408,16993533952,8552808448,92448448512,47.5,1341.5,111,3584.4
12185933491410,63.250088468,8025243648,16993533952,8697556992,92303699968,50.0,1435.3,111,3584.4
12185983487522,63.30008458,7781486592,16741867520,8464023552,92537233408,44.6,1242.5,111,3584.4
12186033497540,63.350094598,8033153024,16993533952,8690561024,92310695936,46.3,1353.2,111,3584.4
12186083485898,63.400082956,7622922240,16741867520,8657358848,92343898112,43.6,1266.4,111,3584.4
12186133476911,63.450073969,7563509760,16523759616,8643371008,92357885952,51.6,1489.3,111,3985.1
12186183483472,63.50008053,7967920128,16993533952,9160896512,91840360448,55.3,1523.3,111,3985.1
12186233500444,63.550097502,7781490688,16741867520,8962838528,92038418432,40.9,1162.0,111,3985.1
12186283480586,63.600077644,8033157120,16993533952,9265688576,91735568384,50.9,1423.9,111,3985.1
12186333482469,63.650079527,7772045312,16741867520,9255858176,91745398784,44.6,1261.5,111,3985.1
12186383488490,63.700085548,8033157120,16993533952,9212682240,91788574720,43.1,1259.2,111,3985.1
12186433481115,63.750078173,7583285248,16741867520,8805216256,92196040704,40.6,1180.9,111,3985.1
12186483484000,63.800081058,7563513856,16523759616,8585359360,92415897600,53.1,1514.5,111,3985.1
12186533480743,63.850077801,7953874944,16993533952,8710500352,92290756608,53.8,1545.7,111,3985.1
12186583479009,63.900076067,7834951680,16993533952,8534769664,92466487296,40.5,1140.9,111,3985.1
12186633481003,63.950078061,7874592768,16993533952,8382005248,92619251712,44.7,1199.5,111,3811.3
12186683509926,64.000106984,7781498880,16741867520,8235819008,92765437952,41.0,1111.7,111,3811.3
12186733490168,64.050087226,7922192384,16993533952,8220852224,92780404736,45.3,1246.3,111,3811.3
12186783507861,64.100104919,7781498880,16741867520,8058540032,92942716928,41.2,1176.5,111,3811.3
12186833488954,64.150086012,7617916928,16578285568,7782686720,93218570240,48.1,1383.8,111,3811.3
12186883489194,64.200086252,7589142528,16590872576,7663398912,93337858048,53.7,1557.0,111,3811.3
12186933488873,64.250085931,8033165312,16993533952,7882739712,93118517248,47.2,1302.3,111,3811.3
12186983515793,64.300112851,7612510208,16590872576,7600930816,93400326144,40.0,1138.2,111,3811.3
12187033488321,64.350085379,8033165312,16993533952,8084488192,92916768768,47.8,1341.4,111,3811.3
12187083483992,64.40008105,7675715584,16792203264,7845662720,93155594240,40.9,1121.7,111,3811.3
12187133486687,64.450083745,8033165312,16993533952,8230531072,92770725888,45.9,1321.2,111,3645.5
12187183477940,64.500074998,7688171520,16674762752,8044478464,92956778496,44.6,1260.1,111,3645.5
12187233480754,64.550077812,7607640064,16607649792,8248356864,92752900096,54.4,1560.2,111,3645.5
12187283506212,64.60010327,8033165312,16993533952,8675680256,92325576704,50.0,1456.3,111,3645.5
12187333492385,64.650089443,7853678592,16993533952,8662261760,92338995200,45.0,1281.2,111,3645.5
12187383481414,64.700078472,7914246144,16993533952,8680841216,92320415744,45.2,1281.6,111,3645.5
12187433478899,64.750075957,7831838720,16993533952,8439308288,92561948672,43.5,1260.5,111,3645.5
12187483481583,64.800078641,7781502976,16741867520,8325996544,92675260416,42.9,1196.6,111,3645.5
12187533491110,64.850088168,7647285248,16607649792,8140713984,92860542976,46.5,1357.1,111,3645.5
12187583480319,64.900077377,7607644160,16607649792,8015302656,92985954304,53.8,1549.2,111,3645.5
12187633483224,64.950080282,8033169408,16993533952,8285200384,92716056576,49.1,1318.2,111,3645.5
12187683485658,65.000082716,7630508032,16590872576,7841615872,93159641088,43.4,1193.6,111,3965.0
12187733488693,65.050085751,8033169408,16993533952,8077205504,92924051456,48.1,1305.8,111,3965.0
12187783480848,65.100077906,7606382592,16741867520,7682048000,93319208960,39.2,1102.8,111,3965.0
12187833488120,65.150085178,8033169408,16993533952,7885131776,93116125184,43.8,1273.9,111,3965.0
12187883478362,65.20007542,7580172288,16540536832,7546544128,93454712832,37.9,1063.3,111,3965.0
12187933480475,65.250077533,7617921024,16578285568,7431299072,93569957888,50.3,1501.8,111,3965.0
12187983490884,65.300087942,7970562048,16993533952,7830388736,93170868224,53.4,1537.1,111,3965.0
12188033483770,65.350080828,7993532416,16993533952,7843373056,93157883904,40.8,1241.7,111,3965.0
12188083479371,65.400076429,7953891328,16993533952,7827861504,93173395456,44.0,1301.5,111,3965.0
12188133501351,65.450098409,7781507072,16741867520,7923597312,93077659648,41.0,1211.2,111,3965.0
12188183486102,65.50008316,8033173504,16993533952,8235843584,92765413376,46.5,1346.3,111,4111.5
12188233502933,65.550099991,7662587904,16741867520,8162369536,92838887424,42.9,1296.9,111,4111.5
12188283487543,65.600084601,7599882240,16578285568,7964545024,93036711936,47.8,1383.7,111,4111.5
12188333516497,65.650113555,7969206272,16993533952,8238563328,92762693632,51.9,1561.6,111,4111.5
12188383502981,65.700100039,7781511168,16741867520,8145149952,92856107008,40.2,1129.0,111,4111.5
12188433497730,65.750094788,8033177600,16993533952,8417173504,92584083456,46.9,1391.1,111,4111.5
12188483494754,65.800091812,7781511168,16741867520,8175382528,92825874432,42.4,1239.4,111,4111.5
12188533497639,65.850094697,8033177600,16993533952,8251392000,92749864960,42.4,1257.7,111,4111.5
12188583482269,65.900079327,7617966080,16607649792,8130625536,92870631424,42.0,1245.4,111,4111.5
12188633483531,65.950080589,7714820096,16675401728,8127787008,92873469952,54.9,1577.7,111,4111.5
12188683480845,66.000077903,7896444928,16994172928,8222736384,92778520576,53.8,1483.6,111,4111.5
12188733506963,66.050104021,7793684480,16792842240,8205295616,92795961344,40.7,1152.1,111,3662.3
12188783486664,66.100083722,8033816576,16994172928,8571314176,92429942784,48.1,1368.0,111,3662.3
12188833485401,66.150082459,7782150144,16742506496,8494059520,92507197440,43.4,1280.3,111,3662.3
12188883489628,66.200086686,8033816576,16994172928,8650412032,92350844928,48.1,1415.5,111,3662.3
12188933492793,66.250089851,7715045376,16675401728,8246804480,92754452480,42.4,1258.7,111,3662.3
12188983487693,66.300084751,7715045376,16675401728,8138166272,92863090688,52.2,1524.0,111,3662.3
12189033485869,66.350082927,8033816576,16994172928,8204226560,92797030400,47.8,1421.7,111,3662.3
12189083484005,66.400081063,7695110144,16742506496,7886217216,93115039744,41.2,1220.1,111,3662.3
12189133482822,66.45007988,8033816576,16994172928,7978340352,93022916608,42.0,1216.0,111,3662.3
12189183494293,66.500091351,7782150144,16742506496,7738097664,93263159296,36.9,1099.1,111,3662.3
12189233484974,66.550082032,8033816576,16994172928,7640576000,93360680960,41.5,1204.2,111,3662.3
12189283492748,66.600089806,7782150144,16742506496,7402110976,93599145984,36.5,1097.1,111,3574.5
12189333500341,66.650097399,7647936512,16608288768,7207800832,93793456128,44.1,1282.5,111,3574.5
12189383489360,66.700086418,7647936512,16608288768,7096053760,93905203200,52.2,1560.2,111,3574.5
12189433493056,66.750090114,8033824768,16994172928,7257075712,93744181248,44.9,1375.4,111,3574.5
12189483482585,66.800079643,7782158336,16742506496,7021182976,93980073984,38.0,1123.0,111,3574.5
12189533484218,66.850081276,8033763328,16994172928,7146438656,93854818304,37.7,1119.5,111,3574.5
12189583485128,66.900082186,7782158336,16742506496,7014576128,93986680832,37.3,1061.7,111,3574.5
12189633479707,66.950076765,7841927168,16994172928,7142043648,93859213312,40.5,1222.7,111,3574.5
12189683486730,67.000083788,7782158336,16742506496,7210942464,93790314496,44.7,1235.9,111,3574.5
12189733481569,67.050078627,7617937408,16578285568,7353470976,93647785984,48.1,1382.8,111,3574.5
12189783478903,67.100075961,7831609344,16792842240,7495397376,93505859584,52.2,1561.1,111,3574.5
12189833489763,67.150086821,8033828864,16994172928,7636996096,93364260864,45.3,1297.6,111,3465.2
12189883489321,67.200086379,7726751744,16792842240,7256014848,93745242112,38.4,1078.4,111,3465.2
12189933493798,67.250090856,8033828864,16994172928,7542784000,93458472960,46.2,1300.5,111,3465.2
12189983490792,67.30008785,7826403328,16792842240,7631568896,93369688064,62.1,1221.1,111,3465.2
12190033486413,67.350083471,8033828864,16994172928,7936954368,93064302592,64.8,1317.9,111,3465.2
12190083485680,67.400082738,7661576192,16675401728,7894777856,93106479104,48.4,1144.2,111,3465.2
12190133489206,67.450086264,7715057664,16675401728,8102424576,92898832384,54.0,1573.5,111,3465.2
12190183483735,67.500080793,8033828864,16994172928,8259833856,92741423104,48.4,1401.8,111,3465.2
12190233489655,67.550086713,7782162432,16742506496,8174014464,92827242496,41.9,1179.9,111,3465.2
12190283499032,67.60009609,8033828864,16994172928,8114663424,92886593536,45.3,1259.5,111,3465.2
12190333484013,67.650081071,7782162432,16742506496,7873703936,93127553024,41.9,1140.8,111,3465.2
12190383483852,67.70008091,8033828864,16994172928,8151621632,92849635328,47.5,1382.3,111,3802.0
12190433491415,67.750088473,7580831744,16541175808,7864614912,93136642048,40.4,1135.3,111,3802.0
12190483481495,67.800078553,7617945600,16578285568,7976865792,93024391168,52.9,1527.7,111,3802.0
12190533479431,67.850076489,7994191872,16994172928,8344584192,92656672768,53.8,1559.4,111,3802.0
12190583477526,67.900074584,7954550784,16994172928,8357421056,92643835904,44.1,1220.2,111,3802.0
12190633481783,67.950078841,7994191872,16994172928,8339615744,92661641216,45.3,1217.4,111,3802.0
12190683477033,68.000074091,8033832960,16994172928,8313384960,92687872000,39.7,1102.2,111,3802.0
12190733490467,68.050087525,7996051456,16994172928,8490913792,92510343168,49.1,1318.9,111,3802.0
12190783515023,68.100112081,8033832960,16994172928,8552353792,92448903168,43.5,1219.9,111,3802.0
12190833488913,68.150085971,7715061760,16675401728,8482664448,92518592512,44.4,1258.9,111,3802.0
12190883478312,68.20007537,7715061760,16675401728,8595828736,92405428224,52.6,1523.8,111,3802.0
12190933490414,68.250087472,8033837056,16994172928,8850780160,92150476800,52.1,1475.4,111,3815.7
12190983495442,68.3000925,7617536000,16742506496,8750972928,92250284032,43.7,1243.1,111,3815.7
12191033495511,68.350092569,8033837056,16994172928,8869404672,92131852288,46.5,1298.6,111,3815.7
12191083497955,68.400095013,7734575104,16792842240,8878358528,92122898432,43.2,1216.5,111,3815.7
12191133488416,68.450085474,8033837056,16994172928,9039638528,91961618432,45.9,1283.9,111,3815.7
12191183496360,68.500093418,7715065856,16675401728,8622116864,92379140096,42.1,1216.8,111,3815.7
12191233489035,68.550086093,7715065856,16675401728,8588283904,92412973056,54.0,1560.9,111,3815.7
12191283489355,68.600086413,8033837056,16994172928,8571023360,92430233600,49.4,1419.8,111,3815.7
12191333491798,68.650088856,7782170624,16742506496,8331022336,92670234624,42.8,1141.0,111,3815.7
12191383491426,68.700088484,8033841152,16994172928,8294637568,92706619392,43.4,1277.1,111,3815.7
12191433505993,68.750103051,7782174720,16742506496,8052617216,92948639744,40.6,1138.8,111,3662.1
12191483484161,68.800081219,7895523328,16994172928,7959961600,93041295360,39.9,1123.8,111,3662.1
12191534035236,68.850632294,7782174720,16742506496,8033796096,92967460864,44.1,1244.0,111,3662.1
12191583492965,68.900090023,7647956992,16608288768,7885934592,93115322368,47.7,1379.2,111,3662.1
12191633473788,68.950070846,7647956992,16608288768,7773982720,93227274240,54.3,1595.2,111,3662.1
12191683491491,69.000088549,8033841152,16994172928,7982993408,93018263552,52.5,1402.2,111,3662.1
12191733481090,69.050078148,7625928704,16742506496,7738363904,93262893056,41.8,1163.6,111,3662.1
12191783489595,69.100086653,8033841152,16994172928,7936626688,93064630272,44.4,1254.0,111,3662.1
12191833475157,69.150072215,7663251456,16742506496,7936884736,93064372224,40.5,1166.1,111,3662.1
12191883489813,69.200086871,8033841152,16994172928,8221110272,92780146688,45.0,1296.6,111,3662.1
12191933485374,69.250082432,7675428864,16675401728,7841263616,93159993344,40.6,1180.5,111,3662.1
12191983473681,69.300070739,7634546688,16608288768,7698046976,93303209984,51.0,1544.3,111,3904.3
12192033481003,69.350078061,8020201472,16994172928,7963836416,93037420544,51.9,1537.3,111,3904.3
12192083488867,69.400085925,8033841152,16994172928,7935463424,93065793536,38.5,1136.9,111,3904.3
12192133498594,69.450095652,7986626560,16994172928,8119709696,92881547264,41.2,1195.1,111,3904.3
12192183511147,69.500108205,7806291968,16792842240,8287944704,92713312256,42.8,1271.7,111,3904.3
12192233482211,69.550079269,7897624576,16994172928,8402092032,92599164928,44.9,1334.3,111,3904.3
12192283475979,69.600073037,7782174720,16742506496,8309686272,92691570688,36.1,1061.3,111,3904.3
12192334022746,69.650619804,7675428864,16675401728,8162574336,92838682624,46.0,1346.1,111,3904.3
12192383490063,69.700087121,7667765248,16675401728,8206082048,92795174912,52.2,1553.0,111,3904.3
12192433532472,69.75012953,8016781312,16994172928,8342573056,92658683904,48.4,1415.8,111,3904.3
12192483495711,69.800092769,7782174720,16742506496,8342327296,92658929664,40.4,1180.2,111,3948.9
12192533493476,69.850090534,8033845248,16994172928,8549031936,92452225024,43.3,1284.9,111,3948.9
12192583497142,69.9000942,7782178816,16742506496,8410714112,92590542848,42.1,1259.9,111,3948.9
12192633491300,69.950088358,8033845248,16994172928,8386928640,92614328320,41.8,1179.7,111,3948.9
12192683510414,70.000107472,7782178816,16742506496,8147578880,92853678080,42.1,1118.9,111,3948.9
12192733477672,70.05007473,7592382464,16608288768,7930302464,93070954496,46.5,1345.0,111,3948.9
12192783481728,70.100078786,7608320000,16608288768,7843598336,93157658624,52.5,1518.0,111,3948.9
12192833488259,70.150085317,8033845248,16994172928,8086269952,92914987008,44.3,1319.1,111,3948.9
12192883478650,70.200075708,7782178816,16742506496,7824093184,93177163776,38.2,1122.9,111,3948.9
12192933480632,70.25007769,8033845248,16994172928,7933419520,93067837440,38.1,1138.4,111,3948.9
12192983500398,70.300097456,7782182912,16742506496,7692042240,93309214720,37.7,1097.0,111,3604.8
12193033496059,70.350093117,7875289088,16994172928,7705927680,93295329280,41.5,1241.4,111,3604.8
12193083495918,70.400092976,7923740672,16994172928,7745904640,93255352320,41.0,1180.7,111,3604.8
12193133489724,70.450086782,7715082240,16675401728,7448891392,93552365568,39.4,1119.9,111,3604.8
12193183483702,70.50008076,7711543296,16675401728,7371976704,93629280256,50.9,1580.1,111,3604.8
12193233479954,70.550077012,7875289088,16994172928,7468474368,93532782592,46.8,1363.6,111,3604.8
12193283487376,70.600084434,7832522752,16994172928,7388528640,93612728320,37.7,1132.4,111,3604.8
12193333483508,70.650080566,7984562176,16994172928,7486402560,93514854400,42.7,1226.0,111,3604.8
12193383476243,70.700073301,7914930176,16994172928,7422664704,93578592256,39.6,1182.6,111,3604.8
12193433497452,70.75009451,8006811648,16994172928,7387054080,93614202880,38.5,1130.9,111,3604.8
12193483484567,70.800081625,8033853440,16994172928,7397605376,93603651584,38.8,1127.5,111,3604.8
12193533481840,70.850078898,7675441152,16675401728,7006662656,93994594304,36.0,1018.9,111,3849.7
12193583475487,70.900072545,7632351232,16608288768,6909366272,94091890688,50.9,1520.5,111,3849.7
12193633493971,70.950091029,7956324352,16994172928,7182639104,93818617856,53.7,1531.6,111,3849.7
12193683482858,71.000079916,8033857536,16994172928,7267762176,93733494784,42.0,1146.8,111,3849.7
12193733493768,71.050090826,7580860416,16541175808,6828404736,94172852224,35.0,979.3,111,3849.7
12193783492314,71.100089372,8033857536,16994172928,7194062848,93807194112,43.4,1318.4,111,3849.7
12193833489908,71.150086966,7716122624,16742506496,7151939584,93849317376,43.4,1219.9,111,3849.7
12193883490999,71.200088057,8033857536,16994172928,7557726208,93443530752,47.2,1339.5,111,3849.7
12193933581077,71.250178135,7580860416,16541175808,7492440064,93508816896,40.6,1137.0,111,3849.7
12193983489594,71.300086652,7647236096,16608288768,7623528448,93377728512,52.8,1545.1,111,3849.7
12194033489532,71.35008659,7835656192,16994172928,7725973504,93275283456,49.7,1443.2,111,3748.8
12194083500411,71.400097469,7782195200,16742506496,7627087872,93374169088,41.6,1173.8,111,3748.8
12194133486384,71.450083442,7954579456,16994172928,7612637184,93388619776,47.1,1345.7,111,3748.8
12194183648948,71.500246006,7823089664,16792842240,7457251328,93544005632,37.0,1092.0,111,3748.8
12194233480360,71.550077418,7917461504,16994172928,7428677632,93572579328,46.5,1311.5,111,3748.8
12194283495487,71.600092545,7854542848,16994172928,7324942336,93676314624,38.0,1097.4,111,3748.8
12194333491198,71.650088256,7715090432,16675401728,7126761472,93874495488,41.8,1181.5,111,3748.8
12194383488482,71.70008554,7647977472,16608288768,7290523648,93710733312,53.7,1591.9,111,3748.8
12194433506765,71.750103823,8033861632,16994172928,7553978368,93447278592,50.0,1401.3,111,3748.8
12194483482698,71.800079756,7714029568,16742506496,7454887936,93546369024,41.8,1165.4,111,3748.8
12194533490571,71.850087629,8033865728,16994172928,7894827008,93106429952,47.2,1357.0,111,3796.4
12194583483827,71.900080885,7611273216,16742506496,7895085056,93106171904,43.3,1222.9,111,3796.4
12194633485429,71.950082487,8033865728,16994172928,8136359936,92864897024,47.5,1336.6,111,3796.4
12194683484636,72.000081694,7707742208,16742506496,8095977472,92905279488,43.3,1161.7,111,3796.4
12194733482541,72.050079599,7578337280,16578285568,7956230144,93045026816,52.8,1421.6,111,3796.4
12194783493430,72.100090488,7814717440,16792842240,7998291968,93002964992,54.4,1595.6,111,3796.4
12194833483530,72.150080588,8033865728,16994172928,8148131840,92853125120,43.7,1242.5,111,3796.4
12194883502044,72.200099102,7913680896,16994172928,8257372160,92743884800,46.9,1310.0,111,3796.4
12194933497394,72.250094452,8033865728,16994172928,8408199168,92593057792,44.3,1267.5,111,3796.4
12194983512511,72.300109569,7752503296,16792842240,8041771008,92959485952,43.2,1215.6,111,3796.4
12195033486891,72.350083949,8033865728,16994172928,8174665728,92826591232,44.3,1305.6,111,3796.4
12195083493703,72.400090761,7651127296,16675401728,7988908032,93012348928,40.5,1140.4,111,4014.4
12195133480967,72.450078025,7647981568,16675401728,8173928448,92827328512,52.5,1521.4,111,4014.4
12195183494842,72.5000919,7945924608,16994172928,8364883968,92636372992,48.7,1436.0,111,4014.4
12195233506282,72.55010334,7782199296,16742506496,8443453440,92557803520,47.2,1320.4,111,4014.4
12195283481104,72.600078162,8033865728,16994172928,8699707392,92301549568,46.8,1364.3,111,4014.4
12195333483136,72.650080194,7782199296,16742506496,8618266624,92382990336,43.0,1219.7,111,4014.4
12195383487984,72.700085042,8033865728,16994172928,8745136128,92256120832,44.7,1279.4,111,4014.4
12195433478134,72.750075192,7580868608,16541175808,8438976512,92562280448,40.4,1138.4,111,4014.4
12195483491187,72.800088245,7563583488,16523759616,8268922880,92732334080,53.1,1572.1,111,4014.4
12195533486778,72.850083836,7994224640,16994172928,8469426176,92531830784,54.1,1508.5,111,4014.4
12195583483630,72.900080688,7954583552,16994172928,8362594304,92638662656,42.4,1240.2,111,4014.4
12195634036709,72.950633767,7966572544,16994172928,8389558272,92611698688,42.2,1162.4,111,3856.2
12195683496401,73.000093459,8033869824,16994172928,8434843648,92566413312,46.8,1298.5,111,3856.2
12195733502151,73.050099209,7771852800,16792842240,8288129024,92713127936,40.9,1176.6,111,3856.2
12195783513661,73.100110719,8033869824,16994172928,8373133312,92628123648,45.3,1283.7,111,3856.2
12195833482271,73.150079329,7714750464,16675401728,8416067584,92585189376,42.9,1200.7,111,3856.2
12195883482740,73.200079798,7675461632,16675401728,8460689408,92540567552,50.6,1542.6,111,3856.2
12195933484772,73.25008183,7925080064,16994172928,8497848320,92503408640,48.2,1435.8,111,3856.2
12195983507544,73.300104602,7782207488,16742506496,8459202560,92542054400,37.7,1117.4,111,3856.2
12196033490110,73.350087168,7941869568,16994172928,8605773824,92395483136,46.8,1361.6,111,3856.2
12196083499165,73.400096223,7782211584,16742506496,8445251584,92556005376,38.7,1118.7,111,3856.2
12196133490337,73.450087395,8033550336,16994172928,8715358208,92285898752,45.9,1382.6,111,3856.2
12196183479335,73.500076393,7751794688,16742506496,8621686784,92379570176,43.0,1243.1,111,3665.4
12196233491066,73.550088124,7617990656,16578285568,8409141248,92592115712,49.1,1458.6,111,3665.4
12196283495553,73.600092611,8027394048,16994172928,8517259264,92483997696,52.5,1559.8,111,3665.4
12196333487937,73.650084995,7954595840,16994172928,8461209600,92540047360,41.7,1260.9,111,3665.4
12196383488867,73.700085925,8016044032,16994172928,8389955584,92611301376,41.6,1200.4,111,3665.4
12196433479458,73.750076516,8033878016,16994172928,8350216192,92651040768,38.1,1141.8,111,3665.4
12196483476561,73.800073619,7914954752,16994172928,8285188096,92716068864,42.9,1240.1,111,3665.4
12196533474276,73.850071334,7835672576,16994172928,8218353664,92782903296,38.0,1140.6,111,3665.4
12196583485946,73.900083004,7647993856,16608288768,8062214144,92939042816,44.4,1314.0,111,3665.4
12196633508036,73.950105094,7647993856,16608288768,8017829888,92983427072,54.1,1557.4,111,3665.4
12196683484420,74.000081478,8033878016,16994172928,8346206208,92655050752,50.6,1363.8,111,3628.5
12196733478057,74.050075115,7638548480,16742506496,8071086080,92930170880,38.0,1123.3,111,3628.5
12196783508232,74.10010529,8033882112,16994172928,8232878080,92768378880,42.9,1256.4,111,3628.5
12196833479146,74.150076204,7584010240,16742506496,7816486912,93184770048,36.9,1121.6,111,3628.5
12196883491417,74.200088475,8033882112,16994172928,8012460032,92988796928,46.3,1318.2,111,3628.5
12196933494021,74.250091079,7715110912,16675401728,7886749696,93114507264,44.0,1357.5,111,3628.5
12196983490673,74.300087731,7715110912,16675401728,7776305152,93224951808,52.5,1521.7,111,3628.5
12197033491794,74.350088852,8033882112,16994172928,8053448704,92947808256,48.7,1440.0,111,3628.5
12197083480892,74.40007795,7732924416,16742506496,7970779136,93030477824,41.0,1223.1,111,3628.5
12197133497261,74.450094319,8033882112,16994172928,8273211392,92728045568,47.5,1396.0,111,3628.5
12197183474677,74.500071735,7634952192,16792842240,8010776576,92990480384,41.1,1183.8,111,3628.5
12197233476318,74.550073376,8033882112,16994172928,8346636288,92654620672,46.5,1360.3,111,3464.8
12197283488730,74.600085788,7715110912,16675401728,8049041408,92952215552,42.9,1275.1,111,3464.8
12197333499840,74.650096898,7715110912,16675401728,7958679552,93042577408,52.2,1541.3,111,3464.8
12197383485211,74.700082269,8033886208,16994172928,8132349952,92868907008,46.6,1374.8,111,3464.8
12197433483566,74.750080624,7742578688,16742506496,7993311232,93007945728,41.7,1186.7,111,3464.8
12197483506598,74.800103656,8033886208,16994172928,8073637888,92927619072,41.4,1214.1,111,3464.8
12197533517056,74.850114114,7782219776,16742506496,7864848384,93136408576,37.3,1121.9,111,3464.8
12197583485264,74.900082322,7953211392,16994172928,7965790208,93035466752,42.7,1203.7,111,3464.8
12197633484111,74.950081169,7782219776,16742506496,7998468096,93002788864,41.1,1179.8,111,3464.8
12197683483829,75.000080887,7618002944,16578285568,8073043968,92928212992,51.6,1433.3,111,3464.8
12197733489277,75.050086335,7913967616,16994172928,8367665152,92633591808,53.5,1566.5,111,3917.7
12197783480589,75.100077647,7835684864,16994172928,8492044288,92509212672,44.6,1341.6,111,3917.7
12197833480708,75.150077766,7871352832,16994172928,8378343424,92622913536,42.8,1241.3,111,3917.7
12197883523156,75.200120214,7782223872,16742506496,8343625728,92657631232,43.1,1220.8,111,3917.7
12197933489481,75.250086539,8033890304,16994172928,8486379520,92514877440,49.4,1378.0,111,3917.7
12197983510679,75.300107737,7782223872,16742506496,8275554304,92725702656,40.4,1178.8,111,3917.7
12198033476924,75.350073982,7563608064,16578285568,7930028032,93071228928,49.4,1381.4,111,3917.7
12198083480509,75.400077567,7832559616,16792842240,7966670848,93034586112,53.8,1595.8,111,3917.7
12198133489034,75.450086092,8033890304,16994172928,8017055744,92984201216,42.7,1204.2,111,3917.7
12198183485946,75.500083004,8024444928,16994172928,8120774656,92880482304,44.7,1280.8,111,3917.7
12198233490033,75.550087091,8033890304,16994172928,8048779264,92952477696,41.2,1159.0,111,3479.1
12198283495351,75.600092409,7878819840,16994172928,7776022528,93225234432,41.0,1134.5,111,3479.1
12198333495820,75.650092878,8033890304,16994172928,7815245824,93186011136,42.7,1206.6,111,3479.1
12198383624991,75.700222049,7715119104,16675401728,7515369472,93485887488,43.8,1255.9,111,3479.1
12198433479957,75.750077015,7715119104,16675401728,7590203392,93411053568,52.6,1504.8,111,3479.1
12198483510423,75.800107481,7979401216,16994172928,7694180352,93307076608,48.8,1416.8,111,3479.1
12198533505942,75.850103,7782223872,16742506496,7497105408,93504151552,40.3,1117.8,111,3479.1
12198583487576,75.900084634,7914967040,16994172928,7521103872,93480153088,41.1,1165.5,111,3479.1
12198633477956,75.950075014,7914967040,16994172928,7517261824,93483995136,40.5,1140.7,111,3479.1
12198683479848,76.000076906,7954608128,16994172928,7625052160,93376204800,49.4,1219.7,111,3479.1
12198733485317,76.050082375,7954608128,16994172928,7670067200,93331189760,43.7,1198.9,111,3479.1
12198783480055,76.100077113,7648006144,16675401728,7593152512,93408104448,44.4,1261.3,111,3991.1
12198833477499,76.150074557,7648010240,16675401728,7488634880,93512622080,54.1,1560.4,111,3991.1
12198883511842,76.2001089,8033894400,16994172928,7848394752,93152862208,50.9,1456.1,111,3991.1
12198933481633,76.250078691,7702945792,16742506496,7713951744,93287305216,41.8,1183.4,111,3991.1
12198983491550,76.300088608,8033894400,16994172928,7734800384,93266456576,43.1,1197.4,111,3991.1
12199033500926,76.350097984,7617593344,16742506496,7442251776,93559005184,40.9,1178.6,111,3991.1
12199083490254,76.400087312,8033894400,16994172928,7555694592,93445562368,43.5,1259.8,111,3991.1
12199133484291,76.450081349,7714070528,16675401728,7591276544,93409980416,41.7,1163.0,111,3991.1
12199183476355,76.500073413,7675482112,16675401728,7543279616,93457977344,53.8,1581.5,111,3991.1
12199233483917,76.550080975,7978983424,16994172928,7851233280,93150023680,51.2,1494.7,111,3991.1
12199283493053,76.600090111,7782232064,16742506496,7696662528,93304594432,41.1,1158.7,111,3730.2
12199333487080,76.650084138,7864377344,16994172928,7789654016,93211602944,46.2,1282.3,111,3730.2
12199383619497,76.700216555,7782236160,16742506496,7862153216,93139103744,43.7,1235.6,111,3730.2
12199433493779,76.750090837,7998136320,16994172928,7878410240,93122846720,44.3,1245.0,111,3730.2
12199483493246,76.800090304,7782236160,16742506496,7668101120,93333155840,41.9,1217.5,111,3730.2
12199533504987,76.850102045,7618015232,16578285568,7419342848,93581914112,48.4,1399.6,111,3730.2
12199583481380,76.900078438,7737769984,16792842240,7406698496,93594558464,53.8,1544.4,111,3730.2
12199633481839,76.950078897,8033902592,16994172928,7602548736,93398708224,46.0,1279.0,111,3730.2
12199683498840,77.000095898,7918444544,16994172928,7561953280,93439303680,46.5,1234.0,111,3730.2
12199733481285,77.050078343,8033902592,16994172928,7722717184,93278539776,46.2,1249.6,111,3730.2
12199783485050,77.100082108,7994261504,16994172928,8023085056,92978171904,59.4,1278.7,111,3730.2
12199833487222,77.15008428,7954620416,16994172928,8166559744,92834697216,67.7,1297.9,111,3755.3
12199883489164,77.200086222,7715131392,16675401728,7911747584,93089509376,51.3,1241.7,111,3755.3
12199933491046,77.250088104,7715135488,16675401728,7793045504,93208211456,51.9,1539.7,111,3755.3
12199983488550,77.300085608,8033906688,16994172928,8146903040,92854353920,50.0,1439.7,111,3755.3
12200033469953,77.350067011,7584489472,16591511552,8059682816,92941574144,40.9,1219.1,111,3755.3
12200083491922,77.40008898,8033906688,16994172928,8169463808,92831793152,43.0,1319.2,111,3755.3
12200133498533,77.450095591,7826649088,16792842240,8102817792,92898439168,43.4,1241.1,111,3755.3
12200183477201,77.500074259,7954624512,16994172928,8289644544,92711612416,45.2,1342.3,111,3755.3
12200233494452,77.55009151,7648022528,16608288768,7881928704,93119328256,42.8,1313.6,111,3755.3
12200283488038,77.600085096,7648022528,16608288768,7869284352,93131972608,53.1,1541.6,111,3755.3
12200333495961,77.650093019,8033906688,16994172928,8222248960,92779008000,48.4,1442.3,111,3786.1
12200383485500,77.700082558,7635017728,16792842240,8109223936,92892033024,41.1,1182.1,111,3786.1
12200433494174,77.750091232,8033906688,16994172928,8220622848,92780634112,44.4,1278.9,111,3786.1
12200483512176,77.800109234,8019902464,16994172928,8226816000,92774440960,45.3,1358.0,111,3786.1
12200533487929,77.850084987,7860879360,16994172928,8140627968,92860628992,42.1,1243.7,111,3786.1
12200583482226,77.900079284,7613763584,16578285568,8067600384,92933656576,47.5,1379.7,111,3786.1
12200633490460,77.950087518,7743287296,16792842240,8196624384,92804632576,54.9,1593.0,111,3786.1
12200683484958,78.000082016,8033910784,16994172928,8431366144,92569890816,49.7,1325.6,111,3786.1
12200733484014,78.050081072,7994269696,16994172928,8497917952,92503339008,47.2,1338.7,111,3786.1
12200783475336,78.100072394,7846203392,16994172928,8531828736,92469428224,41.8,1282.1,111,3786.1
12200833488799,78.150085857,8033914880,16994172928,8691761152,92309495808,46.9,1373.5,111,3786.1
12200883475152,78.20007221,7768608768,16742506496,8548286464,92452970496,41.7,1226.3,111,3630.8
12200933491320,78.250088378,7617855488,16578285568,8210206720,92791050240,48.1,1454.0,111,3630.8
12200983486549,78.300083607,8032858112,16994172928,8435740672,92565516288,53.1,1541.9,111,3630.8
12201033486327,78.350083385,7898636288,16994172928,8242970624,92758286336,40.5,1221.9,111,3630.8
12201083477619,78.400074677,7875350528,16994172928,8048144384,92953112576,41.8,1221.5,111,3630.8
12201133473760,78.450070818,7782248448,16792842240,7861301248,93139955712,37.5,1080.6,111,3630.8
12201183479138,78.500076196,7839920128,16994172928,7844855808,93156401152,43.1,1259.3,111,3630.8
12201233483484,78.550080542,7915413504,16994172928,7879385088,93121871872,37.7,1137.2,111,3630.8
12201283481188,78.600078246,7715143680,16675401728,7711137792,93290119168,39.9,1182.3,111,3630.8
12201333487719,78.650084777,7715143680,16675401728,7629438976,93371817984,53.1,1539.2,111,3630.8
12201383484921,78.700081979,8033914880,16994172928,7824003072,93177253888,46.9,1398.1,111,4048.1
12201433493065,78.750090123,7782248448,16742506496,7584276480,93416980480,40.6,1140.1,111,4048.1
12201483487643,78.800084701,8033914880,16994172928,7799406592,93201850368,42.8,1299.6,111,4048.1
12201533486288,78.850083346,7702966272,16742506496,7799029760,93202227200,41.8,1221.0,111,4048.1
12201583495283,78.900092341,8033914880,16994172928,8126234624,92875022336,44.8,1315.4,111,4048.1
12201633483880,78.950080938,7675502592,16675401728,7921860608,93079396352,43.0,1185.7,111,4048.1
12201683484409,79.000081467,7675502592,16675401728,8033087488,92968169472,54.9,1536.7,111,4048.1
12201733485749,79.050082807,8033914880,16994172928,8427630592,92573626368,52.2,1538.5,111,4048.1
12201783485527,79.100082585,7782248448,16742506496,8348667904,92652589056,43.3,1242.6,111,4048.1
12201833490534,79.150087592,8033914880,16994172928,8472559616,92528697344,46.6,1355.5,111,4048.1
12201883482578,79.200079636,7702966272,16742506496,8455573504,92545683456,43.3,1205.0,111,4048.1
12201933483658,79.250080716,8033914880,16994172928,8471814144,92529442816,44.4,1276.7,111,3750.1
12201983490629,79.300087687,7657279488,16675401728,8382300160,92618956800,44.4,1256.8,111,3750.1
12202033492260,79.350089318,7574097920,16540536832,8185925632,92815331328,52.8,1541.2,111,3750.1
12202083488331,79.400085389,7954001920,16993533952,8368029696,92633227264,53.8,1523.4,111,3750.1
12202133487898,79.450084956,7914360832,16993533952,8412114944,92589142016,42.5,1180.8,111,3750.1
12202183478107,79.500075165,7910592512,16993533952,8524001280,92477255680,43.9,1282.9,111,3750.1
12202233492162,79.55008922,7781617664,16741867520,8425168896,92576088064,43.6,1214.9,111,3750.1
12202283487100,79.600084158,8033284096,16993533952,8645046272,92356210688,48.1,1400.1,111,3750.1
12202333481969,79.650079027,7721840640,16741867520,8363773952,92637483008,43.0,1183.0,111,3750.1
12202383480734,79.700077792,7593697280,16578285568,8144691200,92856565760,50.9,1439.7,111,3750.1
12202433477076,79.750074134,7967219712,16993533952,8423899136,92577357824,53.8,1562.6,111,3750.1
12202483469700,79.800066758,7835082752,16993533952,8225460224,92775796736,40.6,1161.1,111,3707.3
12202533485207,79.850082265,7946887168,16993533952,8468111360,92533145600,46.6,1313.7,111,3707.3
12202583498119,79.900095177,7781621760,16741867520,8314830848,92686426112,42.2,1179.1,111,3707.3
12202633485423,79.950082481,8033288192,16993533952,8404758528,92596498432,47.2,1320.5,111,3707.3
12202684041548,80.000638606,7781621760,16741867520,8235433984,92765822976,41.0,1067.6,111,3707.3
12202733493094,80.050090152,7647404032,16607649792,8062529536,92938727424,48.7,1360.0,111,3707.3
12202783477262,80.10007432,7607762944,16607649792,8186490880,92814766080,53.1,1518.9,111,3707.3
12202833488671,80.150085729,8033288192,16993533952,8320159744,92681097216,47.2,1359.6,111,3707.3
12202883486295,80.200083353,7715618816,16792203264,8095637504,92905619456,42.9,1240.6,111,3707.3
12202933503495,80.250100553,8033288192,16993533952,8240775168,92760481792,46.0,1313.9,111,3707.3
12202983494937,80.300091995,7828295680,16792203264,8098332672,92902924288,41.1,1145.2,111,4206.4
12203033495325,80.350092383,8033288192,16993533952,8322916352,92678340608,45.6,1300.1,111,4206.4
12203083487669,80.400084727,7674880000,16674762752,8261500928,92739756032,47.5,1380.9,111,4206.4
12203133487727,80.450084785,7647408128,16607649792,8245870592,92755386368,54.0,1594.0,111,4206.4
12203183511710,80.500108768,8033292288,16993533952,8673214464,92328042496,50.6,1459.5,111,4206.4
12203233495828,80.550092886,7762685952,16792203264,8403296256,92597960704,42.8,1202.2,111,4206.4
12203283482521,80.600079579,8033292288,16993533952,8570671104,92430585856,43.9,1262.3,111,4206.4
12203333522654,80.650119712,8026976256,16993533952,8724393984,92276862976,46.3,1298.5,111,4206.4
12203383495952,80.70009301,7781625856,16741867520,8793018368,92208238592,43.4,1252.7,111,4206.4
12203433484909,80.750081967,7618043904,16578285568,8746553344,92254703616,50.9,1471.2,111,4206.4
12203483487702,80.80008476,7831965696,16993533952,8692105216,92309151744,54.7,1593.9,111,4206.4
12203533480787,80.850077845,8009162752,16993533952,8709652480,92291604480,43.7,1224.6,111,3614.3
12203583478701,80.900075759,7954010112,16993533952,8680235008,92321021952,45.6,1300.0,111,3614.3
12203633489449,80.950086507,7835086848,16993533952,8483225600,92518031360,42.9,1196.3,111,3614.3
12203683481051,81.000078109,7914369024,16993533952,8450138112,92551118848,47.5,1283.0,111,3614.3
12203733480328,81.050077386,7874727936,16993533952,8415027200,92586229760,41.5,1141.7,111,3614.3
12203783526763,81.100123821,7647408128,16607649792,8106594304,92894662656,44.4,1272.0,111,3614.3
12203833482858,81.150079916,7635873792,16607649792,8028921856,92972335104,52.8,1548.5,111,3614.3
12203883488196,81.200085254,8033296384,16993533952,8233627648,92767629312,46.0,1377.4,111,3614.3
12203933483205,81.250080263,7623065600,16741867520,7972757504,93028499456,39.2,1181.8,111,3614.3
12203983496508,81.300093566,8033300480,16993533952,8230014976,92771241984,42.7,1259.5,111,3614.3
12204033490304,81.350087362,7794515968,16792203264,8263974912,92737282048,43.1,1199.4,111,4197.8
12204083482126,81.400079184,8033300480,16993533952,8472260608,92528996352,44.3,1320.6,111,4197.8
12204133482865,81.450079923,7714529280,16674762752,8210653184,92790603776,41.6,1239.9,111,4197.8
12204183493854,81.500090912,7714529280,16674762752,8082210816,92919046144,50.9,1519.1,111,4197.8
12204233486278,81.550083336,7914377216,16993533952,8114667520,92886589440,51.0,1521.3,111,4197.8
12204283477339,81.600074397,7893827584,16993533952,8103710720,92897546240,39.0,1161.3,111,4197.8
12204333480132,81.65007719,7973523456,16993533952,8049106944,92952150016,41.5,1179.3,111,4197.8
12204383490880,81.700087938,7877050368,16993533952,7976247296,93025009664,40.9,1218.1,111,4197.8
12204433480638,81.750077696,7954018304,16993533952,8035708928,92965548032,43.1,1221.7,111,4197.8
12204483471479,81.800068537,7792328704,16792203264,8099614720,92901642240,38.1,1161.7,111,4197.8
12204533481275,81.850078333,7618052096,16578285568,8157188096,92844068864,47.8,1376.9,111,4197.8
12204583499798,81.900096856,7853568000,16993533952,8254214144,92747042816,52.8,1590.7,111,3916.1
12204633489406,81.950086464,7954018304,16993533952,8406441984,92594814976,47.5,1287.6,111,3916.1
12204683481729,82.000078787,7911280640,16993533952,8603074560,92398182400,50.6,1418.0,111,3916.1
12204733512184,82.050109242,7781634048,16741867520,8677392384,92323864576,43.5,1216.5,111,3916.1
12204783495310,82.100092368,8033300480,16993533952,8971567104,92029689856,49.7,1480.0,111,3916.1
12204833541776,82.150138834,7580303360,16540536832,8765644800,92235612160,42.9,1215.5,111,3916.1
12204883489856,82.200086914,7602749440,16607649792,8611758080,92389498880,53.1,1531.8,111,3916.1
12204933483051,82.250080109,7864471552,16993533952,8699158528,92302098432,50.3,1523.0,111,3916.1
12204983503176,82.300100234,7781634048,16741867520,8507416576,92493840384,41.1,1175.0,111,3916.1
12205033486533,82.350083591,7983292416,16993533952,8603365376,92397891584,44.9,1299.5,111,3916.1
12205083478726,82.400075784,7820431360,16792203264,8417812480,92583444480,36.7,1085.2,111,3916.1
12205133482841,82.450079899,7858180096,16993533952,8329564160,92671692800,42.8,1218.6,111,4286.4
12205183489211,82.500086269,7781638144,16741867520,8366718976,92634537984,42.0,1256.9,111,4286.4
12205233500640,82.550097698,7618056192,16578285568,8386756608,92614500352,48.7,1459.6,111,4286.4
12205283481652,82.60007871,7954022400,16993533952,8547520512,92453736448,52.5,1544.2,111,4286.4
12205333500806,82.650097864,7792332800,16792203264,8344432640,92656824320,38.7,1138.6,111,4286.4
12205383496947,82.700094005,8033304576,16993533952,8356302848,92644954112,43.7,1278.7,111,4286.4
12205433503777,82.750100835,7781638144,16741867520,8115286016,92885970944,40.1,1155.1,111,4286.4
12205483489017,82.800086075,8033304576,16993533952,8152702976,92848553984,45.3,1285.9,111,4286.4
12205533480539,82.850077597,7781642240,16741867520,7911927808,93089329152,36.9,1102.4,111,4286.4
12205583486688,82.900083746,7578419200,16578285568,7650009088,93351247872,46.5,1379.5,111,4286.4
12205633484782,82.95008184,7800504320,16792203264,7704969216,93296287744,55.2,1578.1,111,4084.5
12205683485421,83.000082479,8033312768,16993533952,7848701952,93152555008,45.2,1242.7,111,4084.5
12205733483956,83.050081014,7662723072,16741867520,7495294976,93505961984,36.0,999.0,111,4084.5
12205783481820,83.100078878,8033312768,16993533952,7665606656,93335650304,40.1,1180.2,111,4084.5
12205833483471,83.150080529,7781646336,16741867520,7425155072,93576101888,37.1,1059.0,111,4084.5
12205883488608,83.200085666,8033312768,16993533952,7802974208,93198282752,45.6,1354.7,111,4084.5
12205933485530,83.250082588,7702364160,16741867520,7625158656,93376098304,40.3,1124.5,111,4084.5
12205983483924,83.300080982,7618064384,16578285568,7403835392,93597421568,44.7,1260.8,111,4084.5
12206033488380,83.350085438,7928504320,16993533952,7756910592,93244346368,54.9,1593.6,111,4084.5
12206083484200,83.400081258,7914389504,16993533952,7858839552,93142417408,45.6,1325.6,111,4084.5
12206133476193,83.450073251,7853998080,16993533952,7882977280,93118279680,42.8,1221.5,111,4084.5
12206183504454,83.500101512,7781646336,16741867520,7811239936,93190017024,43.5,1212.1,111,3888.8
12206233483362,83.55008042,8033312768,16993533952,7788015616,93213241344,47.1,1306.1,111,3888.8
12206283510130,83.600107188,7781650432,16741867520,7550296064,93450960896,38.9,1096.0,111,3888.8
12206333481453,83.650078511,7618068480,16578285568,7306956800,93694300160,49.0,1405.8,111,3888.8
12206383489566,83.700086624,7678214144,16792203264,7253524480,93747732480,53.8,1595.8,111,3888.8
12206433487981,83.750085039,8033316864,16993533952,7499186176,93502070784,44.7,1242.8,111,3888.8
12206483489341,83.800086399,7679516672,16792203264,7085776896,93915480064,40.4,1097.8,111,3888.8
12206533495080,83.850092138,8033316864,16993533952,7344599040,93656657920,44.7,1299.8,111,3888.8
12206583494396,83.900091454,7711801344,16792203264,6962171904,94039085056,39.6,1098.9,111,3888.8
12206633487701,83.950084759,8033316864,16993533952,7181512704,93819744256,46.2,1262.7,111,3888.8
12206683485254,84.000082312,7674904576,16674762752,6798381056,94202875904,40.8,1081.0,111,3888.8
12206733492876,84.050089934,7710412800,16674762752,6810501120,94190755840,55.0,1558.3,111,4003.2
12206783478827,84.100075885,7914397696,16993533952,6964269056,94036987904,52.5,1524.5,111,4003.2
12206833480939,84.150077997,7954038784,16993533952,7072886784,93928370176,39.1,1097.1,111,4003.2
12206883478211,84.200075269,7835115520,16993533952,7358009344,93643247616,43.8,1240.9,111,4003.2
12206933487055,84.250084113,7781654528,16741867520,7522385920,93478871040,41.1,1214.9,111,4003.2
12206983485981,84.300083039,7978192896,16993533952,7841333248,93159923712,46.9,1323.2,111,4003.2
12207033496218,84.350093276,7781654528,16741867520,7741210624,93260046336,43.0,1181.1,111,4003.2
12207083479554,84.400076612,7595831296,16578285568,7563157504,93438099456,48.1,1402.7,111,4003.2
12207133497946,84.450095004,8009478144,16993533952,8065638400,92935618560,54.9,1568.4,111,4003.2
12207183479880,84.500076938,7874760704,16993533952,8034537472,92966719488,43.7,1248.9,111,4003.2
12207233494625,84.550091683,7835119616,16993533952,8190169088,92811087872,46.3,1298.0,111,3950.5
12207283504481,84.600101539,7781658624,16741867520,8178282496,92822974464,43.7,1237.5,111,3950.5
12207333501283,84.650098341,8033325056,16993533952,8265220096,92736036864,46.5,1318.8,111,3950.5
12207383482846,84.700079904,7702376448,16741867520,7975043072,93026213888,41.8,1184.6,111,3950.5
12207433488243,84.750085301,7618076672,16578285568,7764733952,93236523008,50.6,1418.4,111,3950.5
12207483502137,84.800099195,7910252544,16993533952,7936335872,93064921088,54.7,1595.0,111,3950.5
12207533514818,84.850111876,7993683968,16993533952,7972978688,93028278272,44.0,1204.2,111,3950.5
12207583483257,84.900080315,8033230848,16993533952,7979831296,93021425664,44.7,1260.0,111,3950.5
12207633479828,84.950076886,7954042880,16993533952,8063950848,92937306112,43.4,1201.8,111,3950.5
12207683483262,85.00008032,8033325056,16993533952,8210546688,92790710272,49.1,1318.1,111,3950.5
12207733490974,85.050088032,7931600896,16993533952,8304308224,92696948736,47.5,1278.8,111,3950.5
12207783484028,85.100081086,7647440896,16674762752,7903289344,93097967616,43.7,1241.7,111,3911.9
12207833491970,85.150089028,7647440896,16607649792,7799029760,93202227200,52.8,1594.8,111,3911.9
12207883494713,85.200091771,8033325056,16993533952,7990013952,93011243008,45.9,1359.4,111,3911.9
12207933489851,85.250086909,7623094272,16741867520,7595147264,93406109696,38.2,1143.9,111,3911.9
12207983539402,85.30013646,8033325056,16993533952,7795376128,93205880832,42.6,1212.7,111,3911.9
12208033492552,85.35008961,7662735360,16741867520,7465672704,93535584256,40.5,1168.5,111,3911.9
12208083493601,85.400090659,8033325056,16993533952,7668240384,93333016576,41.0,1215.4,111,3911.9
12208133479141,85.450076199,7654772736,16741867520,7309410304,93691846656,38.4,1125.1,111,3911.9
12208183496331,85.500093389,7593873408,16561508352,7147614208,93853642752,47.5,1413.4,111,3911.9
12208233496709,85.550093767,7984357376,16993533952,7607439360,93393817600,52.5,1558.9,111,3911.9
12208283483652,85.60008071,7870783488,16993533952,7788105728,93213151232,43.4,1264.6,111,3911.9
12208333483600,85.650080658,7944916992,16993533952,8011833344,92989423616,44.9,1280.0,111,4133.9
12208383507081,85.700104139,7781662720,16741867520,7821393920,93179863040,39.4,1192.5,111,4133.9
12208433494305,85.750091363,7988658176,16993533952,7945908224,93055348736,44.6,1306.2,111,4133.9
12208483489473,85.800086531,7781662720,16741867520,7738695680,93262561280,41.6,1180.7,111,4133.9
12208533487497,85.850084555,7604228096,16578285568,7513677824,93487579136,46.5,1402.6,111,4133.9
12208583481092,85.90007815,7638335488,16792203264,7414329344,93586927616,52.5,1557.3,111,4133.9
12208633501117,85.950098175,8033333248,16993533952,7701008384,93300248576,44.4,1276.6,111,4133.9
12208683490014,86.000087072,7628333056,16590872576,7343628288,93657628672,40.9,1043.2,111,4133.9
12208733486885,86.050083943,8033337344,16993533952,7752376320,93248880640,47.2,1360.0,111,4133.9
12208783503274,86.100100332,8009932800,16993533952,7955185664,93046071296,45.3,1334.1,111,4133.9
12208833485968,86.150083026,7809982464,16792203264,7758811136,93242445824,41.2,1203.9,111,3627.2
12208883485966,86.200083024,7612846080,16607649792,7613116416,93388140544,45.9,1323.2,111,3627.2
12208933498998,86.250096056,7648198656,16792203264,7660855296,93340401664,52.8,1591.8,111,3627.2
12208983487203,86.300084261,8033337344,16993533952,7950127104,93051129856,44.0,1283.7,111,3627.2
12209033495887,86.350092945,7748370432,16792203264,7590150144,93411106816,38.9,1133.0,111,3627.2
12209083489362,86.40008642,8033337344,16993533952,7908454400,93092802560,44.7,1306.9,111,3627.2
12209133492445,86.450089503,7927562240,16993533952,7714963456,93286293504,42.1,1201.6,111,3627.2
12209183482534,86.500079592,7986139136,16993533952,7686320128,93314936832,42.0,1261.7,111,3627.2
12209233517247,86.550114305,7714566144,16674762752,7337439232,93663817728,40.1,1197.8,111,3627.2
12209283483070,86.600080128,7714566144,16674762752,7276797952,93724459008,51.6,1522.5,111,3627.2
12209333490030,86.650087088,8033337344,16993533952,7443742720,93557514240,47.5,1358.7,111,3872.4
12209383523591,86.700120649,7781670912,16741867520,7207886848,93793370112,39.8,1199.0,111,3872.4
12209433504702,86.75010176,8033341440,16993533952,7326183424,93675073536,41.2,1196.4,111,3872.4
12209483483760,86.800080818,7781675008,16741867520,7085658112,93915598848,39.4,1123.8,111,3872.4
12209533505960,86.850103018,8033341440,16993533952,7427104768,93574152192,44.1,1297.5,111,3872.4
12209583498873,86.900095931,7742033920,16741867520,7427878912,93573378048,41.9,1183.5,111,3872.4
12209633481999,86.950079057,7578451968,16578285568,7583739904,93417517056,51.6,1481.3,111,3872.4
12209683481375,87.000078433,7874777088,16993533952,7884365824,93116891136,53.5,1520.7,111,3872.4
12209733496862,87.05009392,7781675008,16741867520,8000913408,93000343552,42.6,1151.8,111,3872.4
12209783492601,87.100089659,8033341440,16993533952,8320368640,92680888320,48.7,1466.8,111,3872.4
12209833492588,87.150089646,7781675008,16741867520,8116420608,92884836352,41.8,1161.2,111,3716.1
12209883473099,87.200070157,8033341440,16993533952,8343678976,92657577984,45.6,1282.0,111,3716.1
12209933491821,87.250088879,7580344320,16540536832,8179933184,92821323776,42.9,1210.1,111,3716.1
12209983480898,87.300077956,7563698176,16578285568,8009879552,92991377408,53.8,1568.7,111,3716.1
12210033482769,87.350079827,7914418176,16993533952,8140451840,92860805120,54.1,1521.9,111,3716.1
12210083495500,87.400092558,7781675008,16741867520,7930916864,93070340096,38.7,1077.0,111,3716.1
12210133508933,87.450105991,7992942592,16993533952,7938400256,93062856704,44.7,1299.6,111,3716.1
12210183505774,87.500102832,7781675008,16741867520,7735832576,93265424384,42.1,1161.2,111,3716.1
12210233491885,87.550088943,8006705152,16993533952,7750770688,93250486272,43.1,1201.4,111,3716.1
12210283486252,87.60008331,7781683200,16741867520,7571140608,93430116352,39.0,1100.0,111,3716.1
12210333495938,87.650092996,7647465472,16607649792,7343284224,93657972736,47.8,1377.2,111,4051.0
12210383485185,87.700082243,7647465472,16674762752,7232425984,93768830976,53.5,1543.7,111,4051.0
12210433490602,87.75008766,8033349632,16993533952,7486345216,93514911744,47.5,1397.3,111,4051.0
12210483475842,87.8000729,7781683200,16741867520,7244038144,93757218816,39.6,1085.1,111,4051.0
12210533487120,87.850084178,8033349632,16993533952,7373561856,93627695104,40.9,1176.7,111,4051.0
12210583481337,87.900078395,7781683200,16741867520,7130525696,93870731264,40.1,1141.2,111,4051.0
12210633484791,87.950081849,8033349632,16993533952,7489564672,93511692288,46.9,1300.0,111,4051.0
12210683510656,88.000107714,7781683200,16741867520,7408812032,93592444928,42.8,1154.9,111,4051.0
12210733483382,88.05008044,7580352512,16540536832,7186980864,93814276096,46.9,1337.9,111,4051.0
12210783479462,88.10007652,7580352512,16607649792,7097909248,93903347712,53.5,1530.7,111,4051.0
12210833484198,88.150081256,8033349632,16993533952,7311220736,93690036224,47.8,1317.6,111,4051.0
12210883482673,88.200079731,7710941184,16792203264,7132266496,93868990464,42.0,1200.5,111,4089.8
12210933530269,88.250127327,8033349632,16993533952,7394934784,93606322176,46.6,1327.7,111,4089.8
12210983495321,88.300092379,7813705728,16792203264,7184621568,93816635392,39.9,1128.8,111,4089.8
12211033485009,88.350082067,8033349632,16993533952,7234170880,93767086080,44.0,1241.7,111,4089.8
12211083481479,88.400078537,7647465472,16674762752,6957027328,94044229632,40.9,1141.8,111,4089.8
12211133482007,88.450079065,7650611200,16674762752,7164182528,93837074432,53.4,1575.4,111,4089.8
12211183485541,88.500082599,8033349632,16993533952,7571124224,93430132736,52.5,1463.1,111,4089.8
12211233484757,88.550081815,7781683200,16741867520,7571746816,93429510144,45.0,1259.9,111,4089.8
12211283485115,88.600082173,8033349632,16993533952,7939723264,93061533696,48.1,1360.1,111,4089.8
12211333487697,88.650084755,7616516096,16590872576,7544651776,93456605184,49.4,1138.1,111,4089.8
12211383499376,88.700096434,8033349632,16993533952,7834181632,93167075328,69.4,1319.7,111,3686.5
12211433480779,88.750077837,7781687296,16741867520,7597600768,93403656192,44.9,1042.4,111,3686.5
12211483488751,88.800085809,7563710464,16523759616,7321231360,93680025600,50.3,1452.6,111,3686.5
12211533503556,88.850100614,7850770432,16993533952,7429337088,93571919872,54.0,1558.0,111,3686.5
12211583492162,88.90008922,8033353728,16993533952,7522234368,93479022592,43.6,1206.7,111,3686.5
12211633499152,88.95009621,7920365568,16993533952,7408222208,93593034752,44.5,1194.7,111,3686.5
12211683490062,89.00008712,8033353728,16993533952,7418785792,93582471168,45.0,1183.1,111,3686.5
12211733502833,89.050099891,7722852352,16792203264,7020134400,93981122560,37.5,998.3,111,3686.5
12211783496859,89.100093917,8033353728,16993533952,7213142016,93788114944,43.8,1239.9,111,3686.5
12211833483902,89.15008096,7690518528,16674762752,7049302016,93951954944,39.1,1082.6,111,3686.5
12211883478148,89.200075206,7647473664,16674762752,7030546432,93970710528,52.5,1584.0,111,3686.5
12211933478245,89.250075303,7845654528,16993533952,7175081984,93826174976,47.2,1420.3,111,4161.6
12211983491017,89.300088075,7781695488,16741867520,7277387776,93723869184,43.2,1236.0,111,4161.6
12212033483770,89.350080828,8033361920,16993533952,7703683072,93297573888,45.2,1363.9,111,4161.6
12212083482936,89.400079994,7781695488,16741867520,7468044288,93533212672,41.6,1198.1,111,4161.6
12212133483674,89.450080732,8033361920,16993533952,7824138240,93177118720,47.2,1381.2,111,4161.6
12212183482940,89.500079998,7714590720,16674762752,7796662272,93204594688,44.4,1317.1,111,4161.6
12212233483659,89.550080717,7659008000,16674762752,7837691904,93163565056,50.6,1483.9,111,4161.6
12212283479668,89.600076726,8033361920,16993533952,8075976704,92925280256,47.5,1399.9,111,4161.6
12212333487229,89.650084287,7710945280,16792203264,8047316992,92953939968,43.1,1275.3,111,4161.6
12212383503938,89.700100996,8033361920,16993533952,8200302592,92800954368,43.1,1261.8,111,4161.6
12212433490360,89.750087418,8033251328,16993533952,8345350144,92655906816,43.0,1279.9,111,4139.8
12212483504624,89.800101682,7781695488,16741867520,8417603584,92583653376,41.5,1259.6,111,4139.8
12212533499872,89.85009693,7618117632,16578285568,8568303616,92432953344,50.9,1482.4,111,4139.8
12212583482596,89.900079654,7927451648,16993533952,8790740992,92210515968,53.5,1580.9,111,4139.8
12212633487883,89.950084941,7781699584,16741867520,8625209344,92376047616,41.4,1156.6,111,4139.8
12212683488091,90.000085149,8033366016,16993533952,8851898368,92149358592,51.6,1421.1,111,4139.8
12212733482998,90.050080056,7781699584,16741867520,8811126784,92190130176,42.5,1140.4,111,4139.8
12212783503494,90.100100552,8033366016,16993533952,9064284160,91936972800,46.9,1399.2,111,4139.8
12212833477051,90.150074109,7702417408,16741867520,8853716992,92147539968,40.3,1163.8,111,4139.8
12212883516192,90.20011325,7563722752,16523759616,8697311232,92303945728,49.7,1509.2,111,4139.8
12212933483397,90.250080455,7883411456,16993533952,8748650496,92252606464,51.6,1529.4,111,4139.8
12212983479888,90.300076946,7832035328,16993533952,8777347072,92223909888,40.0,1158.9,111,3776.4
12213033484123,90.350081181,7870828544,16993533952,8643915776,92357341184,42.8,1238.2,111,3776.4
12213083476295,90.400073353,7835160576,16993533952,8635543552,92365713408,38.7,1124.6,111,3776.4
12213133488214,90.450085272,8033366016,16993533952,8598368256,92402888704,44.7,1297.7,111,3776.4
12213183492479,90.500089537,7781699584,16741867520,8356577280,92644679680,39.6,1180.6,111,3776.4
12213233523896,90.550120954,7618117632,16578285568,8045871104,92955385856,47.5,1357.4,111,3776.4
12213283718829,90.600315887,7630708736,16792203264,7899557888,93101699072,52.2,1610.5,111,3776.4
12213333490307,90.650087365,8033370112,16993533952,8218546176,92782710784,45.9,1328.2,111,3776.4
12213383496836,90.700093894,7922143232,16993533952,8227164160,92774092800,43.4,1294.4,111,3776.4
12213433481133,90.750078191,7946330112,16993533952,8281096192,92720160768,43.0,1248.0,111,3776.4
12213483502090,90.800099148,8033374208,16993533952,8150265856,92850991104,41.9,1217.4,111,3998.0
12213533484193,90.850081251,7993733120,16993533952,8068722688,92932534272,40.9,1201.4,111,3998.0
12213583488679,90.900085737,7714603008,16674762752,7818588160,93182668800,43.6,1238.2,111,3998.0
12213633488896,90.950085954,7714603008,16674762752,7667888128,93333368832,54.1,1561.3,111,3998.0
12213683484485,91.000081543,8033374208,16993533952,7815086080,93186170880,51.6,1360.9,111,3998.0
12213733517664,91.050114722,7781707776,16741867520,7662579712,93338677248,45.4,1214.0,111,3998.0
12213783484098,91.100081156,8033374208,16993533952,7668445184,93332811776,41.4,1185.2,111,3998.0
12213833500756,91.150097814,7781707776,16741867520,7418920960,93582336000,41.0,1156.2,111,3998.0
12213883508167,91.200105225,8033374208,16993533952,7458201600,93543055360,44.7,1261.8,111,3998.0
12213933497734,91.250094792,7781707776,16741867520,7202476032,93798780928,40.6,1138.9,111,3998.0
12213983484106,91.300081164,7596105728,16607649792,6973329408,94027927552,46.5,1325.0,111,3998.0
12214033481538,91.350078596,7607848960,16607649792,6951653376,94049603584,53.8,1558.9,111,4034.0
12214083484991,91.400082049,8033374208,16993533952,7266988032,93734268928,45.3,1279.6,111,4034.0
12214133479408,91.450076466,7698862080,16741867520,6948323328,94052933632,41.8,1201.1,111,4034.0
12214183527405,91.500124463,8033374208,16993533952,7105216512,93896040448,41.0,1138.0,111,4034.0
12214233479903,91.550076961,7662784512,16741867520,6775844864,94225412096,40.0,1142.6,111,4034.0
12214283506720,91.600103778,8033374208,16993533952,6989250560,94012006400,43.2,1216.1,111,4034.0
12214333483413,91.650080471,7662784512,16741867520,6644523008,94356733952,39.2,1122.7,111,4034.0
12214383480805,91.700077863,7601348608,16561508352,6494076928,94507180032,48.1,1379.0,111,4034.0
12214433483738,91.750080796,7831863296,16792203264,6733545472,94267711488,53.8,1578.5,111,4034.0
12214483489526,91.800086584,8033374208,16993533952,6926823424,94074433536,42.1,1196.9,111,4034.0
12214533518617,91.850115675,7580377088,16540536832,6486257664,94514999296,32.9,942.1,111,3574.5
12214583485031,91.900082089,8033378304,16993533952,7027490816,93973766144,45.2,1301.9,111,3574.5
12214633486521,91.950083579,7744335872,16792203264,6840606720,94160650240,41.9,1139.2,111,3574.5
12214683482660,92.000079718,8033378304,16993533952,7095279616,93905977344,46.3,1258.8,111,3574.5
12214733512223,92.050109281,7580381184,16540536832,6878855168,94122401792,36.7,1016.7,111,3574.5
12214783491240,92.100088298,7703060480,16674762752,7161970688,93839286272,53.1,1518.9,111,3574.5
12214833513609,92.150110667,8033382400,16993533952,7652503552,93348753408,52.8,1488.7,111,3574.5
12214883482978,92.200080036,7781715968,16741867520,7644504064,93356752896,43.4,1220.4,111,3574.5
12214933536225,92.250133283,8033382400,16993533952,7929131008,93072125952,52.2,1474.5,111,3574.5
12214983482451,92.300079509,7583514624,16741867520,7722950656,93278306304,43.7,1245.4,111,3574.5
12215033496394,92.350093452,8033386496,16993533952,7919849472,93081407488,48.1,1376.7,111,3574.5
12215083476033,92.400073091,7719153664,16676089856,7921942528,93079314432,43.4,1259.5,111,4015.5
12215133483614,92.450080672,7688368128,16681398272,7905685504,93095571456,55.3,1560.5,111,4015.5
12215183486586,92.500083644,7949737984,17000169472,7917813760,93083443200,48.7,1341.8,111,4015.5
12215233522601,92.550119659,7818690560,16748503040,7742599168,93258657792,41.5,1234.7,111,4015.5
12215283484316,92.600081374,8070356992,17000169472,7975890944,93025366016,46.2,1323.4,111,4015.5
12215333486898,92.650083956,7818690560,16748503040,7814868992,93186387968,43.7,1181.5,111,4015.5
12215383482226,92.700079284,8070356992,17000169472,7801708544,93199548416,44.1,1298.5,111,4015.5
12215433484597,92.750081655,7818690560,16748503040,7559143424,93442113536,40.8,1121.7,111,4015.5
12215483491437,92.800088495,7652868096,16582680576,7325908992,93675347968,48.4,1395.3,111,4015.5
12215533487907,92.850084965,7865729024,16802119680,7582486528,93418770432,54.1,1582.9,111,4015.5
12215583493113,92.900090171,8073637888,17003450368,7774216192,93227040768,45.9,1241.7,111,3480.6
12215633485606,92.950082664,7855992832,16802119680,7715512320,93285744640,44.4,1220.9,111,3480.6
12215683482527,93.000079585,8073641984,17003450368,8026537984,92974718976,48.1,1319.8,111,3480.6
12215733529602,93.05012666,7937245184,17003450368,8012087296,92989169664,47.8,1330.9,111,3480.6
12215783482751,93.100079809,7978209280,17003450368,8145051648,92856205312,46.5,1309.1,111,3480.6
12215833488539,93.150085597,7754870784,16684679168,7860547584,93140709376,42.2,1276.2,111,3480.6
12215883485760,93.200082818,7754870784,16684679168,7764160512,93237096448,51.9,1522.5,111,3480.6
12215933486679,93.250083737,8073641984,17003450368,7877701632,93123555328,46.8,1401.9,111,3480.6
12215983485002,93.30008206,7821975552,16751783936,7637454848,93363802112,42.5,1180.7,111,3480.6
12216033486502,93.35008356,8073641984,17003450368,7924416512,93076840448,41.9,1274.0,111,3480.6
12216083506547,93.400103605,7821975552,16751783936,7757201408,93244055552,41.3,1219.9,111,3543.0
12216133486095,93.450083153,8073641984,17003450368,7849975808,93151281152,43.0,1265.2,111,3543.0
12216183482555,93.500079613,7742693376,16751783936,7533350912,93467906048,40.9,1180.2,111,3543.0
12216233488122,93.55008518,7652872192,16582680576,7325364224,93675892736,48.1,1454.5,111,3543.0
12216283498278,93.600095336,8050671616,17003450368,7541866496,93459390464,52.8,1556.3,111,3543.0
12216333480892,93.65007795,7986597888,17003450368,7468568576,93532688384,42.0,1227.7,111,3543.0
12216383491509,93.700088567,8035237888,17003450368,7376576512,93624680448,39.6,1196.2,111,3543.0
12216433479724,93.750076782,8034000896,17003450368,7343030272,93658226688,41.2,1183.7,111,3543.0
12216483516329,93.800113387,7961321472,17003450368,7187169280,93814087680,39.8,1174.4,111,3543.0
12216533501137,93.850098195,8073650176,17003450368,7280992256,93720264704,40.9,1201.5,111,3543.0
12216583481026,93.900078084,7715237888,16684679168,6865534976,94135721984,38.0,1104.2,111,3543.0
12216633476114,93.950073172,7602679808,16532348928,6715092992,94286163968,53.4,1518.6,111,3944.8
12216683504764,94.000101822,7981150208,17003450368,7014584320,93986672640,55.7,1571.4,111,3944.8
12216733493410,94.050090468,8073650176,17003450368,7045799936,93955457024,42.4,1165.1,111,3944.8
12216783486804,94.100083862,7735029760,16802119680,6639632384,94361624576,37.1,1079.9,111,3944.8
12216833485418,94.150082476,8073650176,17003450368,6949933056,94051323904,44.4,1260.7,111,3944.8
12216883474795,94.200071853,7703060480,16751783936,6596739072,94404517888,38.1,1122.0,111,3944.8
12216933498937,94.250095995,8073650176,17003450368,6802145280,94199111680,40.0,1177.6,111,3944.8
12216983480188,94.300077246,7821983744,16751783936,6562844672,94438412288,37.1,1062.7,111,3944.8
12217033493410,94.350090468,7622787072,16565903360,6337310720,94663946240,45.6,1357.4,111,3944.8
12217083720423,94.400317481,7648124928,16617566208,6355374080,94645882880,51.9,1593.5,111,3944.8
12217133499645,94.450096703,8073650176,17003450368,6708899840,94292357120,44.4,1299.8,111,3745.6
12217183481157,94.500078215,7821983744,16751783936,6467874816,94533382144,39.0,1105.9,111,3745.6
12217233500800,94.550097858,8073650176,17003450368,6666559488,94334697472,39.8,1195.9,111,3745.6
12217283491309,94.600088367,7821983744,16751783936,6430724096,94570532864,36.5,1022.1,111,3745.6
12217333497267,94.650094325,7875444736,17003450368,6444945408,94556311552,38.6,1179.8,111,3745.6
12217383476555,94.700073613,7915085824,17003450368,6495551488,94505705472,40.9,1183.4,111,3745.6
12217433497190,94.750094248,7754878976,16684679168,6259593216,94741663744,39.8,1175.6,111,3745.6
12217483517455,94.800114513,7751372800,16684679168,6229659648,94771597312,50.9,1518.1,111,3745.6
12217533482356,94.850079414,8057913344,17003450368,6544478208,94456778752,50.9,1486.4,111,3745.6
12217583487712,94.90008477,8034009088,17003450368,6527848448,94473408512,39.0,1159.4,111,3745.6
12217633491847,94.950088905,7792766976,16802119680,6212255744,94789001216,37.7,1076.8,111,3745.6
12217683488347,95.000085405,8073650176,17003450368,6525784064,94475472896,44.9,1222.7,111,3711.5
12217733482102,95.05007916,7782346752,16751783936,6250704896,94750552064,38.1,1060.6,111,3711.5
12217783488540,95.100085598,8073654272,17003450368,6518816768,94482440192,40.6,1197.6,111,3711.5
12217833489328,95.150086386,7821987840,16751783936,6279806976,94721449984,36.5,1019.8,111,3711.5
12217883485308,95.200082366,7687770112,16617566208,6128492544,94872764416,46.6,1339.4,111,3711.5
12217933482038,95.250079096,7715241984,16684679168,6178553856,94822703104,53.2,1544.9,111,3711.5
12217983484579,95.300081637,8073654272,17003450368,6503419904,94497837056,46.9,1339.1,111,3711.5
12218033511156,95.350108214,7821987840,16751783936,6260518912,94740738048,37.9,1059.1,111,3711.5
12218083479854,95.400076912,7961448448,17003450368,6414520320,94586736640,44.3,1321.0,111,3711.5
12218133477496,95.450074554,7915094016,17003450368,6374514688,94626742272,38.1,1080.5,111,3711.5
12218183561050,95.500158108,7968448512,17003450368,6402125824,94599131136,40.6,1153.8,111,3871.2
12218233496455,95.550093513,8073662464,17003450368,6504570880,94496686080,42.2,1180.5,111,3871.2
12218283480131,95.600077189,7687778304,16684679168,6108372992,94892883968,38.7,1105.3,111,3871.2
12218333482051,95.650079109,7602692096,16582680576,6007218176,94994038784,53.4,1556.1,111,3871.2
12218383498318,95.700095376,7942168576,17003450368,6372872192,94628384768,52.5,1496.6,111,3871.2
12218433486473,95.750083531,8073662464,17003450368,6508863488,94492393472,41.8,1205.3,111,3871.2
12218483481329,95.800078387,7688818688,16751783936,6153539584,94847717376,38.5,1061.2,111,3871.2
12218533495513,95.850092571,8073662464,17003450368,6510936064,94490320896,42.6,1215.6,111,3871.2
12218583488145,95.900085203,7821996032,16751783936,6265028608,94736228352,40.9,1101.5,111,3871.2
12218633485517,95.950082575,8045260800,17003450368,6463594496,94537662464,40.3,1161.5,111,3871.2
12218683485724,96.000082782,7821996032,16751783936,6252634112,94748622848,41.4,1056.6,111,3871.2
12218733484228,96.050081286,7754891264,16684679168,6195716096,94805540864,47.2,1282.9,111,3744.4
12218783480868,96.100077926,7709798400,16684679168,6136365056,94864891904,53.1,1541.8,111,3744.4
12218833479411,96.150076469,7994384384,17003450368,6421250048,94580006912,53.1,1556.5,111,3744.4
12218883480931,96.200077989,7976136704,17003450368,6414671872,94586585088,40.6,1122.3,111,3744.4
12218933486658,96.250083716,7810981888,16802119680,6190673920,94810583040,39.1,1039.1,111,3744.4
12218983493948,96.300091006,8073666560,17003450368,6475300864,94525956096,43.8,1259.0,111,3744.4
12219033483285,96.350080343,7742717952,16751783936,6174662656,94826594304,39.6,1103.7,111,3744.4
12219083492368,96.400089426,8073666560,17003450368,6474514432,94526742528,40.4,1116.6,111,3744.4
12219133486794,96.450083852,7822000128,16751783936,6234013696,94767243264,37.3,1061.4,111,3744.4
12219183488304,96.500085362,7687782400,16617566208,6084861952,94916395008,44.6,1279.6,111,3744.4
12219233497958,96.550095016,7754895360,16684679168,6146535424,94854721536,53.4,1592.7,111,3758.4
12219283485682,96.60008274,7912329216,17003450368,6310395904,94690861056,44.9,1304.3,111,3758.4
12219333483975,96.650081033,7822000128,16802119680,6221344768,94779912192,38.0,1080.0,111,3758.4
12219383490734,96.700087792,8073666560,17003450368,6462214144,94539042816,44.9,1283.3,111,3758.4
12219433489058,96.750086116,8073666560,17003450368,6464561152,94536695808,38.7,1116.0,111,3758.4
12219483502179,96.800099237,7620669440,16550453248,6026395648,94974861312,33.5,957.6,111,3758.4
12219533487398,96.850084456,8073666560,17003450368,6471528448,94529728512,44.7,1303.6,111,3758.4
12219583483186,96.900080244,7676239872,16751783936,6116134912,94885122048,38.0,1062.6,111,3758.4
12219633477702,96.95007476,7652896768,16582680576,6038462464,94962794496,48.7,1360.5,111,3758.4
12219683483770,97.000080828,7687790592,16617566208,6089932800,94911324160,54.9,1575.8,111,3758.4
12219733495429,97.050092487,8073674752,17003450368,6469521408,94531735552,46.8,1280.7,111,3758.4
12219783520492,97.10011755,7822008320,16751783936,6230052864,94771204096,41.2,1140.1,111,3797.0
12219833514948,97.150112006,8073674752,17003450368,6476230656,94525026304,38.4,1159.6,111,3797.0
12219883473657,97.200070715,7832702976,16802119680,6220144640,94781112320,34.0,1024.2,111,3797.0
12219933484714,97.250081772,8068345856,17003450368,6415486976,94585769984,46.5,1296.4,111,3797.0
12219983516851,97.300113909,8073674752,17003450368,6451523584,94549733376,37.9,1138.5,111,3797.0
12220033479637,97.350076695,7737073664,16684679168,6101598208,94899658752,36.3,1043.1,111,3797.0
12220083481878,97.400078936,7611990016,16582680576,5958381568,95042875392,50.6,1499.5,111,3797.0
12220133504517,97.450101575,7937585152,17003450368,6307258368,94693998592,51.9,1588.7,111,3797.0
12220183515644,97.500112702,8073674752,17003450368,6450216960,94551040000,39.9,1162.6,111,3797.0
12220233481196,97.550078254,7742177280,16802119680,6063374336,94937882624,36.1,1064.1,111,3797.0
12220283503144,97.600100202,8073674752,17003450368,6442446848,94558810112,43.1,1278.0,111,3797.0
12220333485236,97.650082294,7742726144,16751783936,6156021760,94845235200,36.1,1082.3,111,3690.3
12220383542330,97.700139388,8073674752,17003450368,6438326272,94562930688,39.5,1174.8,111,3690.3
12220433488125,97.750085183,7822008320,16751783936,6202400768,94798856192,37.1,1043.1,111,3690.3
12220483475067,97.800072125,7648149504,16617566208,6030786560,94970470400,44.9,1343.5,111,3690.3
12220533499188,97.850096246,7687790592,16617566208,6065606656,94935650304,51.6,1554.9,111,3690.3
12220583512049,97.900109107,8073674752,17003450368,6439247872,94562009088,45.0,1339.2,111,3690.3
12220633496997,97.950094055,7822008320,16751783936,6199263232,94801993728,39.9,1140.3,111,3690.3
12220683585871,98.000182929,8067481600,17003450368,6441193472,94560063488,40.8,1137.8,111,3690.3
12220733495507,98.050092565,7827251200,16802119680,6210953216,94790303744,38.4,1042.2,111,3690.3
12220783486166,98.100083224,8055840768,17003450368,6424121344,94577135616,44.9,1282.8,111,3690.3
12220833479910,98.150076968,8073674752,17003450368,6443433984,94557822976,37.5,1141.1,111,3690.3
12220883483213,98.200080271,7715262464,16684679168,6072811520,94928445440,36.3,1038.1,111,3556.2
12220933473501,98.250070559,7602708480,16532348928,5915144192,95086112768,50.9,1539.7,111,3556.2
12220983481152,98.30007821,8073678848,17003450368,6540840960,94460416000,52.5,1541.9,111,3556.2
12221033478974,98.350076032,8030674944,17003450368,6700056576,94301200384,42.2,1219.7,111,3556.2
12221083493147,98.400090205,8045989888,17003450368,7007391744,93993865216,46.9,1372.2,111,3556.2
12221133484817,98.450081875,7913234432,17003450368,6993199104,94008057856,43.0,1265.6,111,3556.2
12221183504501,98.500101559,8051650560,17003450368,7030026240,93971230720,42.2,1215.9,111,3556.2
12221233484820,98.550081878,7954759680,17003450368,6945398784,94055858176,42.5,1224.9,111,3556.2
12221283477393,98.600074451,7715274752,16684679168,6949941248,94051315712,42.7,1261.7,111,3556.2
12221333471979,98.650069037,7687802880,16617566208,6925942784,94075314176,52.2,1574.6,111,3556.2
12221383527860,98.700124918,8073687040,17003450368,7221923840,93779333120,47.8,1401.8,111,3594.9
12221435035473,98.751632531,7742738432,16751783936,7204937728,93796319232,42.7,1262.9,111,3594.9
12221483493608,98.800090666,8073687040,17003450368,7322591232,93678665728,44.6,1317.9,111,3594.9
12221533493013,98.850090071,7822020608,16751783936,7323107328,93678149632,43.1,1240.3,111,3594.9
12221583487389,98.900084447,8073687040,17003450368,7743209472,93258047488,47.2,1359.9,111,3594.9
12221633478328,98.950075386,7642705920,16751783936,7486464000,93514792960,41.1,1184.8,111,3594.9
12221683478615,99.000075673,7602716672,16582680576,7334723584,93666533376,55.0,1534.8,111,3594.9
12221733478621,99.050075679,8024395776,17003450368,7669153792,93332103168,54.1,1563.2,111,3594.9
12221783480491,99.100077549,7875481600,17003450368,7497551872,93503705088,39.5,1159.7,111,3594.9
12221833481339,99.150078397,7954763776,17003450368,7498326016,93502930944,46.5,1300.3,111,3594.9
12221883476666,99.200073724,7875481600,17003450368,7360724992,93640531968,39.0,1080.6,111,3594.9
12221933480400,99.250077458,7994404864,17003450368,7354167296,93647089664,46.2,1279.0,111,3896.6
12221983475397,99.300072455,7954763776,17003450368,7321579520,93679677440,42.6,1180.7,111,3896.6
12222033493647,99.350090705,7754919936,16684679168,7045869568,93955387392,41.9,1196.3,111,3896.6
12222083489135,99.400086193,7754919936,16684679168,6980841472,94020415488,53.8,1558.8,111,3896.6
12222133489171,99.450086229,8040378368,17003450368,7186501632,93814755328,47.8,1360.3,111,3896.6
12222183503465,99.500100523,7822024704,16751783936,6975676416,94025580544,41.2,1137.9,111,3896.6
12222233473024,99.550070082,7915126784,17003450368,6986215424,94015041536,46.0,1268.0,111,3896.6
12222283473551,99.600070609,7822024704,16802119680,6862610432,94138646528,38.6,1059.5,111,3896.6
12222333482885,99.650079943,8043274240,17003450368,7029784576,93971472384,47.8,1338.5,111,3896.6
12222383474215,99.700071273,8034050048,17003450368,7018254336,93983002624,40.0,1140.4,111,3896.6
12222433480793,99.750077851,7710732288,16684679168,6640340992,94360915968,38.8,1116.9,111,4026.6
12222483474488,99.800071546,7602720768,16532348928,6513639424,94487617536,51.3,1484.0,111,4026.6
12222533490754,99.850087812,8073019392,17003450368,6878257152,94122999808,54.7,1575.5,111,4026.6
12222583483256,99.900080314,8073691136,17003450368,7020957696,93980299264,41.4,1181.8,111,4026.6
12222633495425,99.950092483,7927549952,17003450368,7194959872,93806297088,44.7,1272.6,111,4026.6
12222683491003,100.000088061,7978258432,17003450368,7388622848,93612634112,49.1,1327.0,111,4026.6
12222733484397,100.050081455,8072155136,17003450368,7640190976,93361065984,47.5,1313.6,111,4026.6
12222783478152,100.10007521,7982452736,17003450368,7782117376,93219139584,42.8,1206.2,111,4026.6
12222833481774,100.150078832,7709827072,16684679168,7828307968,93172948992,46.8,1341.5,111,4026.6
12222883484846,100.200081904,7687815168,16617566208,7974354944,93026902016,54.7,1595.8,111,4026.6
12222933494020,100.250091078,8073699328,17003450368,8115957760,92885299200,49.7,1380.2,111,3891.7
12222983482895,100.300079953,7703109632,16751783936,8083705856,92917551104,53.8,1302.8,111,3891.7
12223033499272,100.35009633,8073699328,17003450368,8278769664,92722487296,66.7,1217.4,111,3891.7
12223083490191,100.400087249,7822032896,16751783936,8138649600,92862607360,49.1,1080.3,111,3891.7
12223133497010,100.450094068,8073699328,17003450368,8148197376,92853059584,46.2,1275.3,111,3891.7
12223183494421,100.500091479,7822032896,16751783936,7907180544,93094076416,41.1,1161.0,111,3891.7
12223233500840,100.550097898,7648174080,16617566208,7657492480,93343764480,46.3,1304.8,111,3891.7
12223283486449,100.600083507,7648174080,16617566208,7622139904,93379117056,54.0,1559.1,111,3891.7
12223333510771,100.650107829,8073699328,17003450368,7938764800,93062492160,46.5,1355.9,111,3891.7
12223383482013,100.700079071,7768547328,16751783936,7698976768,93302280192,41.4,1145.1,111,3891.7
12223433500955,100.750098013,8073699328,17003450368,8070823936,92930433024,47.2,1377.5,111,3853.9
12223483513164,100.800110222,7822032896,16751783936,7968378880,93032878080,42.5,1179.6,111,3853.9
12223533491760,100.850088818,8073699328,17003450368,8121999360,92879257600,46.0,1279.8,111,3853.9
12223583486826,100.900083884,7822032896,16751783936,7880839168,93120417792,38.4,1119.7,111,3853.9
12223633485861,100.950082919,7635202048,16565903360,7742156800,93259100160,49.1,1342.6,111,3853.9
12223683485085,101.000082143,7648182272,16617566208,7749472256,93251784704,55.6,1577.7,111,3853.9
12223733494810,101.050091868,8073707520,17003450368,8107089920,92894167040,50.0,1361.3,111,3853.9
12223783486801,101.100083859,7741292544,16751783936,7948124160,93053132800,41.7,1221.1,111,3853.9
12223833503177,101.150100235,8073707520,17003450368,8376741888,92624515072,45.6,1356.7,111,3853.9
12223883495108,101.200092166,7736057856,16802119680,8018563072,92982693888,41.9,1237.1,111,3853.9
12223933484194,101.250081252,8073707520,17003450368,8408825856,92592431104,46.8,1328.0,111,3853.9
12223983481405,101.300078463,7752577024,16684679168,7994658816,93006598144,37.5,1099.6,111,3762.8
12224033499345,101.350096403,7715299328,16685727744,8130908160,92870348800,52.2,1558.5,111,3762.8
12224083480766,101.400077824,8073711616,17004498944,8389824512,92611432448,49.7,1439.4,111,3762.8
12224133499838,101.450096896,7822045184,16752832512,8389607424,92611649536,42.8,1297.2,111,3762.8
12224183508811,101.500105869,8073711616,17004498944,8765841408,92235415552,48.1,1402.2,111,3762.8
12224233497085,101.550094143,7623839744,16752832512,8415154176,92586102784,42.4,1260.5,111,3762.8
12224283514444,101.600111502,8073711616,17004498944,8679854080,92321402880,45.3,1313.9,111,3762.8
12224333519439,101.650116497,7754940416,16685727744,8271106048,92730150912,42.2,1242.0,111,3762.8
12224383508895,101.700105953,7754944512,16685727744,8462430208,92538826752,52.2,1520.6,111,3762.8
12224433486579,101.750083637,8073715712,17004498944,8807170048,92194086912,50.3,1465.2,111,3762.8
12224483478240,101.800075298,7694114816,16752832512,8578543616,92422713344,43.1,1241.6,111,3762.8
12224533496470,101.850093528,8073715712,17004498944,8996495360,92004761600,48.1,1435.0,111,3660.5
12224583485886,101.900082944,7668584448,16601837568,8716206080,92285050880,40.9,1162.5,111,3660.5
12224633487866,101.950084924,8073719808,17004498944,8900395008,92100861952,44.3,1299.8,111,3660.5
12224683477602,102.00007466,7700881408,16685727744,8545333248,92455923712,44.4,1218.8,111,3660.5
12224733524867,102.050121925,7733276672,16685727744,8499658752,92501598208,53.8,1597.1,111,3660.5
12224783484608,102.100081666,7949950976,17004498944,8540172288,92461084672,46.8,1364.0,111,3660.5
12224833495354,102.150092412,7822053376,16752832512,8421629952,92579627008,41.6,1234.2,111,3660.5
12224883495781,102.200092839,8013750272,17004498944,8497496064,92503760896,43.7,1281.7,111,3660.5
12224933487681,102.250084739,7822053376,16752832512,8469626880,92531630080,44.0,1284.8,111,3660.5
12224983487547,102.300084605,8073719808,17004498944,8854364160,92146892800,47.8,1377.9,111,3660.5
12225033484187,102.350081245,7633301504,16752832512,8646377472,92354879488,41.4,1261.4,111,3660.5
12225083476809,102.400073867,7603945472,16534724608,8583421952,92417835008,52.2,1517.3,111,3892.1
12225133490891,102.450087949,8037605376,17004498944,9052811264,91948445696,51.6,1517.7,111,3892.1
12225183507088,102.500104146,7822057472,16752832512,8871649280,92129607680,38.0,1136.7,111,3892.1
12225233487337,102.550084395,7969472512,17004498944,8967929856,92033327104,45.9,1345.8,111,3892.1
12225283487573,102.600084631,7822057472,16752832512,8962510848,92038746112,45.0,1279.5,111,3892.1
12225333487910,102.650084968,8073723904,17004498944,9233031168,91768225792,49.0,1443.6,111,3892.1
12225383487816,102.700084874,7675895808,16618614784,8879304704,92121952256,42.8,1239.7,111,3892.1
12225433497320,102.750094378,7729029120,16685727744,9043898368,91957358592,51.6,1554.2,111,3892.1
12225483483910,102.800080968,7880708096,17004498944,9269432320,91731824640,49.7,1501.8,111,3892.1
12225533497943,102.850095001,7822057472,16752832512,9241563136,91759693824,44.7,1299.8,111,3892.1
12225583482580,102.900079638,8073723904,17004498944,9364393984,91636862976,45.9,1324.6,111,4058.7
12225633513784,102.950110842,7822057472,16752832512,9339400192,91661856768,39.8,1155.2,111,4058.7
12225683488553,103.000085611,8073723904,17004498944,9482973184,91518283776,48.4,1339.6,111,4058.7
12225733514818,103.050111876,7822057472,16752832512,9263116288,91738140672,44.3,1184.7,111,4058.7
12225783477413,103.100074471,7652954112,16583729152,9081409536,91919847424,48.4,1420.8,111,4058.7
12225833585974,103.150183032,7944822784,17004498944,9393377280,91607879680,54.6,1588.6,111,4058.7
12225883490650,103.200087708,7915159552,17004498944,9411301376,91589955584,46.5,1308.2,111,4058.7
12225933473023,103.250070081,7994441728,17004498944,9455312896,91545944064,46.5,1322.3,111,4058.7
12225983482557,103.300079615,7962566656,17004498944,9402855424,91598401536,42.0,1158.7,111,4058.7
12226033481441,103.350078499,7954808832,17004498944,9431498752,91569758208,47.8,1340.8,111,4058.7
12226083491826,103.400088884,7822065664,16752832512,9220931584,91780325376,41.0,1175.9,111,3710.4
12226133487915,103.450084973,7687843840,16618614784,9049112576,91952144384,49.4,1402.0,111,3710.4
12226183488401,103.500085459,7660580864,16618614784,8981291008,92019965952,54.1,1562.9,111,3710.4
12226233484230,103.550081288,8073732096,17004498944,9260498944,91740758016,50.6,1417.4,111,3710.4
12226283489505,103.600086563,7697510400,16803168256,8977563648,92023693312,42.9,1198.9,111,3710.4
12226333491916,103.650088974,8073732096,17004498944,9282314240,91718942720,47.2,1341.9,111,3710.4
12226383486722,103.70008378,7848206336,16803168256,9181417472,91819839488,44.7,1221.1,111,3710.4
12226433483552,103.75008061,8073732096,17004498944,9222189056,91779067904,46.9,1299.6,111,3710.4
12226483490481,103.800087539,7754960896,16685727744,8810758144,92190498816,42.0,1178.6,111,3710.4
12226533496769,103.850093827,7749025792,16685727744,9008152576,91993104384,52.2,1555.8,111,3710.4
12226583494730,103.900091788,8058372096,17004498944,9320288256,91680968704,50.6,1423.7,111,4225.6
12226633490468,103.950087526,7822065664,16752832512,9320148992,91681107968,47.2,1339.6,111,4225.6
12226683491185,104.000088243,8073732096,17004498944,9465688064,91535568896,51.6,1397.8,111,4225.6
12226733481493,104.050078551,7822065664,16752832512,9226059776,91775197184,45.2,1204.0,111,4225.6
12226783492860,104.100089918,8073732096,17004498944,9303027712,91698229248,48.4,1338.4,111,4225.6
12226833484250,104.150081308,7742365696,16752832512,8972955648,92028301312,43.0,1240.4,111,4225.6
12226883494355,104.200091413,7652962304,16583729152,8722886656,92278370304,50.6,1457.4,111,4225.6
12226933485855,104.250082913,8071258112,17004498944,8892432384,92108824576,55.0,1522.9,111,4225.6
12226983576792,104.30017385,7954808832,17004498944,8753602560,92247654400,42.7,1297.9,111,4225.6
12227033482951,104.350080009,7964672000,17004498944,8819318784,92181938176,47.5,1262.0,111,4225.6
12227083481223,104.400078281,7832760320,16803168256,8712601600,92288655360,39.6,1162.1,111,4225.6
12227133480758,104.450077816,7968866304,17004498944,8628477952,92372779008,47.8,1358.7,111,4234.3
12227183490883,104.500087941,7822069760,16752832512,8545701888,92455555072,39.0,1097.1,111,4234.3
12227233493053,104.550090111,7687852032,16618614784,8458739712,92542517248,48.4,1362.1,111,4234.3
12227283517615,104.600114673,7687852032,16618614784,8362860544,92638396416,54.1,1581.4,111,4234.3
12227333494207,104.650091265,8073736192,17004498944,8555769856,92445487104,48.1,1377.1,111,4234.3
12227383504883,104.700101941,7925645312,17004498944,8570736640,92430520320,47.5,1352.8,111,4234.3
12227433485592,104.75008265,8000323584,17004498944,8666861568,92334395392,45.5,1290.4,111,4234.3
12227483484927,104.800081985,8034095104,17004498944,8602591232,92398665728,47.5,1297.8,111,4234.3
12227533482127,104.850079185,7915171840,17004498944,8440795136,92560461824,41.9,1221.9,111,4234.3
12227583484848,104.900081906,7754969088,16685727744,8207777792,92793479168,43.4,1238.7,111,4234.3
12227633483632,104.95008069,7754973184,16685727744,8123654144,92877602816,54.3,1539.0,111,4008.9
12227683485842,105.0000829,8073744384,17004498944,8215769088,92785487872,50.3,1399.9,111,4008.9
12227733491728,105.050088786,7822077952,16752832512,7978209280,93023047680,40.5,1136.4,111,4008.9
12227783489019,105.100086077,8073744384,17004498944,8023883776,92977373184,44.7,1263.4,111,4008.9
12227833488313,105.150085371,7822077952,16752832512,7785066496,93216190464,39.6,1120.4,111,4008.9
12227883484492,105.20008155,8073744384,17004498944,8075419648,92925837312,42.4,1274.4,111,4008.9
12227933488425,105.250085483,7822077952,16752832512,8058839040,92942417920,42.8,1262.3,111,4008.9
12227983481818,105.300078876,7643516928,16583729152,8097288192,92903968768,50.0,1446.6,111,4008.9
12228033477937,105.350074995,7954821120,17004498944,8190185472,92811071488,52.8,1580.2,111,4008.9
12228083490336,105.400087394,7822077952,16752832512,8004907008,92996349952,38.1,1117.3,111,4008.9
12228133487456,105.450084514,8007241728,17004498944,7992520704,93008736256,43.9,1299.3,111,4158.0
12228183549919,105.500146977,7822077952,16752832512,7805661184,93195595776,40.4,1196.6,111,4158.0
12228233477739,105.550074797,7909101568,17004498944,7825592320,93175664640,42.8,1225.2,111,4158.0
12228283512571,105.600109629,7822082048,16752832512,7896154112,93105102848,43.5,1315.1,111,4158.0
12228333478643,105.650075701,7620751360,16551501824,7639912448,93361344512,47.8,1402.3,111,4158.0
12228383484349,105.700081407,7844331520,16803168256,7951892480,93049364480,52.2,1561.7,111,4158.0
12228433477031,105.750074089,8034107392,17004498944,8216965120,92784291840,45.6,1322.9,111,4158.0
12228483489220,105.800086278,8031678464,17004498944,8071528448,92929728512,43.5,1291.1,111,4158.0
12228533479537,105.850076595,7996141568,17004498944,8061456384,92939800576,42.7,1229.3,111,4158.0
12228583490974,105.900088032,8036335616,17004498944,8016166912,92985090048,42.6,1274.1,111,4158.0
12228633479689,105.950076747,7973072896,17004498944,7968944128,93032312832,44.3,1205.5,111,4158.0
12228683527785,106.000124843,7754977280,16685727744,7733010432,93268246528,47.8,1236.3,111,3780.5
12228733487304,106.050084362,7754977280,16685727744,7622762496,93378494464,53.6,1581.1,111,3780.5
12228783478113,106.100075171,8073748480,17004498944,7715135488,93286121472,46.4,1321.5,111,3780.5
12228833494038,106.150091096,7822082048,16752832512,7665594368,93335662592,42.2,1277.8,111,3780.5
12228883487712,106.20008477,8039264256,17004498944,7745073152,93256183808,40.3,1180.4,111,3780.5
12228933494971,106.250092029,7822082048,16752832512,7739654144,93261602816,42.5,1239.9,111,3780.5
12228983489797,106.300086855,7968944128,17004498944,7796666368,93204590592,40.1,1161.8,111,3780.5
12229033488070,106.350085128,7822082048,16752832512,7639166976,93362089984,42.0,1199.2,111,3780.5
12229083485921,106.400082979,7687864320,16618614784,7547289600,93453967360,46.6,1397.7,111,3780.5
12229133482370,106.450079428,7714017280,16684400640,7550128128,93451128832,51.3,1545.0,111,3780.5
12229183491643,106.500088701,8072429568,17003171840,7760695296,93240561664,47.5,1396.5,111,3780.5
12229233474507,106.550071565,7781122048,16751505408,7510388736,93490868224,41.5,1203.8,111,3809.8
12229283516131,106.600113189,8072429568,17003171840,7642767360,93358489600,42.9,1273.9,111,3809.8
12229333522288,106.650119346,7820763136,16751505408,7401644032,93599612928,39.5,1144.1,111,3809.8
12229383488861,106.700085919,8072429568,17003171840,7474929664,93526327296,41.9,1218.1,111,3809.8
12229433482444,106.750079502,7820763136,16751505408,7233060864,93768196096,38.0,1122.1,111,3809.8
12229483487499,106.800084557,7652986880,16583729152,7368695808,93632561152,50.3,1500.3,111,3809.8
12229533495079,106.850092137,7980695552,17003171840,7663644672,93337612288,54.6,1591.6,111,3809.8
12229583479736,106.900076794,8032788480,17003171840,7665192960,93336064000,40.5,1186.2,111,3809.8
12229633560544,106.950157602,7912988672,17003171840,7410278400,93590978560,41.5,1190.5,111,3809.8
12229683477944,107.000075002,8072429568,17003171840,7650902016,93350354944,46.8,1291.9,111,3809.8
12229733543653,107.050140711,7820898304,16801841152,7488057344,93513199616,42.6,1192.9,111,3924.6
12229783489637,107.100086695,8072429568,17003171840,7680045056,93321211904,42.8,1243.1,111,3924.6
12229833494522,107.15009158,7753658368,16684400640,7724834816,93276422144,46.3,1318.7,111,3924.6
12229883520686,107.200117744,7753658368,16684400640,7895953408,93105303552,53.5,1502.6,111,3924.6
12229933493321,107.250090379,8072429568,17003171840,8055914496,92945342464,50.3,1435.4,111,3924.6
12229983487475,107.300084533,7820763136,16751505408,7815413760,93185843200,42.2,1141.0,111,3924.6
12230033487060,107.350084118,8072429568,17003171840,7837863936,93163393024,44.0,1222.9,111,3924.6
12230083485402,107.40008246,7820763136,16751505408,7594369024,93406887936,42.2,1159.3,111,3924.6
12230133477072,107.45007413,7905431552,17003171840,7553703936,93447553024,39.9,1142.3,111,3924.6
12230183490052,107.50008711,7820763136,16751505408,7551037440,93450219520,42.1,1199.1,111,3924.6
12230233478867,107.550075925,7686545408,16617287680,7453691904,93547565056,48.4,1381.5,111,3924.6
12230283497036,107.600094094,7686545408,16617287680,7442853888,93558403072,54.0,1594.8,111,3883.9
12230333485671,107.650082729,8072433664,17003171840,7795187712,93206069248,48.7,1418.6,111,3883.9
12230383485776,107.700082834,7669764096,16751505408,7746564096,93254692864,44.9,1242.9,111,3883.9
12230433489068,107.750086126,8072433664,17003171840,7979552768,93021704192,43.7,1279.3,111,3883.9
12230483482632,107.80007969,7820767232,16751505408,7739944960,93261312000,40.1,1122.4,111,3883.9
12230533489791,107.850086849,8072433664,17003171840,7969087488,93032169472,47.5,1317.4,111,3883.9
12230583482312,107.90007937,7665586176,16617287680,7878770688,93122486272,42.8,1217.2,111,3883.9
12230633477198,107.950074256,7627997184,16617287680,7802380288,93198876672,55.6,1543.4,111,3883.9
12230683483545,108.000080603,8005320704,17003171840,8044412928,92956844032,57.2,1561.5,111,3883.9
12230733472951,108.050070009,7820771328,16751505408,8068943872,92932313088,44.1,1190.9,111,3883.9
12230783481603,108.100078661,7946600448,17003171840,8305831936,92695425024,51.3,1413.8,111,3883.9
12230833479043,108.150076101,7874232320,17003171840,8421695488,92579561472,41.8,1179.8,111,3625.9
12230883505969,108.200103027,8002162688,17003171840,8283508736,92717748224,45.7,1270.1,111,3625.9
12230933486839,108.250083897,8072441856,17003171840,8253394944,92747862016,42.7,1208.7,111,3625.9
12230983483348,108.300080406,7719440384,16684400640,7825461248,93175795712,40.4,1156.5,111,3625.9
12231033483824,108.350080882,7688654848,16684400640,7744434176,93256822784,53.5,1541.7,111,3625.9
12231083474472,108.40007153,7874236416,17003171840,7756562432,93244694528,47.8,1384.0,111,3625.9
12231133491279,108.450088337,7820775424,16751505408,7640158208,93361098752,41.0,1194.9,111,3625.9
12231183504009,108.500101067,7874236416,17003171840,7552937984,93448318976,44.3,1260.3,111,3625.9
12231233508723,108.550105781,7820775424,16751505408,7419244544,93582012416,39.4,1111.8,111,3625.9
12231283502677,108.600099735,7913877504,17003171840,7464632320,93536624640,45.9,1328.1,111,3625.9
12231333491562,108.65008862,7820775424,16751505408,7563980800,93437276160,40.5,1122.4,111,3783.5
12231383490185,108.700087243,7686557696,16617287680,7598301184,93402955776,49.1,1438.6,111,3783.5
12231433481113,108.750078171,7661391872,16617287680,7837876224,93163380736,53.8,1544.5,111,3783.5
12231483495666,108.800092724,8072445952,17003171840,8221360128,92779896832,49.1,1391.5,111,3783.5
12231533482146,108.850079204,7665582080,16751505408,7873605632,93127651328,41.7,1208.6,111,3783.5
12231583489044,108.900086102,8072445952,17003171840,8160813056,92840443904,45.3,1274.6,111,3783.5
12231633479161,108.950076219,7622574080,16751505408,7732195328,93269061632,42.7,1165.4,111,3783.5
12231683491920,109.000088978,8072445952,17003171840,8055169024,92946087936,47.2,1314.4,111,3783.5
12231733485644,109.050082702,7725068288,16684400640,7650033664,93351223296,43.1,1121.8,111,3783.5
12231783486351,109.100083409,7721709568,16684400640,7579844608,93421412352,54.4,1577.9,111,3783.5
12231833473231,109.150070289,7953522688,17003171840,7694417920,93306839040,50.6,1506.7,111,3783.5
12231883493545,109.200090603,7871115264,17003171840,7531175936,93470081024,36.9,1116.1,111,3527.2
12231933482359,109.250079417,7984357376,17003171840,7665864704,93335392256,45.6,1342.3,111,3527.2
12231983478688,109.300075746,7874240512,17003171840,7673798656,93327458304,38.4,1120.6,111,3527.2
12232033475678,109.350072736,7993163776,17003171840,7736369152,93264887808,44.9,1299.8,111,3527.2
12232083501021,109.400098079,7820779520,16751505408,7744073728,93257183232,41.1,1212.7,111,3527.2
12232133485357,109.450082415,7686561792,16617287680,7516733440,93484523520,46.2,1367.7,111,3527.2
12232183476706,109.500073764,7657197568,16617287680,7613419520,93387837440,52.8,1580.5,111,3527.2
12232233492621,109.550089679,8072450048,17003171840,7979061248,93022195712,46.9,1395.2,111,3527.2
12232283501093,109.600098151,7662223360,16751505408,7678173184,93323083776,37.5,1081.3,111,3527.2
12232333513281,109.650110339,8072454144,17003171840,7833001984,93168254976,42.9,1257.9,111,3527.2
12232383470957,109.700068015,7781146624,16751505408,7832981504,93168275456,39.4,1165.0,111,3527.2
12232433483225,109.750080283,8072454144,17003171840,8056967168,92944289792,45.7,1336.7,111,3794.8
12232483477961,109.800075019,7664021504,16617287680,7626088448,93375168512,39.2,1181.6,111,3794.8
12232533496801,109.850093859,7721254912,16684400640,7552286720,93448970240,52.8,1574.2,111,3794.8
12232583480536,109.900077594,7898382336,17003171840,7591251968,93410004992,48.7,1465.6,111,3794.8
12232633496351,109.950093409,7822884864,16801841152,7427903488,93573353472,38.5,1118.4,111,3794.8
12232683477451,110.000074509,7969685504,17003171840,7453192192,93548064768,49.7,1343.8,111,3794.8
12232733483037,110.050080095,7975972864,17003171840,7468826624,93532430336,42.1,1138.1,111,3794.8
12232783480076,110.100077134,8036794368,17003171840,7631134720,93370122240,46.9,1340.0,111,3794.8
12232833478920,110.150075978,7913889792,17003171840,7763247104,93238009856,42.2,1280.6,111,3794.8
12232883515684,110.200112742,7686569984,16617287680,7838597120,93162659840,46.3,1337.5,111,3794.8
12232933481685,110.250078743,7686569984,16617287680,7944912896,93056344064,50.9,1542.9,111,3794.8
12232983487522,110.30008458,8072454144,17003171840,8321146880,92680110080,48.4,1398.0,111,3523.6
12233033482167,110.350079225,7622582272,16751505408,8155996160,92845260800,41.8,1262.6,111,3523.6
12233083491430,110.400088488,8072454144,17003171840,8336371712,92664885248,45.0,1297.8,111,3523.6
12233133500262,110.45009732,7720566784,16801841152,8060416000,92940840960,41.4,1235.1,111,3523.6
12233183506058,110.500103116,8072454144,17003171840,8210845696,92790411264,44.3,1283.3,111,3523.6
12233233501925,110.550098983,7737552896,16684400640,7800549376,93200707584,40.0,1178.7,111,3523.6
12233283482244,110.600079302,7686569984,16684400640,7672041472,93329215488,52.2,1545.8,111,3523.6
12233333490494,110.650087552,7993171968,17003171840,7728295936,93272961024,52.2,1557.9,111,3523.6
12233383498324,110.700095382,7913889792,17003171840,7542747136,93458509824,36.9,1139.4,111,3523.6
12233433519940,110.750116998,8038871040,17003171840,7476043776,93525213184,39.6,1156.7,111,3523.6
12233483483587,110.800080645,8038887424,17003171840,7411789824,93589467136,39.9,1145.3,111,3523.6
12233533497799,110.850094857,7751761920,16801841152,6998642688,94002614272,36.2,1096.6,111,3751.9
12233583506792,110.90010385,8072458240,17003171840,7064444928,93936812032,43.4,1260.8,111,3751.9
12233633494043,110.950091101,7627845632,16751505408,6664007680,94337249280,33.5,998.3,111,3751.9
12233683500891,111.000097949,7613374464,16583729152,6551756800,94449500160,51.6,1442.5,111,3751.9
12233733485307,111.050082365,7619461120,16617287680,6488793088,94512463872,54.4,1522.4,111,3751.9
12233783502765,111.100099823,8072462336,17003171840,6772129792,94229127168,44.1,1298.2,111,3751.9
12233833499324,111.150096382,7789334528,16751505408,6531883008,94469373952,41.0,1140.7,111,3751.9
12233883504088,111.200101146,8072466432,17003171840,6953275392,94047981568,43.3,1277.4,111,3751.9
12233933488985,111.250086043,7820800000,16751505408,6871552000,94129704960,44.7,1222.7,111,3751.9
12233983493208,111.300090266,8072466432,17003171840,7297458176,93703798784,46.8,1340.9,111,3751.9
12234033503442,111.3501005,7820800000,16751505408,7205191680,93796065280,40.1,1156.2,111,3615.8
12234083495743,111.400092801,7653023744,16583729152,7119298560,93881958400,48.1,1382.3,111,3615.8
12234133478606,111.450075664,7619469312,16550174720,7281774592,93719482368,52.8,1540.3,111,3615.8
12234183494742,111.5000918,8072466432,17003171840,7740317696,93260939264,48.7,1379.0,111,3615.8
12234233481752,111.55007881,7655116800,16751505408,7699030016,93302226944,40.5,1144.1,111,3615.8
12234283493890,111.600090948,8072466432,17003171840,7787798528,93213458432,46.3,1273.5,111,3615.8
12234333481743,111.650078801,7625756672,16751505408,7729078272,93272178688,43.4,1246.3,111,3615.8
12234383487479,111.700084537,8072466432,17003171840,7843393536,93157863424,47.2,1278.0,111,3615.8
12234433490540,111.750087598,7715889152,16684400640,7665508352,93335748608,44.4,1276.7,111,3615.8
12234483490264,111.800087322,7751372800,16684400640,7615963136,93385293824,53.5,1522.9,111,3615.8
12234533480782,111.85007784,7953543168,17003171840,7774146560,93227110400,52.5,1563.7,111,3615.8
12234583482320,111.900079378,7874260992,17003171840,7609769984,93391486976,38.9,1095.9,111,3571.8
12234633488857,111.950085915,8056782848,17003171840,7770382336,93230874624,66.9,1262.3,111,3571.8
12234683482130,112.000079188,8072470528,17003171840,7792623616,93208633344,60.5,1161.4,111,3571.8
12234733493857,112.050090915,7669809152,16600510464,7391608832,93609648128,44.1,1146.4,111,3571.8
12234783491427,112.100088485,8072470528,17003171840,7651975168,93349281792,52.5,1291.9,111,3571.8
12234833484570,112.150081628,7629955072,16751505408,7244201984,93757054976,37.6,1042.6,111,3571.8
12234883492079,112.200089137,7653027840,16583729152,7079243776,93922013184,53.1,1477.3,111,3571.8
12234933487806,112.250084864,8005083136,17003171840,7302959104,93698297856,55.0,1580.9,111,3571.8
12234983485076,112.300082134,8072470528,17003171840,7314051072,93687205888,41.0,1181.5,111,3571.8
12235033508385,112.350105443,7838281728,16801841152,7044907008,93956349952,39.9,1117.4,111,3571.8
12235083489114,112.400086172,8072470528,17003171840,7255474176,93745782784,43.7,1221.5,111,3509.6
12235133487356,112.450084414,7639093248,16600510464,6818340864,94182916096,37.5,1039.9,111,3509.6
12235183493002,112.50009006,8072470528,17003171840,7137804288,93863452672,44.9,1338.8,111,3509.6
12235233488017,112.550085075,7622598656,16751505408,6832402432,94168854528,38.4,1080.2,111,3509.6
12235283481610,112.600078668,7613386752,16583729152,6776406016,94224850944,50.6,1443.7,111,3509.6
12235333478810,112.650075868,7646945280,16617287680,6770212864,94231044096,52.5,1500.8,111,3509.6
12235383486310,112.700083368,8072474624,17003171840,7090450432,93910806528,45.6,1317.8,111,3509.6
12235433503908,112.750100966,7820812288,16751505408,6851002368,94150254592,34.0,937.5,111,3509.6
12235483493734,112.800090792,7971868672,17003171840,6976311296,94024945664,39.6,1140.0,111,3509.6
12235533483159,112.850080217,7820812288,16751505408,6811676672,94189580288,39.2,1102.6,111,3509.6
12235583481150,112.900078208,7993196544,17003171840,6884904960,94116352000,44.6,1301.9,111,3509.6
12235633483680,112.950080738,8032837632,17003171840,6887485440,94113771520,40.4,1058.5,111,3563.2
12235683494856,113.000091914,7753707520,16684400640,6786465792,94214791168,44.1,1237.0,111,3563.2
12235733484141,113.050081199,7753707520,16684400640,6829817856,94171439104,55.3,1522.9,111,3563.2
12235783491861,113.100088919,8072478720,17003171840,7264706560,93736550400,51.9,1499.3,111,3563.2
12235833482027,113.150079085,7820812288,16751505408,7026270208,93974986752,40.1,1161.6,111,3563.2
12235883492773,113.200089831,8072478720,17003171840,7255617536,93745639424,45.3,1335.8,111,3563.2
12235933485754,113.250082812,7820812288,16751505408,7010975744,93990281216,39.4,1163.6,111,3563.2
12235983480429,113.300077487,8072478720,17003171840,7268143104,93733113856,43.8,1259.9,111,3563.2
12236033486035,113.350083093,7820812288,16751505408,7026663424,93974593536,38.4,1120.8,111,3563.2
12236083475630,113.400072688,7619481600,16617287680,6796742656,94204514304,45.9,1360.9,111,3563.2
12236133482959,113.450080017,7686594560,16617287680,6805774336,94195482624,51.6,1559.1,111,3563.2
12236183487573,113.500084631,8072478720,17003171840,7104077824,93897179136,44.7,1317.5,111,3570.4
12236233485063,113.550082121,7781171200,16751505408,6831837184,94169419776,41.6,1200.8,111,3570.4
12236283482965,113.600080023,8072478720,17003171840,7062274048,93938982912,39.2,1160.4,111,3570.4
12236333507596,113.650104654,7820812288,16751505408,6822309888,94178947072,35.8,1021.1,111,3570.4
12236383479588,113.700076646,7904698368,17003171840,6906150912,94095106048,42.5,1240.1,111,3570.4
12236433483912,113.75008097,7953555456,17003171840,6962020352,94039236608,40.0,1179.5,111,3570.4
12236483496751,113.800093809,7753707520,16684400640,6699585536,94301671424,37.7,1116.5,111,3570.4
12236533487278,113.850084336,7749509120,16684400640,6664232960,94337024000,50.6,1505.1,111,3570.4
12236583477364,113.900074422,7953555456,17003171840,6879186944,94122070016,51.6,1541.1,111,3570.4
12236633479022,113.95007608,7953555456,17003171840,6843285504,94157971456,40.5,1160.4,111,3570.4
12236683494025,114.000091083,7950303232,17003171840,6802182144,94199074816,41.6,1116.6,111,3998.6
12236733497417,114.050094475,8072482816,17003171840,6921142272,94080114688,44.4,1217.2,111,3998.6
12236783660539,114.100257597,7623692288,16600510464,6581862400,94419394560,33.5,977.1,111,3998.6
12236833493560,114.150090618,8072482816,17003171840,6958870528,94042386432,44.0,1303.2,111,3998.6
12236883497522,114.20009458,7619485696,16550174720,6511030272,94490226688,36.6,1018.8,111,3998.6
12236933493189,114.250090247,7653040128,16583729152,6446002176,94555254784,51.9,1506.6,111,3998.6
12236983482173,114.300079231,7754035200,16801841152,6467932160,94533324800,50.6,1539.7,111,3998.6
12237033505392,114.35010245,8072486912,17003171840,6820425728,94180831232,42.5,1239.2,111,3998.6
12237083487323,114.400084381,7728537600,16751505408,6500372480,94500884480,38.0,1161.9,111,3998.6
12237133488410,114.450085468,8072486912,17003171840,6798159872,94203097088,40.0,1139.5,111,3998.6
12237183484277,114.500081335,7820820480,16751505408,6558232576,94443024384,39.2,1119.8,111,3998.6
12237233488981,114.550086039,8072486912,17003171840,6840168448,94161088512,41.0,1199.9,111,3931.8
12237283482624,114.600079682,7820824576,16751505408,6840561664,94160695296,42.4,1260.8,111,3931.8
12237333480605,114.650077663,7651979264,16583729152,6834368512,94166888448,49.4,1461.1,111,3931.8
12237383489266,114.700086324,7756492800,16801841152,6891397120,94109859840,52.8,1594.2,111,3931.8
12237433487939,114.750084997,8072491008,17003171840,7227375616,93773881344,45.3,1283.0,111,3931.8
12237483482163,114.800079221,7669829632,16600510464,6782541824,94218715136,36.2,1097.1,111,3931.8
12237533480294,114.850077352,8072491008,17003171840,7305216000,93696040960,44.6,1325.6,111,3931.8
12237583488023,114.900085081,7669608448,16600510464,7171399680,93829857280,40.5,1198.4,111,3931.8
12237633513126,114.950110184,8072491008,17003171840,7531118592,93470138368,46.9,1336.3,111,3931.8
12237683494946,115.000092004,7696375808,16684400640,7466741760,93534515200,46.0,1241.1,111,3931.8
12237733482368,115.050079426,7635202048,16583729152,7364554752,93636702208,53.2,1505.2,111,3931.8
12237783494155,115.100091213,7974400000,17003171840,7608827904,93392429056,50.9,1575.5,111,3776.3
12237833479592,115.15007665,8032854016,17003171840,7757205504,93244051456,45.2,1263.4,111,3776.3
12237883487993,115.200085051,8032854016,17003171840,8024920064,92976336896,47.2,1358.5,111,3776.3
12237933479331,115.250076389,7820828672,16751505408,8062275584,92938981376,44.4,1254.3,111,3776.3
12237983506477,115.300103535,7953571840,17003171840,8006537216,92994719744,49.1,1401.0,111,3776.3
12238033484962,115.35008202,7913930752,17003171840,7875842048,93125414912,39.9,1165.0,111,3776.3
12238083487822,115.40008488,7753723904,16684400640,7619084288,93382172672,43.0,1240.4,111,3776.3
12238133487136,115.450084194,7753723904,16684400640,7520768000,93480488960,54.9,1557.2,111,3776.3
12238183486810,115.500083868,8072495104,17003171840,7646695424,93354561536,49.7,1459.5,111,3776.3
12238233486725,115.550083783,7820828672,16751505408,7405666304,93595590656,41.1,1179.0,111,3776.3
12238283483173,115.600080231,8072495104,17003171840,7439900672,93561356288,42.8,1182.5,111,3776.3
12238333483949,115.650081007,7820828672,16751505408,7440044032,93561212928,43.7,1239.8,111,3765.1
12238383489955,115.700087013,8013856768,17003171840,7405981696,93595275264,43.8,1258.6,111,3765.1
12238433479651,115.750076709,7831523328,16801841152,7252557824,93748699136,36.7,1042.4,111,3765.1
12238483486268,115.800083326,7686615040,16617287680,7321571328,93679685632,50.0,1378.4,111,3765.1
12238533572185,115.850169243,7619506176,16600510464,7518461952,93482795008,54.3,1591.5,111,3765.1
12238583492399,115.900089457,8072499200,17003171840,7880245248,93121011712,49.1,1406.1,111,3765.1
12238633480021,115.950077079,7636041728,16600510464,7706603520,93294653440,42.0,1141.6,111,3765.1
12238683494773,116.000091831,8072499200,17003171840,7879983104,93121273856,48.5,1396.3,111,3765.1
12238733485270,116.050082328,7820836864,16751505408,7639740416,93361516544,41.0,1102.6,111,3765.1
12238783485466,116.100082524,8072503296,17003171840,7573422080,93427834880,43.1,1239.6,111,3765.1
12238833476724,116.150073782,7781195776,16751505408,7573831680,93427425280,42.7,1221.2,111,3765.1
12238883485886,116.200082944,7653060608,16583729152,7489228800,93512028160,51.9,1499.4,111,3981.4
12238933480791,116.250077849,8060583936,17003171840,7652573184,93348683776,53.8,1560.2,111,3981.4
12238983490354,116.300087412,8072503296,17003171840,7669346304,93331910656,42.9,1239.3,111,3981.4
12239033493084,116.350090142,7920910336,17003171840,7740825600,93260431360,45.0,1239.6,111,3981.4
12239083481677,116.400078735,8032862208,17003171840,7836819456,93164437504,45.9,1321.7,111,3981.4
12239133480730,116.450077788,8032862208,17003171840,8055230464,92946026496,48.1,1359.1,111,3981.4
12239183478170,116.500075228,7900524544,17003171840,8156643328,92844613632,44.4,1261.7,111,3981.4
12239233484988,116.550082046,7726460928,16684400640,8000765952,93000491008,44.3,1258.0,111,3981.4
12239283495132,116.60009219,7686619136,16617287680,8138264576,92862992384,54.9,1578.5,111,3981.4
12239333480790,116.650077848,8072503296,17003171840,8340242432,92661014528,47.8,1402.8,111,3981.4
12239383476326,116.700073384,7711776768,16751505408,8284147712,92717109248,42.8,1200.6,111,3981.4
12239433483214,116.750080272,8072503296,17003171840,8380915712,92620341248,46.3,1318.5,111,3754.9
12239483488478,116.800085536,7721754624,16801841152,8122609664,92878647296,45.3,1296.2,111,3754.9
12239533489495,116.850086553,8072507392,17003171840,8188411904,92812845056,45.3,1301.4,111,3754.9
12239583492846,116.900089904,7735144448,16684400640,7782981632,93218275328,39.2,1118.7,111,3754.9
12239633498892,116.95009595,7694671872,16684400640,7628926976,93372329984,54.7,1522.7,111,3754.9
12239683484350,117.000081408,7953584128,17003171840,7732654080,93268602880,53.2,1543.1,111,3754.9
12239733480457,117.050077515,7831535616,16801841152,7520538624,93480718336,40.6,1080.6,111,3754.9
12239783481143,117.100078201,8011681792,17003171840,7608754176,93392502784,47.2,1319.4,111,3754.9
12239833485596,117.150082654,7993225216,17003171840,7589142528,93412114432,39.2,1159.6,111,3754.9
12239883490771,117.200087829,7949651968,17003171840,7503880192,93497376768,40.1,1138.3,111,3754.9
12239933482159,117.250079217,8072507392,17003171840,7517298688,93483958272,41.5,1222.4,111,3754.9
12239983484719,117.300081777,7753736192,16684400640,7604260864,93396996096,45.9,1377.2,111,3972.4
12240033484783,117.350081841,7714095104,16684400640,7733800960,93267456000,51.0,1502.1,111,3972.4
12240083496460,117.400093518,8072515584,17003171840,7978946560,93022310400,48.7,1457.2,111,3972.4
12240133505432,117.45010249,7820849152,16751505408,7738703872,93262553088,40.4,1159.3,111,3972.4
12240183490699,117.500087757,8072515584,17003171840,7845249024,93156007936,42.8,1240.4,111,3972.4
12240233486355,117.550083413,7820849152,16751505408,7604232192,93397024768,40.5,1180.4,111,3972.4
12240283495427,117.600092485,8072515584,17003171840,7736094720,93265162240,43.8,1278.7,111,3972.4
12240333478560,117.650075618,7724371968,16751505408,7735898112,93265358848,41.7,1203.9,111,3972.4
12240383497270,117.700094328,7731613696,16684400640,7926337536,93074919424,50.6,1513.0,111,3972.4
12240433494369,117.750091427,7893762048,17003171840,7905435648,93095821312,48.4,1439.7,111,3972.4
12240483489104,117.800086162,7820849152,16751505408,7787765760,93213491200,41.5,1183.9,111,3595.7
12240533489680,117.850086738,8072515584,17003171840,7948804096,93052452864,45.3,1358.2,111,3595.7
12240583496557,117.900093615,7820849152,16751505408,7706882048,93294374912,40.8,1181.9,111,3595.7
12240633485792,117.95008285,8072515584,17003171840,7735365632,93265891328,39.5,1160.2,111,3595.7
12240683490325,118.000087383,7820849152,16751505408,7728898048,93272358912,44.4,1217.7,111,3595.7
12240733483036,118.050080094,7613431808,16583729152,7610462208,93390794752,50.9,1441.6,111,3595.7
12240783495253,118.100092311,8036708352,17003171840,7981645824,93019611136,53.4,1613.5,111,3595.7
12240833482254,118.150079312,7831543808,16801841152,8133120000,92868136960,42.9,1266.8,111,3595.7
12240883483561,118.200080619,7913951232,17003171840,8238694400,92762562560,46.3,1359.9,111,3595.7
12240933477073,118.250074131,7874314240,17003171840,8326172672,92675084288,39.8,1141.5,111,3595.7
12240983495553,118.300092611,8001044480,17003171840,8592375808,92408881152,48.1,1413.3,111,4109.6
12241033491389,118.350088447,7820853248,16751505408,8629792768,92371464192,41.9,1221.9,111,4109.6
12241083483138,118.400080196,7621619712,16617287680,8520896512,92480360448,48.7,1442.2,111,4109.6
12241133481630,118.450078688,7619522560,16617287680,8370196480,92631060480,53.1,1559.9,111,4109.6
12241183486364,118.500083422,8072519680,17003171840,8751362048,92249894912,45.9,1360.0,111,4109.6
12241233479295,118.550076353,7662288896,16751505408,8751620096,92249636864,43.0,1280.8,111,4109.6
12241283485892,118.60008295,8072519680,17003171840,9037742080,91963514880,47.8,1399.1,111,4109.6
12241333478954,118.650076012,7701929984,16751505408,8666411008,92334845952,41.2,1220.6,111,4109.6
12241383510929,118.700107987,8072519680,17003171840,8868306944,92132950016,45.1,1333.2,111,4109.6
12241433545979,118.750143037,7619522560,16550174720,8479109120,92522147840,40.6,1172.9,111,4109.6
12241483479398,118.800076456,7614259200,16583729152,8525815808,92475441152,50.6,1497.4,111,4109.6
12241533486536,118.850083594,7993237504,17003171840,8786702336,92214554624,52.5,1558.1,111,3709.7
12241583489737,118.900086795,7820853248,16801841152,8638713856,92362543104,38.9,1138.3,111,3709.7
12241633491615,118.950088673,7950880768,17003171840,8605937664,92395319296,47.8,1362.3,111,3709.7
12241683498362,119.00009542,7820857344,16751505408,8702447616,92298809344,44.8,1235.8,111,3709.7
12241733480674,119.050077732,7913959424,17003171840,8758444032,92242812928,48.1,1326.8,111,3709.7
12241783482782,119.10007984,7820857344,16751505408,8815587328,92185669632,40.1,1137.6,111,3709.7
12241833480733,119.150077791,7714111488,16684400640,8842682368,92158574592,49.1,1421.1,111,3709.7
12241883481469,119.200078527,7714115584,16684400640,8771272704,92229984256,54.7,1557.0,111,3709.7
12241933490540,119.250087598,8072527872,17003171840,8753971200,92247285760,49.1,1402.2,111,3709.7
12241983481708,119.300078766,7820861440,16751505408,8532566016,92468690944,42.4,1179.7,111,3709.7
12242033485260,119.350082318,8072527872,17003171840,8615587840,92385669120,45.7,1259.5,111,3709.7
12242083496896,119.400093954,7820861440,16751505408,8582557696,92418699264,44.3,1295.9,111,3685.6
12242133491941,119.450088999,8072527872,17003171840,8536883200,92464373760,44.8,1258.2,111,3685.6
12242183472159,119.500069217,7741579264,16751505408,8378073088,92623183872,44.3,1208.8,111,3685.6
12242233477343,119.550074401,7602884608,16533397504,8114864128,92886392832,50.6,1454.3,111,3685.6
12242283491093,119.600088151,8046653440,17003171840,8507408384,92493848576,54.7,1541.4,111,3685.6
12242333479075,119.650076133,7952977920,17003171840,8576548864,92424708096,46.2,1341.8,111,3685.6
12242384036759,119.700633817,8072294400,17003171840,8588685312,92412571648,45.3,1265.2,111,3685.6
12242433482000,119.750079058,8032886784,17003171840,8523460608,92477796352,42.0,1213.5,111,3685.6
12242483480231,119.800077289,8003313664,17003171840,8661934080,92339322880,48.4,1401.0,111,3685.6
12242533483351,119.850080409,8024281088,17003171840,8614510592,92386746368,41.5,1159.1,111,3685.6
12242583489698,119.900086756,7753756672,16684400640,8582254592,92419002368,45.1,1279.9,111,3685.6
12242633483080,119.950080138,7714115584,16684400640,8689692672,92311564288,54.1,1541.6,111,3848.9
12242683489787,120.000086845,8072531968,17003171840,8917549056,92083707904,50.9,1419.2,111,3848.9
12242733473190,120.050070248,7797788672,16751505408,8685707264,92315549696,43.4,1161.1,111,3848.9
12242783485468,120.100082526,8072531968,17003171840,8748154880,92253102080,43.4,1239.0,111,3848.9
12242833486063,120.150083121,7820865536,16751505408,8739717120,92261539840,43.4,1219.3,111,3848.9
12242883486398,120.200083456,8072531968,17003171840,9020751872,91980505088,48.8,1398.2,111,3848.9
12242933480382,120.25007744,7820865536,16751505408,9020751872,91980505088,41.0,1143.4,111,3848.9
12242983481047,120.300078105,7653089280,16583729152,8973262848,92027994112,50.0,1459.3,111,3848.9
12243033478166,120.350075224,7622189056,16619941888,8934297600,92066959360,53.1,1541.5,111,3848.9
12243083491446,120.400088504,8075186176,17005826048,9175830528,91825426432,50.3,1414.1,111,3848.9
12243133621665,120.450218723,7847788544,16804495360,9159344128,91841912832,46.5,1319.7,111,4042.7
12243183522874,120.500119932,8075186176,17005826048,9188757504,91812499456,46.3,1290.4,111,4042.7
12243233484867,120.550081925,7672025088,16603164672,8735150080,92266106880,40.3,1129.5,111,4042.7
12243283491444,120.600088502,8075190272,17005826048,8936427520,92064829440,48.4,1300.5,111,4042.7
12243333497650,120.650094708,7720763392,16687054848,8582615040,92418641920,39.2,1140.0,111,4042.7
12243383488006,120.700085064,7673901056,16619941888,8626126848,92375130112,52.2,1538.4,111,4042.7
12243433480647,120.750077705,7916625920,17005826048,8715894784,92285362176,51.0,1445.5,111,4042.7
12243483495800,120.800092858,7823523840,16754159616,8831500288,92169756672,45.1,1252.3,111,4042.7
12243533509630,120.850106688,8075190272,17005826048,9135886336,91865370624,51.6,1444.8,111,4042.7
12243583483936,120.900080994,7823523840,16754159616,8874483712,92126773248,42.9,1241.7,111,4042.7
12243633535518,120.950132576,8075190272,17005826048,9193426944,91807830016,50.0,1414.5,111,4042.7
12243683495086,121.000092144,7737479168,16687054848,8990883840,92010373120,49.7,1282.1,111,4044.9
12243733487125,121.050084183,7756423168,16687054848,8852283392,92148973568,56.3,1541.9,111,4044.9
12243783486950,121.100084008,8075194368,17005826048,8920498176,92080758784,50.3,1458.6,111,4044.9
12243833496953,121.150094011,7823527936,16754159616,8679997440,92321259520,42.1,1239.7,111,4044.9
12243883491266,121.200088324,8075194368,17005826048,8691068928,92310188032,43.5,1280.3,111,4044.9
12243933496771,121.250093829,7823527936,16754159616,8427859968,92573396992,41.0,1158.0,111,4044.9
12243983498078,121.300095136,8075194368,17005826048,8478953472,92522303488,44.1,1262.6,111,4044.9
12244033484457,121.350081515,7783890944,16754159616,8197410816,92803846144,40.1,1182.3,111,4044.9
12244083479782,121.40007684,7624650752,16566951936,7931875328,93069381632,46.6,1379.1,111,4044.9
12244133502329,121.450099387,7966699520,17005826048,8113025024,92888231936,53.1,1594.4,111,4044.9
12244183491433,121.500088491,8035557376,17005826048,8127217664,92874039296,40.8,1204.8,111,4044.9
12244233501296,121.550098354,8054562816,17005826048,7974195200,93027061760,41.4,1178.1,111,3904.5
12244283479029,121.600076087,7995916288,17005826048,7936696320,93064560640,40.0,1222.9,111,3904.5
12244333483181,121.650080239,8071094272,17005826048,7814123520,93187133440,41.5,1199.7,111,3904.5
12244383485700,121.700082758,8070991872,17005826048,7789031424,93212225536,40.5,1176.2,111,3904.5
12244433486556,121.750083614,7756427264,16687054848,7451037696,93550219264,40.6,1141.6,111,3904.5
12244483485528,121.800082586,7689314304,16687054848,7389880320,93611376640,51.0,1561.6,111,3904.5
12244533479050,121.850076108,7876993024,17005826048,7584190464,93417066496,46.9,1399.7,111,3904.5
12244583508380,121.900105438,7823532032,16754159616,7504363520,93496893440,39.4,1134.4,111,3904.5
12244633476885,121.950073943,7916634112,17005826048,7598292992,93402963968,44.9,1289.9,111,3904.5
12244683500203,122.000097261,7834226688,16804495360,7520362496,93480894464,39.8,1095.8,111,3904.5
12244733477154,122.050074212,7956275200,17005826048,7616335872,93384921088,49.4,1344.2,111,3904.5
12244783474583,122.100071641,7863377920,16804495360,7529115648,93472141312,36.9,1058.6,111,3428.9
12244833479437,122.150076495,7756427264,16687054848,7416053760,93585203200,42.4,1260.7,111,3428.9
12244883478479,122.200075537,7756435456,16687054848,7385812992,93615443968,53.1,1557.6,111,3428.9
12244933489935,122.250086993,8075206656,17005826048,7853453312,93147803648,50.0,1479.8,111,3428.9
12244983475713,122.300072771,7783899136,16754159616,7612006400,93389250560,41.4,1222.7,111,3428.9
12245033480035,122.350077093,8075206656,17005826048,8013787136,92987469824,46.5,1378.2,111,3428.9
12245083507381,122.400104439,7764783104,16804495360,7675228160,93326028800,40.4,1194.5,111,3428.9
12245133484041,122.450081099,8075206656,17005826048,7875141632,93126115328,43.7,1247.2,111,3428.9
12245183485569,122.500082627,7756435456,16687054848,7819399168,93181857792,44.7,1339.9,111,3428.9
12245233484842,122.5500819,7756435456,16687054848,7700258816,93300998144,52.1,1574.5,111,3428.9
12245283522937,122.600119995,8075206656,17005826048,7802961920,93198295040,47.8,1398.4,111,3720.5
12245333495260,122.650092318,7823540224,16754159616,7574175744,93427081216,37.1,1059.5,111,3720.5
12245383488401,122.700085459,7979237376,17005826048,7786545152,93214711808,44.4,1302.5,111,3720.5
12245433496080,122.750093138,7823540224,16754159616,7874797568,93126459392,43.7,1240.8,111,3720.5
12245483550196,122.800147254,8075206656,17005826048,8267030528,92734226432,46.6,1398.8,111,3720.5
12245533475830,122.850072888,7729160192,16754159616,8160194560,92841062400,41.8,1203.9,111,3720.5
12245583527351,122.900124409,7602909184,16533397504,8297218048,92704038912,49.7,1506.8,111,3720.5
12245633542845,122.950139903,8037171200,17005826048,8823119872,92178137088,53.1,1545.1,111,3720.5
12245683488026,123.000085084,7823540224,16754159616,8654336000,92346920960,46.2,1243.6,111,3720.5
12245733540890,123.050137948,8075206656,17005826048,8685744128,92315512832,47.2,1318.7,111,3720.5
12245783489687,123.100086745,7823540224,16754159616,8445759488,92555497472,42.1,1223.2,111,3720.5
12245833487928,123.150084986,8075206656,17005826048,8806232064,92195024896,48.8,1396.4,111,3828.4
12245883486309,123.200083367,7744262144,16754159616,8536350720,92464906240,42.0,1182.8,111,3828.4
12245933496543,123.250093601,7613513728,16552828928,8568360960,92432896000,51.9,1513.9,111,3828.4
12245983485336,123.300082394,7955664896,17005826048,8705384448,92295872512,53.5,1526.0,111,3828.4
12246033484779,123.350081837,7823544320,16754159616,8602165248,92399091712,41.2,1158.0,111,3828.4
12246083480465,123.400077523,7877005312,17005826048,8563195904,92438061056,44.9,1303.6,111,3828.4
12246133497261,123.450094319,7823544320,16754159616,8544669696,92456587264,41.4,1153.4,111,3828.4
12246183499930,123.500096988,7895990272,17005826048,8513097728,92488159232,45.6,1300.6,111,3828.4
12246233490607,123.550087665,7823544320,16754159616,8386621440,92614635520,43.1,1202.1,111,3828.4
12246283477316,123.600074374,7689326592,16619941888,8196956160,92804300800,48.1,1361.5,111,3828.4
12246333533717,123.650130775,7689326592,16619941888,8084963328,92916293632,53.8,1599.5,111,3840.3
12246383489357,123.700086415,8075214848,17005826048,8268435456,92732821504,61.0,1320.0,111,3840.3
12246433492007,123.750089065,7823552512,16754159616,8041086976,92960169984,58.6,1001.5,111,3840.3
12246483481972,123.80007903,7907438592,17005826048,7990353920,93010903040,48.7,1201.2,111,3840.3
12246533478660,123.850075718,7956295680,17005826048,7998447616,93002809344,40.5,1140.2,111,3840.3
12246583504713,123.900101771,8071876608,17005826048,7920644096,93080612864,42.2,1157.1,111,3840.3
12246633484179,123.950081237,7995936768,17005826048,7828779008,93172477952,43.4,1202.4,111,3840.3
12246683484553,124.000081611,7756447744,16687054848,7482212352,93519044608,40.4,1114.3,111,3840.3
12246733480670,124.050077728,7718694912,16687054848,7394091008,93607165952,55.7,1508.1,111,3840.3
12246783480254,124.100077312,7916654592,17005826048,7499890688,93501366272,51.3,1498.7,111,3840.3
12246833480037,124.150077095,7842426880,16804495360,7380156416,93621100544,38.8,1101.0,111,3840.3
12246883485682,124.20008274,8074805248,17005826048,7428534272,93572722688,46.2,1257.2,111,3938.2
12246933482210,124.250079268,8035577856,17005826048,7368654848,93632602112,39.7,1161.3,111,3938.2
12246983491060,124.300088118,7833284608,16804495360,7095123968,93906132992,40.7,1156.6,111,3938.2
12247033494170,124.350091228,8075218944,17005826048,7294337024,93706919936,43.0,1221.0,111,3938.2
12247083486400,124.400083458,7687716864,16619941888,6878199808,94123057152,37.3,1002.2,111,3938.2
12247133487426,124.450084484,7602921472,16533397504,6765944832,94235312128,53.1,1565.0,111,3938.2
12247183481279,124.500078337,7995940864,17005826048,7353249792,93648007168,54.8,1555.7,111,3938.2
12247233508654,124.550105712,7823556608,16754159616,7495970816,93505286144,43.8,1252.5,111,3938.2
12247283492919,124.600089977,7895568384,17005826048,7859044352,93142212608,49.1,1378.1,111,3938.2
12247333499756,124.650096814,7823556608,16754159616,7988842496,93012414464,46.5,1286.5,111,3938.2
12247383488278,124.700085336,8075223040,17005826048,8326930432,92674326528,50.3,1438.1,111,3896.8
12247433483774,124.750080832,7823556608,16754159616,8129085440,92872171520,42.4,1164.1,111,3896.8
12247483492284,124.800089342,7653126144,16583729152,8222498816,92778758144,48.8,1399.0,111,3896.8
12247533487309,124.850084367,8035581952,17005826048,8484159488,92517097472,54.7,1597.2,111,3896.8
12247583475791,124.900072849,7865499648,16804495360,8389791744,92611465216,41.5,1143.5,111,3896.8
12247633476577,124.950073635,7956299776,17005826048,8477995008,92523261952,48.4,1361.4,111,3896.8
12247683506387,125.000103445,7823556608,16754159616,8568053760,92433203200,46.0,1249.7,111,3896.8
12247733482636,125.050079694,8075223040,17005826048,8874606592,92126650368,51.6,1410.4,111,3896.8
12247783482149,125.100079207,7745953792,16754159616,8636170240,92365086720,43.4,1219.9,111,3896.8
12247833507501,125.150104559,7631093760,16619941888,8667361280,92333895680,53.4,1594.0,111,3896.8
12247883482638,125.200079696,7877021696,17005826048,8814415872,92186841088,52.2,1505.2,111,3896.8
12247933498352,125.25009541,7823560704,16754159616,8881250304,92120006656,45.0,1296.9,111,3527.7
12247983508575,125.300105633,8075227136,17005826048,9114009600,91887247360,47.4,1440.5,111,3527.7
12248033482300,125.350079358,7823564800,16754159616,9113550848,91887706112,43.3,1262.9,111,3527.7
12248083505728,125.400102786,8075231232,17005826048,9234432000,91766824960,46.9,1378.0,111,3527.7
12248133482769,125.450079827,7689347072,16619941888,9037025280,91964231680,44.6,1318.0,111,3527.7
12248183490928,125.500087986,7756169216,16687054848,8909807616,92091449344,52.8,1521.7,111,3527.7
12248233484771,125.550081829,8075231232,17005826048,8885964800,92115292160,50.0,1460.8,111,3527.7
12248283492079,125.600089137,7823564800,16754159616,8678248448,92323008512,40.9,1220.2,111,3527.7
12248333488756,125.650085814,8075231232,17005826048,8752508928,92248748032,45.9,1379.7,111,3527.7
12248383480024,125.700077082,7823564800,16754159616,8752680960,92248576000,42.0,1222.4,111,3527.7
12248433487913,125.750084971,8075231232,17005826048,8990343168,92010913792,46.3,1376.3,111,3527.7
12248483522642,125.8001197,7689256960,16619941888,8971878400,92029378560,44.4,1336.2,111,3814.9
12248533530682,125.85012774,7613153280,16552828928,8763375616,92237881344,51.9,1521.9,111,3814.9
12248583479409,125.900076467,7916666880,17005826048,8760020992,92241235968,50.6,1527.9,111,3814.9
12248633493960,125.950091018,7823564800,16754159616,8799735808,92201521152,43.2,1196.8,111,3814.9
12248683491359,126.000088417,7938949120,17005826048,8707346432,92293910528,45.3,1277.9,111,3814.9
12248733487877,126.050084935,7823564800,16754159616,8569806848,92431450112,44.4,1141.7,111,3814.9
12248783486819,126.100083877,7873900544,16804495360,8671965184,92329291776,43.7,1313.8,111,3814.9
12248833507422,126.15010448,7823564800,16754159616,8741380096,92259876864,44.0,1304.8,111,3814.9
12248883482529,126.200079587,7653134336,16583729152,8508362752,92492894208,47.2,1382.7,111,3814.9
12248933494976,126.250092034,7817621504,16804495360,8298954752,92702302208,53.1,1594.0,111,3814.9
12248983488017,126.300085075,8026984448,17005826048,8316243968,92685012992,44.7,1282.9,111,3814.9
12249033493561,126.350090619,8063647744,17005826048,8211869696,92789387264,44.0,1316.4,111,4189.5
12249083485951,126.400083009,7956312064,17005826048,8185405440,92815851520,43.4,1243.4,111,4189.5
12249133487288,126.450084346,8056602624,17005826048,8232239104,92769017856,40.9,1240.3,111,4189.5
12249183479948,126.500077006,8075235328,17005826048,8227336192,92773920768,40.1,1183.0,111,4189.5
12249233491002,126.55008806,7756464128,16687054848,8191123456,92810133504,42.5,1275.3,111,4189.5
12249283489083,126.600086141,7756464128,16687054848,8130740224,92870516736,51.6,1538.3,111,4189.5
12249333484218,126.650081276,8075235328,17005826048,8330985472,92670271488,50.9,1443.5,111,4189.5
12249383479743,126.700076801,7823568896,16754159616,8198606848,92802650112,42.0,1263.0,111,4189.5
12249433489496,126.750086554,8075235328,17005826048,8158613504,92842643456,42.0,1214.2,111,4189.5
12249483488878,126.800085936,7823568896,16754159616,8158965760,92842291200,41.8,1221.4,111,4189.5
12249533488211,126.850085269,8075235328,17005826048,8279474176,92721782784,44.7,1281.3,111,4189.5
12249583479749,126.900076807,7783931904,16754159616,8072941568,92928315392,39.2,1182.7,111,3719.3
12249633474854,126.950071912,7620026368,16566951936,7978237952,93023019008,48.1,1398.3,111,3719.3
12249683492350,127.000089408,7994388480,17005826048,8340795392,92660461568,55.0,1585.0,111,3719.3
12249733495891,127.050092949,7995957248,17005826048,8304381952,92696875008,45.9,1230.9,111,3719.3
12249783485926,127.100082984,8071036928,17005826048,8520601600,92480655360,44.4,1299.6,111,3719.3
12249833494446,127.150091504,8075227136,17005826048,8573100032,92428156928,41.9,1140.5,111,3719.3
12249883490192,127.20008725,8052162560,17005826048,8571977728,92429279232,46.8,1320.5,111,3719.3
12249933498632,127.25009569,7834267648,16804495360,8391577600,92609679360,40.9,1198.6,111,3719.3
12249983547778,127.300144836,7689355264,16619941888,8159592448,92841664512,49.1,1398.5,111,3719.3
12250033490785,127.350087843,7649714176,16619941888,8005779456,92995477504,54.4,1522.4,111,3719.3
12250083499735,127.400096793,8075239424,17005826048,8188477440,92812779520,46.3,1357.8,111,3598.0
12250133495692,127.45009275,7665012736,16754159616,7813910528,93187346432,41.4,1159.1,111,3598.0
12250183493842,127.5000909,8075243520,17005826048,8024965120,92976291840,44.7,1242.6,111,3598.0
12250233481853,127.550078911,7704653824,16754159616,7676657664,93324599296,42.3,1242.8,111,3598.0
12250283482438,127.600079496,8075243520,17005826048,7860129792,93141127168,43.4,1198.4,111,3598.0
12250333488133,127.650085191,7672578048,16754159616,7499378688,93501878272,40.3,1159.8,111,3598.0
12250383488347,127.700085405,7651672064,16583729152,7345840128,93655416832,50.3,1438.6,111,3598.0
12250433499933,127.750096991,7965696000,17005826048,7606685696,93394571264,54.4,1573.1,111,3598.0
12250483485870,127.800082928,8075247616,17005826048,7671713792,93329543168,43.0,1206.3,111,3598.0
12250533480965,127.850078023,7625375744,16754159616,7251476480,93749780480,35.7,1001.7,111,3598.0
12250583518820,127.900115878,8075247616,17005826048,7533264896,93467992064,46.3,1311.9,111,3522.8
12250633493516,127.950090574,7823581184,16754159616,7292821504,93708435456,34.8,964.8,111,3522.8
12250683485805,128.000082863,8075247616,17005826048,7473909760,93527347200,44.5,1218.2,111,3522.8
12250733682720,128.050279778,7823581184,16754159616,7230562304,93770694656,42.1,1116.6,111,3522.8
12250783487376,128.100084434,7689363456,16619941888,7091384320,93909872640,46.3,1284.9,111,3522.8
12250833483723,128.150080781,7716835328,16687054848,7136800768,93864456192,52.9,1561.3,111,3522.8
12250883481933,128.200078991,8075247616,17005826048,7386812416,93614444544,49.1,1380.6,111,3522.8
12250933488980,128.250086038,7823581184,16754159616,7251853312,93749403648,44.1,1218.7,111,3522.8
12250983483905,128.300080963,8075247616,17005826048,7471079424,93530177536,42.0,1181.3,111,3522.8
12251033486684,128.350083742,7823581184,16754159616,7232643072,93768613888,42.9,1218.9,111,3522.8
12251083488281,128.400085339,8075247616,17005826048,7764381696,93236875264,47.2,1377.9,111,3522.8
12251133480169,128.450077227,7668387840,16754159616,7765139456,93236117504,44.6,1263.8,111,3800.0
12251183482688,128.500079746,7689560064,16687054848,7898550272,93102706688,53.8,1574.6,111,3800.0
12251233483934,128.550080992,7877050368,17005826048,8235769856,92765487104,52.2,1505.4,111,3800.0
12251283491903,128.600088961,7823589376,16754159616,8349569024,92651687936,43.5,1234.2,111,3800.0
12251333478070,128.650075128,8074919936,17005826048,8676057088,92325199872,50.0,1425.9,111,3800.0
12251383490127,128.700087185,7823589376,16754159616,8676560896,92324696064,44.4,1291.4,111,3800.0
12251433490722,128.75008778,8075255808,17005826048,9062342656,91938914304,51.6,1485.9,111,3800.0
12251483483001,128.800080059,7823589376,16754159616,8946737152,92054519808,39.2,1140.5,111,3800.0
12251533482374,128.850079432,7653158912,16583729152,8990347264,92010909696,52.2,1482.3,111,3800.0
12251583492647,128.900089705,8061464576,17005826048,9106726912,91894530048,55.8,1578.4,111,3800.0
12251633486889,128.950083947,7987163136,17005826048,9149140992,91852115968,47.5,1260.2,111,3867.6
12251683488677,129.000085735,8056373248,17005826048,9220096000,91781160960,46.5,1279.2,111,3867.6
12251733480535,129.050077593,8075255808,17005826048,9180098560,91821158400,42.1,1182.8,111,3867.6
12251783496659,129.100093717,7944622080,17005826048,8953864192,92047392768,45.1,1254.2,111,3867.6
12251833487936,129.150084994,8075255808,17005826048,8969863168,92031393792,42.7,1224.8,111,3867.6
12251883516143,129.200113201,7756484608,16687054848,8936083456,92065173504,46.6,1375.4,111,3867.6
12251933491190,129.250088248,7756484608,16687054848,8900022272,92101234688,52.2,1524.3,111,3867.6
12251983497385,129.300094443,8075255808,17005826048,9007886336,91993370624,47.5,1436.5,111,3867.6
12252033488893,129.350085951,7783948288,16754159616,8738484224,92262772736,40.8,1182.8,111,3867.6
12252083486202,129.40008326,8075255808,17005826048,8850735104,92150521856,43.9,1340.5,111,3867.6
12252133481457,129.450078515,7794221056,16754159616,8608501760,92392755200,40.0,1140.9,111,3867.6
12252183510545,129.500107603,8075255808,17005826048,8594296832,92406960128,44.4,1334.4,111,3622.9
12252233479340,129.550076398,7704670208,16754159616,8536367104,92464889856,42.0,1245.2,111,3622.9
12252283483221,129.600080279,7602962432,16533397504,8328097792,92673159168,49.7,1455.7,111,3622.9
12252333476612,129.65007367,8031211520,17005826048,8574144512,92427112448,51.9,1525.4,111,3622.9
12252383480894,129.700077952,8006041600,17005826048,8674562048,92326694912,39.0,1179.8,111,3622.9
12252433490155,129.750087213,8034729984,17005826048,8826294272,92174962688,45.0,1333.6,111,3622.9
12252483477195,129.800074253,7894892544,17005826048,8763072512,92238184448,42.7,1267.4,111,3622.9
12252533498659,129.850095717,8073961472,17005826048,8634519552,92366737408,45.3,1277.1,111,3622.9
12252583489615,129.900086673,8045887488,17005826048,8556142592,92445114368,40.3,1180.3,111,3622.9
12252633501020,129.950098078,7718604800,16687054848,8115798016,92885458944,41.3,1216.3,111,3622.9
12252683526402,130.00012346,7622262784,16552828928,7944212480,93057044480,52.5,1510.1,111,3773.7
12252733510856,130.050107914,8054288384,17005826048,8159526912,92841730048,53.8,1514.0,111,3773.7
12252783481515,130.100078573,8075268096,17005826048,8080900096,92920356864,39.8,1161.2,111,3773.7
12252833497749,130.150094807,7665037312,16754159616,7716319232,93284937728,36.9,1096.7,111,3773.7
12252883489818,130.200086876,8075268096,17005826048,7872196608,93129060352,43.7,1262.4,111,3773.7
12252933489170,130.250086228,7823601664,16754159616,7636795392,93364461568,37.7,1094.2,111,3773.7
12252983493612,130.30009067,7948480512,17005826048,7613976576,93387280384,41.2,1200.2,111,3773.7
12253033487734,130.350084792,7823601664,16754159616,7466876928,93534380032,36.7,1083.5,111,3773.7
12253083477369,130.400074427,7722934272,16687054848,7382421504,93618835456,44.9,1304.7,111,3773.7
12253133499454,130.450096512,7756496896,16687054848,7275589632,93725667328,52.2,1557.0,111,3773.7
12253183482566,130.500079624,8075268096,17005826048,7426289664,93574967296,46.2,1359.4,111,3773.7
12253233496385,130.550093443,7823601664,16754159616,7245139968,93756116992,40.7,1217.4,111,3636.2
12253283487572,130.60008463,8075268096,17005826048,7654858752,93346398208,46.2,1322.1,111,3636.2
12253333489690,130.650086748,7823601664,16754159616,7447388160,93553868800,38.5,1118.6,111,3636.2
12253383502337,130.700099395,7913713664,17005826048,7450742784,93550514176,41.5,1239.7,111,3636.2
12253433481943,130.750079001,7886516224,17005826048,7507668992,93493587968,39.6,1183.6,111,3636.2
12253483477137,130.800074195,7741812736,16687054848,7265619968,93735636992,40.8,1180.4,111,3636.2
12253533484515,130.850081573,7756500992,16687054848,7180206080,93821050880,52.5,1580.5,111,3636.2
12253583481683,130.900078741,8075272192,17005826048,7630036992,93371219968,49.7,1499.3,111,3636.2
12253633475435,130.950072493,7823605760,16754159616,7569137664,93432119296,42.1,1202.0,111,3636.2
12253683503261,131.000100319,8075272192,17005826048,7726280704,93274976256,44.4,1213.0,111,3636.2
12253733500399,131.050097457,7823605760,16754159616,7501373440,93499883520,41.1,1078.1,111,3873.1
12253783493660,131.100090718,8075272192,17005826048,7929221120,93072035840,48.4,1424.3,111,3873.1
12253833477493,131.150074551,7783964672,16754159616,7904645120,93096611840,43.0,1203.1,111,3873.1
12253883477917,131.200074975,7613534208,16583729152,7785426944,93215830016,52.8,1520.4,111,3873.1
12253933481227,131.250078285,7911686144,17005826048,8102051840,92899205120,54.4,1579.8,111,3873.1
12253983503442,131.3001005,7823605760,16754159616,8242061312,92759195648,43.1,1215.5,111,3873.1
12254033486624,131.350083682,8075272192,17005826048,8520482816,92480774144,50.9,1443.0,111,3873.1
12254083492769,131.400089827,7823605760,16754159616,8404475904,92596781056,44.4,1257.8,111,3873.1
12254133485359,131.450082417,8075272192,17005826048,8732454912,92268802048,48.1,1384.4,111,3873.1
12254183485182,131.50008224,7693574144,16754159616,8732700672,92268556288,47.5,1299.5,111,3873.1
12254233493722,131.55009078,7602974720,16533397504,8482394112,92518862848,51.9,1536.2,111,3873.1
12254283492012,131.60008907,7995994112,17005826048,8697073664,92304183296,54.7,1522.8,111,3861.1
12254333481736,131.650078794,8035639296,17005826048,8643297280,92357959680,38.5,1142.1,111,3861.1
12254383489835,131.700086893,7989858304,17005826048,8518680576,92482576384,46.6,1314.1,111,3861.1
12254433487054,131.750084112,8075280384,17005826048,8643022848,92358234112,46.2,1263.8,111,3861.1
12254483494882,131.80009194,7712141312,16804495360,8325758976,92675497984,39.6,1158.2,111,3861.1
12254533489315,131.850086373,8075280384,17005826048,8438267904,92562989056,45.3,1299.8,111,3861.1
12254583576162,131.90017322,7622283264,16552828928,7996071936,93005185024,36.2,1034.0,111,3861.1
12254633478972,131.95007603,7612268544,16583729152,7843049472,93158207488,54.8,1512.8,111,3861.1
12254683494876,132.000091934,8075272192,17005826048,7998652416,93002604544,55.3,1557.7,111,3861.1
12254733484299,132.050081357,8075280384,17005826048,7987351552,93013905408,41.7,1161.2,111,3861.1
12254783485104,132.100082162,7868633088,16804495360,7720517632,93280739328,41.2,1159.7,111,3861.1
12254833486941,132.150083999,8075280384,17005826048,7833542656,93167714304,45.6,1280.5,111,3498.8
12254883481755,132.200078813,7622283264,16552828928,7380295680,93620961280,36.6,1055.9,111,3498.8
12254933490395,132.250087453,8075280384,17005826048,7700791296,93300465664,45.6,1263.0,111,3498.8
12254983485359,132.300082417,7731331072,16754159616,7458758656,93542498304,38.6,1100.6,111,3498.8
12255033488178,132.350085236,7653183488,16583729152,7343140864,93658116096,49.4,1440.3,111,3498.8
12255083485566,132.400082624,7689396224,16619941888,7257985024,93743271936,51.9,1522.4,111,3498.8
12255133481161,132.450078219,8075280384,17005826048,7366107136,93635149824,46.5,1319.1,111,3498.8
12255183485232,132.50008229,7823613952,16754159616,7127928832,93873328128,41.4,1139.6,111,3498.8
12255233482390,132.550079448,8075280384,17005826048,7177576448,93823680512,41.8,1180.9,111,3498.8
12255283487063,132.600084121,7823613952,16754159616,6933176320,94068080640,41.2,1156.5,111,3498.8
12255333485503,132.650082561,8075280384,17005826048,7065681920,93935575040,41.1,1161.6,111,3498.8
12255383562281,132.700159339,7823613952,16754159616,6824169472,94177087488,36.0,1036.5,111,3793.7
12255433483316,132.750080374,7756513280,16687054848,6742315008,94258941952,44.7,1244.6,111,3793.7
12255483482698,132.800079756,7756513280,16687054848,6705930240,94295326720,53.5,1579.6,111,3793.7
12255533489324,132.850086382,8022589440,17005826048,6937399296,94063857664,45.9,1339.8,111,3793.7
12255583501180,132.900098238,7823618048,16754159616,6733393920,94267863040,38.8,1116.9,111,3793.7
12255633508247,132.950105305,8035643392,17005826048,6909747200,94091509760,45.6,1281.4,111,3793.7
12255683501808,133.000098866,8075284480,17005826048,6873145344,94128111616,40.6,1080.9,111,3793.7
12255733484469,133.050081527,7622287360,16552828928,6431895552,94569361408,39.2,1000.0,111,3793.7
12255783507435,133.100104493,8075284480,17005826048,6811217920,94190039040,45.3,1298.6,111,3793.7
12255833494364,133.150091422,7823618048,16754159616,6573334528,94427922432,35.6,999.8,111,3793.7
12255883485200,133.200082258,7626485760,16619941888,6504206336,94497050624,43.7,1283.1,111,3793.7
12255933481627,133.250078685,7668428800,16619941888,6585233408,94416023552,52.2,1562.1,111,3754.8
12255983521836,133.300118894,8075292672,17005826048,6925082624,94076174336,46.0,1357.2,111,3754.8
12256033483047,133.350080105,7744344064,16754159616,6617489408,94383767552,40.8,1181.6,111,3754.8
12256083486677,133.400083735,8075292672,17005826048,6866247680,94135009280,39.1,1140.3,111,3754.8
12256133481771,133.450078829,7823626240,16754159616,6865997824,94135259136,41.8,1219.8,111,3754.8
12256183490531,133.500087589,8075292672,17005826048,7225458688,93775798272,42.0,1237.7,111,3754.8
12256233513397,133.550110455,7823626240,16754159616,7225458688,93775798272,40.9,1176.9,111,3754.8
12256283706584,133.600303642,7622295552,16552828928,7089209344,93912047616,48.4,1434.8,111,3754.8
12256333482736,133.650079794,7649767424,16619941888,7075016704,93926240256,52.2,1553.3,111,3754.8
12256383501365,133.700098423,8075292672,17005826048,7367385088,93633871872,44.7,1336.8,111,3754.8
12256433499475,133.750096533,7625420800,16754159616,7097860096,93903396864,40.3,1180.3,111,3440.7
12256483500310,133.800097368,8075292672,17005826048,7507263488,93493993472,46.5,1378.2,111,3440.7
12256533488972,133.85008603,7704707072,16754159616,7347789824,93653467136,40.8,1206.0,111,3440.7
12256583495908,133.900092966,8075296768,17005826048,7470878720,93530378240,41.3,1253.0,111,3440.7
12256633482396,133.950079454,7672627200,16754159616,7397335040,93603921920,40.6,1205.5,111,3440.7
12256683514870,134.000111928,7602999296,16533397504,7390171136,93611085824,53.1,1494.0,111,3440.7
12256733481591,134.050078649,7996014592,17005826048,7872454656,93128802304,56.3,1544.3,111,3440.7
12256783484961,134.100082019,7877091328,17005826048,7661629440,93339627520,38.4,1161.7,111,3440.7
12256833483100,134.150080158,7956373504,17005826048,7853309952,93147947008,45.5,1378.7,111,3440.7
12256883480389,134.200077447,7834324992,16804495360,7883100160,93118156800,39.1,1119.4,111,3440.7
12256933478238,134.250075296,7996014592,17005826048,7870574592,93130682368,45.2,1342.1,111,3440.7
12256983472721,134.300069779,7852990464,16804495360,7904391168,93096865792,38.4,1140.8,111,3561.8
12257033518741,134.350115799,7689412608,16619941888,7760138240,93241118720,45.3,1275.7,111,3561.8
12257083486163,134.400083221,7624396800,16619941888,7917441024,93083815936,52.5,1580.4,111,3561.8
12257133492378,134.450089436,8075296768,17005826048,8197165056,92804091904,45.3,1320.8,111,3561.8
12257183489806,134.500086864,7716888576,16804495360,7868854272,93132402688,40.5,1238.8,111,3561.8
12257233492104,134.550089162,8075296768,17005826048,8051294208,92949962752,44.0,1298.3,111,3561.8
12257283488911,134.600085969,7830052864,16804495360,7829344256,93171912704,41.0,1162.2,111,3561.8
12257333481280,134.650078338,8075296768,17005826048,7998365696,93002891264,43.3,1302.9,111,3561.8
12257383488237,134.700085295,7756525568,16687054848,7900278784,93100978176,43.1,1278.2,111,3561.8
12257433488270,134.750085328,7756529664,16687054848,8128135168,92873121792,52.4,1557.5,111,3561.8
12257483512218,134.800109276,8075304960,17005826048,8406310912,92594946048,49.0,1437.8,111,3768.8
12257533483027,134.850080085,7744356352,16754159616,8373780480,92627476480,44.6,1284.3,111,3768.8
12257583489492,134.90008655,8075304960,17005826048,8667697152,92333559808,46.3,1378.1,111,3768.8
12257633481370,134.950078428,7868084224,16804495360,8692199424,92309057536,46.6,1340.7,111,3768.8
12257683480622,135.00007768,7996022784,17005826048,8721600512,92279656448,46.2,1341.4,111,3768.8
12257733481847,135.050078905,7756533760,16687054848,8385880064,92615376896,47.2,1280.5,111,3768.8
12257783476641,135.100073699,7720873984,16687054848,8285741056,92715515904,52.5,1560.8,111,3768.8
12257833489919,135.150086977,8075304960,17005826048,8487018496,92514238464,49.7,1452.5,111,3768.8
12257883473912,135.20007097,7783997440,16754159616,8212922368,92788334592,42.8,1166.5,111,3768.8
12257933492420,135.250089478,8075304960,17005826048,8217051136,92784205824,45.3,1316.1,111,3768.8
12257983478667,135.300075725,7762812928,16754159616,7937069056,93064187904,41.4,1162.5,111,3768.8
12258033492266,135.350089324,8075304960,17005826048,7993839616,93007417344,55.0,1278.1,111,3875.6
12258083474286,135.400071344,7823638528,16754159616,7753474048,93247782912,53.5,841.8,111,3875.6
12258135025027,135.451622085,7689420800,16619941888,7848792064,93152464896,57.8,1410.8,111,3875.6
12258183485383,135.500082441,7756533760,16687054848,7842340864,93158916096,53.6,1553.6,111,3875.6
12258233482120,135.550079178,8075304960,17005826048,8118079488,92883177472,51.6,1476.8,111,3875.6
12258283486872,135.60008393,7823638528,16754159616,8036020224,92965236736,43.8,1219.7,111,3875.6
12258333492386,135.650089444,8075304960,17005826048,8403972096,92597284864,48.4,1399.5,111,3875.6
12258383487670,135.700084728,7823638528,16754159616,8251592704,92749664256,40.3,1138.3,111,3875.6
12258433488816,135.750085874,8075304960,17005826048,8513585152,92487671808,50.9,1403.0,111,3875.6
12258483480493,135.800077551,7704715264,16754159616,8172527616,92828729344,43.3,1262.8,111,3875.6
12258533494423,135.850091481,7617761280,16587923456,7938478080,93062778880,50.3,1436.9,111,3941.5
12258583481602,135.90007866,7996026880,17005826048,8149549056,92851707904,54.7,1562.3,111,3941.5
12258633480533,135.950077591,7877103616,17005826048,8134164480,92867092480,44.3,1241.1,111,3941.5
12258683480526,136.000077584,8022872064,17005826048,8231956480,92769300480,49.4,1279.0,111,3941.5
12258733487001,136.050084059,7834337280,16804495360,8173522944,92827734016,44.4,1179.1,111,3941.5
12258783482226,136.100079284,7916744704,17005826048,8373063680,92628193280,49.1,1381.3,111,3941.5
12258833487529,136.150084587,7823642624,16754159616,8504918016,92496338944,45.9,1274.4,111,3941.5
12258883490898,136.200087956,7603015680,16537591808,8448647168,92552609792,53.1,1518.0,111,3941.5
12258933497814,136.250094872,8045821952,17005826048,8700915712,92300341248,55.1,1577.6,111,3941.5
12258983484122,136.30008118,7848808448,16804495360,8667770880,92333486080,43.9,1249.0,111,3941.5
12259033481149,136.350078207,7956389888,17005826048,8702349312,92298907648,49.7,1379.9,111,3941.5
12259083480070,136.400077128,7877107712,17005826048,8726605824,92274651136,42.2,1220.9,111,4000.6
12259133489531,136.450086589,7962746880,17005826048,8591892480,92409364480,45.3,1275.3,111,4000.6
12259183493913,136.500090971,7823646720,16754159616,8467681280,92533575680,43.0,1201.6,111,4000.6
12259233493215,136.550090273,7649787904,16619941888,8212729856,92788527104,48.4,1380.6,111,4000.6
12259283480634,136.600077692,7772794880,16804495360,8458354688,92542902272,55.0,1559.4,111,4000.6
12259333478834,136.650075892,8075317248,17005826048,8693436416,92307820544,47.5,1362.2,111,4000.6
12259383479879,136.700076937,7793340416,16804495360,8503906304,92497350656,38.7,1098.0,111,4000.6
12259433480914,136.750077972,8075317248,17005826048,8662302720,92338954240,45.2,1322.4,111,4000.6
12259483490455,136.800087513,7848980480,16804495360,8436727808,92564529152,41.5,1158.4,111,4000.6
12259533484778,136.850081836,8075317248,17005826048,8561704960,92439552000,44.7,1299.7,111,4000.6
12259583485272,136.90008233,7716061184,16687054848,8500441088,92500815872,44.3,1277.9,111,3943.4
12259633498560,136.950095618,7716904960,16687054848,8620691456,92380565504,53.2,1520.5,111,3943.4
12259683508742,137.0001058,7916756992,17005826048,8549986304,92451270656,51.6,1438.0,111,3943.4
12259733532349,137.050129407,7823654912,16754159616,8355934208,92645322752,43.8,1155.6,111,3943.4
12259783486897,137.100083955,7956398080,17005826048,8314785792,92686471168,48.1,1366.9,111,3943.4
12259833475699,137.150072757,7995617280,17005826048,8272203776,92729053184,40.4,1141.1,111,3943.4
12259883501591,137.200098649,7988854784,17005826048,8067899392,92933357568,41.9,1208.8,111,3943.4
12259933481586,137.250078644,8075321344,17005826048,8044666880,92956590080,41.4,1210.3,111,3943.4
12259983492660,137.300089718,7672856576,16619941888,7614906368,93386350592,36.4,1037.8,111,3943.4
12260033482103,137.350079161,7641669632,16587923456,7497494528,93503762432,51.6,1564.1,111,3943.4
12260083489170,137.400086228,8066359296,17005826048,7742382080,93258874880,52.5,1537.1,111,3930.0
12260133487670,137.450084728,7996039168,17005826048,7687454720,93313802240,40.9,1220.7,111,3930.0
12260183496299,137.500093357,7953174528,17005826048,7507234816,93494022144,41.0,1178.4,111,3930.0
12260233484911,137.550081969,8075321344,17005826048,7563231232,93438025728,41.1,1220.6,111,3930.0
12260283486607,137.600083665,7811080192,16804495360,7231897600,93769359360,39.1,1140.2,111,3930.0
12260333483264,137.650080322,8075321344,17005826048,7443238912,93558018048,42.4,1261.8,111,3930.0
12260383483547,137.700080605,7678562304,16619941888,7007457280,93993799680,34.8,999.5,111,3930.0
12260433475355,137.750072413,7606018048,16587923456,6889271296,94111985664,51.9,1561.8,111,3930.0
12260483480217,137.800077275,8062730240,17005826048,7213355008,93787901952,51.9,1558.4,111,3930.0
12260533477205,137.850074263,7996039168,17005826048,7113490432,93887766528,40.8,1200.0,111,3930.0
12260583481125,137.900078183,7810342912,16804495360,6818828288,94182428672,35.6,1058.8,111,3930.0
12260633488211,137.950085269,8075325440,17005826048,7034298368,93966958592,44.1,1239.4,111,3398.9
12260683490889,138.000087947,7656869888,16603164672,6637748224,94363508736,40.3,1137.3,111,3398.9
12260733486795,138.050083853,8075325440,17005826048,6915407872,94085849088,47.1,1262.9,111,3398.9
12260783477721,138.100074779,7704735744,16754159616,6672322560,94328934400,38.9,1143.9,111,3398.9
12260833482823,138.150079881,7603032064,16587923456,6839267328,94161989632,49.4,1455.2,111,3398.9
12260883483798,138.200080856,7945297920,17005826048,7311978496,93689278464,52.2,1562.8,111,3398.9
12260933479042,138.2500761,7996047360,17005826048,7397392384,93603864576,38.0,1080.2,111,3398.9
12260983512217,138.300109275,8075321344,17005826048,7555178496,93446078464,42.8,1238.4,111,3398.9
12261033494206,138.350091264,8075329536,17005826048,7601393664,93399863296,39.1,1139.8,111,3398.9
12261083496574,138.400093632,8044965888,17005826048,7847043072,93154213888,46.6,1368.8,111,3398.9
12261133476088,138.450073146,8075329536,17005826048,7774502912,93226754048,40.4,1213.3,111,3398.9
12261183489507,138.500086565,7756558336,16687054848,7619657728,93381599232,42.9,1294.3,111,3846.4
12261233490201,138.550087259,7743778816,16687054848,7400833024,93600423936,51.6,1501.5,111,3846.4
12261283477801,138.600074859,7877124096,17005826048,7296184320,93705072640,46.2,1402.6,111,3846.4
12261333474728,138.650071786,7834357760,16804495360,7203069952,93798187008,39.2,1160.9,111,3846.4
12261383475312,138.70007237,7980949504,17005826048,7210053632,93791203328,44.7,1301.1,111,3846.4
12261433480605,138.750077663,7916765184,17005826048,7122317312,93878939648,38.3,1119.1,111,3846.4
12261483479386,138.800076444,8001921024,17005826048,7313735680,93687521280,45.0,1278.1,111,3846.4
12261533475180,138.850072238,7996047360,17005826048,7242108928,93759148032,38.6,1141.5,111,3846.4
12261583481405,138.900078463,7756558336,16687054848,6978125824,94023131136,41.1,1158.2,111,3846.4
12261633487219,138.950084277,7756558336,16687054848,7188598784,93812658176,52.8,1576.6,111,3846.4
12261683491300,139.000088358,8075329536,17005826048,7479316480,93521940480,47.2,1301.7,111,3917.6
12261733486333,139.050083391,7823667200,16754159616,7384199168,93617057792,45.9,1261.6,111,3917.6
12261783485344,139.100082402,8075333632,17005826048,7495684096,93505572864,42.2,1238.2,111,3917.6
12261833495717,139.150092775,7823667200,16754159616,7479427072,93521829888,41.2,1193.9,111,3917.6
12261886843418,139.203440476,8036794368,17005826048,7522017280,93479239680,45.0,1240.2,111,3917.6
12261933494560,139.250091618,7877128192,17005826048,7523414016,93477842944,44.6,1244.7,111,3917.6
12261983485997,139.300083055,7756562432,16687054848,7291428864,93709828096,43.7,1242.9,111,3917.6
12262033484297,139.350081355,7756562432,16687054848,7360008192,93641248768,54.3,1558.8,111,3917.6
12262083488157,139.400085215,8075333632,17005826048,7498579968,93502676992,49.1,1399.7,111,3917.6
12262133587807,139.450184865,7823667200,16754159616,7283998720,93717258240,36.2,1034.9,111,3917.6
12262183484215,139.500081273,8010317824,17005826048,7321415680,93679841280,46.8,1328.9,111,3917.6
12262233477997,139.550075055,8010313728,17005826048,7265198080,93736058880,39.0,1101.2,111,3555.3
12262283503267,139.600100325,8043241472,17005826048,7435239424,93566017536,43.2,1249.5,111,3555.3
12262333480016,139.650077074,8075337728,17005826048,7437819904,93563437056,41.4,1190.2,111,3555.3
12262383483456,139.700080514,7756566528,16687054848,7300280320,93700976640,41.5,1177.9,111,3555.3
12262433484350,139.750081408,7756566528,16687054848,7168675840,93832581120,54.7,1558.9,111,3555.3
12262483484433,139.800081491,8075337728,17005826048,7340277760,93660979200,50.6,1439.5,111,3555.3
12262533511116,139.850108174,7823671296,16754159616,7301758976,93699497984,44.7,1299.8,111,3555.3
12262583484960,139.900082018,8075337728,17005826048,7546646528,93454610432,45.7,1261.2,111,3555.3
12262633484953,139.950082011,7823671296,16754159616,7546376192,93454880768,40.4,1140.9,111,3555.3
12262683508450,140.000105508,8075337728,17005826048,7891386368,93109870592,46.0,1333.2,111,3555.3
12262733496690,140.050093748,7823671296,16754159616,7655526400,93345730560,44.3,1163.8,111,3816.3
12262783589418,140.100186476,7657439232,16587923456,7688196096,93313060864,49.1,1455.5,111,3816.3
12262833485976,140.150083034,7869267968,16804495360,7957856256,93043400704,53.2,1528.0,111,3816.3
12262883485919,140.200082977,8075345920,17005826048,8086212608,92915044352,47.6,1297.5,111,3816.3
12262933479359,140.250076417,7634927616,16754159616,7682502656,93318754304,35.3,1042.1,111,3816.3
12262983488038,140.300085096,8075345920,17005826048,7863902208,93137354752,43.7,1276.8,111,3816.3
12263033483042,140.3500801,7699939328,16754159616,7717945344,93283311616,42.0,1202.5,111,3816.3
12263083531907,140.400128965,8075345920,17005826048,7931609088,93069647872,44.1,1253.8,111,3816.3
12263133481655,140.450078713,7746076672,16754159616,7729631232,93271625728,38.0,1046.0,111,3816.3
12263183486146,140.500083204,7657443328,16587923456,7799558144,93201698816,49.4,1437.4,111,3816.3
12263233494435,140.550091493,7902593024,17005826048,7962984448,93038272512,51.9,1552.8,111,3816.3
12263283497203,140.600094261,8075345920,17005826048,8187420672,92813836288,45.6,1304.2,111,3491.8
12263333480905,140.650077963,7625474048,16754159616,7783247872,93218009088,35.4,1022.2,111,3491.8
12263383485256,140.700082314,8075345920,17005826048,7982460928,93018796032,45.3,1259.0,111,3491.8
12263433529181,140.750126239,7622348800,16552828928,7982215168,93019041792,44.6,1280.2,111,3491.8
12263483494859,140.800091917,8075345920,17005826048,8214458368,92786798592,50.6,1417.1,111,3491.8
12263533477019,140.850074077,7639121920,16754159616,8173506560,92827750400,42.3,1205.5,111,3491.8
12263583478705,140.900075763,7606771712,16537591808,8069513216,92931743744,50.0,1447.9,111,3491.8
12263633491231,140.950088289,7743184896,16804495360,8088080384,92913176576,55.6,1544.4,111,3491.8
12263683496353,141.000093411,8075345920,17005826048,8305692672,92695564288,49.4,1321.4,111,3491.8
12263733474114,141.050071172,7737692160,16754159616,8117030912,92884226048,40.8,1063.8,111,3491.8
12263783491870,141.100088928,8075350016,17005826048,8404230144,92597026816,48.8,1355.4,111,3491.8
12263833493606,141.150090664,7671762944,16603164672,8077914112,92923342848,41.0,1181.8,111,3964.3
12263883494220,141.200091278,8075350016,17005826048,8328171520,92673085440,46.2,1357.9,111,3964.3
12263933485567,141.250082625,7719002112,16687054848,7990816768,93010440192,41.9,1181.2,111,3964.3
12263983485810,141.300082868,7716941824,16687054848,7921143808,93080113152,52.2,1563.0,111,3964.3
12264033477106,141.350074164,7877148672,17005826048,7866691584,93134565376,47.8,1401.7,111,3964.3
12264083491997,141.400089055,7823687680,16754159616,7837532160,93163724800,43.1,1215.5,111,3964.3
12264133493733,141.450090791,8075354112,17005826048,8066621440,92934635520,47.2,1378.7,111,3964.3
12264183495970,141.500093028,7823687680,16754159616,8050737152,92950519808,42.4,1239.6,111,3964.3
12264233500892,141.55009795,8075354112,17005826048,8196870144,92804386816,44.4,1319.4,111,3964.3
12264283480216,141.600077274,7744405504,16754159616,8046170112,92955086848,43.3,1245.7,111,3964.3
12264333479628,141.650076686,7617810432,16587923456,7802298368,93198958592,47.8,1418.8,111,3964.3
12264383496472,141.70009353,7652847616,16603164672,7877599232,93123657728,51.2,1552.8,111,4078.2
12264433506985,141.750104043,8075354112,17005826048,8212803584,92788453376,46.5,1384.2,111,4078.2
12264483488222,141.80008528,7813918720,16804495360,8115429376,92885827584,42.5,1219.8,111,4078.2
12264533480490,141.850077548,8075354112,17005826048,8333479936,92667777024,44.3,1303.4,111,4078.2
12264583472628,141.900069686,7625482240,16754159616,7925436416,93075820544,35.2,1062.1,111,4078.2
12264633486697,141.950083755,8075354112,17005826048,8118149120,92883107840,45.3,1254.7,111,4078.2
12264683480849,142.000077907,7743995904,16687054848,8042119168,92959137792,43.4,1219.8,111,4078.2
12264733475622,142.05007268,7604252672,16534724608,7997734912,93003522048,54.7,1559.1,111,4078.2
12264783484100,142.100081158,8068452352,17005826048,8238493696,92762763264,51.6,1523.2,111,4078.2
12264833472912,142.15006997,8075354112,17005826048,8204021760,92797235200,39.2,1202.9,111,4078.2
12264883492081,142.200089139,7934488576,17005826048,7989325824,93011931136,42.4,1192.4,111,4078.2
12264933482425,142.250079483,8035713024,17005826048,8005828608,92995428352,42.3,1225.1,111,3668.7
12264983492096,142.300089154,7814082560,16804495360,7671783424,93329473536,38.5,1137.2,111,3668.7
12265033480737,142.350077795,8075358208,17005826048,7782731776,93218525184,43.4,1264.4,111,3668.7
12265083482874,142.400079932,7752175616,16687054848,7606054912,93395202048,37.3,1078.7,111,3668.7
12265133487746,142.450084804,7605583872,16536051712,7460417536,93540839424,52.1,1574.6,111,3668.7
12265183479132,142.50007619,8035717120,17005826048,7706595328,93294661632,52.6,1546.4,111,3668.7
12265233483714,142.550080772,7956434944,17005826048,7701426176,93299830784,40.6,1180.1,111,3668.7
12265283603051,142.600200109,7991939072,17005826048,7748648960,93252608000,39.8,1188.0,111,3668.7
12265333484180,142.650081238,8075362304,17005826048,7855726592,93145530368,42.7,1251.7,111,3668.7
12265383474244,142.700071302,7685275648,16754159616,7847264256,93153992704,42.8,1262.1,111,3668.7
12265433497711,142.750094769,8075362304,17005826048,8025821184,92975435776,44.7,1314.4,111,3397.9
12265483472075,142.800069133,7622365184,16552828928,7893700608,93107556352,39.2,1123.9,111,3397.9
12265533622040,142.850219098,7622365184,16552828928,8005435392,92995821568,49.7,1476.4,111,3397.9
12265583530941,142.900127999,7672705024,16603164672,8099868672,92901388288,51.9,1545.2,111,3397.9
12265633501047,142.950098105,8075366400,17005826048,8300113920,92701143040,46.9,1332.2,111,3397.9
12265683483477,143.000080535,7874035712,16804495360,8354111488,92647145472,45.6,1299.2,111,3397.9
12265733518515,143.050115573,8075366400,17005826048,8512811008,92488445952,49.1,1320.1,111,3397.9
12265783497969,143.100095027,7699054592,16804495360,8103546880,92897710080,36.5,1081.8,111,3397.9
12265833501088,143.150098146,8075366400,17005826048,8270794752,92730462208,45.9,1301.3,111,3397.9
12265883482165,143.200079223,7756595200,16687054848,8080355328,92920901632,44.0,1260.4,111,3397.9
12265933485363,143.250082421,7756595200,16687054848,7917875200,93083381760,53.8,1578.2,111,3397.9
12265983488722,143.30008578,8075366400,17005826048,8078897152,92922359808,50.6,1458.7,111,4051.5
12266033490518,143.350087576,7823699968,16754159616,7906058240,93095198720,42.8,1199.6,111,4051.5
12266083484970,143.400082028,7917998080,17005826048,7800672256,93200584704,43.1,1221.2,111,4051.5
12266133505592,143.45010265,7823704064,16754159616,7657197568,93344059392,41.2,1159.3,111,4051.5
12266183481168,143.500078226,7987281920,17005826048,7833722880,93167534080,46.8,1324.9,111,4051.5
12266233483115,143.550080173,7823704064,16754159616,7801466880,93199790080,38.5,1053.9,111,4051.5
12266283487125,143.600084183,7689486336,16619941888,7793582080,93207674880,50.9,1442.6,111,4051.5
12266333482679,143.650079737,7689486336,16687054848,7713587200,93287669760,53.8,1543.4,111,4051.5
12266383485457,143.700082515,8075370496,17005826048,7959248896,93042008064,49.1,1398.3,111,4051.5
12266433483616,143.750080674,7823704064,16754159616,7721103360,93280153600,41.7,1182.1,111,4051.5
12266483488808,143.800085866,8075370496,17005826048,7811895296,93189361664,42.2,1178.1,111,3977.6
12266533487759,143.850084817,7823704064,16754159616,7470850048,93530406912,40.6,1179.1,111,3977.6
12266583486399,143.900083457,7967461376,17005826048,7429677056,93571579904,41.6,1179.8,111,3977.6
12266633488635,143.950085693,7834398720,16804495360,7293546496,93707710464,38.9,1061.8,111,3977.6
12266683481354,144.000078412,7756599296,16687054848,7171375104,93829881856,46.2,1301.6,111,3977.6
12266733484863,144.050081921,7756599296,16687054848,7112019968,93889236992,56.5,1557.8,111,3977.6
12266783485577,144.100082635,8052879360,17005826048,7333416960,93667840000,47.8,1360.2,111,3977.6
12266833496220,144.150093278,7823704064,16754159616,7103754240,93897502720,41.3,1197.0,111,3977.6
12266883483829,144.200080887,7945338880,17005826048,7102787584,93898469376,44.9,1265.3,111,3977.6
12266933476167,144.250073225,7897104384,17005826048,6990020608,94011236352,39.0,1100.5,111,3977.6
12266983488783,144.300085841,7979589632,17005826048,6963138560,94038118400,42.6,1230.6,111,3977.6
12267033487153,144.350084211,8075374592,17005826048,7004868608,93996388352,41.7,1146.8,111,3356.3
12267083480022,144.40007708,7625502720,16754159616,6599843840,94401413120,34.4,981.9,111,3356.3
12267133480846,144.450077904,7608168448,16587923456,6517010432,94484246528,50.3,1478.6,111,3356.3
12267183477322,144.50007438,7649853440,16619941888,6547718144,94453538816,53.4,1521.4,111,3356.3
12267233493765,144.550090823,8075378688,17005826048,6926274560,94074982400,45.7,1294.9,111,3356.3
12267283485873,144.600082931,7823712256,16754159616,6686986240,94314270720,41.4,1162.6,111,3356.3
12267333488220,144.650085278,8075378688,17005826048,6858330112,94142926848,40.4,1099.1,111,3356.3
12267383544087,144.700141145,7823712256,16754159616,6623506432,94377750528,39.8,1137.7,111,3356.3
12267433483235,144.750080293,7946723328,17005826048,6696017920,94305239040,41.3,1182.9,111,3356.3
12267483484009,144.800081067,7823712256,16754159616,6569672704,94431584256,39.5,1117.3,111,3356.3
12267533477680,144.850074738,7727239168,16687054848,6530170880,94471086080,45.2,1304.6,111,3356.3
12267583480748,144.900077806,7756607488,16687054848,6506684416,94494572544,54.7,1577.9,111,3857.3
12267633486090,144.950083148,8004612096,17005826048,6749249536,94252007424,47.2,1338.9,111,3857.3
12267683490762,145.00008782,7823712256,16754159616,6582157312,94419099648,41.2,1080.9,111,3857.3
12267733477840,145.050074898,8033427456,17005826048,6768926720,94232330240,46.8,1302.6,111,3857.3
12267783502989,145.100100047,8075378688,17005826048,6779228160,94222028800,39.5,1113.3,111,3857.3
12267833490318,145.150087376,7625203712,16603164672,6341734400,94659522560,55.9,982.8,111,3857.3
12267883493907,145.200090965,8075378688,17005826048,6763528192,94237728768,57.8,1259.6,111,3857.3
12267933480885,145.250077943,7622381568,16552828928,6763151360,94238105600,49.7,1212.9,111,3857.3
12267983483473,145.300080531,7753420800,16687054848,7087775744,93913481216,52.5,1550.9,111,3857.3
12268033480179,145.350077237,7877173248,17005826048,7134482432,93866774528,48.1,1444.4,111,3857.3
12268083487124,145.400084182,7823712256,16754159616,7017844736,93983412224,39.4,1117.7,111,3593.5
12268133499871,145.450096929,7916818432,17005826048,7051710464,93949546496,42.5,1258.2,111,3593.5
12268183495385,145.500092443,7834411008,16804495360,6925578240,94075678720,37.9,1100.5,111,3593.5
12268233485108,145.550082166,8058597376,17005826048,7016382464,93984874496,45.9,1321.2,111,3593.5
12268283481243,145.600078301,8075382784,17005826048,6988500992,94012755968,37.9,1101.0,111,3593.5
12268333476587,145.650073645,7689498624,16687054848,6588526592,94412730368,37.1,1080.3,111,3593.5
12268383480466,145.700077524,7681536000,16619941888,6547484672,94453772288,52.8,1537.8,111,3593.5
12268433479246,145.750076304,7996104704,17005826048,6873874432,94127382528,52.2,1582.4,111,3593.5
12268483483267,145.800080325,8027140096,17005826048,6902444032,94098812928,37.7,1098.6,111,3593.5
12268533489430,145.850086488,8061177856,17005826048,7074045952,93927211008,42.1,1259.9,111,3593.5
12268583482019,145.900079077,7834415104,16804495360,7216201728,93785055232,42.2,1240.8,111,3593.5
12268633484606,145.950081664,7935328256,17005826048,7470895104,93530361856,49.1,1374.9,111,3950.7
12268683486051,146.000083109,7823720448,16754159616,7322329088,93678927872,43.1,1201.8,111,3950.7
12268733483358,146.050080416,7689502720,16687054848,7141765120,93859491840,48.4,1300.6,111,3950.7
12268783485104,146.100082162,7702081536,16687054848,7068737536,93932519424,52.2,1560.4,111,3950.7
12268833497379,146.150094437,8075386880,17005826048,7475277824,93525979136,49.4,1495.4,111,3950.7
12268883483546,146.200080604,7784079360,16754159616,7186169856,93815087104,40.4,1121.8,111,3950.7
12268933483718,146.250080776,8075386880,17005826048,7423193088,93578063872,42.7,1244.0,111,3950.7
12268983486286,146.300083344,7823720448,16754159616,7423193088,93578063872,41.6,1237.4,111,3950.7
12269033497108,146.350094166,8075386880,17005826048,7784050688,93217206272,47.2,1397.5,111,3950.7
12269083631273,146.400228331,7622389760,16619941888,7587418112,93413838848,41.8,1219.9,111,3950.7
12269133479751,146.450076809,7617843200,16587923456,7508959232,93492297728,50.6,1526.5,111,3950.7
12269183506443,146.500103501,8063299584,17005826048,7871115264,93130141696,52.5,1571.5,111,3968.1
12269233487109,146.550084167,8035749888,17005826048,7791603712,93209653248,42.5,1204.2,111,3968.1
12269283503713,146.600100771,7918931968,17005826048,7572000768,93429256192,40.6,1216.5,111,3968.1
12269333504627,146.650101685,8075395072,17005826048,7624085504,93377171456,40.8,1224.6,111,3968.1
12269383488950,146.700086008,7842902016,16804495360,7657889792,93343367168,43.2,1257.2,111,3968.1
12269433478632,146.75007569,8075395072,17005826048,7898259456,93102997504,46.3,1324.4,111,3968.1
12269483480248,146.800077306,7756623872,16687054848,7974383616,93026873344,42.9,1256.2,111,3968.1
12269533481292,146.85007835,7756623872,16687054848,7912968192,93088288768,51.6,1543.3,111,3968.1
12269583492666,146.900089724,8075395072,17005826048,7997349888,93003907072,48.8,1436.2,111,3968.1
12269633477359,146.950074417,7823728640,16754159616,7908855808,93092401152,43.8,1225.0,111,3968.1
12269683481740,147.000078798,8075395072,17005826048,7876857856,93124399104,45.1,1237.8,111,3968.1
12269733482764,147.050079822,7823728640,16754159616,7813632000,93187624960,46.0,1220.5,111,3691.3
12269783486694,147.100083752,8075395072,17005826048,8020578304,92980678656,43.5,1278.4,111,3691.3
12269833473792,147.15007085,7689117696,16619941888,7910756352,93090500608,44.7,1261.4,111,3691.3
12269883477651,147.200074709,7680581632,16619941888,7840034816,93161222144,53.8,1562.0,111,3691.3
12269933482713,147.250079771,7922610176,17005826048,8140316672,92860940288,50.6,1457.7,111,3691.3
12269983496812,147.30009387,7823732736,16754159616,8066514944,92934742016,44.7,1255.5,111,3691.3
12270033479812,147.35007687,7877193728,17005826048,7967608832,93033648128,43.5,1226.9,111,3691.3
12270083499461,147.400096519,7877193728,17005826048,8011595776,92989661184,41.0,1173.2,111,3691.3
12270133477733,147.450074791,7996116992,17005826048,8147329024,92853927936,46.5,1286.7,111,3691.3
12270183477815,147.500074873,7956475904,17005826048,8305770496,92695486464,39.6,1138.8,111,3691.3
12270233477928,147.550074986,7716986880,16687054848,8079720448,92921536512,46.9,1320.8,111,3691.3
12270283513797,147.600110855,7716990976,16687054848,8007708672,92993548288,54.3,1537.3,111,3878.3
12270333488252,147.65008531,8075403264,17005826048,8139829248,92861427712,49.1,1439.7,111,3878.3
12270383481361,147.700078419,7823736832,16754159616,7897767936,93103489024,42.1,1183.0,111,3878.3
12270433490320,147.750087378,8075403264,17005826048,7950385152,93050871808,43.8,1234.5,111,3878.3
12270483488789,147.800085847,7823736832,16754159616,7708827648,93292429312,40.4,1123.5,111,3878.3
12270533493140,147.850090198,8075403264,17005826048,7739211776,93262045184,42.0,1139.6,111,3878.3
12270583508932,147.90010599,7823736832,16754159616,7498559488,93502697472,40.0,1155.8,111,3878.3
12270633490409,147.950087467,7689519104,16619941888,7307714560,93693542400,47.5,1341.3,111,3878.3
12270683495711,148.000092769,7716990976,16687054848,7256387584,93744869376,55.3,1523.2,111,3878.3
12270733493710,148.050090768,8075403264,17005826048,7448506368,93552750592,51.6,1398.6,111,3878.3
12270783499382,148.10009644,7823736832,16754159616,7275282432,93725974528,40.3,1119.8,111,3878.3
12270833486210,148.150083268,8075403264,17005826048,7700492288,93300764672,46.5,1323.4,111,4192.2
12270883489759,148.200086817,7823736832,16754159616,7671021568,93330235392,40.6,1138.3,111,4192.2
12270933531550,148.250128608,8075403264,17005826048,8063254528,92938002432,49.7,1440.6,111,4192.2
12270983483732,148.30008079,7823736832,16754159616,8063770624,92937486336,45.0,1241.7,111,4192.2
12271033483033,148.350080091,7624282112,16571146240,7896297472,93104959488,49.7,1459.5,111,4192.2
12271083490208,148.400087266,7995707392,17005826048,8072028160,92929228800,54.3,1575.1,111,4192.2
12271133485221,148.450082279,7981019136,17005826048,7983001600,93018255360,44.6,1263.9,111,4192.2
12271183483320,148.500080378,8031354880,17005826048,8174297088,92826959872,45.9,1300.3,111,4192.2
12271233514020,148.550111078,7823736832,16754159616,8285499392,92715757568,44.4,1291.2,111,4192.2
12271283490918,148.600087976,8074223616,17005826048,8498388992,92502867968,48.7,1367.9,111,4192.2
12271333488396,148.650085454,7823736832,16754159616,8498388992,92502867968,41.2,1160.1,111,3827.7
12271383509247,148.700106305,7623950336,16554369024,8512839680,92488417280,50.0,1457.9,111,3827.7
12271433488781,148.750085839,7767748608,16804495360,8454778880,92546478080,54.1,1560.8,111,3827.7
12271483488222,148.80008528,8075407360,17005826048,8603709440,92397547520,45.6,1281.6,111,3827.7
12271533490859,148.850087917,7752880128,16804495360,8378437632,92622819328,39.9,1137.6,111,3827.7
12271583524104,148.900121162,8075411456,17005826048,8470765568,92530491392,45.6,1259.0,111,3827.7
12271633498287,148.950095345,7662931968,16603164672,8471281664,92529975296,44.0,1241.7,111,3827.7
12271683484814,149.000081872,8075411456,17005826048,8717975552,92283281408,47.5,1281.8,111,3827.7
12271733481189,149.050078247,7689527296,16687054848,8306475008,92694781952,46.6,1260.8,111,3827.7
12271783488706,149.100085764,7619166208,16552828928,8149573632,92851683328,52.8,1536.3,111,3827.7
12271833485071,149.150082129,8035774464,17005826048,8336400384,92664856576,51.9,1462.4,111,3827.7
12271883489742,149.2000868,7880368128,17005826048,8107835392,92893421568,39.6,1200.5,111,3637.6
12271933482350,149.250079408,8067018752,17005826048,8046002176,92955254784,42.6,1200.7,111,3637.6
12271983480889,149.300077947,7956492288,17005826048,7890989056,93110267904,40.6,1219.8,111,3637.6
12272033517320,149.350114378,7998582784,17005826048,7817428992,93183827968,41.3,1191.7,111,3637.6
12272083513926,149.400110984,7996133376,17005826048,7841943552,93159313408,42.5,1245.6,111,3637.6
12272133486056,149.450083114,7756644352,16687054848,7495237632,93506019328,40.5,1182.6,111,3637.6
12272183487671,149.500084729,7756644352,16687054848,7377567744,93623689216,53.4,1579.0,111,3637.6
12272233509364,149.550106422,8075415552,17005826048,7453949952,93547307008,46.3,1398.2,111,3637.6
12272283500319,149.600097377,7823749120,16754159616,7453773824,93547483136,42.8,1240.4,111,3637.6
12272333490623,149.650087681,8075415552,17005826048,7483965440,93517291520,42.4,1242.3,111,3637.6
12272383506996,149.700104054,7823753216,16754159616,7289384960,93711872000,40.4,1175.8,111,3643.1
12272433497490,149.750094548,7980650496,17005826048,7275343872,93725913088,39.2,1178.2,111,3643.1
12272483511147,149.800108205,7823753216,16754159616,7291858944,93709398016,41.8,1205.8,111,3643.1
12272533486323,149.850083381,7622422528,16619941888,7189368832,93811888128,46.3,1395.6,111,3643.1
12272583502876,149.900099934,7755575296,16804495360,7395803136,93605453824,53.1,1536.8,111,3643.1
12272633484113,149.950081171,8075419648,17005826048,7625052160,93376204800,47.5,1328.1,111,3643.1
12272683487040,150.000084098,7664783360,16603164672,7388418048,93612838912,39.9,1098.7,111,3643.1
12272733481572,150.05007863,8075419648,17005826048,7555399680,93445857280,47.8,1339.7,111,3643.1
12272783500049,150.100097107,7921065984,17005826048,7700680704,93300576256,46.0,1353.7,111,3643.1
12272833505020,150.150102078,8075419648,17005826048,7792660480,93208596480,41.4,1223.5,111,3643.1
12272883488411,150.200085469,7756648448,16687054848,7544389632,93456867328,41.3,1200.8,111,3643.1
12272933483844,150.250080902,7689535488,16619941888,7403003904,93598253056,52.8,1558.2,111,4056.5
12272983490429,150.300087487,8021352448,17005826048,7616409600,93384847360,48.8,1440.2,111,4056.5
12273033483959,150.350081017,7834447872,16804495360,7646289920,93354967040,35.0,1043.4,111,4056.5
12273083489882,150.40008694,7922319360,17005826048,7907434496,93093822464,47.5,1400.8,111,4056.5
12273133491136,150.450088194,7823757312,16754159616,7819698176,93181558784,39.0,1117.2,111,4056.5
12273183548085,150.500145143,8075423744,17005826048,8236974080,92764282880,48.1,1418.2,111,4056.5
12273233492583,150.550089641,7823757312,16754159616,7986151424,93015105536,41.5,1221.2,111,4056.5
12273283477497,150.600074555,7605510144,16537591808,7844941824,93156315136,50.3,1463.2,111,4056.5
12273333477910,150.650074968,7873183744,16804495360,7865565184,93135691776,52.2,1561.1,111,4056.5
12273383482931,150.700079989,8075423744,17005826048,7957225472,93044031488,43.4,1279.1,111,4056.5
12273433485809,150.750082867,7726186496,16804495360,7758512128,93242744832,38.4,1177.3,111,4058.5
12273483487854,150.800084912,8075423744,17005826048,7933935616,93067321344,43.7,1280.0,111,4058.5
12273533567366,150.850164424,7950106624,17005826048,7850479616,93150777344,40.0,1154.4,111,4058.5
12273583485494,150.900082552,8035786752,17005826048,8014483456,92986773504,42.9,1267.9,111,4058.5
12273633484795,150.950081853,7756656640,16687054848,7917371392,93083885568,43.7,1258.5,111,4058.5
12273683485898,151.000082956,7756656640,16687054848,8090476544,92910780416,55.3,1521.1,111,4058.5
12273733490980,151.050088038,8075427840,17005826048,8535683072,92465573888,69.2,1514.7,111,4058.5
12273783515388,151.100112446,7823761408,16754159616,8407404544,92593852416,48.7,1220.8,111,4058.5
12273833487317,151.150084375,8075427840,17005826048,8783650816,92217606144,48.4,1343.1,111,4058.5
12273883485355,151.200082413,7823761408,16754159616,8697655296,92303601664,44.3,1262.1,111,4058.5
12273933529050,151.250126108,8075427840,17005826048,8775843840,92225413120,44.4,1258.7,111,3764.4
12273983475942,151.300073,7710507008,16754159616,8684662784,92316594176,43.7,1261.8,111,3764.4
12274033478218,151.350075276,7603130368,16533397504,8528027648,92473229312,52.8,1478.0,111,3764.4
12274083481055,151.400078113,7996145664,17005826048,8705564672,92295692288,54.8,1581.5,111,3764.4
12274133485135,151.450082193,7874093056,16804495360,8695664640,92305592320,41.6,1176.9,111,3764.4
12274183479035,151.500076093,7874097152,16804495360,8711921664,92289335296,45.0,1262.4,111,3764.4
12274233500397,151.550097455,7823761408,16754159616,8587284480,92413972480,44.1,1215.7,111,3764.4
12274283495310,151.600092368,8075427840,17005826048,8825929728,92175327232,47.2,1343.4,111,3764.4
12274333490713,151.650087771,7823761408,16754159616,8584396800,92416860160,40.9,1140.8,111,3764.4
12274383484994,151.700082052,7603130368,16533397504,8454598656,92546658304,49.7,1436.8,111,3764.4
12274433508951,151.750106009,8011608064,17005826048,8794300416,92206956544,54.1,1574.4,111,3764.4
12274483487463,151.800084521,7956504576,17005826048,8820879360,92180377600,47.1,1329.9,111,3616.2
12274533520306,151.850117364,8069742592,17005826048,8722583552,92278673408,45.3,1295.9,111,3616.2
12274583500271,151.900097329,7981047808,17005826048,8600186880,92401070080,43.4,1221.0,111,3616.2
12274633571637,151.950168695,8018083840,17005826048,8409280512,92591976448,42.5,1216.8,111,3616.2
12274683477792,152.00007485,8046063616,17005826048,8315867136,92685389824,43.6,1206.2,111,3616.2
12274733485919,152.050082977,7756664832,16687054848,8448245760,92553011200,49.4,1338.7,111,3616.2
12274783483757,152.100080815,7756664832,16687054848,8360509440,92640747520,55.6,1579.3,111,3616.2
12274833484550,152.150081608,8075436032,17005826048,8439934976,92561321984,48.7,1400.2,111,3616.2
12274883485063,152.200082121,7823769600,16754159616,8179175424,92822081536,42.6,1238.6,111,3616.2
12274933485706,152.250082764,8075436032,17005826048,8264851456,92736405504,45.6,1261.0,111,3616.2
12274983489666,152.300086724,7823769600,16754159616,8013766656,92987490304,40.4,1118.9,111,3889.3
12275033487954,152.350085012,8075436032,17005826048,8471601152,92529655808,46.2,1322.7,111,3889.3
12275083485221,152.400082279,7823769600,16754159616,8350060544,92651196416,37.7,1038.8,111,3889.3
12275133489902,152.45008696,7689551872,16619941888,8132403200,92868853760,46.2,1377.9,111,3889.3
12275183490455,152.500087513,7660187648,16619941888,8023506944,92977750016,54.4,1562.4,111,3889.3
12275233485567,152.550082625,8075436032,17005826048,8213172224,92788084736,46.8,1361.5,111,3889.3
12275283556112,152.60015317,7672778752,16804495360,8066154496,92935102464,41.1,1179.8,111,3889.3
12275333490210,152.650087268,8075436032,17005826048,8465096704,92536160256,48.1,1360.4,111,3889.3
12275383496864,152.700093922,7946330112,17005826048,8593977344,92407279616,46.6,1311.6,111,3889.3
12275433485775,152.750082833,7996153856,17005826048,8562737152,92438519808,45.9,1305.7,111,3889.3
12275483482281,152.800079339,7756664832,16687054848,8369975296,92631281664,44.9,1261.4,111,3889.3
12275533479838,152.850076896,7727906816,16687054848,8269078528,92732178432,52.8,1539.7,111,4228.4
12275583497252,152.90009431,8075444224,17005826048,8514498560,92486758400,53.1,1516.6,111,4228.4
12275633486434,152.950083492,7823777792,16754159616,8498241536,92503015424,46.5,1261.0,111,4228.4
12275683487397,153.000084455,8075444224,17005826048,8457842688,92543414272,43.4,1277.3,111,4228.4
12275733484574,153.050081632,7823777792,16754159616,8216825856,92784431104,43.9,1124.8,111,4228.4
12275783487631,153.100084689,8075444224,17005826048,8497967104,92503289856,47.5,1298.4,111,4228.4
12275833483686,153.150080744,7784136704,16754159616,8274636800,92726620160,38.9,1180.8,111,4228.4
12275883494378,153.200091436,7657541632,16587923456,8010379264,92990877696,47.8,1437.4,111,4228.4
12275933484451,153.250081509,7649918976,16619941888,7936622592,93064634368,51.9,1503.5,111,4228.4
12275983516864,153.300113922,8075444224,17005826048,8132018176,92869238784,47.5,1394.0,111,4228.4
12276033485567,153.350082625,7665213440,16754159616,8082731008,92918525952,40.8,1206.7,111,3818.8
12276083498493,153.400095551,8075444224,17005826048,8199045120,92802211840,42.5,1253.9,111,3818.8
12276133478617,153.450075675,7704231936,16754159616,8056356864,92944900096,42.5,1245.6,111,3818.8
12276183514597,153.500111655,8075444224,17005826048,8067444736,92933812224,43.7,1275.2,111,3818.8
12276233496474,153.550093532,7665213440,16754159616,7700045824,93301211136,37.3,1102.3,111,3818.8
12276283485586,153.600082644,7617900544,16587923456,7524057088,93477199872,49.4,1441.1,111,3818.8
12276333502960,153.650100018,7901114368,17005826048,7760470016,93240786944,52.8,1592.6,111,3818.8
12276383488775,153.700085833,8075448320,17005826048,7959425024,93041831936,43.2,1285.6,111,3818.8
12276433501030,153.750098088,7842750464,16804495360,7811821568,93189435392,42.4,1219.4,111,3818.8
12276483506021,153.800103079,8075448320,17005826048,7951855616,93049401344,45.0,1355.8,111,3818.8
12276533487097,153.850084155,7622451200,16552828928,7693746176,93307510784,39.4,1122.4,111,3955.0
12276583500624,153.900097682,8075448320,17005826048,7963402240,93037854720,46.8,1339.9,111,3955.0
12276633498402,153.95009546,7665217536,16754159616,7782367232,93218889728,37.6,1141.3,111,3955.0
12276683483886,154.000080944,7648092160,16587923456,7639957504,93361299456,52.2,1481.2,111,3955.0
12276733500259,154.050097317,8000405504,17005826048,7735939072,93265317888,56.5,1571.4,111,3955.0
12276783483279,154.100080337,8012525568,17005826048,7745392640,93255864320,44.3,1267.2,111,3955.0
12276833483551,154.150080609,7902789632,17005826048,7657230336,93344026624,42.9,1217.5,111,3955.0
12276883486047,154.200083105,8075452416,17005826048,7881216000,93120040960,44.6,1302.5,111,3955.0
12276933478495,154.250075553,7695327232,16804495360,7577657344,93423599616,36.5,1059.6,111,3955.0
12276983490489,154.300087547,8064954368,17005826048,7830286336,93170970624,46.6,1337.6,111,3955.0
12277033497895,154.350094953,7756681216,16687054848,7441211392,93560045568,42.0,1239.0,111,4119.0
12277083512063,154.400109121,7756681216,16687054848,7298510848,93702746112,51.9,1538.1,111,4119.0
12277133500072,154.45009713,8075452416,17005826048,7652298752,93348958208,49.4,1481.3,111,4119.0
12277183503471,154.500100529,7823785984,16754159616,7652556800,93348700160,43.0,1202.2,111,4119.0
12277233485939,154.550082997,8075452416,17005826048,7966343168,93034913792,43.7,1358.6,111,4119.0
12277283497513,154.600094571,7823785984,16754159616,7727132672,93274124288,36.1,1040.1,111,4119.0
12277333487355,154.650084413,7916888064,17005826048,7781089280,93220167680,44.7,1301.3,111,4119.0
12277383479623,154.700076681,7956529152,17005826048,7882993664,93118263296,41.5,1181.7,111,4119.0
12277433487830,154.750084888,7756681216,16687054848,7753711616,93247545344,43.5,1257.4,111,4119.0
12277483489775,154.800086833,7756681216,16687054848,7820546048,93180710912,52.8,1561.5,111,4119.0
12277533484978,154.850082036,8075452416,17005826048,8091238400,92910018560,47.8,1438.7,111,4119.0
12277583477004,154.900074062,7823785984,16754159616,7845429248,93155827712,40.5,1162.3,111,3548.1
12277633485001,154.950082059,8075456512,17005826048,8026181632,92975075328,43.4,1257.9,111,3548.1
12277683494300,155.000091358,7823790080,16754159616,7790813184,93210443776,40.0,1137.0,111,3548.1
12277733491607,155.050088665,8075456512,17005826048,8191655936,92809601024,48.4,1304.2,111,3548.1
12277783482581,155.100079639,7823790080,16754159616,8131256320,92870000640,39.5,1080.7,111,3548.1
12277833479958,155.150077016,7689572352,16619941888,7892455424,93108801536,49.7,1398.4,111,3548.1
12277883478497,155.200075555,7702155264,16687054848,7822008320,93179248640,54.1,1583.3,111,3548.1
12277933485772,155.25008283,8075460608,17005826048,8101363712,92899893248,49.7,1398.7,111,3548.1
12277983481286,155.300078344,7823794176,16754159616,8068407296,92932849664,41.7,1240.9,111,3548.1
12278033485175,155.350082233,8075460608,17005826048,8412901376,92588355584,47.8,1356.8,111,3548.1
12278083486559,155.400083617,7811203072,16754159616,8212742144,92788514816,39.6,1161.6,111,3570.2
12278133487292,155.45008435,8075460608,17005826048,8355074048,92646182912,46.5,1300.2,111,3570.2
12278183475271,155.500072329,7744512000,16754159616,8162828288,92838428672,39.1,1121.7,111,3570.2
12278233494739,155.550091797,7657558016,16587923456,8074031104,92927225856,52.8,1495.5,111,3570.2
12278283489651,155.600086709,8072888320,17005826048,8095449088,92905807872,54.7,1559.8,111,3570.2
12278333480656,155.650077714,7913971712,17005826048,8015106048,92986150912,43.5,1223.0,111,3570.2
12278383485387,155.700082445,7956541440,17005826048,8140267520,92860989440,46.2,1317.6,111,3570.2
12278433489987,155.750087045,7823798272,16754159616,7969681408,93031575552,39.4,1060.1,111,3570.2
12278483480861,155.800077919,7916900352,17005826048,8223858688,92777398272,47.5,1422.7,111,3570.2
12278533490310,155.850087368,7823798272,16754159616,8243716096,92757540864,42.8,1214.4,111,3570.2
12278583487036,155.900084094,7657562112,16587923456,8279474176,92721782784,51.6,1484.0,111,4035.7
12278633493770,155.950090828,7660433408,16603164672,8127946752,92873310208,54.7,1594.9,111,4035.7
12278683491037,156.000088095,8075468800,17005826048,8389087232,92612169728,48.1,1321.1,111,4035.7
12278733479186,156.050076244,7664410624,16754159616,8114106368,92887150592,41.9,1145.4,111,4035.7
12278783517449,156.100114507,8075468800,17005826048,8460386304,92540870656,48.5,1332.6,111,4035.7
12278833481303,156.150078361,7823802368,16754159616,8223313920,92777943040,37.8,1045.5,111,4035.7
12278883488258,156.200085316,8075468800,17005826048,8459886592,92541370368,45.0,1278.1,111,4035.7
12278933482168,156.250079226,7704879104,16754159616,8209899520,92791357440,43.4,1181.4,111,4035.7
12278983497398,156.300094456,7703937024,16687054848,8383135744,92618121216,53.7,1570.5,111,4035.7
12279033503591,156.350100649,7943340032,17005826048,8470802432,92530454528,52.5,1506.5,111,4035.7
12279083482142,156.4000792,7913975808,17005826048,8398340096,92602916864,43.8,1201.8,111,4035.7
12279133492513,156.450089571,8050524160,17005826048,8484773888,92516483072,44.2,1259.3,111,4018.1
12279183485021,156.500082079,8075468800,17005826048,8510730240,92490526720,41.3,1179.7,111,4018.1
12279233496524,156.550093582,8044892160,17005826048,8596402176,92404854784,45.7,1313.0,111,4018.1
12279283479524,156.600076582,8035827712,17005826048,8673300480,92327956480,42.9,1207.5,111,4018.1
12279333479626,156.650076684,7756697600,16687054848,8571887616,92429369344,47.5,1379.1,111,4018.1
12279383487041,156.700084099,7756697600,16687054848,8506343424,92494913536,76.4,1616.4,111,4018.1
12279433660619,156.750257677,7965421568,17005826048,8692912128,92308344832,67.7,1433.5,111,4018.1
12279483552798,156.800149856,7823806464,16754159616,8781639680,92219617280,52.5,1283.5,111,4018.1
12279533489771,156.850086829,8075472896,17005826048,9141227520,91860029440,51.3,1462.2,111,4018.1
12279583507776,156.900104834,7823806464,16754159616,8967819264,92033437696,45.6,1260.2,111,4018.1
12279633512537,156.950109595,8075472896,17005826048,9122635776,91878621184,46.9,1298.3,111,3895.9
12279683484195,157.000081253,7750397952,16754159616,9123381248,91877875712,45.6,1264.6,111,3895.9
12279733473807,157.050070865,7612506112,16554369024,9027620864,91973636096,52.5,1420.6,111,3895.9
12279783490991,157.100088049,7971672064,17005826048,9237258240,91763998720,55.6,1557.9,111,3895.9
12279833481073,157.150078131,7882526720,17005826048,9316728832,91684528128,44.6,1342.7,111,3895.9
12279883480103,157.200077161,8031797248,17005826048,9241403392,91759853568,42.8,1239.9,111,3895.9
12279933482760,157.250079818,8075476992,17005826048,9234300928,91766956032,40.9,1219.5,111,3895.9
12279983476108,157.300073166,7878946816,17005826048,9274470400,91726786560,43.4,1239.2,111,3895.9
12280033484375,157.350081433,7996194816,17005826048,9249955840,91751301120,44.7,1300.0,111,3895.9
12280083487353,157.400084411,7756705792,16687054848,9105657856,91895599104,43.1,1259.6,111,3895.9
12280133501751,157.450098809,7756705792,16687054848,9106235392,91895021568,51.9,1571.1,111,3895.9
12280183486324,157.500083382,8075476992,17005826048,9286348800,91714908160,48.7,1428.4,111,4016.5
12280233484331,157.550081389,7823810560,16754159616,9057304576,91943952384,42.5,1239.7,111,4016.5
12280283497017,157.600094075,8075476992,17005826048,9123360768,91877896192,44.1,1296.2,111,4016.5
12280333481629,157.650078687,7744528384,16754159616,8928899072,92072357888,42.7,1225.6,111,4016.5
12280383487332,157.70008439,8075476992,17005826048,8960122880,92041134080,42.5,1259.4,111,4016.5
12280433474278,157.750071336,7622479872,16552828928,8896987136,92104269824,41.5,1195.6,111,4016.5
12280483473038,157.800070096,7622483968,16619941888,8726298624,92274958336,52.8,1564.8,111,4016.5
12280533478810,157.850075868,7932862464,17005826048,8785133568,92216123392,51.9,1541.9,111,4016.5
12280583489251,157.900086309,7823810560,16754159616,8830263296,92170993664,41.5,1198.9,111,4016.5
12280633491236,157.950088294,8075476992,17005826048,9256009728,91745247232,49.1,1437.0,111,4016.5
12280683482802,158.00007986,7823810560,16754159616,9127231488,91874025472,43.7,1243.1,111,4016.5
12280733496920,158.050093978,8075476992,17005826048,9569890304,91431366656,50.9,1416.7,111,3812.9
12280783480590,158.100077648,7717068800,16687054848,9499959296,91501297664,47.5,1363.0,111,3812.9
12280833482886,158.150079944,7756709888,16687054848,9350451200,91650805760,52.8,1557.2,111,3812.9
12280883492525,158.200089583,8075481088,17005826048,9379799040,91621457920,50.3,1460.3,111,3812.9
12280933484552,158.25008161,7823814656,16754159616,9123545088,91877711872,41.0,1261.5,111,3812.9
12280983491797,158.300088855,8075481088,17005826048,9051410432,91949846528,44.1,1258.0,111,3812.9
12281033476820,158.350073878,7804936192,16754159616,9034706944,91966550016,43.1,1263.7,111,3812.9
12281083489565,158.400086623,8075485184,17005826048,9271996416,91729260544,45.6,1337.4,111,3812.9
12281133480871,158.450077929,7653941248,16754159616,9008787456,91992469504,41.0,1201.4,111,3812.9
12281183482064,158.500079122,7612473344,16587923456,8871596032,92129660928,50.9,1499.0,111,3812.9
12281233511301,158.550108359,7995785216,17005826048,8970428416,92030828544,53.1,1593.2,111,3817.3
12281283485814,158.600082872,7834513408,16804495360,8762957824,92238299136,37.3,1084.8,111,3817.3
12281333482880,158.650079938,7956561920,17005826048,8684433408,92316823552,46.9,1359.8,111,3817.3
12281383503200,158.700100258,7911895040,17005826048,8701280256,92299976704,38.8,1137.1,111,3817.3
12281433485969,158.750083027,8032239616,17005826048,8838045696,92163211264,44.6,1322.5,111,3817.3
12281483495568,158.800092626,8035844096,17005826048,8825143296,92176113664,42.9,1258.3,111,3817.3
12281533507352,158.85010441,7756713984,16687054848,8689635328,92311621632,43.1,1298.0,111,3817.3
12281583497023,158.900094081,7756713984,16687054848,8624070656,92377186304,51.6,1540.4,111,3817.3
12281633484732,158.95008179,8075485184,17005826048,8692977664,92308279296,47.8,1384.2,111,3817.3
12281683482178,159.000079236,7625613312,16754159616,8623071232,92378185728,44.0,1280.1,111,3817.3
12281733488582,159.05008564,8075485184,17005826048,8845389824,92155867136,50.0,1316.0,111,3817.3
12281783486439,159.100083497,7637164032,16754159616,8612421632,92388835328,40.4,1156.4,111,3427.8
12281833518110,159.150115168,8075489280,17005826048,8806543360,92194713600,48.4,1342.9,111,3427.8
12281883493244,159.200090302,7756722176,16687054848,8558981120,92442275840,46.2,1302.8,111,3427.8
12281933484529,159.250081587,7756722176,16687054848,8370933760,92630323200,53.5,1540.7,111,3427.8
12281983482266,159.300079324,8073224192,17005826048,8463892480,92537364480,49.0,1443.5,111,3427.8
12282033489531,159.350086589,7823826944,16754159616,8463523840,92537733120,40.7,1097.3,111,3427.8
12282083482269,159.400079327,7996211200,17005826048,8650608640,92350648320,49.7,1442.2,111,3427.8
12282133495555,159.450092613,8023052288,17005826048,8728219648,92273037312,39.8,1119.4,111,3427.8
12282183490467,159.500087525,7961026560,17005826048,8788209664,92213047296,46.0,1279.7,111,3427.8
12282233493264,159.550090322,8075493376,17005826048,8775991296,92225265664,44.0,1298.3,111,3427.8
12282283487434,159.600084492,7756722176,16687054848,8619986944,92381270016,43.1,1201.3,111,4067.6
12282333480723,159.650077781,7733649408,16687054848,8497930240,92503326720,52.8,1561.8,111,4067.6
12282383477248,159.700074306,7878352896,17005826048,8495157248,92506099712,51.2,1482.1,111,4067.6
12282433480625,159.750077683,7823826944,16754159616,8376434688,92624822272,40.6,1136.3,111,4067.6
12282483485666,159.800082724,7923462144,17005826048,8649154560,92352102400,47.7,1362.3,111,4067.6
12282533487581,159.850084639,7823826944,16754159616,8719601664,92281655296,42.9,1219.8,111,4067.6
12282583481190,159.900078248,7926587392,17005826048,8653799424,92347457536,48.7,1401.3,111,4067.6
12282633483376,159.950080434,7823831040,16754159616,8649986048,92351270912,44.7,1178.5,111,4067.6
12282683491392,160.00008845,7689613312,16619941888,8438513664,92562743296,48.4,1397.5,111,4067.6
12282733496673,160.050093731,7756726272,16687054848,8327905280,92673351680,55.6,1500.9,111,4067.6
12282783490843,160.100087901,8075501568,17005826048,8503922688,92497334272,50.3,1460.0,111,4062.3
12282833485976,160.150083034,7823835136,16754159616,8290365440,92710891520,40.1,1162.1,111,4062.3
12282883484043,160.200081101,8075501568,17005826048,8374693888,92626563072,46.2,1339.8,111,4062.3
12282933491508,160.250088566,7823835136,16754159616,8374460416,92626796544,42.0,1198.0,111,4062.3
12282983481371,160.300078429,8075501568,17005826048,8381427712,92619829248,46.5,1302.7,111,4062.3
12283033487874,160.350084932,7823835136,16754159616,8381931520,92619325440,41.7,1117.7,111,4062.3
12283083489148,160.400086206,7657598976,16587923456,8143491072,92857765888,49.1,1420.4,111,4062.3
12283133483318,160.450080376,7622504448,16619941888,8029691904,92971565056,53.5,1562.3,111,4062.3
12283183489210,160.500086268,8075501568,17005826048,8175255552,92826001408,47.5,1318.4,111,4062.3
12283233489382,160.55008644,7628791808,16754159616,8148156416,92853100544,43.1,1240.0,111,4062.3
12283283508569,160.600105627,8075501568,17005826048,8366723072,92634533888,46.9,1358.8,111,3514.4
12283333477823,160.650074881,7729455104,16754159616,8366149632,92635107328,42.1,1163.2,111,3514.4
12283383492852,160.70008991,8075501568,17005826048,8373374976,92627881984,45.0,1294.5,111,3514.4
12283433477024,160.750074082,7665270784,16754159616,8238092288,92763164672,41.8,1204.9,111,3514.4
12283483478478,160.800075536,7614586880,16587923456,8180776960,92820480000,52.2,1478.0,111,3514.4
12283533493587,160.850090645,8060624896,17005826048,8409923584,92591333376,55.0,1594.3,111,3514.4
12283583490803,160.900087861,8075501568,17005826048,8384823296,92616433664,40.8,1164.9,111,3514.4
12283633486877,160.950083935,7814688768,16804495360,8259457024,92741799936,42.2,1176.1,111,3514.4
12283683489403,161.000086461,8075501568,17005826048,8339161088,92662095872,44.7,1242.2,111,3514.4
12283733498722,161.05009578,7894151168,17005826048,8392318976,92608937984,47.2,1273.7,111,3514.4
12283783485087,161.100082145,8075501568,17005826048,8543014912,92458242048,47.1,1290.4,111,3514.4
12283833487583,161.150084641,7756730368,16687054848,8384831488,92616425472,44.1,1296.3,111,3777.2
12283883491471,161.200088529,7756734464,16687054848,8491773952,92509483008,51.2,1537.2,111,3777.2
12283933482987,161.250080045,8075505664,17005826048,8564105216,92437151744,47.8,1383.7,111,3777.2
12283983490833,161.300087891,7823839232,16754159616,8312188928,92689068032,37.5,1138.8,111,3777.2
12284033489301,161.350086359,8061091840,17005826048,8430489600,92570767360,44.3,1319.7,111,3777.2
12284083497598,161.400094656,7823839232,16754159616,8314884096,92686372864,42.9,1197.9,111,3777.2
12284133480767,161.450077825,8075505664,17005826048,8481067008,92520189952,44.6,1346.2,111,3777.2
12284183483764,161.500080822,7823843328,16754159616,8241324032,92759932928,39.0,1118.5,111,3777.2
12284233476963,161.550074021,7635095552,16619941888,7950761984,93050494976,46.2,1382.1,111,3777.2
12284283481212,161.60007827,7649984512,16619941888,7795675136,93205581824,52.2,1558.7,111,3777.2
12284333488236,161.650085294,8075509760,17005826048,7798255616,93203001344,45.7,1318.2,111,3791.8
12284383513365,161.700110423,7704920064,16754159616,7342026752,93659230208,39.4,1179.0,111,3791.8
12284433514969,161.750112027,8075509760,17005826048,7420215296,93581041664,41.5,1215.9,111,3791.8
12284483482258,161.800079316,7823843328,16754159616,7179022336,93822234624,37.3,1065.6,111,3791.8
12284533487690,161.850084748,8075509760,17005826048,7206117376,93795139584,39.8,1160.3,111,3791.8
12284583490706,161.900087764,7823843328,16754159616,6960615424,94040641536,36.1,1079.2,111,3791.8
12284633495967,161.950093025,7689625600,16619941888,6810660864,94190596096,47.2,1358.0,111,3791.8
12284683481892,162.00007895,7756742656,16687054848,6772723712,94228533248,53.2,1522.9,111,3791.8
12284733487323,162.050084381,8075513856,17005826048,6930391040,94070865920,49.7,1377.5,111,3791.8
12284783502954,162.100100012,7823847424,16754159616,6691905536,94309351424,39.1,1099.8,111,3791.8
12284833486033,162.150083091,7974842368,17005826048,6802571264,94198685696,42.8,1241.6,111,3791.8
12284883482077,162.200079135,7985324032,17005826048,6980362240,94020894720,39.4,1119.8,111,3472.8
12284933480395,162.250077453,8041951232,17005826048,7202025472,93799231488,44.9,1341.7,111,3472.8
12284983479504,162.300076562,8035876864,17005826048,7213387776,93787869184,39.9,1181.1,111,3472.8
12285033486849,162.350083907,7756746752,16687054848,7040753664,93960503296,43.5,1236.6,111,3472.8
12285083489365,162.400086423,7755177984,16687054848,6958178304,94043078656,51.3,1541.6,111,3472.8
12285133486170,162.450083228,8075517952,17005826048,7528103936,93473153024,50.9,1536.6,111,3472.8
12285184035114,162.500632172,7823876096,16754159616,7453011968,93548244992,41.1,1166.9,111,3472.8
12285233478077,162.550075135,7899373568,17005826048,7537651712,93463605248,44.2,1300.0,111,3472.8
12285283497184,162.600094242,7823876096,16754159616,7611518976,93389737984,40.1,1170.4,111,3472.8
12285333484832,162.65008189,8003039232,17005826048,7943626752,93057630208,47.8,1426.0,111,3472.8
12285383485755,162.700082813,7823876096,16754159616,7990333440,93010923520,43.6,1262.4,111,3697.4
12285433479093,162.750076151,7639793664,16587923456,7963828224,93037428736,48.1,1421.4,111,3697.4
12285483503400,162.800100458,7946076160,17005826048,8203632640,92797624320,53.1,1573.4,111,3697.4
12285533474437,162.850071495,7996260352,17005826048,8238018560,92763238400,42.7,1266.3,111,3697.4
12285583479277,162.900076335,8062951424,17005826048,8290873344,92710383616,44.7,1319.2,111,3697.4
12285633478186,162.950075244,7922438144,17005826048,8146878464,92854378496,42.9,1200.9,111,3697.4
12285683478157,163.000075215,8067145728,17005826048,8079937536,92921319424,42.8,1238.2,111,3697.4
12285733482706,163.050079764,7996260352,17005826048,8000585728,93000671232,45.3,1219.0,111,3697.4
12285783495451,163.100092509,7756775424,16687054848,7873310720,93127946240,40.9,1218.5,111,3697.4
12285833488419,163.150085477,7741517824,16687054848,7784574976,93216681984,53.2,1522.6,111,3697.4
12285883491566,163.200088624,8046436352,17005826048,8047525888,92953731072,50.3,1457.7,111,4195.0
12285933493641,163.250090699,7823880192,16754159616,7992147968,93009108992,44.3,1240.3,111,4195.0
12285983490747,163.300087805,7995871232,17005826048,7998857216,93002399744,42.1,1218.1,111,4195.0
12286033491108,163.350088166,7823880192,16754159616,7838867456,93162389504,42.5,1162.2,111,4195.0
12286083488464,163.400085522,8075546624,17005826048,8312979456,92688277504,50.0,1419.9,111,4195.0
12286133493505,163.450090563,7823880192,16754159616,8078929920,92922327040,41.0,1198.4,111,4195.0
12286183528812,163.50012587,7622549504,16552828928,7856001024,93145255936,49.7,1427.4,111,4195.0
12286233498416,163.550095474,7668760576,16603164672,7909158912,93092098048,54.4,1553.0,111,4195.0
12286283490783,163.600087841,8075550720,17005826048,8292085760,92709171200,48.4,1381.6,111,4195.0
12286333486836,163.650083894,7838642176,16804495360,8115064832,92886192128,42.6,1179.6,111,4195.0
12286383484263,163.700081321,8075550720,17005826048,8240177152,92761079808,44.9,1263.3,111,4195.0
12286433494102,163.75009116,8029253632,17005826048,8258240512,92743016448,46.0,1309.6,111,4167.5
12286483485297,163.800082355,7916986368,17005826048,8312516608,92688740352,45.6,1290.2,111,4167.5
12286533482101,163.850079159,7689666560,16687054848,8243904512,92757352448,46.5,1298.5,111,4167.5
12286583481581,163.900078639,7717138432,16687054848,8285163520,92716093440,54.4,1560.0,111,4167.5
12286633481362,163.95007842,8075550720,17005826048,8551944192,92449312768,52.5,1481.5,111,4167.5
12286683481704,164.000078762,7784243200,16754159616,8552202240,92449054720,45.9,1241.6,111,4167.5
12286733488317,164.050085375,8075550720,17005826048,8813862912,92187394048,51.2,1377.5,111,4167.5
12286783475644,164.100072702,7622553600,16552828928,8452825088,92548431872,43.8,1215.0,111,4167.5
12286833487026,164.150084084,8075550720,17005826048,8712933376,92288323584,46.8,1304.8,111,4167.5
12286883497527,164.200094585,7739310080,16687054848,8559304704,92441952256,42.9,1233.6,111,4167.5
12286933527985,164.250125043,7755849728,16687054848,8468471808,92532785152,54.1,1563.0,111,3855.9
12286983475778,164.300072836,7884705792,17005826048,8481374208,92519882752,50.9,1468.8,111,3855.9
12287033507348,164.350104406,7823888384,16754159616,8464060416,92537196544,43.8,1212.8,111,3855.9
12287083484096,164.400081154,7921639424,17005826048,8503390208,92497866752,44.0,1242.3,111,3855.9
12287133495047,164.450092105,7823888384,16754159616,8587112448,92414144512,45.3,1280.3,111,3855.9
12287183488967,164.500086025,8075554816,17005826048,8717168640,92284088320,46.2,1320.2,111,3855.9
12287233488747,164.550085805,7823888384,16754159616,8625303552,92375953408,45.0,1221.1,111,3855.9
12287283478539,164.600075597,7650291712,16587923456,8541769728,92459487232,48.7,1422.2,111,3855.9
12287333500621,164.650097679,7840759808,16804495360,8802136064,92199120896,53.7,1550.7,111,3855.9
12287383476096,164.700073154,8035917824,17005826048,9026121728,91975135232,48.1,1328.8,111,3855.9
12287433513287,164.750110345,8070254592,17005826048,9161854976,91839401984,49.1,1432.7,111,3855.9
12287483477681,164.800074739,7996276736,17005826048,9213722624,91787534336,44.6,1206.1,111,3899.7
12287533480417,164.850077475,8035917824,17005826048,9291653120,91709603840,47.2,1338.8,111,3899.7
12287583491689,164.900088747,7823892480,16754159616,9400549376,91600707584,46.3,1333.5,111,3899.7
12287633478575,164.950075633,7631515648,16571146240,9238237184,91763019776,51.3,1447.1,111,3899.7
12287683491751,165.000088809,7801757696,16804495360,9256816640,91744440320,55.2,1575.0,111,3899.7
12287733491151,165.050088209,8075558912,17005826048,9353601024,91647655936,47.5,1282.6,111,3899.7
12287783484680,165.100081738,7940870144,17005826048,9300189184,91701067776,45.6,1280.4,111,3899.7
12287833484039,165.150081097,8075558912,17005826048,9301815296,91699441664,43.5,1261.4,111,3899.7
12287883495121,165.200092179,7864049664,16804495360,9077071872,91924185088,38.4,1174.2,111,3899.7
12287933489802,165.25008686,8075558912,17005826048,9103302656,91897954304,44.4,1243.3,111,3899.7
12287983482649,165.300079707,7756787712,16687054848,8910483456,92090773504,41.3,1221.1,111,4043.4
12288033481758,165.350078816,7689678848,16687054848,8750751744,92250505216,51.3,1541.5,111,4043.4
12288083492730,165.400089788,8058036224,17005826048,9069871104,91931385856,50.0,1496.4,111,4043.4
12288133488683,165.450085741,7823900672,16754159616,9016184832,91985072128,41.1,1182.3,111,4043.4
12288183487001,165.500084059,8075567104,17005826048,9311387648,91689869312,50.0,1478.1,111,4043.4
12288233489446,165.550086504,7823900672,16754159616,9096871936,91904385024,43.0,1299.2,111,4043.4
12288283486452,165.60008351,8075567104,17005826048,9097310208,91903946752,42.8,1242.0,111,4043.4
12288333504366,165.650101424,7665336320,16754159616,8838393856,92162863104,40.9,1237.9,111,4043.4
12288383477256,165.700074314,7618023424,16587923456,8682950656,92318306304,50.9,1484.3,111,4043.4
12288433496954,165.750094012,8035926016,17005826048,8887177216,92114079744,52.5,1555.7,111,4043.4
12288483492316,165.800089374,7834595328,16804495360,8621875200,92379381760,38.6,1142.4,111,3433.1
12288533493359,165.850090417,7996284928,17005826048,8652865536,92348391424,46.3,1338.4,111,3433.1
12288583519609,165.900116667,7823900672,16754159616,8587579392,92413677568,37.9,1136.9,111,3433.1
12288633495404,165.950092462,7874236416,16804495360,8744861696,92256395264,47.5,1340.5,111,3433.1
12288683487390,166.000084448,7823900672,16754159616,8819134464,92182122496,46.5,1263.1,111,3433.1
12288733494083,166.050091141,7657594880,16587923456,8584663040,92416593920,54.3,1456.9,111,3433.1
12288783484697,166.100081755,7672909824,16804495360,8506216448,92495040512,52.8,1523.1,111,3433.1
12288833492883,166.150089941,8075567104,17005826048,8720220160,92281036800,43.7,1337.6,111,3433.1
12288883490008,166.200087066,7907258368,17005826048,8512471040,92488785920,41.2,1162.4,111,3433.1
12288933481323,166.250078381,8075571200,17005826048,8647311360,92353945600,41.4,1262.3,111,3433.1
12288983486403,166.300083461,7912898560,17005826048,8401174528,92600082432,41.4,1138.2,111,3433.1
12289033487947,166.350085005,8025227264,17005826048,8429555712,92571701248,42.5,1298.6,111,3290.1
12289083489971,166.400087029,7756800000,16687054848,8399880192,92601376768,43.7,1256.9,111,3290.1
12289133483911,166.450080969,7756800000,16687054848,8320380928,92680876032,52.2,1564.6,111,3290.1
12289183496505,166.500093563,8075575296,17005826048,8494559232,92506697728,47.5,1437.0,111,3290.1
12289233485936,166.550082994,7823908864,16754159616,8468955136,92532301824,41.9,1223.9,111,3290.1
12289283488592,166.60008565,8075575296,17005826048,8598740992,92402515968,44.8,1316.4,111,3290.1
12289333483984,166.650081042,7823908864,16754159616,8357453824,92643803136,40.6,1223.8,111,3290.1
12289383483063,166.700080121,8075575296,17005826048,8402280448,92598976512,43.7,1240.5,111,3290.1
12289433484617,166.750081675,7823908864,16754159616,8261857280,92739399680,39.1,1138.0,111,3290.1
12289483481351,166.800078409,7618031616,16587923456,8084545536,92916711424,47.8,1440.2,111,3290.1
12289533493395,166.850090453,7975280640,17005826048,8259358720,92741898240,52.5,1576.0,111,3716.3
12289583478698,166.900075756,7996293120,17005826048,8332709888,92668547072,43.6,1305.0,111,3716.3
12289633498456,166.950095514,8074674176,17005826048,8313294848,92687962112,42.0,1194.9,111,3716.3
12289683478329,167.000075387,7877369856,17005826048,8332132352,92669124608,40.8,1206.3,111,3716.3
12289733478620,167.050075678,7956652032,17005826048,8327221248,92674035712,48.7,1299.9,111,3716.3
12289783508607,167.100105665,7823908864,16754159616,8156651520,92844605440,37.5,1051.2,111,3716.3
12289833484542,167.1500816,7650050048,16619941888,8118816768,92882440192,49.1,1408.1,111,3716.3
12289883617553,167.200214611,7672913920,16603164672,8205541376,92795715584,53.5,1567.6,111,3716.3
12289933495645,167.250092703,8075575296,17005826048,8393367552,92607889408,46.2,1346.3,111,3716.3
12289983491898,167.300088956,7763152896,16804495360,8129642496,92871614464,41.2,1142.4,111,3716.3
12290033484886,167.350081944,8075575296,17005826048,8240979968,92760276992,44.6,1263.6,111,3716.3
12290083483644,167.400080702,7732277248,16804495360,7901388800,93099868160,41.0,1177.3,111,3782.4
12290133485649,167.450082707,8075579392,17005826048,8148049920,92853207040,44.2,1263.3,111,3782.4
12290183481351,167.500078409,7739805696,16687054848,7745740800,93255516160,41.9,1178.6,111,3782.4
12290233476984,167.550074042,7717167104,16687054848,7693094912,93308162048,53.5,1562.1,111,3782.4
12290283483407,167.600080465,7884730368,17005826048,7747284992,93253971968,48.7,1416.4,111,3782.4
12290333486413,167.650083471,7823912960,16754159616,7726931968,93274324992,42.3,1140.7,111,3782.4
12290383482046,167.700079104,7893118976,17005826048,7699206144,93302050816,43.3,1282.9,111,3782.4
12290433508726,167.750105784,7823912960,16754159616,7569346560,93431910400,39.1,1091.1,111,3782.4
12290483495542,167.8000926,8043130880,17005826048,7955386368,93045870592,48.1,1387.1,111,3782.4
12290533488630,167.850085688,7888924672,17005826048,7829004288,93172252672,37.7,1062.2,111,3782.4
12290583484753,167.900081811,7756812288,16687054848,7599599616,93401657344,43.3,1241.3,111,3799.6
12290633479965,167.950077023,7689699328,16687054848,7526572032,93474684928,55.0,1579.8,111,3799.6
12290683502308,168.000099366,7996305408,17005826048,7691460608,93309796352,53.4,1534.6,111,3799.6
12290733476229,168.050073287,7917023232,17005826048,7675817984,93325438976,43.3,1143.7,111,3799.6
12290783483454,168.100080512,8035946496,17005826048,7952441344,93048815616,45.6,1279.5,111,3799.6
12290833490688,168.150087746,8075587584,17005826048,7933898752,93067358208,40.1,1139.3,111,3799.6
12290883503292,168.20010035,7729733632,16804495360,7631425536,93369831424,39.6,1098.3,111,3799.6
12290933488034,168.250085092,8075587584,17005826048,7809474560,93191782400,46.5,1263.0,111,3799.6
12290983478417,168.300075475,7684345856,16619941888,7824420864,93176836096,64.6,1159.9,111,3799.6
12291033477365,168.350074423,7604486144,16534724608,7940755456,93060501504,66.9,1539.9,111,3799.6
12291083518343,168.400115401,8026529792,17005826048,8140226560,92861030400,60.8,1551.7,111,3851.4
12291133485221,168.450082279,7996305408,17005826048,8176427008,92824829952,45.0,1263.9,111,3851.4
12291183494279,168.500091337,8035950592,17005826048,8218763264,92782493696,46.5,1282.3,111,3851.4
12291233491194,168.550088252,7823925248,16754159616,8195547136,92805709824,44.2,1257.4,111,3851.4
12291283485183,168.600082241,7956668416,17005826048,8181080064,92820176896,49.4,1362.6,111,3851.4
12291333482699,168.650079757,7823925248,16754159616,8047669248,92953587712,38.0,1061.0,111,3851.4
12291383487289,168.700084347,7685509120,16619941888,8021864448,92979392512,48.7,1418.6,111,3851.4
12291433485906,168.750082964,7689707520,16619941888,7895420928,93105836032,54.4,1576.1,111,3851.4
12291483491818,168.800088876,8075591680,17005826048,8187146240,92814110720,48.7,1362.4,111,3851.4
12291533493702,168.85009076,7823925248,16754159616,8187404288,92813852672,42.5,1180.2,111,3851.4
12291583490517,168.900087575,8075591680,17005826048,8457580544,92543676416,45.6,1298.6,111,3851.4
12291633492231,168.950089289,7823925248,16754159616,8259915776,92741341184,43.9,1202.0,111,3743.5
12291683487653,169.000084711,8075591680,17005826048,8546406400,92454850560,47.5,1319.6,111,3743.5
12291733481141,169.050078199,7784284160,16754159616,8432603136,92568653824,45.3,1201.5,111,3743.5
12291783496130,169.100093188,7657689088,16587923456,8200597504,92800659456,49.7,1377.1,111,3743.5
12291833474991,169.150072049,7681314816,16619941888,8132988928,92868268032,51.3,1543.4,111,3743.5
12291883483748,169.200080806,8075591680,17005826048,8243871744,92757385216,47.5,1378.4,111,3743.5
12291933503766,169.250100824,7784284160,16754159616,8045924352,92955332608,41.0,1217.1,111,3743.5
12291983495862,169.30009292,8075591680,17005826048,8159981568,92841275392,41.5,1219.5,111,3743.5
12292033482236,169.350079294,7823925248,16754159616,7940923392,93060333568,41.1,1203.8,111,3743.5
12292083551828,169.400148886,8075595776,17005826048,8028917760,92972339200,41.4,1215.4,111,3743.5
12292133553732,169.45015079,7823929344,16754159616,7789527040,93211729920,37.3,1100.5,111,3450.2
12292183513978,169.500111036,7657693184,16587923456,7751319552,93249937408,49.7,1460.7,111,3450.2
12292233535699,169.550132757,7622598656,16552828928,7660216320,93341040640,52.2,1559.5,111,3450.2
12292283489162,169.60008622,8075595776,17005826048,7999033344,93002223616,43.0,1243.5,111,3450.2
12292333481228,169.650078286,7693897728,16754159616,7707426816,93293830144,40.6,1181.2,111,3450.2
12292383486999,169.700084057,8075595776,17005826048,7943770112,93057486848,42.9,1238.8,111,3450.2
12292433482451,169.750079509,7823929344,16754159616,7703912448,93297344512,40.3,1160.9,111,3450.2
12292483512919,169.800109977,8075595776,17005826048,7830528000,93170728960,42.5,1271.9,111,3450.2
12292533487913,169.850084971,7823929344,16754159616,7589253120,93412003840,35.8,984.6,111,3450.2
12292583475680,169.900072738,7656153088,16619941888,7526367232,93474889728,45.5,1382.7,111,3450.2
12292633487854,169.950084912,7622602752,16552828928,7565058048,93436198912,53.1,1572.9,111,3450.2
12292683501520,170.000098578,8075599872,17005826048,8048103424,92953153536,46.8,1336.7,111,3734.4
12292733482725,170.050079783,7622602752,16754159616,7965528064,93035728896,46.6,1246.8,111,3734.4
12292783507973,170.100105031,8075599872,17005826048,8456077312,92545179648,46.5,1376.5,111,3734.4
12292833502693,170.150099751,7916257280,17005826048,8337674240,92663582720,44.0,1296.5,111,3734.4
12292883483398,170.200080456,8018964480,17005826048,8390803456,92610453504,44.9,1288.4,111,3734.4
12292933482136,170.250079194,7717187584,16687054848,8254795776,92746461184,46.3,1359.3,111,3734.4
12292983501072,170.30009813,7756828672,16687054848,8159318016,92841938944,52.5,1596.5,111,3734.4
12293034032953,170.350630011,8075599872,17005826048,8237502464,92763754496,47.5,1384.8,111,3734.4
12293083529206,170.400126264,7823933440,16754159616,7994937344,93006319616,39.4,1128.9,111,3734.4
12293133512525,170.450109583,7877394432,17005826048,7926550528,93074706432,41.1,1199.7,111,3734.4
12293183473392,170.50007045,7830224896,16804495360,7800639488,93200617472,38.4,1108.1,111,3734.4
12293233485766,170.550082824,8035958784,17005826048,7859572736,93141684224,44.9,1317.0,111,3927.2
12293283486527,170.600083585,7996321792,17005826048,7848796160,93152460800,40.3,1180.0,111,3927.2
12293333485396,170.650082454,7756832768,16687054848,7806013440,93195243520,43.8,1278.9,111,3927.2
12293383512848,170.700109906,7756832768,16687054848,7795736576,93205520384,51.6,1556.6,111,3927.2
12293433491198,170.750088256,8075603968,17005826048,7952113664,93049143296,47.5,1382.6,111,3927.2
12293483487611,170.800084669,7823937536,16754159616,7919149056,93082107904,41.5,1221.2,111,3927.2
12293533525072,170.85012213,8075603968,17005826048,8302948352,92698308608,46.8,1358.9,111,3927.2
12293583485689,170.900082747,7744655360,16754159616,8018477056,92982779904,41.5,1220.2,111,3927.2
12293633508402,170.95010546,8075603968,17005826048,8138821632,92862435328,44.1,1255.2,111,3927.2
12293683475360,171.000072418,7708590080,16754159616,8139079680,92862177280,42.9,1248.3,111,3927.2
12293733478837,171.050075895,7604506624,16534724608,8184487936,92816769024,55.0,1516.1,111,3927.2
12293783490419,171.100087477,8018976768,17005826048,8476020736,92525236224,53.1,1539.5,111,3753.2
12293833495950,171.150093008,7823941632,16754159616,8552132608,92449124352,42.9,1179.9,111,3753.2
12293883493426,171.200090484,8074895360,17005826048,8767344640,92233912320,49.7,1421.1,111,3753.2
12293933500159,171.250097217,7823941632,16754159616,8516767744,92484489216,45.0,1276.8,111,3753.2
12293983560843,171.300157901,8075608064,17005826048,8587710464,92413546496,45.3,1318.9,111,3753.2
12294033482847,171.350079905,7744659456,16754159616,8286294016,92714962944,42.9,1185.8,111,3753.2
12294083485743,171.400082801,7614693376,16587923456,8248733696,92752523264,50.0,1459.2,111,3753.2
12294133504308,171.450101366,7996325888,17005826048,8574390272,92426866688,54.4,1558.2,111,3753.2
12294183483399,171.500080457,7823941632,16754159616,8604598272,92396658688,42.9,1218.6,111,3753.2
12294233478731,171.550075789,7877402624,17005826048,8804585472,92196671488,49.0,1404.8,111,3753.2
12294283479262,171.60007632,7956684800,17005826048,8803020800,92198236160,40.9,1138.9,111,3753.2
12294333490774,171.650087832,8023171072,17005826048,8668008448,92333248512,46.3,1278.2,111,3851.5
12294383477901,171.700074959,7917047808,17005826048,8472150016,92529106944,41.1,1202.5,111,3851.5
12294433486126,171.750083184,7756845056,16687054848,8222715904,92778541056,43.3,1238.1,111,3851.5
12294483483592,171.80008065,7756845056,16687054848,8101175296,92900081664,54.1,1561.2,111,3851.5
12294533486728,171.850083786,8075616256,17005826048,8246198272,92755058688,48.8,1377.1,111,3851.5
12294583491237,171.900088295,7823949824,16754159616,8005439488,92995817472,40.9,1158.2,111,3851.5
12294633484665,171.950081723,7923535872,17005826048,7955308544,93045948416,44.4,1181.8,111,3851.5
12294683487561,172.000084619,7823949824,16754159616,7801511936,93199745024,39.9,1119.4,111,3851.5
12294733481800,172.050078858,8035762176,17005826048,7802028032,93199228928,48.7,1303.7,111,3851.5
12294783478765,172.100075823,8075616256,17005826048,7754141696,93247115264,39.4,1081.0,111,3851.5
12294833483985,172.150081043,7712382976,16687054848,7310794752,93690462208,41.0,1136.8,111,3851.5
12294883489065,172.200086123,7734312960,16687054848,7188295680,93812961280,52.8,1557.8,111,4017.2
12294933480740,172.250077798,7996334080,17005826048,7360155648,93641101312,53.5,1545.0,111,4017.2
12294983485159,172.300082217,7956692992,17005826048,7277576192,93723680768,41.2,1159.1,111,4017.2
12295033508924,172.350105982,7937732608,17005826048,7111106560,93890150400,39.8,1091.6,111,4017.2
12295083489237,172.400086295,8075616256,17005826048,7162200064,93839056896,42.7,1187.7,111,4017.2
12295133478166,172.450075224,7784308736,16754159616,6915129344,94086127616,37.7,1062.7,111,4017.2
12295183483757,172.500080815,8075616256,17005826048,6977060864,94024196096,40.4,1117.3,111,4017.2
12295233475071,172.550072129,7834648576,16804495360,6761627648,94239629312,36.5,1041.9,111,4017.2
12295283491583,172.600088641,7756849152,16687054848,6650105856,94351151104,44.4,1237.8,111,4017.2
12295333487055,172.650084113,7744360448,16687054848,6591787008,94409469952,53.2,1559.0,111,4017.2
12295383483939,172.700080997,7917056000,17005826048,6704553984,94296702976,48.1,1401.9,111,4017.2
12295433486574,172.750083632,7917056000,17005826048,6659747840,94341509120,42.2,1160.0,111,3739.5
12295483503356,172.800100414,7915925504,17005826048,6583611392,94417645568,39.4,1133.9,111,3739.5
12295533507745,172.850104803,8075620352,17005826048,6740500480,94260756480,42.1,1204.0,111,3739.5
12295583494330,172.900091388,7716990976,16754159616,6421524480,94579732480,37.3,1041.2,111,3739.5
12295633503317,172.950100375,8075620352,17005826048,6664089600,94337167360,42.5,1158.5,111,3739.5
12295684042682,173.00063974,7823953920,16754159616,6427451392,94573805568,37.3,1047.6,111,3739.5
12295733482779,173.050079837,7689736192,16619941888,6332526592,94668730368,47.8,1297.3,111,3739.5
12295783484172,173.10008123,7689740288,16619941888,6606831616,94394425344,56.9,1578.6,111,3739.5
12295833486366,173.150083424,8075624448,17005826048,7031939072,93969317888,46.2,1341.9,111,3739.5
12295883479684,173.200076742,7823958016,16754159616,6954831872,94046425088,43.1,1280.0,111,3739.5
12295933498159,173.250095217,8075624448,17005826048,7343968256,93657288704,44.4,1317.5,111,3775.1
12295983497247,173.300094305,7823958016,16754159616,7286681600,93714575360,40.4,1199.7,111,3775.1
12296033485906,173.350082964,8075624448,17005826048,7658684416,93342572544,47.2,1323.7,111,3775.1
12296083479044,173.400076102,7625752576,16754159616,7571464192,93429792768,42.9,1282.1,111,3775.1
12296133482671,173.450079729,7603326976,16587923456,7456116736,93545140224,51.9,1497.1,111,3775.1
12296183477171,173.500074229,8035983360,17005826048,7784869888,93216387072,52.5,1562.0,111,3775.1
12296233479906,173.550076964,7901548544,17005826048,7624351744,93376905216,39.8,1159.5,111,3775.1
12296283474767,173.600071825,7917060096,17005826048,7696637952,93304619008,43.7,1302.3,111,3775.1
12296333506517,173.650103575,7823958016,16754159616,7807184896,93194072064,43.8,1195.5,111,3775.1
12296383496508,173.700093566,8075624448,17005826048,8208191488,92793065472,48.1,1440.6,111,3775.1
12296433486049,173.750083107,7622627328,16754159616,7805366272,93195890688,39.4,1193.8,111,3775.1
12296483484696,173.800081754,7620784128,16552828928,7753150464,93248106496,52.5,1527.7,111,3881.6
12296533479437,173.850076495,7956705280,17005826048,7992348672,93008908288,52.5,1584.9,111,3881.6
12296583473656,173.900070714,7823962112,16754159616,7803973632,93197283328,37.3,1076.9,111,3881.6
12296633484567,173.950081625,7881383936,17005826048,7927578624,93073678336,45.9,1273.6,111,3881.6
12296683478956,174.000076014,7918329856,17005826048,8051134464,92950122496,39.9,1128.4,111,3881.6
12296733481692,174.05007875,7996346368,17005826048,8258596864,92742660096,47.2,1258.7,111,3881.6
12296783489296,174.100086354,7899459584,17005826048,8384770048,92616486912,42.8,1240.8,111,3881.6
12296833494426,174.150091484,7689748480,16619941888,8288747520,92712509440,47.5,1415.2,111,3881.6
12296883496340,174.200093398,7689748480,16619941888,8128868352,92872388608,52.2,1557.8,111,3881.6
12296933496160,174.250093218,8075632640,17005826048,8396193792,92605063168,47.8,1418.9,111,3881.6
12296983491391,174.300088449,7805440000,16804495360,8352841728,92648415232,44.0,1282.9,111,3818.7
12297033489397,174.350086455,8075632640,17005826048,8529825792,92471431168,44.3,1303.4,111,3818.7
12297083492243,174.400089301,7870660608,16804495360,8573009920,92428247040,41.6,1178.9,111,3818.7
12297133492904,174.450089962,7962374144,17005826048,8766001152,92235255808,45.6,1359.9,111,3818.7
12297183492754,174.500089812,7689748480,16619941888,8650641408,92350615552,46.9,1379.1,111,3818.7
12297233495690,174.550092748,7689748480,16619941888,8564453376,92436803584,51.6,1581.1,111,3818.7
12297283491873,174.600088931,8075636736,17005826048,8780181504,92221075456,46.0,1377.7,111,3818.7
12297333484399,174.650081457,7782019072,16754159616,8779444224,92221812736,38.5,1162.6,111,3818.7
12297383485832,174.70008289,8075636736,17005826048,8997752832,92003504128,42.2,1218.8,111,3818.7
12297433482836,174.750079894,7882338304,17005826048,8920756224,92080500736,44.7,1300.3,111,3818.7
12297483486043,174.800083101,7956713472,17005826048,9098473472,91902783488,44.9,1320.4,111,3818.7
12297533492054,174.850089112,7689752576,16619941888,9177202688,91824054272,46.9,1417.2,111,3801.5
12297583484500,174.900081558,7650111488,16619941888,9084559360,91916697600,51.9,1542.2,111,3801.5
12297633486093,174.950083151,8075640832,17005826048,9437720576,91563536384,47.5,1377.3,111,3801.5
12297683486764,175.000083822,7823974400,16754159616,9211543552,91789713408,41.0,1121.7,111,3801.5
12297733506151,175.050103209,8075640832,17005826048,9306234880,91695022080,48.4,1358.7,111,3801.5
12297783486294,175.100083352,7823974400,16754159616,9102942208,91898314752,40.8,1143.0,111,3801.5
12297833491704,175.150088762,8075640832,17005826048,9303662592,91697594368,45.6,1298.1,111,3801.5
12297883481595,175.200078653,7693942784,16754159616,9093337088,91907919872,43.9,1262.7,111,3801.5
12297933507544,175.250104602,7605030912,16537591808,8874729472,92126527488,49.4,1418.2,111,3801.5
12297983489110,175.300086168,8027934720,17005826048,9137422336,91863834624,54.7,1578.9,111,3801.5
12298033480574,175.350077632,7917076480,17005826048,9068351488,91932905472,44.6,1302.7,111,3801.5
12298083480914,175.400077972,7956717568,17005826048,9287122944,91714134016,45.3,1280.2,111,3822.4
12298133480053,175.450077111,7823974400,16804495360,9096151040,91905105920,41.0,1198.5,111,3822.4
12298183482688,175.500079746,7983357952,17005826048,9060225024,91941031936,48.7,1361.7,111,3822.4
12298233481406,175.550078464,7877435392,17005826048,8881545216,92119711744,41.0,1179.9,111,3822.4
12298283494581,175.600091639,7689756672,16619941888,8572661760,92428595200,46.0,1277.8,111,3822.4
12298333482809,175.650079867,7689760768,16619941888,8437702656,92563554304,53.8,1561.3,111,3822.4
12298383491545,175.700088603,8075644928,17005826048,8475893760,92525363200,48.1,1379.9,111,3822.4
12298433495673,175.750092731,7744696320,16754159616,8160653312,92840603648,43.7,1256.7,111,3822.4
12298483485163,175.800082221,8075644928,17005826048,8233398272,92767858688,43.0,1202.0,111,3822.4
12298533482448,175.850079506,7792513024,16754159616,7996764160,93004492800,41.4,1181.8,111,3822.4
12298583487969,175.900085027,8075644928,17005826048,7993667584,93007589376,43.1,1238.2,111,3746.4
12298633494240,175.950091298,7823978496,16754159616,7754231808,93247025152,39.2,1060.7,111,3746.4
12298683479543,176.000076601,7650119680,16619941888,7517859840,93483397120,47.2,1341.8,111,3746.4
12298733489562,176.05008662,7689760768,16619941888,7437090816,93564166144,56.2,1575.3,111,3746.4
12298783483961,176.100081019,8075649024,17005826048,7682224128,93319032832,48.1,1342.9,111,3746.4
12298833486576,176.150083634,7823982592,16754159616,7437664256,93563592704,42.8,1199.5,111,3746.4
12298883483611,176.200080669,8075649024,17005826048,7509311488,93491945472,42.0,1200.4,111,3746.4
12298933491726,176.250088784,7823982592,16754159616,7260037120,93741219840,41.4,1156.2,111,3746.4
12298983481958,176.300079016,7909933056,17005826048,7231705088,93769551872,39.1,1124.0,111,3746.4
12299033483260,176.350080318,7917084672,17005826048,7187902464,93813354496,40.0,1179.6,111,3746.4
12299083483170,176.400080228,7756877824,16687054848,6951084032,94050172928,41.5,1200.0,111,3746.4
12299133482920,176.450079978,7689764864,16687054848,6880894976,94120361984,52.5,1560.9,111,3949.9
12299183482439,176.500079497,7935131648,17005826048,7079591936,93921665024,50.9,1459.4,111,3949.9
12299233479022,176.55007608,7917084672,17005826048,7042596864,93958660096,41.3,1161.2,111,3949.9
12299283482439,176.600079497,7860371456,16804495360,6925701120,94075555840,39.6,1119.1,111,3949.9
12299333483451,176.650080509,8075649024,17005826048,7140646912,93860610048,42.8,1239.3,111,3949.9
12299383499220,176.700096278,7625777152,16754159616,6710534144,94290722816,37.5,1077.2,111,3949.9
12299433492618,176.750089676,8075649024,17005826048,7132958720,93868298240,45.3,1278.4,111,3949.9
12299483482439,176.800079497,7823982592,16754159616,6900256768,94101000192,39.9,1124.5,111,3949.9
12299533486286,176.850083344,7689760768,16619941888,6736396288,94264860672,45.9,1318.7,111,3949.9
12299583480295,176.900077353,7689764864,16687054848,6717145088,94284111872,52.8,1521.8,111,3949.9
12299633500202,176.95009726,8075649024,17005826048,7047446528,93953810432,48.1,1397.4,111,3854.9
12299683490344,177.000087402,7823986688,16754159616,6806683648,94194573312,41.0,1122.1,111,3854.9
12299733501916,177.050098974,7956729856,17005826048,6927040512,94074216448,44.7,1197.2,111,3854.9
12299783495754,177.100092812,8075653120,17005826048,7000915968,94000340992,40.5,1122.4,111,3854.9
12299833495002,177.15009206,7699578880,16804495360,6974853120,94026403840,42.2,1218.1,111,3854.9
12299883488881,177.200085939,8075657216,17005826048,7428227072,93573029888,45.3,1340.4,111,3854.9
12299933476798,177.250073856,7698866176,16687054848,7324749824,93676507136,40.3,1162.0,111,3854.9
12299983483180,177.300080238,7698173952,16687054848,7278301184,93722955776,52.8,1596.0,111,3854.9
12300033479623,177.350076681,7917092864,17005826048,7441125376,93560131584,51.0,1505.4,111,3854.9
12300083473221,177.400070279,7834685440,16804495360,7528103936,93473153024,40.0,1160.1,111,3854.9
12300133474724,177.450071782,7893196800,17005826048,7593058304,93408198656,45.2,1340.6,111,3854.9
12300183482038,177.500079096,7823990784,16754159616,7607767040,93393489920,40.5,1198.6,111,3780.1
12300233489792,177.55008685,7889313792,17005826048,7727169536,93274087424,45.7,1336.9,111,3780.1
12300283482018,177.600079076,7823990784,16754159616,7828840448,93172416512,44.7,1280.3,111,3780.1
12300333489341,177.650086399,7625228288,16587923456,7802777600,93198479360,47.5,1400.0,111,3780.1
12300383516242,177.7001133,8072491008,17005826048,8226234368,92775022592,53.5,1579.4,111,3780.1
12300433490634,177.750087692,7823990784,16754159616,8244989952,92756267008,42.8,1299.8,111,3780.1
12300483474243,177.800071301,7881347072,17005826048,8369614848,92631642112,49.1,1364.0,111,3780.1
12300533486255,177.850083313,7823990784,16754159616,8368324608,92632932352,40.6,1177.6,111,3780.1
12300583481166,177.900078224,7874326528,16804495360,8522964992,92478291968,45.3,1360.2,111,3780.1
12300633480314,177.950077372,7823990784,16754159616,8611733504,92389523456,41.3,1160.2,111,3780.1
12300683480134,178.000077192,7689773056,16619941888,8476516352,92524740608,48.4,1400.1,111,3780.1
12300733493969,178.050091027,7689777152,16619941888,8367067136,92634189824,56.9,1596.0,111,3909.5
12300783483630,178.100080688,8075665408,17005826048,8522670080,92478586880,48.4,1363.5,111,3909.5
12300833502666,178.150099724,7784357888,16754159616,8354889728,92646367232,43.1,1278.3,111,3909.5
12300883490102,178.20008716,8075665408,17005826048,8381321216,92619935744,42.0,1222.4,111,3909.5
12300933480223,178.250077281,7823998976,16754159616,8368766976,92632489984,42.1,1239.6,111,3909.5
12300983487226,178.300084284,8075665408,17005826048,8683585536,92317671424,46.3,1378.2,111,3909.5
12301033511432,178.35010849,7622668288,16552828928,8506277888,92494979072,40.9,1199.4,111,3909.5
12301083491163,178.400088221,7604563968,16534724608,8358404096,92642852864,51.9,1575.8,111,3909.5
12301133479201,178.450076259,7924662272,17005826048,8485617664,92515639296,51.9,1529.6,111,3909.5
12301183505610,178.500102668,7823998976,16754159616,8305229824,92696027136,39.6,1134.9,111,3909.5
12301233501463,178.550098521,7876993024,17005826048,8237105152,92764151808,44.2,1284.4,111,3596.1
12301283505360,178.600102418,7823998976,16754159616,8124596224,92876660736,41.4,1234.5,111,3596.1
12301333492165,178.650089223,8052572160,17005826048,8243298304,92757958656,45.0,1300.4,111,3596.1
12301383492475,178.700089533,7823998976,16754159616,8001765376,92999491584,40.0,1157.6,111,3596.1
12301433492285,178.750089343,7689781248,16619941888,7815643136,93185613824,45.8,1367.3,111,3596.1
12301483490722,178.80008778,7689785344,16619941888,7950028800,93051228160,52.1,1573.7,111,3596.1
12301533496492,178.85009355,8075669504,17005826048,8192503808,92808753152,47.2,1383.9,111,3596.1
12301583486403,178.900083461,7705079808,16754159616,8007012352,92994244608,42.0,1222.5,111,3596.1
12301633491362,178.95008842,8075669504,17005826048,8268931072,92732325888,46.6,1357.4,111,3596.1
12301683489970,179.000087028,7805931520,16804495360,8327766016,92673490944,44.0,1278.4,111,3596.1
12301733489338,179.050086396,8075669504,17005826048,8661934080,92339322880,49.0,1344.8,111,3596.1
12301783489067,179.100086125,7756898304,16687054848,8537440256,92463816704,41.5,1239.0,111,3995.8
12301833497814,179.150094872,7756898304,16687054848,8372404224,92628852736,52.8,1534.7,111,3995.8
12301883499477,179.200096535,8075673600,17005826048,8430551040,92570705920,50.9,1456.5,111,3995.8
12301933501911,179.250098969,7824007168,16754159616,8319074304,92682182656,45.3,1265.2,111,3995.8
12301983490189,179.300087247,8075673600,17005826048,8300064768,92701192192,44.7,1278.9,111,3995.8
12302033493495,179.350090553,7824007168,16754159616,8083181568,92918075392,43.4,1161.1,111,3995.8
12302083489557,179.400086615,8075673600,17005826048,8467415040,92533841920,45.2,1321.7,111,3995.8
12302133478897,179.450075955,7665442816,16754159616,8250126336,92751130624,42.5,1202.3,111,3995.8
12302183475601,179.500072659,7618129920,16587923456,8035942400,92965314560,52.8,1459.0,111,3995.8
12302233477604,179.550074662,8021139456,17005826048,8220446720,92780810240,54.9,1579.5,111,3995.8
12302283482383,179.600079441,7917109248,17005826048,8218001408,92783255552,42.1,1219.8,111,3995.8
12302333507099,179.650104157,8069689344,17005826048,8201265152,92799991808,45.0,1274.0,111,4032.1
12302383473256,179.700070314,7824007168,16804495360,8183697408,92817559552,42.8,1207.2,111,4032.1
12302433480779,179.750077837,7956750336,17005826048,8271257600,92729999360,49.1,1359.3,111,4032.1
12302483488674,179.800085732,7824007168,16754159616,8312057856,92689199104,43.7,1218.0,111,4032.1
12302533515735,179.850112793,7622676480,16552828928,8288317440,92712939520,52.5,1479.2,111,4032.1
12302583518099,179.900115157,7689789440,16619941888,8315256832,92686000128,78.0,1557.0,111,4032.1
12302633499514,179.950096572,8075673600,17005826048,8450457600,92550799360,61.6,1359.4,111,4032.1
12302683992120,180.000589178,7824007168,16754159616,8208408576,92792848384,45.3,1111.1,111,4032.1
12302733497950,180.050095008,8062189568,17005826048,8207249408,92794007552,48.4,1212.4,111,4032.1
12302783500224,180.100097282,7834701824,16804495360,7990325248,93010931712,38.9,1019.8,111,4032.1
12302833494323,180.150091381,8052596736,17005826048,8069853184,92931403776,47.5,1301.2,111,4032.1
12302883503430,180.200100488,8075673600,17005826048,7993929728,93007327232,38.4,1138.3,111,3500.8
12302933488261,180.250085319,7756906496,16687054848,8000675840,93000581120,44.9,1241.5,111,3500.8
12302983484474,180.300081532,7756910592,16687054848,8172789760,92828467200,52.5,1559.7,111,3500.8
12303033483912,180.35008097,8075681792,17005826048,8446836736,92554420224,51.0,1422.4,111,3500.8
12303083486617,180.400083675,7824015360,16754159616,8206077952,92795179008,43.1,1239.5,111,3500.8
12303133481547,180.450078605,8075681792,17005826048,8289169408,92712087552,46.5,1320.3,111,3500.8
12303183487799,180.500084857,7824015360,16754159616,8176144384,92825112576,44.4,1219.0,111,3500.8
12303233481797,180.550078855,8075681792,17005826048,8451534848,92549722112,43.7,1241.4,111,3500.8
12303283473371,180.600070429,7784374272,16754159616,8222244864,92779012096,41.8,1181.1,111,3500.8
12303333486566,180.650083624,7657779200,16587923456,7937875968,93063380992,49.7,1437.5,111,3500.8
12303383482708,180.700079766,8036040704,17005826048,8331067392,92670189568,54.1,1580.0,111,3500.8
12303433490693,180.750087751,7824015360,16754159616,8277393408,92723863552,43.5,1236.1,111,3856.3
12303483492767,180.800089825,8009478144,17005826048,8488476672,92512780288,49.1,1401.8,111,3856.3
12303533504058,180.850101116,7824015360,16754159616,8288190464,92713066496,39.6,1139.4,111,3856.3
12303583480623,180.900077681,7899512832,17005826048,8316178432,92685078528,44.6,1285.6,111,3856.3
12303633482446,180.950079504,7917121536,17005826048,8275148800,92726108160,41.2,1140.2,111,3856.3
12303683482446,181.000079504,7721254912,16687054848,8036282368,92964974592,44.0,1238.1,111,3856.3
12303733482075,181.050079133,7756914688,16687054848,7926325248,93074931712,67.3,1579.2,111,3856.3
12303783478357,181.100075415,7884836864,17005826048,7910055936,93091201024,60.6,1443.0,111,3856.3
12303833513443,181.150110501,7824019456,16754159616,7906193408,93095063552,43.5,1154.0,111,3856.3
12303883485360,181.200082418,8075685888,17005826048,8319123456,92682133504,48.4,1383.5,111,3856.3
12303933484087,181.250081145,7824023552,16754159616,8303124480,92698132480,43.4,1281.2,111,3856.3
12303983486091,181.300083149,8075689984,17005826048,8645812224,92355444736,48.7,1458.1,111,3841.7
12304033484077,181.350081135,7744741376,16754159616,8530698240,92470558720,39.6,1101.9,111,3841.7
12304083488064,181.400085122,7657787392,16587923456,8384122880,92617134080,50.9,1538.1,111,3841.7
12304133481792,181.45007885,8050515968,17005826048,8538435584,92462821376,52.8,1563.2,111,3841.7
12304183472644,181.500069702,7834718208,16804495360,8530280448,92470976512,40.9,1220.8,111,3841.7
12304233475740,181.550072798,7917125632,17005826048,8597614592,92403642368,46.9,1360.2,111,3841.7
12304283492090,181.600089148,7824023552,16754159616,8713220096,92288036864,42.9,1236.5,111,3841.7
12304333482161,181.650079219,8075689984,17005826048,9009975296,91991281664,50.3,1440.5,111,3841.7
12304383488933,181.700085991,7824023552,16754159616,8912691200,92088565760,42.4,1280.5,111,3841.7
12304433480517,181.750077575,7657787392,16587923456,9007845376,91993411584,49.7,1480.9,111,3841.7
12304483479645,181.800076703,7968727040,17005826048,9253765120,91747491840,52.8,1539.6,111,3841.7
12304533486057,181.850083115,7824023552,16754159616,9047584768,91953672192,41.6,1257.5,111,3801.7
12304583489433,181.900086491,8073359360,17005826048,9100939264,91900317696,44.9,1302.8,111,3801.7
12304633505352,181.95010241,7824027648,16754159616,8855388160,92145868800,41.9,1216.2,111,3801.7
12304684044055,182.000641113,8075694080,17005826048,8938737664,92062519296,46.3,1308.8,111,3801.7
12304733489401,182.050086459,7824027648,16754159616,8694108160,92307148800,45.3,1192.7,111,3801.7
12304783488590,182.100085648,7657791488,16587923456,8452833280,92548423680,51.6,1439.8,111,3801.7
12304833486505,182.150083563,7708360704,16804495360,8388313088,92612943872,52.6,1560.7,111,3801.7
12304883483489,182.200080547,8075694080,17005826048,8633716736,92367540224,46.0,1340.2,111,3801.7
12304933499078,182.250096136,7687704576,16754159616,8330190848,92671066112,41.2,1180.9,111,3801.7
12304983489610,182.300086668,8075694080,17005826048,8548237312,92453019648,43.1,1218.0,111,3801.7
12305033478368,182.350075426,7794659328,16754159616,8548495360,92452761600,41.9,1179.3,111,3801.7
12305083500820,182.400097878,8075694080,17005826048,8767172608,92234084352,44.7,1338.4,111,3873.4
12305133677151,182.450274209,7622701056,16619941888,8462159872,92539097088,41.1,1176.7,111,3873.4
12305183488957,182.500086015,7603396608,16587923456,8299847680,92701409280,54.7,1508.5,111,3873.4
12305233481883,182.550078941,8050524160,17005826048,8523558912,92477698048,53.5,1599.5,111,3873.4
12305283477986,182.600075044,7917133824,17005826048,8338538496,92662718464,41.9,1201.2,111,3873.4
12305333483355,182.650080413,8036057088,17005826048,8270413824,92730843136,44.3,1239.9,111,3873.4
12305383483455,182.700080513,7956774912,17005826048,8143486976,92857769984,41.5,1219.7,111,3873.4
12305433491880,182.750088938,7953080320,17005826048,8058290176,92942966784,41.0,1175.4,111,3873.4
12305483491078,182.800088136,8075698176,17005826048,8152735744,92848521216,43.5,1202.5,111,3873.4
12305533481921,182.850078979,7717285888,16687054848,7747428352,93253828608,37.2,1101.5,111,3873.4
12305583480207,182.900077265,7604596736,16534724608,7569502208,93431754752,51.9,1538.4,111,3873.4
12305633481249,182.950078307,8036057088,17005826048,7921221632,93080035328,53.8,1561.9,111,3886.2
12305683495475,183.000092533,7996420096,17005826048,7810260992,93190995968,42.8,1179.1,111,3886.2
12305733517716,183.050114774,7909232640,17005826048,7601688576,93399568384,41.5,1134.2,111,3886.2
12305783493570,183.100090628,8075706368,17005826048,7709024256,93292232704,44.7,1244.1,111,3886.2
12305833483501,183.150080559,7705116672,16754159616,7365263360,93635993600,39.5,1102.6,111,3886.2
12305883485915,183.200082973,8075706368,17005826048,7667490816,93333766144,45.7,1259.3,111,3886.2
12305933481957,183.250079015,7784398848,16754159616,7398604800,93602652160,41.0,1160.6,111,3886.2
12305983499570,183.300096628,7657803776,16587923456,7207649280,93793607680,50.0,1437.7,111,3886.2
12306033489540,183.350086598,7633195008,16619941888,7160942592,93840314368,53.2,1501.7,111,3886.2
12306083488207,183.400085265,8075706368,17005826048,7450472448,93550784512,45.6,1298.9,111,3886.2
12306133486664,183.450083722,7784398848,16754159616,7199354880,93801902080,41.9,1121.1,111,3652.6
12306183515157,183.500112215,8075706368,17005826048,7310573568,93690683392,44.7,1237.0,111,3652.6
12306233493816,183.550090874,7824044032,16754159616,7068475392,93932781568,41.9,1139.7,111,3652.6
12306283496281,183.600093339,7961989120,17005826048,7043907584,93957349376,41.5,1180.1,111,3652.6
12306333491952,183.65008901,7824044032,16754159616,6899531776,94101725184,40.1,1082.0,111,3652.6
12306383481472,183.70007853,7717298176,16687054848,6778466304,94222790656,45.6,1322.9,111,3652.6
12306433487833,183.750084891,7756939264,16687054848,6771499008,94229757952,55.3,1577.8,111,3652.6
12306483481080,183.800078138,8074092544,17005826048,7087337472,93913919488,47.5,1361.0,111,3652.6
12306533489405,183.850086463,7824044032,16754159616,6843998208,94157258752,43.2,1196.2,111,3652.6
12306583482492,183.90007955,7877505024,17005826048,6854868992,94146387968,39.1,1124.4,111,3652.6
12306633492780,183.950089838,7824044032,16754159616,6766616576,94234640384,41.0,1110.6,111,3233.2
12306683487891,184.000084949,7960358912,17005826048,6921961472,94079295488,47.1,1350.7,111,3233.2
12306733480456,184.050077514,7916314624,17005826048,6809174016,94192082944,41.9,1120.9,111,3233.2
12306783488611,184.100085669,7756939264,16687054848,6648147968,94353108992,43.5,1157.4,111,3233.2
12306833484873,184.150081931,7756939264,16687054848,6636793856,94364463104,55.0,1599.1,111,3233.2
12306883488419,184.200085477,7900876800,17005826048,6774358016,94226898944,46.8,1320.9,111,3233.2
12306933486866,184.250083924,7824044032,16754159616,6689718272,94311538688,41.2,1178.1,111,3233.2
12306983481255,184.300078313,7886958592,17005826048,6794743808,94206513152,45.0,1224.5,111,3233.2
12307033502715,184.350099773,7824048128,16754159616,6702862336,94298394624,39.8,1116.0,111,3233.2
12307083481775,184.400078833,8029569024,17005826048,6914887680,94086369280,48.7,1323.6,111,3233.2
12307133480472,184.45007753,7949873152,17005826048,6843924480,94157332480,41.8,1180.8,111,3233.2
12307183485651,184.500082709,7756943360,16687054848,6635384832,94365872128,41.5,1176.7,111,4086.3
12307233486602,184.55008366,7717306368,16687054848,6609321984,94391934976,53.1,1520.6,111,4086.3
12307283480340,184.600077398,7956795392,17005826048,6763118592,94238138368,52.9,1504.3,111,4086.3
12307333478586,184.650075644,7956168704,17005826048,6706302976,94294953984,42.2,1179.7,111,4086.3
12307383494565,184.700091623,7944683520,17005826048,6673272832,94327984128,39.6,1095.1,111,4086.3
12307433489205,184.750086263,8075718656,17005826048,6785552384,94215704576,44.9,1222.6,111,4086.3
12307483493262,184.80009032,7915167744,17005826048,6611099648,94390157312,42.5,1196.2,111,4086.3
12307533482992,184.85008005,8075718656,17005826048,6737801216,94263455744,43.9,1206.2,111,4086.3
12307583485195,184.900082253,7753068544,16687054848,6423756800,94577500160,40.0,1157.1,111,4086.3
12307633488872,184.95008593,7721291776,16687054848,6438981632,94562275328,56.6,1548.8,111,4086.3
12307683480926,185.000077984,7956795392,17005826048,6620131328,94381125632,53.5,1515.3,111,4086.3
12307733488800,185.050085858,7877513216,17005826048,6512254976,94489001984,41.9,1117.4,111,3700.3
12307783484361,185.100081419,8049045504,17005826048,6592524288,94408732672,42.8,1140.0,111,3700.3
12307833483339,185.150080397,8075722752,17005826048,6644908032,94356348928,40.6,1181.0,111,3700.3
12307883487957,185.200085015,7763836928,16804495360,6311890944,94689366016,39.4,1098.6,111,3700.3
12307933498997,185.250096055,8075722752,17005826048,6712971264,94288285696,44.7,1279.4,111,3700.3
12307983496371,185.300093429,7701241856,16687054848,6562013184,94439243776,38.4,1095.9,111,3700.3
12308033481753,185.350078811,7746715648,16687054848,6854631424,94146625536,53.2,1529.0,111,3700.3
12308083480079,185.400077137,7885475840,17005826048,7196049408,93805207552,50.0,1479.7,111,3700.3
12308133487453,185.450084511,7824060416,16754159616,7336415232,93664841728,43.7,1239.7,111,3700.3
12308183487612,185.50008467,8075726848,17005826048,7794450432,93206806528,52.1,1497.9,111,3700.3
12308233487491,185.550084549,7824060416,16754159616,7667748864,93333508096,42.4,1240.1,111,3700.3
12308283491579,185.600088637,8075726848,17005826048,7938183168,93063073792,48.8,1378.9,111,3757.1
12308333482180,185.650079238,7744778240,16754159616,7921238016,93080018944,43.6,1224.0,111,3757.1
12308383474655,185.700071713,7618183168,16587923456,7985885184,93015371776,50.3,1459.4,111,3757.1
12308433488591,185.750085649,7956803584,17005826048,8466628608,92534628352,52.8,1538.3,111,3757.1
12308483486827,185.800083885,7824060416,16754159616,8533696512,92467560448,43.3,1260.3,111,3757.1
12308533494140,185.850091198,8075726848,17005826048,8861954048,92139302912,50.0,1497.8,111,3757.1
12308583606561,185.900203619,7824060416,16754159616,8862212096,92139044864,45.0,1278.0,111,3757.1
12308633491504,185.950088562,8075726848,17005826048,9189675008,91811581952,49.4,1405.0,111,3757.1
12308683485522,186.00008258,7641997312,16619941888,9041297408,91959959552,44.4,1239.8,111,3757.1
12308733490510,186.050087568,7729307648,16687054848,9003376640,91997880320,55.9,1592.6,111,3757.1
12308783485971,186.100083029,7894736896,17005826048,8927383552,92073873408,51.6,1422.5,111,3757.1
12308833492873,186.150089931,7824060416,16754159616,8794746880,92206510080,43.4,1261.0,111,3746.1
12308883488204,186.200085262,8075730944,17005826048,8798957568,92202299392,45.9,1283.1,111,3746.1
12308933462856,186.250059914,7824064512,16754159616,8798699520,92202557440,45.0,1299.7,111,3746.1
12308983492290,186.300089348,8075730944,17005826048,8884613120,92116643840,45.6,1318.5,111,3746.1
12309033481399,186.350078457,7727587328,16754159616,8719294464,92281962496,44.3,1282.8,111,3746.1
12309083589883,186.400186941,7603437568,16537591808,8512872448,92488384512,49.1,1455.6,111,3746.1
12309133504050,186.450101108,7934427136,17005826048,8741359616,92259897344,53.5,1553.9,111,3746.1
12309183484443,186.500081501,8075730944,17005826048,8902844416,92098412544,44.0,1268.9,111,3746.1
12309233499060,186.550096118,7967649792,17005826048,8806277120,92194979840,44.7,1290.9,111,3746.1
12309283481856,186.600078914,7966666752,17005826048,8767569920,92233687040,44.3,1268.0,111,3746.1
12309333493558,186.650090616,8023293952,17005826048,8658378752,92342878208,45.7,1298.0,111,4025.7
12309383477878,186.700074936,7917170688,17005826048,8504066048,92497190912,40.8,1182.7,111,4025.7
12309433493947,186.750091005,7756955648,16687054848,8249049088,92752207872,44.4,1296.1,111,4025.7
12309483491762,186.80008882,7756963840,16687054848,8214401024,92786855936,53.5,1541.2,111,4025.7
12309533488996,186.850086054,8075735040,17005826048,8518381568,92482875392,49.1,1441.1,111,4025.7
12309583476522,186.90007358,7824068608,16754159616,8306167808,92695089152,41.8,1183.0,111,4025.7
12309633489576,186.950086634,8075735040,17005826048,8649887744,92351369216,48.1,1335.8,111,4025.7
12309683481951,187.000079009,7665504256,16754159616,8534282240,92466974720,43.9,1283.2,111,4025.7
12309733488322,187.05008538,8075735040,17005826048,8723402752,92277854208,48.8,1315.3,111,4025.7
12309783487870,187.100084928,7756963840,16687054848,8618291200,92382965760,48.8,1338.9,111,4025.7
12309833489923,187.150086981,7756967936,16687054848,8526303232,92474953728,55.0,1559.7,111,4025.7
12309883489742,187.2000868,8075739136,17005826048,8611975168,92389281792,51.3,1461.3,111,3935.7
12309933486215,187.250083273,7824072704,16754159616,8437673984,92563582976,46.2,1221.7,111,3935.7
12309983503386,187.300100444,8075739136,17005826048,8655519744,92345737216,46.2,1317.0,111,3935.7
12310033475333,187.350072391,7784431616,16754159616,8655519744,92345737216,45.9,1245.0,111,3935.7
12310083483247,187.400080305,8075739136,17005826048,8894214144,92107042816,48.1,1357.0,111,3935.7
12310133481032,187.45007809,7756615680,16687054848,8594903040,92406353920,44.3,1242.2,111,3935.7
12310183484057,187.500081115,7756972032,16687054848,8862773248,92138483712,55.6,1557.0,111,3935.7
12310233489046,187.550086104,8075743232,17005826048,9018634240,91982622720,49.7,1440.8,111,3935.7
12310283484316,187.600081374,7824076800,16754159616,8776069120,92225187840,44.0,1240.3,111,3935.7
12310333484045,187.650081103,8075743232,17005826048,8750751744,92250505216,46.5,1337.6,111,3935.7
12310383492570,187.700089628,7824076800,16754159616,8510791680,92490465280,36.9,980.6,111,4119.4
12310433490215,187.750087273,7931564032,17005826048,8444387328,92556869632,44.0,1219.4,111,4119.4
12310483480465,187.800077523,7917178880,17005826048,8396980224,92604276736,40.8,1144.3,111,4119.4
12310533483370,187.850080428,7756972032,16687054848,8415150080,92586106880,44.9,1238.3,111,4119.4
12310583480133,187.900077191,7717330944,16687054848,8504692736,92496564224,54.7,1558.6,111,4119.4
12310633486745,187.950083803,8075743232,17005826048,8571011072,92430245888,50.6,1418.7,111,4119.4
12310683511831,188.000108889,7824076800,16754159616,8331669504,92669587456,43.1,1218.4,111,4119.4
12310733499227,188.050096285,8075743232,17005826048,8660930560,92340326400,47.8,1260.7,111,4119.4
12310783483506,188.100080564,7824076800,16754159616,8426487808,92574769152,43.7,1142.0,111,4119.4
12310833490538,188.150087596,8075743232,17005826048,8828129280,92173127680,47.8,1399.2,111,4119.4
12310883486861,188.200083919,7754862592,16754159616,8630276096,92370980864,41.1,1101.8,111,4119.4
12310933487281,188.250084339,7618199552,16587923456,8536657920,92464599040,50.9,1479.8,111,3936.3
12310983478513,188.300075571,7939424256,17005826048,8772718592,92228538368,55.3,1559.9,111,3936.3
12311033487279,188.350084337,7956824064,17005826048,8815554560,92185702400,42.9,1159.7,111,3936.3
12311083481868,188.400078926,8019116032,17005826048,8868454400,92132802560,47.1,1320.2,111,3936.3
12311133486606,188.450083664,7824080896,16754159616,8857858048,92143398912,43.2,1178.2,111,3936.3
12311183485223,188.500082281,7999676416,17005826048,8980135936,92021121024,47.2,1359.6,111,3936.3
12311233488017,188.550085075,7824080896,16754159616,8823742464,92177514496,44.9,1279.9,111,3936.3
12311283482075,188.600079133,7656988672,16587923456,8626536448,92374720512,49.0,1362.7,111,3936.3
12311333487765,188.650084823,7858733056,16804495360,8939507712,92061749248,56.2,1578.7,111,3936.3
12311383474188,188.700071246,8036106240,17005826048,9085304832,91915952128,48.7,1341.8,111,3936.3
12311433489196,188.750086254,8022507520,17005826048,9092661248,91908595712,45.1,1275.8,111,3800.1
12311483488163,188.800085221,8075747328,17005826048,9077944320,91923312640,44.2,1241.3,111,3800.1
12311533489054,188.850086112,7812599808,16804495360,8725700608,92275556352,40.0,1099.7,111,3800.1
12311583488812,188.90008587,8075751424,17005826048,8891387904,92109869056,46.5,1262.5,111,3800.1
12311633477009,188.950074067,7706120192,16690462720,8517238784,92484018176,44.0,1201.0,111,3800.1
12311683477930,189.000074988,7657750528,16638504960,8524079104,92477177856,54.9,1596.2,111,3800.1
12311733491394,189.050088452,8043134976,16995487744,8932569088,92068687872,56.3,1519.8,111,3800.1
12311783484220,189.100081278,8072503296,16995487744,8984170496,92017086464,42.7,1181.6,111,3800.1
12311833489689,189.150086747,7863660544,16812343296,9006362624,91994894336,48.4,1376.2,111,3800.1
12311883493005,189.200090063,8117833728,17013673984,9075736576,91925520384,46.5,1302.6,111,3800.1
12311933487213,189.250084271,7716696064,16771100672,8942342144,92058914816,44.9,1323.8,111,3800.1
12311983501439,189.300098497,8136019968,17031860224,9075687424,91925569536,46.0,1294.3,111,3688.0
12312033488413,189.350085471,7682891776,16578863104,8917372928,92083884032,42.3,1243.2,111,3688.0
12312083494103,189.400091161,7701180416,16597016576,8865505280,92135751680,54.6,1575.8,111,3688.0
12312133483582,189.45008064,7798112256,16794157056,8776994816,92224262144,53.2,1539.2,111,3688.0
12312183491025,189.500088083,8099651584,16995487744,8888729600,92112527360,44.7,1281.4,111,3688.0
12312233472700,189.550069758,7817437184,16752914432,8645877760,92355379200,40.3,1124.1,111,3688.0
12312283490543,189.600087601,8117837824,17013673984,8994500608,92006756352,46.3,1356.0,111,3688.0
12312333487406,189.650084464,7875264512,16771100672,8781787136,92219469824,42.7,1220.9,111,3688.0
12312383486243,189.700083301,8136024064,17031860224,9037852672,91963404288,47.5,1340.8,111,3688.0
12312433488216,189.750085274,7884357632,16780193792,8999809024,92001447936,40.7,1158.1,111,3688.0
12312483482514,189.800079572,7727513600,16623349760,8905613312,92095643648,44.9,1301.7,111,3688.0
12312533483264,189.850080322,7742672896,16638504960,8771170304,92230086656,54.1,1581.2,111,3825.9
12312583484275,189.900081333,8099655680,16995487744,8888066048,92113190912,49.4,1418.8,111,3825.9
12312633485346,189.950082404,7857082368,16752914432,8802865152,92198391808,44.7,1220.8,111,3825.9
12312683484333,190.000081391,8109228032,17013673984,9080512512,91920744448,44.3,1299.0,111,3825.9
12312733500503,190.050097561,7875268608,16771100672,9047998464,91953258496,46.6,1277.1,111,3825.9
12312783492266,190.100089324,7999287296,17031860224,9197408256,91803848704,50.9,1400.9,111,3825.9
12312833484761,190.150081819,7884361728,16780193792,9166258176,91834998784,45.3,1261.7,111,3825.9
12312883488697,190.200085755,7727517696,16623349760,8955076608,92046180352,50.3,1439.3,111,3825.9
12312933478337,190.250075395,7742672896,16705617920,8913997824,92087259136,52.2,1559.8,111,3825.9
12312983489988,190.300087046,8099655680,16995487744,9185628160,91815628800,50.9,1500.1,111,3825.9
12313033488775,190.350085833,7857082368,16752914432,9036218368,91965038592,45.3,1279.9,111,3519.2
12313083492571,190.400089629,8117841920,17013673984,9019334656,91981922304,44.3,1301.9,111,3519.2
12313133484945,190.450082003,7875268608,16771100672,8859340800,92141916160,41.9,1199.5,111,3519.2
12313183489052,190.50008611,7987785728,17031860224,8926814208,92074442752,42.8,1239.5,111,3519.2
12313233553122,190.55015018,7884365824,16780193792,8878301184,92122955776,43.8,1257.6,111,3519.2
12313283484592,190.60008165,7727521792,16623349760,8952950784,92048306176,48.1,1383.7,111,3519.2
12313333490662,190.65008772,7809789952,16705617920,8875003904,92126253056,53.8,1596.1,111,3519.2
12313383489709,190.700086767,8099659776,16995487744,8955514880,92045742080,49.7,1421.4,111,3519.2
12313433485220,190.750082278,7857086464,16752914432,8737837056,92263419904,39.9,1141.1,111,3519.2
12313483482364,190.800079422,7959281664,17013673984,8965316608,92035940352,47.5,1401.6,111,3519.2
12313533503242,190.8501003,7916511232,16812343296,8867774464,92133482496,39.4,1131.1,111,3975.2
12313583520433,190.900117491,7896051712,16830529536,8745254912,92256002048,44.7,1243.4,111,3975.2
12313633484334,190.950081392,8136036352,17031860224,8857284608,92143972352,43.9,1265.4,111,3975.2
12313683480115,191.000077173,7765446656,16780193792,8513568768,92487688192,39.9,1121.8,111,3975.2
12313733484312,191.05008137,7684419584,16597016576,8291422208,92709834752,51.2,1396.2,111,3975.2
12313783489180,191.100086238,7742681088,16638504960,8257101824,92744155136,54.4,1597.7,111,3975.2
12313833688314,191.150285372,8099663872,16995487744,8534687744,92466569216,48.4,1357.3,111,3975.2
12313883499658,191.200096716,7857090560,16752914432,8389414912,92611842048,43.4,1221.5,111,3975.2
12313933489497,191.250086555,8113004544,17013673984,8767266816,92233990144,48.5,1283.0,111,3975.2
12313983487463,191.300084521,7875276800,16771100672,8553861120,92447395840,41.7,1180.7,111,3975.2
12314033481651,191.350078709,7937830912,17031860224,8647823360,92353433600,47.8,1342.0,111,3975.2
12314083498822,191.40009588,7884369920,16780193792,8700465152,92300791808,44.0,1253.9,111,3646.8
12314133488231,191.450085289,7794642944,16690462720,8547094528,92454162432,48.1,1344.2,111,3646.8
12314183482048,191.500079106,7758278656,16705617920,8459038720,92542218240,54.7,1596.3,111,3646.8
12314233479081,191.550076139,7941103616,16995487744,8577978368,92423278592,51.9,1506.1,111,3646.8
12314283483318,191.600080376,7857094656,16752914432,8613310464,92387946496,42.3,1179.7,111,3646.8
12314333493076,191.650090134,7678304256,16611012608,8420024320,92581232640,65.9,1295.4,111,3646.8
12314383497363,191.700094421,8117854208,17013673984,8722194432,92279062528,65.4,1377.8,111,3646.8
12314433488535,191.750085593,7875280896,16771100672,8682647552,92318609408,54.1,1305.6,111,3646.8
12314483493323,191.800090381,8136040448,17031860224,8935804928,92065452032,48.1,1336.8,111,3646.8
12314533481500,191.850078558,7884374016,16780193792,8692981760,92308275200,44.6,1224.1,111,3646.8
12314583481488,191.900078546,7671472128,16597016576,8758882304,92242374656,52.2,1479.3,111,3646.8
12314633479554,191.950076612,7640739840,16571392000,8653856768,92347400192,54.7,1560.2,111,3815.1
12314683496815,192.000093873,8099667968,16995487744,8974680064,92026576896,50.9,1376.7,111,3815.1
12314733481545,192.050078603,7857094656,16752914432,8975454208,92025802752,45.5,1224.1,111,3815.1
12314783490361,192.100087419,8117854208,17013673984,9026260992,91974995968,47.2,1275.8,111,3815.1
12314833492814,192.150089872,7875284992,16771100672,8984313856,92016943104,45.2,1258.6,111,3815.1
12314883494396,192.200091454,8136044544,17031860224,9174917120,91826339840,52.5,1440.5,111,3815.1
12314933482272,192.25007933,7884378112,16780193792,8940093440,92061163520,41.7,1163.0,111,3815.1
12314983488573,192.300085631,7727534080,16623349760,8732954624,92268302336,49.7,1414.7,111,3815.1
12315033481348,192.350078406,7809802240,16705617920,8680554496,92320702464,53.5,1526.6,111,3815.1
12315083489743,192.400086801,8099672064,16995487744,8766484480,92234772480,50.6,1417.6,111,3815.1
12315133491825,192.450088883,7857098752,16752914432,8766558208,92234698752,44.4,1240.0,111,3813.2
12315183479401,192.500076459,7981539328,17013673984,8880082944,92121174016,50.0,1424.0,111,3813.2
12315233476344,192.550073402,7959298048,17013673984,8761896960,92239360000,42.9,1200.0,111,3813.2
12315283488375,192.600085433,7700324352,16629198848,8533790720,92467466240,42.5,1172.9,111,3813.2
12315333490448,192.650087506,8136048640,17031860224,8867958784,92133298176,48.7,1360.8,111,3813.2
12315383479897,192.700076955,7884382208,16780193792,8624635904,92376621056,42.8,1166.7,111,3813.2
12315433471761,192.750068819,7666409472,16563462144,8362508288,92638748672,49.7,1418.6,111,3813.2
12315483488561,192.800085619,7742693376,16638504960,8298508288,92702748672,54.7,1558.3,111,3813.2
12315533489893,192.850086951,8099676160,16995487744,8403017728,92598239232,48.4,1394.6,111,3813.2
12315583491685,192.900088743,7857102848,16752914432,8166842368,92834414592,44.4,1202.0,111,3813.2
12315633487385,192.950084443,7967252480,17013673984,8109797376,92891459584,43.8,1161.4,111,3813.2
12315683497653,193.000094711,7998943232,17013673984,8064491520,92936765440,41.2,1139.4,111,3969.5
12315733485800,193.050082858,7783727104,16830529536,7981363200,93019893760,45.0,1199.5,111,3969.5
12315783490207,193.100087265,8136052736,17031860224,8292438016,92708818944,47.1,1278.7,111,3969.5
12315833481810,193.150078868,7686180864,16780193792,8002363392,92998893568,41.6,1164.0,111,3969.5
12315883477451,193.200074509,7661568000,16597016576,8098172928,92903084032,53.2,1519.8,111,3969.5
12315933478762,193.25007582,7897612288,16794157056,8062132224,92939124736,53.8,1559.5,111,3969.5
12315983487457,193.300084515,8099680256,16995487744,8171028480,92830228480,43.9,1280.1,111,3969.5
12316033475133,193.350072191,7777824768,16752914432,7882366976,93118889984,43.7,1241.2,111,3969.5
12316083487565,193.400084623,8117866496,17013673984,8003907584,92997349376,43.8,1237.3,111,3969.5
12316133489417,193.450086475,7875293184,16771100672,7823532032,93177724928,40.6,1179.5,111,3969.5
12316183485879,193.500082937,8136052736,17031860224,8298647552,92702609408,46.8,1360.0,111,3969.5
12316233510464,193.550107522,7884386304,16780193792,8094785536,92906471424,42.2,1219.3,111,3494.7
12316283476018,193.600073076,7710760960,16623349760,8221192192,92780064768,51.3,1484.6,111,3494.7
12316333490003,193.650087061,7742701568,16638504960,8322850816,92678406144,54.0,1556.5,111,3494.7
12316383491275,193.700088333,8099688448,16995487744,8676519936,92324737024,49.4,1441.0,111,3494.7
12316433488538,193.750085596,7857115136,16752914432,8508526592,92492730368,44.0,1240.2,111,3494.7
12316483497354,193.800094412,8117874688,17013673984,8656433152,92344823808,42.2,1237.6,111,3494.7
12316533489437,193.850086495,7875301376,16771100672,8400502784,92600754176,41.0,1162.9,111,3494.7
12316583482934,193.900079992,7997640704,17031860224,8558350336,92442906624,47.2,1360.9,111,3494.7
12316633484185,193.950081243,7884394496,16780193792,8547987456,92453269504,41.8,1159.4,111,3494.7
12316683512076,194.000109134,7794663424,16690462720,8380772352,92620484608,45.7,1335.1,111,3494.7
12316733490033,194.050087091,7741825024,16638504960,8242728960,92758528000,55.0,1501.9,111,3494.7
12316783485844,194.100082902,8076611584,16995487744,8356261888,92644995072,56.1,1543.6,111,3706.3
12316833484470,194.150081528,7941124096,16995487744,8148144128,92853112832,41.2,1200.2,111,3706.3
12316883498846,194.200095904,7850672128,16812343296,7921905664,93079351296,42.2,1195.7,111,3706.3
12316933489818,194.250086876,8117874688,17013673984,8017125376,92984131584,44.4,1242.9,111,3706.3
12316983472294,194.300069352,7677095936,16771100672,7785914368,93215342592,42.4,1263.8,111,3706.3
12317033498431,194.350095489,8136060928,17031860224,7943569408,93057687552,45.3,1296.7,111,3706.3
12317083482069,194.400079127,7762751488,16780193792,7943720960,93057536000,42.9,1240.9,111,3706.3
12317133482699,194.450079757,7646822400,16597016576,7970816000,93030440960,49.7,1456.4,111,3706.3
12317183483680,194.500080738,7697027072,16592826368,7899328512,93101928448,53.4,1565.6,111,3706.3
12317233478870,194.550075928,8099688448,16995487744,8128217088,92873039872,45.2,1295.6,111,3706.3
12317283480601,194.600077659,7738195968,16752914432,7772110848,93229146112,44.7,1299.5,111,3706.3
12317333493945,194.650091003,8117878784,17013673984,7934681088,93066575872,44.4,1239.1,111,3775.4
12317383485518,194.700082576,7875305472,16771100672,7715041280,93286215680,45.0,1280.0,111,3775.4
12317433494955,194.750092013,8136065024,17031860224,7868420096,93132836864,42.2,1237.8,111,3775.4
12317483506355,194.800103413,7884398592,16780193792,7869177856,93132079104,43.0,1240.1,111,3775.4
12317533481206,194.850078264,7727554560,16623349760,7738089472,93263167488,49.1,1381.4,111,3775.4
12317583477087,194.900074145,7809822720,16705617920,7702736896,93298520064,54.1,1583.4,111,3775.4
12317633479530,194.950076588,8099692544,16995487744,7841050624,93160206336,50.6,1439.0,111,3775.4
12317683485681,195.000082739,7857119232,16752914432,7735836672,93265420288,40.7,1117.7,111,3775.4
12317733505677,195.050102735,8033988608,17013673984,7957143552,93044113408,50.3,1377.1,111,3775.4
12317783506357,195.100103415,8117878784,17013673984,8021651456,92979605504,45.0,1242.9,111,3775.4
12317833496256,195.150093314,7706550272,16629198848,7956402176,93044854784,45.9,1299.6,111,3793.7
12317883482409,195.200079467,8136065024,17031860224,8123576320,92877680640,48.4,1342.5,111,3793.7
12317933478280,195.250075338,7765475328,16780193792,8032346112,92968910848,46.0,1260.7,111,3793.7
12317983503827,195.300100885,7701221376,16597016576,7783071744,93218185216,49.7,1436.7,111,3793.7
12318033493916,195.350090974,7742713856,16638504960,7713656832,93287600128,55.0,1559.9,111,3793.7
12318083499496,195.400096554,8099696640,16995487744,7738605568,93262651392,48.7,1360.1,111,3793.7
12318133493202,195.45009026,7857123328,16752914432,7632547840,93368709120,41.5,1140.8,111,3793.7
12318183489133,195.500086191,8109056000,17013673984,7950761984,93050494976,48.4,1361.9,111,3793.7
12318233485104,195.550082162,7875309568,16771100672,7748190208,93253066752,41.2,1139.9,111,3793.7
12318283493429,195.600090487,8128606208,17031860224,8023011328,92978245632,48.1,1338.4,111,3793.7
12318333476125,195.650073183,7947313152,17031860224,8108027904,92893229056,43.6,1243.0,111,3793.7
12318383484519,195.700081577,7757099008,16690462720,7832608768,93168648192,45.4,1273.8,111,3936.6
12318433476172,195.75007323,7742386176,16638504960,7727067136,93274189824,55.3,1562.7,111,3936.6
12318483490147,195.800087205,8060059648,16995487744,7914668032,93086588928,55.9,1560.3,111,3936.6
12318533479225,195.850076283,7941136384,16995487744,7817383936,93183873024,41.8,1203.1,111,3936.6
12318583490926,195.900087984,7787687936,16812343296,7725137920,93276119040,44.1,1214.1,111,3936.6
12318633497106,195.950094164,8117886976,17013673984,7848468480,93152788480,47.5,1262.5,111,3936.6
12318683482858,196.000079916,7875313664,16771100672,7848468480,93152788480,43.7,1221.9,111,3936.6
12318733495089,196.050092147,8136073216,17031860224,8120393728,92880863232,56.0,1317.0,111,3936.6
12318783494817,196.100091875,7884406784,16780193792,7888494592,93112762368,48.1,979.9,111,3936.6
12318833486390,196.150083448,7794679808,16690462720,7941525504,93059731456,49.1,1281.9,111,3936.6
12318883486629,196.200083687,7809835008,16705617920,7884754944,93116502016,56.5,1599.7,111,3781.2
12318933483331,196.250080389,7901499392,16995487744,7810322432,93190934528,49.7,1423.5,111,3781.2
12318983482168,196.300079226,7857131520,16752914432,7700393984,93300862976,42.9,1194.3,111,3781.2
12319033481525,196.350078583,8078249984,17013673984,7883853824,93117403136,49.7,1363.4,111,3781.2
12319083586151,196.400183209,7912361984,16812343296,7824834560,93176422400,42.2,1159.6,111,3781.2
12319133499536,196.450096594,7841292288,16830529536,7754539008,93246717952,43.7,1237.5,111,3781.2
12319183508341,196.500105399,8136077312,17031860224,7896465408,93104791552,46.3,1258.0,111,3781.2
12319233482011,196.550079069,7765487616,16780193792,7660539904,93340717056,41.8,1166.8,111,3781.2
12319283486457,196.600083515,7701233664,16597016576,7790338048,93210918912,52.5,1515.3,111,3781.2
12319333567428,196.650164486,7646765056,16592826368,7639121920,93362135040,54.4,1554.9,111,3781.2
12319383498056,196.700095114,8099704832,16995487744,7755759616,93245497344,46.5,1282.2,111,3608.2
12319433483498,196.750080556,7825666048,16752914432,7519969280,93481287680,45.3,1205.4,111,3608.2
12319483482444,196.800079502,8117891072,17013673984,7488487424,93512769536,43.5,1218.5,111,3608.2
12319533485979,196.850083037,7875321856,16771100672,7249555456,93751701504,40.4,1079.1,111,3608.2
12319583489905,196.900086963,8125796352,17031860224,7311572992,93689683968,42.8,1199.8,111,3608.2
12319633486277,196.950083335,8125583360,17031860224,7267520512,93733736448,42.4,1180.9,111,3608.2
12319683480414,197.000077472,7725850624,16780193792,6901608448,94099648512,38.0,1062.0,111,3608.2
12319733481244,197.050078302,7687929856,16623349760,6799163392,94202093568,50.3,1359.5,111,3608.2
12319783487524,197.100084582,7770198016,16705617920,6817742848,94183514112,55.3,1556.3,111,3608.2
12319833498163,197.150095221,8036093952,16995487744,7026237440,93975019520,46.5,1340.1,111,3608.2
12319883529080,197.200126138,7857135616,16752914432,6909448192,94091808768,40.9,1195.8,111,3620.1
12319933488622,197.25008568,8117866496,17013673984,7327653888,93673603072,47.8,1366.3,111,3620.1
12319983479293,197.300076351,7869997056,16771100672,7438352384,93562904576,43.5,1221.5,111,3620.1
12320033505831,197.350102889,7953936384,17031860224,7489703936,93511553024,46.0,1331.1,111,3620.1
12320083484961,197.400082019,8096444416,17031860224,7552151552,93449105408,44.6,1267.0,111,3620.1
12320133482354,197.450079412,7726886912,16623349760,7233871872,93767385088,42.2,1219.2,111,3620.1
12320183487773,197.500084831,7661600768,16597016576,7142780928,93858476032,52.2,1560.5,111,3620.1
12320233494394,197.550091452,7847944192,16794157056,7304835072,93696421888,53.4,1577.3,111,3620.1
12320283487750,197.600084808,8099713024,16995487744,7484026880,93517230080,44.3,1263.4,111,3620.1
12320333475936,197.650072994,7698575360,16752914432,7492542464,93508714496,45.7,1301.0,111,3620.1
12320383485272,197.70008233,8117899264,17013673984,7786446848,93214810112,45.6,1278.3,111,3620.1
12320433485141,197.750082199,7875330048,16771100672,7587491840,93413765120,41.1,1180.4,111,3719.2
12320483484959,197.800082017,8136089600,17031860224,7798923264,93202333696,44.1,1220.1,111,3719.2
12320533495427,197.850092485,7884423168,16780193792,7615188992,93386067968,38.1,1060.0,111,3719.2
12320583488392,197.90008545,7794692096,16690462720,7742734336,93258522624,48.1,1439.8,111,3719.2
12320633486046,197.950083104,7809847296,16705617920,7857565696,93143691264,54.7,1575.8,111,3719.2
12320683490142,198.0000872,8099717120,16995487744,8251535360,92749721600,53.8,1482.3,111,3719.2
12320733485412,198.05008247,7857143808,16752914432,8159920128,92841336832,44.7,1258.3,111,3719.2
12320783482625,198.100079683,7935410176,17013673984,8415170560,92586086400,50.6,1397.6,111,3719.2
12320833499745,198.150096803,7875330048,16771100672,8386011136,92615245824,43.7,1239.4,111,3719.2
12320883482381,198.200079439,8056807424,17031860224,8628817920,92372439040,50.6,1465.9,111,3719.2
12320933483662,198.25008072,8056807424,17031860224,8687669248,92313587712,41.1,1141.0,111,3719.2
12320983486957,198.300084015,7790825472,16690462720,8444129280,92557127680,42.0,1179.3,111,3936.1
12321033496082,198.35009314,7719157760,16638504960,8551718912,92449538048,54.3,1598.0,111,3936.1
12321083500519,198.400097577,8098729984,16995487744,8702676992,92298579968,52.8,1501.6,111,3936.1
12321133479107,198.450076165,7984365568,16995487744,8656388096,92344868864,42.7,1241.1,111,3936.1
12321183504223,198.500101281,7875088384,16812343296,8744640512,92256616448,45.4,1313.3,111,3936.1
12321233496908,198.550093966,8117907456,17013673984,8869535744,92131721216,46.2,1306.5,111,3936.1
12321283499932,198.60009699,7810535424,16830529536,8691044352,92310212608,46.9,1356.5,111,3936.1
12321333496343,198.650093401,8136093696,17031860224,8889225216,92112031744,46.9,1340.2,111,3936.1
12321383480251,198.700077309,7640793088,16536428544,8604082176,92397174784,41.8,1202.6,111,3936.1
12321433500378,198.750097436,7678132224,16580239360,8466542592,92534714368,53.4,1540.1,111,3936.1
12321483491039,198.800088097,7896842240,16794157056,8752971776,92248285184,54.3,1558.6,111,3757.2
12321533500234,198.850097292,8020443136,16995487744,8945991680,92055265280,45.6,1339.3,111,3757.2
12321583492508,198.900089566,7698587648,16752914432,8660336640,92340920320,39.0,1121.4,111,3757.2
12321633499840,198.950096898,8117911552,17013673984,8872452096,92128804864,46.3,1295.8,111,3757.2
12321683483518,199.000080576,7875338240,16771100672,8629886976,92371369984,43.3,1225.1,111,3757.2
12321733486001,199.050083059,8136097792,17031860224,8961163264,92040093696,49.7,1336.5,111,3757.2
12321783488153,199.100085211,7884431360,16780193792,8961421312,92039835648,45.9,1240.7,111,3757.2
12321833489965,199.150087023,7727587328,16623349760,9037049856,91964207104,47.8,1381.8,111,3757.2
12321883482950,199.200080008,7742742528,16705617920,9065996288,91935260672,53.8,1520.7,111,3757.2
12321933496735,199.250093793,8099725312,16995487744,9117696000,91883560960,50.6,1474.9,111,3757.2
12321983488317,199.300085375,7857156096,16752914432,8882663424,92118593536,41.2,1121.3,111,3757.2
12322033482995,199.350080053,7919710208,17013673984,8763445248,92237811712,47.5,1303.5,111,3812.2
12322083503853,199.400100911,7875342336,16771100672,8771346432,92229910528,42.9,1177.1,111,3812.2
12322133508700,199.450105758,8092131328,17031860224,8885796864,92115460096,50.6,1417.3,111,3812.2
12322183489703,199.500086761,8136101888,17031860224,8824483840,92176773120,43.7,1224.2,111,3812.2
12322233476947,199.550074005,7686230016,16780193792,8510386176,92490870784,40.5,1121.2,111,3812.2
12322283480643,199.600077701,7701258240,16597016576,8459788288,92541468672,52.5,1498.8,111,3812.2
12322333476974,199.650074032,7703105536,16638504960,8342634496,92658622464,55.0,1560.0,111,3812.2
12322383496920,199.700093978,8099729408,16995487744,8524881920,92476375040,49.1,1374.9,111,3812.2
12322433481419,199.750078477,7857156096,16752914432,8476626944,92524630016,46.8,1285.8,111,3812.2
12322483499892,199.80009695,8117915648,17013673984,8823959552,92177297408,47.2,1315.0,111,3812.2
12322533492887,199.850089945,7875342336,16771100672,8823959552,92177297408,45.9,1242.9,111,3563.9
12322583492535,199.900089593,8065716224,17031860224,9006137344,91995119616,46.3,1279.5,111,3563.9
12322633483967,199.950081025,7884439552,16780193792,8968404992,92032851968,45.2,1261.9,111,3563.9
12322683501959,200.000099017,7742271488,16690462720,8918458368,92082798592,48.4,1374.9,111,3563.9
12322733545600,200.050142658,7809867776,16705617920,8833044480,92168212480,56.2,1563.4,111,3563.9
12322783492819,200.100089877,8099737600,16995487744,8952246272,92049010688,53.1,1459.9,111,3563.9
12322833487066,200.150084124,7857164288,16752914432,8869023744,92132233216,45.6,1259.3,111,3563.9
12322883480302,200.20007736,7919718400,17013673984,9102450688,91898806272,48.4,1383.8,111,3563.9
12322933516679,200.250113737,7875350528,16771100672,8957169664,92044087296,43.1,1194.5,111,3563.9
12322983511066,200.300108124,7951425536,17031860224,8931602432,92069654528,46.5,1259.8,111,3563.9
12323033506386,200.350103444,8136110080,17031860224,8966426624,92034830336,45.3,1262.0,111,3339.2
12323083488280,200.400085338,7884443648,16780193792,8725934080,92275322880,42.2,1120.7,111,3339.2
12323133491174,200.450088232,7660486656,16623349760,8750075904,92251181056,51.2,1440.0,111,3339.2
12323183484479,200.500081537,7742754816,16638504960,8880721920,92120535040,54.7,1559.5,111,3339.2
12323233488295,200.550085353,8099737600,16995487744,9224183808,91777073152,49.4,1421.9,111,3339.2
12323283484456,200.600081514,7857164288,16752914432,9182896128,91818360832,46.5,1320.2,111,3339.2
12323333487860,200.650084918,8117923840,17013673984,9318629376,91682627584,43.4,1240.0,111,3339.2
12323383481898,200.700078956,7875350528,16771100672,9318633472,91682623488,46.0,1259.1,111,3339.2
12323433484381,200.750081439,8136110080,17031860224,9492815872,91508441088,51.9,1461.6,111,3339.2
12323483482074,200.800079132,7884443648,16780193792,9467392000,91533864960,42.8,1219.9,111,3339.2
12323533487102,200.85008416,7794712576,16690462720,9464811520,91536445440,47.5,1340.2,111,3339.2
12323583484445,200.900081503,7809871872,16705617920,9440038912,91561218048,54.1,1560.3,111,3613.2
12323633496336,200.950093394,8099741696,16995487744,9513312256,91487944704,53.1,1458.2,111,3613.2
12323683503758,201.000100816,7857168384,16752914432,9279520768,91721736192,43.7,1199.4,111,3613.2
12323733483649,201.050080707,8117362688,17013673984,9314181120,91687075840,47.2,1262.0,111,3613.2
12323783484278,201.100081336,8101138432,17013673984,9227993088,91773263872,43.7,1179.9,111,3613.2
12323833482102,201.15007916,7796072448,16771100672,8916393984,92084862976,42.8,1200.1,111,3613.2
12323883486318,201.200083376,8136114176,17031860224,8854196224,92147060736,42.2,1199.2,111,3613.2
12323933484773,201.250081831,7884447744,16780193792,8618262528,92382994432,41.6,1219.2,111,3613.2
12323983484651,201.300081709,7708725248,16623349760,8367955968,92633300992,46.3,1320.3,111,3613.2
12324033522872,201.35011993,7742758912,16638504960,8274526208,92726730752,54.1,1598.2,111,3613.2
12324083486281,201.400083339,8099741696,16995487744,8440950784,92560306176,47.8,1342.7,111,3990.9
12324133480779,201.450077837,7857168384,16752914432,8199798784,92801458176,34.6,1000.7,111,3990.9
12324183492259,201.500089317,7754788864,16812343296,8046800896,92954456064,44.4,1254.8,111,3990.9
12324233510822,201.55010788,8117927936,17013673984,8258916352,92742340608,44.4,1300.9,111,3990.9
12324283482777,201.600079835,7875354624,16771100672,8013623296,92987633664,41.5,1162.8,111,3990.9
12324333492955,201.650090013,8136114176,17031860224,8027815936,92973441024,44.1,1278.2,111,3990.9
12324383483765,201.700080823,7884451840,16780193792,7791112192,93210144768,38.2,1062.0,111,3990.9
12324433504212,201.75010127,7794720768,16690462720,7589261312,93411995648,43.5,1277.2,111,3990.9
12324483481018,201.800078076,7742763008,16705617920,7523201024,93478055936,53.5,1523.9,111,3990.9
12324533482288,201.850079346,8020463616,16995487744,7680610304,93320646656,52.8,1558.6,111,3990.9
12324583482185,201.900079243,7941181440,16995487744,7548231680,93453025280,39.6,1141.4,111,3990.9
12324633481792,201.95007885,7695683584,16752914432,7285899264,93715357696,39.0,1119.7,111,3716.6
12324683484584,202.000081642,8117936128,17013673984,7452082176,93549174784,41.4,1198.6,111,3716.6
12324733484021,202.050081079,7875362816,16771100672,7219130368,93782126592,39.6,1060.7,111,3716.6
12324783487013,202.100084071,8136114176,17031860224,7375122432,93626134528,45.0,1260.3,111,3716.6
12324833483084,202.150080142,8136122368,17031860224,7329566720,93671690240,38.0,1119.6,111,3716.6
12324883486808,202.200083866,7701995520,16780193792,6914232320,94087024640,37.3,1060.2,111,3716.6
12324933493698,202.250090756,7701278720,16597016576,6783401984,94217854976,50.3,1458.5,111,3716.6
12324983484408,202.300081466,7742767104,16638504960,6775660544,94225596416,52.9,1560.9,111,3716.6
12325033491939,202.350088997,8099749888,16995487744,7031386112,93969870848,45.3,1340.0,111,3716.6
12325083502656,202.400099714,7857176576,16752914432,6789865472,94211391488,37.9,1116.9,111,3716.6
12325133491824,202.450088882,8061648896,17013673984,6911180800,94090076160,43.0,1201.9,111,3928.8
12325183483356,202.500080414,8117940224,17013673984,6946787328,94054469632,40.1,1161.5,111,3928.8
12325233500755,202.550097813,7875366912,16771100672,6706745344,94294511616,41.1,1138.7,111,3928.8
12325283483912,202.60008097,8136126464,17031860224,6907490304,94093766656,38.0,1121.8,111,3928.8
12325333481906,202.650078964,7884460032,16780193792,6667911168,94333345792,37.1,1060.3,111,3928.8
12325383489036,202.700086094,7794728960,16690462720,6611238912,94390018048,45.4,1317.7,111,3928.8
12325433478294,202.750075352,7661199360,16557314048,6598594560,94402662400,51.6,1523.5,111,3928.8
12325483482111,202.800079169,7812861952,16794157056,6721228800,94280028160,52.2,1537.7,111,3928.8
12325533482034,202.850079092,8099753984,16995487744,7126835200,93874421760,46.0,1320.9,111,3928.8
12325583490212,202.90008727,7857180672,16752914432,7127781376,93873475584,41.2,1200.1,111,3928.8
12325633488342,202.9500854,8117940224,17013673984,7513563136,93487693824,45.3,1319.8,111,3928.8
12325683494366,203.000091424,7875366912,16771100672,7523885056,93477371904,41.9,1197.7,111,3587.5
12325733488569,203.050085627,8136126464,17031860224,7800299520,93200957440,48.7,1320.4,111,3587.5
12325783484044,203.100081102,7884464128,16780193792,7800696832,93200560128,45.0,1240.3,111,3587.5
12325833485309,203.150082367,7687979008,16623349760,7787261952,93213995008,53.5,1501.3,111,3587.5
12325883488268,203.200085326,7742775296,16638504960,7735906304,93265350656,55.2,1617.5,111,3587.5
12325933489503,203.250086561,8099758080,16995487744,7986315264,93014941696,51.2,1439.4,111,3587.5
12325983484998,203.300082056,7857184768,16752914432,7789989888,93211267072,44.9,1202.0,111,3587.5
12326033482547,203.350079605,7916613632,16812343296,7994621952,93006635008,61.6,1300.9,111,3587.5
12326083480617,203.400077675,7919738880,17013673984,7984041984,93017214976,63.6,1200.5,111,3587.5
12326133482022,203.45007908,7715893248,16629198848,7863463936,93137793024,48.4,1159.6,111,3587.5
12326183486253,203.500083311,8136130560,17031860224,8151334912,92849922048,48.1,1359.4,111,3587.5
12326233489843,203.550086901,7805181952,16780193792,8051986432,92949270528,46.0,1258.5,111,3790.0
12326283505284,203.600102342,7665893376,16563462144,7831199744,93170057216,48.8,1436.4,111,3790.0
12326333486413,203.650083471,7742779392,16638504960,7793782784,93207474176,54.5,1526.4,111,3790.0
12326383490023,203.700087081,8099762176,16995487744,8080732160,92920524800,50.9,1437.7,111,3790.0
12326433490366,203.750087424,7857188864,16752914432,7858880512,93142376448,42.8,1180.1,111,3790.0
12326483490002,203.80008706,8117948416,17013673984,8357441536,92643815424,50.3,1458.8,111,3790.0
12326533492636,203.850089694,7875375104,16771100672,8358215680,92643041280,46.8,1302.2,111,3790.0
12326583489770,203.900086828,8023396352,17031860224,8288284672,92712972288,44.1,1219.1,111,3790.0
12326633498504,203.950095562,7884468224,16780193792,8293965824,92707291136,45.9,1296.0,111,3790.0
12326683498103,204.000095161,7794728960,16690462720,8289198080,92712058880,49.1,1380.9,111,3790.0
12326733489857,204.050086915,7809896448,16705617920,8469352448,92531904512,56.5,1581.5,111,3728.3
12326783489805,204.100086863,8099766272,16995487744,8651534336,92349722624,54.4,1500.2,111,3728.3
12326833493441,204.150090499,7857192960,16752914432,8659517440,92341739520,46.2,1260.4,111,3728.3
12326883485656,204.200082714,8117952512,17013673984,9015074816,91986182144,48.1,1362.9,111,3728.3
12326933479894,204.250076952,7872102400,16771100672,8831860736,92169396224,38.8,1040.9,111,3728.3
12326983482558,204.300079616,7913373696,16830529536,8782315520,92218941440,47.5,1338.4,111,3728.3
12327033486154,204.350083212,8136138752,17031860224,8875212800,92126044160,46.0,1338.0,111,3728.3
12327083484900,204.400081958,7649452032,16578863104,8635727872,92365529088,40.9,1120.7,111,3728.3
12327133475121,204.450072179,7701065728,16596787200,8661790720,92339466240,53.2,1542.7,111,3728.3
12327183487914,204.500084972,7817289728,16822829056,8633909248,92367347712,55.6,1577.8,111,3728.3
12327233487712,204.55008477,8128438272,17024159744,8728346624,92272910336,45.6,1280.3,111,3728.3
12327283483363,204.600080421,7757848576,16772493312,8629133312,92372123648,43.0,1220.7,111,3793.1
12327333488842,204.6500859,8128438272,17024159744,8989110272,92012146688,48.1,1377.6,111,3793.1
12327383482189,204.700079247,7878180864,16773902336,8745369600,92255887360,42.8,1202.6,111,3793.1
12327433490062,204.75008712,8138940416,17034661888,8741498880,92259758080,45.3,1279.2,111,3793.1
12327483489213,204.800086271,7887273984,16782995456,8499159040,92502097920,45.1,1277.7,111,3793.1
12327533487735,204.850084793,7713648640,16626151424,8544722944,92456534016,46.5,1322.5,111,3793.1
12327583487279,204.900084337,7742558208,16638275584,8523046912,92478210048,54.7,1577.4,111,3793.1
12327633493465,204.950090523,8128442368,17024159744,8729214976,92272041984,49.7,1399.6,111,3793.1
12327683492347,205.000089405,7876775936,16772493312,8485617664,92515639296,45.2,1262.2,111,3793.1
12327733481182,205.05007824,7927111680,17024159744,8350650368,92650606592,43.5,1181.4,111,3793.1
12327783482669,205.100079727,8009519104,17024159744,8369676288,92631580672,43.0,1180.1,111,3793.1
12327833496058,205.150093116,7676854272,16773902336,8029552640,92971704320,39.8,1115.3,111,3181.9
12327883492316,205.200089374,8138948608,17034661888,8208220160,92793036800,45.0,1321.0,111,3181.9
12327933482984,205.250080042,7887282176,16782995456,7963848704,93037408256,40.0,1102.0,111,3181.9
12327983509516,205.300106574,7730438144,16626151424,7696769024,93304487936,45.3,1376.2,111,3181.9
12328033484556,205.350081614,7809675264,16705388544,7660900352,93340356608,52.9,1565.5,111,3181.9
12328083486905,205.400083963,8124805120,17024159744,7739604992,93261651968,47.8,1360.8,111,3181.9
12328133505423,205.450102481,7876780032,16772493312,7498588160,93502668800,40.1,1156.6,111,3181.9
12328183494308,205.500091366,7939842048,17024159744,7485341696,93515915264,41.5,1200.5,111,3181.9
12328233488381,205.550085439,8128446464,17024159744,7582625792,93418631168,41.8,1200.6,111,3181.9
12328283504936,205.600101994,7878193152,16773902336,7453908992,93547347968,43.1,1296.9,111,3181.9
12328333492418,205.650089476,8138952704,17034661888,7896461312,93104795648,46.2,1342.6,111,3181.9
12328383486472,205.70008353,7887286272,16782995456,7863930880,93137326080,42.8,1201.9,111,3342.8
12328433483601,205.750080659,7730442240,16626151424,7875801088,93125455872,46.3,1360.7,111,3342.8
12328483481826,205.800078884,7761436672,16705388544,8075014144,92926242816,53.1,1559.5,111,3342.8
12328533486645,205.850083703,8128450560,17024159744,8501825536,92499431424,50.6,1480.1,111,3342.8
12328583485534,205.900082592,7876784128,16772493312,8501825536,92499431424,44.1,1258.8,111,3342.8
12328633487157,205.950084215,8126746624,17024159744,8524533760,92476723200,41.5,1201.2,111,3342.8
12328683490904,206.000087962,7878193152,16773902336,8508018688,92493238272,45.1,1259.2,111,3342.8
12328733484433,206.050081491,7980388352,17034661888,8785162240,92216094720,47.5,1359.4,111,3342.8
12328783480777,206.100077835,8020029440,17034661888,8864116736,92137140224,44.3,1161.4,111,3342.8
12328833479485,206.150076543,7740006400,16693264384,8692912128,92308344832,45.0,1319.4,111,3342.8
12328883493921,206.200090979,7736729600,16638275584,8617820160,92383436800,53.8,1538.8,111,4001.2
12328933483162,206.25008022,8052948992,17024159744,8872771584,92128485376,53.5,1582.9,111,4001.2
12328983474998,206.300072056,7876796416,16822829056,8908468224,92092788736,41.9,1218.2,111,4001.2
12329033507547,206.350104605,8071507968,17024159744,9078255616,91923001344,49.7,1430.8,111,4001.2
12329083480238,206.400077296,7969898496,17024159744,9040195584,91961061376,44.9,1290.9,111,4001.2
12329133479988,206.450077046,7746035712,16833331200,8875409408,92125847552,42.2,1197.6,111,4001.2
12329183491279,206.500088337,8138964992,17034661888,9053450240,91947806720,44.0,1299.2,111,4001.2
12329233479748,206.550076806,7728734208,16782995456,8683368448,92317888512,40.1,1163.2,111,4001.2
12329283488815,206.600085873,7701090304,16596787200,8528797696,92472459264,50.0,1416.7,111,4001.2
12329333485049,206.650082107,7742578688,16638275584,8479510528,92521746432,52.5,1562.2,111,4001.2
12329383492393,206.700089451,8128462848,17024159744,8617820160,92383436800,46.6,1355.7,111,4001.2
12329433486633,206.750083691,7876796416,16772493312,8373071872,92628185088,41.8,1182.8,111,3601.4
12329483507544,206.800104602,8113504256,17024159744,8722997248,92278259712,44.7,1336.0,111,3601.4
12329533507120,206.850104178,7878205440,16773902336,8671387648,92329869312,40.9,1181.0,111,3601.4
12329583504381,206.900101439,8066129920,17034661888,8717836288,92283420672,45.3,1316.7,111,3601.4
12329633483138,206.950080196,8138964992,17034661888,8719769600,92281487360,42.8,1185.9,111,3601.4
12329683477975,207.000075033,7799209984,16782995456,8399740928,92601516032,37.1,1080.4,111,3601.4
12329733514698,207.050111756,7701090304,16596787200,8210075648,92791181312,49.4,1357.6,111,3601.4
12329783491702,207.10008876,7742578688,16638275584,8112017408,92889239552,54.4,1618.0,111,3601.4
12329833526632,207.15012369,8128466944,17024159744,8268652544,92732604416,47.8,1356.1,111,3601.4
12329883498667,207.200095725,7876800512,16772493312,8050384896,92950872064,40.3,1084.4,111,3601.4
12329933497201,207.250094259,7937617920,17024159744,8088264704,92912992256,44.0,1280.3,111,3826.8
12329983475307,207.300072365,7950196736,17024159744,8029130752,92972126208,41.4,1142.7,111,3826.8
12330033508123,207.350105181,7678738432,16581664768,7738810368,93262446592,41.4,1156.4,111,3826.8
12330083489024,207.400086082,8138969088,17034661888,8052117504,92949139456,46.8,1279.2,111,3826.8
12330133495412,207.45009247,7887302656,16782995456,7813476352,93187780608,40.6,1140.7,111,3826.8
12330183489006,207.500086064,7797571584,16693264384,7696261120,93304995840,46.5,1302.1,111,3826.8
12330233496366,207.550093424,7789670400,16705388544,7629426688,93371830272,53.4,1592.1,111,3826.8
12330283490381,207.600087439,8123404288,17024159744,8015036416,92986220544,53.1,1465.7,111,3826.8
12330333488314,207.650085372,8128466944,17024159744,8140447744,92860809216,42.8,1240.2,111,3826.8
12330383481648,207.700078706,7876800512,16772493312,7897546752,93103710208,43.7,1181.5,111,3826.8
12330433481634,207.750078692,8128466944,17024159744,8215576576,92785680384,46.3,1300.1,111,3826.8
12330483496240,207.800093298,7878209536,16773902336,8010170368,92991086592,42.0,1157.4,111,3603.3
12330533475865,207.850072923,8020045824,17034661888,8119996416,92881260544,47.1,1345.3,111,3603.3
12330583487147,207.900084205,7887302656,16782995456,7945555968,93055700992,40.7,1096.7,111,3603.3
12330633491777,207.950088835,7797571584,16693264384,8065638400,92935618560,49.1,1416.1,111,3603.3
12330683485688,208.000082746,7782879232,16705388544,8150253568,92851003392,54.7,1543.7,111,3603.3
12330733498834,208.050095892,7927140352,16822829056,8289579008,92711677952,52.2,1441.1,111,3603.3
12330783490561,208.100087619,7876804608,16772493312,8317997056,92683259904,46.9,1239.8,111,3603.3
12330833507443,208.150104501,8107429888,17024159744,8413888512,92587368448,47.8,1376.7,111,3603.3
12330883476358,208.200073416,8009547776,17024159744,8277577728,92723679232,44.9,1246.3,111,3603.3
12330933476571,208.250073629,7680008192,16773902336,7929180160,93072076800,40.3,1140.1,111,3603.3
12330983501518,208.300098576,8138973184,17034661888,8186970112,92814286848,47.2,1311.4,111,3714.4
12331033485972,208.35008303,7887310848,16782995456,7944138752,93057118208,39.9,1141.5,111,3714.4
12331083490882,208.40008794,7730466816,16626151424,7772536832,93228720128,46.5,1323.5,111,3714.4
12331133491265,208.450088323,7809703936,16705388544,7744151552,93257105408,54.7,1599.5,111,3714.4
12331183482260,208.500079318,7930269696,17024159744,7807889408,93193367552,49.4,1400.5,111,3714.4
12331233487702,208.55008476,7969910784,17024159744,7765569536,93235687424,41.9,1179.3,111,3714.4
12331283493094,208.600090152,7977377792,17024159744,7831941120,93169315840,46.9,1319.0,111,3714.4
12331333485752,208.65008281,8128475136,17024159744,8076828672,92924428288,45.9,1262.6,111,3714.4
12331383473091,208.700070149,7773356032,16773902336,8052056064,92949200896,44.4,1241.5,111,3714.4
12331433483141,208.750080199,8138981376,17034661888,8225980416,92775276544,45.9,1278.4,111,3714.4
12331483485080,208.800082138,7887314944,16782995456,8192901120,92808355840,40.5,1140.2,111,3714.4
12331533482733,208.850079791,7730470912,16626151424,8329650176,92671606784,48.1,1400.3,111,3699.6
12331583481809,208.900078867,7770066944,16705388544,8316227584,92685029376,54.6,1575.5,111,3699.6
12331633498537,208.950095595,8128479232,17024159744,8684642304,92316614656,52.2,1476.9,111,3699.6
12331683488576,209.000085634,7876812800,16772493312,8684900352,92316356608,48.7,1304.4,111,3699.6
12331733483284,209.050080342,8128479232,17024159744,8922030080,92079226880,44.9,1261.7,111,3699.6
12331783479625,209.100076683,7878221824,16773902336,8675852288,92325404672,40.3,1100.7,111,3699.6
12331833498978,209.150096036,7964295168,17034661888,8604098560,92397158400,48.1,1371.5,111,3699.6
12331883489288,209.200086346,8138981376,17034661888,8607416320,92393840640,43.9,1226.2,111,3699.6
12331933482703,209.250079761,7764144128,16693264384,8728567808,92272689152,46.3,1377.6,111,3699.6
12331983476700,209.300073758,7703613440,16638275584,8746606592,92254650368,51.6,1505.2,111,3699.6
12332033479603,209.350076661,8059265024,17024159744,8814989312,92186267648,52.8,1559.4,111,3699.6
12332083474291,209.400071349,7887507456,16822829056,8522129408,92479127552,39.8,1140.6,111,3458.5
12332133510725,209.450107783,8049643520,17024159744,8599597056,92401659904,49.1,1409.4,111,3458.5
12332183480768,209.500077826,8128483328,17024159744,8647278592,92353978368,42.7,1229.5,111,3458.5
12332233483039,209.550080097,7838584832,16773902336,8647278592,92353978368,41.8,1198.7,111,3458.5
12332283491612,209.60008867,8138985472,17034661888,8822513664,92178743296,46.9,1376.1,111,3458.5
12332333490869,209.650087927,7887319040,16782995456,8748453888,92252803072,39.6,1121.8,111,3458.5
12332383485637,209.700082695,7730475008,16626151424,8548982784,92452274176,45.3,1358.0,111,3458.5
12332433483020,209.750080078,7780343808,16705388544,8433893376,92567363584,52.5,1503.3,111,3458.5
12332483489612,209.80008667,8128483328,17024159744,8571650048,92429606912,49.7,1477.0,111,3458.5
12332533503962,209.85010102,7876816896,16772493312,8486494208,92514762752,45.0,1256.9,111,3458.5
12332583489378,209.900086436,8128483328,17024159744,8828407808,92172849152,49.1,1406.3,111,3860.4
12332633496855,209.950093913,7878230016,16773902336,8581713920,92419543040,39.8,1118.7,111,3860.4
12332683480489,210.000077547,7992180736,17034661888,8724754432,92276502528,48.4,1383.6,111,3860.4
12332734029368,210.050626426,8057188352,17034661888,8724545536,92276711424,41.3,1166.7,111,3860.4
12332783496785,210.100093843,7780651008,16693264384,8582692864,92418564096,45.2,1231.2,111,3860.4
12332833551027,210.150148085,7646720000,16596787200,8411856896,92589400064,52.8,1561.5,111,3860.4
12332883508002,210.20010506,8002396160,17024159744,8529293312,92471963648,53.4,1550.5,111,3860.4
12332933487638,210.250084696,8128487424,17024159744,8502751232,92498505728,42.0,1207.4,111,3860.4
12332983487281,210.300084339,7778250752,16772493312,8444948480,92556308480,43.8,1280.1,111,3860.4
12333033486042,210.3500831,8128491520,17024159744,8450482176,92550774784,41.8,1219.6,111,3860.4
12333083489371,210.400086429,7878234112,16773902336,8304168960,92697088000,42.5,1220.2,111,3860.4
12333133509330,210.450106388,8096960512,17034661888,8262107136,92739149824,39.4,1156.5,111,3852.0
12333183500598,210.500097656,7887327232,16833331200,8093343744,92907913216,37.3,1059.9,111,3852.0
12333233488780,210.550085838,7797596160,16693264384,8162721792,92838535168,47.7,1404.2,111,3852.0
12333283478544,210.600075602,7755689984,16705388544,8046338048,92954918912,52.2,1540.4,111,3852.0
12333333480090,210.650077148,8049209344,17024159744,8299483136,92701773824,52.8,1561.3,111,3852.0
12333383482197,210.700079255,7969927168,17024159744,8373469184,92627787776,41.6,1200.1,111,3852.0
12333433488242,210.7500853,7780552704,16822829056,8234639360,92766617600,42.2,1236.0,111,3852.0
12333483486345,210.800083403,8128491520,17024159744,8396951552,92604305408,45.3,1302.8,111,3852.0
12333533486183,210.850083241,7838593024,16773902336,8396754944,92604502016,43.5,1277.8,111,3852.0
12333583489238,210.900086296,8138993664,17034661888,8501006336,92500250624,44.2,1302.1,111,3852.0
12333633483386,210.950080444,7887327232,16782995456,8424869888,92576387072,42.9,1200.7,111,3852.0
12333683480700,211.000077758,7730483200,16626151424,8354381824,92646875136,47.8,1420.7,111,3716.7
12333733487992,211.05008505,7809724416,16705388544,8238026752,92763230208,58.1,1578.2,111,3716.7
12333783485577,211.100082635,7962038272,17024159744,8131158016,92870098944,49.4,1339.8,111,3716.7
12333833481378,211.150078436,7885217792,16822829056,7971168256,93030088704,40.9,1161.4,111,3716.7
12333883504419,211.200101477,8054919168,17024159744,7998689280,93002567680,47.8,1350.7,111,3716.7
12333933485033,211.250082091,8013139968,17024159744,8051073024,92950183936,45.2,1267.8,111,3716.7
12333983479081,211.300076139,7699972096,16773902336,7718785024,93282471936,37.7,1081.6,111,3716.7
12334033482867,211.350079925,8138997760,17034661888,7875162112,93126094848,46.6,1258.4,111,3716.7
12334083485701,211.400082759,7887331328,16782995456,7861747712,93139509248,41.5,1179.1,111,3716.7
12334133481212,211.45007827,7663374336,16559038464,7945097216,93056159744,48.4,1416.9,111,3716.7
12334183478035,211.500075093,7715344384,16638275584,8092696576,92908560384,54.7,1524.6,111,3716.7
12334233492219,211.550089277,8128495616,17024159744,8282779648,92718477312,49.4,1395.1,111,3560.4
12334283488111,211.600085169,7876833280,16772493312,8283037696,92718219264,45.2,1243.1,111,3560.4
12334333484573,211.650081631,8128499712,17024159744,8684613632,92316643328,47.8,1381.2,111,3560.4
12334383509157,211.700106215,7878242304,16773902336,8684613632,92316643328,42.9,1214.4,111,3560.4
12334433484211,211.750081269,7957708800,17034661888,8899567616,92101689344,47.1,1306.8,111,3560.4
12334483480536,211.800077594,7887339520,16782995456,8940367872,92060889088,44.4,1218.1,111,3560.4
12334533482023,211.850079081,7797608448,16693264384,9020362752,91980894208,49.4,1421.9,111,3560.4
12334583485544,211.900082602,7798501376,16705388544,9099051008,91902205952,53.4,1520.1,111,3560.4
12334633486541,211.950083599,8084455424,17024159744,9110405120,91890851840,54.4,1520.0,111,3560.4
12334683491534,212.000088592,7969939456,17024159744,8889851904,92111405056,44.7,1257.9,111,3560.4
12334733482863,212.050079921,7686782976,16621498368,8581382144,92419874816,42.9,1194.1,111,3560.4
12334783505429,212.100102487,8128503808,17024159744,8704192512,92297064448,48.1,1340.7,111,3544.8
12334834044632,212.15064169,7878246400,16773902336,8551915520,92449341440,43.8,1173.2,111,3544.8
12334883480112,212.20007717,8059723776,17034661888,8596803584,92404453376,46.2,1255.1,111,3544.8
12334933486088,212.250083146,8139005952,17034661888,8524808192,92476448768,39.4,1099.1,111,3544.8
12334983499707,212.300096765,7728775168,16782995456,8152702976,92848553984,41.8,1218.1,111,3544.8
12335033519277,212.350116335,7673741312,16580009984,7941103616,93060153344,50.9,1439.6,111,3544.8
12335083482405,212.400079463,7809732608,16705388544,7906402304,93094854656,54.1,1543.6,111,3544.8
12335133483211,212.450080269,8128503808,17024159744,8127410176,92873846784,51.9,1459.8,111,3544.8
12335183491090,212.500088148,7876837376,16772493312,7962517504,93038739456,42.6,1158.8,111,3544.8
12335233491435,212.550088493,8089456640,17024159744,8273977344,92727279616,46.8,1360.2,111,3544.8
12335283490307,212.600087365,7878246400,16773902336,8040185856,92961071104,42.6,1198.1,111,3544.8
12335333495732,212.65009279,8038166528,17034661888,8050507776,92950749184,45.6,1261.1,111,3749.7
12335383483164,212.700080222,8139010048,17034661888,8054636544,92946620416,44.0,1240.9,111,3749.7
12335433484871,212.750081929,7689138176,16782995456,7623897088,93377359872,38.1,1079.3,111,3749.7
12335483491591,212.800088649,7667163136,16563232768,7507259392,93493997568,53.8,1519.8,111,3749.7
12335533496140,212.850093198,7675514880,16571162624,7458230272,93543026688,53.8,1577.8,111,3749.7
12335583487324,212.900084382,8128512000,17024159744,7803228160,93198028800,46.5,1283.4,111,3749.7
12335633503744,212.950100802,7876845568,16772493312,7566856192,93434400768,44.7,1257.6,111,3749.7
12335683486954,213.000084012,8128512000,17024159744,7625310208,93375946752,41.4,1139.5,111,3749.7
12335733497193,213.050094251,7878254592,16773902336,7625900032,93375356928,44.6,1141.2,111,3749.7
12335783480092,213.10007715,8059731968,17034661888,7943299072,93057957888,47.8,1383.8,111,3749.7
12335833479551,213.150076609,8059731968,17034661888,7950516224,93050740736,42.1,1159.9,111,3749.7
12335883483379,213.200080437,7646613504,16542261248,7433121792,93568135168,38.5,1134.7,111,3836.3
12335933485353,213.250082411,7701139456,16596787200,7368351744,93632905216,53.1,1526.6,111,3836.3
12335983483119,213.300080177,7860707328,16822829056,7537373184,93463883776,53.2,1559.6,111,3836.3
12336033506281,213.350103339,8128512000,17024159744,7643037696,93358219264,44.4,1314.4,111,3836.3
12336083497315,213.400094373,7876849664,16772493312,7485779968,93515476992,40.3,1142.5,111,3836.3
12336133490553,213.450087611,8128516096,17024159744,7837499392,93163757568,46.5,1360.0,111,3836.3
12336183497135,213.500094193,7878258688,16773902336,7710617600,93290639360,43.5,1257.9,111,3836.3
12336233486035,213.550083093,8139018240,17034661888,7733063680,93268193280,40.8,1164.3,111,3836.3
12336283483451,213.600080509,7887351808,16782995456,7564550144,93436706816,40.9,1160.3,111,3836.3
12336333481969,213.650079027,7757979648,16693264384,7674241024,93327015936,46.9,1379.5,111,3836.3
12336383488220,213.700085278,7809744896,16705388544,7584956416,93416300544,54.7,1577.2,111,3850.8
12336433491647,213.750088705,8107290624,17024159744,7704690688,93296566272,46.8,1401.6,111,3850.8
12336483491319,213.800088377,7876849664,16772493312,7713140736,93288116224,42.6,1238.5,111,3850.8
12336533480015,213.850077073,8128507904,17024159744,8012992512,92988264448,46.2,1303.8,111,3850.8
12336583491762,213.90008882,8128516096,17024159744,8122404864,92878852096,41.4,1217.5,111,3850.8
12336633490596,213.950087654,7702089728,16773902336,8039829504,92961427456,43.3,1239.5,111,3850.8
12336683516078,214.000113136,8139018240,17034661888,8159797248,92841459712,47.9,1337.3,111,3850.8
12336733508340,214.050105398,7887351808,16782995456,7920476160,93080780800,40.9,1120.2,111,3850.8
12336783490864,214.100087922,7730507776,16626151424,7672799232,93328457728,50.3,1384.1,111,3850.8
12336833487023,214.150084081,7770103808,16705388544,7579127808,93422129152,53.2,1559.8,111,3850.8
12336883493160,214.200090218,8128520192,17024159744,7704825856,93296431104,49.1,1398.2,111,3952.2
12336933489680,214.250086738,7876853760,16772493312,7463165952,93538091008,40.0,1141.1,111,3952.2
12336983492270,214.300089328,8103346176,17024159744,7575707648,93425549312,44.7,1334.8,111,3952.2
12337033482228,214.350079286,8105439232,17024159744,7488868352,93512388608,38.2,1084.3,111,3952.2
12337083479429,214.400076487,7682244608,16581664768,7411265536,93589991424,41.6,1199.6,111,3952.2
12337133498700,214.450095758,8139022336,17034661888,7778725888,93222531072,46.2,1358.0,111,3952.2
12337183490040,214.500087098,7721672704,16782995456,7483400192,93517856768,40.3,1180.1,111,3952.2
12337233481761,214.550078819,7701147648,16596787200,7628939264,93372317696,52.2,1502.0,111,3952.2
12337283487728,214.600084786,7941857280,17024159744,7673581568,93327675392,53.1,1574.4,111,3952.2
12337333504654,214.650101712,8128520192,17024159744,7782420480,93218836480,42.4,1242.2,111,3952.2
12337383489913,214.700086971,7718256640,16621498368,7779581952,93221675008,44.6,1283.0,111,3952.2
12337433488847,214.750085905,8128520192,17024159744,8120172544,92881084416,48.5,1397.8,111,3598.4
12337483485621,214.800082679,7878266880,16773902336,8104177664,92897079296,43.0,1242.7,111,3598.4
12337533491693,214.850088751,8139026432,17034661888,8164560896,92836696064,45.3,1298.6,111,3598.4
12337583491645,214.900088703,7887360000,16782995456,7924572160,93076684800,37.7,1100.0,111,3598.4
12337633488220,214.950085278,7797628928,16693264384,7765901312,93235355648,44.7,1280.4,111,3598.4
12337683493200,215.000090258,7721451520,16638275584,7613911040,93387345920,63.0,1596.2,111,3598.4
12337733488634,215.050085692,7927078912,16822829056,7722975232,93278281728,75.6,1520.9,111,3598.4
12337783491180,215.100088238,8128528384,17024159744,7972601856,93028655104,52.2,1319.1,111,3598.4
12337833483688,215.150080746,7876861952,16772493312,7761408000,93239848960,45.9,1143.8,111,3598.4
12337883492555,215.200089613,8128528384,17024159744,7703851008,93297405952,43.5,1215.5,111,3598.4
12337933489121,215.250086179,7878270976,16773902336,7462318080,93538938880,37.3,1002.3,111,3869.1
12337983486297,215.300083355,8056156160,17034661888,7496417280,93504839680,44.6,1261.2,111,3869.1
12338033484586,215.350081644,8139030528,17034661888,7456161792,93545095168,43.8,1219.8,111,3869.1
12338083480159,215.400077217,7847723008,16782995456,7188303872,93812953088,39.0,1080.8,111,3869.1
12338133488656,215.450085714,7730520064,16626151424,7024943104,93976313856,47.5,1357.1,111,3869.1
12338183486644,215.500083702,7809757184,16705388544,6988816384,94012440576,53.8,1561.3,111,3869.1
12338233483219,215.550080277,8055730176,17024159744,7111389184,93889867776,47.5,1381.4,111,3869.1
12338283489192,215.60008625,7876861952,16772493312,6945710080,94055546880,41.4,1118.1,111,3869.1
12338333500804,215.650097862,7956729856,17024159744,6963826688,94037430272,44.3,1294.4,111,3869.1
12338383488073,215.700085131,8128528384,17024159744,7106527232,93894729728,43.3,1207.0,111,3869.1
12338433483877,215.750080935,7878270976,16773902336,6863077376,94138179584,42.8,1200.1,111,3869.1
12338483484362,215.80008142,8139030528,17034661888,7179100160,93822156800,44.4,1239.4,111,3765.1
12338533481835,215.850078893,7887368192,16782995456,7179616256,93821640704,43.0,1181.2,111,3765.1
12338583480650,215.900077708,7757996032,16693264384,7283093504,93718163456,49.4,1419.6,111,3765.1
12338633484204,215.950081262,7806115840,16705388544,7256244224,93745012736,56.1,1597.9,111,3765.1
12338683481897,216.000078955,8128532480,17024159744,7661780992,93339475968,52.6,1501.5,111,3765.1
12338733509644,216.050106702,7876866048,16772493312,7588753408,93412503552,46.3,1255.9,111,3765.1
12338783478705,216.100075763,7932203008,17024159744,7846748160,93154508800,48.7,1345.0,111,3765.1
12338833480255,216.150077313,7877128192,16773902336,7932153856,93069103104,41.1,1159.8,111,3765.1
12338883484550,216.200081608,7991549952,17034661888,8036921344,92964335616,49.7,1338.2,111,3765.1
12338933481171,216.250078229,8139034624,17034661888,8081047552,92920209408,44.6,1261.3,111,3765.1
12338983479786,216.300076844,7646396416,16581664768,7631736832,93369520128,39.4,1100.7,111,3765.1
12339033479813,216.350076871,7677497344,16596787200,7703035904,93298221056,53.2,1540.1,111,3692.0
12339083500127,216.400097185,7709421568,16621498368,7923924992,93077331968,53.1,1550.7,111,3692.0
12339133502529,216.450099587,8128536576,17024159744,8410861568,92590395392,48.1,1359.9,111,3692.0
12339183479504,216.500076562,7767814144,16772493312,8238153728,92763103232,45.9,1246.8,111,3692.0
12339233488337,216.550085395,8128540672,17024159744,8523808768,92477448192,46.0,1317.2,111,3692.0
12339283499425,216.600096483,7878283264,16773902336,8404070400,92597186560,46.6,1261.5,111,3692.0
12339333503078,216.650100136,8139042816,17034661888,8517906432,92483350528,43.5,1237.2,111,3692.0
12339383516420,216.700113478,7887376384,16782995456,8276889600,92724367360,43.7,1219.6,111,3692.0
12339433485701,216.750082759,7690891264,16626151424,8038158336,92963098624,49.7,1404.5,111,3692.0
12339483490951,216.800088009,7742656512,16638275584,7969513472,93031743488,55.2,1596.9,111,3692.0
12339533487207,216.850084265,8128540672,17024159744,8181628928,92819628032,47.4,1342.6,111,3991.2
12339583500003,216.900097061,7876874240,16772493312,7938031616,93063225344,43.5,1196.4,111,3991.2
12339633499214,216.950096272,8104538112,17024159744,8082268160,92918988800,45.0,1259.6,111,3991.2
12339683512421,217.000109479,7878283264,16773902336,7852859392,93148397568,40.0,1101.0,111,3991.2
12339733494822,217.05009188,7984693248,17034661888,7878021120,93123235840,47.1,1301.2,111,3991.2
12339783483724,217.100080782,8139042816,17034661888,8002142208,92999114752,46.3,1222.2,111,3991.2
12339833479810,217.150076868,7643742208,16581664768,7519748096,93481508864,40.3,1138.3,111,3991.2
12339883485674,217.200082732,7678971904,16580009984,7444672512,93556584448,52.8,1561.3,111,3991.2
12339933539584,217.250136642,7675543552,16571162624,7406727168,93594529792,52.5,1534.0,111,3991.2
12339983496328,217.300093386,8128540672,17024159744,7725932544,93275324416,45.9,1302.5,111,3991.2
12340033488417,217.350085475,7876874240,16772493312,7489560576,93511696384,41.8,1182.6,111,3629.9
12340083487799,217.400084857,8128540672,17024159744,7594356736,93406900224,42.1,1199.9,111,3629.9
12340133505714,217.450102772,7878283264,16773902336,7354884096,93646372864,41.6,1175.2,111,3629.9
12340183494576,217.500091634,8139042816,17034661888,7773364224,93227892736,48.4,1405.2,111,3629.9
12340233485943,217.550083001,7887380480,16782995456,7545249792,93456007168,40.1,1180.8,111,3629.9
12340283489693,217.600086751,7730536448,16626151424,7483461632,93517795328,48.4,1417.5,111,3629.9
12340333484837,217.650081895,7770132480,16705388544,7462301696,93538955264,52.6,1542.7,111,3629.9
12340383494217,217.700091275,8128544768,17024159744,7651708928,93349548032,49.7,1456.8,111,3629.9
12340433493248,217.750090306,7876878336,16772493312,7416369152,93584887808,41.1,1180.0,111,3629.9
12340483489657,217.800086715,8087711744,17024159744,7567843328,93433413632,43.4,1261.5,111,3629.9
12340533488303,217.850085361,7878287360,16773902336,7342825472,93658431488,40.5,1139.3,111,3629.9
12340583480888,217.900077946,8099405824,17034661888,7594110976,93407145984,46.2,1362.3,111,3739.9
12340633481588,217.950078646,7933521920,16833331200,7541469184,93459787776,42.2,1200.0,111,3739.9
12340683483179,218.000080237,7797653504,16693264384,7366897664,93634359296,46.9,1318.8,111,3739.9
12340733485752,218.05008281,7809695744,16705388544,7314763776,93686493184,53.5,1541.8,111,3739.9
12340783481853,218.100078911,8029978624,17024159744,7448690688,93552566272,55.0,1579.0,111,3739.9
12340833476643,218.150073701,7902052352,16822829056,7256186880,93745070080,38.1,1101.8,111,3739.9
12340883477863,218.200074921,7926288384,16822829056,7385911296,93615345664,45.6,1279.1,111,3739.9
12340933489733,218.250086791,8128552960,17024159744,7677222912,93324034048,45.3,1298.1,111,3739.9
12340983494190,218.300091248,7846633472,16833331200,7633870848,93367386112,45.3,1296.5,111,3739.9
12341033487366,218.350084424,8139055104,17034661888,7851663360,93149593600,43.9,1264.4,111,3739.9
12341083479259,218.400076317,7645560832,16542261248,7476473856,93524783104,41.5,1216.9,111,3739.9
12341133492662,218.45008972,7677947904,16580009984,7542263808,93458993152,51.9,1540.8,111,3666.8
12341183485748,218.500082806,7691321344,16621498368,7627677696,93373579264,52.2,1537.5,111,3666.8
12341233486368,218.550083426,8128552960,17024159744,8094973952,92906283008,48.1,1364.3,111,3666.8
12341283483611,218.600080669,7742660608,16772493312,7732158464,93269098496,45.9,1341.4,111,3666.8
12341333486214,218.650083272,8128552960,17024159744,8089554944,92911702016,44.0,1259.0,111,3666.8
12341383484359,218.700081417,7878295552,16773902336,7845597184,93155659776,45.6,1319.3,111,3666.8
12341433484558,218.750081616,8139055104,17034661888,8026247168,92975009792,46.5,1341.0,111,3666.8
12341483481975,218.800079033,7887388672,16782995456,7787565056,93213691904,43.4,1260.9,111,3666.8
12341533487860,218.850084918,7684079616,16580009984,7544225792,93457031168,49.1,1417.7,111,3666.8
12341583488134,218.900085192,7742668800,16638275584,7514034176,93487222784,52.2,1539.3,111,3666.8
12341633505900,218.950102958,8128557056,17024159744,7770271744,93230985216,48.7,1438.3,111,3466.3
12341683499653,219.000096711,7876894720,16772493312,7528984576,93472272384,44.4,1221.9,111,3466.3
12341733504696,219.050101754,8128561152,17024159744,7718342656,93282914304,43.4,1219.8,111,3466.3
12341783489703,219.100086761,7878303744,16773902336,7478702080,93522554880,39.9,1101.2,111,3466.3
12341833483416,219.150080474,8059781120,17034661888,7633788928,93367468032,50.3,1420.0,111,3466.3
12341883482718,219.200079776,8059781120,17034661888,7606722560,93394534400,40.9,1140.5,111,3466.3
12341933497880,219.250094938,7750373376,16693264384,7227310080,93773946880,41.4,1174.9,111,3466.3
12341983490430,219.300087488,7701188608,16596787200,7142928384,93858328576,59.7,1524.1,111,3466.3
12342033499871,219.350096929,7742676992,16638275584,7208259584,93792997376,75.6,1539.5,111,3466.3
12342083491821,219.400088879,8128561152,17024159744,7537778688,93463478272,59.6,1361.8,111,3466.3
12342133484662,219.45008172,7876894720,16772493312,7296548864,93704708096,38.7,1020.5,111,3466.3
12342183494033,219.500091091,8080572416,17024159744,7368286208,93632970752,46.9,1315.0,111,3856.9
12342233485631,219.550082689,8128561152,17024159744,7379927040,93621329920,43.7,1223.4,111,3856.9
12342283476599,219.600073657,7813283840,16773902336,7102820352,93898436608,42.8,1182.3,111,3856.9
12342333488555,219.650085613,8139063296,17034661888,7258644480,93742612480,43.1,1216.0,111,3856.9
12342383518904,219.700115962,7887400960,16782995456,7018332160,93982924800,39.4,1077.9,111,3856.9
12342433503350,219.750100408,7797669888,16693264384,6912028672,94089228288,45.6,1282.4,111,3856.9
12342484085233,219.800682291,7734005760,16638275584,6767005696,94234251264,53.4,1565.4,111,3856.9
12342533489521,219.850086579,7991558144,17024159744,6996152320,94005104640,54.0,1475.3,111,3856.9
12342583512122,219.90010918,8128565248,17024159744,7095242752,93906014208,41.8,1236.7,111,3856.9
12342633484261,219.950081319,7820267520,16772493312,6822744064,94178512896,43.7,1165.6,111,3856.9
12342683481125,220.000078183,8128565248,17024159744,7022731264,93978525696,42.1,1199.2,111,3856.9
12342733500850,220.050097908,7878307840,16773902336,6916771840,94084485120,42.6,1136.5,111,3842.9
12342783585333,220.100182391,7979442176,17034661888,7205130240,93796126720,46.5,1301.3,111,3842.9
12342833487274,220.150084332,7887400960,16782995456,7317381120,93683875840,46.2,1262.6,111,3842.9
12342883503854,220.200100912,7803731968,16699326464,7380086784,93621170176,51.9,1438.3,111,3842.9
12342933483737,220.250080795,7751774208,16714481664,7262175232,93739081728,54.7,1563.3,111,3842.9
12342983486041,220.300083099,8024862720,17004351488,7357648896,93643608064,54.4,1578.5,111,3842.9
12343033481923,220.350078981,7910551552,17004351488,7195664384,93805592576,38.4,1041.1,111,3842.9
12343083486381,220.400083439,7694266368,16619876352,6934728704,94066528256,40.6,1078.3,111,3842.9
12343133492481,220.450089539,8126943232,17022537728,7233232896,93768024064,45.6,1299.8,111,3842.9
12343183490227,220.500087285,7884361728,16779964416,7233490944,93767766016,48.1,1319.4,111,3842.9
12343233490567,220.550087625,8145129472,17040723968,7538245632,93463011328,47.2,1339.0,111,3842.9
12343283495726,220.600092784,7893463040,16789057536,7328960512,93672296448,39.2,1061.0,111,3687.6
12343333483403,220.650080461,7736623104,16632213504,7449346048,93551910912,49.4,1394.9,111,3687.6
12343383484214,220.700081272,7818895360,16714481664,7582572544,93418684416,54.8,1587.1,111,3687.6
12343433489343,220.750086401,8108765184,17004351488,7968219136,93033037824,53.1,1537.6,111,3687.6
12343483484648,220.800081706,7866191872,16761778176,7944196096,93057060864,46.9,1259.3,111,3687.6
12343533481617,220.850078675,8126951424,17022537728,8263659520,92737597440,46.5,1284.4,111,3687.6
12343583478386,220.900075444,7884378112,16779964416,8264417280,92736839680,41.9,1180.2,111,3687.6
12343633482008,220.950079066,8127078400,17040723968,8502853632,92498403328,49.4,1378.0,111,3687.6
12343683477195,221.000074253,7906054144,16839393280,8522465280,92478791680,45.0,1282.3,111,3687.6
12343733485174,221.050082232,7803740160,16699326464,8626503680,92374753280,49.1,1355.4,111,3687.6
12343783485059,221.100082117,7674605568,16570560512,8515018752,92486238208,54.1,1500.5,111,3687.6
12343833494421,221.150091479,8057761792,17004351488,8763846656,92237410304,53.1,1553.9,111,3724.2
12343883474120,221.200071178,7866191872,16761778176,8893284352,92107972608,44.7,1280.9,111,3724.2
12343933496315,221.250093373,8113274880,17022537728,9087594496,91913662464,50.3,1463.6,111,3724.2
12343983480141,221.300077199,8008032256,17022537728,9023971328,91977285632,44.6,1304.8,111,3724.2
12344033480096,221.350077154,7860219904,16839393280,9013317632,91987939328,43.8,1236.0,111,3724.2
12344083487985,221.400085043,8145141760,17040723968,9137954816,91863302144,43.7,1260.9,111,3724.2
12344133481148,221.450078206,7734910976,16789057536,9014165504,91987091456,40.9,1162.1,111,3724.2
12344183514724,221.500111782,7710298112,16605880320,8969265152,92031991808,52.5,1554.3,111,3724.2
12344233498971,221.550096029,7940710400,17004351488,8990928896,92010328064,53.1,1555.3,111,3724.2
12344283480933,221.600077991,7989846016,17004351488,9066803200,91934453760,44.6,1288.8,111,3724.2
12344333511344,221.650108402,7886462976,16821207040,8924360704,92076896256,46.0,1333.3,111,3896.9
12344383497694,221.700094752,8126955520,17022537728,8884015104,92117241856,45.6,1304.7,111,3896.9
12344433475409,221.750072467,7762739200,16779964416,8519135232,92482121728,42.7,1263.2,111,3896.9
12344483491446,221.800088504,8145141760,17040723968,8608419840,92392837120,43.4,1236.0,111,3896.9
12344533493430,221.850090488,7893475328,16789057536,8365772800,92635484160,40.6,1140.9,111,3896.9
12344583484435,221.900081493,7736631296,16632213504,8122175488,92879081472,46.2,1381.2,111,3896.9
12344633489394,221.950086452,7818899456,16714481664,7992635392,93008621568,54.7,1575.0,111,3896.9
12344683497039,222.000094097,8107343872,17004351488,7961018368,93040238592,48.4,1343.1,111,3896.9
12344733473136,222.050070194,7866195968,16761778176,7713533952,93287723008,39.0,1119.0,111,3896.9
12344783487904,222.100084962,7918583808,16821207040,7638724608,93362532352,46.5,1241.3,111,3896.9
12344833502561,222.150099619,8126959616,17022537728,7664615424,93336641536,44.4,1292.0,111,3896.9
12344883508092,222.20010515,7884386304,16779964416,7377149952,93624107008,40.9,1164.7,111,3452.9
12344933485111,222.250082169,8145145856,17040723968,7530426368,93470830592,41.4,1203.0,111,3452.9
12344983490110,222.300087168,7893479424,16789057536,7530082304,93471174656,41.0,1198.4,111,3452.9
12345033489370,222.350086428,7803748352,16699326464,7547113472,93454143488,48.4,1402.2,111,3452.9
12345083485894,222.400082952,7818903552,16714481664,7692283904,93308973056,53.4,1558.8,111,3452.9
12345133477209,222.450074267,7911690240,17004351488,7866724352,93134532608,50.3,1476.3,111,3452.9
12345183488020,222.500085078,7864696832,16761778176,7951544320,93049712640,41.2,1177.8,111,3452.9
12345233503969,222.550101027,7884414976,16821207040,7783813120,93217443840,42.1,1243.7,111,3452.9
12345283498520,222.600095578,8126959616,17022537728,7853744128,93147512832,43.0,1222.6,111,3452.9
12345333482241,222.650079299,7683055616,16587726848,7780044800,93221212160,42.8,1256.1,111,3452.9
12345383495095,222.700092153,8145145856,17040723968,8003244032,92998012928,46.2,1323.6,111,3452.9
12345433504273,222.750101331,7893479424,16789057536,7731912704,93269344256,38.1,1098.8,111,3435.3
12345483482026,222.800079084,7696998400,16632213504,7448317952,93552939008,45.3,1322.8,111,3435.3
12345533482924,222.850079982,7751798784,16647368704,7375536128,93625720832,53.2,1559.0,111,3435.3
12345583485826,222.900082884,8108781568,17004351488,7564681216,93436575744,47.2,1379.7,111,3435.3
12345633484960,222.950082018,7866208256,16761778176,7333212160,93668044800,42.5,1179.7,111,3435.3
12345683485688,223.000082746,7989575680,17022537728,7315365888,93685891072,41.1,1200.8,111,3435.3
12345733482348,223.050079406,7885996032,16821207040,7194902528,93806354432,40.6,1140.1,111,3435.3
12345783663083,223.100260141,7811723264,16839393280,7057936384,93943320576,43.7,1211.7,111,3435.3
12345833485707,223.150082765,8145154048,17040723968,7318048768,93683208192,44.7,1227.4,111,3435.3
12345883479402,223.20007646,7874605056,16789057536,7065124864,93936132096,41.4,1161.5,111,3435.3
12345933482453,223.250079511,7709376512,16632213504,6861524992,94139731968,47.2,1339.9,111,3435.3
12345983490073,223.300087131,7779270656,16714481664,6890684416,94110572544,54.9,1556.2,111,3827.4
12346033483377,223.350080435,8064774144,17004351488,7091445760,93909811200,47.8,1362.0,111,3827.4
12346083492921,223.400089979,7866208256,16761778176,6888878080,94112378880,40.9,1177.6,111,3827.4
12346133489130,223.450086188,7914319872,16821207040,6879518720,94121738240,44.3,1182.2,111,3827.4
12346183484548,223.500081606,8126967808,17022537728,7005962240,93995294720,45.0,1260.2,111,3827.4
12346233482631,223.550079689,7884394496,16779964416,6766518272,94234738688,42.8,1200.5,111,3827.4
12346283489881,223.600086939,8145154048,17040723968,6988439552,94012817408,41.0,1157.5,111,3827.4
12346333485068,223.650082126,7946948608,17040723968,6814834688,94186422272,35.0,962.3,111,3827.4
12346383486948,223.700084006,7800406016,16699326464,6652489728,94348767232,40.9,1139.3,111,3827.4
12346433476465,223.750073523,7710310400,16605880320,6525530112,94475726848,53.8,1561.3,111,3827.4
12346483500458,223.800097516,7701901312,16601690112,6474436608,94526820352,54.4,1576.2,111,3907.2
12346533492365,223.850089423,8108789760,17004351488,6838026240,94163230720,44.7,1240.9,111,3907.2
12346583491475,223.900088533,7866216448,16761778176,6595977216,94405279744,42.9,1200.8,111,3907.2
12346633525459,223.950122517,8010887168,17022537728,6814613504,94186643456,41.4,1157.1,111,3907.2
12346683512177,224.000109235,7884402688,16779964416,6900613120,94100643840,44.1,1198.1,111,3907.2
12346733494586,224.050091644,8106946560,17040723968,7227817984,93773438976,50.0,1399.8,111,3907.2
12346783484861,224.100081919,8145162240,17040723968,7380307968,93620948992,44.3,1206.2,111,3907.2
12346833486065,224.150083123,7793274880,16699326464,7454367744,93546889216,47.2,1340.0,111,3907.2
12346883482159,224.200079217,7663427584,16560447488,7467888640,93533368320,54.0,1535.4,111,3907.2
12346933504241,224.250101299,8011440128,17004351488,7731359744,93269897216,54.7,1535.8,111,3907.2
12346983478246,224.300075304,8108789760,17004351488,7830671360,93170585600,45.9,1266.8,111,3907.2
12347033492343,224.350089401,7847333888,16761778176,7666896896,93334360064,40.3,1100.0,111,3505.5
12347083491724,224.400088782,8126976000,17022537728,7995637760,93005619200,48.1,1359.2,111,3505.5
12347133489442,224.4500865,7884406784,16779964416,7947382784,93053874176,43.8,1216.4,111,3505.5
12347183486478,224.500083536,8009244672,17040723968,7951253504,93050003456,43.7,1221.8,111,3505.5
12347233471312,224.55006837,7929151488,16839393280,7847759872,93153497088,39.9,1104.4,111,3505.5
12347283482785,224.600079843,7803768832,16699326464,7601041408,93400215552,46.9,1317.4,111,3505.5
12347333509125,224.650106183,7664889856,16560447488,7398731776,93602525184,54.7,1537.8,111,3505.5
12347383500811,224.700097869,7983521792,17004351488,7545290752,93455966208,54.4,1596.3,111,3505.5
12347433481217,224.750078275,8098295808,17004351488,7558709248,93442547712,43.3,1183.9,111,3505.5
12347483478898,224.800075956,7757160448,16761778176,7238414336,93762842624,43.5,1220.8,111,3505.5
12347533489805,224.850086863,8126980096,17022537728,7413370880,93587886080,42.2,1177.6,111,3505.5
12347583490684,224.900087742,7884406784,16779964416,7173902336,93827354624,41.9,1160.1,111,3574.3
12347633481585,224.950078643,7986601984,17040723968,7125311488,93875945472,42.8,1162.3,111,3574.3
12347683494676,225.000091734,7893499904,16839393280,7195426816,93805830144,41.7,1131.7,111,3574.3
12347733482912,225.05007997,7803768832,16699326464,7383285760,93617971200,51.6,1429.8,111,3574.3
12347783494891,225.100091949,7818293248,16714481664,7594610688,93406646272,55.6,1577.8,111,3574.3
12347833492584,225.150089642,8108797952,17004351488,7864270848,93136986112,50.9,1459.8,111,3574.3
12347883507308,225.200104366,7866228736,16761778176,7835594752,93165662208,45.0,1278.8,111,3574.3
12347933495494,225.250092552,8049225728,17022537728,8179585024,92821671936,48.4,1380.9,111,3574.3
12347983496083,225.300093141,7884414976,16779964416,8204201984,92797054976,45.9,1298.6,111,3574.3
12348033486583,225.350083641,8023531520,17040723968,8402640896,92598616064,47.5,1406.1,111,3574.3
12348083500185,225.400097243,7893508096,16789057536,8370868224,92630388736,40.9,1175.9,111,3601.8
12348133492648,225.450089706,7803777024,16699326464,8515530752,92485726208,48.8,1381.4,111,3601.8
12348183487657,225.500084715,7818932224,16714481664,8586752000,92414504960,54.4,1599.8,111,3601.8
12348233478818,225.550075876,7907471360,17004351488,8645328896,92355928064,49.4,1442.1,111,3601.8
12348283478154,225.600075212,7989878784,17004351488,8595091456,92406165504,41.5,1181.6,111,3601.8
12348333497346,225.650094404,7841685504,16821207040,8652587008,92348669952,43.5,1232.9,111,3601.8
12348383483709,225.700080767,8116490240,17022537728,8917086208,92084170752,45.9,1305.8,111,3601.8
12348433476303,225.750073361,7686209536,16779964416,8634802176,92366454784,40.3,1201.6,111,3601.8
12348483491080,225.800088138,8145174528,17040723968,8994521088,92006735872,47.5,1316.6,111,3601.8
12348533494128,225.850091186,7706853376,16789057536,8691576832,92309680128,41.1,1220.5,111,3601.8
12348583482720,225.900079778,7693914112,16605880320,8564690944,92436566016,52.5,1558.4,111,3601.8
12348633563420,225.950160478,7706140672,16601690112,8460697600,92540559360,54.3,1538.1,111,3701.5
12348683488096,226.000085154,8108802048,17004351488,8844992512,92156264448,47.2,1342.6,111,3701.5
12348733485013,226.050082071,7683411968,16619876352,8845766656,92155490304,46.5,1277.4,111,3701.5
12348783515632,226.10011269,8126992384,17022537728,9249869824,91751387136,52.2,1399.1,111,3701.5
12348833483656,226.150080714,7884419072,16779964416,9250070528,91751186432,45.5,1305.8,111,3701.5
12348883495000,226.200092058,8145178624,17040723968,9300131840,91701125120,48.8,1375.8,111,3701.5
12348933493420,226.250090478,7893512192,16789057536,9060638720,91940618240,43.1,1219.5,111,3701.5
12348983494164,226.300091222,7736668160,16632213504,8825409536,92175847424,47.8,1399.2,111,3701.5
12349033492504,226.350089562,7818936320,16714481664,8776609792,92224647168,53.2,1582.6,111,3701.5
12349083493529,226.400090587,8106950656,17004351488,8813510656,92187746304,49.4,1381.4,111,3701.5
12349133492309,226.450089367,7866232832,16761778176,8570171392,92431085568,41.0,1218.0,111,3701.5
12349183492603,226.500089661,8080093184,17022537728,8585175040,92416081920,45.0,1277.1,111,3931.9
12349233482988,226.550080046,8045191168,17022537728,8463376384,92537880576,43.9,1265.8,111,3931.9
12349283476429,226.600073487,7697764352,16779964416,8438095872,92563161088,43.8,1261.6,111,3931.9
12349333490628,226.650087686,8145178624,17040723968,8805298176,92195958784,48.1,1395.0,111,3931.9
12349383476054,226.700073112,7891406848,16789057536,8668164096,92333092864,41.4,1183.3,111,3931.9
12349433478141,226.750075199,7690526720,16632213504,8368054272,92633202688,47.8,1379.9,111,3931.9
12349483484268,226.800081326,7751823360,16647368704,8520069120,92481187840,53.0,1576.0,111,3931.9
12349533492070,226.850089128,8108810240,17004351488,8697786368,92303470592,49.0,1420.1,111,3931.9
12349583483954,226.900081012,7866236928,16761778176,8495734784,92505522176,44.0,1222.5,111,3931.9
12349633483842,226.9500809,8126996480,17022537728,8792674304,92208582656,47.8,1358.8,111,3931.9
12349683484752,227.00008181,7884423168,16779964416,8550285312,92450971648,36.1,1040.2,111,3931.9
12349733499467,227.050096525,8126406656,17040723968,8687812608,92313444352,47.5,1337.4,111,3756.5
12349783482354,227.100079412,8145186816,17040723968,8789327872,92211929088,45.6,1201.8,111,3756.5
12349833631524,227.150228582,7669592064,16632213504,8419287040,92581969920,41.2,1176.0,111,3756.5
12349883488663,227.200085721,7710343168,16605880320,8302260224,92698996736,52.5,1524.8,111,3756.5
12349933493039,227.250090097,7697719296,16601690112,8244199424,92757057536,54.4,1597.0,111,3756.5
12349983486916,227.300083974,8108814336,17004351488,8467668992,92533587968,45.2,1243.9,111,3756.5
12350033476165,227.350073223,7822192640,16761778176,8188706816,92812550144,44.7,1260.4,111,3756.5
12350083485450,227.400082508,8127000576,17022537728,8267927552,92733329408,44.4,1257.3,111,3756.5
12350133490518,227.450087576,7884427264,16779964416,8267825152,92733431808,46.6,1259.1,111,3756.5
12350183491067,227.500088125,8145186816,17040723968,8351432704,92649824256,45.3,1280.7,111,3756.5
12350233485626,227.550082684,7893520384,16789057536,8153874432,92847382528,39.5,1102.7,111,3756.5
12350283484622,227.60008168,7803789312,16699326464,8050753536,92950503424,47.8,1358.5,111,3752.5
12350333593278,227.650190336,7796523008,16714481664,7983153152,93018103808,55.3,1592.6,111,3752.5
12350383479229,227.700076287,7925248000,17004351488,8204992512,92796264448,50.0,1426.8,111,3752.5
12350433512047,227.750109105,7866245120,16761778176,8201121792,92800135168,45.3,1259.1,111,3752.5
12350483505797,227.800102855,8103010304,17022537728,8359329792,92641927168,47.5,1358.0,111,3752.5
12350533483881,227.850080939,7883403264,16779964416,8457801728,92543455232,43.9,1202.9,111,3752.5
12350583491699,227.900088757,8115957760,17040723968,8613908480,92387348480,50.9,1459.4,111,3752.5
12350633487615,227.950084673,8103235584,17040723968,8583036928,92418220032,43.2,1261.6,111,3752.5
12350683483181,228.000080239,7793303552,16699326464,8506974208,92494282752,44.4,1240.5,111,3752.5
12350733472255,228.050069313,7658852352,16554385408,8414851072,92586405888,54.4,1518.4,111,3752.5
12350783490392,228.10008745,8009166848,17004351488,8662061056,92339195904,55.3,1573.0,111,3867.2
12350833478885,228.150075943,7989895168,17004351488,8671768576,92329488384,48.1,1308.0,111,3867.2
12350883481434,228.200078492,7698841600,16619876352,8316813312,92684443648,42.2,1157.2,111,3867.2
12350933487689,228.250084747,8127004672,17022537728,8509751296,92491505664,46.3,1337.7,111,3867.2
12350983482333,228.300079391,7884435456,16779964416,8502009856,92499247104,44.9,1262.6,111,3867.2
12351033488688,228.350085746,8145195008,17040723968,8574779392,92426477568,42.9,1218.5,111,3867.2
12351083490856,228.400087914,7893528576,16789057536,8426344448,92574912512,43.4,1178.8,111,3867.2
12351133477706,228.450074764,7764156416,16699326464,8227905536,92773351424,44.2,1265.0,111,3867.2
12351183482308,228.500079366,7756034048,16714481664,8178618368,92822638592,55.9,1598.4,111,3867.2
12351233495185,228.550092243,8097382400,17004351488,8310738944,92690518016,54.6,1554.8,111,3867.2
12351283482116,228.600079174,8087838720,17004351488,8254697472,92746559488,41.3,1143.5,111,3867.2
12351333477441,228.650074499,7677497344,16761778176,8221667328,92779589632,44.1,1281.7,111,3730.2
12351383505025,228.700102083,8127012864,17022537728,8523841536,92477415424,47.5,1313.9,111,3730.2
12351433498307,228.750095365,7884439552,16779964416,8288940032,92712316928,40.6,1099.5,111,3730.2
12351483485550,228.800082608,8145199104,17040723968,8593952768,92407304192,45.9,1282.9,111,3730.2
12351533482855,228.850079913,7893532672,16789057536,8366080000,92635176960,38.2,1022.2,111,3730.2
12351583502490,228.900099548,7803801600,16699326464,8453672960,92547584000,50.9,1475.5,111,3730.2
12351633482653,228.950079711,7779315712,16714481664,8375226368,92626030592,54.7,1523.2,111,3730.2
12351683475840,229.000072898,8071069696,17004351488,8463736832,92537520128,54.4,1562.3,111,3730.2
12351733476661,229.050073719,8108826624,17004351488,8502956032,92498300928,41.3,1159.5,111,3730.2
12351783475959,229.100073017,7830593536,16761778176,8312008704,92689248256,45.0,1200.9,111,3730.2
12351833489733,229.150086791,8127012864,17022537728,8538349568,92462907392,48.8,1316.3,111,3875.0
12351883500773,229.200097831,7884443648,16779964416,8403054592,92598202368,41.4,1198.3,111,3875.0
12351933479594,229.250076652,7986638848,17040723968,8449970176,92551286784,43.9,1285.3,111,3875.0
12351983470236,229.300067294,7904231424,16839393280,8561188864,92440068096,42.5,1201.3,111,3875.0
12352034036604,229.350633662,7803805696,16699326464,8683245568,92318011392,47.5,1420.4,111,3875.0
12352083587067,229.400184125,7817412608,16714481664,8666730496,92334526464,51.9,1531.6,111,3875.0
12352133481024,229.450078082,7980896256,17004351488,8645312512,92355944448,52.2,1547.3,111,3875.0
12352183470534,229.500067592,7897010176,16803020800,8537784320,92463472640,40.6,1161.0,111,3875.0
12352233513461,229.550110519,7856549888,16821207040,8386801664,92614455296,45.1,1272.4,111,3875.0
12352283501719,229.600098777,8127016960,17022537728,8472731648,92528525312,44.7,1301.9,111,3875.0
12352333506567,229.650103625,7884443648,16779964416,8232464384,92768792576,40.9,1160.1,111,3514.2
12352383485228,229.700082286,8145203200,17040723968,8215175168,92786081792,41.7,1202.8,111,3514.2
12352433485628,229.750082686,7893536768,16789057536,7972610048,93028646912,41.0,1140.2,111,3514.2
12352483483797,229.800080855,7803805696,16699326464,7824748544,93176508416,45.0,1319.8,111,3514.2
12352533496425,229.850093483,7764369408,16714481664,7699853312,93301403648,52.8,1553.6,111,3514.2
12352583481162,229.90007822,8098340864,17004351488,7917748224,93083508736,53.2,1546.6,111,3514.2
12352633490714,229.950087772,8108834816,17004351488,7977017344,93024239616,66.7,1178.4,111,3514.2
12352683500527,230.000097585,7866261504,16761778176,7935729664,93065527296,50.6,1197.5,111,3514.2
12352733497255,230.050094313,8127021056,17022537728,8121511936,92879745024,49.4,1261.0,111,3514.2
12352783525702,230.10012276,7884447744,16779964416,7886422016,93114834944,41.5,1041.7,111,3514.2
12352833496434,230.150093492,8142389248,17040723968,7932264448,93068992512,42.8,1260.4,111,3514.2
12352883474549,230.200071607,7986642944,17040723968,7717048320,93284208640,42.9,1263.6,111,3633.8
12352933476898,230.250073956,7736700928,16699326464,7713280000,93287976960,43.0,1218.1,111,3633.8
12352983476302,230.30007336,7665922048,16561795072,7558451200,93442805760,53.1,1561.1,111,3633.8
12353033657866,230.350254924,7935434752,17004351488,7670185984,93331070976,53.4,1576.6,111,3633.8
12353083488082,230.40008514,8108838912,17004351488,7732633600,93268623360,42.3,1195.7,111,3633.8
12353133492756,230.450089814,7866265600,16761778176,7552155648,93449101312,38.5,1115.0,111,3633.8
12353183482772,230.50007983,8127025152,17022537728,7862071296,93139185664,42.9,1246.2,111,3633.8
12353233505438,230.550102496,7884451840,16779964416,7629828096,93371428864,41.4,1195.9,111,3633.8
12353283476962,230.60007402,8019374080,17040723968,7656591360,93344665600,44.7,1265.8,111,3633.8
12353333486273,230.650083331,7893544960,16789057536,7714074624,93287182336,40.9,1138.7,111,3633.8
12353383482090,230.700079148,7767781376,16699326464,7678722048,93322534912,47.8,1400.4,111,3821.4
12353433478198,230.750075256,7664939008,16560447488,7710031872,93291225088,51.2,1531.0,111,3821.4
12353483489437,230.800086495,8014684160,17004351488,8076976128,92924280832,52.5,1560.1,111,3821.4
12353533486682,230.85008374,8083664896,17004351488,8222359552,92778897408,44.6,1226.3,111,3821.4
12353583495608,230.900092666,7826628608,16761778176,8055390208,92945866752,46.9,1319.3,111,3821.4
12353633488305,230.950085363,8127029248,17022537728,8005070848,92996186112,44.7,1279.5,111,3821.4
12353683506028,231.000103086,7884455936,16779964416,7805181952,93196075008,37.6,1081.0,111,3821.4
12353733481423,231.050078481,8065933312,17040723968,7925960704,93075296256,46.3,1301.8,111,3821.4
12353783481063,231.100078121,8096968704,17040723968,8027623424,92973633536,42.1,1119.0,111,3821.4
12353833490380,231.150087438,7714422784,16632213504,7726735360,93274521600,42.4,1220.0,111,3821.4
12353883486804,231.200083862,7710371840,16605880320,7726424064,93274832896,53.7,1538.5,111,3632.7
12353933476095,231.250073153,7652814848,16548323328,7626477568,93374779392,55.3,1560.7,111,3632.7
12353983490401,231.300087459,8108843008,17004351488,7864713216,93136543744,45.9,1298.9,111,3632.7
12354033488989,231.350086047,7866269696,16761778176,7840968704,93160288256,43.0,1219.8,111,3632.7
12354083487176,231.400084234,8127029248,17022537728,8075980800,92925276160,45.6,1300.3,111,3632.7
12354133483219,231.450080277,7884455936,16779964416,8008024064,92993232896,41.2,1140.5,111,3632.7
12354183487988,231.500085046,8030773248,17040723968,8138436608,92862820352,47.8,1378.9,111,3632.7
12354233499830,231.550096888,8145219584,17040723968,8119599104,92881657856,44.4,1240.2,111,3632.7
12354283481477,231.600078535,7814270976,16789057536,7845777408,93155479552,41.4,1182.6,111,3632.7
12354333630087,231.650227145,7669596160,16565100544,7638822912,93362434048,47.9,1392.1,111,3632.7
12354383478812,231.70007587,7751868416,16647368704,7867977728,93133279232,53.8,1507.6,111,3632.7
12354433486687,231.750083745,8108851200,17004351488,8211156992,92790099968,50.3,1439.0,111,3907.9
12354483490537,231.800087595,7866277888,16761778176,7984590848,93016666112,41.5,1179.8,111,3907.9
12354533479062,231.85007612,7968473088,17022537728,8032870400,92968386560,45.3,1302.0,111,3907.9
12354583498413,231.900095471,7884464128,16779964416,8007839744,92993417216,44.4,1195.0,111,3907.9
12354633480556,231.950077614,8040357888,17040723968,8364584960,92636672000,52.6,1445.0,111,3907.9
12354683488627,232.000085685,7893557248,16789057536,8319397888,92681859072,45.3,1258.3,111,3907.9
12354733505303,232.050102361,7778652160,16699326464,8406728704,92594528256,52.5,1499.1,111,3907.9
12354783489600,232.100086658,7818981376,16714481664,8290234368,92711022592,56.3,1579.5,111,3907.9
12354833492651,232.150089709,8037560320,17004351488,8482095104,92519161856,52.2,1459.5,111,3907.9
12354883490092,232.20008715,7866277888,16761778176,8467886080,92533370880,46.5,1280.1,111,3907.9
12354933486612,232.25008367,8127037440,17022537728,8508399616,92492857344,48.1,1322.3,111,3907.9
12354983482921,232.300079979,8047763456,17022537728,8393428992,92607827968,45.0,1240.2,111,3747.8
12355033481173,232.350078231,7737671680,16779964416,8145788928,92855468032,42.2,1201.5,111,3747.8
12355083485617,232.400082675,8145240064,17040723968,8234115072,92767141888,43.4,1218.5,111,3747.8
12355133486144,232.450083202,7893573632,16789057536,8009936896,92991320064,41.8,1160.4,111,3747.8
12355183482954,232.500080012,7675908096,16632213504,8031870976,92969385984,51.3,1479.9,111,3747.8
12355233477740,232.550074798,7779356672,16714481664,8019214336,92982042624,53.5,1561.5,111,3747.8
12355283485189,232.600082247,8108867584,17004351488,8220790784,92780466176,50.6,1418.6,111,3747.8
12355333495995,232.650093053,7866294272,16761778176,8105701376,92895555584,45.7,1296.1,111,3747.8
12355383484029,232.700081087,8057839616,17022537728,8219500544,92781756416,46.8,1304.5,111,3747.8
12355433480057,232.750077115,7980240896,17022537728,8169197568,92832059392,43.8,1220.5,111,3747.8
12355483480587,232.800077645,7725916160,16779964416,7939735552,93061521408,41.8,1200.4,111,3747.8
12355533488032,232.85008509,8145240064,17040723968,8253743104,92747513856,46.0,1277.3,111,3553.1
12355583477163,232.900074221,7857913856,16789057536,8254242816,92747014144,43.9,1241.6,111,3553.1
12355633477835,232.950074893,7684296704,16632213504,8090124288,92911132672,46.9,1320.0,111,3553.1
12355683483397,233.000080455,7751884800,16647368704,7990943744,93010313216,55.3,1559.9,111,3553.1
12355733507542,233.0501046,8108867584,17004351488,8197160960,92804096000,50.9,1454.2,111,3553.1
12355783491524,233.100088582,7866294272,16761778176,8197996544,92803260416,45.5,1244.7,111,3553.1
12355833484482,233.15008154,7938646016,17022537728,8368308224,92632948736,46.6,1272.6,111,3553.1
12355883482119,233.200079177,7884480512,16779964416,8417386496,92583870464,44.7,1288.7,111,3553.1
12355933484114,233.250081172,8069734400,17040723968,8653484032,92347772928,45.9,1359.0,111,3553.1
12355983483564,233.300080622,8027787264,17040723968,8516059136,92485197824,42.9,1199.9,111,3553.1
12356033486861,233.350083919,7732109312,16632213504,8148082688,92853174272,38.4,1119.5,111,3553.1
12356083491210,233.400088268,7710400512,16605880320,8046137344,92955119616,53.1,1555.7,111,3912.6
12356133489158,233.450086216,7706050560,16601690112,7951433728,93049823232,52.8,1560.0,111,3912.6
12356183487806,233.500084864,8108875776,17004351488,8175935488,92825321472,44.7,1262.6,111,3912.6
12356233483149,233.550080207,7866302464,16761778176,7938445312,93062811648,42.0,1222.3,111,3912.6
12356283482479,233.600079537,8127062016,17022537728,8000376832,93000880128,41.9,1219.5,111,3912.6
12356333528233,233.650125291,7884488704,16779964416,7967862784,93033394176,43.5,1234.3,111,3912.6
12356383486258,233.700083316,8065966080,17040723968,8030052352,92971204608,43.3,1225.1,111,3912.6
12356433495426,233.750092484,8006823936,17040723968,8030482432,92970774528,41.0,1179.4,111,3912.6
12356483494118,233.800091176,7793205248,16699326464,8030539776,92970717184,44.1,1238.7,111,3912.6
12356533482243,233.850079301,7684780032,16580255744,7932223488,93069033472,51.6,1553.3,111,3912.6
12356583483582,233.90008064,8108597248,17004351488,8233107456,92768149504,53.2,1548.8,111,3912.6
12356633479161,233.950076219,8050147328,17004351488,8168214528,92833042432,43.7,1220.9,111,3539.0
12356683488113,234.000085171,7949684736,17022537728,8266485760,92734771200,47.6,1318.0,111,3539.0
12356733486647,234.050083705,8127066112,17022537728,8389083136,92612173824,44.9,1281.7,111,3539.0
12356783527078,234.100124136,7692259328,16638062592,8398065664,92603191296,49.1,1278.2,111,3539.0
12356833501688,234.150098746,8145252352,17040723968,8724496384,92276760576,48.4,1399.0,111,3539.0
12356883487148,234.200084206,7887286272,16789057536,8497078272,92504178688,41.2,1219.7,111,3539.0
12356933491503,234.250088561,7710408704,16605880320,8486236160,92515020800,67.1,1480.6,111,3539.0
12356983485368,234.300082426,7751897088,16647368704,8418111488,92583145472,72.3,1521.2,111,3539.0
12357033489031,234.350086089,8108879872,17004351488,8482881536,92518375424,55.4,1401.0,111,3539.0
12357083500539,234.400097597,7866306560,16761778176,8245035008,92756221952,37.5,1077.6,111,3539.0
12357133484817,234.450081875,8127066112,17022537728,8367837184,92633419776,44.9,1322.3,111,3788.8
12357183499941,234.500096999,8127066112,17022537728,8314515456,92686741504,39.4,1135.9,111,3788.8
12357233482536,234.550079594,7884492800,16779964416,8075046912,92926210048,38.9,1125.0,111,3788.8
12357283495496,234.600092554,8145252352,17040723968,8088207360,92913049600,42.9,1216.8,111,3788.8
12357333496805,234.650093863,7893590016,16789057536,7846158336,93155098624,35.4,980.3,111,3788.8
12357383484870,234.700081928,7788171264,16699326464,7683330048,93317926912,46.3,1321.6,111,3788.8
12357433473646,234.750070704,7666483200,16605880320,7506825216,93494431744,51.3,1543.1,111,3788.8
12357483489474,234.800086532,7763431424,16803020800,7505534976,93495721984,52.5,1535.8,111,3788.8
12357533490498,234.850087556,8108883968,17004351488,7686426624,93314830336,44.4,1260.1,111,3788.8
12357583489989,234.900087047,7866310656,16761778176,7445323776,93555933184,38.5,1121.2,111,3788.8
12357633498607,234.950095665,8099258368,17022537728,7507501056,93493755904,40.7,1175.5,111,3880.1
12357683497217,235.000094275,7884222464,16781012992,7278276608,93722980352,39.1,1041.8,111,3880.1
12357733482943,235.050080001,7941918720,16840441856,7246934016,93754322944,46.5,1324.2,111,3880.1
12357783485910,235.100082968,8145260544,17041772544,7385763840,93615493120,45.0,1239.1,111,3880.1
12357833503865,235.150100923,7893594112,16790106112,7135682560,93865574400,38.8,1076.9,111,3880.1
12357883481676,235.200078734,7736750080,16633262080,6950686720,94050570240,44.6,1264.3,111,3880.1
12357933479655,235.250076713,7751905280,16715530240,6960226304,94041030656,55.0,1598.3,111,3880.1
12357983481320,235.300078378,8092102656,17005400064,7272722432,93728534528,53.2,1502.3,111,3880.1
12358033480731,235.350077789,8029605888,17005400064,7172341760,93828915200,41.8,1179.8,111,3880.1
12358083483628,235.400080686,7747391488,16762826752,6849773568,94151483392,41.2,1160.2,111,3880.1
12358133490292,235.45008735,8127074304,17023586304,7135432704,93865824256,42.5,1197.4,111,3880.1
12358183487870,235.500084928,7884505088,16781012992,6894157824,94107099136,42.1,1161.4,111,3718.4
12358233499172,235.55009623,7947059200,17041772544,6951804928,94049452032,41.9,1158.1,111,3718.4
12358283487674,235.600084732,7904292864,16840441856,6832582656,94168674304,39.2,1140.0,111,3718.4
12358333484269,235.650081327,7736754176,16700375040,6656503808,94344753152,45.6,1262.0,111,3718.4
12358383484943,235.700082001,7710420992,16606928896,6556381184,94444875776,53.4,1517.9,111,3718.4
12358433484524,235.750081582,7674650624,16581304320,6529286144,94471970816,52.2,1542.2,111,3718.4
12358483488426,235.800085484,8108892160,17005400064,6901133312,94100123648,46.3,1297.2,111,3718.4
12358533493553,235.850090611,7866318848,16762826752,6660374528,94340882432,42.5,1179.8,111,3718.4
12358583481258,235.900078316,7994949632,17023586304,6762663936,94238593024,43.0,1204.0,111,3718.4
12358633479613,235.950076671,7955099648,17023586304,6660239360,94341017600,40.3,1119.7,111,3718.4
12358683485431,236.000082489,7691755520,16588775424,6369718272,94631538688,40.6,1098.9,111,3718.4
12358733489906,236.050086964,8145264640,17041772544,6800142336,94201114624,46.9,1320.6,111,3746.7
12358783488451,236.100085509,7893598208,16790106112,6561837056,94439419904,42.0,1117.0,111,3746.7
12358833484541,236.150081599,7803637760,16700145664,6426603520,94574653440,46.5,1283.8,111,3746.7
12358883486252,236.20008331,7748788224,16712269824,6325235712,94676021248,55.6,1595.6,111,3746.7
12358933483845,236.250080903,8134348800,17031041024,6710751232,94290505728,54.1,1543.4,111,3746.7
12358983485806,236.300082864,8077901824,17031041024,6650613760,94350643200,41.1,1140.8,111,3746.7
12359033482457,236.350079515,7819948032,16779374592,6396178432,94605078528,41.8,1180.2,111,3746.7
12359083484248,236.400081306,8134537216,17031041024,6602330112,94398926848,41.9,1178.9,111,3746.7
12359133495937,236.450092995,7884279808,16780783616,6360481792,94640775168,40.4,1098.8,111,3746.7
12359183488440,236.500085498,8117768192,17041543168,6611214336,94390042624,46.9,1339.1,111,3746.7
12359233487486,236.550084544,8145039360,17041543168,6596247552,94405009408,40.4,1142.2,111,3746.7
12359283475081,236.600072139,7700426752,16789876736,6596120576,94405136384,40.9,1181.8,111,3610.4
12359333488503,236.650085561,7707168768,16603668480,6765142016,94236114944,52.5,1477.3,111,3610.4
12359383475787,236.700072845,7731884032,16829710336,6993674240,94007582720,54.4,1559.5,111,3610.4
12359433489399,236.750086457,8134541312,17031041024,7389777920,93611479040,46.3,1300.5,111,3610.4
12359483501762,236.80009882,7882874880,16779374592,7367315456,93633941504,45.6,1297.7,111,3610.4
12359533497427,236.850094485,8134541312,17031041024,7571415040,93429841920,45.7,1258.4,111,3610.4
12359583484677,236.900081735,7884283904,16780783616,7570731008,93430525952,45.6,1263.7,111,3610.4
12359633488677,236.950085735,8145043456,17041543168,8003735552,92997521408,49.4,1338.7,111,3610.4
12359683491365,237.000088423,7893377024,16789876736,7787737088,93213519872,44.0,1220.6,111,3610.4
12359733478815,237.050075873,7764008960,16700145664,7776952320,93224304640,47.8,1382.2,111,3610.4
12359783481292,237.10007835,7815774208,16712269824,7698366464,93302890496,57.1,1577.4,111,3954.3
12359833486915,237.150083973,7996047360,17031041024,7883960320,93117296640,52.2,1438.6,111,3954.3
12359883494382,237.20009144,7882878976,16779374592,7962177536,93039079424,44.7,1259.4,111,3954.3
12359933484106,237.250081164,8125849600,17031041024,8218935296,92782321664,46.8,1343.7,111,3954.3
12359983481263,237.300078321,8134545408,17031041024,8177197056,92824059904,41.0,1138.6,111,3954.3
12360033480725,237.350077783,7765364736,16780783616,8053334016,92947922944,44.7,1342.6,111,3954.3
12360083501776,237.400098834,8145047552,17041543168,8430600192,92570656768,46.3,1316.0,111,3954.3
12360133490920,237.450087978,7893381120,16789876736,8331767808,92669489152,38.4,1102.7,111,3954.3
12360183498747,237.500095805,7803650048,16700145664,8387248128,92614008832,50.0,1478.0,111,3954.3
12360233498379,237.550095437,7807639552,16712269824,8548814848,92452442112,51.9,1558.1,111,3954.3
12360283533726,237.600130784,7933214720,16829710336,8670871552,92330385408,50.3,1441.8,111,3389.3
12360333488837,237.650085895,7882878976,16779374592,8593444864,92407812096,42.4,1179.5,111,3389.3
12360383508035,237.700105093,8055623680,17031041024,8836255744,92165001216,48.4,1455.3,111,3389.3
12360433482171,237.750079229,8015626240,17031041024,8864899072,92136357888,45.6,1323.3,111,3389.3
12360483500941,237.800097999,7742390272,16638881792,8594460672,92406796288,41.0,1152.9,111,3389.3
12360533489548,237.850086606,8145051648,17041543168,8853893120,92147363840,46.2,1310.3,111,3389.3
12360583470331,237.900067389,7853744128,16789876736,8829894656,92171362304,42.7,1242.8,111,3389.3
12360633477573,237.950074631,7696900096,16633032704,8700612608,92300644352,50.3,1418.4,111,3389.3
12360683479054,238.000076112,7811579904,16712269824,8697241600,92304015360,52.5,1560.5,111,3389.3
12360733482739,238.050079797,8134553600,17031041024,8756326400,92244930560,50.9,1438.9,111,3389.3
12360783481184,238.100078242,7882887168,16779374592,8715108352,92286148608,41.9,1139.9,111,3389.3
12360833502822,238.15009988,8132091904,17031041024,8784748544,92216508416,46.9,1356.1,111,3686.0
12360883484086,238.200081144,8069529600,17031041024,8653389824,92347867136,41.4,1203.3,111,3686.0
12360933470780,238.250067838,7798304768,16780783616,8477757440,92523499520,43.1,1221.9,111,3686.0
12360983481327,238.300078385,8145055744,17041543168,8731734016,92269522944,46.9,1358.0,111,3686.0
12361033482728,238.350079786,7893389312,16789876736,8731475968,92269780992,42.8,1260.3,111,3686.0
12361083479591,238.400076649,7669432320,16565919744,8781279232,92219977728,49.7,1464.7,111,3686.0
12361133486151,238.450083209,7748669440,16645156864,8741281792,92259975168,51.9,1495.0,111,3686.0
12361183492360,238.500089418,8134553600,17031041024,9005834240,91995422720,50.0,1458.9,111,3686.0
12361233508147,238.550105205,7882887168,16779374592,8783396864,92217860096,42.1,1257.5,111,3686.0
12361283489411,238.600086469,7946997760,17031041024,8796303360,92204953600,46.3,1301.8,111,3686.0
12361333495551,238.650092609,7884300288,16780783616,8628568064,92372688896,42.2,1239.3,111,3686.0
12361383483487,238.700080545,8103108608,17041543168,8777154560,92224102400,48.4,1402.0,111,3876.4
12361433485990,238.750083048,7986495488,17041543168,8822136832,92179120128,42.9,1238.9,111,3876.4
12361483479690,238.800076748,7803662336,16700145664,8787529728,92213727232,45.6,1323.2,111,3876.4
12361533498888,238.850095946,7671865344,16568348672,8580059136,92421197824,51.9,1554.9,111,3876.4
12361583490867,238.900087925,8069537792,17031041024,9024417792,91976839168,53.8,1522.0,111,3876.4
12361633479099,238.950076157,8094916608,17031041024,9091604480,91909652480,39.5,1121.3,111,3876.4
12361683493199,239.000090257,7714918400,16628379648,8790810624,92210446336,43.8,1218.5,111,3876.4
12361733493643,239.050090701,8134557696,17031041024,9196863488,91804393472,47.2,1397.9,111,3876.4
12361783489289,239.100086347,7725735936,16780783616,9094934528,91906322432,48.7,1323.6,111,3876.4
12361833487088,239.150084146,8145059840,17041543168,9289072640,91712184320,47.5,1299.3,111,3876.4
12361883479478,239.200076536,7893393408,16789876736,9259233280,91742023680,45.3,1279.4,111,3876.4
12361933481636,239.250078694,7696908288,16633032704,8953700352,92047556608,50.0,1402.0,111,3520.9
12361983481028,239.300078086,7815786496,16712269824,8906477568,92094779392,53.5,1538.8,111,3520.9
12362033494717,239.350091775,8134557696,17031041024,9165889536,91835367424,53.1,1517.4,111,3520.9
12362083484321,239.400081379,7882891264,16779374592,9166147584,91835109376,42.4,1182.3,111,3520.9
12362133484766,239.450081824,8134557696,17031041024,9370521600,91630735360,50.3,1377.8,111,3520.9
12362183491261,239.500088319,7884300288,16780783616,9129009152,91872247808,42.8,1180.9,111,3520.9
12362233480956,239.550078014,7952113664,17041543168,9317085184,91684171776,50.6,1482.8,111,3520.9
12362283479197,239.600076255,7904088064,16840212480,9228832768,91772424192,41.5,1138.7,111,3520.9
12362333486794,239.650083852,7803662336,16700145664,9288884224,91712372736,50.0,1436.8,111,3520.9
12362383484664,239.700081722,7815790592,16712269824,9346428928,91654828032,54.7,1560.4,111,3520.9
12362433497060,239.750094118,8111456256,17031041024,9298173952,91703083008,50.3,1400.6,111,3771.5
12362483492678,239.800089736,7882899456,16779374592,9069543424,91931713536,42.9,1219.1,111,3771.5
12362533488460,239.850085518,8133906432,17031041024,9206972416,91794284544,47.5,1339.5,111,3771.5
12362583481907,239.900078965,8015642624,17031041024,9126711296,91874545664,43.2,1243.2,111,3771.5
12362633483960,239.950081018,7742410752,16840212480,9025597440,91975659520,45.3,1240.7,111,3771.5
12362683482015,240.000079073,8145068032,17041543168,9241710592,91759546368,48.1,1318.8,111,3771.5
12362733497151,240.050094209,7723622400,16633032704,9074745344,91926511616,47.2,1357.8,111,3771.5
12362783488735,240.100085793,7707193344,16603668480,8937562112,92063694848,54.1,1522.4,111,3771.5
12362833498762,240.15009582,7958040576,17031041024,8896266240,92104990720,55.3,1570.5,111,3771.5
12362883491929,240.200088987,8134569984,17031041024,8980226048,92021030912,45.6,1266.8,111,3771.5
12362933483583,240.250080641,7843262464,16779374592,8798044160,92203212800,43.0,1260.9,111,3771.5
12362983489843,240.300086901,8134569984,17031041024,8828272640,92172984320,46.3,1297.5,111,3796.8
12363033489622,240.35008668,7884312576,16780783616,8609234944,92392022016,44.9,1222.0,111,3796.8
12363083486144,240.400083202,8145072128,17041543168,8959909888,92041347072,48.1,1358.7,111,3796.8
12363133484781,240.450081839,7893405696,16789876736,8959909888,92041347072,41.6,1202.0,111,3796.8
12363183483057,240.500080115,7736561664,16633032704,8795533312,92205723648,48.8,1380.6,111,3796.8
12363233486542,240.5500836,7776157696,16712269824,8696958976,92304297984,53.8,1558.7,111,3796.8
12363283493914,240.600090972,8134569984,17031041024,8798371840,92202885120,50.3,1455.8,111,3796.8
12363333492250,240.650089308,7882903552,16779374592,8558125056,92443131904,44.0,1199.2,111,3796.8
12363383492039,240.700089097,8120131584,17031041024,8462782464,92538474496,44.3,1262.3,111,3796.8
12363433489844,240.750086902,7884312576,16780783616,8224346112,92776910848,42.5,1160.1,111,3796.8
12363483489335,240.800086393,8128765952,17041543168,8279564288,92721692672,45.2,1262.4,111,3796.8
12363533484911,240.850081969,8145072128,17041543168,8240599040,92760657920,42.9,1180.7,111,3567.3
12363583478374,240.900075432,7692075008,16588546048,7801466880,93199790080,38.4,1078.8,111,3567.3
12363633481323,240.950078381,7672594432,16603668480,7687667712,93313589248,52.8,1540.5,111,3567.3
12363683490144,241.000087202,7709048832,16645156864,7621091328,93380165632,54.4,1518.8,111,3567.3
12363733491521,241.050088579,8134574080,17031041024,7762501632,93238755328,48.1,1340.0,111,3567.3
12363783489612,241.10008667,7882907648,16779374592,7548575744,93452681216,46.5,1238.8,111,3567.3
12363833491279,241.150088337,8062353408,17031041024,7575764992,93425491968,40.0,1118.1,111,3567.3
12363883580375,241.200177433,7931142144,16829710336,7421550592,93579706368,36.9,1042.5,111,3567.3
12363933498270,241.250095328,7997603840,17041543168,7610793984,93390462976,47.2,1394.0,111,3567.3
12363983487475,241.300084533,8145076224,17041543168,7743172608,93258084352,42.3,1206.7,111,3567.3
12364033751379,241.350348437,7669518336,16633032704,7731286016,93269970944,44.1,1291.1,111,3831.5
12364083474250,241.400071308,7676788736,16603668480,7915032576,93086224384,51.3,1512.0,111,3831.5
12364133485815,241.450082873,8078422016,17031041024,8209981440,92791275520,53.1,1539.0,111,3831.5
12364183480850,241.500077908,8134574080,17031041024,8212054016,92789202944,42.4,1239.2,111,3831.5
12364233493688,241.550090746,7731912704,16628379648,8153985024,92847271936,45.7,1296.0,111,3831.5
12364283484185,241.600081243,8134574080,17031041024,8489431040,92511825920,48.4,1384.9,111,3831.5
12364333482366,241.650079424,7884316672,16780783616,8284024832,92717232128,38.5,1101.0,111,3831.5
12364383482571,241.700079629,8145076224,17041543168,8503894016,92497362944,45.3,1316.6,111,3831.5
12364433483627,241.750080685,7893413888,16789876736,8433704960,92567552000,38.9,1101.1,111,3831.5
12364483480078,241.800077136,7764041728,16700145664,8418373632,92582883328,49.1,1421.7,111,3831.5
12364533499082,241.85009614,7815806976,16712269824,8375009280,92626247680,53.7,1615.1,111,3831.5
12364583490937,241.900087995,8134578176,17031041024,8568344576,92432912384,49.7,1422.2,111,3837.7
12364633499482,241.95009654,7882915840,16779374592,8369647616,92631609344,42.8,1198.1,111,3837.7
12364683494423,242.000091481,8043507712,17031041024,8324489216,92676767744,44.0,1258.8,111,3837.7
12364733508408,242.050105466,7884324864,16780783616,8107470848,92893786112,41.2,1140.6,111,3837.7
12364783489313,242.100086371,8065802240,17041543168,8334671872,92666585088,51.9,1423.7,111,3837.7
12364833478854,242.150075912,7977299968,17041543168,8275337216,92725919744,42.1,1201.9,111,3837.7
12364883488020,242.200085078,7788167168,16700145664,7952015360,93049241600,40.4,1118.8,111,3837.7
12364933495994,242.250093052,7707209728,16603668480,7826124800,93175132160,52.2,1538.2,111,3837.7
12364983497677,242.300094735,7982043136,17031041024,8093720576,92907536384,52.2,1552.7,111,3837.7
12365033489001,242.350086059,8134582272,17031041024,8164683776,92836573184,43.0,1247.1,111,3837.7
12365083478451,242.400075509,7731912704,16779374592,7942946816,93058310144,43.3,1262.0,111,3837.7
12365133503326,242.450100384,8134582272,17031041024,8295956480,92705300480,48.5,1355.0,111,3445.6
12365183482117,242.500079175,7884324864,16780783616,8101388288,92899868672,39.5,1142.2,111,3445.6
12365233477258,242.550074316,8145084416,17041543168,8132898816,92868358144,41.1,1181.0,111,3445.6
12365283496884,242.600093942,7903903744,16840212480,8073404416,92927852544,37.3,1097.0,111,3445.6
12365333503505,242.650100563,7803686912,16700145664,8087777280,92913479680,50.0,1480.2,111,3445.6
12365383487947,242.700085005,7761285120,16712269824,8107130880,92894126080,51.9,1482.5,111,3445.6
12365433480763,242.750077821,7958417408,17031041024,8157192192,92844064768,51.6,1521.6,111,3445.6
12365483481527,242.800078585,8033910784,17031041024,8224534528,92776722432,39.6,1119.4,111,3445.6
12365533480060,242.850077118,7709048832,16628379648,8052404224,92948852736,41.6,1178.7,111,3445.6
12365583495262,242.90009232,8134586368,17031041024,8371994624,92629262336,46.6,1397.8,111,3445.6
12365633502651,242.950099709,7871737856,16780783616,8231714816,92769542144,42.1,1178.5,111,3445.6
12365683489231,243.000086289,8145088512,17041543168,8361086976,92640169984,43.4,1243.9,111,3962.4
12365733491340,243.050088398,7893426176,16789876736,8166260736,92834996224,36.9,1060.8,111,3962.4
12365783481818,243.100078876,7744966656,16700145664,8212860928,92788396032,49.4,1381.0,111,3962.4
12365833485430,243.150082488,7815819264,16712269824,8282267648,92718989312,55.9,1577.8,111,3962.4
12365883496214,243.200093272,8134590464,17031041024,8463015936,92538241024,50.9,1458.7,111,3962.4
12365933489457,243.250086515,7882924032,16779374592,8182951936,92818305024,41.5,1120.1,111,3962.4
12365983479965,243.300077023,7958421504,17031041024,8250302464,92750954496,49.4,1423.2,111,3962.4
12366033508942,243.350106,7884337152,16780783616,8097280000,92903976960,42.9,1196.9,111,3962.4
12366083487779,243.400084837,8118325248,17041543168,8322015232,92679241728,48.1,1341.8,111,3962.4
12366133480871,243.450077929,8021352448,17041543168,8353497088,92647759872,46.6,1340.2,111,3962.4
12366183487699,243.500084757,7763849216,16700145664,8261595136,92739661824,42.7,1180.1,111,3962.4
12366233474289,243.550071347,7667519488,16563965952,8119488512,92881768448,54.0,1541.5,111,3861.8
12366283484263,243.600081321,8113614848,17031041024,8418308096,92582948864,55.0,1557.5,111,3861.8
12366333484769,243.650081827,8000364544,17031041024,8336875520,92664381440,43.3,1221.7,111,3861.8
12366383491516,243.700088574,7915032576,16829710336,8434417664,92566839296,46.6,1318.9,111,3861.8
12366433481933,243.750078991,8134594560,17031041024,8522379264,92478877696,45.9,1300.4,111,3861.8
12366483481130,243.800078188,7844696064,16780783616,8261234688,92740022272,43.4,1220.7,111,3861.8
12366533510414,243.850107472,8145096704,17041543168,8427278336,92573978624,45.7,1314.7,111,3861.8
12366583496869,243.900093927,7893430272,16789876736,8358506496,92642750464,43.0,1183.3,111,3861.8
12366633483335,243.950080393,7721902080,16633032704,8305606656,92695650304,49.4,1441.5,111,3861.8
12366683475191,244.000072249,7784357888,16712269824,8360697856,92640559104,54.4,1540.6,111,3861.8
12366733482314,244.050079372,8134594560,17031041024,8664670208,92336586752,53.8,1498.0,111,3777.3
12366783492343,244.100089401,7882928128,16779374592,8484282368,92516974592,47.2,1259.8,111,3777.3
12366833485741,244.150082799,8134598656,17031041024,8581046272,92420210688,46.5,1261.3,111,3777.3
12366883486433,244.200083491,7884341248,16780783616,8464150528,92537106432,45.0,1277.3,111,3777.3
12366933493606,244.250090664,8107343872,17041543168,8676884480,92324372480,49.4,1357.5,111,3777.3
12366983495860,244.300092918,7893434368,16789876736,8428064768,92573192192,43.4,1180.8,111,3777.3
12367033490120,244.350087178,7803703296,16700145664,8256503808,92744753152,47.8,1343.0,111,3777.3
12367083479952,244.40007701,7748718592,16712269824,8122834944,92878422016,54.4,1603.1,111,3777.3
12367133478340,244.450075398,8006668288,17031041024,8163864576,92837392384,52.5,1481.3,111,3777.3
12367183503125,244.500100183,7882936320,16779374592,7969792000,93031464960,41.0,1107.8,111,3777.3
12367233510599,244.550107657,7890190336,16829710336,7829495808,93171761152,45.3,1247.0,111,3944.1
12367283489711,244.600086769,8134602752,17031041024,7948972032,93052284928,44.9,1261.1,111,3944.1
12367333482258,244.650079316,7844704256,16780783616,7690362880,93310894080,42.3,1204.8,111,3944.1
12367383508226,244.700105284,8145104896,17041543168,7853432832,93147824128,43.8,1254.2,111,3944.1
12367433500552,244.75009761,7893438464,16789876736,7630491648,93370765312,51.9,1101.2,111,3944.1
12367483489535,244.800086593,7803707392,16700145664,7567183872,93434073088,67.7,1319.9,111,3944.1
12367533484512,244.85008157,7661797376,16558235648,7368744960,93632512000,59.0,1502.9,111,3944.1
12367583497010,244.900094068,7951421440,17031041024,7546798080,93454458880,54.0,1552.2,111,3944.1
12367633496996,244.950094054,8134606848,17031041024,7749763072,93251493888,46.9,1284.2,111,3944.1
12367683474531,245.000071589,7727742976,16779374592,7750021120,93251235840,44.2,1262.4,111,3944.1
12367733495735,245.050092793,8134606848,17031041024,8241860608,92759396352,49.7,1335.9,111,3944.1
12367783619946,245.100217004,7692115968,16638881792,8241860608,92759396352,49.4,1356.3,111,3693.9
12367833494123,245.150091181,8145108992,17041543168,8594059264,92407197696,52.2,1383.7,111,3693.9
12367883477208,245.200074266,7734878208,16789876736,8382459904,92618797056,41.7,1225.6,111,3693.9
12367933482243,245.250079301,7707234304,16603668480,8223502336,92777754624,51.2,1456.7,111,3693.9
12367983477460,245.300074518,7748722688,16712269824,8198729728,92802527232,51.3,1542.9,111,3693.9
12368033483276,245.350080334,8134606848,17031041024,8318308352,92682948608,49.1,1436.2,111,3693.9
12368083490144,245.400087202,7882940416,16779374592,8021270528,92979986432,41.1,1179.7,111,3693.9
12368133493206,245.450090264,8134606848,17031041024,8430792704,92570464256,47.5,1399.9,111,3693.9
12368183488322,245.50008538,7884349440,16780783616,8258674688,92742582272,40.6,1200.2,111,3693.9
12368233488398,245.550085456,8145027072,17041543168,8543657984,92457598976,47.8,1358.9,111,3693.9
12368283488224,245.600085282,7893442560,16789876736,8313626624,92687630336,40.8,1160.1,111,3693.9
12368333593851,245.650190909,7803711488,16700145664,8392790016,92608466944,47.8,1417.0,111,3624.0
12368383479088,245.700076146,7782727680,16712269824,8317177856,92684079104,51.9,1505.1,111,3624.0
12368433483772,245.75008083,8015687680,17031041024,8598466560,92402790400,52.5,1562.0,111,3624.0
12368483496204,245.800093262,7936405504,17031041024,8466464768,92534792192,38.4,1118.5,111,3624.0
12368533490074,245.850087132,7855472640,16829710336,8394186752,92607070208,44.9,1297.6,111,3624.0
12368583488532,245.90008559,8134610944,17031041024,8563941376,92437315584,43.0,1222.3,111,3624.0
12368633474177,245.950071235,7805071360,16780783616,8323080192,92678176768,44.9,1262.7,111,3624.0
12368683485528,246.000082586,8145113088,17041543168,8564051968,92437204992,45.9,1377.1,111,3624.0
12368733480941,246.050077999,7893446656,16789876736,8430125056,92571131904,43.9,1243.1,111,3624.0
12368783483436,246.100080494,7669489664,16565919744,8165773312,92835483648,50.6,1400.0,111,3624.0
12368833484369,246.150081427,7748726784,16645156864,8348119040,92653137920,54.7,1577.3,111,3624.0
12368883488758,246.200085816,8134610944,17031041024,8749641728,92251615232,48.7,1419.4,111,3501.6
12368933481025,246.250078083,7803666432,16779374592,8584712192,92416544768,46.9,1324.2,111,3501.6
12368983488750,246.300085808,8134615040,17031041024,8651542528,92349714432,44.4,1278.7,111,3501.6
12369033480696,246.350077754,7884357632,16780783616,8492064768,92509192192,44.6,1280.1,111,3501.6
12369083494783,246.400091841,8145117184,17041543168,8606076928,92395180032,45.3,1318.1,111,3501.6
12369133489134,246.450086192,7893454848,16789876736,8606334976,92394921984,43.0,1201.7,111,3501.6
12369183493162,246.50009022,7707246592,16603668480,8698187776,92303069184,49.7,1496.9,111,3501.6
12369233496669,246.550093727,7709577216,16628379648,8643452928,92357804032,53.4,1554.3,111,3501.6
12369283487093,246.600084151,8134619136,17031041024,8920080384,92081176576,45.2,1325.5,111,3501.6
12369333483828,246.650080886,7882944512,16779374592,8680271872,92320985088,45.3,1261.2,111,3501.6
12369383481665,246.700078723,8134619136,17031041024,8701947904,92299309056,44.7,1321.3,111,3501.6
12369433487066,246.750084124,7884361728,16780783616,8462479360,92538777600,44.1,1258.5,111,3273.4
12369483486148,246.800083206,8145121280,17041543168,8428589056,92572667904,41.9,1199.8,111,3273.4
12369533492566,246.850089624,7893454848,16789876736,8188461056,92812795904,40.3,1199.3,111,3273.4
12369583478186,246.900075244,7764082688,16700145664,7946051584,93055205376,46.8,1343.5,111,3273.4
12369633483863,246.950080921,7815847936,16712269824,7821156352,93180100608,55.3,1616.3,111,3273.4
12369683492234,247.000089292,8110362624,17031041024,7833284608,93167972352,46.8,1379.0,111,3273.4
12369733484286,247.050081344,7882952704,16779374592,7600771072,93400485888,40.8,1122.6,111,3273.4
12369783512153,247.100109211,8074362880,17031041024,7708819456,93292437504,48.1,1331.9,111,3273.4
12369833490710,247.150087768,8094978048,17031041024,7726882816,93274374144,43.7,1185.1,111,3273.4
12369883481700,247.200078758,7836119040,16780783616,7431278592,93569978368,42.4,1142.7,111,3273.4
12369933492256,247.250089314,8145121280,17041543168,7528820736,93472436224,41.7,1176.4,111,3677.7
12369983501679,247.300098737,7893458944,16789876736,7285530624,93715726336,39.0,1096.6,111,3677.7
12370033487019,247.350084077,7738707968,16700145664,7449800704,93551456256,49.7,1386.9,111,3677.7
12370083489770,247.400086828,7815852032,16712269824,7642038272,93359218688,55.0,1618.1,111,3677.7
12370133481431,247.450078489,8134623232,17031041024,7912468480,93088788480,49.7,1402.8,111,3677.7
12370183495062,247.50009212,7882956800,16779374592,7913455616,93087801344,45.3,1276.2,111,3677.7
12370233448914,247.550045972,8064573440,17031041024,8227500032,92773756928,50.6,1419.0,111,3677.7
12370283491859,247.600088917,7893651456,16829710336,8219758592,92781498368,39.2,1104.5,111,3677.7
12370333488489,247.650085547,7779164160,16840212480,8238854144,92762402816,48.1,1336.6,111,3677.7
12370383507359,247.700104417,8145125376,17041543168,8561152000,92440104960,49.4,1379.6,111,3677.7
12370433498900,247.750095958,7893458944,16789876736,8434679808,92566577152,40.6,1156.2,111,3080.6
12370483489202,247.80008626,7736614912,16633032704,8208875520,92792381440,72.2,1366.0,111,3080.6
12370533483703,247.850080761,7815852032,16712269824,8182554624,92818702336,63.9,1541.6,111,3080.6
12370583490608,247.900087666,8134623232,17031041024,8296095744,92705161216,55.6,1397.8,111,3080.6
12370633492803,247.950089861,7882956800,16779374592,8052498432,92948758528,44.0,1220.3,111,3080.6
12370683481845,248.000078903,8094769152,17031041024,8318287872,92682969088,49.1,1361.6,111,3080.6
12370733479823,248.050076881,7933296640,16829710336,8300224512,92701032448,42.9,1196.5,111,3080.6
12370783493269,248.100090327,7810260992,16840212480,8281882624,92719374336,49.1,1339.6,111,3080.6
12370833493881,248.150090939,8145129472,17041543168,8382521344,92618735616,49.1,1262.6,111,3080.6
12370883498541,248.200095599,7652491264,16588546048,8072704000,92928552960,45.0,1279.1,111,3080.6
12370933477204,248.250074262,7706791936,16603668480,8154066944,92847190016,53.2,1502.8,111,3080.6
12370983495619,248.300092677,7922671616,16829710336,8356155392,92645101568,55.3,1558.2,111,3682.8
12371033495360,248.350092418,8134631424,17031041024,8431763456,92569493504,44.3,1260.5,111,3682.8
12371083478331,248.400075389,7773904896,16779374592,8217485312,92783771648,43.3,1221.9,111,3682.8
12371133527141,248.450124199,8134631424,17031041024,8437600256,92563656704,46.0,1295.3,111,3682.8
12371183504812,248.50010187,7884374016,16780783616,8353476608,92647780352,44.4,1261.5,111,3682.8
12371233513930,248.550110988,8145133568,17041543168,8698212352,92303044608,46.8,1300.5,111,3682.8
12371283481663,248.600078721,7893467136,16789876736,8631119872,92370137088,42.8,1202.3,111,3682.8
12371333476495,248.650073553,7780659200,16700145664,8448208896,92553048064,48.4,1321.3,111,3682.8
12371383686058,248.700283116,7801974784,16712269824,8315650048,92685606912,54.9,1629.2,111,3682.8
12371433491616,248.750088674,8053116928,17031041024,8730005504,92271251456,53.1,1504.3,111,3682.8
12371483482173,248.800079231,7893659648,16829710336,8702255104,92299001856,39.9,1103.4,111,3682.8
12371533532502,248.85012956,8086577152,17031041024,8862478336,92138778624,50.9,1420.2,111,4046.6
12371583477759,248.900074817,8084287488,17031041024,8888668160,92112588800,45.6,1256.9,111,4046.6
12371633478517,248.950075575,7692017664,16588546048,8541011968,92460244992,43.5,1256.7,111,4046.6
12371683502387,249.000099445,8145133568,17041543168,8793944064,92207312896,47.1,1340.6,111,4046.6
12371733480895,249.050077953,7893467136,16789876736,8744423424,92256833536,41.8,1121.9,111,4046.6
12371783495859,249.100092917,7736623104,16633032704,8568614912,92432642048,47.2,1340.1,111,4046.6
12371833485527,249.150082585,7748751360,16645156864,8734511104,92266745856,55.8,1557.4,111,4046.6
12371883491525,249.200088583,8134635520,17031041024,8971395072,92029861888,49.1,1420.0,111,4046.6
12371933494557,249.250091615,7882969088,16779374592,8939122688,92062134272,47.2,1320.8,111,4046.6
12371983485878,249.300082936,8134635520,17031041024,9185021952,91816235008,47.2,1381.1,111,4046.6
12372033515820,249.350112878,7884378112,16780783616,9128763392,91872493568,46.9,1336.3,111,4046.6
12372083491773,249.400088831,8145137664,17041543168,9018519552,91982737408,46.0,1291.4,111,3985.3
12372133497750,249.450094808,7893475328,16789876736,8851619840,92149637120,40.6,1169.6,111,3985.3
12372183496325,249.500093383,7736631296,16633032704,8631414784,92369842176,45.9,1281.0,111,3985.3
12372233478569,249.550075627,7765532672,16712269824,8546832384,92454424576,52.5,1562.5,111,3985.3
12372283491860,249.600088918,8134643712,17031041024,8735195136,92266061824,51.2,1516.2,111,3985.3
12372333498649,249.650095707,7882977280,16779374592,8494755840,92506501120,38.4,1079.7,111,3985.3
12372383497955,249.700095013,8134643712,17031041024,8796672000,92204584960,48.1,1399.9,111,3985.3
12372433494145,249.750091203,7884386304,16780783616,8796930048,92204326912,45.9,1299.4,111,3985.3
12372483488504,249.800085562,7966879744,17041543168,8763125760,92238131200,42.1,1220.6,111,3985.3
12372533487705,249.850084763,7893479424,16789876736,8561332224,92439924736,41.5,1162.3,111,3985.3
12372583489720,249.900086778,7803748352,16700145664,8482058240,92519198720,49.4,1399.5,111,3985.3
12372633486266,249.950083324,7815872512,16712269824,8472662016,92528594944,55.3,1597.5,111,3930.0
12372683493331,250.000090389,8075272192,17031041024,8661934080,92339322880,50.0,1459.7,111,3930.0
12372733487643,250.050084701,7882977280,16779374592,8585924608,92415332352,43.7,1201.2,111,3930.0
12372783482516,250.100079574,7936438272,17031041024,8822816768,92178440192,51.9,1443.8,111,3930.0
12372833509357,250.150106415,7884386304,16780783616,8839323648,92161933312,46.9,1275.8,111,3930.0
12372883477932,250.20007499,7960588288,17041543168,8865128448,92136128512,50.0,1444.6,111,3930.0
12372933477834,250.250074892,7893479424,16789876736,8832364544,92168892416,43.1,1198.0,111,3930.0
12372983487333,250.300084391,7786962944,16700145664,8903581696,92097675264,48.7,1400.5,111,3930.0
12373033491322,250.35008838,7815872512,16712269824,8976351232,92024905728,53.7,1616.4,111,3930.0
12373083500220,250.400097278,8134643712,17031041024,9015693312,91985563648,49.1,1417.0,111,3930.0
12373133495424,250.450092482,7882981376,16779374592,8891924480,92109332480,44.0,1262.5,111,3622.7
12373183505224,250.500102282,8134647808,17031041024,9087868928,91913388032,47.1,1341.3,111,3622.7
12373233493144,250.550090202,7884390400,16780783616,9044762624,91956494336,45.6,1300.7,111,3622.7
12373283487977,250.600085035,8145149952,17041543168,9257275392,91743981568,48.4,1420.4,111,3622.7
12373333494661,250.650091719,7893483520,16789876736,9149927424,91851329536,44.0,1239.6,111,3622.7
12373383484965,250.700082023,7736639488,16633032704,8952672256,92048584704,43.7,1301.6,111,3622.7
12373433475540,250.750072598,7748767744,16712269824,8842215424,92159041536,53.5,1541.8,111,3622.7
12373483517412,250.80011447,8134651904,17031041024,8927629312,92073627648,48.4,1411.3,111,3622.7
12373533506629,250.850103687,7882985472,16779374592,8902635520,92098621440,45.6,1303.2,111,3622.7
12373583495777,250.900092835,8134651904,17031041024,8983134208,92018122752,45.0,1261.0,111,3622.7
12373633513957,250.950111015,7884394496,16780783616,8975134720,92026122240,46.0,1297.3,111,3639.1
12373683485483,251.000082541,8145154048,17041543168,9097965568,91903291392,48.1,1363.4,111,3639.1
12373733497662,251.05009472,7893487616,16789876736,8897445888,92103811072,43.7,1240.0,111,3639.1
12373783482372,251.10007943,7736643584,16633032704,8638328832,92362928128,50.6,1419.8,111,3639.1
12373833484453,251.150081511,7815884800,16712269824,8548270080,92452986880,55.7,1582.0,111,3639.1
12373883480944,251.200078002,8134656000,17031041024,8569569280,92431687680,49.7,1419.6,111,3639.1
12373933491070,251.250088128,7882989568,16779374592,8475639808,92525617152,45.0,1220.2,111,3639.1
12373983479997,251.300077055,7940251648,17031041024,8557182976,92444073984,47.8,1356.5,111,3639.1
12374033481407,251.350078465,7884398592,16780783616,8600018944,92401238016,43.1,1199.6,111,3639.1
12374083486333,251.400083391,8029806592,17041543168,8882561024,92118695936,53.8,1484.0,111,3639.1
12374133485309,251.450082367,7893491712,16789876736,8892108800,92109148160,47.0,1317.0,111,3639.1
12374183490315,251.500087373,7803990016,16700375040,8929775616,92071481344,48.7,1381.1,111,4024.1
12374233485273,251.550082331,7818211328,16715530240,8850038784,92151218176,53.5,1522.4,111,4024.1
12374283482666,251.600079724,8006246400,17005400064,8869908480,92131348480,55.0,1576.4,111,4024.1
12374333479347,251.650076405,7859294208,16762826752,8631201792,92370055168,38.9,1064.0,111,4024.1
12374383496025,251.700093083,8020811776,17023586304,8751611904,92249645056,50.9,1410.2,111,4024.1
12374433492205,251.750089263,8127201280,17023586304,8867475456,92133781504,45.3,1266.3,111,4024.1
12374483479112,251.80007617,7683297280,16579682304,8658415616,92342841344,42.8,1199.5,111,4024.1
12374533492058,251.850089116,8145387520,17041772544,8960815104,92040441856,49.7,1398.3,111,4024.1
12374583485849,251.900082907,7668973568,16566149120,8479649792,92521607168,43.0,1213.7,111,4024.1
12374633484369,251.950081427,7670902784,16606928896,8350109696,92651147264,55.4,1571.7,111,4024.1
12374683498808,252.000095866,7943979008,17005400064,8364818432,92636438528,55.3,1589.8,111,3941.1
12374733485927,252.050082985,8109015040,17005400064,8407900160,92593356800,44.3,1187.3,111,3941.1
12374783485980,252.100083038,7866441728,16762826752,8320315392,92680941568,44.1,1199.8,111,3941.1
12374833491463,252.150088521,8127201280,17023586304,8470528000,92530728960,48.8,1297.6,111,3941.1
12374883484753,252.200081811,7884627968,16781012992,8461045760,92540211200,47.1,1323.3,111,3941.1
12374933491768,252.250088826,8145387520,17041772544,8570195968,92431060992,45.1,1218.7,111,3941.1
12374983488284,252.300085342,7893721088,16790106112,8330211328,92671045632,41.5,1219.2,111,3941.1
12375033484099,252.350081157,7803990016,16700375040,8142581760,92858675200,45.5,1302.7,111,3941.1
12375083491686,252.400088744,7812345856,16715530240,8052006912,92949250048,54.3,1537.8,111,3941.1
12375133482251,252.450079309,8069378048,17005400064,8065409024,92935847936,53.8,1561.4,111,3941.1
12375183479939,252.500076997,8109019136,17005400064,7985197056,93016059904,39.2,1120.0,111,3941.1
12375233477788,252.550074846,7744802816,16762826752,7985455104,93015801856,45.6,1261.1,111,3733.5
12375283493439,252.600090497,8127209472,17023586304,8187269120,92813987840,46.9,1335.7,111,3733.5
12375333485016,252.650082074,7884636160,16781012992,8046301184,92954955776,42.0,1142.4,111,3733.5
12375383486832,252.70008389,8145399808,17041772544,8369844224,92631412736,47.8,1380.9,111,3733.5
12375433486134,252.750083192,7893733376,16790106112,8330825728,92670431232,46.3,1258.9,111,3733.5
12375483482212,252.80007927,7718010880,16633262080,8191717376,92809539584,50.6,1460.5,111,3733.5
12375533480136,252.850077194,7752044544,16648417280,8107593728,92893663232,54.7,1577.0,111,3733.5
12375583492386,252.900089444,8109027328,17005400064,8300613632,92700643328,49.1,1381.1,111,3733.5
12375633492404,252.950089462,7866454016,16762826752,8062435328,92938821632,44.4,1219.1,111,3733.5
12375683492402,253.00008946,7995781120,17023586304,8090046464,92911210496,44.3,1240.1,111,3733.5
12375733473495,253.050070553,7884640256,16781012992,7938199552,93063057408,40.4,1112.9,111,3733.5
12375783493599,253.100090657,7919685632,16840441856,7910047744,93091209216,47.5,1306.0,111,3837.2
12375833490732,253.15008779,8145399808,17041772544,7985655808,93015601152,45.9,1261.7,111,3837.2
12375883477506,253.200074564,7853879296,16790106112,7686291456,93314965504,37.2,1083.2,111,3837.2
12375933472965,253.250070023,7669776384,16566149120,7385407488,93615849472,47.5,1392.1,111,3837.2
12375983487940,253.300084998,7752044544,16648417280,7504588800,93496668160,53.2,1547.0,111,3837.2
12376033505680,253.350102738,8109027328,17005400064,7737606144,93263650816,48.1,1397.4,111,3837.2
12376083488296,253.400085354,7866454016,16762826752,7518253056,93483003904,42.1,1200.1,111,3837.2
12376133491540,253.450088598,8127213568,17023586304,7569698816,93431558144,42.7,1242.5,111,3837.2
12376183489013,253.500086071,7884640256,16781012992,7477239808,93524017152,43.2,1200.4,111,3837.2
12376233490043,253.550087101,8131399680,17041772544,7890702336,93110554624,48.4,1397.4,111,3837.2
12376283495681,253.600092739,7893737472,16790106112,7899463680,93101793280,44.3,1299.4,111,3562.7
12376333482385,253.650079443,7736893440,16633262080,7738183680,93263073280,46.2,1322.5,111,3562.7
12376383480139,253.700077197,7819161600,16715530240,7706431488,93294825472,53.5,1580.2,111,3562.7
12376433490245,253.750087303,8109031424,17005400064,7795970048,93205286912,48.4,1398.6,111,3562.7
12376483488502,253.80008556,7866458112,16762826752,7552372736,93448884224,40.9,1199.5,111,3562.7
12376533480361,253.850077419,8007671808,17023586304,7576371200,93424885760,45.9,1301.6,111,3562.7
12376583481055,253.900078113,7968653312,17023586304,7452356608,93548900352,38.7,1120.9,111,3562.7
12376633687334,253.950284392,7742742528,16639111168,7365525504,93635731456,45.4,1255.7,111,3562.7
12376683487363,254.000084421,8145403904,17041772544,7674019840,93327237120,46.6,1263.3,111,3562.7
12376733477619,254.050074677,7855980544,16790106112,7674019840,93327237120,43.0,1222.5,111,3562.7
12376783494983,254.100092041,7697252352,16633262080,7605764096,93395492864,50.9,1416.4,111,3562.7
12376833486220,254.150083278,7819161600,16715530240,7558545408,93442711552,65.4,1602.0,111,3860.6
12376883479010,254.200076068,7934963712,17005400064,7624089600,93377167360,72.7,1433.2,111,3860.6
12376933480757,254.250077815,8029757440,17005400064,7706411008,93294845952,48.1,1125.7,111,3860.6
12376983487762,254.30008482,7674228736,16570589184,7557599232,93443657728,42.9,1234.9,111,3860.6
12377033502061,254.350099119,8127225856,17023586304,7917314048,93083942912,48.7,1401.7,111,3860.6
12377083486917,254.400083975,7884652544,16781012992,7877316608,93123940352,43.7,1221.6,111,3860.6
12377133491809,254.450088867,8145412096,17041772544,8318062592,92683194368,47.8,1378.8,111,3860.6
12377183493765,254.500090823,7893745664,16790106112,8293289984,92707966976,45.3,1319.5,111,3860.6
12377233502835,254.550099893,7730606080,16633262080,8090669056,92910587904,44.4,1280.4,111,3860.6
12377283479235,254.600076293,7800287232,16715530240,8128872448,92872384512,52.5,1524.4,111,3860.6
12377333479018,254.650076076,8109039616,17005400064,8417112064,92584144896,51.3,1519.8,111,3860.6
12377383493056,254.700090114,7866466304,16762826752,8418402304,92582854656,39.0,1136.6,111,3479.8
12377433475177,254.750072235,8067907584,17023586304,8630743040,92370513920,48.1,1343.6,111,3479.8
12377483487926,254.800084984,7884652544,16781012992,8638992384,92362264576,45.6,1320.5,111,3479.8
12377533477135,254.850074193,7979728896,17041772544,8627896320,92373360640,46.6,1361.8,111,3479.8
12377583473396,254.900070454,7916814336,16840441856,8727228416,92274028544,40.3,1140.6,111,3479.8
12377633487891,254.950084949,7804014592,16700375040,8584269824,92416987136,47.2,1314.0,111,3479.8
12377683616723,255.000213781,7665135616,16561496064,8375238656,92626018304,52.5,1538.8,111,3479.8
12377733499619,255.050096677,8020348928,17005400064,8667959296,92333297664,52.2,1517.1,111,3479.8
12377783479891,255.100076949,8020946944,17005400064,8602673152,92398583808,47.8,1267.9,111,3479.8
12377833487563,255.150084621,7754956800,16822255616,8240631808,92760625152,42.9,1177.1,111,3479.8
12377883489745,255.200086803,8127225856,17023586304,8445923328,92555333632,47.2,1280.8,111,3479.8
12377933486919,255.250083977,7884652544,16781012992,8432025600,92569231360,46.3,1300.0,111,3449.3
12377983488780,255.300085838,8145416192,17041772544,8825548800,92175708160,49.4,1379.7,111,3449.3
12378033481185,255.350078243,7854108672,16790106112,8743198720,92258058240,44.6,1240.6,111,3449.3
12378083483287,255.400080345,7673319424,16573374464,8791711744,92209545216,51.9,1479.4,111,3449.3
12378133486260,255.450083318,7801847808,16804069376,8876892160,92124364800,54.7,1579.2,111,3449.3
12378183479587,255.500076645,8109047808,17005400064,9093619712,91907637248,45.9,1302.7,111,3449.3
12378233481288,255.550078346,7747551232,16762826752,8978284544,92022972416,46.5,1298.6,111,3449.3
12378283491204,255.600088262,8127234048,17023586304,9207160832,91794096128,47.5,1357.1,111,3449.3
12378333477748,255.650074806,7884660736,16781012992,9132494848,91868762112,46.5,1285.2,111,3449.3
12378383488375,255.700085433,8145420288,17041772544,9383817216,91617439744,47.5,1336.5,111,3449.3
12378433481020,255.750078078,7893753856,16790106112,9144602624,91856654336,44.6,1261.9,111,3449.3
12378483477575,255.800074633,7736909824,16633262080,8878555136,92122701824,46.0,1319.0,111,3787.4
12378533481125,255.850078183,7752065024,16648417280,8787722240,92213534720,54.4,1576.6,111,3787.4
12378583488502,255.90008556,8109051904,17005400064,8901263360,92099993600,49.1,1379.9,111,3787.4
12378633496460,255.950093518,7866478592,16762826752,8769019904,92232237056,40.3,1081.3,111,3787.4
12378683481527,256.000078585,7994167296,17023586304,8980619264,92020637696,49.4,1380.4,111,3787.4
12378733488162,256.05008522,7884664832,16781012992,8972103680,92029153280,46.2,1240.3,111,3787.4
12378783493075,256.100090133,8140677120,17041772544,9037103104,91964153856,53.4,1359.6,111,3787.4
12378833477760,256.150074818,8105783296,17041772544,9008832512,91992424448,44.9,1241.7,111,3787.4
12378883502739,256.200099797,7780904960,16700375040,8840704000,92160552960,46.6,1335.8,111,3787.4
12378933475703,256.250072761,7656185856,16552402944,8842674176,92158582784,55.0,1521.4,111,3787.4
12378983493138,256.300090196,7857745920,16804069376,9001631744,91999625216,54.4,1558.7,111,3810.9
12379033494565,256.350091623,8109051904,17005400064,9135579136,91865677824,48.1,1321.3,111,3810.9
12379083475293,256.400072351,7805652992,16762826752,9104830464,91896426496,44.9,1243.2,111,3810.9
12379133488861,256.450085919,8127238144,17023586304,9172180992,91829075968,47.8,1297.7,111,3810.9
12379183491429,256.500088487,7884664832,16781012992,8953049088,92048207872,42.5,1200.1,111,3810.9
12379233488898,256.550085956,8115150848,17041772544,9143115776,91858141184,43.9,1219.7,111,3810.9
12379283492388,256.600089446,7893757952,16790106112,9168588800,91832668160,45.6,1279.6,111,3810.9
12379333477895,256.650074953,7736913920,16633262080,9107947520,91893309440,49.4,1419.5,111,3810.9
12379383488628,256.700085686,7819182080,16715530240,9023291392,91977965568,55.3,1579.5,111,3810.9
12379433485305,256.750082363,7916126208,17005400064,9012711424,91988545536,49.7,1417.7,111,3810.9
12379483495160,256.800092218,7866482688,16762826752,9020362752,91980894208,46.5,1263.4,111,3672.1
12379533484118,256.850081176,8020279296,17023586304,9138794496,91862462464,50.0,1400.8,111,3672.1
12379583507830,256.900104888,7884668928,16781012992,9221988352,91779268608,43.5,1235.6,111,3672.1
12379633501367,256.950098425,8058011648,17041772544,9308176384,91693080576,50.0,1395.5,111,3672.1
12379683489244,257.000086302,8065724416,17041772544,9206763520,91794493440,45.5,1248.5,111,3672.1
12379733483562,257.05008062,7736918016,16700375040,8788369408,92212887552,45.9,1261.0,111,3672.1
12379783533081,257.100130139,7680614400,16581304320,8529043456,92472213504,55.9,1574.9,111,3672.1
12379833496934,257.150093992,8061198336,17005400064,8636837888,92364419072,56.0,1574.7,111,3672.1
12379883479962,257.20007702,8069419008,17005400064,8551530496,92449726464,40.6,1167.4,111,3672.1
12379933480481,257.250077539,7707922432,16762826752,8346988544,92654268416,41.9,1241.0,111,3672.1
12379983493403,257.300090461,8127246336,17023586304,8757800960,92243456000,47.5,1354.8,111,3672.1
12380033483805,257.350080863,7884673024,16781012992,8547577856,92453679104,41.2,1160.9,111,3064.4
12380083491768,257.400088826,8145432576,17041772544,8642281472,92358975488,45.0,1339.8,111,3064.4
12380133482590,257.450079648,7893770240,16790106112,8411844608,92589412352,40.3,1142.5,111,3064.4
12380183488509,257.500085567,7736926208,16633262080,8296038400,92705218560,44.7,1278.6,111,3064.4
12380233480693,257.550077751,7752081408,16648417280,8356937728,92644319232,53.8,1579.9,111,3064.4
12380283489678,257.600086736,8109064192,17005400064,8428113920,92573143040,48.1,1399.7,111,3064.4
12380333487934,257.650084992,7866490880,16762826752,8428597248,92572659712,39.9,1181.1,111,3064.4
12380383487832,257.70008489,7983759360,17023586304,8639422464,92361834496,45.3,1339.3,111,3064.4
12380433490766,257.750087824,7884677120,16781012992,8465813504,92535443456,43.1,1238.5,111,3064.4
12380483480469,257.800077527,8066154496,17041772544,8505135104,92496121856,46.8,1383.1,111,3064.4
12380533477558,257.850074616,7947231232,17041772544,8252248064,92749008896,41.0,1161.4,111,3064.4
12380583478133,257.900075191,7748501504,16700375040,8001863680,92999393280,43.5,1217.1,111,3721.4
12380633481583,257.950078641,7660736512,16558465024,7821488128,93179768832,53.1,1539.6,111,3721.4
12380683487618,258.000084676,7904378880,16804069376,7887548416,93113708544,53.5,1582.5,111,3721.4
12380733483584,258.050080642,8109064192,17005400064,7964688384,93036568576,44.8,1237.4,111,3721.4
12380783482135,258.100079193,7826849792,16762826752,7724351488,93276905472,43.9,1201.6,111,3721.4
12380833482730,258.150079788,8127250432,17023586304,7797121024,93204135936,43.0,1200.6,111,3721.4
12380883490478,258.200087536,7884677120,16781012992,7534485504,93466771456,37.5,1076.2,111,3721.4
12380933486725,258.250083783,8025890816,17041772544,7553511424,93447745536,44.7,1303.5,111,3721.4
12380983480989,258.300078047,8053149696,17041772544,7523889152,93477367808,38.9,1122.0,111,3721.4
12381033475683,258.350072741,7739023360,16700375040,7433306112,93567950848,40.5,1180.4,111,3721.4
12381083483080,258.400080138,7660371968,16606928896,7288283136,93712973824,52.2,1538.2,111,3785.3
12381133491129,258.450088187,7740231680,16804069376,7245885440,93755371520,52.8,1555.7,111,3785.3
12381183484590,258.500081648,8109068288,17005400064,7510126592,93491130368,43.9,1223.0,111,3785.3
12381233480697,258.550077755,7862292480,16762826752,7275143168,93726113792,42.8,1240.9,111,3785.3
12381283499586,258.600096644,8127254528,17023586304,7626604544,93374652416,44.7,1297.3,111,3785.3
12381333489952,258.65008701,7884681216,16781012992,7544029184,93457227776,39.0,1100.8,111,3785.3
12381383478134,258.700075192,8026517504,17041772544,7692922880,93308334080,44.0,1302.4,111,3785.3
12381433485892,258.75008295,7893778432,16790106112,7689068544,93312188416,40.7,1117.2,111,3785.3
12381483481852,258.80007891,7804047360,16700375040,7654748160,93346508800,47.8,1421.9,111,3785.3
12381533489374,258.850086432,7785955328,16715530240,7549980672,93451276288,52.2,1555.0,111,3785.3
12381583477542,258.9000746,8100675584,17005400064,7740678144,93260578816,53.8,1546.6,111,3785.3
12381633476860,258.950073918,8027271168,17005400064,7610609664,93390647296,43.4,1220.2,111,3444.8
12381683478802,259.00007586,7707934720,16762826752,7303815168,93697441792,39.2,1160.0,111,3444.8
12381733476848,259.050073906,8127262720,17023586304,7687520256,93313736704,44.7,1259.3,111,3444.8
12381783499748,259.100096806,7884689408,16781012992,7712022528,93289234432,47.8,1317.8,111,3444.8
12381833488948,259.150086006,8145448960,17041772544,8045420544,92955836416,48.7,1358.5,111,3444.8
12381883485721,259.200082779,7893782528,16790106112,7783374848,93217882112,41.2,1100.7,111,3444.8
12381933480460,259.250077518,7764410368,16700375040,7634509824,93366747136,46.2,1321.9,111,3444.8
12381983479678,259.300076736,7760089088,16715530240,7567859712,93433397248,54.7,1597.2,111,3444.8
12382033482903,259.350079961,8083902464,17005400064,7742869504,93258387456,52.2,1501.9,111,3444.8
12382083501706,259.400098764,8071315456,17005400064,7703896064,93297360896,42.2,1178.0,111,3444.8
12382133482730,259.450079788,7790997504,16762826752,7426568192,93574688768,43.0,1182.6,111,3827.1
12382183489602,259.50008666,8127262720,17023586304,7488499712,93512757248,41.6,1157.2,111,3827.1
12382233486445,259.550083503,7884689408,16781012992,7248216064,93753040896,38.6,1042.2,111,3827.1
12382283488989,259.600086047,8137052160,17041772544,7405625344,93595631616,46.2,1300.1,111,3827.1
12382333484199,259.650081257,8103493632,17041772544,7366230016,93635026944,41.9,1160.7,111,3827.1
12382383480471,259.700077529,7652810752,16588775424,7022510080,93978746880,39.2,1119.7,111,3827.1
12382433488615,259.750085673,7710605312,16606928896,6943031296,94058225664,51.3,1538.6,111,3827.1
12382483484039,259.800081097,7752093696,16648417280,7110340608,93890916352,54.0,1520.0,111,3827.1
12382533482751,259.850079809,8109076480,17005400064,7560093696,93441163264,49.1,1419.8,111,3827.1
12382583484348,259.900081406,7866507264,16762826752,7559962624,93441294336,47.5,1320.3,111,3827.1
12382633490193,259.950087251,8127266816,17023586304,7963291648,93037965312,48.7,1338.9,111,4064.4
12382683487522,260.00008458,7884693504,16781012992,7765884928,93235372032,42.2,1159.8,111,4064.4
12382733487115,260.050084173,7992352768,17041772544,7924862976,93076393984,45.3,1281.3,111,4064.4
12382783490385,260.100087443,7893786624,16790106112,8025141248,92976115712,46.9,1258.7,111,4064.4
12382833483577,260.150080635,7804055552,16700375040,8104878080,92896378880,48.1,1321.1,111,4064.4
12382883480195,260.200077253,7758385152,16715530240,8241385472,92759871488,54.1,1541.6,111,4064.4
12382933492522,260.25008958,8109080576,17005400064,8231985152,92769271808,51.6,1457.3,111,4064.4
12382983488128,260.300085186,7866507264,16762826752,8044687360,92956569600,37.5,1020.2,111,4064.4
12383033479567,260.350076625,8049664000,17023586304,8171810816,92829446144,44.2,1261.7,111,4064.4
12383083479972,260.40007703,7936413696,17023586304,8184328192,92816928768,43.1,1222.2,111,4064.4
12383133483182,260.45008024,7800127488,16840441856,8150007808,92851249152,42.8,1197.7,111,4064.4
12383183488125,260.500085183,8145453056,17041772544,8309297152,92691959808,46.9,1299.8,111,3592.2
12383233490143,260.550087201,7893790720,16790106112,8069533696,92931723264,40.1,1059.4,111,3592.2
12383283484466,260.600081524,7736950784,16633262080,8018698240,92982558720,48.7,1401.0,111,3592.2
12383333490692,260.65008775,7752105984,16648417280,8162127872,92839129088,55.6,1559.7,111,3592.2
12383383494243,260.700091301,8109088768,17005400064,8247025664,92754231296,48.7,1416.5,111,3592.2
12383433495389,260.750092447,7866515456,16762826752,8156332032,92844924928,46.5,1281.6,111,3592.2
12383483484396,260.800081454,8127275008,17023586304,8145235968,92856020992,43.7,1222.4,111,3592.2
12383533482793,260.850079851,7884701696,16781012992,7907315712,93093941248,41.5,1119.3,111,3592.2
12383583484936,260.900081994,8105820160,17041772544,8036560896,92964696064,46.3,1280.2,111,3592.2
12383633482050,260.950079108,8105820160,17041772544,7946407936,93054849024,41.5,1140.2,111,3592.2
12383683586129,261.000183187,7653732352,16566149120,7503814656,93497442304,40.2,1136.7,111,3900.4
12383733483802,261.05008086,7696048128,16606928896,7464923136,93536333824,51.9,1504.3,111,3900.4
12383783479473,261.100076531,7708061696,16648417280,7646093312,93355163648,55.9,1521.6,111,3900.4
12383833519816,261.150116874,8109088768,17005400064,8004378624,92996878336,50.6,1396.9,111,3900.4
12383883486194,261.200083252,7866515456,16762826752,7969427456,93031829504,39.9,1139.8,111,3900.4
12383933499087,261.250096145,8127275008,17023586304,8230522880,92770734080,45.6,1377.0,111,3900.4
12383983493406,261.300090464,7884701696,16781012992,8232058880,92769198080,43.1,1203.4,111,3900.4
12384033486272,261.35008333,8145461248,17041772544,8392564736,92608692224,47.7,1361.2,111,3900.4
12384083494847,261.400091905,7893794816,16790106112,8394227712,92607029248,42.0,1197.7,111,3900.4
12384133491440,261.450088498,7736950784,16633262080,8272928768,92728328192,49.0,1382.5,111,3900.4
12384183486891,261.500083949,7819223040,16715530240,8253317120,92747939840,53.8,1599.1,111,3900.4
12384233484045,261.550081103,8109096960,17005400064,8659222528,92342034432,51.3,1500.8,111,3928.1
12384283487120,261.600084178,7866527744,16762826752,8423366656,92577890304,44.2,1218.9,111,3928.1
12384333489223,261.650086281,8118509568,17023586304,8517386240,92483870720,42.4,1240.5,111,3928.1
12384383487259,261.700084317,7884713984,16781012992,8278929408,92722327552,39.5,1118.9,111,3928.1
12384433507275,261.750104333,8009478144,17041772544,8272936960,92728320000,43.2,1274.5,111,3928.1
12384483484295,261.800081353,8145473536,17041772544,8261238784,92740018176,42.0,1207.8,111,3928.1
12384533480152,261.85007721,7695601664,16790106112,7853019136,93148237824,36.7,1080.4,111,3928.1
12384583478343,261.900075401,7656235008,16606928896,7668256768,93333000192,51.9,1495.0,111,3928.1
12384633475883,261.950072941,7674863616,16581304320,7701295104,93299961856,53.5,1543.9,111,3928.1
12384683483752,262.00008081,8109105152,17005400064,8040546304,92960710656,47.8,1379.4,111,3928.1
12384733501319,262.050098377,7866531840,16762826752,7788834816,93212422144,41.6,1119.2,111,3759.0
12384783486035,262.100083093,8127291392,17023586304,8132079616,92869177344,49.1,1339.8,111,3759.0
12384833483886,262.150080944,7884722176,16781012992,8073502720,92927754240,41.4,1141.3,111,3759.0
12384883481556,262.200078614,8066199552,17041772544,8303788032,92697468928,46.8,1380.6,111,3759.0
12384933479898,262.250076956,8145481728,17041772544,8252293120,92748963840,37.7,1101.0,111,3759.0
12384983480794,262.300077852,7736971264,16700375040,8238342144,92762914816,46.6,1318.2,111,3759.0
12385033473555,262.350070613,7659094016,16555433984,8288837632,92712419328,51.9,1520.0,111,3759.0
12385083489388,262.400086446,7884304384,16804069376,8487018496,92514238464,54.0,1534.9,111,3759.0
12385133485366,262.450082424,8109109248,17005400064,8637759488,92363497472,44.9,1262.3,111,3759.0
12385183475813,262.500072871,7711338496,16762826752,8538669056,92462587904,44.0,1303.3,111,3759.0
12385233497627,262.550094685,8127295488,17023586304,8866131968,92135124992,46.6,1335.5,111,3759.0
12385283483405,262.600080463,7798730752,16781012992,8756948992,92244307968,47.4,1303.6,111,3792.4
12385333490914,262.650087972,8145481728,17041772544,8875089920,92126167040,44.4,1296.9,111,3792.4
12385383480589,262.700077647,7735250944,16790106112,8851087360,92150169600,44.2,1284.2,111,3792.4
12385433477749,262.750074807,7710638080,16606928896,8635875328,92365381632,52.2,1496.5,111,3792.4
12385483481022,262.80007808,7740149760,16804069376,8537960448,92463296512,53.1,1559.7,111,3792.4
12385533493284,262.850090342,8109109248,17005400064,8805064704,92196192256,45.3,1339.3,111,3792.4
12385583480200,262.900077258,7747612672,16762826752,8539865088,92461391872,44.7,1283.6,111,3792.4
12385633485970,262.950083028,8127295488,17023586304,8828256256,92173000704,44.4,1218.6,111,3792.4
12385683488734,263.000085792,7884722176,16781012992,8811991040,92189265920,43.1,1238.4,111,3792.4
12385733489866,263.050086924,8145485824,17041772544,9149001728,91852255232,47.8,1398.6,111,3792.4
12385783490707,263.100087765,7893819392,16790106112,8915185664,92086071296,41.1,1120.4,111,3600.8
12385833486509,263.150083567,7736975360,16633262080,8865239040,92136017920,50.9,1418.1,111,3600.8
12385883485367,263.200082425,7819243520,16715530240,8924995584,92076261376,54.7,1562.5,111,3600.8
12385933481670,263.250078728,8109117440,17005400064,9070325760,91930931200,51.9,1440.8,111,3600.8
12385983485937,263.300082995,7866544128,16762826752,8762454016,92238802944,41.9,1139.7,111,3600.8
12386033480777,263.350077835,8048021504,17023586304,8819580928,92181676032,48.1,1362.2,111,3600.8
12386083477040,263.400074098,7963713536,17023586304,8658042880,92343214080,41.0,1161.3,111,3600.8
12386133488280,263.450085338,7877156864,16840441856,8618758144,92382498816,46.2,1273.2,111,3600.8
12386183487538,263.500084596,8145489920,17041772544,8839385088,92161871872,47.8,1284.1,111,3600.8
12386233474905,263.550071963,7726043136,16790106112,8425095168,92576161792,40.8,1203.1,111,3600.8
12386283514757,263.600111815,7660314624,16556597248,8284114944,92717142016,53.0,1508.3,111,3958.7
12386333502244,263.650099302,7866888192,16804069376,8602406912,92398850048,54.7,1582.3,111,3958.7
12386383485393,263.700082451,8109121536,17005400064,8669220864,92332036096,45.5,1264.2,111,3958.7
12386433489219,263.750086277,7866548224,16762826752,8426663936,92574593024,43.1,1222.5,111,3958.7
12386483490024,263.800087082,8127307776,17023586304,8489259008,92511997952,44.4,1235.3,111,3958.7
12386533490940,263.850087998,7884734464,16781012992,8352309248,92648947712,43.4,1222.3,111,3958.7
12386583483702,263.90008076,8145494016,17041772544,8730075136,92271181824,49.7,1400.1,111,3958.7
12386633491931,263.950088989,7893827584,16790106112,8612270080,92388986880,43.0,1178.4,111,3958.7
12386683482589,264.000079647,7755853824,16700375040,8464924672,92536332288,47.2,1303.6,111,3958.7
12386733478636,264.050075694,7819251712,16715530240,8488914944,92512342016,55.6,1578.7,111,3958.7
12386783482428,264.100079486,8109121536,17005400064,8768540672,92232716288,54.4,1502.3,111,3958.7
12386833490818,264.150087876,7866548224,16762826752,8760279040,92240977920,48.5,1336.4,111,3538.1
12386883487517,264.200084575,8127307776,17023586304,8898019328,92103237632,52.5,1420.2,111,3538.1
12386933492821,264.250089879,7884734464,16781012992,8815960064,92185296896,43.4,1238.7,111,3538.1
12386983485974,264.300083032,8012132352,17041772544,8759443456,92241813504,44.7,1181.8,111,3538.1
12387033493272,264.35009033,7947288576,17041772544,8678764544,92322492416,40.9,1181.3,111,3538.1
12387083483388,264.400080446,7764455424,16700375040,8502661120,92498595840,43.7,1220.2,111,3538.1
12387133474297,264.450071355,7659278336,16558465024,8358617088,92642639872,54.1,1539.4,111,3538.1
12387183484750,264.500081808,8106061824,17005400064,8806588416,92194668544,55.3,1560.2,111,3538.1
12387233473625,264.550070683,7950557184,17005400064,8724606976,92276649984,45.6,1283.3,111,3538.1
12387283497603,264.600094661,7808897024,16822255616,8551624704,92449632256,44.4,1232.6,111,3538.1
12387333485275,264.650082333,8127307776,17023586304,8752521216,92248735744,47.1,1325.0,111,3538.1
12387383481724,264.700078782,7884734464,16781012992,8511246336,92490010624,39.4,1100.0,111,3635.4
12387433492839,264.750089897,8145498112,17041772544,8650530816,92350726144,45.1,1257.4,111,3635.4
12387483493878,264.800090936,7893831680,16790106112,8650514432,92350742528,58.9,1220.8,111,3635.4
12387533539832,264.85013689,7736987648,16633262080,8482779136,92518477824,66.0,1338.7,111,3635.4
12387583488237,264.900085295,7752142848,16715530240,8419532800,92581724160,61.9,1580.0,111,3635.4
12387633484741,264.950081799,8065081344,17005400064,8532426752,92468830208,55.8,1524.1,111,3635.4
12387683482016,265.000079074,7983288320,17005400064,8459763712,92541493248,44.0,1200.5,111,3635.4
12387733492745,265.050089803,7722758144,16620924928,8459247616,92542009344,44.7,1237.2,111,3635.4
12387783518602,265.10011566,8127315968,17023586304,8767680512,92233576448,50.9,1376.4,111,3635.4
12387833485602,265.15008266,7884742656,16781012992,8517373952,92483883008,44.3,1165.3,111,3635.4
12387883493346,265.200090404,8145502208,17041772544,8523304960,92477952000,42.9,1218.2,111,3899.9
12387933469382,265.25006644,7893835776,16790106112,8371060736,92630196224,35.9,1061.5,111,3899.9
12387983482786,265.300079844,7743287296,16700375040,8228761600,92772495360,43.1,1239.9,111,3899.9
12388033509094,265.350106152,7682412544,16581304320,8279339008,92721917952,53.1,1538.6,111,3899.9
12388083496190,265.400093248,8040603648,17005400064,8421265408,92579991552,53.1,1571.8,111,3899.9
12388133485050,265.450082108,8029851648,17005400064,8321658880,92679598080,42.4,1206.4,111,3899.9
12388183523650,265.500120708,7680368640,16620924928,8001957888,92999299072,41.0,1156.6,111,3899.9
12388233490359,265.550087417,8127320064,17023586304,8281608192,92719648768,44.4,1301.2,111,3899.9
12388283474230,265.600071288,7855378432,16781012992,8189440000,92811816960,44.2,1284.6,111,3899.9
12388333482795,265.650079853,8145506304,17041772544,8447746048,92553510912,47.2,1337.1,111,3899.9
12388383475211,265.700072269,7774916608,16790106112,8372936704,92628320256,43.3,1262.9,111,3899.9
12388433479970,265.750077028,7710662656,16606928896,8399515648,92601741312,52.2,1517.3,111,3655.1
12388483485272,265.80008233,7781810176,16804069376,8304037888,92697219072,53.2,1576.1,111,3655.1
12388533487602,265.85008466,8109133824,17005400064,8398057472,92603199488,44.9,1301.4,111,3655.1
12388583503295,265.900100353,7866560512,16762826752,8174522368,92826734592,41.1,1199.6,111,3655.1
12388633518768,265.950115826,8127320064,17023586304,8339415040,92661841920,45.6,1299.0,111,3655.1
12388683518833,266.000115891,7884746752,16781012992,8330846208,92670410752,43.4,1220.4,111,3655.1
12388733491238,266.050088296,8051126272,17041772544,8323874816,92677382144,45.9,1285.5,111,3655.1
12388783491814,266.100088872,8099356672,17041772544,8290861056,92710395904,42.1,1118.6,111,3655.1
12388833491218,266.150088276,7777636352,16700375040,8293228544,92708028416,46.9,1278.1,111,3655.1
12388883484310,266.200081368,7687766016,16590151680,8103632896,92897624064,51.3,1523.6,111,3655.1
12388933488733,266.250085791,7766253568,16804069376,8273285120,92727971840,53.7,1574.2,111,3757.7
12388983484741,266.300081799,8109137920,17005400064,8550428672,92450828288,46.5,1323.8,111,3757.7
12389033480368,266.350077426,7668359168,16762826752,8299782144,92701474816,42.1,1240.8,111,3757.7
12389083480102,266.40007716,8127324160,17023586304,8564539392,92436717568,47.2,1339.6,111,3757.7
12389133473505,266.450070563,7805468672,16781012992,8324870144,92676386816,42.1,1200.7,111,3757.7
12389183497654,266.500094712,8145510400,17041772544,8771280896,92229976064,47.2,1395.3,111,3757.7
12389233478765,266.550075823,7854202880,16790106112,8517345280,92483911680,43.0,1204.1,111,3757.7
12389283478730,266.600075788,7681417216,16606928896,8381870080,92619386880,49.4,1439.8,111,3757.7
12389333506876,266.650103934,7686799360,16602738688,8438112256,92563144704,53.4,1588.6,111,3757.7
12389383488638,266.700085696,8109137920,17005400064,8824905728,92176351232,48.1,1347.6,111,3757.7
12389433491628,266.750088686,7866564608,16762826752,8573726720,92427530240,43.2,1220.2,111,3482.2
12389483486556,266.800083614,8127324160,17023586304,8858611712,92142645248,47.5,1380.3,111,3482.2
12389533482589,266.850079647,7884754944,16781012992,8780664832,92220592128,42.9,1179.4,111,3482.2
12389583481487,266.900078545,7989055488,17041772544,9027342336,91973914624,45.9,1360.6,111,3482.2
12389633486346,266.950083404,7893848064,16790106112,9027338240,91973918720,44.7,1277.4,111,3482.2
12389683487669,267.000084727,7803887616,16700145664,8952070144,92049186816,48.1,1382.7,111,3482.2
12389733477600,267.050074658,7771312128,16712269824,8759812096,92241444864,54.7,1560.3,111,3482.2
12389783484132,267.10008119,7971196928,17031041024,8685752320,92315504640,52.5,1480.2,111,3482.2
12389833481067,267.150078125,7883116544,16779374592,8592306176,92408950784,43.5,1138.6,111,3482.2
12389883481588,267.200078646,8095141888,17031041024,8680984576,92320272384,49.4,1421.7,111,3482.2
12389933475266,267.250072324,8124284928,17031041024,8603037696,92398219264,40.3,1100.6,111,3482.2
12389983487158,267.300084216,7742447616,16638881792,8533569536,92467687424,45.3,1310.7,111,3693.2
12390033483301,267.350080359,8145289216,17041543168,8727871488,92273385472,46.2,1288.3,111,3693.2
12390083487479,267.400084537,7737212928,16700145664,8430342144,92570914816,45.1,1238.1,111,3693.2
12390133482319,267.450079377,7655768064,16552173568,8440401920,92560855040,54.4,1519.8,111,3693.2
12390183501615,267.500098673,8065523712,17031041024,8586457088,92414799872,54.1,1592.2,111,3693.2
12390233484874,267.550081932,8095145984,17031041024,8517287936,92483969024,43.9,1187.8,111,3693.2
12390283483812,267.60008087,7732125696,16628379648,8112091136,92889165824,42.4,1170.0,111,3693.2
12390333487499,267.650084557,8134787072,17031041024,8346398720,92654858240,45.2,1250.3,111,3693.2
12390383487168,267.700084226,7884529664,16780783616,8208429056,92792827904,44.7,1260.8,111,3693.2
12390433488481,267.750085539,8145289216,17041543168,8554184704,92447072256,47.8,1356.5,111,3693.2
12390483482904,267.800079962,7893622784,16789876736,8447610880,92553646080,45.6,1243.2,111,3693.2
12390533489030,267.850086088,7736778752,16633032704,8194441216,92806815744,52.8,1357.0,111,3887.7
12390583488654,267.900085712,7816019968,16712269824,8139476992,92861779968,78.6,1600.0,111,3887.7
12390633491845,267.950088903,7936589824,17031041024,8101928960,92899328000,55.7,1360.4,111,3887.7
12390683488384,268.000085442,7883128832,16779374592,7909941248,93091315712,47.2,1120.6,111,3887.7
12390733490864,268.050087922,7926910976,16829710336,7856660480,93144596480,44.3,1298.8,111,3887.7
12390783494786,268.100091844,8134795264,17031041024,7884656640,93116600320,46.3,1220.0,111,3887.7
12390833480645,268.150077703,7884537856,16780783616,7643967488,93357289472,43.3,1183.3,111,3887.7
12390883504835,268.200101893,8145297408,17041543168,7879806976,93121449984,48.1,1334.9,111,3887.7
12390933493169,268.250090227,7893630976,16789876736,7806005248,93195251712,43.7,1182.1,111,3887.7
12390983478587,268.300075645,7736786944,16633032704,7603085312,93398171648,47.5,1360.5,111,3887.7
12391033487759,268.350084817,7816024064,16712269824,7683567616,93317689344,54.7,1580.4,111,3887.7
12391083501359,268.400098417,8133292032,17031041024,7972773888,93028483072,50.3,1474.9,111,3865.8
12391133492057,268.450089115,7883128832,16779374592,7697436672,93303820288,43.8,1201.2,111,3865.8
12391183477335,268.500074393,7976235008,17031041024,7842496512,93158760448,49.0,1366.0,111,3865.8
12391233480115,268.550077173,7936593920,17031041024,7888683008,93112573952,41.9,1159.9,111,3865.8
12391283497112,268.60009417,8029704192,17041543168,8118861824,92882395136,46.9,1310.9,111,3865.8
12391333491116,268.650088174,8145301504,17041543168,8235069440,92766187520,44.7,1226.2,111,3865.8
12391383480001,268.700077059,7745925120,16700145664,8187072512,92814184448,44.7,1258.7,111,3865.8
12391433473564,268.750070622,7667724288,16563965952,8294678528,92706578432,53.8,1524.0,111,3865.8
12391483497786,268.800094844,8123142144,17031041024,8579563520,92421693440,55.3,1574.7,111,3865.8
12391533481937,268.850078995,7936593920,17031041024,8589537280,92411719680,44.6,1264.5,111,3865.8
12391583487738,268.900084796,7933468672,16829710336,8482705408,92518551552,46.9,1294.3,111,3865.8
12391633497226,268.950094284,8134799360,17031041024,8576106496,92425150464,45.2,1204.7,111,3415.8
12391683476548,269.000073606,7834202112,16780783616,8239595520,92761661440,45.0,1260.1,111,3415.8
12391733485454,269.050082512,8145301504,17041543168,8350572544,92650684416,45.3,1279.7,111,3415.8
12391783484994,269.100082052,7893635072,16789876736,8222064640,92779192320,43.4,1140.1,111,3415.8
12391833490755,269.150087813,7736791040,16633032704,8071000064,92930256896,47.0,1258.9,111,3415.8
12391883483251,269.200080309,7816028160,16712269824,8043700224,92957556736,53.5,1599.6,111,3415.8
12391933485315,269.250082373,8101761024,17031041024,8294506496,92706750464,47.4,1401.4,111,3415.8
12391983473424,269.300070482,7893831680,16829710336,8113815552,92887441408,36.5,1061.6,111,3415.8
12392033491096,269.350088154,7929470976,16829710336,8043872256,92957384704,45.1,1293.3,111,3415.8
12392083484624,269.400081682,8134803456,17031041024,8145543168,92855713792,42.0,1224.2,111,3415.8
12392133480998,269.450078056,7714668544,16780783616,8038486016,92962770944,44.1,1281.6,111,3415.8
12392183486709,269.500083767,8145305600,17041543168,8357175296,92644081664,47.8,1317.9,111,3432.9
12392233499111,269.550096169,7814356992,16789876736,8054632448,92946624512,41.5,1218.5,111,3432.9
12392283484946,269.600082004,7707430912,16603668480,7804583936,93196673024,48.4,1400.2,111,3432.9
12392333502338,269.650099396,7748919296,16645156864,7695429632,93305827328,52.8,1579.5,111,3432.9
12392383494594,269.700091652,8134807552,17031041024,7839936512,93161320448,46.9,1359.2,111,3432.9
12392433485497,269.750082555,7883141120,16779374592,7599951872,93401305088,43.0,1202.8,111,3432.9
12392483481122,269.80007818,8134254592,17031041024,7584432128,93416824832,36.7,1080.1,111,3432.9
12392533491687,269.850088745,7884550144,16780783616,7349866496,93651390464,41.0,1177.7,111,3432.9
12392583483207,269.900080265,8131100672,17041543168,7459610624,93541646336,45.0,1261.4,111,3432.9
12392633479595,269.950076653,8126423040,17041543168,7411355648,93589901312,39.7,1161.7,111,3432.9
12392683481794,270.000078852,7695437824,16789876736,7000514560,94000742400,38.5,1119.9,111,3432.9
12392733498791,270.050095849,7707435008,16603668480,6928777216,94072479744,51.6,1478.0,111,3842.6
12392783483608,270.100080666,7748923392,16645156864,6954323968,94046932992,54.7,1541.1,111,3842.6
12392833505514,270.150102572,8134811648,17031041024,7225004032,93776252928,48.4,1375.3,111,3842.6
12392883506971,270.200104029,7883145216,16779374592,6985900032,94015356928,35.0,1000.9,111,3842.6
12392933495636,270.250092694,7987908608,17031041024,6998642688,94002614272,43.8,1239.8,111,3842.6
12392983484872,270.30008193,8134811648,17031041024,7104020480,93897236480,40.8,1163.2,111,3842.6
12393033481882,270.35007894,7844913152,16780783616,6834425856,94166831104,40.9,1180.2,111,3842.6
12393083486305,270.400083363,8145313792,17041543168,7003963392,93997293568,38.4,1177.3,111,3842.6
12393133483715,270.450080773,7893647360,16789876736,6762135552,94239121408,33.8,982.3,111,3842.6
12393183488700,270.500085758,7803916288,16700145664,6634868736,94366388224,45.1,1277.7,111,3842.6
12393233518770,270.550115828,7679266816,16578043904,6451138560,94550118400,51.6,1559.0,111,3767.9
12393283498939,270.600095997,8074194944,17031041024,6867628032,94133628928,53.1,1554.6,111,3767.9
12393333486451,270.650083509,8101244928,17031041024,6928785408,94072471552,40.4,1146.9,111,3767.9
12393383481408,270.700078466,7696490496,16779374592,6531907584,94469349376,38.4,1140.3,111,3767.9
12393433482435,270.750079493,8134811648,17031041024,6915366912,94085890048,44.0,1239.1,111,3767.9
12393483490838,270.800087896,7884554240,16780783616,6673842176,94327414784,34.2,978.0,111,3767.9
12393533491049,270.850088107,8059830272,17041543168,6843330560,94157926400,46.0,1319.1,111,3767.9
12393583484828,270.900081886,8145313792,17041543168,6918008832,94083248128,40.5,1163.0,111,3767.9
12393633479349,270.950076407,7854006272,16789876736,6644817920,94356439040,37.6,1080.9,111,3767.9
12393683483767,271.000080825,7736803328,16633032704,6539792384,94461464576,46.3,1338.6,111,3767.9
12393733489137,271.050086195,7782477824,16712269824,6582886400,94418370560,53.4,1558.9,111,3767.9
12393783485531,271.100082589,8065286144,17031041024,6802894848,94198362112,48.7,1361.2,111,3942.2
12393833491402,271.15008846,7883149312,16779374592,6639271936,94361985024,42.1,1139.9,111,3942.2
12393883499226,271.200096284,7861096448,16829710336,6544162816,94457094144,45.0,1258.1,111,3942.2
12393933503595,271.250100653,8134815744,17031041024,6798340096,94202916864,44.1,1217.6,111,3942.2
12393983491814,271.300088872,7884558336,16780783616,6555783168,94445473792,41.5,1142.4,111,3942.2
12394033504818,271.350101876,7947112448,17041543168,6648164352,94353092608,38.0,1119.0,111,3942.2
12394083499077,271.400096135,7947112448,17041543168,6613643264,94387613696,41.6,1141.1,111,3942.2
12394133490342,271.4500874,7803924480,16700145664,6415720448,94585536512,43.0,1181.2,111,3942.2
12394183486084,271.500083142,7707447296,16603668480,6288760832,94712496128,53.5,1521.3,111,3942.2
12394233484973,271.550082031,7709294592,16645156864,6312501248,94688755712,53.7,1520.2,111,3942.2
12394283492036,271.600089094,8134819840,17031041024,6680219648,94321037312,45.7,1278.1,111,3477.9
12394333496705,271.650093763,7883153408,16779374592,6436990976,94564265984,40.1,1138.3,111,3477.9
12394383482529,271.700079587,8048832512,17031041024,6616588288,94384668672,46.8,1303.6,111,3477.9
12394433488530,271.750085588,8134823936,17031041024,6640463872,94360793088,39.2,1079.5,111,3477.9
12394483487462,271.80008452,7884566528,16780783616,6398328832,94602928128,42.6,1140.3,111,3477.9
12394533487657,271.850084715,8133718016,17041543168,6634573824,94366683136,39.2,1078.3,111,3477.9
12394583483555,271.900080613,7902048256,16840212480,6407233536,94594023424,37.8,1081.9,111,3477.9
12394633488309,271.950085367,7791378432,16700145664,6590705664,94410551296,49.7,1378.9,111,3477.9
12394683478266,272.000075324,7662018560,16558235648,6644379648,94356877312,54.4,1577.7,111,3477.9
12394733493570,272.050090628,8030248960,17031041024,7204331520,93796925440,53.7,1517.5,111,3477.9
12394783503834,272.100100892,8134823936,17031041024,7387480064,93613776896,45.9,1261.7,111,3642.4
12394833483151,272.150080209,7723765760,16779374592,7379472384,93621784576,46.8,1263.2,111,3642.4
12394883477206,272.200074264,8134823936,17031041024,7829250048,93172006912,49.4,1398.8,111,3642.4
12394933482541,272.250079599,7884566528,16780783616,7700484096,93300772864,44.6,1261.5,111,3642.4
12394983495410,272.300092468,8145326080,17041543168,7807832064,93193424896,44.2,1255.1,111,3642.4
12395033480398,272.350077456,7893659648,16789876736,7808790528,93192466432,45.9,1284.4,111,3642.4
12395083496572,272.40009363,7707451392,16603668480,7886204928,93115052032,50.6,1455.6,111,3642.4
12395133482252,272.45007931,7709122560,16628379648,7805939712,93195317248,55.0,1558.9,111,3642.4
12395183483029,272.500080087,8134828032,17031041024,8026312704,92974944256,48.4,1303.7,111,3642.4
12395233482703,272.550079761,7681830912,16578043904,7946268672,93054988288,48.1,1356.3,111,3642.4
12395283486345,272.600083403,8134828032,17031041024,8220315648,92780941312,48.7,1362.4,111,3642.4
12395333479077,272.650076135,7777607680,16780783616,8011091968,92990164992,46.8,1283.0,111,3846.3
12395383482509,272.700079567,8145330176,17041543168,8461127680,92540129280,47.5,1337.7,111,3846.3
12395433479789,272.750076847,7774740480,16789876736,8453644288,92547612672,45.3,1302.4,111,3846.3
12395483517847,272.800114905,7653060608,16549142528,8524091392,92477165568,52.2,1458.2,111,3846.3
12395533490297,272.850087355,7838375936,16829710336,8707305472,92293951488,54.7,1575.6,111,3846.3
12395583481301,272.900078359,8090775552,17031041024,8978563072,92022693888,48.7,1344.9,111,3846.3
12395633488515,272.950085573,7761977344,16829710336,8798072832,92203184128,46.6,1317.3,111,3846.3
12395683489417,273.000086475,8134828032,17031041024,9147453440,91853803520,49.4,1340.1,111,3846.3
12395733484959,273.050082017,7884570624,16780783616,9040203776,91961053184,40.1,1161.9,111,3846.3
12395783484859,273.100081917,8145330176,17041543168,9049079808,91952177152,47.5,1279.7,111,3846.3
12395833489067,273.150086125,7893663744,16789876736,8875401216,92125855744,44.7,1198.3,111,3495.3
12395883483868,273.200080926,7697182720,16633032704,8632991744,92368265216,47.8,1402.0,111,3495.3
12395933484580,273.250081638,7748952064,16645156864,8530227200,92471029760,53.4,1558.0,111,3495.3
12395983498826,273.300095884,8134836224,17031041024,8671924224,92329332736,47.5,1399.1,111,3495.3
12396033488197,273.350085255,7883169792,16779374592,8640442368,92360814592,44.9,1282.9,111,3495.3
12396083482357,273.400079415,8134836224,17031041024,8886726656,92114530304,44.7,1340.6,111,3495.3
12396133489631,273.450086689,7884578816,16780783616,8683499520,92317757440,36.9,1019.1,111,3495.3
12396183485463,273.500082521,8105697280,17041543168,8750243840,92251013120,44.9,1321.1,111,3495.3
12396233477239,273.550074297,8084508672,17041543168,8809025536,92192231424,40.0,1160.3,111,3495.3
12396283488229,273.600085287,7795593216,16700145664,8636633088,92364623872,46.0,1317.8,111,3495.3
12396333478562,273.65007562,7761534976,16712269824,8661659648,92339597312,53.2,1562.4,111,3495.3
12396383477781,273.700074839,7935598592,17031041024,8667492352,92333764608,48.1,1401.9,111,3696.5
12396433501374,273.750098432,7883169792,16779374592,8694325248,92306931712,41.9,1235.3,111,3696.5
12396483496929,273.800093987,8112619520,17031041024,8929558528,92071698432,49.7,1401.7,111,3696.5
12396533481727,273.850078785,7976271872,17031041024,8890077184,92111179776,44.3,1341.8,111,3696.5
12396583477835,273.900074893,7833554944,16840212480,8826982400,92174274560,45.3,1240.2,111,3696.5
12396633492397,273.950089455,8145338368,17041543168,9055600640,91945656320,47.2,1395.2,111,3696.5
12396683478157,274.000075215,7735107584,16789876736,8963219456,92038037504,42.1,1245.6,111,3696.5
12396733480497,274.050077555,7667822592,16603668480,8761167872,92240089088,49.4,1418.0,111,3696.5
12396783489849,274.100086907,7728259072,16628379648,8646234112,92355022848,56.7,1595.6,111,3696.5
12396833492690,274.150089748,8134836224,17031041024,8879591424,92121665536,54.8,1319.5,111,3696.5
12396883491423,274.200088481,7883169792,16779374592,8705728512,92295528448,64.8,1141.1,111,3567.9
12396933485658,274.250082716,7989624832,17031041024,8629846016,92371410944,51.6,1179.9,111,3567.9
12396983488538,274.300085596,7884582912,16780783616,8621219840,92380037120,43.8,1200.8,111,3567.9
12397033488694,274.350085752,8033923072,17041543168,8795615232,92205641728,48.4,1456.5,111,3567.9
12397083484171,274.400081229,8145342464,17041543168,8885276672,92115980288,43.6,1265.0,111,3567.9
12397133490067,274.450087125,7669387264,16588546048,8575619072,92425637888,38.8,1079.1,111,3567.9
12397183476899,274.500073957,7707467776,16603668480,8478851072,92522405888,52.5,1561.2,111,3567.9
12397233499245,274.550096303,8013778944,17031041024,8790167552,92211089408,53.4,1570.8,111,3567.9
12397283506914,274.600103972,8015921152,17031041024,8700366848,92300890112,46.5,1324.5,111,3567.9
12397333490790,274.650087848,7707246592,16628379648,8368275456,92632981504,39.6,1120.2,111,3567.9
12397383492840,274.700089898,8134844416,17031041024,8710946816,92290310144,47.5,1380.1,111,3659.6
12397433483087,274.750080145,7884587008,16780783616,8711204864,92290052096,43.0,1223.7,111,3659.6
12397483483326,274.800080384,8145350656,17041543168,8937771008,92063485952,46.6,1336.5,111,3659.6
12397533477065,274.850074123,7893684224,16789876736,8937771008,92063485952,44.9,1304.6,111,3659.6
12397583731048,274.900328106,7669727232,16570114048,8783659008,92217597952,46.9,1389.5,111,3659.6
12397633481274,274.950078332,7748964352,16645156864,8845996032,92155260928,53.8,1528.1,111,3659.6
12397683485411,275.000082469,8134848512,17031041024,9144786944,91856470016,49.4,1418.2,111,3659.6
12397733480052,275.05007711,7883182080,16779374592,9144786944,91856470016,44.9,1303.6,111,3659.6
12397783481375,275.100078433,8134848512,17031041024,9278939136,91722317824,47.2,1279.1,111,3659.6
12397833482768,275.150079826,7884591104,16780783616,9214410752,91786846208,44.4,1239.1,111,3659.6
12397883519986,275.200117044,8066068480,17041543168,9119059968,91882196992,47.5,1319.4,111,4016.9
12397933479332,275.25007639,7986786304,17041543168,9020739584,91980517376,42.8,1220.9,111,4016.9
12397983504699,275.300101757,7803953152,16700145664,8908697600,92092559360,46.6,1294.9,111,4016.9
12398033539142,275.3501362,7681929216,16645156864,8767287296,92233969664,53.5,1521.8,111,4016.9
12398083484643,275.400081701,8088702976,17031041024,8837476352,92163780608,54.4,1524.3,111,4016.9
12398133478723,275.450075781,7914639360,16829710336,8846381056,92154875904,43.4,1241.3,111,4016.9
12398183487500,275.500084558,7899652096,16829710336,8726630400,92274626560,45.4,1254.1,111,4016.9
12398233479886,275.550076944,8095207424,17031041024,8810926080,92190330880,47.1,1284.9,111,4016.9
12398283476651,275.600073709,7765667840,16780783616,8529092608,92472164352,42.5,1181.3,111,4016.9
12398333486890,275.650083948,8145354752,17041543168,8567484416,92433772544,46.3,1295.4,111,4016.9
12398383481280,275.700078338,7893688320,16789876736,8568504320,92432752640,43.2,1223.7,111,4016.9
12398433478976,275.750076034,7707480064,16603668480,8280264704,92720992256,50.6,1418.0,111,3649.3
12398483480071,275.800077129,7681855488,16645156864,8088793088,92912463872,54.4,1560.9,111,3649.3
12398533489073,275.850086131,8134852608,17031041024,8195108864,92806148096,46.9,1337.4,111,3649.3
12398583491744,275.900088802,7883186176,16779374592,8030216192,92971040768,40.9,1080.3,111,3649.3
12398633488733,275.950085791,8019501056,17031041024,8155881472,92845375488,45.2,1303.6,111,3649.3
12398683478109,276.000075167,7893880832,16829710336,8072790016,92928466944,40.3,1117.5,111,3649.3
12398733484206,276.050081264,7936827392,16840212480,8199061504,92802195456,47.5,1300.8,111,3649.3
12398783492627,276.100089685,8145354752,17041543168,8422522880,92578734080,48.4,1336.0,111,3649.3
12398833479448,276.150076506,7797211136,16789876736,8312594432,92688662528,45.9,1245.3,111,3649.3
12398883478883,276.200075941,7707480064,16603668480,8070430720,92930826240,49.7,1398.0,111,3649.3
12398933481112,276.25007817,7748972544,16645156864,8050503680,92950753280,54.4,1561.7,111,3607.9
12398983485345,276.300082403,8134856704,17031041024,8295645184,92705611776,47.5,1376.7,111,3607.9
12399033483878,276.350080936,7883194368,16779374592,8060936192,92940320768,44.9,1242.8,111,3607.9
12399083488292,276.40008535,8134860800,17031041024,8488955904,92512301056,47.5,1317.9,111,3607.9
12399133485001,276.450082059,7884603392,16780783616,8365588480,92635668480,39.9,1139.5,111,3607.9
12399183479146,276.500076204,7996456960,17041543168,8619765760,92381491200,50.0,1383.8,111,3607.9
12399233490792,276.55008785,7893696512,16789876736,8645570560,92355686400,44.7,1256.5,111,3607.9
12399283488313,276.600085371,7803965440,16700145664,8716791808,92284465152,49.4,1400.4,111,3607.9
12399333483500,276.650080558,7816089600,16712269824,8847106048,92154150912,53.8,1540.4,111,3607.9
12399383484127,276.700081185,8127250432,17031041024,9000370176,92000886784,51.6,1481.0,111,3607.9
12399434033002,276.75063006,7883194368,16779374592,8871092224,92130164736,44.1,1245.4,111,3755.0
12399483822447,276.800419505,8065077248,17031041024,8971018240,92030238720,46.5,1317.8,111,3755.0
12399533487086,276.850084144,8134860800,17031041024,8915021824,92086235136,43.9,1216.2,111,3755.0
12399583482318,276.900079376,7884603392,16780783616,8761315328,92239941632,47.5,1321.5,111,3755.0
12399633490784,276.950087842,8145362944,17041543168,8885952512,92115304448,45.6,1277.2,111,3755.0
12399683493659,277.000090717,7893696512,16789876736,8828403712,92172853248,41.6,1100.1,111,3755.0
12399733472632,277.05006969,7755722752,16700145664,8891109376,92110147584,45.6,1302.9,111,3755.0
12399783477391,277.100074449,7776448512,16712269824,9026060288,91975196672,56.0,1579.9,111,3755.0
12399833491948,277.150089006,8134860800,17031041024,9202782208,91798474752,53.4,1476.2,111,3755.0
12399883490225,277.200087283,7883194368,16779374592,9194287104,91806969856,46.3,1339.6,111,3755.0
12399933481219,277.250078277,8134860800,17031041024,9364840448,91636416512,44.3,1263.2,111,3755.0
12399983501356,277.300098414,7884603392,16780783616,9117220864,91884036096,39.5,1117.8,111,3894.8
12400033486600,277.350083658,7986802688,17041543168,9253433344,91747823616,47.8,1402.3,111,3894.8
12400083492441,277.400089499,7893700608,16789876736,9047769088,91953487872,41.4,1157.5,111,3894.8
12400133490818,277.450087876,7803969536,16700145664,9006891008,91994365952,45.3,1320.6,111,3894.8
12400183494375,277.500091433,7744098304,16645156864,8998567936,92002689024,52.2,1520.6,111,3894.8
12400233478226,277.550075284,8015945728,17031041024,9326927872,91674329088,51.9,1523.6,111,3894.8
12400283501579,277.600098637,7883202560,16779374592,9277640704,91723616256,42.9,1255.6,111,3894.8
12400333495298,277.650092356,8065732608,17031041024,9265770496,91735486464,47.2,1358.3,111,3894.8
12400383472767,277.700069825,8134868992,17031041024,9383698432,91617558528,42.4,1207.3,111,3894.8
12400433476645,277.750073703,7773454336,16780783616,9383698432,91617558528,42.1,1218.8,111,3894.8
12400483500502,277.80009756,8145371136,17041543168,9497755648,91503501312,46.9,1373.8,111,3894.8
12400533473107,277.850070165,7866433536,16789876736,9390407680,91610849280,44.6,1264.4,111,3341.4
12400583472832,277.90006989,7669747712,16565919744,9119199232,91882057728,48.4,1417.1,111,3341.4
12400633487534,277.950084592,7748988928,16645156864,9148002304,91853254656,52.5,1560.1,111,3341.4
12400683491036,278.000088094,8134873088,17031041024,9307811840,91693445120,47.8,1377.1,111,3341.4
12400733503464,278.050100522,7883206656,16779374592,9224740864,91776516096,43.8,1223.0,111,3341.4
12400783491989,278.100089047,8132595712,17031041024,9544462336,91456794624,46.2,1302.0,111,3341.4
12400833504286,278.150101344,7884615680,16780783616,9519689728,91481567232,40.6,1136.1,111,3341.4
12400883509121,278.200106179,8090501120,17041543168,9661100032,91340156928,49.4,1431.5,111,3341.4
12400933481947,278.250079005,8145375232,17041543168,9596583936,91404673024,42.3,1232.5,111,3341.4
12400983515012,278.30011207,7669760000,16633032704,9112485888,91888771072,41.5,1198.3,111,3341.4
12401033483580,278.350080638,7707500544,16603668480,9010548736,91990708224,51.9,1541.0,111,3661.3
12401083491029,278.400088087,7931006976,16829710336,9052594176,91948662784,53.1,1559.8,111,3661.3
12401133486717,278.450083775,8134873088,17031041024,9123041280,91878215680,44.7,1279.5,111,3661.3
12401183475071,278.500072129,7883206656,16779374592,8883572736,92117684224,43.1,1222.7,111,3661.3
12401233487810,278.550084868,8134873088,17031041024,8911699968,92089556992,44.1,1274.5,111,3661.3
12401283490260,278.600087318,7884615680,16780783616,8671199232,92330057728,41.9,1181.1,111,3661.3
12401333489844,278.650086902,7998365696,17041543168,8581914624,92419342336,43.1,1237.1,111,3661.3
12401383478579,278.700075637,7986810880,17041543168,8490823680,92510433280,42.5,1206.3,111,3661.3
12401433481410,278.750078468,7658868736,16565919744,8152252416,92849004544,40.6,1172.8,111,3661.3
12401483478823,278.800075881,7707504640,16603668480,8095965184,92905291776,50.9,1425.4,111,3661.3
12401533476840,278.850073898,7748993024,16712269824,8066805760,92934451200,51.6,1522.3,111,3661.3
12401583495354,278.900092412,8134877184,17031041024,8282533888,92718723072,48.4,1397.4,111,3715.6
12401633491107,278.950088165,7883210752,16779374592,8045645824,92955611136,41.2,1141.1,111,3715.6
12401683477312,279.00007437,8055595008,17031041024,8126791680,92874465280,46.2,1321.7,111,3715.6
12401733472013,279.050069071,7976312832,17031041024,7975575552,93025681408,40.5,1141.9,111,3715.6
12401783496698,279.100093756,7695867904,16780783616,7699304448,93301952512,40.7,1114.4,111,3715.6
12401833488844,279.150085902,8145379328,17041543168,7930507264,93070749696,47.2,1280.5,111,3715.6
12401883483354,279.200080412,7893712896,16789876736,7668838400,93332418560,39.9,1061.9,111,3715.6
12401933478817,279.250075875,7736868864,16633032704,7486320640,93514936320,46.3,1299.5,111,3715.6
12401983492642,279.3000897,7816105984,16712269824,7510835200,93490421760,55.0,1598.6,111,3715.6
12402033479959,279.350077017,7943364608,17031041024,7694565376,93306691584,47.2,1356.9,111,3715.6
12402083491671,279.400088729,7893905408,16829710336,7613628416,93387628544,40.5,1143.9,111,3715.6
12402133506398,279.450103456,8021512192,17031041024,7642529792,93358727168,47.2,1315.2,111,3723.3
12402183499456,279.500096514,8134881280,17031041024,7688720384,93312536576,42.8,1204.9,111,3723.3
12402233472678,279.550069736,7805345792,16780783616,7390597120,93610659840,43.1,1221.5,111,3723.3
12402283503795,279.600100853,8145387520,17041543168,7544393728,93456863232,41.4,1155.6,111,3723.3
12402333485893,279.650082951,7893721088,16789876736,7299248128,93702008832,41.7,1122.4,111,3723.3
12402383474512,279.70007157,7772524544,16700145664,7120322560,93880934400,42.5,1221.7,111,3723.3
12402433478800,279.750075858,7810822144,16712269824,7035936768,93965320192,54.7,1557.5,111,3723.3
12402483477712,279.80007477,8015962112,17031041024,7080321024,93920935936,52.2,1523.6,111,3723.3
12402533477306,279.850074364,7976321024,17031041024,6918008832,94083248128,40.6,1139.6,111,3723.3
12402583471311,279.900068369,7684288512,16628379648,6622801920,94378455040,40.6,1097.2,111,3723.3
12402633488417,279.950085475,8134885376,17031041024,6957490176,94043766784,48.4,1319.3,111,3723.3
12402683492891,280.000089949,7884627968,16780783616,6716620800,94284636160,42.1,1160.3,111,3398.0
12402733477448,280.050074506,7986823168,17041543168,6703202304,94298054656,40.9,1163.8,111,3398.0
12402783479227,280.100076285,8040517632,17041543168,6703173632,94298083328,43.4,1158.0,111,3398.0
12402833475054,280.150072112,7652749312,16588546048,6314717184,94686539776,37.1,981.0,111,3398.0
12402883489446,280.200086504,7707512832,16603668480,6291378176,94709878784,51.9,1518.5,111,3398.0
12402933477790,280.250074848,7797231616,16712269824,6384783360,94616473600,52.2,1520.5,111,3398.0
12402983477425,280.300074483,7976321024,17031041024,6541934592,94459322368,48.4,1401.2,111,3398.0
12403033495253,280.350092311,7902093312,16829710336,6479486976,94521769984,39.8,1115.5,111,3398.0
12403083493184,280.400090242,7765970944,16829710336,6265147392,94736109568,42.0,1182.9,111,3398.0
12403133494031,280.450091089,8134885376,17031041024,6643691520,94357565440,44.0,1259.5,111,3398.0
12403183487925,280.500084983,7884627968,16780783616,6403178496,94598078464,40.4,1079.2,111,3398.0
12403233477401,280.550074459,8040521728,17041543168,6602907648,94398349312,43.4,1263.5,111,3977.6
12403284028882,280.60062594,8105750528,17041543168,6654619648,94346637312,39.3,1067.4,111,3977.6
12403333497499,280.650094557,7695519744,16789876736,6244839424,94756417536,36.1,1070.1,111,3977.6
12403383482407,280.700079465,7707516928,16603668480,6173876224,94827380736,51.0,1461.5,111,3977.6
12403433486820,280.750083878,7749005312,16712269824,6215163904,94786093056,53.4,1572.4,111,3977.6
12403483481989,280.800079047,8134893568,17031041024,6549594112,94451662848,47.5,1325.3,111,3977.6
12403533488742,280.8500858,7883227136,16779374592,6309093376,94692163584,37.3,1059.6,111,3977.6
12403583486618,280.900083676,7823826944,16829710336,6191673344,94809583616,42.1,1199.6,111,3977.6
12403633495866,280.950092924,8134893568,17031041024,6519652352,94481604608,44.7,1239.4,111,3977.6
12403683504872,281.00010193,7884636160,16780783616,6281474048,94719782912,40.5,1118.7,111,3977.6
12403733481280,281.050078338,8066113536,17041543168,6458986496,94542270464,44.3,1264.9,111,3937.4
12403783486570,281.100083628,8118120448,17041543168,6530740224,94470516736,40.9,1078.3,111,3937.4
12403833477864,281.150074922,7735169024,16789876736,6130262016,94870994944,38.5,1101.4,111,3937.4
12403883476241,281.200073299,7669776384,16633032704,6081318912,94919938048,48.1,1380.7,111,3937.4
12403933495487,281.250092545,7816126464,16712269824,6171119616,94830137344,51.9,1537.7,111,3937.4
12403984064103,281.300661161,8056557568,17031041024,6423490560,94577766400,46.0,1340.9,111,3937.4
12404033495137,281.350092195,7893925888,16829710336,6300192768,94701064192,37.6,1114.7,111,3937.4
12404083480100,281.400077158,7786582016,16829710336,6124711936,94876545024,42.0,1201.6,111,3937.4
12404133494777,281.450091835,8134897664,17031041024,6512041984,94489214976,44.4,1297.9,111,3937.4
12404183487724,281.500084782,7884640256,16780783616,6280273920,94720983040,38.7,1122.2,111,3937.4
12404233488265,281.550085323,8105480192,17041543168,6526218240,94475038720,38.5,1117.8,111,3616.0
12404283484519,281.600081577,7893733376,16789876736,6307233792,94694023168,36.2,1041.2,111,3616.0
12404333488567,281.650085625,7794524160,16700145664,6163357696,94837899264,40.1,1180.7,111,3616.0
12404383479080,281.700076138,7707525120,16603668480,6065557504,94935699456,51.9,1519.8,111,3616.0
12404433481655,281.750078713,7681900544,16578043904,6073040896,94928216064,53.1,1576.5,111,3616.0
12404483488580,281.800085638,8134897664,17031041024,6516625408,94484631552,43.1,1260.7,111,3616.0
12404533496841,281.850093899,7883231232,16779374592,6279737344,94721519616,38.9,1137.8,111,3616.0
12404583482760,281.900079818,8063586304,17031041024,6511808512,94489448448,41.4,1204.9,111,3616.0
12404633486082,281.95008314,8134901760,17031041024,6531678208,94469578752,38.1,1059.9,111,3616.0
12404683476800,282.000073858,7811235840,16780783616,6290329600,94710927360,40.6,1160.7,111,3616.0
12404733488046,282.050085104,8145403904,17041543168,6861647872,94139609088,45.3,1336.1,111,3616.0
12404783497208,282.100094266,7893737472,16789876736,6861905920,94139351040,44.7,1200.8,111,3634.8
12404833512571,282.150109629,7736893440,16633032704,6806675456,94194581504,46.3,1317.4,111,3634.8
12404883499292,282.20009635,7816130560,16712269824,6815997952,94185259008,55.0,1601.0,111,3634.8
12404933490531,282.250087589,8031608832,17031041024,6986563584,94014693376,47.8,1362.0,111,3634.8
12404983506315,282.300103373,7883239424,16779374592,6865281024,94135975936,40.0,1176.7,111,3634.8
12405033516018,282.350113076,8119111680,17031041024,7221583872,93779673088,48.1,1400.0,111,3634.8
12405083478525,282.400075583,8055623680,17031041024,7232970752,93768286208,42.7,1226.0,111,3634.8
12405133507303,282.450104361,7742746624,16638881792,6988136448,94013120512,40.7,1182.2,111,3634.8
12405183492912,282.50008997,8145408000,17041543168,7322308608,93678948352,45.6,1315.3,111,3634.8
12405233486195,282.550083253,7893741568,16789876736,7233757184,93767499776,37.7,1102.4,111,3634.8
12405283492161,282.600089219,7686770688,16586891264,6975709184,94025547776,48.7,1436.1,111,3634.8
12405333492517,282.650089575,7749021696,16645156864,7004352512,93996904448,52.5,1560.8,111,3568.5
12405383501308,282.700098366,8134905856,17031041024,7323041792,93678215168,47.8,1399.3,111,3568.5
12405433501494,282.750098552,7883243520,16779374592,7082024960,93919232000,41.8,1221.5,111,3568.5
12405483502864,282.800099922,8001232896,17031041024,7114080256,93887176704,40.1,1159.3,111,3568.5
12405533485362,282.85008242,7936704512,17031041024,7031504896,93969752064,39.0,1142.8,111,3568.5
12405584044332,282.90064139,7957159936,17041543168,6968283136,94032973824,46.3,1316.5,111,3568.5
12405633509487,282.950106545,8145412096,17041543168,7072276480,93928980480,42.9,1281.1,111,3568.5
12405683475505,283.000072563,7843405824,16789876736,6791520256,94209736704,41.1,1143.7,111,3568.5
12405733479312,283.05007637,7697489920,16633262080,6631530496,94369726464,46.9,1379.1,111,3568.5
12405783494109,283.100091167,7819399168,16715530240,6650109952,94351147008,54.4,1556.1,111,3568.5
12405833481246,283.150078304,7933100032,17005400064,6754361344,94246895616,50.0,1443.8,111,3568.5
12405883475616,283.200072674,8029986816,17005400064,6772097024,94229159936,41.2,1140.0,111,3761.6
12405933473362,283.25007042,7708131328,16762826752,6450499584,94550757376,40.0,1141.0,111,3761.6
12405983505521,283.300102579,8127455232,17023586304,6803251200,94198005760,44.3,1253.8,111,3761.6
12406033485635,283.350082693,7884881920,16781012992,6568873984,94432382976,37.1,1023.0,111,3761.6
12406083483982,283.40008104,8080621568,17041772544,6749765632,94251491328,47.2,1321.1,111,3761.6
12406133478973,283.450076031,8066359296,17041772544,6727012352,94274244608,40.9,1140.4,111,3761.6
12406183475998,283.500073056,7793754112,16700375040,6827651072,94173605888,44.0,1279.9,111,3761.6
12406233478182,283.55007524,7671156736,16606928896,6904582144,94096674816,51.2,1478.7,111,3761.6
12406283495554,283.600092612,7974060032,17005400064,7212175360,93789081600,54.3,1592.1,111,3761.6
12406333486207,283.650083265,8109268992,17005400064,7337066496,93664190464,45.3,1244.1,111,3761.6
12406383478052,283.70007511,7841521664,16762826752,7337082880,93664174080,41.7,1162.1,111,3678.8
12406433502567,283.750099625,8127459328,17023586304,7669706752,93331550208,48.1,1395.9,111,3678.8
12406483507619,283.800104677,7884886016,16781012992,7622471680,93378785280,43.7,1199.9,111,3678.8
12406533487498,283.850084556,8145645568,17041772544,8052637696,92948619264,49.4,1363.7,111,3678.8
12406583487373,283.900084431,7893979136,16790106112,8053153792,92948103168,42.9,1217.3,111,3678.8
12406633496334,283.950093392,7737135104,16633262080,8033239040,92968017920,50.3,1401.8,111,3678.8
12406683490238,284.000087296,7819407360,16715530240,8026529792,92974727168,55.6,1618.5,111,3678.8
12406733498799,284.050095857,8060178432,17005400064,8207421440,92793835520,50.6,1416.7,111,3678.8
12406783518490,284.100115548,7866703872,16762826752,7992492032,93008764928,44.3,1201.0,111,3678.8
12406833481648,284.150078706,8020500480,17023586304,8342556672,92658700288,51.6,1425.6,111,3678.8
12406883476985,284.200074043,7968899072,17023586304,8386191360,92615065600,44.4,1181.4,111,3678.8
12406933500242,284.2500973,7726833664,16639111168,8267796480,92733460480,44.1,1235.0,111,3841.2
12406983487213,284.300084271,8145653760,17041772544,8462364672,92538892288,49.1,1362.5,111,3841.2
12407033480086,284.350077144,7893987328,16790106112,8462364672,92538892288,43.4,1241.8,111,3841.2
12407083490520,284.400087578,7692468224,16590151680,8350887936,92650369024,52.5,1496.8,111,3841.2
12407133482480,284.450079538,7779770368,16715530240,8322486272,92678770688,52.5,1480.5,111,3841.2
12407183490059,284.500087117,8109281280,17005400064,8343388160,92657868800,50.6,1440.1,111,3841.2
12407233488722,284.55008578,7866707968,16762826752,8102088704,92899168256,38.6,1099.3,111,3841.2
12407283485972,284.60008303,8100196352,17023586304,8138104832,92863152128,47.4,1362.1,111,3841.2
12407333480587,284.650077645,7968903168,17023586304,7925215232,93076041728,43.4,1220.6,111,3841.2
12407383478228,284.700075286,7683567616,16588775424,7602139136,93399117824,40.7,1099.6,111,3841.2
12407433510332,284.75010739,8145653760,17041772544,7736066048,93265190912,46.9,1315.2,111,3618.6
12407483484432,284.80008149,7893987328,16790106112,7494819840,93506437120,58.3,1122.5,111,3618.6
12407533492026,284.850089084,7804256256,16700375040,7341785088,93659471872,60.8,1298.7,111,3618.6
12407583490644,284.900087702,7782862848,16715530240,7423172608,93578084352,61.3,1522.6,111,3618.6
12407633484222,284.95008128,8029999104,17005400064,7704944640,93296312320,55.9,1560.5,111,3618.6
12407683481527,285.000078585,7911075840,17005400064,7531278336,93469978624,41.9,1121.5,111,3618.6
12407733514467,285.050111525,7903449088,16822255616,7417327616,93583929344,46.0,1269.6,111,3618.6
12407783483931,285.100080989,8127471616,17023586304,7707598848,93293658112,48.4,1329.9,111,3618.6
12407833479163,285.150076221,7874404352,16781012992,7701401600,93299855360,45.6,1220.7,111,3618.6
12407883488650,285.200085708,8145657856,17041772544,7920742400,93080514560,46.9,1356.3,111,3618.6
12407933481527,285.250078585,7893991424,16790106112,7739334656,93261922304,41.8,1203.1,111,3618.6
12407983481477,285.300078535,7737147392,16633262080,7659855872,93341401088,47.2,1400.3,111,3723.3
12408033484663,285.350081721,7819415552,16715530240,7637663744,93363593216,53.1,1559.0,111,3723.3
12408083490113,285.400087171,8109285376,17005400064,8013639680,92987617280,52.5,1457.5,111,3723.3
12408133492317,285.450089375,7866712064,16762826752,7786397696,93214859264,34.8,1039.2,111,3723.3
12408183491065,285.500088123,8116957184,17023586304,8121401344,92879855616,47.5,1341.9,111,3723.3
12408233475206,285.550072264,8008548352,17023586304,8173301760,92827955200,44.3,1261.6,111,3723.3
12408283481407,285.600078465,7914397696,16840441856,8269795328,92731461632,45.6,1339.1,111,3723.3
12408333509999,285.650107057,8145657856,17041772544,8456097792,92545159168,47.0,1376.4,111,3723.3
12408383483000,285.700080058,7653019648,16588775424,8087216128,92914040832,39.9,1123.8,111,3723.3
12408433517253,285.750114311,7710814208,16606928896,8187973632,92813283328,53.1,1593.3,111,3723.3
12408483496057,285.800093115,7942139904,17005400064,8435957760,92565299200,53.8,1542.9,111,3952.3
12408533492105,285.850089163,8040075264,17005400064,8449376256,92551880704,43.3,1221.2,111,3952.3
12408583527965,285.900125023,7851474944,16822255616,8145125376,92856131584,45.0,1317.9,111,3952.3
12408633484040,285.950081098,8127479808,17023586304,8273723392,92727533568,46.5,1280.9,111,3952.3
12408683483624,286.000080682,7884906496,16781012992,8141361152,92859895808,41.8,1222.5,111,3952.3
12408733486745,286.050083803,8145666048,17041772544,8441802752,92559454208,45.9,1319.3,111,3952.3
12408783483684,286.100080742,7893999616,16790106112,8433537024,92567719936,46.6,1277.8,111,3952.3
12408833482647,286.150079705,7697514496,16633262080,8388214784,92613042176,52.2,1422.5,111,3952.3
12408883491057,286.200088115,7752310784,16648417280,8289124352,92712132608,54.3,1616.4,111,3952.3
12408933499738,286.250096796,8109293568,17005400064,8367333376,92633923584,48.7,1399.4,111,3952.3
12408983486769,286.300083827,7866720256,16762826752,8290680832,92710576128,45.6,1283.8,111,3952.3
12409033485612,286.35008267,8127479808,17023586304,8190173184,92811083776,43.7,1259.1,111,3912.2
12409083491258,286.400088316,7884906496,16781012992,8085295104,92915961856,39.1,1118.9,111,3912.2
12409133487946,286.450085004,8121270272,17041772544,8291704832,92709552128,48.4,1360.0,111,3912.2
12409183480919,286.500077977,8145666048,17041772544,8235110400,92766146560,41.1,1222.2,111,3912.2
12409233482476,286.550079534,7764267008,16700375040,8269688832,92731568128,44.7,1299.6,111,3912.2
12409283498731,286.600095789,7710822400,16606928896,8353812480,92647444480,53.4,1556.8,111,3912.2
12409333501020,286.650098078,7835561984,16804069376,8462450688,92538806272,52.5,1519.6,111,3912.2
12409383489223,286.700086281,8109293568,17005400064,8594583552,92406673408,45.9,1302.8,111,3912.2
12409433481695,286.750078753,7866720256,16762826752,8461946880,92539310080,42.9,1221.8,111,3912.2
12409483477885,286.800074943,8127479808,17023586304,8748335104,92252921856,43.7,1278.8,111,3912.2
12409533493694,286.850090752,7884906496,16781012992,8723820544,92277436416,41.4,1177.3,111,3658.6
12409583480560,286.900077618,8122462208,17041772544,8727949312,92273307648,45.9,1323.4,111,3658.6
12409633477845,286.950074903,8145670144,17041772544,8671023104,92330233856,42.5,1200.5,111,3658.6
12409683474930,287.000071988,7653031936,16588775424,8350527488,92650729472,41.0,1158.7,111,3658.6
12409733482263,287.050079321,7710826496,16606928896,8461139968,92540116992,52.2,1555.8,111,3658.6
12409783480089,287.100077147,7897268224,16804069376,8643956736,92357300224,55.8,1523.6,111,3658.6
12409833480940,287.150077998,8069656576,17005400064,8739586048,92261670912,48.1,1339.5,111,3658.6
12409883481581,287.200078639,7674458112,16570589184,8409284608,92591972352,42.9,1194.4,111,3658.6
12409933505825,287.250102883,8127483904,17023586304,8712863744,92288393216,48.1,1362.8,111,3658.6
12409983483945,287.300081003,7884914688,16781012992,8521502720,92479754240,43.0,1163.5,111,3658.6
12410033484957,287.350082015,8145674240,17041772544,8674525184,92326731776,48.4,1359.4,111,3658.6
12410083490046,287.400087104,7894011904,16790106112,8675299328,92325957632,39.9,1120.3,111,3599.4
12410133482672,287.45007973,7804280832,16700375040,8488730624,92512526336,48.7,1381.4,111,3599.4
12410183491448,287.500088506,7789989888,16715530240,8336998400,92664258560,54.3,1594.4,111,3599.4
12410233486899,287.550083957,7924748288,17005400064,8269647872,92731609088,51.3,1460.5,111,3599.4
12410283497839,287.600094897,7866732544,16762826752,8059596800,92941660160,41.9,1121.3,111,3599.4
12410333490726,287.650087784,8074604544,17023586304,8052887552,92948369408,48.1,1361.9,111,3599.4
12410383480187,287.700077245,8048209920,17023586304,7949668352,93051588608,45.0,1280.0,111,3599.4
12410433490896,287.750087954,7715172352,16639111168,7770255360,93231001600,42.9,1157.9,111,3599.4
12410484077648,287.800674706,8145678336,17041772544,7820832768,93180424192,47.5,1304.8,111,3599.4
12410533498197,287.850095255,7894011904,16790106112,7825219584,93176037376,67.1,1134.3,111,3599.4
12410583493082,287.90009014,7737167872,16633262080,7945469952,93055787008,57.6,1318.6,111,3623.8
12410633489180,287.950086238,7819436032,16715530240,7882244096,93119012864,59.4,1581.0,111,3623.8
12410683480719,288.000077777,8109305856,17005400064,7885340672,93115916288,50.6,1421.2,111,3623.8
12410733480143,288.050077201,7866732544,16762826752,7884980224,93116276736,44.7,1261.3,111,3623.8
12410783481931,288.100078989,8119095296,17023586304,8177348608,92823908352,49.7,1339.7,111,3623.8
12410833498876,288.150095934,8091828224,17023586304,8318500864,92682756096,46.3,1257.2,111,3623.8
12410883480858,288.200077916,7765999616,16781012992,7970451456,93030805504,42.7,1183.8,111,3623.8
12410933496111,288.250093169,8145682432,17041772544,8114950144,92886306816,45.1,1254.0,111,3623.8
12410983485516,288.300082574,7894016000,16790106112,7826690048,93174566912,43.4,1203.0,111,3623.8
12411033483317,288.350080375,7697530880,16633262080,7555866624,93445390336,47.5,1321.0,111,3623.8
12411083485606,288.400082664,7752327168,16715530240,7514836992,93486419968,53.7,1572.2,111,3623.8
12411133487203,288.450084261,8109309952,17005400064,7799980032,93201276928,49.0,1387.0,111,3823.0
12411183499811,288.500096869,7866736640,16762826752,7557414912,93443842048,43.8,1218.3,111,3823.0
12411233497462,288.55009452,7966007296,17023586304,7607828480,93393428480,44.7,1238.4,111,3823.0
12411283494250,288.600091308,7875829760,16822255616,7462805504,93538451456,39.6,1102.8,111,3823.0
12411333490047,288.650087105,7876984832,16840441856,7403606016,93597650944,44.9,1259.4,111,3823.0
12411383484021,288.700081079,8145682432,17041772544,7627075584,93374181376,45.2,1260.8,111,3823.0
12411433481471,288.750078529,7753498624,16790106112,7267729408,93733527552,42.5,1221.3,111,3823.0
12411483484224,288.800081282,7710838784,16606928896,7122190336,93879066624,50.6,1418.0,111,3823.0
12411533481528,288.850078586,7712690176,16648417280,7107223552,93894033408,53.5,1540.4,111,3823.0
12411583488651,288.900085709,8109314048,17005400064,7395463168,93605793792,47.5,1339.4,111,3823.0
12411633495633,288.950092691,7866740736,16762826752,7156768768,93844488192,43.1,1217.7,111,3595.3
12411683485384,289.000082442,7943843840,17023586304,7265665024,93735591936,41.0,1123.0,111,3595.3
12411733639284,289.050236342,7884931072,16781012992,7159595008,93841661952,41.1,1154.6,111,3595.3
12411783494300,289.100091358,8096239616,17041772544,7347195904,93654061056,50.0,1359.2,111,3595.3
12411833487727,289.150084785,8145690624,17041772544,7350550528,93650706432,43.9,1165.8,111,3595.3
12411883486114,289.200083172,7735459840,16790106112,6954352640,94046904320,39.4,1138.1,111,3595.3
12411933485112,289.25008217,7710846976,16606928896,6848036864,94153220096,49.7,1460.3,111,3595.3
12411983485803,289.300082861,7752335360,16648417280,6885445632,94115811328,52.2,1539.9,111,3595.3
12412033488878,289.350085936,8109318144,17005400064,7160008704,93841248256,46.9,1358.7,111,3595.3
12412083487916,289.400084974,7866744832,16762826752,6920024064,94081232896,39.9,1141.5,111,3595.3
12412133494988,289.450092046,8088944640,17023586304,7131598848,93869658112,43.1,1256.7,111,3595.3
12412183489528,289.500086586,8119103488,17023586304,7146221568,93855035392,41.2,1180.7,111,3395.3
12412233481733,289.550078791,7861854208,16781012992,6911033344,94090223616,41.9,1202.1,111,3395.3
12412283490399,289.600087457,8145690624,17041772544,7084699648,93916557312,40.6,1159.7,111,3395.3
12412333490008,289.650087066,7894024192,16790106112,6849359872,94151897088,35.4,1000.3,111,3395.3
12412383485248,289.700082306,7802290176,16700375040,6741925888,94259331072,44.1,1221.1,111,3395.3
12412433484867,289.750081925,7710846976,16606928896,6602809344,94398447616,50.6,1519.1,111,3395.3
12412483485361,289.800082419,7752335360,16648417280,6677643264,94323613696,51.0,1521.8,111,3395.3
12412533489533,289.850086591,8109318144,17005400064,7018782720,93982474240,46.0,1357.6,111,3395.3
12412583488396,289.900085454,7866744832,16762826752,6779056128,94222200832,39.2,1159.4,111,3395.3
12412633480576,289.950077634,8112816128,17023586304,7034040320,93967216640,41.8,1183.1,111,3395.3
12412683480059,290.000077117,8049897472,17023586304,6989176832,94012080128,41.2,1160.3,111,3395.3
12412733474824,290.050071882,7805648896,16781012992,6716678144,94284578816,39.4,1141.2,111,3635.7
12412783484877,290.100081935,8145694720,17041772544,7006724096,93994532864,41.4,1177.8,111,3635.7
12412833495701,290.150092759,7894028288,16790106112,6998085632,94003171328,42.9,1117.6,111,3635.7
12412883494053,290.200091111,7737184256,16633262080,7165558784,93835698176,50.6,1460.4,111,3635.7
12412933487165,290.250084223,7752339456,16715530240,7224393728,93776863232,52.6,1544.1,111,3635.7
12412983484534,290.300081592,8109326336,17005400064,7538954240,93462302720,51.2,1497.1,111,3635.7
12413033487284,290.350084342,7866753024,16762826752,7454674944,93546582016,43.8,1259.6,111,3635.7
12413083493630,290.400090688,8127512576,17023586304,7775113216,93226143744,45.6,1300.4,111,3635.7
12413133499445,290.450096503,7884939264,16781012992,7775887360,93225369600,41.0,1199.9,111,3635.7
12413183505190,290.500102248,8072499200,17041772544,7986438144,93014818816,46.9,1359.4,111,3635.7
12413233487322,290.55008438,8066416640,17041772544,8091713536,92909543424,44.9,1282.9,111,3654.1
12413283483229,290.600080287,7798009856,16700375040,7934046208,93067210752,41.4,1240.8,111,3654.1
12413333476591,290.650073649,7665426432,16561496064,7976624128,93024632832,51.9,1514.5,111,3654.1
12413383475814,290.700072872,8069689344,17005400064,8436465664,92564791296,53.2,1545.9,111,3654.1
12413433473815,290.750070873,7866757120,16762826752,8429486080,92571770880,42.1,1201.4,111,3654.1
12413483481386,290.800078444,7899869184,16822255616,8524951552,92476305408,44.9,1317.0,111,3654.1
12413533493688,290.850090746,8127516672,17023586304,8657186816,92344070144,47.2,1380.3,111,3654.1
12413583475343,290.900072401,7845302272,16781012992,8552321024,92448935936,41.2,1161.8,111,3654.1
12413633492524,290.950089582,8145702912,17041772544,8467939328,92533317632,44.4,1295.0,111,3654.1
12413683490871,291.000087929,7894036480,16790106112,8256245760,92745011200,42.7,1201.2,111,3654.1
12413733485941,291.050082999,7710859264,16606928896,8329216000,92672040960,49.1,1458.5,111,3654.1
12413783483105,291.100080163,7685234688,16648417280,8217997312,92783259648,55.3,1543.5,111,3693.8
12413833493053,291.150090111,8109330432,17005400064,8490557440,92510699520,49.1,1354.8,111,3693.8
12413883494074,291.200091132,7866757120,16762826752,8450560000,92550696960,44.7,1183.9,111,3693.8
12413933487782,291.25008484,8127516672,17023586304,8758153216,92243103744,49.1,1400.4,111,3693.8
12413983489384,291.300086442,7884947456,16781012992,8524877824,92476379136,41.0,1138.5,111,3693.8
12414033480617,291.350077675,8143032320,17041772544,8641634304,92359622656,44.2,1242.6,111,3693.8
12414083481629,291.400078687,7947501568,17041772544,8436355072,92564901888,42.5,1200.8,111,3693.8
12414133480836,291.450077894,7764668416,16700375040,8284622848,92716634112,43.8,1219.7,111,3693.8
12414183492126,291.500089184,7710863360,16606928896,8133664768,92867592192,54.0,1536.9,111,3693.8
12414233479813,291.550076871,7705649152,16602738688,8129122304,92872134656,53.1,1543.0,111,3693.8
12414283488829,291.600085887,8109334528,17005400064,8458924032,92542332928,48.8,1395.5,111,3451.9
12414333481986,291.650079044,7827120128,16762826752,8459423744,92541833216,45.2,1223.1,111,3451.9
12414383493336,291.700090394,8127520768,17023586304,8772694016,92228562944,49.7,1398.1,111,3451.9
12414433485581,291.750082639,7884947456,16781012992,8538386432,92462870528,44.9,1280.9,111,3451.9
12414483491243,291.800088301,8145707008,17041772544,8544071680,92457185280,42.5,1237.1,111,3451.9
12414533489765,291.850086823,7894040576,16790106112,8300216320,92701040640,43.4,1180.9,111,3451.9
12414583496491,291.900093549,7737196544,16633262080,8069185536,92932071424,49.7,1361.6,111,3451.9
12414633485115,291.950082173,7752351744,16715530240,7957192704,93044064256,55.1,1582.8,111,3451.9
12414683487042,292.0000841,8109334528,17005400064,8309972992,92691283968,51.0,1438.3,111,3451.9
12414733489290,292.050086348,7866761216,16762826752,8309972992,92691283968,39.4,1079.0,111,3451.9
12414783482812,292.10007987,8008597504,17023586304,8378089472,92623167488,49.4,1362.0,111,3451.9
12414833480482,292.15007754,7886553088,16822255616,8118185984,92883070976,42.0,1121.1,111,3828.0
12414883500884,292.200097942,7959834624,17041772544,8074027008,92927229952,46.3,1276.9,111,3828.0
12414933484408,292.250081466,8106074112,17041772544,8178278400,92822978560,44.7,1261.3,111,3828.0
12414983487518,292.300084576,7670091776,16566149120,7692836864,93308420096,40.7,1146.5,111,3828.0
12415033485989,292.350083047,7671230464,16606928896,7882244096,93119012864,53.8,1538.8,111,3828.0
12415083498927,292.400095985,8055103488,17005400064,8291250176,92710006784,54.6,1549.4,111,3828.0
12415133489564,292.450086622,7916392448,17005400064,8284749824,92716507136,46.8,1289.2,111,3828.0
12415183481263,292.500078321,8121597952,17023586304,8586924032,92414332928,50.3,1420.1,111,3828.0
12415233484473,292.550081531,8127528960,17023586304,8660983808,92340273152,43.6,1195.5,111,3828.0
12415283495838,292.600092896,7802236928,16840441856,8641372160,92359884800,48.1,1361.0,111,3828.0
12415333487337,292.650084395,8145715200,17041772544,8779685888,92221571072,47.2,1301.4,111,3519.6
12415383484466,292.700081524,7650414592,16546340864,8295796736,92705460224,45.0,1242.5,111,3519.6
12415433476425,292.750073483,7694098432,16606928896,8217452544,92783804416,52.6,1520.9,111,3519.6
12415483479017,292.800076075,7691538432,16648417280,8179519488,92821737472,54.0,1558.3,111,3519.6
12415533493202,292.85009026,8109342720,17005400064,8266211328,92735045632,47.8,1357.4,111,3519.6
12415583484815,292.900081873,7866769408,16762826752,8025968640,92975288320,44.9,1202.1,111,3519.6
12415633492689,292.950089747,8127528960,17023586304,8021323776,92979933184,46.6,1317.8,111,3519.6
12415683497557,293.000094615,7884955648,16781012992,7783387136,93217869824,43.0,1199.1,111,3519.6
12415733488629,293.050085687,7987150848,17041772544,7757565952,93243691008,44.6,1263.3,111,3519.6
12415783481105,293.100078163,7980027904,17041772544,7656538112,93344718848,43.7,1160.0,111,3519.6
12415833484780,293.150081838,7804313600,16700375040,7675088896,93326168064,46.6,1219.7,111,3519.6
12415883477146,293.200074204,7710871552,16606928896,7520358400,93480898560,52.8,1519.1,111,3685.8
12415933502781,293.250099839,7775666176,16804069376,7456878592,93544378368,52.8,1594.3,111,3685.8
12415983510204,293.300107262,8109346816,17005400064,7658414080,93342842880,44.4,1261.4,111,3685.8
12416033483825,293.350080883,7749324800,16762826752,7335854080,93665402880,42.9,1284.4,111,3685.8
12416083478484,293.400075542,8127533056,17023586304,7469780992,93531475968,41.0,1140.8,111,3685.8
12416133488952,293.45008601,7884959744,16781012992,7231967232,93769289728,40.0,1176.5,111,3685.8
12416183481818,293.500078876,7947513856,17041772544,7268450304,93732806656,41.1,1203.6,111,3685.8
12416233477670,293.550074728,7904747520,16840441856,7164919808,93836337152,39.0,1120.3,111,3685.8
12416283480564,293.600077622,7766568960,16700375040,7018131456,93983125504,43.1,1239.3,111,3685.8
12416333482386,293.650079444,7671238656,16606928896,6798016512,94203240448,52.2,1518.6,111,3685.8
12416383497353,293.700094411,7881252864,16804069376,6930911232,94070345728,53.4,1595.3,111,3852.7
12416433486302,293.75008336,8109355008,17005400064,7129337856,93871919104,41.7,1183.3,111,3852.7
12416483482266,293.800079324,7866781696,16762826752,6887804928,94113452032,42.8,1240.9,111,3852.7
12416533496746,293.850093804,8127541248,17023586304,7049908224,93951348736,40.1,1137.9,111,3852.7
12416583508381,293.900105439,7884967936,16781012992,6808363008,94192893952,33.5,1015.8,111,3852.7
12416633497055,293.950094113,7871148032,16840441856,6762946560,94238310400,46.3,1266.3,111,3852.7
12416683492310,294.000089368,8145727488,17041772544,7009488896,93991768064,42.5,1218.1,111,3852.7
12416733481233,294.050078291,7854419968,16790106112,6746288128,94254968832,39.9,1163.6,111,3852.7
12416783482509,294.100079567,7737217024,16633262080,6582579200,94418677760,46.3,1319.7,111,3852.7
12416833489456,294.150086514,7819485184,16715530240,6609178624,94392078336,63.6,1576.8,111,3852.7
12416883481285,294.200078343,8030072832,17005400064,6862581760,94138675200,75.8,1521.9,111,3852.7
12416933483222,294.25008028,8100954112,17005400064,6856904704,94144352256,47.2,1119.6,111,3405.9
12416983482044,294.300079102,7787499520,16762826752,6540513280,94460743680,44.9,1221.4,111,3405.9
12417033484092,294.35008115,8127541248,17023586304,6788222976,94213033984,39.9,1139.4,111,3405.9
12417083622137,294.400219195,7884967936,16781012992,6548754432,94452502528,41.0,1196.0,111,3405.9
12417133481565,294.450078623,7987167232,17041772544,6648729600,94352527360,41.8,1225.3,111,3405.9
12417183494903,294.500091961,7987171328,17041772544,6598324224,94402932736,40.4,1157.1,111,3405.9
12417233489697,294.550086755,7799762944,16700375040,6378893312,94622363648,39.9,1120.8,111,3405.9
12417283482468,294.600079526,7710896128,16606928896,6256836608,94744420352,52.5,1541.8,111,3405.9
12417333534366,294.650131424,7650439168,16581304320,6226386944,94774870016,53.2,1558.1,111,3405.9
12417383488236,294.700085294,8109367296,17005400064,6625587200,94375669760,42.8,1279.4,111,3405.9
12417433491195,294.750088253,7866793984,16762826752,6389383168,94611873792,41.1,1181.1,111,3660.5
12417483500649,294.800097707,8024784896,17023586304,6580490240,94420766720,42.1,1260.8,111,3660.5
12417533480301,294.850077359,8070918144,17023586304,6581657600,94419599360,38.1,1080.7,111,3660.5
12417583483526,294.900080584,7805698048,16781012992,6316900352,94684356608,38.6,1099.2,111,3660.5
12417633489074,294.950086132,8145739776,17041772544,6603063296,94398193664,43.2,1236.8,111,3660.5
12417683485026,295.000082084,7894073344,16790106112,6363316224,94637940736,36.2,1020.5,111,3660.5
12417733482540,295.050079598,7804342272,16700375040,6232866816,94768390144,42.0,1223.0,111,3660.5
12417783481777,295.100078835,7671255040,16606928896,6083715072,94917541888,52.8,1539.2,111,3660.5
12417833503165,295.150100223,7685275648,16581304320,6104616960,94896640000,55.0,1540.0,111,3660.5
12417883486874,295.200083932,8109371392,17005400064,6495932416,94505324544,45.3,1279.6,111,3660.5
12417933487694,295.250084752,7866798080,16762826752,6252752896,94748504064,37.0,999.0,111,3660.5
12417983494916,295.300091974,7978405888,17023586304,6370422784,94630834176,46.3,1293.8,111,3970.8
12418033487020,295.350084078,8127561728,17023586304,6502277120,94498979840,43.7,1207.1,111,3970.8
12418083480226,295.400077284,7845347328,16781012992,6235291648,94765965312,42.7,1200.0,111,3970.8
12418133499400,295.450096458,8145747968,17041772544,6538240000,94463016960,41.0,1197.0,111,3970.8
12418183508084,295.500105142,7894081536,16790106112,6298513408,94702743552,40.0,1100.3,111,3970.8
12418233485632,295.55008269,7804350464,16700375040,6190391296,94810865664,45.2,1282.7,111,3970.8
12418283494607,295.600091665,7693656064,16648417280,6050271232,94950985728,54.4,1557.7,111,3970.8
12418333490198,295.650087256,7803154432,16804069376,6171541504,94829715456,53.7,1521.9,111,3970.8
12418383489144,295.700086202,8109375488,17005400064,6509584384,94491672576,42.0,1220.2,111,3970.8
12418433489714,295.750086772,7866802176,16762826752,6266044416,94735212544,38.0,1039.3,111,3970.8
12418483481491,295.800078549,8048279552,17023586304,6503792640,94497464320,44.6,1262.4,111,3970.8
12418533479310,295.850076368,8048279552,17023586304,6445215744,94556041216,41.2,1139.9,111,3466.4
12418583480666,295.900077724,7686782976,16781012992,6089871360,94911385600,39.0,1119.8,111,3466.4
12418633499193,295.950096251,8145747968,17041772544,6495780864,94505476096,46.2,1275.9,111,3466.4
12418683488878,296.000085936,7894081536,16790106112,6252699648,94748557312,42.5,1121.3,111,3466.4
12418733490615,296.050087673,7737237504,16633262080,6120927232,94880329728,47.2,1340.8,111,3466.4
12418783491369,296.100088427,7819505664,16715530240,6183632896,94817624064,56.6,1635.9,111,3466.4
12418833484701,296.150081759,7966760960,17005400064,6401900544,94599356416,51.3,1444.0,111,3466.4
12418883478854,296.200075912,7911170048,17005400064,6299131904,94702125056,40.6,1100.6,111,3466.4
12418933487332,296.25008439,7688536064,16762826752,6052179968,94949076992,41.2,1119.2,111,3466.4
12418983489510,296.300086568,8127561728,17023586304,6452154368,94549102592,43.0,1240.2,111,3466.4
12419033483683,296.350080741,7884988416,16781012992,6404747264,94596509696,45.6,1280.4,111,3566.7
12419083486702,296.40008376,7947546624,17041772544,6514708480,94486548480,39.0,1135.9,111,3566.7
12419133487437,296.450084495,7894085632,16790106112,6417682432,94583574528,41.4,1144.4,111,3566.7
12419183483373,296.500080431,7804354560,16700375040,6358937600,94642319360,48.4,1379.2,111,3566.7
12419233487844,296.550084902,7751168000,16648417280,6292103168,94709153792,54.0,1540.1,111,3566.7
12419283505730,296.600102788,8068153344,17005400064,6618791936,94382465024,53.8,1592.4,111,3566.7
12419333478174,296.650075232,8109383680,17005400064,6654590976,94346665984,42.7,1187.6,111,3566.7
12419383475552,296.70007261,7858413568,16762826752,6415380480,94585876480,39.5,1100.1,111,3566.7
12419433490273,296.750087331,8127569920,17023586304,6665170944,94336086016,44.7,1216.5,111,3566.7
12419483494437,296.800091495,7884996608,16781012992,6422986752,94578270208,37.1,1077.9,111,3566.7
12419533488744,296.850085802,7937884160,16840441856,6475444224,94525812736,45.5,1263.9,111,3859.1
12419583493612,296.90009067,8145760256,17041772544,6688063488,94313193472,44.7,1239.9,111,3859.1
12419633483932,296.95008099,7775170560,16790106112,6351577088,94649679872,41.9,1180.7,111,3859.1
12419683498587,297.000095645,7693484032,16590151680,6240096256,94761160704,49.1,1395.1,111,3859.1
12419733488387,297.050085445,7752404992,16648417280,6291963904,94709293056,54.4,1543.2,111,3859.1
12419783494457,297.100091515,8109387776,17005400064,6649384960,94351872000,49.7,1359.9,111,3859.1
12419833498071,297.150095129,7866814464,16762826752,6410563584,94590693376,41.9,1100.1,111,3859.1
12419883499041,297.200096099,8032198656,17023586304,6542237696,94459019264,44.3,1316.7,111,3859.1
12419933489923,297.250086981,8127574016,17023586304,6628167680,94373089280,41.4,1163.4,111,3859.1
12419983481516,297.300078574,7845146624,16781012992,6350925824,94650331136,41.2,1179.6,111,3859.1
12420033490541,297.350087599,8145760256,17041772544,6667034624,94334222336,40.8,1239.4,111,3565.9
12420083488636,297.400085694,7894093824,16790106112,6420410368,94580846592,37.1,1020.6,111,3565.9
12420133487402,297.45008446,7804362752,16700375040,6336299008,94664957952,45.6,1359.5,111,3565.9
12420183492409,297.500089467,7805493248,16715530240,6338338816,94662918144,53.1,1579.5,111,3565.9
12420233495192,297.55009225,8032952320,17005400064,6555099136,94446157824,52.8,1555.9,111,3565.9
12420283490101,297.600087159,8109387776,17005400064,6643351552,94357905408,40.9,1182.4,111,3565.9
12420333480322,297.65007738,7827177472,16762826752,6386212864,94615044096,40.0,1122.5,111,3565.9
12420383484177,297.700081235,8127578112,17023586304,6632390656,94368866304,40.4,1198.1,111,3565.9
12420433490557,297.750087615,7885004800,16781012992,6405500928,94595756032,37.9,1058.6,111,3565.9
12420483498152,297.80009521,8079474688,17041772544,6576939008,94424317952,43.0,1261.5,111,3565.9
12420533490722,297.85008778,8145764352,17041772544,6640934912,94360322048,40.7,1159.9,111,3354.5
12420583482800,297.900079858,7653126144,16588775424,6640934912,94360322048,38.3,1123.3,111,3354.5
12420633487482,297.95008454,7710920704,16606928896,6826729472,94174527488,54.3,1537.8,111,3354.5
12420683489979,298.000087037,7748939776,16804069376,6994452480,94006804480,54.1,1578.2,111,3354.5
12420733491265,298.050088323,8109391872,17005400064,7304261632,93696995328,46.0,1281.6,111,3354.5
12420783478745,298.100075803,7866818560,16762826752,7304482816,93696774144,45.3,1260.3,111,3354.5
12420833504245,298.150101303,8127578112,17023586304,7796064256,93205192704,48.8,1377.5,111,3354.5
12420883491995,298.200089053,7885004800,16781012992,7787806720,93213450240,46.9,1280.2,111,3354.5
12420933498791,298.250095849,8145764352,17041772544,8091267072,92909989888,47.2,1437.4,111,3354.5
12420983493354,298.300090412,7894097920,16790106112,8058236928,92943020032,44.9,1284.1,111,3354.5
12421033500731,298.350097789,7670140928,16633262080,8009449472,92991807488,50.3,1418.1,111,3703.3
12421083488612,298.40008567,7714656256,16648417280,8167526400,92833730560,53.1,1581.5,111,3703.3
12421133495958,298.450093016,8109395968,17005400064,8554856448,92446400512,49.4,1417.8,111,3703.3
12421183482857,298.500079915,7711625216,16762826752,8509534208,92491722752,45.3,1303.5,111,3703.3
12421233500903,298.550097961,8127582208,17023586304,8935055360,92066201600,48.8,1392.4,111,3703.3
12421283483455,298.600080513,7805726720,16781012992,8802709504,92198547456,45.5,1326.9,111,3703.3
12421333485391,298.650082449,8145768448,17041772544,8931475456,92069781504,48.1,1359.5,111,3703.3
12421383478882,298.70007594,7653130240,16588775424,8685174784,92316082176,44.0,1281.5,111,3703.3
12421433484496,298.750081554,7710924800,16606928896,8586600448,92414656512,52.5,1517.6,111,3703.3
12421483478090,298.800075148,7705616384,16602738688,8586801152,92414455808,52.5,1579.3,111,3703.3
12421533492925,298.850089983,8109395968,17005400064,8889942016,92111314944,47.5,1319.4,111,3703.3
12421583482183,298.900079241,7847940096,16762826752,8881942528,92119314432,44.2,1322.8,111,3667.8
12421633509270,298.950106328,8127586304,17023586304,9052045312,91949211648,45.3,1293.2,111,3667.8
12421683483351,299.000080409,7885012992,16781012992,8899022848,92102234112,46.2,1286.8,111,3667.8
12421733486505,299.050083563,8145772544,17041772544,9291509760,91709747200,45.9,1318.7,111,3667.8
12421783481744,299.100078802,7894106112,16790106112,9291509760,91709747200,48.1,1361.0,111,3667.8
